model,scenario,category,imp,ghg_2030,ghg_2050,cut_2030,cut_2040,cut_2050,netzero_co2,cumulative_co2,peak_warming,warming_2100
AIM/CGE 2.0,SSP1-26,C3,non-IMP,39.070,19.422,26.158,51.323,63.293,2090,945.615,1.703,1.610
AIM/CGE 2.0,SSP1-34,C5,non-IMP,48.126,35.686,9.340,20.874,32.776,,1774.371,2.099,2.090
AIM/CGE 2.0,SSP1-45,C6,non-IMP,55.876,53.256,-6.479,-10.480,-1.485,,2473.615,2.667,2.664
AIM/CGE 2.0,SSP1-Baseline,C7,non-IMP,60.519,61.801,-9.061,-12.549,-11.371,,2994.687,3.397,3.397
AIM/CGE 2.0,SSP4-26,C3,non-IMP,41.594,20.406,28.177,52.314,64.763,2077,982.208,1.631,1.524
AIM/CGE 2.0,SSP4-34,C5,non-IMP,50.964,35.886,12.460,24.742,38.359,,1815.229,2.022,2.017
AIM/CGE 2.0,SSP4-45,C6,non-IMP,59.826,53.194,-2.829,-3.262,8.570,,2650.456,2.501,2.501
AIM/CGE 2.0,SSP4-Baseline,C7,non-IMP,66.692,67.188,-13.761,-17.959,-14.607,,3401.566,3.325,3.325
AIM/CGE 2.1,CD-LINKS_INDC2030i_1600,C5,non-IMP,52.282,24.561,8.756,48.595,57.135,,1265.536,2.139,2.139
AIM/CGE 2.1,CD-LINKS_INDCi,C7,non-IMP,53.252,58.834,6.792,0.781,-2.979,,3539.098,3.342,3.342
AIM/CGE 2.1,CD-LINKS_NDC2030i_1000,C4,non-IMP,53.469,14.361,6.595,50.014,74.913,2057,806.542,1.857,1.820
AIM/CGE 2.1,CD-LINKS_NPi2020_1000,C3,non-IMP,33.492,14.788,40.893,65.967,73.901,2064,679.396,1.640,1.598
AIM/CGE 2.1,CD-LINKS_NPi2020_1600,C5,non-IMP,36.637,27.604,35.861,45.311,51.675,,1352.746,2.167,2.167
AIM/CGE 2.1,CD-LINKS_NPi2020_400,C1,non-IMP,31.254,0.264,44.887,75.833,99.535,2046,508.452,1.558,1.236
AIM/CGE 2.1,CO_Bridge,C3,non-IMP,40.977,15.420,27.571,51.479,72.744,,938.700,1.638,1.538
AIM/CGE 2.1,CO_CurPol,C7,non-IMP,61.978,67.373,-9.265,-16.139,-18.777,,3781.292,3.406,3.406
AIM/CGE 2.2,EN_INDCi2030_1000f,C3,non-IMP,55.841,25.494,3.937,42.982,56.143,2067,1160.103,1.834,1.677
AIM/CGE 2.2,EN_INDCi2030_1200,C4,non-IMP,55.854,26.379,3.915,42.274,54.620,2070,1194.415,1.851,1.784
AIM/CGE 2.2,EN_INDCi2030_1200f,C4,non-IMP,55.881,30.371,3.838,37.857,47.738,2073,1317.275,1.900,1.778
AIM/CGE 2.2,EN_INDCi2030_1400,C4,non-IMP,55.861,32.166,3.876,35.476,44.650,2075,1398.958,1.938,1.891
AIM/CGE 2.2,EN_INDCi2030_1400f,C4,non-IMP,55.858,34.513,3.877,31.656,40.608,2079,1506.184,1.987,1.898
AIM/CGE 2.2,EN_INDCi2030_1600,C5,non-IMP,55.858,35.865,3.881,28.979,38.284,2085,1579.611,2.019,1.989
AIM/CGE 2.2,EN_INDCi2030_1600f,C5,non-IMP,55.858,37.144,3.881,26.359,36.083,2084,1646.298,2.052,2.006
AIM/CGE 2.2,EN_INDCi2030_1800,C5,non-IMP,55.858,39.181,3.881,22.490,32.579,,1782.943,2.117,2.093
AIM/CGE 2.2,EN_INDCi2030_1800f,C5,non-IMP,55.858,39.181,3.881,22.490,32.579,,1782.943,2.117,2.093
AIM/CGE 2.2,EN_INDCi2030_800f,C3,non-IMP,55.847,17.274,3.916,44.468,70.280,2060,1022.532,1.796,1.585
AIM/CGE 2.2,EN_INDCi2030_900f,C3,non-IMP,55.841,22.297,3.937,44.439,61.644,2064,1085.094,1.807,1.627
AIM/CGE 2.2,EN_INDCi2100,C6,non-IMP,57.287,48.033,1.650,8.009,17.537,,2366.415,2.520,2.520
AIM/CGE 2.2,EN_NPi2020_1000,C3,non-IMP,37.453,25.094,35.546,43.871,56.815,2070,983.225,1.741,1.684
AIM/CGE 2.2,EN_NPi2020_1000f,C3,non-IMP,40.739,29.979,29.896,36.748,48.411,2074,1187.548,1.831,1.687
AIM/CGE 2.2,EN_NPi2020_1200,C3,non-IMP,40.258,29.408,30.725,37.592,49.396,2075,1166.466,1.825,1.774
AIM/CGE 2.2,EN_NPi2020_1200f,C4,non-IMP,42.855,32.524,26.253,33.023,44.031,2078,1326.717,1.895,1.804
AIM/CGE 2.2,EN_NPi2020_1400,C4,non-IMP,43.454,33.307,25.226,31.896,42.687,2080,1378.918,1.920,1.886
AIM/CGE 2.2,EN_NPi2020_1400f,C4,non-IMP,44.445,34.454,23.517,30.242,40.711,2082,1443.752,1.951,1.888
AIM/CGE 2.2,EN_NPi2020_1600,C5,non-IMP,46.395,36.689,20.165,27.022,36.866,2090,1596.281,2.030,2.004
AIM/CGE 2.2,EN_NPi2020_1600f,C5,non-IMP,46.395,36.689,20.165,27.022,36.866,2088,1594.057,2.030,1.999
AIM/CGE 2.2,EN_NPi2020_1800,C5,non-IMP,47.832,38.488,17.692,24.426,33.772,,1762.509,2.095,2.083
AIM/CGE 2.2,EN_NPi2020_1800f,C5,non-IMP,47.832,38.488,17.692,24.426,33.772,,1762.509,2.095,2.083
AIM/CGE 2.2,EN_NPi2020_300f,C1,non-IMP,33.717,11.386,41.981,61.699,80.406,2055,649.080,1.609,1.303
AIM/CGE 2.2,EN_NPi2020_400f,C2,non-IMP,34.037,15.165,41.424,56.419,73.901,2059,719.666,1.635,1.364
AIM/CGE 2.2,EN_NPi2020_500f,C2,non-IMP,34.862,18.837,40.005,52.182,67.583,2062,793.079,1.663,1.416
AIM/CGE 2.2,EN_NPi2020_600,C1,non-IMP,33.708,7.298,42.012,68.722,87.446,2055,594.521,1.587,1.479
AIM/CGE 2.2,EN_NPi2020_600f,C2,non-IMP,35.911,22.034,38.199,48.299,62.080,2064,870.700,1.692,1.469
AIM/CGE 2.2,EN_NPi2020_700,C3,non-IMP,33.731,12.704,41.951,59.983,78.137,2060,681.466,1.619,1.525
AIM/CGE 2.2,EN_NPi2020_700f,C3,non-IMP,37.135,24.372,36.092,44.885,58.057,2067,949.288,1.724,1.527
AIM/CGE 2.2,EN_NPi2020_800,C3,non-IMP,34.496,17.584,40.635,53.531,69.740,2060,775.298,1.656,1.577
AIM/CGE 2.2,EN_NPi2020_800f,C3,non-IMP,38.311,26.337,34.076,42.101,54.681,2069,1028.754,1.757,1.578
AIM/CGE 2.2,EN_NPi2020_900,C3,non-IMP,35.907,22.029,38.207,48.305,62.090,2065,879.065,1.695,1.632
AIM/CGE 2.2,EN_NPi2020_900f,C3,Neg-2.0,39.565,28.237,31.917,39.291,51.410,2072,1106.869,1.790,1.630
AIM/CGE 2.2,EN_NPi2100,C7,non-IMP,67.077,76.705,-15.157,-25.955,-31.686,,4637.772,3.924,3.924
AIM/Hub-Global 2.0,1.5C,C1,non-IMP,32.893,8.449,42.928,75.817,85.340,2054,555.009,1.543,1.252
AIM/Hub-Global 2.0,2.5C,C6,non-IMP,57.928,51.553,-0.835,-3.195,10.261,,2619.965,2.550,2.550
AIM/Hub-Global 2.0,2C,C5,non-IMP,47.956,35.541,16.517,26.607,38.130,,1793.872,2.068,2.067
AIM/Hub-Global 2.0,Baseline,C7,non-IMP,64.622,69.520,-11.670,-18.735,-20.133,,4067.199,3.631,3.631
AIM/Hub-Global 2.0,WB2C,C3,non-IMP,34.822,21.961,39.567,56.121,61.886,2079,956.130,1.656,1.545
C-ROADS-5.005,Ratchet-1.5-allCDR,C2,non-IMP,46.773,11.627,13.075,51.186,78.392,2054,721.054,1.734,1.304
C-ROADS-5.005,Ratchet-1.5-limCDR,C2,non-IMP,39.377,8.357,26.502,61.312,84.401,2051,623.369,1.654,1.336
C-ROADS-5.005,Ratchet-1.5-limCDR-noOS,C1,non-IMP,23.569,-3.202,55.944,93.231,105.986,2037,331.082,1.505,1.117
C-ROADS-5.005,Ratchet-1.5-noCDR,C1,non-IMP,32.401,4.351,39.564,78.202,91.884,2044,473.235,1.585,1.339
C-ROADS-5.005,Ratchet-1.5-noCDR-noOS,C1,non-IMP,21.514,3.032,59.821,88.983,94.338,2037,317.010,1.496,1.247
C-ROADS-5.005,Reference,C8,non-IMP,68.674,89.323,-19.510,-37.906,-55.445,,6016.054,4.466,4.466
COFFEE 1.1,CO_2Deg2020,C4,non-IMP,46.791,29.010,13.291,28.514,46.242,2067,1047.276,1.900,1.604
COFFEE 1.1,CO_2Deg2030,C4,non-IMP,51.243,28.223,5.041,28.932,47.700,2067,1063.616,1.914,1.614
COFFEE 1.1,CO_BAU,C7,non-IMP,58.672,67.535,-7.938,-15.669,-24.242,,4421.107,3.244,3.244
COFFEE 1.1,CO_Bridge,C3,non-IMP,38.882,25.888,28.354,32.298,52.297,2071,949.227,1.834,1.607
COFFEE 1.1,CO_CurPol,C6,non-IMP,56.963,55.382,-5.130,-5.159,-2.212,,3562.707,2.941,2.941
COFFEE 1.1,CO_GPP,C5,non-IMP,39.125,32.910,27.447,27.768,38.972,,1861.140,2.226,2.226
COFFEE 1.1,CO_NDCplus,C6,non-IMP,52.566,51.841,2.924,2.539,4.262,,3142.975,2.814,2.814
COFFEE 1.1,EN_INDCi2030_1000,C4,non-IMP,51.987,26.592,3.981,30.056,50.885,2085,1044.363,1.912,1.821
COFFEE 1.1,EN_INDCi2030_1000_NDCp,C4,non-IMP,48.500,26.456,9.711,30.334,50.749,2085,1025.216,1.884,1.839
COFFEE 1.1,EN_INDCi2030_1000f,C5,non-IMP,51.290,37.672,4.922,19.873,30.167,2074,1331.535,2.031,1.787
COFFEE 1.1,EN_INDCi2030_1200,C4,non-IMP,52.077,32.341,3.852,25.016,40.290,2090,1233.062,1.980,1.911
COFFEE 1.1,EN_INDCi2030_1200f,C5,non-IMP,50.623,39.481,6.270,18.432,26.899,2078,1482.829,2.071,1.855
COFFEE 1.1,EN_INDCi2030_1400,C5,non-IMP,50.602,38.088,6.306,19.947,29.475,2090,1435.202,2.044,1.986
COFFEE 1.1,EN_INDCi2030_1400f,C5,non-IMP,51.580,42.636,4.947,14.801,21.429,2081,1628.959,2.175,2.015
COFFEE 1.1,EN_INDCi2030_1600,C5,non-IMP,50.595,40.983,6.325,17.060,24.120,2095,1632.662,2.129,2.088
COFFEE 1.1,EN_INDCi2030_1600f,C5,non-IMP,51.678,42.942,4.694,13.715,20.805,2084,1766.988,2.208,2.079
COFFEE 1.1,EN_INDCi2030_1800,C5,non-IMP,51.490,44.296,5.229,13.384,18.471,2095,1831.349,2.270,2.238
COFFEE 1.1,EN_INDCi2030_1800f,C5,non-IMP,52.617,45.720,3.135,10.132,15.833,2087,1911.133,2.288,2.201
COFFEE 1.1,EN_INDCi2030_2000,C5,non-IMP,51.700,47.181,4.671,8.515,13.003,2095,2029.974,2.440,2.413
COFFEE 1.1,EN_INDCi2030_2000f,C5,non-IMP,52.618,47.957,3.134,6.578,11.714,2090,2055.868,2.431,2.387
COFFEE 1.1,EN_INDCi2030_2500,C6,non-IMP,51.836,49.066,4.380,6.767,9.490,,2528.425,2.606,2.606
COFFEE 1.1,EN_INDCi2030_2500f,C6,non-IMP,51.836,49.066,4.380,6.767,9.490,,2528.425,2.597,2.597
COFFEE 1.1,EN_INDCi2030_400f,C2,non-IMP,51.054,22.859,4.606,36.485,57.288,2062,934.187,1.828,1.425
COFFEE 1.1,EN_INDCi2030_500,C3,non-IMP,50.717,9.352,5.771,79.227,82.625,2070,556.219,1.672,1.516
COFFEE 1.1,EN_INDCi2030_500f,C2,non-IMP,51.054,24.436,4.606,32.681,54.342,2065,991.515,1.851,1.460
COFFEE 1.1,EN_INDCi2030_600,C3,non-IMP,50.716,9.782,5.773,67.676,81.825,2075,629.097,1.708,1.563
COFFEE 1.1,EN_INDCi2030_600_NDCp,C3,non-IMP,48.469,12.049,9.753,61.504,77.565,2075,631.965,1.732,1.661
COFFEE 1.1,EN_INDCi2030_600f,C4,non-IMP,50.977,27.240,5.533,29.937,49.522,2066,1054.981,1.888,1.551
COFFEE 1.1,EN_INDCi2030_700,C3,non-IMP,51.187,12.728,5.368,57.124,76.468,2080,727.063,1.742,1.626
COFFEE 1.1,EN_INDCi2030_700f,C4,non-IMP,50.972,30.303,5.543,27.069,43.844,2068,1126.504,1.917,1.607
COFFEE 1.1,EN_INDCi2030_800,C3,non-IMP,50.700,16.655,5.766,48.433,69.044,2085,827.843,1.779,1.666
COFFEE 1.1,EN_INDCi2030_800f,C4,non-IMP,50.995,33.581,5.471,24.171,37.753,2070,1198.461,1.950,1.656
COFFEE 1.1,EN_INDCi2030_900,C3,non-IMP,51.173,20.812,5.382,40.323,61.519,2085,930.744,1.832,1.722
COFFEE 1.1,EN_INDCi2030_900f,C4,non-IMP,50.995,35.539,5.471,22.401,34.123,2072,1264.225,1.979,1.705
COFFEE 1.1,EN_INDCi2100,C6,non-IMP,52.535,52.991,3.086,0.449,2.246,,3308.713,2.909,2.909
COFFEE 1.1,EN_INDCi2100_COV_NDCp,C6,non-IMP,47.166,47.087,11.534,8.870,11.683,,2950.634,2.700,2.700
COFFEE 1.1,EN_NPi2020_1000,C4,non-IMP,46.227,27.870,14.573,29.006,48.497,2085,1034.110,1.901,1.828
COFFEE 1.1,EN_NPi2020_1000f,C5,non-IMP,50.644,38.203,6.121,16.354,29.183,2074,1343.591,2.036,1.788
COFFEE 1.1,EN_NPi2020_1200,C4,non-IMP,49.213,35.034,9.106,19.705,35.294,2090,1232.567,1.994,1.941
COFFEE 1.1,EN_NPi2020_1200f,C5,non-IMP,51.134,41.342,5.212,12.776,23.364,2077,1489.820,2.104,1.898
COFFEE 1.1,EN_NPi2020_1400,C5,non-IMP,50.651,38.815,6.650,15.897,28.464,2090,1431.556,2.061,2.013
COFFEE 1.1,EN_NPi2020_1400f,C5,non-IMP,52.129,44.247,3.936,10.581,18.461,2081,1635.501,2.176,2.013
COFFEE 1.1,EN_NPi2020_1600,C5,non-IMP,52.548,43.588,3.206,11.080,19.710,2094,1630.560,2.171,2.139
COFFEE 1.1,EN_NPi2020_1600f,C5,non-IMP,52.417,44.811,3.331,9.677,17.359,2084,1772.951,2.212,2.076
COFFEE 1.1,EN_NPi2020_1800,C5,non-IMP,53.408,47.058,1.679,7.177,13.371,2095,1830.029,2.277,2.221
COFFEE 1.1,EN_NPi2020_1800f,C5,non-IMP,53.670,48.252,1.199,5.691,11.171,2087,1914.826,2.304,2.201
COFFEE 1.1,EN_NPi2020_2000,C5,non-IMP,52.924,49.321,2.287,4.301,8.939,2095,2029.132,2.439,2.408
COFFEE 1.1,EN_NPi2020_2000f,C5,non-IMP,53.877,50.157,0.816,2.527,7.664,2090,2060.143,2.432,2.385
COFFEE 1.1,EN_NPi2020_2500,C6,non-IMP,53.731,50.857,0.885,2.454,6.185,,2528.166,2.638,2.636
COFFEE 1.1,EN_NPi2020_2500f,C6,non-IMP,53.731,50.857,0.885,2.454,6.185,,2528.166,2.629,2.626
COFFEE 1.1,EN_NPi2020_400,C1,non-IMP,26.430,9.814,51.134,67.783,81.856,2075,440.961,1.608,1.487
COFFEE 1.1,EN_NPi2020_400_lowBECCS,C3,non-IMP,26.664,10.220,50.702,65.644,81.105,2075,440.056,1.633,1.520
COFFEE 1.1,EN_NPi2020_400f,C2,non-IMP,43.182,24.000,19.283,35.075,55.139,2064,909.512,1.803,1.414
COFFEE 1.1,EN_NPi2020_400f_lowBECCS,C3,Neg,40.724,22.238,24.976,41.018,59.033,2060,789.574,1.800,1.543
COFFEE 1.1,EN_NPi2020_500,C3,non-IMP,30.419,10.841,43.777,61.505,79.962,2080,540.047,1.644,1.526
COFFEE 1.1,EN_NPi2020_500f,C2,non-IMP,44.157,25.601,17.493,32.071,52.165,2066,977.604,1.825,1.455
COFFEE 1.1,EN_NPi2020_600,C3,non-IMP,34.962,14.192,35.352,54.836,73.757,2080,638.943,1.691,1.596
COFFEE 1.1,EN_NPi2020_600f,C4,non-IMP,46.318,28.466,14.167,29.352,47.250,2067,1047.276,1.874,1.553
COFFEE 1.1,EN_NPi2020_700,C3,non-IMP,38.415,17.870,28.850,48.812,66.902,2080,737.998,1.733,1.638
COFFEE 1.1,EN_NPi2020_700f,C4,non-IMP,47.298,30.887,12.328,25.679,42.747,2068,1122.718,1.903,1.602
COFFEE 1.1,EN_NPi2020_800,C3,non-IMP,41.260,20.904,23.591,42.969,61.289,2085,836.569,1.779,1.686
COFFEE 1.1,EN_NPi2020_800f,C4,non-IMP,48.483,33.541,10.129,22.082,37.826,2070,1197.895,1.944,1.653
COFFEE 1.1,EN_NPi2020_900,C3,non-IMP,44.666,24.319,17.460,34.608,55.061,2085,935.175,1.848,1.762
COFFEE 1.1,EN_NPi2020_900f,C4,non-IMP,49.707,35.371,7.859,19.337,34.434,2072,1269.806,1.979,1.704
COFFEE 1.1,EN_NPi2100,C6,non-IMP,56.883,55.234,-4.983,-4.948,-1.940,,3562.707,2.932,2.932
EPPA 6,2CNow_Gradual,C4,non-IMP,46.881,31.320,11.209,28.787,40.682,,1405.207,1.978,1.978
EPPA 6,Paris1.5C_OptTax,C3,non-IMP,55.126,17.385,-0.424,63.287,68.330,,893.061,1.674,1.612
EPPA 6,Paris2C_Gradual,C4,non-IMP,55.093,33.215,-0.203,19.947,39.588,,1447.734,1.973,1.964
EPPA 6,Paris2C_OptTax,C4,non-IMP,54.741,31.106,0.132,37.638,43.252,,1382.798,1.973,1.972
EPPA 6,ParisFlat,C6,non-IMP,55.141,53.816,-0.450,0.847,1.964,,3094.072,2.835,2.835
EPPA 6,ParisForever,C7,non-IMP,55.847,64.728,-1.372,-9.299,-17.493,,3766.779,3.406,3.406
EPPA 6,Ref,C7,non-IMP,63.915,78.101,-13.143,-25.277,-38.254,,4631.628,3.878,3.878
GCAM 4.2,SSP1-19,C1,non-IMP,31.454,12.888,39.955,58.149,75.398,2059,545.116,1.613,1.266
GCAM 4.2,SSP3-Baseline,C8,non-IMP,75.044,91.490,-24.491,-40.237,-51.772,,5565.348,4.329,4.329
GCAM 4.2,SSP4-Baseline,C7,non-IMP,68.885,78.798,-19.296,-31.054,-36.465,,4193.731,3.652,3.652
GCAM 5.2,NGFS1_Current policies (Hot house world  Rep),C7,non-IMP,64.203,70.808,-11.792,-17.171,-23.292,,4182.784,3.402,3.402
GCAM 5.2,NGFS1_Immediate 2C with CDR (Orderly  Rep),C4,non-IMP,42.450,21.175,25.857,48.739,63.016,2059,693.527,1.870,1.827
GCAM 5.3,NGFS2_Below 2°C,C3,non-IMP,44.265,18.882,21.150,46.322,66.365,2061,785.804,1.795,1.655
GCAM 5.3,NGFS2_Current Policies,C7,CurPol,60.235,63.180,-7.235,-10.714,-12.479,,3718.183,3.046,3.046
GCAM 5.3,NGFS2_Delayed Transition,C4,non-IMP,60.190,17.533,-7.169,38.391,68.783,2055,893.399,1.915,1.607
GCAM 5.3,NGFS2_Divergent Net Zero Policies,C2,non-IMP,32.705,1.349,41.756,69.141,97.598,2045,466.208,1.633,1.282
GCAM 5.3,NGFS2_Nationally Determined Contributions (NDCs),C5,non-IMP,53.982,44.803,4.340,12.329,20.607,,2125.418,2.370,2.370
GCAM 5.3,NGFS2_Net-Zero 2050,C2,non-IMP,38.107,7.289,32.159,65.614,87.024,2049,567.391,1.644,1.329
GCAM 5.3,R_BAU,C7,non-IMP,65.648,78.302,-17.327,-29.251,-39.942,,4792.752,3.676,3.676
GCAM 5.3,R_MAC_30_n0,C1,non-IMP,12.615,12.986,77.392,76.641,76.728,2030,231.952,1.517,1.487
GCAM 5.3,R_MAC_35_n0,C3,non-IMP,26.130,12.982,53.172,76.671,76.734,2035,329.080,1.561,1.528
GCAM 5.3,R_MAC_35_n8,C1,non-IMP,20.581,4.141,63.130,92.220,92.581,2033,266.779,1.500,1.216
GCAM 5.3,R_MAC_40_n0,C3,non-IMP,33.105,12.960,40.694,76.853,76.783,2040,426.165,1.603,1.574
GCAM 5.3,R_MAC_40_n8,C1,non-IMP,28.680,4.132,48.621,92.276,92.598,2037,348.837,1.536,1.272
GCAM 5.3,R_MAC_45_n0,C3,non-IMP,37.445,12.959,32.920,62.110,76.784,2045,523.207,1.641,1.620
GCAM 5.3,R_MAC_45_n8,C1,non-IMP,33.874,4.142,39.316,74.302,92.580,2041,430.543,1.568,1.324
GCAM 5.3,R_MAC_50_n0,C3,non-IMP,40.329,12.936,27.726,52.336,76.816,2050,620.210,1.684,1.663
GCAM 5.3,R_MAC_50_n8,C1,non-IMP,37.361,4.149,33.071,62.459,92.567,2045,512.002,1.613,1.380
GCAM 5.3,R_MAC_55_n0,C3,non-IMP,42.347,18.926,24.109,45.255,66.082,2055,717.177,1.726,1.708
GCAM 5.3,R_MAC_55_n8,C2,non-IMP,39.824,11.463,28.658,54.070,79.465,2050,592.172,1.652,1.435
GCAM 5.3,R_MAC_60_n0,C3,non-IMP,43.873,23.358,21.375,39.247,58.140,2060,814.098,1.775,1.752
GCAM 5.3,R_MAC_60_n8,C2,non-IMP,41.644,16.890,25.398,47.760,69.742,2054,673.683,1.687,1.496
GCAM 5.3,R_MAC_65_n0,C3,non-IMP,45.052,26.742,19.281,34.858,52.087,2065,910.978,1.816,1.795
GCAM 5.3,R_MAC_65_n8,C3,non-IMP,43.076,21.080,22.823,42.327,62.231,2058,755.016,1.728,1.553
GCAM 5.3,R_MAC_70_n0,C4,non-IMP,46.007,29.490,17.581,31.374,47.171,2070,1007.831,1.867,1.843
GCAM 5.3,R_MAC_70_n8,C3,non-IMP,44.232,24.402,20.733,37.885,56.270,2062,836.210,1.769,1.611
GCAM 5.3,R_MAC_75_n0,C4,non-IMP,46.790,31.870,16.178,28.615,42.906,2075,1104.642,1.911,1.887
GCAM 5.3,R_MAC_75_n8,C3,non-IMP,45.171,27.088,19.054,34.391,51.459,2066,917.266,1.810,1.669
GCAM 5.3,R_MAC_80_n0,C4,non-IMP,47.444,34.109,15.008,26.352,38.897,2080,1201.420,1.964,1.939
GCAM 5.3,R_MAC_80_n8,C4,non-IMP,45.943,29.341,17.696,31.592,47.437,2070,998.256,1.853,1.732
GCAM 5.3,R_MAC_85_n0,C5,non-IMP,47.986,35.916,14.007,24.401,35.637,2085,1298.155,2.015,1.990
GCAM 5.3,R_MAC_85_n8,C4,non-IMP,46.665,31.272,16.397,29.235,43.974,2075,1078.449,1.894,1.791
GCAM 5.3,R_MAC_90_n0,C5,non-IMP,48.466,37.419,13.140,22.712,32.939,2090,1394.867,2.064,2.043
GCAM 5.3,R_MAC_90_n8,C4,non-IMP,47.230,33.263,15.385,27.236,40.407,2079,1159.390,1.938,1.854
GCAM 5.3,R_MAC_95_n0,C5,non-IMP,48.859,38.677,12.441,21.296,30.687,2095,1491.558,2.112,2.094
GCAM 5.3,R_MAC_95_n8,C4,non-IMP,47.678,34.909,14.578,25.503,37.454,2083,1240.237,1.985,1.915
GCAM 5.3,R_MAC_99_n0,C5,non-IMP,49.215,39.765,11.808,20.061,28.743,2100,1588.238,2.154,2.144
GCAM 5.3,R_MAC_99_n8,C5,non-IMP,48.110,36.321,13.784,23.961,34.910,2087,1320.995,2.027,1.982
GCAM 5.3,SSP_SSP2,C3,non-IMP,41.951,17.106,22.322,45.496,68.325,2054,669.645,1.698,1.514
GCAM 5.3,SSP_SSP3,C2,non-IMP,41.913,16.511,22.380,46.094,69.423,2054,669.670,1.630,1.330
GCAM 5.3,SSP_SSP4,C2,non-IMP,42.001,16.557,22.278,45.687,69.362,2054,669.816,1.669,1.354
GCAM 5.3,SSP_SSP5,C3,non-IMP,42.550,18.635,21.209,42.742,65.494,2054,669.743,1.798,1.606
GCAM-PR 5.3,PR_CP_PriceOnly,C7,non-IMP,56.460,58.845,-7.311,-11.637,-11.843,,3354.845,3.174,3.174
GCAM-PR 5.3,PR_NDC_PriceOnly,C6,non-IMP,51.227,50.880,2.569,0.169,3.229,,2829.772,2.821,2.821
GCAM-PR 5.3,PR_baseline,C7,non-IMP,63.485,70.850,-12.320,-20.697,-25.351,,4101.294,3.642,3.642
GEM-E3_V2021,EN_INDCi2030_1000,C3,non-IMP,56.490,16.899,0.739,46.353,70.306,2064,874.963,1.831,1.679
GEM-E3_V2021,EN_INDCi2030_1000_COV,C3,non-IMP,54.570,17.587,-1.618,43.690,67.249,2066,872.049,1.801,1.649
GEM-E3_V2021,EN_INDCi2030_1000_COV_NDCp,C3,non-IMP,51.992,18.742,3.182,42.512,65.099,2067,873.969,1.796,1.653
GEM-E3_V2021,EN_INDCi2030_1000_NDCp,C3,non-IMP,54.264,17.281,4.648,45.436,69.633,2065,872.721,1.826,1.679
GEM-E3_V2021,EN_INDCi2030_1000f,C4,non-IMP,55.746,22.080,2.156,39.315,61.245,2069,996.631,1.875,1.632
GEM-E3_V2021,EN_INDCi2030_1000f_COV,C3,non-IMP,53.802,21.519,-0.548,38.691,59.784,2070,974.759,1.827,1.604
GEM-E3_V2021,EN_INDCi2030_1000f_COV_NDCp,C3,non-IMP,51.231,21.940,4.256,38.679,58.997,2071,965.867,1.818,1.606
GEM-E3_V2021,EN_INDCi2030_1000f_NDCp,C4,non-IMP,53.167,22.522,5.966,39.122,60.166,2069,996.801,1.866,1.628
GEM-E3_V2021,EN_INDCi2030_1400,C4,non-IMP,55.651,29.406,1.880,32.644,48.153,2085,1251.762,1.991,1.893
GEM-E3_V2021,EN_INDCi2030_1400f,C4,non-IMP,55.651,29.406,1.880,32.644,48.154,2085,1262.521,1.998,1.893
GEM-E3_V2021,EN_INDCi2030_1800,C5,non-IMP,55.651,34.738,1.880,27.194,38.753,,1642.831,2.194,2.160
GEM-E3_V2021,EN_INDCi2030_1800f,C5,non-IMP,55.651,34.738,1.880,27.194,38.753,,1642.831,2.194,2.160
GEM-E3_V2021,EN_INDCi2030_600f,C2,non-IMP,56.500,8.648,0.487,57.297,84.768,2054,745.968,1.735,1.362
GEM-E3_V2021,EN_INDCi2030_600f_COV,C2,non-IMP,54.651,8.877,-2.022,53.968,83.429,2055,732.973,1.719,1.350
GEM-E3_V2021,EN_INDCi2030_600f_COV_NDCp,C2,non-IMP,51.784,9.280,3.621,53.680,82.728,2055,724.484,1.711,1.345
GEM-E3_V2021,EN_INDCi2030_600f_NDCp,C2,non-IMP,54.346,9.250,4.282,55.519,83.709,2054,744.902,1.744,1.375
GEM-E3_V2021,EN_INDCi2030_800,C3,non-IMP,55.651,6.593,1.880,64.620,88.375,2052,695.720,1.715,1.513
GEM-E3_V2021,EN_INDCi2030_800f,C2,non-IMP,55.651,14.013,1.880,48.822,75.293,2060,842.020,1.790,1.490
GEM-E3_V2021,EN_INDCi2100,C7,non-IMP,57.103,55.441,-0.429,2.255,2.494,,3146.310,3.022,3.022
GEM-E3_V2021,EN_INDCi2100_COV,C6,non-IMP,54.106,51.975,-1.123,1.878,2.859,,2976.095,2.926,2.926
GEM-E3_V2021,EN_INDCi2100_COV_NDCp,C6,non-IMP,52.498,49.048,2.701,5.386,9.096,,2791.168,2.867,2.867
GEM-E3_V2021,EN_INDCi2100_NDCp,C6,non-IMP,54.673,50.864,3.815,7.206,10.517,,2912.163,2.915,2.915
GEM-E3_V2021,EN_NPi2020_1000,C3,non-IMP,45.002,21.350,20.817,42.881,62.434,2070,869.937,1.832,1.694
GEM-E3_V2021,EN_NPi2020_1000_COV,C3,non-IMP,44.216,21.731,17.556,40.349,59.480,2071,869.737,1.813,1.676
GEM-E3_V2021,EN_NPi2020_1000f,C4,non-IMP,46.185,24.474,18.373,37.879,56.745,2071,967.798,1.884,1.698
GEM-E3_V2021,EN_NPi2020_1000f_COV,C3,non-IMP,45.024,23.316,15.905,37.875,56.450,2072,943.378,1.842,1.636
GEM-E3_V2021,EN_NPi2020_1400,C5,non-IMP,49.739,30.125,13.291,34.560,47.484,2088,1249.199,2.006,1.922
GEM-E3_V2021,EN_NPi2020_1400f,C4,non-IMP,48.496,29.953,14.494,34.550,47.188,2089,1255.092,1.996,1.909
GEM-E3_V2021,EN_NPi2020_1800,C5,non-IMP,48.695,34.672,14.138,28.952,38.865,,1637.767,2.204,2.177
GEM-E3_V2021,EN_NPi2020_1800f,C5,non-IMP,48.695,34.672,14.138,28.952,38.865,,1637.767,2.204,2.177
GEM-E3_V2021,EN_NPi2020_400f,C2,non-IMP,39.312,8.922,30.750,56.816,84.283,2052,617.233,1.698,1.292
GEM-E3_V2021,EN_NPi2020_500,C1,non-IMP,29.916,5.264,47.436,82.474,90.750,2044,411.021,1.580,1.438
GEM-E3_V2021,EN_NPi2020_500f,C2,non-IMP,39.754,11.921,30.200,55.536,79.069,2056,670.840,1.716,1.345
GEM-E3_V2021,EN_NPi2020_600,C2,non-IMP,34.535,6.443,39.239,72.587,88.664,2050,499.714,1.621,1.478
GEM-E3_V2021,EN_NPi2020_600_COV,C1,non-IMP,33.801,6.221,36.973,67.761,88.400,2050,500.894,1.605,1.439
GEM-E3_V2021,EN_NPi2020_600f,C2,non-IMP,40.871,14.857,28.063,51.331,73.850,2059,730.538,1.748,1.400
GEM-E3_V2021,EN_NPi2020_600f_COV,C2,non-IMP,38.028,15.339,28.804,53.962,71.282,2059,681.272,1.686,1.365
GEM-E3_V2021,EN_NPi2020_800,C3,non-IMP,40.752,13.738,28.307,56.601,75.832,2061,675.946,1.723,1.589
GEM-E3_V2021,EN_NPi2020_800f,C3,non-IMP,44.679,20.864,21.268,43.257,63.234,2065,842.012,1.821,1.547
GEM-E3_V2021,EN_NPi2100,C7,non-IMP,60.958,64.294,-7.366,-9.591,-13.241,,3911.985,3.415,3.415
GEM-E3_V2021,EN_NPi2100_COV,C7,non-IMP,57.505,59.939,-7.128,-9.002,-11.663,,3664.470,3.190,3.190
IMAGE 3.0,CO_2Deg2020,C3,non-IMP,43.042,20.657,25.662,53.303,64.323,2078,911.956,1.749,1.694
IMAGE 3.0,CO_2Deg2030,C3,non-IMP,55.094,20.215,4.794,46.336,65.067,2070,957.237,1.821,1.719
IMAGE 3.0,CO_BAU,C7,non-IMP,66.264,75.563,-14.326,-22.880,-30.369,,4680.997,3.733,3.733
IMAGE 3.0,CO_Bridge,C3,non-IMP,47.704,16.591,16.666,52.965,71.017,2061,830.324,1.723,1.619
IMAGE 3.0,CO_CurPol,C7,non-IMP,61.502,68.853,-5.465,-9.686,-18.070,,4505.829,3.622,3.622
IMAGE 3.0,CO_GPP,C5,non-IMP,47.706,34.881,16.663,28.719,39.067,,1826.565,2.113,2.110
IMAGE 3.0,CO_NDCplus,C7,non-IMP,56.232,57.140,3.582,3.796,2.025,,3642.449,3.109,3.109
IMAGE 3.0,EN_INDCi2030_1000,C4,non-IMP,55.240,18.112,4.792,46.664,68.783,2094,934.553,1.866,1.828
IMAGE 3.0,EN_INDCi2030_1000f,C4,non-IMP,55.030,21.152,5.201,33.780,63.563,2069,1118.994,1.871,1.752
IMAGE 3.0,EN_INDCi2030_1200,C4,non-IMP,54.368,20.344,6.062,37.528,64.849,2090,1167.686,1.874,1.834
IMAGE 3.0,EN_INDCi2030_1200f,C4,non-IMP,53.865,24.997,6.051,26.873,56.402,2076,1263.590,1.898,1.837
IMAGE 3.0,EN_INDCi2030_1400,C5,non-IMP,55.259,29.053,4.759,31.347,49.925,,1381.414,2.038,2.032
IMAGE 3.0,EN_INDCi2030_1400f,C4,non-IMP,53.865,28.831,6.051,26.826,49.714,2084,1432.829,1.977,1.934
IMAGE 3.0,EN_INDCi2030_3000,C6,non-IMP,53.865,56.860,6.051,4.271,0.828,,2963.483,2.686,2.686
IMAGE 3.0,EN_INDCi2030_3000f,C6,ModAct,53.865,56.860,6.051,4.271,0.828,,2963.483,2.686,2.686
IMAGE 3.0,EN_INDCi2030_800f,C3,non-IMP,55.253,16.812,4.815,47.472,71.037,2065,913.457,1.805,1.658
IMAGE 3.0,EN_INDCi2100,C7,non-IMP,54.633,56.062,4.822,7.508,2.333,,3495.735,3.055,3.055
IMAGE 3.0,EN_NPi2020_1000,C3,non-IMP,49.840,18.038,14.118,51.794,68.918,2094,993.717,1.792,1.747
IMAGE 3.0,EN_NPi2020_1000f,C3,non-IMP,46.824,25.525,18.270,50.270,55.447,2079,1043.956,1.810,1.749
IMAGE 3.0,EN_NPi2020_1200,C4,non-IMP,49.405,23.001,14.804,42.371,60.336,2095,1160.357,1.856,1.819
IMAGE 3.0,EN_NPi2020_1200f,C4,non-IMP,48.031,25.160,16.181,43.363,56.093,2085,1205.939,1.876,1.835
IMAGE 3.0,EN_NPi2020_1400,C4,non-IMP,50.958,27.676,12.232,35.411,52.331,2098,1347.870,1.943,1.921
IMAGE 3.0,EN_NPi2020_1400f,C4,non-IMP,49.821,28.727,13.076,34.667,49.880,2088,1385.015,1.950,1.929
IMAGE 3.0,EN_NPi2020_3000,C6,non-IMP,56.567,57.761,0.523,1.864,-1.576,,2950.704,2.679,2.678
IMAGE 3.0,EN_NPi2020_3000f,C6,non-IMP,56.567,57.761,0.523,1.864,-1.576,,2950.704,2.679,2.678
IMAGE 3.0,EN_NPi2020_600f,C3,non-IMP,41.699,17.058,28.072,63.256,70.575,2059,745.045,1.701,1.552
IMAGE 3.0,EN_NPi2020_800,C3,non-IMP,45.927,13.591,20.812,60.656,76.566,2090,781.591,1.737,1.654
IMAGE 3.0,EN_NPi2020_800f,C3,non-IMP,47.362,18.206,18.352,54.791,68.615,2070,907.146,1.758,1.659
IMAGE 3.0,EN_NPi2100,C7,non-IMP,60.609,67.336,-4.481,-5.888,-16.076,,4361.585,3.513,3.513
IMAGE 3.0,EN_NoPolicy,C7,non-IMP,66.264,75.563,-14.326,-22.880,-30.369,,4680.997,3.733,3.733
IMAGE 3.0.1,ADVANCE_2020_1.5C-2100,C2,non-IMP,37.298,7.781,33.042,67.796,86.031,2049,553.402,1.624,1.336
IMAGE 3.0.1,ADVANCE_2020_Med2C,C4,non-IMP,48.417,26.927,14.633,34.129,52.523,,1350.338,1.939,1.924
IMAGE 3.0.1,ADVANCE_2020_WB2C,C3,non-IMP,40.364,16.740,27.792,52.414,70.053,2073,796.340,1.728,1.638
IMAGE 3.0.1,ADVANCE_2030_Med2C,C4,non-IMP,56.839,32.091,-0.020,19.737,43.530,2098,1351.729,1.986,1.928
IMAGE 3.0.1,ADVANCE_2030_WB2C,C3,non-IMP,53.894,17.187,4.397,50.073,69.513,2066,861.531,1.794,1.670
IMAGE 3.0.1,ADVANCE_INDC,C6,non-IMP,57.540,47.631,-1.261,5.953,16.177,,2883.713,2.760,2.760
IMAGE 3.0.1,ADVANCE_NoPolicy,C7,non-IMP,67.636,76.209,-14.130,-21.946,-28.597,,4725.987,3.768,3.768
IMAGE 3.0.1,ADVANCE_Reference,C7,non-IMP,60.651,62.485,-6.570,-8.433,-9.792,,3963.550,3.341,3.341
IMAGE 3.0.1,CD-LINKS_INDC2030i_1600,C4,non-IMP,54.810,27.275,4.085,33.783,52.271,2097,1290.511,1.949,1.898
IMAGE 3.0.1,CD-LINKS_INDCi,C7,non-IMP,57.651,61.692,-1.787,-6.287,-8.922,,4004.897,3.291,3.291
IMAGE 3.0.1,CD-LINKS_NDC2030i_1000,C3,non-IMP,53.729,21.291,5.285,42.969,62.467,2071,975.786,1.837,1.710
IMAGE 3.0.1,CD-LINKS_NPi,C7,non-IMP,62.691,68.809,-9.987,-16.954,-20.722,,4357.181,3.439,3.439
IMAGE 3.0.1,CD-LINKS_NPi2020_1000,C3,non-IMP,43.433,20.199,23.254,49.007,64.308,2075,910.822,1.783,1.694
IMAGE 3.0.1,CD-LINKS_NPi2020_1600,C4,non-IMP,47.567,26.891,16.474,37.788,52.780,2094,1256.536,1.917,1.873
IMAGE 3.0.1,CD-LINKS_NPi2020_400,C2,non-IMP,36.382,9.614,34.323,67.970,82.645,2052,550.175,1.627,1.325
IMAGE 3.0.1,CD-LINKS_NoPolicy,C7,non-IMP,66.997,76.036,-14.819,-23.741,-30.310,,4710.862,3.753,3.753
IMAGE 3.0.1,EMF30_BCOC-EndU,C7,non-IMP,67.667,76.036,-14.526,-22.137,-28.690,,4708.871,3.767,3.767
IMAGE 3.0.1,EMF30_Baseline,C7,non-IMP,67.602,75.847,-14.415,-21.999,-28.370,,4699.461,3.737,3.737
IMAGE 3.0.1,EMF30_CH4-Only,C7,non-IMP,64.024,70.346,-10.338,-16.206,-21.234,,4701.689,3.336,3.336
IMAGE 3.0.1,EMF30_ClimPolicy,C3,non-IMP,41.300,21.675,22.500,44.903,59.327,2080,938.771,1.765,1.712
IMAGE 3.0.1,EMF30_ClimPolicy+SLCF,C3,non-IMP,41.359,21.582,22.387,45.044,59.500,2081,945.264,1.773,1.717
IMAGE 3.0.1,EMF30_D_BCOC-Red,C7,non-IMP,67.599,75.862,-14.413,-21.837,-28.397,,4700.772,3.725,3.725
IMAGE 3.0.1,EMF30_D_CH4-ClimPolicy,C7,non-IMP,64.250,70.477,-10.547,-16.468,-21.260,,4702.006,3.340,3.340
IMAGE 3.0.1,EMF30_D_CO2-Only,C5,non-IMP,44.487,26.289,17.827,38.594,51.441,2081,946.693,2.006,1.995
IMAGE 3.0.1,EMF30_D_Frozen-CH4,C7,non-IMP,68.332,77.789,-15.260,-23.823,-31.211,,4708.027,3.860,3.860
IMAGE 3.0.1,EMF30_D_Frozen-EF,C7,non-IMP,68.411,77.784,-15.394,-23.759,-31.205,,4705.902,3.337,3.337
IMAGE 3.0.1,EMF30_D_Frozen-EF-EndU,C7,non-IMP,67.671,75.946,-14.461,-22.213,-28.458,,4705.058,3.768,3.768
IMAGE 3.0.1,EMF30_D_Frozen-EF-SLCF,C7,non-IMP,68.342,77.476,-15.350,-23.427,-30.767,,4702.041,3.880,3.880
IMAGE 3.0.1,EMF30_SLCF,C7,non-IMP,64.269,70.687,-10.672,-16.635,-21.724,,4712.785,3.397,3.397
IMAGE 3.0.1,EMF30_Slower-Action,C6,non-IMP,58.392,54.617,-3.411,1.841,3.274,,3236.747,2.821,2.821
IMAGE 3.0.1,EMF30_Slower-Action+SLCF,C6,non-IMP,56.943,53.358,-1.827,2.798,4.583,,3243.943,2.778,2.778
IMAGE 3.0.1,EMF30_Slower-to-faster,C4,non-IMP,55.211,21.755,1.742,38.029,61.283,2075,1041.452,1.847,1.752
IMAGE 3.0.1,EMF30_Slower-to-faster+SLCF,C3,non-IMP,53.507,21.734,3.575,37.463,60.833,2076,1046.926,1.839,1.751
IMAGE 3.0.1,EMF30_Slower-to-faster+SLCF+HFC,C3,non-IMP,51.828,21.731,6.287,37.281,60.707,2076,1047.362,1.831,1.748
IMAGE 3.0.1,SSP1-26,C3,non-IMP,45.770,25.608,13.692,33.910,51.710,2077,1139.104,1.801,1.650
IMAGE 3.0.1,SSP1-34,C5,non-IMP,54.121,44.240,2.203,8.882,20.058,2088,1889.622,2.172,2.079
IMAGE 3.0.1,SSP1-45,C6,non-IMP,56.720,55.457,-1.947,-2.654,0.323,,2639.183,2.590,2.587
IMAGE 3.0.1,SSP1-Baseline,C7,non-IMP,60.125,60.891,-7.291,-11.123,-8.657,,3089.921,3.015,3.015
IMAGE 3.0.1,SSP2-26,C3,non-IMP,39.701,19.396,28.175,48.479,64.911,2069,827.337,1.732,1.631
IMAGE 3.0.1,SSP2-34,C5,non-IMP,52.531,35.966,7.282,18.459,36.519,,1618.250,2.066,2.051
IMAGE 3.0.1,SSP2-45,C6,non-IMP,62.781,55.063,-8.139,-3.767,5.156,,2744.812,2.603,2.602
IMAGE 3.0.1,SSP2-60,C7,non-IMP,66.651,71.551,-13.324,-18.615,-21.654,,4107.157,3.285,3.285
IMAGE 3.0.1,SSP2-Baseline,C7,non-IMP,68.793,77.285,-15.376,-23.087,-29.618,,4746.249,3.799,3.799
IMAGE 3.0.1,SSP3-34,C5,non-IMP,56.542,31.065,5.830,29.734,48.262,,1355.966,2.049,2.048
IMAGE 3.0.1,SSP3-45,C6,non-IMP,64.954,51.846,-6.350,4.713,15.112,,2343.894,2.500,2.500
IMAGE 3.0.1,SSP3-60,C7,non-IMP,72.077,75.322,-15.491,-18.380,-20.690,,3731.208,3.308,3.308
IMAGE 3.0.1,SSP3-Baseline,C7,non-IMP,74.206,83.738,-18.224,-24.244,-33.411,,5033.115,3.930,3.930
IMAGE 3.0.1,SSP4-26,C3,non-IMP,38.116,14.515,28.281,50.405,72.688,2069,717.085,1.683,1.605
IMAGE 3.0.1,SSP4-34,C5,non-IMP,53.288,35.081,6.004,17.211,38.120,,1571.791,2.055,2.034
IMAGE 3.0.1,SSP4-45,C6,non-IMP,63.198,56.585,-9.357,-18.426,2.086,,2624.500,2.548,2.542
IMAGE 3.0.1,SSP4-60,C7,non-IMP,63.648,69.656,-9.804,-20.586,-20.169,,3780.383,3.274,3.274
IMAGE 3.0.1,SSP4-Baseline,C7,non-IMP,67.515,70.799,-15.084,-21.145,-20.682,,3866.157,3.365,3.365
IMAGE 3.0.1,SSP5-34,C5,non-IMP,58.932,39.474,-0.304,12.118,32.814,,1743.829,2.134,2.106
IMAGE 3.0.1,SSP5-45,C6,non-IMP,67.869,59.091,-13.413,-12.139,1.255,,2775.842,2.598,2.597
IMAGE 3.0.1,SSP5-60,C7,non-IMP,75.396,85.317,-24.187,-37.628,-40.527,,4226.111,3.238,3.238
IMAGE 3.0.1,SSP5-Baseline,C8,non-IMP,81.137,111.126,-30.654,-53.896,-78.944,,7306.248,4.899,4.899
IMAGE 3.0.2,EMF33_Baseline,C7,non-IMP,69.034,76.839,-16.236,-24.198,-29.377,,4754.986,3.788,3.788
IMAGE 3.0.2,EMF33_Med2C_cost100,C5,non-IMP,51.535,31.524,5.675,25.680,42.300,,1522.750,2.000,1.980
IMAGE 3.0.2,EMF33_Med2C_full,C5,non-IMP,52.521,30.923,3.894,24.660,43.416,,1535.390,2.004,1.990
IMAGE 3.0.2,EMF33_Med2C_limbio,C5,non-IMP,49.638,30.422,9.453,32.125,44.507,,1533.976,2.003,1.989
IMAGE 3.0.2,EMF33_Med2C_nobeccs,C4,non-IMP,49.629,29.524,9.082,30.044,45.914,,1534.656,1.975,1.971
IMAGE 3.0.2,EMF33_Med2C_nofuel,C4,non-IMP,51.886,30.059,5.665,25.526,45.349,,1530.758,1.990,1.979
IMAGE 3.0.2,EMF33_Med2C_none,C4,non-IMP,49.560,27.950,9.800,30.954,49.131,,1509.956,1.975,1.972
IMAGE 3.0.2,EMF33_WB2C_cost100,C3,non-IMP,47.622,21.339,12.690,40.822,60.877,2086,995.985,1.777,1.720
IMAGE 3.0.2,EMF33_WB2C_full,C3,non-IMP,47.473,20.964,12.955,41.069,61.560,2087,1017.104,1.783,1.731
IMAGE 3.0.2,EMF33_WB2C_limbio,C3,non-IMP,45.289,21.158,17.264,49.579,61.348,,973.365,1.760,1.720
IMAGE 3.0.2,EMF33_WB2C_nobeccs,C3,non-IMP,45.643,21.012,16.235,41.849,61.439,,1129.275,1.817,1.802
IMAGE 3.0.2,EMF33_WB2C_nofuel,C3,non-IMP,47.180,19.925,14.053,42.379,63.702,2085,986.855,1.772,1.715
IMAGE 3.0.2,EMF33_tax_hi_full,C4,non-IMP,53.376,27.575,9.831,29.252,53.418,2089,1331.473,1.945,1.899
IMAGE 3.0.2,EMF33_tax_hi_none,C5,non-IMP,53.484,32.482,10.243,24.825,45.489,,1724.319,2.098,2.090
IMAGE 3.0.2,EMF33_tax_lo_full,C5,non-IMP,57.445,42.324,3.306,14.427,28.759,,2083.438,2.281,2.279
IMAGE 3.0.2,EMF33_tax_lo_none,C5,non-IMP,57.523,43.153,3.806,13.995,27.837,,2356.546,2.390,2.390
IMAGE 3.2,SSP1-baseline,C7,non-IMP,60.396,58.456,-8.514,-8.705,-5.029,,2930.631,3.032,3.032
IMAGE 3.2,SSP1_SPA1_19I_D,C2,non-IMP,44.798,8.658,19.516,63.550,84.444,2051,668.651,1.638,1.231
IMAGE 3.2,SSP1_SPA1_19I_D_LB,C1,non-IMP,32.703,5.588,40.532,73.351,89.839,2049,524.750,1.532,1.259
IMAGE 3.2,SSP1_SPA1_19I_LI,C2,non-IMP,41.205,5.111,25.943,69.593,90.815,2048,598.650,1.613,1.239
IMAGE 3.2,SSP1_SPA1_19I_LIRE,C2,non-IMP,41.717,4.766,25.033,69.922,91.435,2047,597.751,1.659,1.231
IMAGE 3.2,SSP1_SPA1_19I_LIRE_LB,C1,non-IMP,30.185,-0.149,45.081,82.432,100.270,2043,458.460,1.575,1.196
IMAGE 3.2,SSP1_SPA1_19I_RE,C2,non-IMP,43.271,9.343,22.256,62.841,83.213,2052,659.529,1.690,1.309
IMAGE 3.2,SSP1_SPA1_19I_RE_LB,C1,non-IMP,32.876,4.655,40.215,74.532,91.535,2047,518.705,1.591,1.274
IMAGE 3.2,SSP1_SPA1_26I_D,C3,non-IMP,49.816,21.345,10.499,40.874,61.651,2072,1019.493,1.715,1.585
IMAGE 3.2,SSP1_SPA1_26I_LI,C3,non-IMP,48.935,19.616,12.019,45.089,64.731,2082,995.674,1.711,1.633
IMAGE 3.2,SSP1_SPA1_26I_LIRE,C3,non-IMP,49.619,23.563,10.801,41.984,57.641,2074,1020.349,1.796,1.657
IMAGE 3.2,SSP1_SPA1_26I_RE,C3,non-IMP,47.612,20.088,14.457,43.223,63.908,2072,956.846,1.784,1.608
IMAGE 3.2,SSP1_SPA1_34I_D,C5,non-IMP,52.716,35.409,5.321,20.840,36.406,,1724.765,2.074,2.056
IMAGE 3.2,SSP1_SPA1_34I_LI,C5,non-IMP,50.625,43.520,9.013,17.275,21.783,,1700.992,2.162,2.085
IMAGE 3.2,SSP1_SPA1_34I_LIRE,C5,non-IMP,51.739,43.797,7.066,10.245,21.331,,1836.072,2.287,2.210
IMAGE 3.2,SSP1_SPA1_34I_RE,C5,non-IMP,50.533,35.338,9.236,25.038,36.528,,1630.349,2.072,2.054
IMAGE 3.2,SSP2-baseline,C7,non-IMP,66.027,77.275,-18.482,-29.042,-38.665,,4263.860,3.561,3.561
IMAGE 3.2,SSP2_SPA0_26I_D,C3,non-IMP,50.277,20.877,10.540,37.894,62.853,2066,995.496,1.800,1.594
IMAGE 3.2,SSP2_SPA1_19I_D_LB,C1,non-IMP,35.964,9.557,34.684,64.045,82.643,2054,597.601,1.554,1.374
IMAGE 3.2,SSP2_SPA1_19I_LIRE_LB,C1,non-IMP,31.707,3.288,42.362,76.344,94.022,2046,491.702,1.571,1.316
IMAGE 3.2,SSP2_SPA1_19I_RE_LB,C1,non-IMP,35.886,8.101,34.805,65.672,85.282,2051,580.087,1.615,1.412
IMAGE 3.2,SSP2_SPA2_19I_D,C2,non-IMP,46.274,9.077,16.970,63.737,83.713,2050,638.233,1.607,1.169
IMAGE 3.2,SSP2_SPA2_19I_LI,C1,non-IMP,47.118,4.491,14.354,68.752,91.837,2048,641.560,1.597,1.221
IMAGE 3.2,SSP2_SPA2_19I_LIRE,C2,non-IMP,41.128,5.586,25.299,74.498,89.854,2047,555.975,1.619,1.227
IMAGE 3.2,SSP2_SPA2_19I_RE,C2,non-IMP,42.322,6.037,24.060,70.671,89.167,2047,559.251,1.636,1.265
IMAGE 3.2,SSP2_SPA2_26I_D,C3,non-IMP,53.699,24.885,3.646,31.295,55.347,2068,1080.356,1.732,1.566
IMAGE 3.2,SSP2_SPA2_26I_LI,C3,non-IMP,49.365,23.440,11.340,39.562,57.902,2077,1029.240,1.684,1.607
IMAGE 3.2,SSP2_SPA2_26I_LIRE,C3,non-IMP,47.433,23.716,14.810,42.625,57.406,2074,981.650,1.792,1.642
IMAGE 3.2,SSP2_SPA2_26I_RE,C3,non-IMP,50.680,22.247,9.061,43.575,60.082,2071,947.829,1.817,1.674
IMAGE 3.2,SSP2_SPA2_34I_D,C5,non-IMP,54.363,39.492,2.455,12.741,29.139,,1805.592,2.071,2.067
IMAGE 3.2,SSP2_SPA2_34I_LI,C5,non-IMP,50.032,39.972,10.141,17.571,28.210,,1896.603,2.078,2.078
IMAGE 3.2,SSP2_SPA2_34I_LIRE,C5,non-IMP,51.486,45.031,7.628,13.987,19.209,,1935.908,2.163,2.159
IMAGE 3.2,SSP2_SPA2_34I_RE,C5,non-IMP,51.667,37.718,7.261,26.227,32.298,,1689.182,2.146,2.142
IMAGE 3.2,SSP2_SPA2_45I_D,C6,non-IMP,55.480,54.466,0.482,-4.298,2.302,,3065.607,2.661,2.661
IMAGE 3.2,SSP2_SPA2_45I_LI,C6,non-IMP,50.244,49.188,9.788,11.158,11.684,,2887.558,2.714,2.714
IMAGE 3.2,SSP2_SPA2_45I_LIRE,C6,non-IMP,50.267,46.248,9.746,13.386,16.963,,2758.233,2.762,2.762
IMAGE 3.2,SSP2_SPA2_45I_RE,C6,non-IMP,53.511,51.904,3.982,3.542,6.865,,2797.503,2.655,2.655
IMAGE 3.2,SSP3-baseline,C7,non-IMP,70.620,84.261,-26.745,-39.958,-51.227,,4829.204,3.745,3.745
IMAGE 3.2,SSP4-baseline,C7,non-IMP,65.164,69.060,-16.904,-22.897,-23.892,,3615.153,3.243,3.243
IMAGE 3.2,SSP5-baseline,C8,non-IMP,75.238,112.775,-35.014,-73.962,-102.374,,6089.016,4.219,4.219
MERGE-ETL 6.0,DAC2_66,C4,non-IMP,51.306,34.092,0.179,10.438,33.670,2072,1161.382,1.945,1.734
MESSAGE-GLOBIOM 1.0,ADVANCE_2020_1.5C-2100,C1,non-IMP,25.960,8.048,50.147,70.026,84.545,2050,409.449,1.598,1.187
MESSAGE-GLOBIOM 1.0,ADVANCE_2020_Med2C,C4,non-IMP,45.605,32.136,12.426,22.360,38.291,2080,1191.591,1.970,1.909
MESSAGE-GLOBIOM 1.0,ADVANCE_2020_WB2C,C3,non-IMP,38.591,20.085,25.893,42.979,61.430,2066,772.549,1.763,1.569
MESSAGE-GLOBIOM 1.0,ADVANCE_2030_Med2C,C4,non-IMP,52.192,31.960,-0.214,21.717,38.634,2079,1218.708,1.981,1.902
MESSAGE-GLOBIOM 1.0,ADVANCE_2030_Price1.5C,C2,non-IMP,52.198,12.077,-0.240,54.692,76.808,2056,729.686,1.764,1.404
MESSAGE-GLOBIOM 1.0,ADVANCE_2030_WB2C,C3,non-IMP,52.195,17.357,-0.190,44.463,66.682,2061,827.327,1.806,1.521
MESSAGE-GLOBIOM 1.0,ADVANCE_INDC,C5,non-IMP,52.197,42.796,-0.197,8.050,17.849,,2046.072,2.372,2.372
MESSAGE-GLOBIOM 1.0,ADVANCE_Reference,C6,non-IMP,56.039,59.589,-7.558,-14.082,-14.371,,3201.916,2.885,2.885
MESSAGE-GLOBIOM 1.0,EMF30_BCOC-EndU,C7,non-IMP,60.522,72.387,-10.683,-20.824,-32.381,,4867.107,3.756,3.756
MESSAGE-GLOBIOM 1.0,EMF30_Baseline,C7,non-IMP,60.832,72.781,-11.030,-21.529,-32.840,,4864.614,3.747,3.747
MESSAGE-GLOBIOM 1.0,EMF30_D_BCOC-Red,C7,non-IMP,60.820,72.776,-11.018,-21.532,-32.841,,4864.045,3.746,3.746
MESSAGE-GLOBIOM 1.0,EMF30_D_CH4-ClimPolicy,C7,non-IMP,54.932,58.389,-4.643,-7.395,-11.227,,3653.627,3.071,3.071
MESSAGE-GLOBIOM 1.0,EMF30_D_Frozen-CH4,C7,non-IMP,61.803,75.136,-12.219,-23.728,-36.429,,4750.943,3.919,3.919
MESSAGE-GLOBIOM 1.0,EMF30_D_Frozen-EF,C7,non-IMP,61.802,75.133,-12.234,-23.738,-36.444,,4750.980,3.680,3.680
MESSAGE-GLOBIOM 1.0,EMF30_D_Frozen-EF-EndU,C7,non-IMP,60.820,72.776,-11.018,-21.532,-32.841,,4864.046,3.660,3.660
MESSAGE-GLOBIOM 1.0,EMF30_D_Frozen-EF-SLCF,C7,non-IMP,61.803,75.136,-12.219,-23.728,-36.429,,4750.943,3.949,3.949
MESSAGE-GLOBIOM 1.0,EMF30_Slower-Action,C5,non-IMP,50.983,40.896,0.983,10.396,20.573,,1981.735,2.338,2.338
MESSAGE-GLOBIOM 1.0,EMF30_Slower-to-faster,C2,non-IMP,50.975,15.415,0.992,47.448,70.059,2058,769.820,1.786,1.458
MESSAGE-GLOBIOM 1.0,EMF33_1.5C_cost100,C1,non-IMP,22.478,4.567,57.278,76.736,91.320,2045,346.133,1.577,1.079
MESSAGE-GLOBIOM 1.0,EMF33_1.5C_full,C1,non-IMP,22.504,4.608,57.228,76.659,91.242,2045,347.039,1.578,1.079
MESSAGE-GLOBIOM 1.0,EMF33_Baseline,C7,non-IMP,59.378,72.074,-10.225,-20.381,-33.792,,4787.304,3.732,3.732
MESSAGE-GLOBIOM 1.0,EMF33_Med2C_cost100,C4,non-IMP,43.369,28.427,17.837,28.240,46.145,2075,1029.211,1.893,1.804
MESSAGE-GLOBIOM 1.0,EMF33_Med2C_full,C4,non-IMP,43.841,27.933,16.943,27.411,47.081,2074,1019.620,1.895,1.804
MESSAGE-GLOBIOM 1.0,EMF33_Med2C_limbio,C4,non-IMP,40.622,23.387,22.827,34.696,55.570,2074,892.168,1.829,1.764
MESSAGE-GLOBIOM 1.0,EMF33_Med2C_nobeccs,C3,non-IMP,37.584,20.403,28.637,46.818,61.260,2088,848.183,1.759,1.698
MESSAGE-GLOBIOM 1.0,EMF33_Med2C_nofuel,C4,non-IMP,42.697,26.436,18.898,29.624,49.785,2074,980.086,1.869,1.772
MESSAGE-GLOBIOM 1.0,EMF33_Med2C_none,C3,non-IMP,35.024,19.636,33.467,51.386,62.699,,820.388,1.731,1.677
MESSAGE-GLOBIOM 1.0,EMF33_WB2C_cost100,C2,non-IMP,34.687,15.781,34.163,53.373,70.048,2058,633.325,1.681,1.404
MESSAGE-GLOBIOM 1.0,EMF33_WB2C_full,C2,non-IMP,34.720,15.496,34.044,53.444,70.564,2058,630.416,1.683,1.411
MESSAGE-GLOBIOM 1.0,EMF33_WB2C_limbio,C2,non-IMP,29.482,11.231,43.840,63.912,78.606,2055,504.063,1.628,1.368
MESSAGE-GLOBIOM 1.0,EMF33_WB2C_nofuel,C2,non-IMP,34.461,15.753,34.502,53.718,70.059,2058,610.801,1.682,1.442
MESSAGE-GLOBIOM 1.0,EMF33_tax_hi_full,C3,non-IMP,39.906,20.947,25.816,40.204,61.059,2066,807.051,1.785,1.617
MESSAGE-GLOBIOM 1.0,EMF33_tax_hi_none,C4,non-IMP,40.792,23.809,24.815,39.410,56.116,,1071.925,1.849,1.822
MESSAGE-GLOBIOM 1.0,EMF33_tax_lo_full,C5,non-IMP,44.367,35.622,17.711,22.680,33.930,,1586.049,2.112,2.108
MESSAGE-GLOBIOM 1.0,EMF33_tax_lo_none,C5,non-IMP,45.165,38.174,16.161,20.264,29.138,,1850.173,2.254,2.254
MESSAGE-GLOBIOM 1.0,SSP1-26,C4,non-IMP,41.409,26.212,16.493,28.335,47.141,2069,951.644,1.863,1.651
MESSAGE-GLOBIOM 1.0,SSP1-34,C5,non-IMP,47.941,40.564,5.881,13.370,20.363,2088,1594.427,2.155,2.105
MESSAGE-GLOBIOM 1.0,SSP1-45,C6,non-IMP,52.638,50.470,-1.885,-0.142,2.312,,2511.025,2.576,2.572
MESSAGE-GLOBIOM 1.0,SSP1-Baseline,C7,non-IMP,55.010,60.233,-4.961,-10.348,-14.926,,3609.485,3.286,3.286
MESSAGE-GLOBIOM 1.0,SSP2-19,C1,non-IMP,32.051,9.783,38.691,64.711,81.287,2052,481.460,1.581,1.153
MESSAGE-GLOBIOM 1.0,SSP2-26,C3,non-IMP,44.417,24.587,14.721,32.372,52.794,2070,925.191,1.788,1.609
MESSAGE-GLOBIOM 1.0,SSP2-34,C5,non-IMP,53.242,42.179,-0.477,8.548,20.399,2090,1625.830,2.127,2.081
MESSAGE-GLOBIOM 1.0,SSP2-45,C6,non-IMP,56.148,53.605,-4.890,-4.472,-0.139,,2507.419,2.534,2.534
MESSAGE-GLOBIOM 1.0,SSP2-60,C7,non-IMP,58.711,66.617,-9.301,-17.737,-24.019,,4005.703,3.177,3.177
MESSAGE-GLOBIOM 1.0,SSP2-Baseline,C7,non-IMP,59.907,72.576,-11.343,-23.098,-34.888,,4839.842,3.723,3.723
MESSAGE-GLOBIOM 1.0,SSP3-34,C4,non-IMP,57.786,30.899,0.921,30.585,47.020,2081,1266.430,1.918,1.842
MESSAGE-GLOBIOM 1.0,SSP3-45,C5,non-IMP,64.555,48.195,-9.586,4.261,18.187,,2043.023,2.299,2.297
MESSAGE-GLOBIOM 1.0,SSP3-60,C6,non-IMP,71.595,74.227,-19.994,-24.891,-24.405,,3588.195,2.968,2.968
MESSAGEix-GLOBIOM 1.0,CD-LINKS_INDC2030i_1600,C4,non-IMP,53.141,33.245,-0.625,14.475,37.049,2074,1265.566,1.968,1.744
MESSAGEix-GLOBIOM 1.0,CD-LINKS_INDCi,C7,non-IMP,54.364,65.117,-2.948,-12.147,-23.313,,4429.569,3.454,3.454
MESSAGEix-GLOBIOM 1.0,CD-LINKS_NDC2030i_1000,C2,non-IMP,52.721,19.204,-0.059,32.680,63.553,2061,932.288,1.797,1.351
MESSAGEix-GLOBIOM 1.0,CD-LINKS_NPi,C7,non-IMP,58.789,70.068,-11.300,-20.761,-32.653,,4746.113,3.670,3.670
MESSAGEix-GLOBIOM 1.0,CD-LINKS_NPi2020_1000,C2,non-IMP,43.563,21.200,17.648,36.760,59.925,2062,842.230,1.761,1.429
MESSAGEix-GLOBIOM 1.0,CD-LINKS_NPi2020_1600,C4,non-IMP,49.304,34.031,6.620,17.894,35.546,2076,1258.301,1.953,1.771
MESSAGEix-GLOBIOM 1.0,CD-LINKS_NPi2020_400,C1,non-IMP,33.727,10.081,36.129,61.022,80.910,2052,526.039,1.601,1.058
MESSAGEix-GLOBIOM 1.0,CD-LINKS_NoPolicy,C7,non-IMP,61.121,72.558,-10.556,-19.501,-31.245,,4952.579,3.754,3.754
MESSAGEix-GLOBIOM 1.0,LowEnergyDemand_1.3_IPCC,C1,LD,23.982,7.113,55.645,75.502,86.844,2052,401.451,1.601,1.279
MESSAGEix-GLOBIOM_1.1,EN_NPi2020_200f,C2,non-IMP,28.211,8.502,49.201,70.054,84.690,2053,463.843,1.624,1.192
MESSAGEix-GLOBIOM_1.1,EN_NPi2020_300f,C2,non-IMP,30.375,10.185,45.356,66.546,81.679,2056,514.069,1.641,1.247
MESSAGEix-GLOBIOM_1.1,EN_NPi2020_400f,C2,non-IMP,32.196,11.983,42.080,62.185,78.443,2059,572.080,1.660,1.310
MESSAGEix-GLOBIOM_1.1,EN_NPi2020_450f,C2,non-IMP,33.092,12.829,40.470,59.916,76.922,2061,602.126,1.672,1.335
MESSAGEix-GLOBIOM_1.1,EN_NPi2020_450,C1,non-IMP,21.400,5.050,61.502,80.972,90.914,2045,338.564,1.573,1.354
MESSAGEix-GLOBIOM_1.1,EN_NPi2020_500f,C2,non-IMP,34.278,13.612,38.249,57.719,75.479,2062,634.851,1.685,1.362
MESSAGEix-GLOBIOM_1.1,EN_NPi2020_500,C1,non-IMP,23.502,6.432,57.722,77.154,88.430,2049,377.019,1.590,1.379
MESSAGEix-GLOBIOM_1.1,EN_NPi2020_600f_DR10p,C2,non-IMP,43.819,17.482,21.424,43.510,68.651,2062,835.135,1.775,1.379
MESSAGEix-GLOBIOM_1.1,EN_INDCi2030_600f_COV_NDCp,C2,non-IMP,50.776,14.565,5.916,49.868,73.013,2060,778.501,1.754,1.380
MESSAGEix-GLOBIOM_1.1,EN_INDCi2030_600f_COV,C2,non-IMP,52.117,14.355,3.432,49.491,73.401,2059,791.642,1.764,1.381
MESSAGEix-GLOBIOM_1.1,NGFS2_Divergent Net Zero Policies,C1,non-IMP,26.662,8.179,50.600,71.454,84.847,2052,423.952,1.602,1.391
MESSAGEix-GLOBIOM_1.1,EN_NPi2020_600f_COV,C2,non-IMP,34.336,16.012,36.378,51.981,70.332,2065,677.417,1.688,1.406
MESSAGEix-GLOBIOM_1.1,EN_NPi2020_600f,C2,non-IMP,35.706,15.383,35.706,53.703,72.301,2064,690.812,1.707,1.409
MESSAGEix-GLOBIOM_1.1,EN_NPi2020_600f_DR4p,C2,non-IMP,34.592,15.015,37.576,55.774,72.904,2064,665.208,1.693,1.412
MESSAGEix-GLOBIOM_1.1,NGFS2_Net-Zero 2050,C1,non-IMP,27.498,9.265,49.049,68.906,82.833,2055,451.501,1.608,1.415
MESSAGEix-GLOBIOM_1.1,EN_NPi2020_600_DR10p,C2,non-IMP,29.706,7.266,46.633,71.665,86.947,2051,470.706,1.621,1.422
MESSAGEix-GLOBIOM_1.1,EN_NPi2020_600f_DR3p,C2,non-IMP,32.983,14.667,40.349,58.145,73.474,2065,635.781,1.677,1.423
MESSAGEix-GLOBIOM_1.1,EN_NPi2020_600_COV,C1,non-IMP,27.999,9.543,48.120,68.125,82.318,2055,463.943,1.614,1.424
MESSAGEix-GLOBIOM_1.1,EN_NPi2020_600_DR4p,C1,non-IMP,27.615,9.170,50.216,69.832,83.468,2055,461.648,1.611,1.426
MESSAGEix-GLOBIOM_1.1,EN_NPi2020_600_DR3p,C1,non-IMP,27.204,9.409,50.850,69.672,83.001,2055,459.693,1.608,1.427
MESSAGEix-GLOBIOM_1.1,EN_NPi2020_600,C2,non-IMP,27.872,8.968,49.859,70.000,83.866,2054,464.265,1.623,1.428
MESSAGEix-GLOBIOM_1.1,EN_NPi2020_600_DR2p,C1,non-IMP,26.858,9.609,51.465,69.770,82.636,2057,457.128,1.607,1.429
MESSAGEix-GLOBIOM_1.1,EN_NPi2020_600_DR1p,C1,non-IMP,26.534,10.043,52.071,70.229,81.859,2059,454.194,1.604,1.431
MESSAGEix-GLOBIOM_1.1,EN_NPi2020_600f_DR2p,C2,non-IMP,31.154,14.031,43.701,60.754,74.644,2066,600.165,1.660,1.432
MESSAGEix-GLOBIOM_1.1,EN_NPi2020_600f_DR1p,C2,non-IMP,29.195,13.342,47.265,64.265,75.900,2066,553.281,1.638,1.436
MESSAGEix-GLOBIOM_1.1,EN_INDCi2030_700f_NDCp,C2,non-IMP,54.493,16.256,1.885,47.090,70.731,2061,862.956,1.799,1.438
MESSAGEix-GLOBIOM_1.1,EN_INDCi2030_700f,C2,non-IMP,55.146,16.049,0.710,47.011,71.104,2061,867.109,1.808,1.439
MESSAGEix-GLOBIOM_1.1,EN_INDCi2030_700f_COV,C2,non-IMP,52.117,16.472,3.432,45.488,69.478,2062,836.500,1.778,1.443
MESSAGEix-GLOBIOM_1.1,EN_INDCi2030_700f_COV_NDCp,C2,non-IMP,50.779,16.790,5.911,45.976,68.890,2063,824.664,1.768,1.443
MESSAGEix-GLOBIOM_1.1,EN_NPi2020_700f_COV,C2,non-IMP,36.472,18.260,32.330,46.988,66.121,2067,747.353,1.721,1.463
MESSAGEix-GLOBIOM_1.1,EN_NPi2020_700f,C2,non-IMP,37.122,17.619,33.135,48.869,68.263,2066,762.435,1.735,1.464
MESSAGEix-GLOBIOM_1.1,EN_NPi2020_700_COV,C2,non-IMP,30.688,12.155,43.137,62.247,77.479,2063,548.465,1.637,1.480
MESSAGEix-GLOBIOM_1.1,EN_NPi2020_700,C2,non-IMP,31.320,11.569,43.578,64.411,79.159,2060,549.141,1.649,1.484
MESSAGEix-GLOBIOM_1.1,EN_INDCi2030_800f_NDCp,C3,non-IMP,54.495,18.221,1.842,43.259,67.180,2064,908.932,1.817,1.501
MESSAGEix-GLOBIOM_1.1,EN_INDCi2030_800f,C3,non-IMP,55.133,18.029,0.704,43.136,67.530,2064,912.381,1.823,1.502
MESSAGEix-GLOBIOM_1.1,EN_INDCi2030_800f_COV_NDCp,C3,non-IMP,50.779,18.874,5.911,41.219,65.027,2066,882.114,1.790,1.504
MESSAGEix-GLOBIOM_1.1,NGFS2_Delayed Transition,C3,non-IMP,56.223,14.542,-4.034,47.633,73.092,2059,820.591,1.780,1.505
MESSAGEix-GLOBIOM_1.1,EN_INDCi2030_800f_COV,C3,non-IMP,52.117,18.493,3.432,40.866,65.734,2065,890.961,1.799,1.507
MESSAGEix-GLOBIOM_1.1,EN_NPi2020_800f,C3,non-IMP,39.079,19.829,29.608,44.926,64.283,2069,829.518,1.765,1.519
MESSAGEix-GLOBIOM_1.1,EN_NPi2020_800f_COV,C3,non-IMP,37.547,20.452,30.335,43.375,62.054,2070,816.372,1.747,1.522
MESSAGEix-GLOBIOM_1.1,EN_NPi2020_800_COV,C3,non-IMP,33.222,14.885,38.441,55.315,72.418,2066,643.154,1.675,1.528
MESSAGEix-GLOBIOM_1.1,EN_NPi2020_800,C3,non-IMP,34.070,14.045,38.625,58.310,74.699,2066,642.148,1.684,1.535
MESSAGEix-GLOBIOM_1.1,EN_INDCi2030_900f_NDCp,C3,non-IMP,54.473,20.196,2.116,39.267,63.710,2067,967.762,1.840,1.558
MESSAGEix-GLOBIOM_1.1,EN_INDCi2030_900f_COV_NDCp,C3,non-IMP,50.779,21.008,5.911,37.589,61.073,2069,938.120,1.811,1.558
MESSAGEix-GLOBIOM_1.1,EN_INDCi2030_900f,C3,non-IMP,55.129,20.099,0.938,38.981,63.884,2066,972.710,1.845,1.560
MESSAGEix-GLOBIOM_1.1,EN_INDCi2030_900f_COV,C3,non-IMP,52.117,20.472,3.432,36.987,62.067,2068,945.039,1.821,1.562
MESSAGEix-GLOBIOM_1.1,EN_NPi2020_900f,C3,non-IMP,40.150,22.437,27.679,41.371,59.585,2071,907.107,1.795,1.575
MESSAGEix-GLOBIOM_1.1,EN_NPi2020_900f_COV,C3,non-IMP,38.354,22.828,28.838,41.171,57.645,2072,885.023,1.769,1.577
MESSAGEix-GLOBIOM_1.1,EN_NPi2020_900_COV,C3,non-IMP,35.634,17.477,33.971,49.476,67.615,2070,732.566,1.709,1.579
MESSAGEix-GLOBIOM_1.1,EN_NPi2020_900,C3,non-IMP,36.553,16.547,34.229,51.929,70.226,2068,736.686,1.720,1.582
MESSAGEix-GLOBIOM_1.1,EN_INDCi2030_950f_COV_NDCp,C3,non-IMP,50.757,22.359,6.060,35.538,58.618,2070,973.061,1.825,1.587
MESSAGEix-GLOBIOM_1.1,EN_INDCi2030_950f_COV,C3,non-IMP,52.095,21.894,3.584,35.193,59.479,2069,977.890,1.832,1.588
MESSAGEix-GLOBIOM_1.1,EN_INDCi2030_950_COV,C3,non-IMP,52.117,14.516,3.432,49.920,73.103,2061,793.781,1.763,1.589
MESSAGEix-GLOBIOM_1.1,EN_INDCi2030_950_COV_NDCp,C3,non-IMP,50.779,15.310,5.911,49.255,71.631,2063,792.742,1.756,1.591
MESSAGEix-GLOBIOM_1.1,EN_NPi2020_1000f_DR10p,C4,non-IMP,50.521,27.693,9.384,26.773,50.329,2068,1125.199,1.902,1.598
MESSAGEix-GLOBIOM_1.1,EN_INDCi2030_1000f_NDCp,C4,non-IMP,54.478,22.654,2.108,35.956,59.292,2069,1027.850,1.863,1.612
MESSAGEix-GLOBIOM_1.1,EN_INDCi2030_1000f_COV,C3,non-IMP,52.095,23.002,3.584,33.101,57.429,2070,1007.514,1.843,1.612
MESSAGEix-GLOBIOM_1.1,EN_INDCi2030_1000f,C4,non-IMP,55.130,22.393,0.935,35.706,59.762,2069,1030.178,1.868,1.612
MESSAGEix-GLOBIOM_1.1,EN_INDCi2030_1000f_COV_NDCp,C3,non-IMP,50.757,23.532,6.060,33.148,56.448,2071,1005.418,1.837,1.614
MESSAGEix-GLOBIOM_1.1,EN_INDCi2030_1000_COV_NDCp,C3,non-IMP,50.764,17.289,5.919,45.681,67.958,2066,839.051,1.768,1.615
MESSAGEix-GLOBIOM_1.1,EN_INDCi2030_1000_COV,C3,non-IMP,52.117,16.549,3.432,46.139,69.335,2066,839.926,1.775,1.616
MESSAGEix-GLOBIOM_1.1,EN_NPi2020_1000_DR10p,C3,non-IMP,43.125,17.099,22.511,44.755,69.276,2067,835.577,1.770,1.617
MESSAGEix-GLOBIOM_1.1,EN_INDCi2030_1000_NDCp,C3,non-IMP,54.496,15.209,1.963,49.620,72.640,2062,840.323,1.788,1.618
MESSAGEix-GLOBIOM_1.1,EN_INDCi2030_1000,C3,non-IMP,55.149,14.870,0.790,49.770,73.249,2061,840.447,1.795,1.623
MESSAGEix-GLOBIOM_1.1,EN_NPi2020_1000f_COV,C3,non-IMP,39.200,24.603,27.273,38.633,54.353,2075,956.469,1.791,1.625
MESSAGEix-GLOBIOM_1.1,NGFS2_Below 2°C,C3,non-IMP,37.432,20.122,30.537,44.791,62.661,2075,817.422,1.739,1.631
MESSAGEix-GLOBIOM_1.1,EN_NPi2020_1000f,C3,non-IMP,41.784,24.477,24.747,39.139,55.917,2073,977.072,1.817,1.631
MESSAGEix-GLOBIOM_1.1,EN_NPi2020_1000f_DR4p,C3,non-IMP,39.804,23.214,28.242,41.389,58.150,2075,940.669,1.795,1.636
MESSAGEix-GLOBIOM_1.1,EN_NPi2020_1000_COV,C3,non-IMP,37.361,20.430,30.669,44.380,62.088,2075,826.064,1.742,1.636
MESSAGEix-GLOBIOM_1.1,EN_NPi2020_1000,C3,non-IMP,38.488,19.521,30.666,46.246,64.834,2072,826.264,1.757,1.637
MESSAGEix-GLOBIOM_1.1,EN_NPi2020_1000_DR4p,C3,non-IMP,37.724,19.660,31.898,47.706,64.509,2075,824.982,1.748,1.639
MESSAGEix-GLOBIOM_1.1,EN_NPi2020_1000_DR3p,C3,non-IMP,37.096,19.857,32.879,49.075,64.071,2077,823.052,1.742,1.639
MESSAGEix-GLOBIOM_1.1,EN_NPi2020_1000_DR2p,C3,non-IMP,35.445,19.709,35.947,51.043,64.384,2080,817.755,1.730,1.642
MESSAGEix-GLOBIOM_1.1,EN_NPi2020_1000_DR1p,C3,non-IMP,32.978,18.398,40.510,55.518,66.812,,800.906,1.706,1.643
MESSAGEix-GLOBIOM_1.1,EN_NPi2020_1000f_DR3p,C3,non-IMP,37.971,21.964,31.397,45.072,60.317,2077,896.208,1.771,1.644
MESSAGEix-GLOBIOM_1.1,EN_NPi2020_1000f_DR2p,C3,non-IMP,36.081,20.456,34.798,49.862,63.033,2080,849.958,1.741,1.645
MESSAGEix-GLOBIOM_1.1,EN_NPi2020_1000f_DR1p,C3,non-IMP,32.606,18.399,41.021,55.743,66.719,,807.285,1.705,1.648
MESSAGEix-GLOBIOM_1.1,EN_INDCi2030_1200f,C4,non-IMP,55.156,27.646,0.685,26.790,50.219,2073,1167.171,1.925,1.716
MESSAGEix-GLOBIOM_1.1,EN_INDCi2030_1200f_NDCp,C4,non-IMP,54.504,27.836,1.860,26.960,49.879,2074,1168.464,1.922,1.718
MESSAGEix-GLOBIOM_1.1,EN_INDCi2030_1200_COV,C3,non-IMP,52.095,23.085,3.334,33.564,57.164,2076,1021.132,1.841,1.722
MESSAGEix-GLOBIOM_1.1,EN_INDCi2030_1200_COV_NDCp,C3,non-IMP,50.766,23.685,5.793,33.539,56.048,2076,1021.545,1.838,1.724
MESSAGEix-GLOBIOM_1.1,EN_NPi2020_1200_COV,C3,non-IMP,40.351,25.553,25.125,36.506,52.584,2080,1014.810,1.810,1.726
MESSAGEix-GLOBIOM_1.1,EN_INDCi2030_1200_NDCp,C4,non-IMP,54.477,22.038,2.101,37.035,60.396,2072,1022.299,1.855,1.728
MESSAGEix-GLOBIOM_1.1,EN_INDCi2030_1200,C4,non-IMP,55.131,21.824,0.928,36.812,60.781,2070,1023.150,1.860,1.728
MESSAGEix-GLOBIOM_1.1,EN_NPi2020_1200,C3,non-IMP,42.161,25.048,24.048,38.330,54.878,2078,1018.433,1.826,1.731
MESSAGEix-GLOBIOM_1.1,EN_INDCi2030_1200f_COV_NDCp,C4,non-IMP,50.984,28.862,5.682,26.950,46.606,2076,1144.037,1.896,1.733
MESSAGEix-GLOBIOM_1.1,EN_NPi2020_1200f_COV,C4,non-IMP,41.930,28.584,22.392,32.632,47.094,2079,1113.993,1.860,1.733
MESSAGEix-GLOBIOM_1.1,EN_INDCi2030_1200f_COV,C4,non-IMP,52.321,28.407,3.208,26.523,47.448,2075,1145.997,1.901,1.733
MESSAGEix-GLOBIOM_1.1,EN_NPi2020_1200f,C4,non-IMP,43.860,28.505,21.221,33.303,48.801,2077,1129.633,1.881,1.739
MESSAGEix-GLOBIOM_1.1,EN_INDCi2030_1400f,C4,non-IMP,55.136,32.055,0.694,22.839,42.266,2078,1314.582,1.981,1.823
MESSAGEix-GLOBIOM_1.1,EN_INDCi2030_1400f_NDCp,C4,non-IMP,54.484,32.199,1.869,23.030,42.006,2078,1313.162,1.976,1.823
MESSAGEix-GLOBIOM_1.1,EN_INDCi2030_1400_COV_NDCp,C4,non-IMP,50.769,30.147,5.970,26.085,44.165,2080,1209.595,1.910,1.824
MESSAGEix-GLOBIOM_1.1,EN_INDCi2030_1400_COV,C4,non-IMP,52.107,29.601,3.491,25.708,45.175,2080,1209.248,1.913,1.824
MESSAGEix-GLOBIOM_1.1,EN_NPi2020_1400_COV,C4,non-IMP,43.640,30.339,19.139,30.729,43.783,2087,1206.411,1.890,1.825
MESSAGEix-GLOBIOM_1.1,EN_NPi2020_1400,C4,non-IMP,45.115,29.688,18.738,31.436,46.525,2085,1204.906,1.901,1.827
MESSAGEix-GLOBIOM_1.1,EN_INDCi2030_1400_NDCp,C4,non-IMP,54.479,28.859,2.106,26.319,48.142,2078,1213.796,1.932,1.829
MESSAGEix-GLOBIOM_1.1,EN_INDCi2030_1400f_COV,C4,non-IMP,52.101,32.406,3.342,22.578,39.879,2080,1294.116,1.953,1.829
MESSAGEix-GLOBIOM_1.1,EN_INDCi2030_1400,C4,non-IMP,55.131,28.753,0.933,26.041,48.333,2078,1213.548,1.937,1.830
MESSAGEix-GLOBIOM_1.1,EN_NPi2020_1400f_COV,C4,non-IMP,44.058,32.457,18.257,27.790,39.781,2083,1273.345,1.922,1.830
MESSAGEix-GLOBIOM_1.1,EN_INDCi2030_1400f_COV_NDCp,C4,non-IMP,50.762,32.769,5.825,22.989,39.207,2080,1292.429,1.949,1.830
MESSAGEix-GLOBIOM_1.1,EN_NPi2020_1400f,C4,non-IMP,46.264,32.309,16.667,28.434,41.803,2080,1289.513,1.949,1.831
MESSAGEix-GLOBIOM_1.1,EN_NPi2020_1600_COV,C4,non-IMP,45.564,34.400,15.712,23.430,36.364,2090,1398.377,1.973,1.919
MESSAGEix-GLOBIOM_1.1,EN_INDCi2030_1600_COV_NDCp,C4,non-IMP,50.984,35.256,5.686,20.174,34.781,2088,1402.152,1.989,1.922
MESSAGEix-GLOBIOM_1.1,EN_NPi2020_1600,C4,non-IMP,47.718,34.431,14.294,25.786,38.160,2088,1400.224,1.990,1.923
MESSAGEix-GLOBIOM_1.1,EN_INDCi2030_1600_COV,C4,non-IMP,52.322,35.048,3.210,20.562,35.166,2088,1401.978,1.992,1.923
MESSAGEix-GLOBIOM_1.1,EN_INDCi2030_1600f_COV_NDCp,C5,non-IMP,50.769,36.674,5.912,17.586,32.034,2085,1451.196,2.011,1.926
MESSAGEix-GLOBIOM_1.1,EN_NPi2020_1600f,C5,non-IMP,48.049,35.610,13.546,23.955,35.928,2086,1447.800,2.008,1.927
MESSAGEix-GLOBIOM_1.1,EN_NPi2020_1600f_COV,C4,non-IMP,45.556,35.049,15.727,22.862,35.165,2088,1433.218,1.987,1.928
MESSAGEix-GLOBIOM_1.1,EN_INDCi2030_1600_NDCp,C5,non-IMP,54.702,34.626,1.750,20.890,37.808,2086,1400.884,2.008,1.929
MESSAGEix-GLOBIOM_1.1,EN_INDCi2030_1600,C5,non-IMP,55.355,34.422,0.578,20.269,38.175,2086,1400.847,2.013,1.930
MESSAGEix-GLOBIOM_1.1,EN_INDCi2030_1600f_NDCp,C5,non-IMP,54.487,36.847,1.964,19.048,33.703,2082,1466.647,2.039,1.931
MESSAGEix-GLOBIOM_1.1,EN_INDCi2030_1600f,C5,non-IMP,55.139,36.833,0.789,18.749,33.727,2082,1467.835,2.044,1.931
MESSAGEix-GLOBIOM_1.1,EN_INDCi2030_1600f_COV,C5,non-IMP,52.323,36.783,3.210,17.911,31.956,2085,1453.814,2.019,1.934
MESSAGEix-GLOBIOM_1.1,EN_NPi2020_1800_COV,C5,non-IMP,46.975,37.367,13.061,19.335,30.843,2097,1590.302,2.037,2.005
MESSAGEix-GLOBIOM_1.1,EN_INDCi2030_1800_COV,C5,non-IMP,52.100,38.552,3.348,14.844,28.482,2095,1591.604,2.060,2.007
MESSAGEix-GLOBIOM_1.1,EN_NPi2020_1800f_COV,C5,non-IMP,46.805,37.602,13.172,19.632,30.244,2092,1606.239,2.049,2.007
MESSAGEix-GLOBIOM_1.1,EN_INDCi2030_1800_NDCp,C5,non-IMP,54.487,39.517,1.964,15.028,28.899,2089,1593.653,2.084,2.008
MESSAGEix-GLOBIOM_1.1,EN_INDCi2030_1800_COV_NDCp,C5,non-IMP,50.769,38.892,5.912,14.715,27.923,2095,1591.826,2.059,2.008
MESSAGEix-GLOBIOM_1.1,EN_INDCi2030_1800,C5,non-IMP,55.139,39.482,0.790,15.395,28.961,2089,1593.525,2.088,2.009
MESSAGEix-GLOBIOM_1.1,EN_NPi2020_1800,C5,non-IMP,49.501,37.702,10.935,20.156,32.165,2094,1589.381,2.058,2.010
MESSAGEix-GLOBIOM_1.1,EN_INDCi2030_1800f_COV,C5,non-IMP,52.107,39.075,3.433,14.617,27.585,2090,1615.385,2.073,2.011
MESSAGEix-GLOBIOM_1.1,EN_INDCi2030_1800f_COV_NDCp,C5,non-IMP,50.769,39.378,5.912,14.511,27.022,2090,1615.255,2.072,2.011
MESSAGEix-GLOBIOM_1.1,EN_NPi2020_1800f,C5,non-IMP,49.520,38.282,10.814,19.669,31.054,2089,1614.686,2.073,2.014
MESSAGEix-GLOBIOM_1.1,EN_INDCi2030_1800f_NDCp,C5,non-IMP,54.487,40.313,2.119,14.348,27.582,2087,1630.400,2.104,2.019
MESSAGEix-GLOBIOM_1.1,EN_INDCi2030_1800f,C5,non-IMP,55.140,40.344,0.947,14.681,27.526,2087,1631.000,2.107,2.020
MESSAGEix-GLOBIOM_1.1,EN_NPi2020_2000_COV,C5,non-IMP,48.854,40.830,9.583,14.983,24.433,2098,1787.215,2.135,2.105
MESSAGEix-GLOBIOM_1.1,EN_NPi2020_2000,C5,non-IMP,51.033,41.319,8.297,15.274,25.752,2097,1784.984,2.140,2.107
MESSAGEix-GLOBIOM_1.1,EN_NPi2020_2000f_COV,C5,non-IMP,48.844,40.878,9.600,15.110,24.344,2096,1793.636,2.140,2.107
MESSAGEix-GLOBIOM_1.1,EN_INDCi2030_2000_COV,C5,non-IMP,52.101,41.451,3.574,10.948,23.283,2098,1786.075,2.138,2.107
MESSAGEix-GLOBIOM_1.1,EN_INDCi2030_2000_COV_NDCp,C5,non-IMP,50.763,41.809,6.050,10.777,22.621,2098,1786.692,2.137,2.107
MESSAGEix-GLOBIOM_1.1,EN_NPi2020_2000f,C5,non-IMP,50.974,41.651,8.405,16.055,25.156,2093,1797.352,2.152,2.111
MESSAGEix-GLOBIOM_1.1,EN_INDCi2030_2000f_COV_NDCp,C5,non-IMP,50.763,41.916,6.050,10.934,22.424,2095,1796.867,2.147,2.112
MESSAGEix-GLOBIOM_1.1,EN_INDCi2030_2000f_COV,C5,non-IMP,52.101,41.650,3.574,11.192,22.915,2094,1797.481,2.148,2.113
MESSAGEix-GLOBIOM_1.1,EN_INDCi2030_2000_NDCp,C5,non-IMP,54.489,42.652,1.865,11.125,23.184,2097,1785.579,2.157,2.116
MESSAGEix-GLOBIOM_1.1,EN_INDCi2030_2000,C5,non-IMP,55.141,42.584,0.690,11.408,23.306,2097,1784.613,2.158,2.117
MESSAGEix-GLOBIOM_1.1,EN_INDCi2030_2000f_NDCp,C5,non-IMP,54.489,42.788,1.865,11.133,22.939,2092,1801.163,2.168,2.119
MESSAGEix-GLOBIOM_1.1,EN_INDCi2030_2000f,C5,non-IMP,55.141,42.775,0.690,11.509,22.962,2092,1801.835,2.171,2.121
MESSAGEix-GLOBIOM_1.1,EN_NPi2020_2500,C5,non-IMP,54.508,48.104,1.818,8.194,13.352,,2277.689,2.375,2.351
MESSAGEix-GLOBIOM_1.1,EN_NPi2020_2500_COV,C5,non-IMP,51.277,47.143,4.863,7.701,12.532,,2282.108,2.368,2.352
MESSAGEix-GLOBIOM_1.1,EN_NPi2020_2500f,C5,non-IMP,54.481,47.730,1.866,8.707,14.027,,2280.360,2.376,2.354
MESSAGEix-GLOBIOM_1.1,EN_NPi2020_2500f_COV,C5,non-IMP,51.091,46.363,5.207,9.166,13.980,,2281.810,2.367,2.354
MESSAGEix-GLOBIOM_1.1,EN_INDCi2030_2500_COV,C5,non-IMP,52.102,48.187,3.332,5.298,10.596,,2281.840,2.372,2.356
MESSAGEix-GLOBIOM_1.1,EN_INDCi2030_2500_COV_NDCp,C5,non-IMP,50.764,48.205,5.814,5.225,10.562,,2283.129,2.372,2.358
MESSAGEix-GLOBIOM_1.1,EN_INDCi2030_2500_NDCp,C5,non-IMP,54.487,49.593,1.855,4.047,10.671,,2279.413,2.379,2.358
MESSAGEix-GLOBIOM_1.1,EN_INDCi2030_2500f_COV,C5,non-IMP,52.102,47.879,3.332,5.592,11.167,,2282.737,2.372,2.359
MESSAGEix-GLOBIOM_1.1,EN_INDCi2030_2500,C5,non-IMP,55.133,49.717,0.853,4.479,10.593,,2279.991,2.381,2.359
MESSAGEix-GLOBIOM_1.1,EN_INDCi2030_2500f_COV_NDCp,C5,non-IMP,50.764,47.765,5.814,5.664,11.379,,2283.673,2.370,2.359
MESSAGEix-GLOBIOM_1.1,EN_INDCi2030_2500f_NDCp,C5,non-IMP,54.487,49.242,1.855,4.348,11.303,,2279.712,2.383,2.361
MESSAGEix-GLOBIOM_1.1,EN_INDCi2030_2500f,C5,non-IMP,55.139,49.208,0.680,4.837,11.365,,2279.424,2.383,2.361
MESSAGEix-GLOBIOM_1.1,NGFS2_Nationally Determined Contributions (NDCs),C5,non-IMP,50.769,42.190,5.938,12.694,21.833,,2335.708,2.365,2.365
MESSAGEix-GLOBIOM_1.1,EN_NPi2020_3000f_COV,C6,non-IMP,52.934,51.918,2.032,1.702,3.912,,2770.300,2.592,2.592
MESSAGEix-GLOBIOM_1.1,EN_NPi2020_3000_COV,C6,non-IMP,52.886,52.152,2.120,1.557,3.479,,2773.325,2.594,2.594
MESSAGEix-GLOBIOM_1.1,EN_NPi2020_3000f,C6,non-IMP,57.002,53.400,-2.670,-0.202,3.818,,2772.347,2.596,2.596
MESSAGEix-GLOBIOM_1.1,EN_NPi2020_3000,C6,non-IMP,57.087,53.680,-2.786,-0.406,3.349,,2775.457,2.596,2.596
MESSAGEix-GLOBIOM_1.1,EN_INDCi2030_3000_COV_NDCp,C6,non-IMP,50.769,53.089,6.031,-0.220,1.737,,2775.373,2.597,2.597
MESSAGEix-GLOBIOM_1.1,EN_INDCi2030_3000_COV,C6,non-IMP,52.108,53.113,3.554,-0.252,1.693,,2776.712,2.599,2.598
MESSAGEix-GLOBIOM_1.1,EN_INDCi2030_3000f_NDCp,C6,non-IMP,54.495,54.370,1.845,-1.524,2.070,,2775.445,2.600,2.600
MESSAGEix-GLOBIOM_1.1,EN_INDCi2030_3000_NDCp,C6,non-IMP,54.495,54.955,1.845,-1.957,1.018,,2775.894,2.600,2.600
MESSAGEix-GLOBIOM_1.1,EN_INDCi2030_3000f_COV_NDCp,C6,non-IMP,50.758,53.004,6.058,-0.098,1.901,,2782.511,2.601,2.601
MESSAGEix-GLOBIOM_1.1,EN_INDCi2030_3000f_COV,C6,non-IMP,52.096,53.042,3.581,-0.131,1.832,,2782.535,2.601,2.601
MESSAGEix-GLOBIOM_1.1,EN_INDCi2030_3000f,C6,non-IMP,55.148,54.329,0.670,-1.271,2.144,,2772.911,2.601,2.601
MESSAGEix-GLOBIOM_1.1,EN_INDCi2030_3000,C6,non-IMP,55.161,54.853,0.681,-1.776,1.236,,2776.021,2.602,2.602
MESSAGEix-GLOBIOM_1.1,EN_INDCi2100_COV_NDCp,C6,non-IMP,50.840,53.580,5.900,3.020,0.829,,3430.511,2.837,2.837
MESSAGEix-GLOBIOM_1.1,EN_INDCi2100_COV,C6,non-IMP,52.178,54.281,3.423,1.271,-0.469,,3508.805,2.900,2.900
MESSAGEix-GLOBIOM_1.1,EN_INDCi2100_NDCp,C6,non-IMP,54.492,56.408,1.856,-0.044,-1.596,,3571.070,2.927,2.927
MESSAGEix-GLOBIOM_1.1,EN_INDCi2100,C6,non-IMP,55.172,57.121,0.718,-1.363,-2.790,,3645.765,2.973,2.973
MESSAGEix-GLOBIOM_1.1,NGFS2_Current Policies,C7,non-IMP,56.286,61.349,-4.179,-9.171,-13.551,,4123.639,3.157,3.157
MESSAGEix-GLOBIOM_1.1,EN_NPi2100_COV,C7,non-IMP,56.286,62.485,-4.180,-8.872,-15.653,,4203.361,3.233,3.233
MESSAGEix-GLOBIOM_1.1,EN_NPi2100,C7,non-IMP,60.051,66.304,-7.915,-11.807,-19.151,,4362.714,3.308,3.308
MESSAGEix-GLOBIOM_1.1,EN_NoPolicy,C7,non-IMP,61.371,70.765,-8.682,-15.083,-25.318,,4837.475,3.619,3.619
MESSAGEix-GLOBIOM_1.2,COV_GreenPush,C7,non-IMP,55.823,64.627,-4.605,-11.036,-21.104,,4397.489,3.400,3.400
MESSAGEix-GLOBIOM_1.2,COV_GreenPush_1000,C3,non-IMP,37.312,20.305,29.994,44.681,61.904,2073,816.807,1.733,1.620
MESSAGEix-GLOBIOM_1.2,COV_GreenPush_550,C1,non-IMP,25.111,7.523,52.969,73.444,85.910,2051,390.338,1.581,1.377
MESSAGEix-GLOBIOM_1.2,COV_GreenPush_max_GDP,C7,non-IMP,59.758,71.163,-9.910,-19.531,-30.886,,5060.459,3.668,3.668
MESSAGEix-GLOBIOM_1.2,COV_GreenPush_min_GDP,C7,non-IMP,49.459,54.913,9.048,4.936,-0.983,,3783.799,3.064,3.064
MESSAGEix-GLOBIOM_1.2,COV_NoPolicyNoCOVID,C7,non-IMP,60.926,70.492,-8.477,-14.796,-25.508,,4811.434,3.612,3.612
MESSAGEix-GLOBIOM_1.2,COV_NoPolicyNoCOVID_1000,C3,non-IMP,39.172,18.942,30.176,47.869,66.237,2069,816.855,1.757,1.630
MESSAGEix-GLOBIOM_1.2,COV_NoPolicyNoCOVID_550,C1,non-IMP,24.486,6.515,56.414,77.389,88.403,2049,389.281,1.595,1.386
MESSAGEix-GLOBIOM_1.2,COV_Restore,C7,non-IMP,58.002,67.420,-8.463,-15.830,-26.073,,4604.481,3.530,3.530
MESSAGEix-GLOBIOM_1.2,COV_Restore_1000,C3,non-IMP,38.119,19.946,28.634,44.894,62.657,2070,818.450,1.741,1.623
MESSAGEix-GLOBIOM_1.2,COV_Restore_550,C1,non-IMP,24.922,7.216,53.408,74.023,86.510,2050,392.438,1.584,1.381
MESSAGEix-GLOBIOM_1.2,COV_SelfReliance,C7,non-IMP,59.879,69.964,-12.301,-20.291,-31.215,,4797.747,3.600,3.600
MESSAGEix-GLOBIOM_1.2,COV_SelfReliance_1000,C3,non-IMP,38.657,19.681,27.413,44.043,63.044,2070,821.316,1.746,1.622
MESSAGEix-GLOBIOM_1.2,COV_SelfReliance_550,C1,non-IMP,25.052,7.081,53.028,74.254,86.722,2050,394.463,1.585,1.380
MESSAGEix-GLOBIOM_1.2,COV_SelfReliance_max_GDP,C7,non-IMP,62.426,73.595,-15.289,-25.463,-35.916,,5464.122,3.650,3.650
MESSAGEix-GLOBIOM_1.2,COV_SelfReliance_min_GDP,C7,non-IMP,53.031,59.752,2.516,-2.657,-9.837,,4130.786,3.262,3.262
MESSAGEix-GLOBIOM_1.2,COV_SmartUse,C7,non-IMP,58.075,67.449,-8.808,-16.091,-26.372,,4612.485,3.529,3.529
MESSAGEix-GLOBIOM_1.2,COV_SmartUse_1000,C3,non-IMP,38.005,19.959,28.692,44.413,62.552,2070,818.899,1.739,1.620
MESSAGEix-GLOBIOM_1.2,COV_SmartUse_550,C1,non-IMP,24.935,7.265,53.293,73.876,86.392,2050,392.882,1.583,1.378
MESSAGEix-GLOBIOM_GEI 1.0,SSP2_int_lc_15,C5,non-IMP,51.731,40.569,6.492,13.292,26.669,2078,1435.360,2.090,1.983
MESSAGEix-GLOBIOM_GEI 1.0,SSP2_int_lc_50,C3,non-IMP,43.761,19.122,20.862,40.444,65.420,2059,812.771,1.799,1.502
MESSAGEix-GLOBIOM_GEI 1.0,SSP2_int_mc_15,C5,non-IMP,52.522,39.802,4.958,11.025,27.975,2077,1421.514,2.088,1.970
MESSAGEix-GLOBIOM_GEI 1.0,SSP2_int_mc_50,C2,non-IMP,43.697,18.879,20.979,41.042,65.860,2058,808.430,1.796,1.490
MESSAGEix-GLOBIOM_GEI 1.0,SSP2_noint_lc_15,C5,non-IMP,51.784,40.755,6.397,13.070,26.333,2078,1439.350,2.092,1.985
MESSAGEix-GLOBIOM_GEI 1.0,SSP2_noint_lc_50,C3,non-IMP,43.868,19.226,20.669,39.792,65.232,2059,818.264,1.802,1.505
MESSAGEix-GLOBIOM_GEI 1.0,SSP2_noint_mc_15,C5,non-IMP,52.517,40.035,4.967,11.113,27.554,2077,1424.493,2.089,1.972
MESSAGEix-GLOBIOM_GEI 1.0,SSP2_noint_mc_50,C2,non-IMP,43.726,19.042,20.926,40.578,65.564,2058,812.274,1.798,1.494
MESSAGEix-GLOBIOM_GEI 1.0,SSP2_openres_lc_100,C2,non-IMP,39.814,13.744,27.983,51.676,75.139,2054,675.443,1.738,1.344
MESSAGEix-GLOBIOM_GEI 1.0,SSP2_openres_lc_120,C2,non-IMP,39.006,12.747,29.471,53.602,76.951,2054,649.260,1.730,1.313
MESSAGEix-GLOBIOM_GEI 1.0,SSP2_openres_lc_15,C5,non-IMP,51.595,39.170,6.636,14.813,29.120,2077,1398.372,2.074,1.962
MESSAGEix-GLOBIOM_GEI 1.0,SSP2_openres_lc_50,C3,Ren-2.0,42.406,20.988,23.287,40.038,62.033,2062,842.875,1.801,1.551
MESSAGEix-GLOBIOM_GEI 1.0,SSP2_openres_lc_80,C2,non-IMP,40.514,15.330,26.766,49.321,72.289,2056,704.231,1.747,1.382
MESSAGEix-GLOBIOM_GEI 1.0,SSP2_openres_lc_CB400,C2,non-IMP,35.488,9.088,35.829,60.589,83.568,2051,565.891,1.693,1.218
MESSAGEix-GLOBIOM_GEI 1.0,SSP2_openres_lc_CB450,C2,non-IMP,35.811,9.396,35.245,59.918,83.010,2051,573.065,1.697,1.226
MESSAGEix-GLOBIOM_GEI 1.0,SSP2_openres_lc_CB500,C2,non-IMP,36.077,9.801,34.764,59.090,82.278,2051,580.555,1.701,1.235
MESSAGEix-GLOBIOM_GEI 1.0,SSP2_openres_lc_CB550,C2,non-IMP,36.155,10.179,34.624,58.281,81.594,2052,586.783,1.703,1.242
MESSAGEix-GLOBIOM_GEI 1.0,SSP2_openres_lc_CB600,C2,non-IMP,36.331,10.577,34.305,57.464,80.874,2052,594.214,1.705,1.248
MESSAGEix-GLOBIOM_GEI 1.0,SSP2_openres_mc_15,C5,non-IMP,52.409,39.130,5.161,11.723,29.191,2077,1405.073,2.080,1.963
MESSAGEix-GLOBIOM_GEI 1.0,SSP2_openres_mc_50,C2,non-IMP,43.365,18.971,21.749,41.231,65.767,2058,799.645,1.796,1.489
POLES ADVANCE,ADVANCE_2020_1.5C-2100,C1,non-IMP,33.624,7.010,41.694,71.666,87.844,2053,612.147,1.541,1.124
POLES ADVANCE,ADVANCE_2020_Med2C,C3,non-IMP,48.482,26.866,15.906,33.437,53.400,2095,1349.675,1.813,1.787
POLES ADVANCE,ADVANCE_2020_WB2C,C2,non-IMP,44.071,17.268,23.576,50.051,70.055,2069,946.082,1.646,1.445
POLES ADVANCE,ADVANCE_2030_1.5C-2100,C2,non-IMP,53.575,5.005,7.098,74.593,91.321,2050,717.879,1.660,1.127
POLES ADVANCE,ADVANCE_2030_Med2C,C3,non-IMP,53.558,23.935,7.116,36.121,58.491,2097,1342.597,1.809,1.792
POLES ADVANCE,ADVANCE_2030_Price1.5C,C2,non-IMP,53.553,7.546,7.137,70.941,86.915,2054,751.986,1.660,1.199
POLES ADVANCE,ADVANCE_2030_WB2C,C2,non-IMP,53.576,16.360,7.092,50.983,71.630,2066,985.630,1.700,1.445
POLES ADVANCE,ADVANCE_INDC,C5,non-IMP,53.573,41.603,7.067,16.522,27.832,,2277.152,2.384,2.384
POLES ADVANCE,ADVANCE_NoPolicy,C7,non-IMP,68.189,76.812,-16.237,-27.709,-30.935,,4499.301,3.711,3.711
POLES ADVANCE,ADVANCE_Reference,C7,non-IMP,66.273,73.938,-14.779,-25.636,-28.053,,4340.999,3.610,3.610
POLES CD-LINKS,CD-LINKS_NoPolicy,C7,non-IMP,67.382,76.137,-15.688,-24.555,-30.719,,4823.164,3.657,3.657
POLES EMF30,EMF30_BCOC-EndU,C7,non-IMP,63.597,71.193,-10.444,-19.494,-23.636,,3990.274,3.409,3.409
POLES EMF30,EMF30_Baseline,C7,non-IMP,63.701,71.172,-10.990,-20.062,-24.008,,3991.664,3.394,3.394
POLES EMF30,EMF30_D_BCOC-Red,C7,non-IMP,63.701,71.172,-10.990,-20.062,-24.008,,3991.664,3.399,3.399
POLES EMF30,EMF30_D_CO2-Only,C4,non-IMP,39.376,22.285,27.345,41.347,58.880,2061,707.678,1.867,1.840
POLES EMF30,EMF30_D_Frozen-CH4,C7,non-IMP,64.272,72.686,-11.686,-21.503,-26.306,,3991.716,3.530,3.530
POLES EMF30,EMF30_D_Frozen-EF,C7,non-IMP,64.272,72.686,-11.686,-21.503,-26.306,,3991.716,3.098,3.098
POLES EMF30,EMF30_D_Frozen-EF-EndU,C7,non-IMP,63.701,71.172,-10.990,-20.062,-24.008,,3991.664,3.234,3.234
POLES EMF30,EMF30_D_Frozen-EF-SLCF,C7,non-IMP,64.272,72.686,-11.686,-21.503,-26.306,,3991.716,3.530,3.530
POLES EMF30,EMF30_Slower-to-faster,C2,non-IMP,52.408,11.701,5.045,55.344,78.799,2059,846.239,1.685,1.297
POLES EMF33,EMF33_Baseline,C7,non-IMP,61.995,69.614,-10.080,-18.612,-23.607,,3884.654,3.388,3.388
POLES EMF33,EMF33_Med2C_cost100,C3,non-IMP,39.749,25.309,29.436,41.076,55.070,2098,1199.267,1.729,1.672
POLES EMF33,EMF33_Med2C_full,C3,non-IMP,40.279,25.399,28.499,41.952,54.912,2099,1212.179,1.727,1.682
POLES EMF33,EMF33_Med2C_limbio,C3,non-IMP,35.169,23.854,37.552,47.619,57.643,,1260.802,1.723,1.693
POLES EMF33,EMF33_Med2C_nobeccs,C3,non-IMP,34.336,18.015,39.030,55.915,68.011,,1219.021,1.605,1.562
POLES EMF33,EMF33_Med2C_nofuel,C3,non-IMP,40.293,25.411,28.458,42.004,54.882,2099,1188.361,1.700,1.625
POLES EMF33,EMF33_Med2C_none,C3,non-IMP,33.845,17.505,39.890,57.056,68.910,,1188.097,1.586,1.528
POLES EMF33,EMF33_WB2C_cost100,C1,non-IMP,32.212,14.695,42.800,58.832,73.906,2067,765.547,1.580,1.334
POLES EMF33,EMF33_WB2C_full,C1,non-IMP,32.735,15.014,41.873,57.753,73.340,2068,776.574,1.576,1.345
POLES EMF33,EMF33_WB2C_nofuel,C1,non-IMP,31.898,14.377,43.349,59.913,74.466,2067,753.072,1.549,1.270
POLES EMF33,EMF33_tax_hi_full,C4,non-IMP,45.151,35.607,20.269,26.431,37.122,2085,1394.874,1.866,1.748
POLES EMF33,EMF33_tax_hi_none,C4,non-IMP,45.017,37.041,20.517,26.568,34.600,,1915.397,1.956,1.944
POLES EMF33,EMF33_tax_lo_full,C5,non-IMP,50.687,48.819,10.521,10.299,13.818,,2408.712,2.339,2.337
POLES EMF33,EMF33_tax_lo_none,C5,non-IMP,50.504,48.896,10.829,10.554,13.667,,2551.656,2.374,2.374
POLES ENGAGE,EN_INDCi2030_1000,C4,non-IMP,53.671,18.226,6.149,56.882,68.129,2100,1036.482,1.852,1.814
POLES ENGAGE,EN_INDCi2030_1000_COV,C4,non-IMP,50.992,19.490,6.514,51.956,64.269,2100,1058.306,1.840,1.793
POLES ENGAGE,EN_INDCi2030_1000_COV_NDCp,C4,non-IMP,48.598,19.310,10.903,52.490,64.598,2100,1037.615,1.827,1.783
POLES ENGAGE,EN_INDCi2030_1000_NDCp,C4,non-IMP,52.392,19.233,7.649,53.925,66.099,2100,1059.562,1.837,1.786
POLES ENGAGE,EN_INDCi2030_1000f,C4,non-IMP,53.671,22.490,6.149,46.483,60.673,2079,1106.251,1.899,1.786
POLES ENGAGE,EN_INDCi2030_1000f_COV,C4,non-IMP,51.087,22.561,6.780,43.536,58.832,2081,1106.270,1.883,1.782
POLES ENGAGE,EN_INDCi2030_1000f_COV_NDCp,C4,non-IMP,48.697,22.767,11.141,43.450,58.457,2083,1104.004,1.878,1.787
POLES ENGAGE,EN_INDCi2030_1000f_NDCp,C4,non-IMP,53.138,23.298,6.756,43.484,59.118,2078,1123.572,1.903,1.796
POLES ENGAGE,EN_INDCi2030_1200,C4,non-IMP,53.731,23.785,6.141,44.082,58.452,2100,1226.487,1.947,1.922
POLES ENGAGE,EN_INDCi2030_1200f,C4,non-IMP,53.067,26.134,6.950,39.321,54.176,2086,1273.706,1.953,1.886
POLES ENGAGE,EN_INDCi2030_1400,C5,non-IMP,53.740,29.846,6.067,32.949,47.831,2100,1446.952,2.050,2.022
POLES ENGAGE,EN_INDCi2030_1400f,C5,non-IMP,53.266,29.203,6.846,33.709,48.928,2096,1447.012,2.013,1.982
POLES ENGAGE,EN_INDCi2030_1600,C5,non-IMP,53.956,33.628,5.798,27.475,41.289,,1630.008,2.135,2.119
POLES ENGAGE,EN_INDCi2030_1600f,C5,non-IMP,53.956,33.628,5.798,27.475,41.289,,1630.008,2.135,2.119
POLES ENGAGE,EN_INDCi2030_1800,C5,non-IMP,53.545,35.916,6.474,24.280,37.267,,1864.084,2.221,2.203
POLES ENGAGE,EN_INDCi2030_1800f,C5,non-IMP,53.545,35.916,6.474,24.280,37.267,,1864.084,2.221,2.203
POLES ENGAGE,EN_INDCi2030_2000,C5,non-IMP,53.132,37.780,7.182,22.396,34.001,,2021.129,2.277,2.273
POLES ENGAGE,EN_INDCi2030_2000f,C5,non-IMP,53.132,37.780,7.182,22.396,34.001,,2021.129,2.277,2.273
POLES ENGAGE,EN_INDCi2030_2500,C6,non-IMP,52.859,44.505,7.251,16.064,21.909,,2534.739,2.511,2.511
POLES ENGAGE,EN_INDCi2030_2500f,C6,non-IMP,52.859,44.505,7.251,16.064,21.909,,2534.739,2.511,2.511
POLES ENGAGE,EN_INDCi2030_3000,C6,non-IMP,54.091,51.946,5.176,7.872,8.937,,3059.847,2.888,2.888
POLES ENGAGE,EN_INDCi2030_3000f,C6,non-IMP,54.091,51.946,5.176,7.872,8.937,,3059.847,2.888,2.888
POLES ENGAGE,EN_INDCi2030_300f,C2,non-IMP,53.056,14.449,6.945,63.230,74.658,2063,836.774,1.810,1.438
POLES ENGAGE,EN_INDCi2030_400f,C2,non-IMP,52.911,14.573,7.164,62.601,74.430,2064,852.405,1.807,1.470
POLES ENGAGE,EN_INDCi2030_500f,C3,non-IMP,52.911,15.339,7.164,60.673,73.087,2066,885.506,1.810,1.519
POLES ENGAGE,EN_INDCi2030_600f,C3,non-IMP,53.495,16.624,6.322,58.335,70.890,2068,910.193,1.831,1.589
POLES ENGAGE,EN_INDCi2030_600f_COV,C3,non-IMP,50.992,15.299,6.514,58.492,71.952,2069,866.665,1.797,1.561
POLES ENGAGE,EN_INDCi2030_600f_COV_NDCp,C3,non-IMP,48.602,15.036,10.896,59.170,72.434,2068,843.634,1.784,1.552
POLES ENGAGE,EN_INDCi2030_600f_NDCp,C3,non-IMP,52.392,16.197,7.649,58.178,71.450,2068,914.079,1.809,1.564
POLES ENGAGE,EN_INDCi2030_700f,C3,non-IMP,53.671,17.684,6.149,55.828,69.077,2071,948.857,1.841,1.642
POLES ENGAGE,EN_INDCi2030_800f,C4,non-IMP,53.671,18.891,6.149,53.410,66.967,2073,991.131,1.855,1.682
POLES ENGAGE,EN_INDCi2030_900,C3,non-IMP,52.911,14.812,7.164,64.066,74.011,2090,942.657,1.807,1.745
POLES ENGAGE,EN_INDCi2030_900f,C4,non-IMP,53.750,20.920,6.011,49.723,63.419,2077,1055.641,1.878,1.735
POLES ENGAGE,EN_INDCi2100,C7,non-IMP,54.792,56.253,3.413,2.663,0.837,,3367.558,3.098,3.098
POLES ENGAGE,EN_INDCi2100_COV,C7,non-IMP,53.226,52.691,2.357,3.627,3.339,,3137.059,3.014,3.014
POLES ENGAGE,EN_INDCi2100_COV_NDCp,C6,non-IMP,50.853,45.837,6.716,12.485,15.918,,2765.994,2.746,2.746
POLES ENGAGE,EN_INDCi2100_NDCp,C6,non-IMP,51.807,48.469,8.676,12.656,14.559,,2971.202,2.778,2.778
POLES ENGAGE,EN_NPi2020_1000,C4,non-IMP,41.034,19.303,27.587,52.130,65.936,2100,1021.077,1.825,1.793
POLES ENGAGE,EN_NPi2020_1000_COV,C4,non-IMP,42.463,19.746,23.096,49.942,64.238,2095,1053.167,1.851,1.820
POLES ENGAGE,EN_NPi2020_1000f,C4,non-IMP,47.899,23.578,15.794,39.202,58.551,2077,1120.116,1.893,1.783
POLES ENGAGE,EN_NPi2020_1000f_COV,C4,non-IMP,47.827,23.736,13.407,37.706,57.024,2079,1124.238,1.900,1.806
POLES ENGAGE,EN_NPi2020_1200,C4,non-IMP,45.939,24.934,19.780,41.687,56.460,,1245.124,1.924,1.903
POLES ENGAGE,EN_NPi2020_1200f,C4,non-IMP,50.182,28.069,11.782,33.221,50.655,2083,1273.807,1.961,1.892
POLES ENGAGE,EN_NPi2020_1400,C5,non-IMP,51.631,30.735,9.161,28.415,45.925,2099,1425.842,2.038,2.015
POLES ENGAGE,EN_NPi2020_1400f,C5,non-IMP,52.090,31.754,8.468,26.737,44.202,2092,1442.942,2.056,2.031
POLES ENGAGE,EN_NPi2020_1600,C5,non-IMP,51.044,34.148,10.266,22.865,39.969,2100,1630.829,2.098,2.070
POLES ENGAGE,EN_NPi2020_1600f,C5,non-IMP,51.044,34.148,10.266,22.865,39.969,2098,1625.353,2.098,2.068
POLES ENGAGE,EN_NPi2020_1800,C5,non-IMP,51.444,36.849,9.562,20.348,35.221,,1823.251,2.201,2.183
POLES ENGAGE,EN_NPi2020_1800f,C5,non-IMP,51.444,36.849,9.562,20.348,35.221,,1823.251,2.201,2.183
POLES ENGAGE,EN_NPi2020_2000,C5,non-IMP,50.938,39.829,10.114,18.233,29.718,,2032.446,2.292,2.289
POLES ENGAGE,EN_NPi2020_2000f,C5,non-IMP,50.938,39.829,10.114,18.233,29.718,,2032.446,2.292,2.289
POLES ENGAGE,EN_NPi2020_2500,C6,non-IMP,55.287,46.693,2.829,9.208,17.933,,2520.087,2.549,2.549
POLES ENGAGE,EN_NPi2020_2500f,C6,non-IMP,55.287,46.693,2.829,9.208,17.933,,2520.087,2.549,2.549
POLES ENGAGE,EN_NPi2020_3000,C6,non-IMP,51.114,48.463,9.728,14.850,14.410,,3016.907,2.928,2.928
POLES ENGAGE,EN_NPi2020_3000f,C6,non-IMP,51.114,48.463,9.728,14.850,14.410,,3016.907,2.928,2.928
POLES ENGAGE,EN_NPi2020_300f,C2,non-IMP,34.440,13.523,39.310,61.877,76.169,2062,691.110,1.718,1.458
POLES ENGAGE,EN_NPi2020_400f,C2,non-IMP,35.580,13.307,37.167,61.260,76.500,2064,726.069,1.717,1.470
POLES ENGAGE,EN_NPi2020_500,C3,non-IMP,23.930,12.208,57.884,70.338,78.514,2068,549.795,1.635,1.597
POLES ENGAGE,EN_NPi2020_500f,C3,non-IMP,37.663,14.353,33.488,58.374,74.653,2067,783.471,1.737,1.518
POLES ENGAGE,EN_NPi2020_600,C3,non-IMP,27.000,13.414,52.481,67.952,76.392,2076,639.881,1.682,1.653
POLES ENGAGE,EN_NPi2020_600f,C3,non-IMP,39.959,15.978,29.433,54.869,71.783,2070,851.597,1.758,1.569
POLES ENGAGE,EN_NPi2020_600f_COV,C3,non-IMP,39.537,15.561,28.238,54.907,71.756,2069,822.711,1.762,1.570
POLES ENGAGE,EN_NPi2020_700,C3,non-IMP,33.094,14.104,41.678,63.305,75.144,2081,741.092,1.724,1.691
POLES ENGAGE,EN_NPi2020_700f,C3,non-IMP,42.319,17.610,25.604,51.243,69.042,2071,911.918,1.790,1.614
POLES ENGAGE,EN_NPi2020_800,C3,non-IMP,37.500,16.520,34.002,57.710,70.925,2080,845.459,1.773,1.740
POLES ENGAGE,EN_NPi2020_800f,C4,non-IMP,44.991,20.091,20.818,46.465,64.641,2072,972.734,1.840,1.694
POLES ENGAGE,EN_NPi2020_900,C3,non-IMP,39.521,17.691,30.099,54.920,68.711,,941.372,1.779,1.744
POLES ENGAGE,EN_NPi2020_900f,C4,non-IMP,46.733,21.913,17.843,43.299,61.477,2074,1034.753,1.873,1.748
POLES ENGAGE,EN_NPi2100,C7,non-IMP,65.347,69.355,-13.328,-17.011,-20.277,,4058.516,3.567,3.567
POLES ENGAGE,EN_NPi2100_COV,C7,non-IMP,63.092,65.633,-14.355,-16.973,-18.961,,3841.871,3.412,3.412
POLES GECO2019,CO_2Deg2020,C3,non-IMP,44.679,18.676,22.220,49.192,67.489,2070,948.527,1.813,1.595
POLES GECO2019,CO_2Deg2030,C3,non-IMP,55.154,17.570,3.125,51.696,69.139,2069,983.707,1.839,1.586
POLES GECO2019,CO_BAU,C7,non-IMP,67.439,72.099,-17.052,-21.730,-25.142,,4223.869,3.609,3.609
POLES GECO2019,CO_Bridge,C2,non-IMP,50.776,21.124,10.476,50.765,62.757,2061,961.459,1.775,1.444
POLES GECO2019,CO_Bridge_notax,C4,non-IMP,63.024,17.569,-10.528,57.428,69.189,2069,1006.464,1.865,1.593
POLES GECO2019,CO_CurPol,C7,non-IMP,63.800,68.499,-11.487,-15.786,-19.696,,4008.062,3.545,3.545
POLES GECO2019,CO_GPP,C5,non-IMP,49.862,37.685,12.018,27.340,33.505,,2435.274,2.336,2.336
POLES GECO2019,CO_GPP_notax,C7,non-IMP,63.379,60.432,-11.354,-5.575,-6.176,,3558.504,3.326,3.326
POLES GECO2019,CO_NDC_2050convergence,C6,non-IMP,56.436,51.378,0.995,6.671,9.868,,2757.614,2.855,2.855
POLES GECO2019,CO_NDCplus,C7,non-IMP,56.319,56.254,1.201,1.808,1.314,,3180.630,3.013,3.013
REMIND 1.6,EMF30_BCOC-EndU,C7,non-IMP,65.452,81.368,-13.051,-27.230,-40.541,,4916.271,3.856,3.856
REMIND 1.6,EMF30_Baseline,C7,non-IMP,66.306,81.863,-14.267,-27.937,-41.076,,4902.537,3.862,3.862
REMIND 1.6,EMF30_CH4-Only,C7,non-IMP,59.181,69.358,-4.261,-12.170,-22.189,,4666.451,3.428,3.428
REMIND 1.6,EMF30_D_BCOC-Red,C7,non-IMP,66.306,81.863,-14.267,-27.937,-41.076,,4902.537,3.862,3.862
REMIND 1.6,EMF30_D_CH4-ClimPolicy,C7,non-IMP,61.744,69.625,-7.024,-12.124,-20.685,,4739.636,3.298,3.298
REMIND 1.6,EMF30_D_Frozen-CH4,C8,non-IMP,68.709,86.163,-16.127,-31.139,-45.627,,4920.673,4.155,4.155
REMIND 1.6,EMF30_D_Frozen-EF,C8,non-IMP,69.078,86.701,-17.081,-32.289,-46.950,,4899.292,4.075,4.075
REMIND 1.6,EMF30_D_Frozen-EF-EndU,C7,non-IMP,66.285,81.826,-14.242,-27.871,-41.025,,4900.638,3.853,3.853
REMIND 1.6,EMF30_D_Frozen-EF-SLCF,C8,non-IMP,68.802,86.602,-16.769,-32.017,-46.977,,4899.657,4.272,4.272
REMIND 1.6,EMF30_SLCF,C7,non-IMP,60.440,74.284,-6.605,-18.868,-31.024,,4847.173,3.482,3.482
REMIND 1.6,EMF30_Slower-Action,C7,non-IMP,52.181,55.496,8.875,6.193,3.088,,3319.135,3.000,3.000
REMIND 1.6,EMF30_Slower-Action+SLCF,C6,non-IMP,49.128,49.973,12.125,12.457,10.614,,3269.931,2.789,2.789
REMIND 1.6,EMF30_Slower-to-faster,C3,non-IMP,52.181,26.091,8.875,37.633,54.437,2074,1123.140,1.837,1.693
REMIND 1.6,EMF30_Slower-to-faster+SLCF,C3,non-IMP,49.128,25.235,12.125,39.157,54.863,2075,1096.137,1.797,1.665
REMIND 1.6,EMF30_Slower-to-faster+SLCF+HFC,C3,non-IMP,49.128,25.238,12.125,39.137,54.856,2075,1096.577,1.798,1.665
REMIND 1.7,ADVANCE_2020_1.5C-2100,C1,non-IMP,32.656,4.154,42.808,74.780,92.725,2045,483.485,1.556,1.059
REMIND 1.7,ADVANCE_2020_Med2C,C3,non-IMP,44.536,25.484,21.992,39.035,55.363,2084,1053.902,1.800,1.691
REMIND 1.7,ADVANCE_2020_WB2C,C2,non-IMP,37.440,15.421,34.403,57.121,72.982,2059,694.280,1.640,1.343
REMIND 1.7,ADVANCE_2030_1.5C-2100,C2,non-IMP,54.096,0.271,5.258,64.410,99.525,2045,685.000,1.696,1.074
REMIND 1.7,ADVANCE_2030_Med2C,C4,non-IMP,54.113,25.402,5.196,32.926,55.497,2075,1108.315,1.857,1.695
REMIND 1.7,ADVANCE_2030_Price1.5C,C2,non-IMP,54.102,6.745,5.237,56.859,88.185,2049,736.972,1.719,1.205
REMIND 1.7,ADVANCE_2030_WB2C,C2,non-IMP,54.102,13.607,5.237,48.131,76.166,2056,832.329,1.753,1.349
REMIND 1.7,ADVANCE_INDC,C6,non-IMP,54.118,56.263,5.184,3.798,1.426,,3445.726,2.981,2.981
REMIND 1.7,ADVANCE_NoPolicy,C7,non-IMP,68.132,83.732,-15.702,-28.754,-42.193,,4913.782,3.905,3.905
REMIND 1.7,ADVANCE_Reference,C7,non-IMP,62.675,72.899,-9.773,-18.747,-27.680,,4475.883,3.567,3.567
REMIND 1.7,CEMICS-1.5-CDR12,C1,non-IMP,27.919,2.082,49.312,85.370,96.221,2040,383.441,1.528,1.115
REMIND 1.7,CEMICS-1.5-CDR20,C1,non-IMP,33.256,7.501,39.641,67.727,86.386,2049,515.576,1.579,1.119
REMIND 1.7,CEMICS-1.5-CDR8,C1,non-IMP,22.673,1.183,58.849,93.248,97.852,2035,313.736,1.491,1.132
REMIND 1.7,CEMICS-2.0-CDR12,C2,non-IMP,35.407,15.871,35.710,55.969,71.183,2059,668.570,1.628,1.401
REMIND 1.7,CEMICS-2.0-CDR20,C2,non-IMP,38.224,21.219,30.594,48.027,61.471,2064,809.452,1.687,1.409
REMIND 1.7,CEMICS-2.0-CDR8,C1,non-IMP,33.074,12.284,39.943,64.937,77.694,2061,566.514,1.585,1.395
REMIND 1.7,CEMICS-Ref,C7,non-IMP,65.061,78.685,-12.851,-24.569,-36.481,,4699.970,3.827,3.827
REMIND 2.1,CEMICS_GDPgrowth_1p5,C1,non-IMP,33.947,11.635,38.010,61.491,78.754,2053,550.969,1.599,1.273
REMIND 2.1,CEMICS_GDPgrowth_2C,C3,non-IMP,41.557,22.290,23.704,45.023,59.078,2084,950.298,1.699,1.639
REMIND 2.1,CEMICS_HotellingConst_1p5,C1,non-IMP,35.840,7.205,34.258,63.590,86.783,2049,552.477,1.594,1.125
REMIND 2.1,CEMICS_HotellingConst_2C,C3,non-IMP,46.634,22.359,13.982,37.637,58.759,2068,957.023,1.753,1.589
REMIND 2.1,CEMICS_Linear_1p5,C1,non-IMP,34.420,9.756,36.863,63.369,82.105,2051,549.960,1.588,1.182
REMIND 2.1,CEMICS_Linear_2C,C3,non-IMP,46.498,22.293,15.056,41.798,59.275,2077,948.431,1.751,1.659
REMIND 2.1,CEMICS_NPI,C7,non-IMP,62.530,69.844,-14.251,-19.753,-27.614,,4079.078,3.526,3.526
REMIND 2.1,CEMICS_opt_1p5,C1,non-IMP,34.829,10.131,36.023,64.883,81.390,2054,548.796,1.591,1.464
REMIND 2.1,CEMICS_opt_2C,C3,non-IMP,47.266,22.942,13.302,37.430,57.918,2077,946.926,1.774,1.667
REMIND 2.1,LeastTotalCost_Base_brkLR15_SSP1_P50,C6,non-IMP,61.498,55.006,-11.827,-13.642,-0.020,,2483.933,2.686,2.684
REMIND 2.1,LeastTotalCost_Base_brkLR15_SSP2_P50,C7,non-IMP,66.067,76.053,-18.027,-28.412,-35.867,,4130.916,3.516,3.516
REMIND 2.1,LeastTotalCost_Base_brkLR15_SSP5_P50,C8,non-IMP,75.330,105.705,-34.241,-64.642,-88.371,,6467.024,4.522,4.522
REMIND 2.1,LeastTotalCost_Base_brkSR15_SSP1_P50,C6,non-IMP,61.735,55.420,-11.918,-14.946,-0.470,,2508.036,2.610,2.605
REMIND 2.1,LeastTotalCost_Base_brkSR15_SSP2_P50,C7,non-IMP,66.176,77.784,-18.233,-29.679,-38.973,,4232.421,3.565,3.565
REMIND 2.1,LeastTotalCost_Base_brkSR15_SSP5_P50,C8,non-IMP,75.413,107.533,-34.285,-66.033,-91.479,,6627.718,4.559,4.559
REMIND 2.1,LeastTotalCost_CBA_brkLR15_SSP2_P50,C3,non-IMP,37.170,20.083,31.920,51.199,63.217,2078,781.778,1.662,1.584
REMIND 2.1,LeastTotalCost_CBA_brkSR15_SSP2_P50,C3,non-IMP,44.639,26.037,18.089,39.727,52.222,,1137.816,1.797,1.759
REMIND 2.1,LeastTotalCost_CEA_brkLR15_SSP2_P50,C3,non-IMP,47.115,23.011,13.558,37.160,57.782,2077,950.127,1.774,1.668
REMIND 2.1,LeastTotalCost_CEA_brkSR15_SSP2_P50,C3,non-IMP,47.080,23.062,13.623,36.897,57.688,2078,951.827,1.773,1.670
REMIND 2.1,LeastTotalCost_LTC_brkLR15_SSP1_P50,C1,non-IMP,35.671,16.922,34.748,55.133,69.045,2067,711.508,1.617,1.319
REMIND 2.1,LeastTotalCost_LTC_brkLR15_SSP2_P50,C3,non-IMP,37.171,20.073,31.919,51.191,63.235,2077,778.855,1.662,1.580
REMIND 2.1,LeastTotalCost_LTC_brkLR15_SSP5_P50,C3,non-IMP,41.448,22.999,24.089,40.079,57.877,2071,919.599,1.707,1.512
REMIND 2.1,LeastTotalCost_LTC_brkSR15_SSP1_P50,C2,non-IMP,42.219,21.293,22.475,45.901,60.902,2079,950.381,1.693,1.458
REMIND 2.1,LeastTotalCost_LTC_brkSR15_SSP2_P50,C3,non-IMP,42.370,23.196,22.196,42.855,57.406,2080,961.887,1.719,1.652
REMIND 2.1,LeastTotalCost_LTC_brkSR15_SSP5_P50,C3,non-IMP,45.053,23.433,17.343,34.779,57.007,2070,964.899,1.739,1.610
REMIND 2.1,LeastTotalCost_NDC_brkLR15_SSP2_P50,C5,non-IMP,56.916,45.012,-4.024,8.400,17.733,,2062.090,2.493,2.493
REMIND 2.1,LeastTotalCost_NDC_brkSR15_SSP2_P50,C5,non-IMP,57.075,44.660,-5.120,7.802,17.744,,2104.663,2.486,2.486
REMIND 2.1,LeastTotalCost_NPi_brkLR15_SSP1_P50,C5,non-IMP,55.353,47.472,-1.168,1.602,13.237,,2152.675,2.408,2.393
REMIND 2.1,LeastTotalCost_NPi_brkLR15_SSP2_P50,C7,non-IMP,61.858,66.135,-13.220,-17.013,-21.049,,3707.384,3.317,3.317
REMIND 2.1,LeastTotalCost_NPi_brkLR15_SSP5_P50,C8,non-IMP,69.147,96.315,-26.379,-54.473,-76.033,,5827.269,4.223,4.223
REMIND 2.1,LeastTotalCost_NPi_brkSR15_SSP1_P50,C5,non-IMP,55.437,48.213,-1.377,0.762,11.834,,2173.493,2.420,2.405
REMIND 2.1,LeastTotalCost_NPi_brkSR15_SSP2_P50,C7,non-IMP,61.934,67.507,-13.422,-18.435,-23.629,,3775.693,3.349,3.349
REMIND 2.1,LeastTotalCost_NPi_brkSR15_SSP5_P50,C8,non-IMP,69.271,97.739,-26.675,-55.790,-78.735,,5936.732,4.259,4.259
REMIND 2.1,R2p1_SSP1-Base,C6,non-IMP,59.313,53.251,-6.960,-9.237,3.971,,2382.607,2.647,2.647
REMIND 2.1,R2p1_SSP1-NDC,C5,non-IMP,50.937,33.721,6.882,21.791,38.356,,1452.159,2.068,2.028
REMIND 2.1,R2p1_SSP1-NPi,C5,non-IMP,54.090,47.062,1.343,2.171,14.161,,2115.019,2.389,2.372
REMIND 2.1,R2p1_SSP1-PkBudg1100,C2,non-IMP,39.099,14.883,28.690,55.829,72.855,2066,737.072,1.633,1.317
REMIND 2.1,R2p1_SSP1-PkBudg1300,C2,non-IMP,42.249,19.119,22.592,46.102,64.969,2079,932.239,1.687,1.442
REMIND 2.1,R2p1_SSP1-PkBudg900,C1,non-IMP,33.427,9.268,38.793,64.683,83.030,2053,540.783,1.576,1.158
REMIND 2.1,R2p1_SSP2-Base,C7,non-IMP,64.511,75.436,-14.953,-25.556,-34.421,,4217.309,3.681,3.681
REMIND 2.1,R2p1_SSP2-NDC,C5,non-IMP,55.207,41.580,-0.762,14.195,24.109,,2063.371,2.470,2.470
REMIND 2.1,R2p1_SSP2-NPi,C7,non-IMP,60.105,64.258,-10.152,-14.100,-17.762,,3776.285,3.343,3.343
REMIND 2.1,R2p1_SSP2-PkBudg1100,C3,non-IMP,41.179,15.747,24.905,53.177,71.283,2066,737.270,1.668,1.523
REMIND 2.1,R2p1_SSP2-PkBudg1300,C3,non-IMP,43.460,20.017,20.352,44.747,63.316,2093,926.126,1.710,1.635
REMIND 2.1,R2p1_SSP2-PkBudg900,C1,non-IMP,35.252,10.293,35.450,63.563,81.152,2052,541.708,1.602,1.361
REMIND 2.1,R2p1_SSP5-Base,C8,non-IMP,73.679,107.567,-30.130,-62.869,-89.983,,7067.971,4.679,4.679
REMIND 2.1,R2p1_SSP5-NDC,C7,non-IMP,62.217,68.096,-13.437,-24.037,-24.156,,3476.709,3.206,3.206
REMIND 2.1,R2p1_SSP5-NPi,C8,non-IMP,66.033,94.079,-21.401,-49.371,-72.964,,6382.488,4.161,4.161
REMIND 2.1,R2p1_SSP5-PkBudg1100,C2,non-IMP,42.002,13.287,23.339,50.940,75.749,2059,739.703,1.657,1.460
REMIND 2.1,R2p1_SSP5-PkBudg1300,C3,non-IMP,46.389,19.695,15.056,38.322,63.936,2081,930.611,1.730,1.585
REMIND 2.1,R2p1_SSP5-PkBudg900,C1,non-IMP,35.154,5.663,35.653,65.676,89.634,2048,546.716,1.582,1.190
REMIND 2.1,TechCost-SSP2-B1100-bioH,C3,non-IMP,41.236,15.515,24.603,52.268,71.632,2064,731.474,1.664,1.521
REMIND 2.1,TechCost-SSP2-B1100-ccsH,C3,non-IMP,41.832,14.837,23.595,52.756,72.901,2063,728.493,1.660,1.517
REMIND 2.1,TechCost-SSP2-B1100-coalH,C3,non-IMP,41.358,14.983,24.805,53.496,72.759,2064,725.175,1.661,1.517
REMIND 2.1,TechCost-SSP2-B1100-elh2H,C3,non-IMP,40.866,15.439,25.505,54.765,71.855,2068,723.395,1.658,1.529
REMIND 2.1,TechCost-SSP2-B1100-gasH,C3,non-IMP,41.316,15.204,24.573,52.850,72.244,2065,727.934,1.662,1.521
REMIND 2.1,TechCost-SSP2-B1100-nucH,C3,non-IMP,41.076,15.296,25.041,53.093,72.085,2065,728.060,1.661,1.520
REMIND 2.1,TechCost-SSP2-B1100-oilH,C3,non-IMP,40.556,15.149,26.186,53.412,72.428,2065,721.288,1.655,1.514
REMIND 2.1,TechCost-SSP2-B1100-spvH,C3,non-IMP,40.886,15.437,25.339,52.950,71.811,2065,727.671,1.660,1.519
REMIND 2.1,TechCost-SSP2-B1100-windH,C3,non-IMP,40.637,15.542,25.760,53.382,71.606,2066,726.574,1.659,1.522
REMIND-Buildings 2.0,BEG-Base,C7,non-IMP,66.707,80.770,-18.078,-33.222,-42.971,,4590.555,3.806,3.806
REMIND-Buildings 2.0,BEG-Budg600,C2,non-IMP,41.099,11.464,27.426,61.883,79.757,2052,616.807,1.676,1.423
REMIND-Buildings 2.0,BEG-Budg600-EG,C2,non-IMP,40.724,12.284,27.827,59.809,78.229,2052,605.251,1.685,1.435
REMIND-Buildings 2.0,BEG-EG,C7,non-IMP,64.967,78.204,-14.998,-28.859,-38.429,,4495.497,3.770,3.770
REMIND-MAgPIE 1.5,SSP1-19,C2,non-IMP,37.180,11.356,26.869,50.414,77.663,2053,622.721,1.646,1.185
REMIND-MAgPIE 1.5,SSP1-26,C4,non-IMP,44.861,30.748,11.505,22.674,39.345,2075,1133.759,1.888,1.645
REMIND-MAgPIE 1.5,SSP1-34,C5,non-IMP,52.364,47.277,-3.092,-2.923,6.924,2094,1850.619,2.211,2.094
REMIND-MAgPIE 1.5,SSP1-45,C6,non-IMP,55.169,57.108,-8.513,-16.736,-12.328,,2528.882,2.581,2.560
REMIND-MAgPIE 1.5,SSP1-Baseline,C7,non-IMP,58.251,66.220,-7.647,-18.640,-22.374,,3030.939,3.075,3.075
REMIND-MAgPIE 1.5,SSP2-19,C1,non-IMP,40.585,0.081,27.728,70.751,99.856,2045,579.938,1.596,1.135
REMIND-MAgPIE 1.5,SSP2-26,C3,non-IMP,48.551,28.486,16.551,34.895,51.038,2069,1144.062,1.837,1.626
REMIND-MAgPIE 1.5,SSP2-34,C5,non-IMP,55.419,39.939,4.802,19.459,31.394,2091,1801.579,2.124,2.074
REMIND-MAgPIE 1.5,SSP2-45,C6,non-IMP,58.800,50.648,-0.933,4.068,13.061,,2688.376,2.543,2.543
REMIND-MAgPIE 1.5,SSP2-60,C7,non-IMP,61.953,69.927,-6.337,-14.645,-20.024,,3916.552,3.253,3.253
REMIND-MAgPIE 1.5,SSP2-Baseline,C7,non-IMP,65.771,81.118,-13.824,-30.805,-40.383,,4984.823,3.976,3.976
REMIND-MAgPIE 1.5,SSP5-19,C2,non-IMP,48.798,9.927,11.050,42.796,81.905,2051,808.866,1.732,1.198
REMIND-MAgPIE 1.5,SSP5-26,C4,non-IMP,55.948,34.654,-2.164,11.259,36.719,2066,1322.899,1.980,1.651
REMIND-MAgPIE 1.5,SSP5-34,C5,non-IMP,59.353,47.990,-8.313,-2.656,12.423,2083,1905.305,2.247,2.105
REMIND-MAgPIE 1.5,SSP5-45,C6,non-IMP,60.722,55.945,-10.765,-10.658,-2.050,,2693.635,2.566,2.561
REMIND-MAgPIE 1.5,SSP5-60,C7,non-IMP,64.967,75.095,-18.420,-31.186,-36.881,,4115.855,3.233,3.233
REMIND-MAgPIE 1.5,SSP5-Baseline,C8,non-IMP,76.471,109.832,-28.073,-55.721,-83.948,,7822.002,5.036,5.036
REMIND-MAgPIE 1.7-3.0,CD-LINKS_INDC2030i_1000,C2,non-IMP,56.553,15.451,0.016,41.294,72.683,2057,927.767,1.793,1.449
REMIND-MAgPIE 1.7-3.0,CD-LINKS_INDC2030i_1600,C4,non-IMP,55.771,26.098,1.242,29.732,53.787,2077,1183.106,1.874,1.740
REMIND-MAgPIE 1.7-3.0,CD-LINKS_INDC2030i_400,C2,non-IMP,56.379,2.847,0.336,55.146,94.967,2047,774.289,1.734,1.165
REMIND-MAgPIE 1.7-3.0,CD-LINKS_INDCi,C7,non-IMP,56.521,61.296,0.134,-3.641,-8.303,,3549.961,3.086,3.086
REMIND-MAgPIE 1.7-3.0,CD-LINKS_NDC2030i_1000,C3,non-IMP,56.553,15.451,0.016,41.294,72.683,2057,927.767,1.822,1.520
REMIND-MAgPIE 1.7-3.0,CD-LINKS_NPi,C7,non-IMP,62.830,74.022,-10.601,-20.595,-30.303,,4544.664,3.563,3.563
REMIND-MAgPIE 1.7-3.0,CD-LINKS_NPi2020_1000,C2,non-IMP,39.345,17.086,29.667,51.847,69.457,2061,757.721,1.681,1.444
REMIND-MAgPIE 1.7-3.0,CD-LINKS_NPi2020_1600,C4,non-IMP,46.271,27.549,17.474,34.056,50.866,2087,1125.159,1.848,1.773
REMIND-MAgPIE 1.7-3.0,CD-LINKS_NPi2020_400,C1,non-IMP,33.300,6.582,40.356,69.300,88.212,2048,520.980,1.585,1.158
REMIND-MAgPIE 1.7-3.0,CD-LINKS_NoPolicy,C7,non-IMP,67.815,84.942,-15.303,-30.157,-44.423,,5003.716,3.964,3.964
REMIND-MAgPIE 1.7-3.0,CO_2Deg2020,C2,non-IMP,39.512,16.299,28.956,51.749,70.693,2060,743.525,1.685,1.435
REMIND-MAgPIE 1.7-3.0,CO_2Deg2030,C2,non-IMP,57.179,14.943,-0.149,40.240,73.827,2056,926.492,1.815,1.426
REMIND-MAgPIE 1.7-3.0,CO_BAU,C7,non-IMP,67.334,82.825,-14.410,-27.932,-40.732,,4818.017,3.937,3.937
REMIND-MAgPIE 1.7-3.0,CO_Bridge,C2,non-IMP,50.835,14.614,9.266,46.273,73.916,2058,842.533,1.766,1.453
REMIND-MAgPIE 1.7-3.0,CO_CurPol,C7,non-IMP,62.218,70.213,-9.532,-17.119,-23.609,,4341.816,3.584,3.584
REMIND-MAgPIE 1.7-3.0,CO_GPP,C5,non-IMP,50.493,35.488,10.149,23.236,36.851,,1813.528,2.266,2.266
REMIND-MAgPIE 1.7-3.0,CO_NDCplus,C7,non-IMP,56.858,58.270,0.409,-0.702,-2.064,,3322.020,3.079,3.079
REMIND-MAgPIE 1.7-3.0,EMF33_1.5C_cost100,C2,non-IMP,38.521,13.988,33.475,56.427,75.843,2054,711.304,1.650,1.289
REMIND-MAgPIE 1.7-3.0,EMF33_1.5C_full,C2,non-IMP,39.668,12.461,31.521,56.659,78.488,2053,703.318,1.657,1.295
REMIND-MAgPIE 1.7-3.0,EMF33_1.5C_nofuel,C1,non-IMP,37.822,8.483,34.605,64.397,85.333,2050,614.530,1.604,1.251
REMIND-MAgPIE 1.7-3.0,EMF33_Baseline,C8,non-IMP,72.074,87.609,-18.621,-32.683,-44.190,,4985.650,4.104,4.104
REMIND-MAgPIE 1.7-3.0,EMF33_Med2C_cost100,C4,non-IMP,50.051,35.015,12.617,26.162,38.868,2082,1422.447,1.995,1.901
REMIND-MAgPIE 1.7-3.0,EMF33_Med2C_full,C5,non-IMP,52.232,36.071,9.407,21.406,37.437,2082,1424.561,2.010,1.907
REMIND-MAgPIE 1.7-3.0,EMF33_Med2C_limbio,C3,non-IMP,45.850,26.632,20.181,39.872,53.636,2099,1213.200,1.845,1.807
REMIND-MAgPIE 1.7-3.0,EMF33_Med2C_nobeccs,C4,non-IMP,43.510,28.182,24.305,42.211,50.972,,1313.794,1.869,1.834
REMIND-MAgPIE 1.7-3.0,EMF33_Med2C_nofuel,C4,non-IMP,51.714,32.326,10.116,28.580,43.814,2081,1323.398,1.920,1.812
REMIND-MAgPIE 1.7-3.0,EMF33_Med2C_none,C4,non-IMP,42.134,25.865,27.082,46.009,55.238,,1226.467,1.837,1.826
REMIND-MAgPIE 1.7-3.0,EMF33_WB2C_cost100,C3,non-IMP,43.870,27.392,24.081,41.916,52.597,2069,1027.587,1.807,1.620
REMIND-MAgPIE 1.7-3.0,EMF33_WB2C_full,C3,non-IMP,45.928,26.411,20.599,38.550,54.340,2068,1019.969,1.818,1.630
REMIND-MAgPIE 1.7-3.0,EMF33_WB2C_limbio,C3,non-IMP,37.692,14.885,34.566,60.059,74.159,2068,714.174,1.646,1.519
REMIND-MAgPIE 1.7-3.0,EMF33_WB2C_nobeccs,C3,non-IMP,34.237,16.837,40.746,61.593,70.861,2096,744.039,1.623,1.559
REMIND-MAgPIE 1.7-3.0,EMF33_WB2C_nofuel,C3,non-IMP,44.181,22.943,23.798,43.712,60.429,2065,910.962,1.761,1.576
REMIND-MAgPIE 1.7-3.0,EMF33_WB2C_none,C3,non-IMP,32.362,14.153,43.780,67.796,75.413,2090,631.513,1.594,1.531
REMIND-MAgPIE 1.7-3.0,EMF33_tax_hi_full,C3,non-IMP,48.160,26.155,19.318,40.284,56.183,2069,1083.293,1.827,1.606
REMIND-MAgPIE 1.7-3.0,EMF33_tax_hi_none,C4,non-IMP,49.462,29.159,17.946,40.392,51.627,,1492.716,1.938,1.926
REMIND-MAgPIE 1.7-3.0,EMF33_tax_lo_full,C5,non-IMP,56.307,43.465,5.748,12.567,27.244,,2099.209,2.272,2.271
REMIND-MAgPIE 1.7-3.0,EMF33_tax_lo_none,C5,non-IMP,55.501,44.891,6.893,12.870,24.691,,2408.908,2.409,2.409
REMIND-MAgPIE 1.7-3.0,PEP_1p5C_full_NDC,C2,non-IMP,56.769,2.190,0.582,54.717,96.164,2047,778.210,1.757,1.138
REMIND-MAgPIE 1.7-3.0,PEP_1p5C_full_eff,C1,non-IMP,34.466,6.015,38.083,68.410,89.194,2048,529.208,1.593,1.148
REMIND-MAgPIE 1.7-3.0,PEP_1p5C_full_goodpractice,C2,non-IMP,50.988,4.155,9.266,56.591,92.606,2048,723.365,1.722,1.156
REMIND-MAgPIE 1.7-3.0,PEP_1p5C_full_netzero,C2,non-IMP,46.131,6.411,17.616,57.282,88.551,2049,676.946,1.705,1.194
REMIND-MAgPIE 1.7-3.0,PEP_1p5C_red_eff,C1,non-IMP,22.136,0.035,60.000,92.622,99.937,2037,319.662,1.500,1.126
REMIND-MAgPIE 1.7-3.0,PEP_2C_full_NDC,C2,non-IMP,57.179,14.943,-0.149,40.240,73.827,2056,926.492,1.815,1.426
REMIND-MAgPIE 1.7-3.0,PEP_2C_full_eff,C2,non-IMP,39.512,16.299,28.956,51.749,70.693,2060,743.525,1.685,1.435
REMIND-MAgPIE 1.7-3.0,PEP_2C_full_goodpractice,C2,non-IMP,49.775,16.011,10.822,43.656,71.314,2058,875.136,1.763,1.436
REMIND-MAgPIE 1.7-3.0,PEP_2C_full_netzero,C2,non-IMP,45.967,16.073,17.837,47.880,71.270,2059,813.794,1.738,1.449
REMIND-MAgPIE 1.7-3.0,PEP_2C_red_NDC,C2,non-IMP,54.981,5.296,3.264,56.436,90.683,2048,773.293,1.737,1.400
REMIND-MAgPIE 1.7-3.0,PEP_2C_red_eff,C1,non-IMP,34.018,9.782,38.854,67.459,82.417,2054,548.715,1.598,1.405
REMIND-MAgPIE 1.7-3.0,PEP_2C_red_goodpractice,C2,non-IMP,50.158,7.336,10.976,58.216,86.979,2050,724.982,1.712,1.427
REMIND-MAgPIE 1.7-3.0,PEP_2C_red_netzero,C2,non-IMP,46.271,8.430,17.438,59.991,84.957,2051,681.853,1.694,1.428
REMIND-MAgPIE 1.7-3.0,PEP_NDC,C7,non-IMP,56.858,58.270,0.409,-0.702,-2.064,,3322.020,3.079,3.079
REMIND-MAgPIE 1.7-3.0,PEP_NPi,C7,non-IMP,62.218,70.213,-9.532,-17.119,-23.609,,4341.816,3.584,3.584
REMIND-MAgPIE 1.7-3.0,PEP_NoPolicy,C7,non-IMP,67.334,82.825,-14.410,-27.932,-40.732,,4818.017,3.937,3.937
REMIND-MAgPIE 1.7-3.0,PEP_goodpractice,C6,non-IMP,49.865,42.844,11.113,17.995,23.628,,2202.763,2.507,2.507
REMIND-MAgPIE 1.7-3.0,PEP_netzero,C5,non-IMP,46.424,35.276,16.628,27.076,36.649,,1726.718,2.282,2.281
REMIND-MAgPIE 1.7-3.0,SMP_2C_lifesty,C1,non-IMP,36.917,14.541,26.599,49.412,71.088,2063,708.271,1.610,1.293
REMIND-MAgPIE 1.7-3.0,SMP_REF_Def,C7,non-IMP,66.062,79.527,-13.389,-24.784,-36.501,,4696.430,3.891,3.891
REMIND-MAgPIE 1.7-3.0,SMP_REF_Sust,C7,non-IMP,56.656,72.508,0.756,-14.217,-27.011,,3942.675,3.396,3.396
REMIND-MAgPIE 2.0-4.1,Diff_1300Gt_hybrid_def,C3,non-IMP,51.351,22.416,6.354,36.422,59.120,2076,993.196,1.815,1.749
REMIND-MAgPIE 2.0-4.1,Diff_1300Gt_no-transfer_def,C3,non-IMP,49.926,23.846,8.940,26.785,56.508,2073,1010.786,1.849,1.789
REMIND-MAgPIE 2.0-4.1,Diff_1300Gt_uniform-pricing_def,C3,non-IMP,51.121,22.209,6.772,37.729,59.499,2076,985.363,1.807,1.744
REMIND-MAgPIE 2.0-4.1,Diff_No-policy_baseline,C7,non-IMP,70.217,83.465,-23.451,-38.644,-46.743,,4526.111,3.895,3.895
REMIND-MAgPIE 2.1-4.2,CEMICS_SSP1-1p5C-fullCDR,C1,non-IMP,34.135,8.032,36.970,66.352,85.169,2053,546.373,1.557,1.186
REMIND-MAgPIE 2.1-4.2,CEMICS_SSP1-1p5C-minCDR,C1,non-IMP,30.969,9.785,42.863,68.062,81.946,2068,537.313,1.543,1.259
REMIND-MAgPIE 2.1-4.2,CEMICS_SSP1-Npi,C6,non-IMP,55.699,50.990,-2.641,-3.481,6.037,,2351.442,2.569,2.569
REMIND-MAgPIE 2.1-4.2,CEMICS_SSP2-1p5C-fullCDR,C1,non-IMP,35.533,9.362,34.684,66.966,82.791,2052,539.560,1.577,1.396
REMIND-MAgPIE 2.1-4.2,CEMICS_SSP2-1p5C-minCDR,C1,non-IMP,29.092,13.141,46.807,67.917,75.973,2069,528.645,1.553,1.444
REMIND-MAgPIE 2.1-4.2,CEMICS_SSP2-2C-fullCDR,C3,non-IMP,45.607,20.960,16.286,39.814,61.526,2080,932.715,1.736,1.658
REMIND-MAgPIE 2.1-4.2,CEMICS_SSP2-2C-minCDR,C3,non-IMP,40.216,18.858,26.120,51.226,65.357,,925.102,1.667,1.633
REMIND-MAgPIE 2.1-4.2,CEMICS_SSP2-Npi,C7,non-IMP,61.076,70.107,-11.672,-19.474,-28.185,,4081.889,3.529,3.529
REMIND-MAgPIE 2.1-4.2,EN_INDCi2030_1000,C3,non-IMP,54.832,20.016,0.037,42.737,63.509,2077,962.371,1.782,1.668
REMIND-MAgPIE 2.1-4.2,EN_INDCi2030_1000_COV,C3,non-IMP,52.548,22.379,1.193,40.297,57.921,2079,968.857,1.775,1.675
REMIND-MAgPIE 2.1-4.2,EN_INDCi2030_1000_COV_NDCp,C3,non-IMP,50.710,21.166,4.588,43.435,60.176,2080,956.928,1.741,1.652
REMIND-MAgPIE 2.1-4.2,EN_INDCi2030_1000_NDCp,C3,non-IMP,53.935,18.673,1.623,45.026,65.940,2077,961.297,1.761,1.645
REMIND-MAgPIE 2.1-4.2,EN_INDCi2030_1000f,C3,non-IMP,54.752,20.446,0.214,42.916,62.736,2079,977.578,1.780,1.669
REMIND-MAgPIE 2.1-4.2,EN_INDCi2030_1000f_COV,C3,non-IMP,51.153,21.693,3.756,42.506,59.184,2080,982.310,1.749,1.655
REMIND-MAgPIE 2.1-4.2,EN_INDCi2030_1000f_COV_NDCp,C3,non-IMP,50.704,21.664,4.602,42.947,59.239,2082,978.577,1.745,1.655
REMIND-MAgPIE 2.1-4.2,EN_INDCi2030_1000f_NDCp,C3,non-IMP,53.353,19.468,2.679,45.432,64.488,2079,976.219,1.758,1.649
REMIND-MAgPIE 2.1-4.2,EN_INDCi2030_1200,C3,non-IMP,54.350,23.182,1.221,40.192,57.868,,1151.087,1.800,1.752
REMIND-MAgPIE 2.1-4.2,EN_INDCi2030_1200f,C3,non-IMP,54.350,23.080,1.221,40.349,58.053,,1152.150,1.798,1.752
REMIND-MAgPIE 2.1-4.2,EN_INDCi2030_1400,C4,non-IMP,54.723,28.164,0.659,31.135,48.873,,1352.517,1.907,1.893
REMIND-MAgPIE 2.1-4.2,EN_INDCi2030_1400f,C4,non-IMP,54.723,28.164,0.659,31.135,48.873,,1352.517,1.907,1.893
REMIND-MAgPIE 2.1-4.2,EN_INDCi2030_1600,C5,non-IMP,54.737,33.028,0.402,23.827,39.904,,1552.315,2.014,2.004
REMIND-MAgPIE 2.1-4.2,EN_INDCi2030_1600f,C5,non-IMP,54.737,33.028,0.402,23.827,39.904,,1552.315,2.014,2.004
REMIND-MAgPIE 2.1-4.2,EN_INDCi2030_1800,C5,non-IMP,54.189,38.223,1.622,18.411,30.608,,1749.897,2.135,2.128
REMIND-MAgPIE 2.1-4.2,EN_INDCi2030_1800f,C5,non-IMP,54.189,38.223,1.622,18.411,30.608,,1749.897,2.135,2.128
REMIND-MAgPIE 2.1-4.2,EN_INDCi2030_2000,C5,non-IMP,55.444,41.932,-0.718,12.933,23.828,,1955.403,2.296,2.288
REMIND-MAgPIE 2.1-4.2,EN_INDCi2030_2000f,C5,non-IMP,55.450,41.427,-0.767,13.372,24.716,,1956.278,2.286,2.282
REMIND-MAgPIE 2.1-4.2,EN_INDCi2030_2500,C6,non-IMP,53.907,44.610,1.668,12.394,18.627,,2459.416,2.508,2.508
REMIND-MAgPIE 2.1-4.2,EN_INDCi2030_2500f,C6,non-IMP,53.907,44.590,1.668,12.378,18.664,,2459.176,2.508,2.508
REMIND-MAgPIE 2.1-4.2,EN_INDCi2030_3000,C6,non-IMP,55.148,52.672,0.223,4.607,4.703,,2958.368,2.895,2.895
REMIND-MAgPIE 2.1-4.2,EN_INDCi2030_3000f,C6,non-IMP,55.148,52.631,0.223,4.601,4.777,,2955.991,2.894,2.894
REMIND-MAgPIE 2.1-4.2,EN_INDCi2030_300f,C2,non-IMP,54.168,12.212,1.428,53.807,77.777,2054,785.541,1.739,1.359
REMIND-MAgPIE 2.1-4.2,EN_INDCi2030_400f,C2,non-IMP,54.365,12.225,0.732,52.306,77.677,2056,812.921,1.740,1.371
REMIND-MAgPIE 2.1-4.2,EN_INDCi2030_500f,C2,non-IMP,54.543,13.615,0.715,49.575,75.216,2058,836.186,1.757,1.444
REMIND-MAgPIE 2.1-4.2,EN_INDCi2030_600_COV,C2,non-IMP,51.286,8.235,3.036,79.422,84.430,2044,573.745,1.642,1.449
REMIND-MAgPIE 2.1-4.2,EN_INDCi2030_600_COV_NDCp,C2,non-IMP,50.837,8.060,3.886,78.146,84.762,2044,574.911,1.639,1.449
REMIND-MAgPIE 2.1-4.2,EN_INDCi2030_600f,C2,non-IMP,54.550,14.892,0.693,49.034,72.889,2060,850.256,1.757,1.494
REMIND-MAgPIE 2.1-4.2,EN_INDCi2030_600f_COV,C2,non-IMP,52.524,16.583,1.429,49.343,68.880,2062,802.163,1.729,1.496
REMIND-MAgPIE 2.1-4.2,EN_INDCi2030_600f_COV_NDCp,C2,non-IMP,52.075,16.554,2.399,50.125,68.974,2062,794.849,1.724,1.496
REMIND-MAgPIE 2.1-4.2,EN_INDCi2030_600f_NDCp,C2,non-IMP,54.526,14.997,0.737,49.977,72.698,2060,843.259,1.752,1.493
REMIND-MAgPIE 2.1-4.2,EN_INDCi2030_700,C3,non-IMP,53.958,8.323,1.933,71.646,84.874,2045,667.215,1.686,1.516
REMIND-MAgPIE 2.1-4.2,EN_INDCi2030_700f,C3,non-IMP,54.713,16.514,0.465,49.209,69.958,2064,860.522,1.756,1.549
REMIND-MAgPIE 2.1-4.2,EN_INDCi2030_800,C3,non-IMP,53.959,9.413,1.579,56.800,82.830,2053,766.298,1.720,1.555
REMIND-MAgPIE 2.1-4.2,EN_INDCi2030_800f,C3,non-IMP,54.986,17.623,0.007,46.297,67.952,2067,901.624,1.769,1.598
REMIND-MAgPIE 2.1-4.2,EN_INDCi2030_900,C3,non-IMP,54.654,15.611,0.668,50.096,71.629,2068,864.711,1.750,1.606
REMIND-MAgPIE 2.1-4.2,EN_INDCi2030_900f,C3,non-IMP,55.139,17.944,-0.483,46.438,67.299,2070,931.538,1.766,1.611
REMIND-MAgPIE 2.1-4.2,EN_INDCi2100,C5,non-IMP,54.434,41.744,1.111,15.525,24.165,,2113.798,2.486,2.486
REMIND-MAgPIE 2.1-4.2,EN_INDCi2100_COV,C5,non-IMP,51.742,40.606,2.653,15.292,23.604,,1937.201,2.395,2.395
REMIND-MAgPIE 2.1-4.2,EN_INDCi2100_COV_NDCp,C5,non-IMP,51.292,39.873,3.499,16.274,24.984,,1892.476,2.370,2.370
REMIND-MAgPIE 2.1-4.2,EN_INDCi2100_NDCp,C5,non-IMP,54.410,40.989,1.155,15.783,25.536,,2062.004,2.458,2.458
REMIND-MAgPIE 2.1-4.2,EN_NPi2020_1000,C3,non-IMP,42.074,21.068,23.257,47.559,61.572,,948.008,1.700,1.651
REMIND-MAgPIE 2.1-4.2,EN_NPi2020_1000_COV,C3,non-IMP,41.963,22.620,21.052,43.621,57.444,2097,954.209,1.712,1.659
REMIND-MAgPIE 2.1-4.2,EN_NPi2020_1000f,C3,non-IMP,41.889,21.149,23.594,47.432,61.424,2100,948.629,1.698,1.651
REMIND-MAgPIE 2.1-4.2,EN_NPi2020_1000f_COV,C3,non-IMP,41.648,22.597,21.639,43.629,57.484,2092,952.924,1.709,1.656
REMIND-MAgPIE 2.1-4.2,EN_NPi2020_1200,C3,non-IMP,46.106,25.285,16.096,39.309,53.986,,1149.365,1.811,1.796
REMIND-MAgPIE 2.1-4.2,EN_NPi2020_1200f,C3,non-IMP,46.424,25.189,15.517,39.516,54.162,,1149.330,1.809,1.794
REMIND-MAgPIE 2.1-4.2,EN_NPi2020_1400,C4,non-IMP,48.721,29.144,11.546,30.128,47.089,,1352.732,1.910,1.899
REMIND-MAgPIE 2.1-4.2,EN_NPi2020_1400f,C4,non-IMP,48.721,29.144,11.546,30.128,47.089,,1352.732,1.910,1.899
REMIND-MAgPIE 2.1-4.2,EN_NPi2020_1600,C4,non-IMP,51.004,32.659,8.043,24.773,41.119,,1552.814,1.998,1.988
REMIND-MAgPIE 2.1-4.2,EN_NPi2020_1600f,C4,non-IMP,51.004,32.659,8.043,24.773,41.119,,1552.814,1.998,1.988
REMIND-MAgPIE 2.1-4.2,EN_NPi2020_1800,C5,non-IMP,51.334,38.795,6.804,17.768,29.568,,1758.658,2.154,2.138
REMIND-MAgPIE 2.1-4.2,EN_NPi2020_1800f,C5,non-IMP,51.192,38.315,7.062,18.349,30.440,,1757.337,2.140,2.129
REMIND-MAgPIE 2.1-4.2,EN_NPi2020_2000,C5,non-IMP,52.640,41.114,4.434,13.967,25.358,,1957.595,2.289,2.281
REMIND-MAgPIE 2.1-4.2,EN_NPi2020_2000f,C5,non-IMP,53.303,41.498,3.171,12.734,24.617,,1957.627,2.284,2.284
REMIND-MAgPIE 2.1-4.2,EN_NPi2020_200f,C1,non-IMP,32.969,12.933,40.037,60.558,76.478,2056,566.879,1.602,1.308
REMIND-MAgPIE 2.1-4.2,EN_NPi2020_2500,C6,non-IMP,53.654,45.493,2.029,8.083,16.931,,2459.320,2.556,2.556
REMIND-MAgPIE 2.1-4.2,EN_NPi2020_2500f,C6,non-IMP,53.655,45.489,2.028,8.082,16.938,,2459.338,2.556,2.556
REMIND-MAgPIE 2.1-4.2,EN_NPi2020_3000,C6,non-IMP,54.476,51.020,0.629,3.599,6.933,,2961.378,2.756,2.756
REMIND-MAgPIE 2.1-4.2,EN_NPi2020_3000f,C6,non-IMP,54.468,50.994,0.645,3.650,6.981,,2960.137,2.755,2.755
REMIND-MAgPIE 2.1-4.2,EN_NPi2020_300f,C1,non-IMP,33.246,12.958,39.474,60.562,76.409,2058,592.547,1.596,1.313
REMIND-MAgPIE 2.1-4.2,EN_NPi2020_400,C1,non-IMP,23.956,8.095,56.078,80.091,85.159,2044,365.291,1.504,1.349
REMIND-MAgPIE 2.1-4.2,EN_NPi2020_400f,C1,non-IMP,34.691,14.727,36.861,57.713,73.196,2060,625.794,1.617,1.392
REMIND-MAgPIE 2.1-4.2,EN_NPi2020_500,C1,non-IMP,28.506,8.839,47.757,70.838,83.800,2051,459.125,1.541,1.395
REMIND-MAgPIE 2.1-4.2,EN_NPi2020_500f,C2,non-IMP,35.426,15.580,35.523,56.595,71.643,2063,652.702,1.626,1.446
REMIND-MAgPIE 2.1-4.2,EN_NPi2020_600,C1,non-IMP,31.848,11.719,41.874,62.850,78.612,2058,559.573,1.582,1.451
REMIND-MAgPIE 2.1-4.2,EN_NPi2020_600_COV,C1,non-IMP,31.650,12.892,40.393,60.294,75.720,2059,562.892,1.576,1.454
REMIND-MAgPIE 2.1-4.2,EN_NPi2020_600f,C2,non-IMP,36.082,15.914,34.284,55.524,71.015,2067,695.876,1.629,1.465
REMIND-MAgPIE 2.1-4.2,EN_NPi2020_600f_COV,C1,non-IMP,35.775,16.704,32.797,53.987,68.620,2066,685.609,1.622,1.458
REMIND-MAgPIE 2.1-4.2,EN_NPi2020_700,C3,non-IMP,35.084,14.905,36.072,57.679,72.841,2067,659.993,1.619,1.507
REMIND-MAgPIE 2.1-4.2,EN_NPi2020_700f,C3,non-IMP,37.908,17.150,31.168,53.831,68.859,2070,735.101,1.648,1.522
REMIND-MAgPIE 2.1-4.2,EN_NPi2020_800,C3,non-IMP,37.978,17.337,30.389,53.061,68.223,2076,757.094,1.647,1.546
REMIND-MAgPIE 2.1-4.2,EN_NPi2020_800f,C3,non-IMP,38.434,18.033,29.553,52.285,66.946,2077,784.541,1.653,1.548
REMIND-MAgPIE 2.1-4.2,EN_NPi2020_900,C3,non-IMP,40.344,19.622,26.413,50.118,64.209,2087,855.177,1.674,1.603
REMIND-MAgPIE 2.1-4.2,EN_NPi2020_900f,C3,non-IMP,39.985,19.537,26.692,49.844,64.180,2087,856.048,1.671,1.596
REMIND-MAgPIE 2.1-4.2,EN_NPi2100,C7,non-IMP,56.186,62.068,-2.489,-10.494,-13.218,,3651.539,3.204,3.204
REMIND-MAgPIE 2.1-4.2,EN_NPi2100_COV,C7,non-IMP,52.529,58.114,1.166,-6.933,-9.342,,3360.762,3.071,3.071
REMIND-MAgPIE 2.1-4.2,EN_NoPolicy,C7,non-IMP,64.810,75.568,-15.138,-25.731,-34.250,,4225.582,3.682,3.682
REMIND-MAgPIE 2.1-4.2,NGFS2_Below 2°C,C3,non-IMP,39.360,17.734,27.405,51.065,67.292,2095,815.016,1.665,1.573
REMIND-MAgPIE 2.1-4.2,NGFS2_Below 2°C - IPD-95th,C3,non-IMP,36.084,18.760,33.625,53.532,65.492,2096,812.055,1.640,1.578
REMIND-MAgPIE 2.1-4.2,NGFS2_Below 2°C - IPD-median,C3,non-IMP,37.093,18.472,31.774,52.776,66.024,2096,811.928,1.649,1.578
REMIND-MAgPIE 2.1-4.2,NGFS2_Current Policies,C7,non-IMP,60.046,62.403,-9.604,-12.571,-13.907,,3157.104,3.232,3.232
REMIND-MAgPIE 2.1-4.2,NGFS2_Current Policies - IPD-95th,C7,non-IMP,59.529,60.632,-8.799,-10.974,-10.815,,3020.999,3.174,3.174
REMIND-MAgPIE 2.1-4.2,NGFS2_Current Policies - IPD-median,C7,non-IMP,59.767,61.281,-9.127,-11.495,-11.891,,3070.384,3.197,3.197
REMIND-MAgPIE 2.1-4.2,NGFS2_Delayed Transition,C3,non-IMP,59.136,11.180,-8.387,57.379,79.508,2058,779.097,1.750,1.512
REMIND-MAgPIE 2.1-4.2,NGFS2_Divergent Net Zero Policies,C1,non-IMP,29.041,9.443,46.963,71.294,82.755,2053,463.809,1.547,1.349
REMIND-MAgPIE 2.1-4.2,NGFS2_Nationally Determined Contributions (NDCs),C5,non-IMP,55.463,41.830,-1.288,10.629,23.608,,1924.762,2.266,2.259
REMIND-MAgPIE 2.1-4.2,NGFS2_Net-Zero 2050,C1,non-IMP,28.771,8.938,46.955,70.338,83.522,2051,466.112,1.540,1.368
REMIND-MAgPIE 2.1-4.2,NGFS2_Net-Zero 2050 - IPD-95th,C1,non-IMP,27.115,8.704,49.970,71.119,83.941,2050,445.944,1.524,1.343
REMIND-MAgPIE 2.1-4.2,NGFS2_Net-Zero 2050 - IPD-median,C1,non-IMP,27.320,8.586,49.595,71.314,84.159,2050,446.233,1.525,1.345
REMIND-MAgPIE 2.1-4.2,SusDev_SDP-NPi,C5,non-IMP,48.953,36.836,10.467,19.364,32.628,,1762.732,2.042,2.024
REMIND-MAgPIE 2.1-4.2,SusDev_SDP-PkBudg1000,C1,SP,32.743,9.520,40.318,65.544,82.647,2067,647.910,1.554,1.169
REMIND-MAgPIE 2.1-4.2,SusDev_SSP1-NDC,C5,non-IMP,51.707,32.767,6.746,23.211,40.905,,1464.085,2.041,1.995
REMIND-MAgPIE 2.1-4.2,SusDev_SSP1-NPi,C5,non-IMP,54.537,47.511,0.958,1.132,13.717,,2127.226,2.398,2.382
REMIND-MAgPIE 2.1-4.2,SusDev_SSP1-PkBudg900,C1,non-IMP,33.041,9.926,39.762,63.360,81.904,2054,551.334,1.581,1.176
REMIND-MAgPIE 2.1-4.2,SusDev_SSP2-NDC,C5,non-IMP,54.421,41.615,1.104,15.585,24.376,,2077.215,2.467,2.467
REMIND-MAgPIE 2.1-4.2,SusDev_SSP2-NPi,C7,non-IMP,59.593,64.755,-8.739,-13.930,-18.157,,3769.615,3.338,3.338
REMIND-MAgPIE 2.1-4.2,SusDev_SSP2-PkBudg900,C1,non-IMP,34.961,10.752,36.262,62.321,80.397,2053,550.114,1.606,1.373
REMIND-MAgPIE 2.1-4.3,DeepElec_SSP2_ HighRE_Budg1100,C3,non-IMP,35.177,14.366,37.750,61.772,74.578,2087,688.807,1.626,1.518
REMIND-MAgPIE 2.1-4.3,DeepElec_SSP2_ HighRE_Budg1300,C3,non-IMP,40.306,17.415,29.075,55.095,69.356,,886.479,1.688,1.628
REMIND-MAgPIE 2.1-4.3,DeepElec_SSP2_ HighRE_Budg900,C1,Ren,29.647,10.358,47.838,70.400,81.776,2057,506.098,1.570,1.404
REMIND-MAgPIE 2.1-4.3,DeepElec_SSP2_Base,C7,non-IMP,64.809,70.328,-13.063,-19.871,-22.691,,3627.377,3.401,3.401
REMIND-MAgPIE 2.1-4.3,DeepElec_SSP2_Npi,C7,non-IMP,63.491,67.718,-11.612,-17.554,-19.043,,3395.925,3.339,3.339
REMIND-MAgPIE 2.1-4.3,DeepElec_SSP2_def_Budg1100,C2,non-IMP,39.816,14.126,29.947,55.912,75.147,2059,702.178,1.669,1.450
REMIND-MAgPIE 2.1-4.3,DeepElec_SSP2_def_Budg1300,C3,non-IMP,46.056,20.140,18.671,44.883,64.435,2070,897.660,1.751,1.610
REMIND-MAgPIE 2.1-4.3,DeepElec_SSP2_def_Budg900,C1,non-IMP,31.984,6.575,43.534,68.592,88.392,2048,515.112,1.580,1.232
REMIND-Transport 2.1,Transport_Budg1100_Conv,C3,non-IMP,35.266,14.884,35.848,59.327,72.925,,727.448,1.621,1.529
REMIND-Transport 2.1,Transport_Budg1100_Conv-LowD,C3,non-IMP,36.134,14.999,34.595,59.167,72.851,,727.538,1.628,1.534
REMIND-Transport 2.1,Transport_Budg1100_ConvSyn,C3,non-IMP,40.337,15.879,26.368,54.592,71.014,2074,743.343,1.656,1.550
REMIND-Transport 2.1,Transport_Budg1100_ElecPush,C3,non-IMP,37.582,14.667,31.976,58.373,73.452,,728.490,1.635,1.534
REMIND-Transport 2.1,Transport_Budg1100_ElecPush-LowD,C3,non-IMP,37.788,14.790,31.602,58.355,73.229,2096,726.715,1.638,1.533
REMIND-Transport 2.1,Transport_Budg1100_H2Push,C3,non-IMP,36.132,14.870,34.601,58.964,73.084,,725.146,1.628,1.533
REMIND-Transport 2.1,Transport_NDC_Conv,C6,non-IMP,56.487,48.050,-2.615,8.750,12.712,,2674.204,2.732,2.732
REMIND-Transport 2.1,Transport_NPi_Conv,C7,non-IMP,62.844,71.575,-13.865,-19.263,-29.683,,4341.513,3.521,3.521
TIAM-ECN 1.1,EN_INDCi2030_1000,C3,non-IMP,49.855,16.549,10.036,48.491,70.137,2068,870.215,1.650,1.637
TIAM-ECN 1.1,EN_INDCi2030_1000_COV,C3,non-IMP,49.795,16.611,10.121,48.956,70.016,2067,867.557,1.653,1.645
TIAM-ECN 1.1,EN_INDCi2030_1000_NDCp,C3,non-IMP,49.962,16.591,9.840,48.659,70.061,2068,871.245,1.650,1.638
TIAM-ECN 1.1,EN_INDCi2030_1000f,C3,non-IMP,50.018,23.924,10.200,36.056,57.048,2070,1053.772,1.691,1.615
TIAM-ECN 1.1,EN_INDCi2030_1000f_COV,C3,non-IMP,50.743,25.282,8.560,33.909,54.441,2070,1056.059,1.710,1.636
TIAM-ECN 1.1,EN_INDCi2030_1000f_NDCp,C3,non-IMP,50.853,25.516,8.363,34.388,54.021,2070,1056.962,1.713,1.638
TIAM-ECN 1.1,EN_INDCi2030_1200,C3,non-IMP,49.779,28.034,9.979,33.866,49.303,2073,1061.790,1.803,1.800
TIAM-ECN 1.1,EN_INDCi2030_1200f,C3,non-IMP,50.155,33.080,9.723,26.732,40.457,2074,1197.285,1.822,1.765
TIAM-ECN 1.1,EN_INDCi2030_1400,C4,non-IMP,50.252,34.440,9.779,23.430,38.167,2079,1271.549,1.889,1.881
TIAM-ECN 1.1,EN_INDCi2030_1400f,C4,non-IMP,49.932,36.293,10.178,21.881,34.712,2079,1355.786,1.915,1.874
TIAM-ECN 1.1,EN_INDCi2030_1600,C4,non-IMP,49.286,39.472,10.945,19.945,28.678,2085,1449.904,1.965,1.949
TIAM-ECN 1.1,EN_INDCi2030_1600f,C5,non-IMP,50.202,41.470,9.735,18.088,25.436,2081,1503.954,2.026,1.999
TIAM-ECN 1.1,EN_INDCi2030_2000,C5,non-IMP,50.363,46.317,9.242,14.023,16.532,2090,1836.380,2.195,2.188
TIAM-ECN 1.1,EN_INDCi2030_2000f,C5,non-IMP,50.363,46.317,9.242,14.023,16.532,2090,1836.381,2.195,2.188
TIAM-ECN 1.1,EN_INDCi2030_2500,C5,non-IMP,50.909,49.865,8.303,8.363,10.183,,2360.454,2.414,2.414
TIAM-ECN 1.1,EN_INDCi2030_2500f,C5,non-IMP,50.909,49.866,8.303,8.363,10.182,,2360.496,2.414,2.414
TIAM-ECN 1.1,EN_INDCi2030_3000,C6,non-IMP,51.519,55.367,7.415,2.563,0.500,,2864.785,2.816,2.816
TIAM-ECN 1.1,EN_INDCi2030_3000f,C6,non-IMP,51.519,55.331,7.415,2.568,0.565,,2859.719,2.814,2.814
TIAM-ECN 1.1,EN_INDCi2030_900,C3,non-IMP,50.550,13.675,9.105,55.599,75.411,2060,790.820,1.625,1.601
TIAM-ECN 1.1,EN_INDCi2030_900f,C3,non-IMP,49.951,21.936,10.319,40.929,60.617,2068,994.094,1.657,1.569
TIAM-ECN 1.1,EN_INDCi2100,C7,non-IMP,50.244,63.076,9.340,-7.716,-13.813,,3509.390,3.374,3.374
TIAM-ECN 1.1,EN_INDCi2100_COV,C7,non-IMP,51.079,63.147,8.066,-7.818,-13.653,,3446.443,3.337,3.337
TIAM-ECN 1.1,EN_INDCi2100_NDCp,C7,non-IMP,50.351,64.214,9.144,-9.084,-15.871,,3569.938,3.397,3.397
TIAM-ECN 1.1,EN_NPi2020_1000,C3,non-IMP,38.279,20.463,29.474,41.500,62.299,2069,864.834,1.636,1.632
TIAM-ECN 1.1,EN_NPi2020_1000_COV,C3,non-IMP,38.552,21.050,28.855,40.818,61.154,2069,879.728,1.641,1.638
TIAM-ECN 1.1,EN_NPi2020_1000f,C3,non-IMP,44.128,25.971,19.464,32.995,52.601,2071,1034.942,1.682,1.616
TIAM-ECN 1.1,EN_NPi2020_1000f_COV,C3,non-IMP,44.890,26.104,17.403,33.064,51.969,2071,1033.598,1.681,1.614
TIAM-ECN 1.1,EN_NPi2020_1200,C3,non-IMP,45.733,29.614,16.416,29.858,45.876,2076,1056.039,1.774,1.772
TIAM-ECN 1.1,EN_NPi2020_1200f,C3,non-IMP,47.117,33.320,14.084,26.417,39.243,2074,1177.319,1.812,1.769
TIAM-ECN 1.1,EN_NPi2020_1400,C4,non-IMP,48.256,34.504,12.371,22.263,37.343,2079,1265.324,1.880,1.873
TIAM-ECN 1.1,EN_NPi2020_1400f,C4,non-IMP,48.685,36.259,11.647,20.737,34.197,2079,1352.049,1.907,1.867
TIAM-ECN 1.1,EN_NPi2020_1600,C4,non-IMP,49.525,39.123,9.940,19.020,28.856,2080,1445.249,1.956,1.942
TIAM-ECN 1.1,EN_NPi2020_1600f,C5,non-IMP,50.685,41.122,8.297,16.940,25.598,2080,1500.074,2.019,1.991
TIAM-ECN 1.1,EN_NPi2020_2000,C5,non-IMP,53.313,47.733,4.069,9.830,14.110,2090,1836.891,2.179,2.162
TIAM-ECN 1.1,EN_NPi2020_2000f,C5,non-IMP,53.353,47.828,4.011,9.666,13.952,2089,1844.313,2.183,2.161
TIAM-ECN 1.1,EN_NPi2020_2500,C5,non-IMP,59.267,49.864,-6.118,6.896,10.719,,2351.905,2.422,2.422
TIAM-ECN 1.1,EN_NPi2020_2500f,C5,non-IMP,59.267,49.864,-6.118,6.896,10.719,,2351.905,2.422,2.422
TIAM-ECN 1.1,EN_NPi2020_3000,C6,non-IMP,60.398,55.387,-7.517,2.143,1.403,,2856.234,2.831,2.831
TIAM-ECN 1.1,EN_NPi2020_3000f,C6,non-IMP,60.397,55.387,-7.518,2.142,1.402,,2856.234,2.831,2.831
TIAM-ECN 1.1,EN_NPi2020_800,C3,non-IMP,32.600,15.096,38.784,51.161,71.652,2067,669.711,1.561,1.548
TIAM-ECN 1.1,EN_NPi2020_800f,C3,non-IMP,39.082,22.288,28.272,39.378,59.094,2068,881.275,1.676,1.572
TIAM-ECN 1.1,EN_NPi2020_900,C3,non-IMP,35.796,17.516,33.763,46.710,67.589,2068,767.441,1.591,1.585
TIAM-ECN 1.1,EN_NPi2020_900f,C3,non-IMP,42.069,24.354,23.220,35.181,55.552,2070,955.229,1.653,1.586
TIAM-ECN 1.1,EN_NPi2100,C7,non-IMP,61.673,65.370,-8.098,-8.960,-14.578,,3645.436,3.443,3.443
TIAM-ECN 1.1,EN_NPi2100_COV,C7,non-IMP,60.269,63.264,-8.562,-8.202,-13.956,,3507.750,3.413,3.413
WITCH 4.6,DISCRATE_Ref_dr2p,C8,non-IMP,70.720,84.159,-20.158,-33.878,-42.991,,5482.909,4.159,4.159
WITCH 4.6,DISCRATE_Ref_dr3p,C8,non-IMP,70.794,85.126,-20.140,-34.176,-44.462,,5604.367,4.206,4.206
WITCH 4.6,DISCRATE_Ref_dr4p,C8,non-IMP,70.834,85.614,-20.241,-34.572,-45.329,,5698.939,4.239,4.239
WITCH 4.6,DISCRATE_Ref_dr5p,C8,non-IMP,70.959,85.933,-20.291,-34.621,-45.675,,5775.154,4.265,4.265
WITCH 5.0,CO_2Deg2020,C3,non-IMP,29.119,16.062,47.023,59.924,70.777,2076,744.820,1.642,1.558
WITCH 5.0,CO_2Deg2030,C3,non-IMP,52.946,12.358,3.675,60.938,77.517,2067,811.048,1.749,1.576
WITCH 5.0,CO_BAU,C7,non-IMP,61.398,65.613,-7.521,-11.714,-14.900,,3916.323,3.599,3.599
WITCH 5.0,CO_Bridge,C3,GS,44.868,17.805,18.827,51.234,67.787,2076,959.144,1.748,1.680
WITCH 5.0,CO_CurPol,C7,non-IMP,57.976,62.274,-5.476,-9.928,-13.295,,3741.287,3.472,3.472
WITCH 5.0,CO_GPP,C5,non-IMP,46.656,34.312,15.119,29.813,37.577,,2018.500,2.232,2.232
WITCH 5.0,CO_NDC_2050convergence,C5,non-IMP,52.946,37.054,3.675,19.732,32.587,,2365.887,2.457,2.457
WITCH 5.0,CO_NDCplus,C6,non-IMP,52.946,48.984,3.675,9.930,10.883,,3035.875,2.859,2.859
WITCH 5.0,EN_INDCi2030_1000,C3,non-IMP,50.137,17.425,7.993,54.036,68.023,2073,925.443,1.773,1.723
WITCH 5.0,EN_INDCi2030_1000_NDCp,C3,non-IMP,46.818,17.829,14.106,53.703,67.290,2073,924.756,1.770,1.717
WITCH 5.0,EN_INDCi2030_1000f,C3,non-IMP,50.137,19.438,7.993,50.910,64.328,2078,1006.966,1.804,1.731
WITCH 5.0,EN_INDCi2030_1000f_NDCp,C3,non-IMP,46.818,19.860,14.106,50.421,63.565,2078,1012.684,1.804,1.728
WITCH 5.0,EN_INDCi2030_1200,C4,non-IMP,50.137,21.086,7.993,48.601,61.305,2084,1111.488,1.841,1.810
WITCH 5.0,EN_INDCi2030_1200_NDCp,C4,non-IMP,46.818,21.371,14.106,48.424,60.791,2086,1112.329,1.837,1.807
WITCH 5.0,EN_INDCi2030_1200f,C4,non-IMP,50.137,22.121,7.993,47.095,59.404,2086,1146.124,1.864,1.822
WITCH 5.0,EN_INDCi2030_1200f_NDCp,C4,non-IMP,46.818,22.562,14.106,46.734,58.608,2086,1149.048,1.862,1.817
WITCH 5.0,EN_INDCi2030_1400,C4,non-IMP,50.137,24.630,7.993,43.267,54.800,2094,1302.743,1.926,1.911
WITCH 5.0,EN_INDCi2030_1400_NDCp,C4,non-IMP,46.818,24.830,14.106,43.317,54.446,2094,1303.429,1.923,1.905
WITCH 5.0,EN_INDCi2030_1400f,C4,non-IMP,50.137,24.647,7.993,43.254,54.769,2095,1303.014,1.931,1.917
WITCH 5.0,EN_INDCi2030_1400f_NDCp,C4,non-IMP,46.818,25.038,14.106,42.526,54.065,2094,1305.427,1.930,1.911
WITCH 5.0,EN_INDCi2030_1600,C5,non-IMP,50.137,27.009,7.993,37.467,50.435,,1498.492,2.006,1.999
WITCH 5.0,EN_INDCi2030_1600_NDCp,C5,non-IMP,46.818,27.230,14.106,37.189,50.043,,1493.669,2.007,1.996
WITCH 5.0,EN_INDCi2030_1600f,C5,non-IMP,50.137,27.078,7.993,37.086,50.308,,1497.474,2.014,2.008
WITCH 5.0,EN_INDCi2030_1600f_NDCp,C5,non-IMP,46.818,27.437,14.106,36.866,49.664,,1496.053,2.012,2.002
WITCH 5.0,EN_INDCi2030_1800,C5,non-IMP,50.137,29.883,7.993,32.857,45.162,,1697.864,2.104,2.100
WITCH 5.0,EN_INDCi2030_1800_NDCp,C5,non-IMP,46.818,30.282,14.106,32.929,44.443,,1697.286,2.101,2.098
WITCH 5.0,EN_INDCi2030_1800f,C5,non-IMP,50.137,29.883,7.993,32.857,45.162,,1697.864,2.104,2.100
WITCH 5.0,EN_INDCi2030_1800f_NDCp,C5,non-IMP,46.818,30.282,14.106,32.929,44.443,,1697.286,2.101,2.098
WITCH 5.0,EN_INDCi2030_2000,C5,non-IMP,50.137,33.854,7.993,28.324,37.873,,1899.535,2.205,2.203
WITCH 5.0,EN_INDCi2030_2000_NDCp,C5,non-IMP,46.818,34.033,14.106,28.348,37.563,,1899.102,2.205,2.205
WITCH 5.0,EN_INDCi2030_2000f,C5,non-IMP,50.137,33.854,7.993,28.324,37.873,,1899.535,2.205,2.203
WITCH 5.0,EN_INDCi2030_2000f_NDCp,C5,non-IMP,46.818,34.033,14.106,28.348,37.563,,1899.102,2.205,2.205
WITCH 5.0,EN_INDCi2030_2500,C5,non-IMP,50.137,39.282,7.993,18.395,27.912,,2402.647,2.477,2.477
WITCH 5.0,EN_INDCi2030_2500_NDCp,C5,non-IMP,46.818,39.388,14.106,18.477,27.738,,2402.070,2.480,2.480
WITCH 5.0,EN_INDCi2030_2500f,C5,non-IMP,50.137,39.282,7.993,18.395,27.912,,2402.647,2.477,2.477
WITCH 5.0,EN_INDCi2030_2500f_NDCp,C5,non-IMP,46.818,39.388,14.106,18.477,27.738,,2402.070,2.480,2.480
WITCH 5.0,EN_INDCi2030_3000,C6,non-IMP,50.137,46.227,7.993,6.200,15.167,,2905.305,2.756,2.756
WITCH 5.0,EN_INDCi2030_3000_NDCp,C6,non-IMP,46.818,46.495,14.106,6.250,14.698,,2904.504,2.759,2.759
WITCH 5.0,EN_INDCi2030_3000f,C6,non-IMP,50.137,46.227,7.993,6.200,15.167,,2905.305,2.756,2.756
WITCH 5.0,EN_INDCi2030_3000f_NDCp,C6,non-IMP,46.818,46.495,14.106,6.250,14.698,,2904.504,2.759,2.759
WITCH 5.0,EN_INDCi2030_500f,C2,non-IMP,50.137,10.089,7.993,63.698,81.486,2058,731.341,1.720,1.492
WITCH 5.0,EN_INDCi2030_600f,C3,non-IMP,50.137,11.972,7.993,60.353,78.030,2062,776.064,1.733,1.539
WITCH 5.0,EN_INDCi2030_600f_NDCp,C3,non-IMP,46.818,12.872,14.106,59.720,76.384,2063,778.829,1.732,1.534
WITCH 5.0,EN_INDCi2030_700f,C3,non-IMP,50.137,14.145,7.993,57.782,74.043,2066,825.905,1.744,1.586
WITCH 5.0,EN_INDCi2030_700f_NDCp,C3,non-IMP,46.818,14.918,14.106,57.125,72.632,2067,829.330,1.741,1.583
WITCH 5.0,EN_INDCi2030_800,C3,non-IMP,50.137,10.026,7.993,62.986,81.601,2059,736.853,1.725,1.624
WITCH 5.0,EN_INDCi2030_800_NDCp,C3,non-IMP,46.818,10.752,14.106,62.429,80.275,2060,735.209,1.720,1.619
WITCH 5.0,EN_INDCi2030_800f,C3,non-IMP,50.137,16.223,7.993,55.385,70.229,2069,881.950,1.760,1.637
WITCH 5.0,EN_INDCi2030_800f_NDCp,C3,non-IMP,46.818,16.886,14.106,54.793,69.020,2071,887.791,1.758,1.630
WITCH 5.0,EN_INDCi2030_900,C3,non-IMP,50.137,14.224,7.993,57.766,73.897,2067,831.686,1.748,1.675
WITCH 5.0,EN_INDCi2030_900_NDCp,C3,non-IMP,46.818,14.889,14.106,57.358,72.685,2068,830.605,1.743,1.675
WITCH 5.0,EN_INDCi2030_900f,C3,non-IMP,50.137,17.996,7.993,53.045,66.975,2073,943.276,1.779,1.683
WITCH 5.0,EN_INDCi2030_900f_NDCp,C3,non-IMP,46.818,18.629,14.106,52.436,65.823,2074,947.254,1.779,1.678
WITCH 5.0,EN_INDCi2100,C6,non-IMP,50.137,47.948,7.993,8.166,12.010,,2944.518,2.955,2.955
WITCH 5.0,EN_INDCi2100_NDCp,C6,non-IMP,46.818,46.225,14.106,13.159,15.195,,2751.834,2.898,2.898
WITCH 5.0,EN_NPi2020_1000,C3,non-IMP,31.444,19.690,42.761,54.670,64.158,2083,907.761,1.721,1.697
WITCH 5.0,EN_NPi2020_1000f,C3,non-IMP,32.712,20.832,40.455,53.017,62.080,2084,955.201,1.746,1.710
WITCH 5.0,EN_NPi2020_1200,C4,non-IMP,33.997,23.045,38.114,50.559,58.051,2093,1102.062,1.810,1.796
WITCH 5.0,EN_NPi2020_1200f,C4,non-IMP,34.537,23.378,37.131,49.510,57.445,2092,1109.891,1.819,1.803
WITCH 5.0,EN_NPi2020_1400,C4,non-IMP,36.387,25.384,33.764,46.286,53.792,,1290.202,1.895,1.886
WITCH 5.0,EN_NPi2020_1400f,C4,non-IMP,36.552,25.552,33.464,46.297,53.488,2100,1291.056,1.901,1.891
WITCH 5.0,EN_NPi2020_1600,C4,non-IMP,38.831,27.755,29.315,39.951,49.478,,1494.701,1.992,1.985
WITCH 5.0,EN_NPi2020_1600f,C4,non-IMP,39.021,27.853,28.969,39.911,49.299,,1494.549,1.998,1.991
WITCH 5.0,EN_NPi2020_1800,C5,non-IMP,41.372,30.396,24.690,35.944,44.670,,1696.405,2.094,2.089
WITCH 5.0,EN_NPi2020_1800f,C5,non-IMP,41.372,30.396,24.690,35.944,44.670,,1696.405,2.094,2.089
WITCH 5.0,EN_NPi2020_2000,C5,non-IMP,43.271,33.823,21.233,32.115,38.431,,1898.716,2.199,2.198
WITCH 5.0,EN_NPi2020_2000f,C5,non-IMP,43.271,33.823,21.233,32.115,38.431,,1898.716,2.199,2.198
WITCH 5.0,EN_NPi2020_2500,C5,non-IMP,48.756,39.079,11.249,20.592,28.864,,2402.638,2.474,2.474
WITCH 5.0,EN_NPi2020_2500f,C5,non-IMP,48.756,39.079,11.249,20.592,28.864,,2402.638,2.474,2.474
WITCH 5.0,EN_NPi2020_3000,C6,non-IMP,53.553,45.923,2.516,8.247,16.405,,2904.030,2.745,2.745
WITCH 5.0,EN_NPi2020_3000f,C6,non-IMP,53.553,45.923,2.516,8.247,16.405,,2904.030,2.745,2.745
WITCH 5.0,EN_NPi2020_400f,C1,non-IMP,26.467,11.652,51.823,66.309,78.790,2063,567.344,1.576,1.420
WITCH 5.0,EN_NPi2020_450,C1,non-IMP,21.367,5.913,61.105,79.103,89.237,2051,385.171,1.522,1.445
WITCH 5.0,EN_NPi2020_450f,C1,non-IMP,26.978,12.377,50.891,64.692,77.470,2064,593.793,1.586,1.445
WITCH 5.0,EN_NPi2020_500,C1,non-IMP,23.657,7.609,56.937,76.056,86.150,2055,436.670,1.536,1.469
WITCH 5.0,EN_NPi2020_500f,C1,non-IMP,27.557,13.273,49.838,63.378,75.840,2066,622.859,1.596,1.472
WITCH 5.0,EN_NPi2020_600,C3,non-IMP,25.857,10.241,52.931,68.821,81.359,2062,529.442,1.564,1.512
WITCH 5.0,EN_NPi2020_600f,C3,non-IMP,28.613,15.162,47.916,60.779,72.401,2069,684.986,1.622,1.516
WITCH 5.0,EN_NPi2020_700,C3,non-IMP,27.328,13.515,50.254,63.541,75.398,2067,626.567,1.599,1.559
WITCH 5.0,EN_NPi2020_700f,C3,non-IMP,29.597,16.833,46.125,58.757,69.358,2073,747.503,1.649,1.568
WITCH 5.0,EN_NPi2020_800,C3,non-IMP,28.769,16.009,47.663,60.164,70.877,2072,718.308,1.638,1.604
WITCH 5.0,EN_NPi2020_800f,C3,non-IMP,30.579,18.281,44.337,56.662,66.723,2077,814.211,1.677,1.617
WITCH 5.0,EN_NPi2020_900,C3,non-IMP,29.945,18.053,45.523,57.576,67.158,2078,815.139,1.678,1.654
WITCH 5.0,EN_NPi2020_900f,C3,non-IMP,31.550,19.506,42.569,54.803,64.493,2080,882.692,1.709,1.667
WITCH 5.0,EN_NPi2100,C7,non-IMP,57.944,57.735,-5.477,-6.871,-5.096,,3476.925,3.346,3.346
WITCH 5.0,EN_NoPolicy,C7,non-IMP,61.822,60.777,-7.860,-8.386,-6.038,,3631.570,3.474,3.474
WITCH-GLOBIOM 3.1,SSP1-19,C1,non-IMP,20.310,10.495,62.062,70.143,80.396,2059,418.835,1.562,1.265
WITCH-GLOBIOM 3.1,SSP1-Baseline,C7,non-IMP,64.735,69.396,-11.207,-20.293,-19.212,,3568.701,3.542,3.542
WITCH-GLOBIOM 3.1,SSP2-Baseline,C8,non-IMP,74.044,88.744,-21.789,-35.723,-45.967,,5320.980,4.285,4.285
WITCH-GLOBIOM 3.1,SSP3-Baseline,C8,non-IMP,82.210,93.513,-26.542,-37.937,-43.940,,5628.152,4.212,4.212
WITCH-GLOBIOM 3.1,SSP4-19,C1,non-IMP,22.761,11.776,58.822,67.313,78.695,2060,484.047,1.495,1.189
WITCH-GLOBIOM 3.1,SSP4-Baseline,C7,non-IMP,67.858,72.462,-13.817,-21.997,-21.539,,3806.065,3.445,3.445
WITCH-GLOBIOM 3.1,SSP5-Baseline,C8,non-IMP,79.965,117.364,-30.617,-63.415,-91.706,,7545.920,5.247,5.247
WITCH-GLOBIOM 4.2,ADVANCE_NoPolicy,C8,non-IMP,71.179,81.532,-18.270,-28.724,-35.473,,5117.478,4.138,4.138
WITCH-GLOBIOM 4.2,EMF30_BCOC-EndU,C8,non-IMP,71.046,81.636,-18.349,-28.942,-35.989,,5073.903,4.072,4.072
WITCH-GLOBIOM 4.2,EMF30_Baseline,C8,non-IMP,71.380,81.895,-18.718,-29.249,-36.208,,5086.265,4.068,4.068
WITCH-GLOBIOM 4.2,EMF30_CH4-Only,C7,non-IMP,66.595,75.517,-15.859,-25.190,-31.380,,5082.482,3.632,3.632
WITCH-GLOBIOM 4.2,EMF30_D_BCOC-Red,C8,non-IMP,71.379,81.899,-18.718,-29.248,-36.214,,5086.567,4.065,4.065
WITCH-GLOBIOM 4.2,EMF30_D_Frozen-CH4,C8,non-IMP,72.395,84.630,-19.929,-31.766,-40.197,,5086.588,4.278,4.278
WITCH-GLOBIOM 4.2,EMF30_D_Frozen-EF,C7,non-IMP,72.395,84.630,-19.929,-31.766,-40.197,,5086.588,3.770,3.770
WITCH-GLOBIOM 4.2,EMF30_D_Frozen-EF-EndU,C8,non-IMP,71.379,81.899,-18.718,-29.248,-36.214,,5086.567,4.030,4.030
WITCH-GLOBIOM 4.2,EMF30_D_Frozen-EF-SLCF,C8,non-IMP,71.379,81.899,-18.718,-29.248,-36.214,,5086.567,4.082,4.082
WITCH-GLOBIOM 4.2,EMF30_SLCF,C7,non-IMP,66.264,75.256,-15.473,-24.873,-31.143,,5068.428,3.636,3.636
WITCH-GLOBIOM 4.4,CD-LINKS_INDC2030i_1600,C3,non-IMP,54.086,24.088,2.751,43.230,56.689,2089,1308.528,1.724,1.650
WITCH-GLOBIOM 4.4,CD-LINKS_INDCi,C7,non-IMP,55.067,65.144,1.018,-8.820,-17.096,,4382.849,3.274,3.274
WITCH-GLOBIOM 4.4,CD-LINKS_NDC2030i_1000,C2,non-IMP,54.510,15.051,2.155,55.931,72.984,2067,890.900,1.628,1.364
WITCH-GLOBIOM 4.4,CD-LINKS_NPi,C7,non-IMP,68.850,83.536,-20.198,-34.854,-45.836,,5559.232,3.895,3.895
WITCH-GLOBIOM 4.4,CD-LINKS_NPi2020_1000,C1,non-IMP,28.837,16.498,49.489,60.858,71.101,2076,776.142,1.473,1.336
WITCH-GLOBIOM 4.4,CD-LINKS_NPi2020_1600,C3,non-IMP,39.206,24.823,31.330,48.436,56.523,2095,1271.359,1.673,1.644
WITCH-GLOBIOM 4.4,CD-LINKS_NPi2020_400,C1,non-IMP,23.188,8.035,59.439,74.772,85.946,2055,473.416,1.405,1.018
WITCH-GLOBIOM 4.4,CD-LINKS_NoPolicy,C7,non-IMP,71.049,85.844,-20.363,-34.844,-45.429,,5669.778,3.991,3.991
