year,day,time,speed_ms
2006,1,18,0.00
2006,1,48,0.00
2006,1,118,0.00
2006,1,148,0.00
2006,1,218,0.00
2006,1,248,0.00
2006,1,318,0.00
2006,1,348,0.00
2006,1,418,0.00
2006,1,448,0.00
2006,1,518,0.00
2006,1,548,0.00
2006,1,618,0.00
2006,1,648,0.00
2006,1,718,0.00
2006,1,748,0.00
2006,1,818,0.00
2006,1,848,0.00
2006,1,918,0.00
2006,1,948,0.00
2006,1,1018,0.00
2006,1,1048,0.00
2006,1,1118,0.00
2006,1,1148,0.00
2006,1,1218,0.00
2006,1,1248,0.00
2006,1,1318,0.00
2006,1,1348,0.00
2006,1,1418,0.00
2006,1,1448,0.00
2006,1,1518,0.00
2006,1,1548,0.00
2006,1,1618,0.00
2006,1,1648,0.00
2006,1,1718,0.00
2006,1,1748,0.00
2006,1,1818,0.00
2006,1,1848,0.00
2006,1,1918,0.00
2006,1,1948,0.00
2006,1,2018,0.00
2006,1,2048,0.00
2006,1,2118,0.00
2006,1,2148,0.00
2006,1,2218,0.00
2006,1,2248,0.00
2006,1,2318,0.00
2006,1,2348,0.00
2006,2,18,0.00
2006,2,48,0.00
2006,2,118,0.00
2006,2,148,0.00
2006,2,218,0.00
2006,2,248,0.00
2006,2,318,0.00
2006,2,348,0.00
2006,2,418,0.00
2006,2,448,0.00
2006,2,518,0.00
2006,2,548,0.00
2006,2,618,0.00
2006,2,648,0.00
2006,2,718,0.00
2006,2,748,0.00
2006,2,818,0.00
2006,2,848,0.00
2006,2,918,0.00
2006,2,948,0.00
2006,2,1018,0.00
2006,2,1048,0.00
2006,2,1118,0.00
2006,2,1148,0.00
2006,2,1218,0.00
2006,2,1248,0.00
2006,2,1318,0.00
2006,2,1348,0.00
2006,2,1418,0.00
2006,2,1448,0.00
2006,2,1518,0.45
2006,2,1548,0.00
2006,2,1618,0.00
2006,2,1648,0.45
2006,2,1718,0.00
2006,2,1748,0.00
2006,2,1818,0.00
2006,2,1848,0.00
2006,2,1918,0.00
2006,2,1948,0.00
2006,2,2018,0.00
2006,2,2048,0.00
2006,2,2118,0.00
2006,2,2148,0.00
2006,2,2218,0.00
2006,2,2248,0.00
2006,2,2318,0.00
2006,2,2348,0.00
2006,3,18,0.00
2006,3,48,0.00
2006,3,118,0.00
2006,3,148,0.00
2006,3,218,0.00
2006,3,248,0.00
2006,3,318,0.00
2006,3,348,0.00
2006,3,418,0.00
2006,3,448,0.00
2006,3,518,0.00
2006,3,548,0.00
2006,3,618,0.00
2006,3,648,0.00
2006,3,718,0.00
2006,3,748,0.00
2006,3,818,0.00
2006,3,848,0.00
2006,3,918,0.00
2006,3,948,0.00
2006,3,1018,0.00
2006,3,1048,0.00
2006,3,1118,0.00
2006,3,1148,0.00
2006,3,1218,0.00
2006,3,1248,0.00
2006,3,1318,0.00
2006,3,1348,0.00
2006,3,1418,0.00
2006,3,1448,0.00
2006,3,1518,0.00
2006,3,1548,0.00
2006,3,1618,0.00
2006,3,1648,0.00
2006,3,1718,0.00
2006,3,1748,0.00
2006,3,1818,0.00
2006,3,1848,0.00
2006,3,1918,0.00
2006,3,1948,0.00
2006,3,2018,0.00
2006,3,2048,0.00
2006,3,2118,0.00
2006,3,2148,0.00
2006,3,2218,0.00
2006,3,2248,0.00
2006,3,2318,0.00
2006,3,2348,0.00
2006,4,18,0.00
2006,4,48,0.00
2006,4,118,0.00
2006,4,148,0.00
2006,4,218,0.00
2006,4,248,0.00
2006,4,318,0.00
2006,4,348,0.00
2006,4,418,0.00
2006,4,448,0.00
2006,4,518,0.00
2006,4,548,0.00
2006,4,618,0.00
2006,4,648,0.00
2006,4,718,0.00
2006,4,748,0.00
2006,4,818,0.00
2006,4,848,0.00
2006,4,918,0.00
2006,4,948,0.00
2006,4,1018,0.00
2006,4,1048,0.00
2006,4,1118,0.00
2006,4,1148,0.00
2006,4,1218,0.00
2006,4,1248,0.00
2006,4,1318,0.00
2006,4,1348,0.00
2006,4,1418,0.00
2006,4,1448,0.00
2006,4,1518,0.00
2006,4,1548,0.00
2006,4,1618,0.00
2006,4,1648,0.00
2006,4,1718,0.00
2006,4,1748,0.00
2006,4,1818,0.00
2006,4,1848,0.00
2006,4,1918,0.00
2006,4,1948,0.00
2006,4,2018,0.00
2006,4,2048,0.00
2006,4,2118,0.00
2006,4,2148,0.00
2006,4,2218,0.00
2006,4,2248,0.00
2006,4,2318,0.00
2006,4,2348,0.00
2006,5,18,0.00
2006,5,48,0.00
2006,5,118,0.00
2006,5,148,0.00
2006,5,218,0.00
2006,5,248,0.00
2006,5,318,0.00
2006,5,348,0.00
2006,5,418,0.00
2006,5,448,0.00
2006,5,518,0.00
2006,5,548,0.00
2006,5,618,0.00
2006,5,648,0.00
2006,5,718,0.00
2006,5,748,0.00
2006,5,818,0.00
2006,5,848,0.00
2006,5,918,0.00
2006,5,948,0.00
2006,5,1018,0.00
2006,5,1048,0.00
2006,5,1118,0.00
2006,5,1148,0.00
2006,5,1218,0.00
2006,5,1248,0.00
2006,5,1318,0.00
2006,5,1348,0.00
2006,5,1418,0.00
2006,5,1448,0.00
2006,5,1518,0.00
2006,5,1548,0.00
2006,5,1618,0.00
2006,5,1648,0.00
2006,5,1718,0.00
2006,5,1748,0.00
2006,5,1818,0.00
2006,5,1848,0.00
2006,5,1918,0.00
2006,5,1948,0.00
2006,5,2018,0.00
2006,5,2048,0.00
2006,5,2118,0.00
2006,5,2148,0.00
2006,5,2218,0.00
2006,5,2248,0.00
2006,5,2318,0.00
2006,5,2348,0.00
2006,6,18,0.00
2006,6,48,0.00
2006,6,118,0.00
2006,6,148,0.00
2006,6,218,0.00
2006,6,248,0.00
2006,6,318,0.00
2006,6,348,0.00
2006,6,418,0.00
2006,6,448,0.00
2006,6,518,0.00
2006,6,548,0.00
2006,6,618,0.00
2006,6,648,0.00
2006,6,718,0.00
2006,6,748,0.00
2006,6,818,0.00
2006,6,848,0.00
2006,6,918,0.00
2006,6,948,0.00
2006,6,1018,0.00
2006,6,1048,0.00
2006,6,1118,0.00
2006,6,1148,0.00
2006,6,1218,0.00
2006,6,1248,0.00
2006,6,1318,0.00
2006,6,1348,0.00
2006,6,1418,0.00
2006,6,1448,0.00
2006,6,1518,0.00
2006,6,1548,0.00
2006,6,1618,0.00
2006,6,1648,0.00
2006,6,1718,0.00
2006,6,1748,0.00
2006,6,1818,0.00
2006,6,1848,0.00
2006,6,1918,0.00
2006,6,1948,0.00
2006,6,2018,0.00
2006,6,2048,0.00
2006,6,2118,0.00
2006,6,2148,0.00
2006,6,2218,0.00
2006,6,2248,0.00
2006,6,2318,0.00
2006,6,2348,0.00
2006,7,18,0.00
2006,7,48,0.00
2006,7,118,0.00
2006,7,148,0.00
2006,7,218,0.00
2006,7,248,0.00
2006,7,318,0.00
2006,7,348,0.00
2006,7,418,0.00
2006,7,448,0.00
2006,7,518,0.00
2006,7,548,0.00
2006,7,618,0.00
2006,7,648,0.00
2006,7,718,0.00
2006,7,748,0.00
2006,7,818,0.00
2006,7,848,0.00
2006,7,918,0.00
2006,7,948,0.00
2006,7,1018,0.00
2006,7,1048,0.00
2006,7,1118,0.00
2006,7,1148,0.00
2006,7,1218,0.00
2006,7,1248,0.00
2006,7,1318,0.00
2006,7,1348,0.00
2006,7,1418,0.00
2006,7,1448,0.00
2006,7,1518,0.00
2006,7,1548,0.00
2006,7,1618,0.00
2006,7,1648,0.00
2006,7,1718,0.00
2006,7,1748,0.00
2006,7,1818,0.00
2006,7,1848,0.00
2006,7,1918,0.00
2006,7,1948,0.00
2006,7,2018,0.00
2006,7,2048,0.00
2006,7,2118,0.00
2006,7,2148,0.00
2006,7,2218,0.00
2006,7,2248,0.00
2006,7,2318,0.00
2006,7,2348,0.00
2006,8,18,0.00
2006,8,48,0.00
2006,8,118,0.00
2006,8,148,0.00
2006,8,218,0.00
2006,8,248,0.00
2006,8,318,0.00
2006,8,348,0.00
2006,8,418,0.00
2006,8,448,0.00
2006,8,518,0.00
2006,8,548,0.00
2006,8,618,0.00
2006,8,648,0.00
2006,8,718,0.00
2006,8,748,0.00
2006,8,818,0.00
2006,8,848,0.00
2006,8,918,0.00
2006,8,948,0.00
2006,8,1018,0.00
2006,8,1048,0.00
2006,8,1118,0.00
2006,8,1148,0.00
2006,8,1218,0.00
2006,8,1248,0.00
2006,8,1318,0.00
2006,8,1348,0.00
2006,8,1418,0.00
2006,8,1448,0.00
2006,8,1518,0.00
2006,8,1548,0.00
2006,8,1618,0.00
2006,8,1648,0.00
2006,8,1718,0.00
2006,8,1748,0.00
2006,8,1818,0.00
2006,8,1848,0.00
2006,8,1918,0.00
2006,8,1948,0.00
2006,8,2018,0.00
2006,8,2048,0.00
2006,8,2118,0.00
2006,8,2148,0.00
2006,8,2218,0.00
2006,8,2248,0.00
2006,8,2318,0.00
2006,8,2348,0.00
2006,9,18,0.00
2006,9,48,0.00
2006,9,118,0.00
2006,9,148,0.00
2006,9,218,0.00
2006,9,248,0.00
2006,9,318,0.00
2006,9,348,0.00
2006,9,418,0.00
2006,9,448,0.00
2006,9,518,0.00
2006,9,548,0.00
2006,9,618,0.00
2006,9,648,0.00
2006,9,718,0.00
2006,9,748,0.00
2006,9,818,0.00
2006,9,848,0.00
2006,9,918,0.00
2006,9,948,0.00
2006,9,1018,0.00
2006,9,1048,0.00
2006,9,1118,0.00
2006,9,1148,0.00
2006,9,1218,0.00
2006,9,1248,0.00
2006,9,1318,0.00
2006,9,1348,0.00
2006,9,1418,0.00
2006,9,1448,0.00
2006,9,1518,0.00
2006,9,1548,0.00
2006,9,1618,0.00
2006,9,1648,0.00
2006,9,1718,0.00
2006,9,1748,0.00
2006,9,1818,0.00
2006,9,1848,0.00
2006,9,1918,0.00
2006,9,1948,0.00
2006,9,2018,0.00
2006,9,2048,0.00
2006,9,2118,0.00
2006,9,2148,0.00
2006,9,2218,0.00
2006,9,2248,0.00
2006,9,2318,0.00
2006,9,2348,0.00
2006,10,18,0.00
2006,10,48,0.45
2006,10,118,0.45
2006,10,148,0.00
2006,10,218,0.00
2006,10,248,0.00
2006,10,318,0.45
2006,10,348,0.00
2006,10,418,0.00
2006,10,448,0.00
2006,10,518,0.00
2006,10,548,0.00
2006,10,618,0.00
2006,10,648,0.00
2006,10,718,0.00
2006,10,748,0.00
2006,10,818,0.00
2006,10,848,0.00
2006,10,918,0.00
2006,10,948,0.00
2006,10,1018,0.00
2006,10,1048,0.00
2006,10,1118,0.00
2006,10,1148,0.00
2006,10,1218,0.00
2006,10,1248,0.00
2006,10,1318,0.00
2006,10,1348,0.45
2006,10,1418,0.00
2006,10,1448,0.00
2006,10,1518,0.00
2006,10,1548,0.00
2006,10,1618,0.00
2006,10,1648,0.00
2006,10,1718,0.45
2006,10,1748,0.45
2006,10,1818,0.45
2006,10,1848,0.00
2006,10,1918,0.00
2006,10,1948,0.45
2006,10,2018,0.45
2006,10,2048,0.45
2006,10,2118,0.45
2006,10,2148,0.00
2006,10,2218,0.00
2006,10,2248,0.45
2006,10,2318,0.00
2006,10,2348,0.00
2006,11,18,0.00
2006,11,48,0.45
2006,11,118,0.45
2006,11,148,0.00
2006,11,218,0.00
2006,11,248,0.00
2006,11,318,0.00
2006,11,348,0.00
2006,11,418,0.00
2006,11,448,0.00
2006,11,518,0.00
2006,11,548,0.00
2006,11,618,0.00
2006,11,648,0.00
2006,11,718,0.00
2006,11,748,0.00
2006,11,818,0.00
2006,11,848,0.00
2006,11,918,0.00
2006,11,948,0.00
2006,11,1018,0.00
2006,11,1048,0.00
2006,11,1118,0.00
2006,11,1148,0.00
2006,11,1218,0.00
2006,11,1248,0.00
2006,11,1318,0.00
2006,11,1348,0.00
2006,11,1418,0.00
2006,11,1448,0.00
2006,11,1518,0.00
2006,11,1548,0.00
2006,11,1618,0.00
2006,11,1648,0.00
2006,11,1718,0.00
2006,11,1748,0.00
2006,11,1818,0.00
2006,11,1848,0.00
2006,11,1918,0.00
2006,11,1948,0.00
2006,11,2018,0.00
2006,11,2048,0.00
2006,11,2118,0.00
2006,11,2148,0.00
2006,11,2218,0.00
2006,11,2248,0.00
2006,11,2318,0.00
2006,11,2348,0.00
2006,12,18,0.00
2006,12,48,0.00
2006,12,118,0.00
2006,12,148,0.00
2006,12,218,0.00
2006,12,248,0.00
2006,12,318,0.00
2006,12,348,0.00
2006,12,418,0.00
2006,12,448,0.00
2006,12,518,0.45
2006,12,548,0.00
2006,12,618,0.00
2006,12,648,0.00
2006,12,718,0.00
2006,12,748,0.00
2006,12,818,0.00
2006,12,848,0.00
2006,12,918,0.00
2006,12,948,0.00
2006,12,1018,0.00
2006,12,1048,0.00
2006,12,1118,0.00
2006,12,1148,0.00
2006,12,1218,0.00
2006,12,1248,0.00
2006,12,1318,0.00
2006,12,1348,0.00
2006,12,1418,0.00
2006,12,1448,0.00
2006,12,1518,0.00
2006,12,1548,0.00
2006,12,1618,0.00
2006,12,1648,0.00
2006,12,1718,0.00
2006,12,1748,0.00
2006,12,1818,0.00
2006,12,1848,0.00
2006,12,1918,0.00
2006,12,1948,0.00
2006,12,2018,0.00
2006,12,2048,0.00
2006,12,2118,0.00
2006,12,2148,0.00
2006,12,2218,0.00
2006,12,2248,0.00
2006,12,2318,0.00
2006,12,2348,0.00
2006,13,18,0.00
2006,13,48,0.00
2006,13,118,0.00
2006,13,148,0.00
2006,13,218,0.00
2006,13,248,0.00
2006,13,318,0.00
2006,13,348,0.00
2006,13,418,0.00
2006,13,448,0.00
2006,13,518,0.00
2006,13,548,0.00
2006,13,618,0.00
2006,13,648,0.00
2006,13,718,0.00
2006,13,748,0.00
2006,13,818,0.00
2006,13,848,0.00
2006,13,918,0.00
2006,13,948,0.00
2006,13,1018,0.00
2006,13,1048,0.00
2006,13,1118,0.00
2006,13,1148,0.00
2006,13,1218,0.00
2006,13,1248,0.00
2006,13,1318,0.00
2006,13,1348,0.00
2006,13,1418,0.00
2006,13,1448,0.00
2006,13,1518,0.00
2006,13,1548,0.00
2006,13,1618,0.00
2006,13,1648,0.00
2006,13,1718,0.00
2006,13,1748,0.00
2006,13,1818,0.00
2006,13,1848,0.00
2006,13,1918,0.00
2006,13,1948,0.00
2006,13,2018,0.00
2006,13,2048,0.00
2006,13,2118,0.00
2006,13,2148,0.00
2006,13,2218,0.00
2006,13,2248,0.00
2006,14,1518,13.41
2006,14,1548,13.41
2006,14,1618,13.41
2006,14,1648,14.31
2006,14,1718,12.52
2006,14,1748,14.31
2006,14,1818,15.20
2006,14,1848,18.78
2006,14,1918,20.56
2006,14,1948,21.90
2006,14,2018,21.90
2006,14,2048,24.14
2006,14,2118,24.14
2006,14,2148,25.03
2006,14,2218,26.82
2006,14,2248,25.93
2006,14,2318,25.48
2006,14,2348,26.82
2006,15,18,27.72
2006,15,48,27.27
2006,15,118,29.50
2006,15,148,29.95
2006,15,218,23.69
2006,15,248,28.61
2006,15,318,21.90
2006,15,348,25.48
2006,15,418,20.56
2006,15,448,19.67
2006,15,518,23.69
2006,15,548,22.80
2006,15,618,22.80
2006,15,648,23.25
2006,15,718,30.40
2006,15,748,30.40
2006,15,818,28.61
2006,15,848,26.82
2006,15,918,23.25
2006,15,948,23.25
2006,15,1018,20.12
2006,15,1048,20.56
2006,15,1118,20.12
2006,15,1148,23.25
2006,15,1218,26.82
2006,15,1248,17.88
2006,15,1318,17.43
2006,15,1348,18.33
2006,15,1418,17.88
2006,15,1448,21.01
2006,15,1518,19.67
2006,15,1548,23.25
2006,15,1618,22.80
2006,15,1648,25.03
2006,15,1718,23.25
2006,15,1748,21.01
2006,15,1818,20.56
2006,15,1848,21.46
2006,15,1918,21.46
2006,15,1948,23.69
2006,15,2018,26.38
2006,15,2048,27.27
2006,15,2118,25.03
2006,15,2148,21.90
2006,15,2218,21.46
2006,15,2248,21.01
2006,15,2318,24.59
2006,15,2348,23.69
2006,16,18,22.35
2006,16,48,22.80
2006,16,118,20.12
2006,16,148,26.38
2006,16,218,28.61
2006,16,248,26.38
2006,16,318,28.16
2006,16,348,32.63
2006,16,418,29.95
2006,16,448,23.69
2006,16,518,27.72
2006,16,548,25.48
2006,16,618,18.78
2006,16,648,17.88
2006,16,718,16.09
2006,16,748,11.62
2006,16,818,9.39
2006,16,848,8.49
2006,16,918,7.60
2006,16,948,7.60
2006,16,1018,6.71
2006,16,1048,10.73
2006,16,1118,11.18
2006,16,1148,12.52
2006,16,1218,11.62
2006,16,1248,11.62
2006,16,1318,12.96
2006,16,1348,14.31
2006,16,1418,15.20
2006,16,1448,12.52
2006,16,1518,13.86
2006,16,1548,14.75
2006,16,1618,15.65
2006,16,1648,12.96
2006,16,1718,16.09
2006,16,1748,18.78
2006,16,1818,17.88
2006,16,1848,14.31
2006,16,1918,18.33
2006,16,1948,16.54
2006,16,2018,17.43
2006,16,2048,17.88
2006,16,2118,17.88
2006,16,2148,3.58
2006,16,2218,15.65
2006,16,2248,3.58
2006,16,2318,15.20
2006,16,2348,16.09
2006,17,18,16.09
2006,17,48,11.18
2006,17,118,16.99
2006,17,148,16.54
2006,17,218,9.83
2006,17,248,7.15
2006,17,318,9.39
2006,17,348,14.31
2006,17,418,18.33
2006,17,448,15.65
2006,17,518,15.20
2006,17,548,13.41
2006,17,618,12.96
2006,17,648,11.18
2006,17,718,15.20
2006,17,748,11.62
2006,17,818,4.02
2006,17,848,7.60
2006,17,918,16.99
2006,17,948,17.88
2006,17,1018,17.43
2006,17,1048,20.56
2006,17,1118,20.12
2006,17,1148,22.80
2006,17,1218,24.14
2006,17,1248,25.03
2006,17,1318,25.48
2006,17,1348,26.82
2006,17,1418,26.82
2006,17,1448,23.25
2006,17,1518,19.22
2006,17,1548,21.90
2006,17,1618,21.90
2006,17,1648,21.46
2006,17,1718,18.33
2006,17,1748,21.01
2006,17,1818,21.46
2006,17,1848,22.80
2006,17,1918,20.12
2006,17,1948,18.78
2006,17,2018,21.90
2006,17,2048,20.56
2006,17,2118,19.67
2006,17,2148,17.43
2006,17,2218,19.22
2006,17,2248,17.88
2006,17,2318,17.43
2006,17,2348,18.33
2006,18,18,16.54
2006,18,48,16.99
2006,18,118,18.33
2006,18,148,18.33
2006,18,218,18.33
2006,18,248,17.43
2006,18,318,17.88
2006,18,348,16.99
2006,18,418,15.20
2006,18,448,15.20
2006,18,518,13.86
2006,18,548,12.52
2006,18,618,13.86
2006,18,648,11.18
2006,18,718,11.62
2006,18,748,11.18
2006,18,818,11.62
2006,18,848,12.07
2006,18,918,16.09
2006,18,948,16.99
2006,18,1018,16.54
2006,18,1048,19.22
2006,18,1118,21.46
2006,18,1148,18.33
2006,18,1218,17.43
2006,18,1248,17.43
2006,18,1318,16.99
2006,18,1348,16.54
2006,18,1418,20.56
2006,18,1448,18.78
2006,18,1518,16.54
2006,18,1548,15.65
2006,18,1618,20.12
2006,18,1648,22.35
2006,18,1718,21.46
2006,18,1748,21.01
2006,18,1818,22.80
2006,18,1848,26.82
2006,18,1918,22.80
2006,18,1948,19.67
2006,18,2018,23.25
2006,18,2048,20.12
2006,18,2118,22.35
2006,18,2148,24.14
2006,18,2218,25.93
2006,18,2248,26.38
2006,18,2318,24.14
2006,18,2348,26.82
2006,19,18,25.93
2006,19,48,26.82
2006,19,118,26.38
2006,19,148,16.54
2006,19,218,16.99
2006,19,248,20.12
2006,19,318,20.56
2006,19,348,23.25
2006,19,418,21.01
2006,19,448,22.80
2006,19,518,18.78
2006,19,548,20.12
2006,19,618,19.67
2006,19,648,15.20
2006,19,718,22.35
2006,19,748,25.48
2006,19,818,20.56
2006,19,848,23.25
2006,19,918,24.14
2006,19,948,25.48
2006,19,1018,23.25
2006,19,1048,24.59
2006,19,1118,17.88
2006,19,1148,22.80
2006,19,1218,26.38
2006,19,1248,23.69
2006,19,1318,24.59
2006,19,1348,20.56
2006,19,1418,25.03
2006,19,1448,30.85
2006,19,1518,32.19
2006,19,1548,25.03
2006,19,1618,24.59
2006,19,1648,25.93
2006,19,1718,28.16
2006,19,1748,21.01
2006,19,1818,20.12
2006,19,1848,22.35
2006,19,1918,21.46
2006,19,1948,21.90
2006,19,2018,22.80
2006,19,2048,23.25
2006,19,2118,28.61
2006,19,2148,29.95
2006,19,2218,27.27
2006,19,2248,26.82
2006,19,2318,24.14
2006,19,2348,24.59
2006,20,18,24.14
2006,20,48,19.67
2006,20,118,19.67
2006,20,148,16.99
2006,20,218,20.12
2006,20,248,21.90
2006,20,318,20.12
2006,20,348,21.90
2006,20,418,21.90
2006,20,448,18.78
2006,20,518,18.33
2006,20,548,23.25
2006,20,618,20.56
2006,20,648,17.43
2006,20,718,22.35
2006,20,748,21.01
2006,20,818,26.38
2006,20,848,24.14
2006,20,918,25.93
2006,20,948,26.38
2006,20,1018,18.78
2006,20,1048,19.67
2006,20,1118,21.46
2006,20,1148,21.46
2006,20,1218,20.56
2006,20,1248,22.80
2006,20,1318,26.38
2006,20,1348,22.35
2006,20,1418,26.82
2006,20,1448,26.38
2006,20,1518,21.90
2006,20,1548,24.14
2006,20,1618,21.46
2006,20,1648,22.80
2006,20,1718,19.67
2006,20,1748,21.90
2006,20,1818,21.46
2006,20,1848,21.01
2006,20,1918,21.90
2006,20,1948,21.46
2006,20,2018,24.59
2006,20,2048,23.69
2006,20,2118,25.48
2006,20,2148,24.14
2006,20,2218,23.69
2006,20,2248,25.48
2006,20,2318,23.69
2006,20,2348,22.35
2006,21,18,22.80
2006,21,48,23.69
2006,21,118,22.80
2006,21,148,23.25
2006,21,218,25.03
2006,21,248,22.80
2006,21,318,22.80
2006,21,348,22.35
2006,21,418,20.56
2006,21,448,21.46
2006,21,518,17.43
2006,21,548,16.54
2006,21,618,16.54
2006,21,648,18.78
2006,21,718,16.54
2006,21,748,14.75
2006,21,818,13.86
2006,21,848,11.62
2006,21,918,11.62
2006,21,948,11.62
2006,21,1018,10.73
2006,21,1048,11.62
2006,21,1118,11.62
2006,21,1148,11.18
2006,21,1218,10.28
2006,21,1248,8.49
2006,21,1318,6.26
2006,21,1348,4.47
2006,21,1418,4.47
2006,21,1448,2.68
2006,21,1518,1.34
2006,21,1548,2.68
2006,21,1618,1.34
2006,21,1648,2.68
2006,21,1718,0.89
2006,21,1748,0.89
2006,21,1818,2.68
2006,21,1848,4.92
2006,21,1918,8.49
2006,21,1948,9.83
2006,21,2018,10.73
2006,21,2048,12.07
2006,21,2118,11.18
2006,21,2148,14.31
2006,21,2218,14.75
2006,21,2248,12.52
2006,21,2318,12.96
2006,21,2348,17.88
2006,22,18,15.65
2006,22,48,16.99
2006,22,118,17.43
2006,22,148,18.78
2006,22,218,19.22
2006,22,248,18.78
2006,22,318,16.54
2006,22,348,16.99
2006,22,418,18.33
2006,22,448,21.46
2006,22,518,21.01
2006,22,548,20.12
2006,22,618,21.46
2006,22,648,20.12
2006,22,718,19.22
2006,22,748,19.67
2006,22,818,21.46
2006,22,848,18.78
2006,22,918,21.01
2006,22,948,21.01
2006,22,1018,17.88
2006,22,1048,18.78
2006,22,1118,13.86
2006,22,1148,12.07
2006,22,1218,12.96
2006,22,1248,11.18
2006,22,1318,12.07
2006,22,1348,14.75
2006,22,1418,12.07
2006,22,1448,15.65
2006,22,1518,8.05
2006,22,1548,13.86
2006,22,1618,15.65
2006,22,1648,13.86
2006,22,1718,17.43
2006,22,1748,11.62
2006,22,1818,9.83
2006,22,1848,12.07
2006,22,1918,12.52
2006,22,1948,9.83
2006,22,2018,6.71
2006,22,2048,6.71
2006,22,2118,2.68
2006,22,2148,4.92
2006,22,2218,6.71
2006,22,2248,4.02
2006,22,2318,5.81
2006,22,2348,3.58
2006,23,18,3.13
2006,23,48,3.58
2006,23,118,4.02
2006,23,148,2.68
2006,23,218,4.47
2006,23,248,4.92
2006,23,318,8.94
2006,23,348,12.96
2006,23,418,11.62
2006,23,448,11.62
2006,23,518,10.28
2006,23,548,18.78
2006,23,618,17.43
2006,23,648,11.62
2006,23,718,19.67
2006,23,748,18.78
2006,23,818,20.56
2006,23,848,21.01
2006,23,918,24.14
2006,23,948,24.14
2006,23,1018,23.69
2006,23,1048,25.03
2006,23,1118,22.80
2006,23,1148,20.56
2006,23,1218,21.01
2006,23,1248,20.12
2006,23,1318,18.78
2006,23,1348,19.67
2006,23,1418,19.22
2006,23,1448,18.33
2006,23,1518,16.99
2006,23,1548,17.43
2006,23,1618,15.20
2006,23,1648,15.20
2006,23,1718,15.20
2006,23,1748,15.65
2006,23,1818,15.20
2006,23,1848,13.86
2006,23,1918,15.65
2006,23,1948,16.09
2006,23,2018,12.96
2006,23,2048,12.07
2006,23,2118,13.41
2006,23,2148,10.73
2006,23,2218,14.31
2006,23,2248,17.43
2006,23,2318,20.12
2006,23,2348,16.99
2006,24,18,18.33
2006,24,48,21.01
2006,24,118,22.35
2006,24,148,21.46
2006,24,218,20.56
2006,24,248,23.25
2006,24,318,20.12
2006,24,348,15.20
2006,24,418,11.62
2006,24,448,13.41
2006,24,518,12.96
2006,24,548,16.09
2006,24,618,16.99
2006,24,648,16.54
2006,24,718,19.22
2006,24,748,18.33
2006,24,818,16.09
2006,24,848,13.41
2006,24,918,13.41
2006,24,948,14.75
2006,24,1018,10.28
2006,24,1048,9.83
2006,24,1118,11.62
2006,24,1148,11.62
2006,24,1218,12.52
2006,24,1248,9.39
2006,24,1318,9.39
2006,24,1348,8.94
2006,24,1418,10.73
2006,24,1448,9.39
2006,24,1518,7.60
2006,24,1548,8.49
2006,24,1618,7.60
2006,24,1648,9.39
2006,24,1718,8.49
2006,24,1748,8.49
2006,24,1818,8.49
2006,24,1848,8.05
2006,24,1918,8.05
2006,24,1948,8.49
2006,24,2018,8.05
2006,24,2048,8.05
2006,24,2118,7.60
2006,24,2148,7.15
2006,24,2218,6.26
2006,24,2248,3.13
2006,24,2318,4.02
2006,24,2348,4.02
2006,25,18,5.81
2006,25,48,4.02
2006,25,118,5.81
2006,25,148,5.36
2006,25,218,6.26
2006,25,248,6.26
2006,25,318,5.81
2006,25,348,5.36
2006,25,418,5.36
2006,25,448,4.92
2006,25,518,7.15
2006,25,548,6.26
2006,25,618,7.15
2006,25,648,8.05
2006,25,718,9.83
2006,25,748,10.73
2006,25,818,12.07
2006,25,848,11.18
2006,25,918,11.18
2006,25,948,9.39
2006,25,1018,7.15
2006,25,1048,7.60
2006,25,1118,7.60
2006,25,1148,8.94
2006,25,1218,8.94
2006,25,1248,8.94
2006,25,1318,9.39
2006,25,1348,9.83
2006,25,1418,8.94
2006,25,1448,7.60
2006,25,1518,8.94
2006,25,1548,5.81
2006,25,1618,4.92
2006,25,1648,5.81
2006,25,1718,5.81
2006,25,1748,4.92
2006,25,1818,6.26
2006,25,1848,4.47
2006,25,1918,4.47
2006,25,1948,4.47
2006,25,2018,6.26
2006,25,2048,5.36
2006,25,2118,6.26
2006,25,2148,5.36
2006,25,2218,4.02
2006,25,2248,3.58
2006,25,2318,3.58
2006,25,2348,3.58
2006,26,18,3.58
2006,26,48,4.02
2006,26,118,2.24
2006,26,148,2.68
2006,26,218,4.02
2006,26,248,4.02
2006,26,318,1.79
2006,26,348,0.89
2006,26,418,0.89
2006,26,448,0.89
2006,26,518,2.24
2006,26,548,2.68
2006,26,618,3.13
2006,26,648,1.79
2006,26,718,2.68
2006,26,748,3.13
2006,26,818,3.13
2006,26,848,2.24
2006,26,918,1.79
2006,26,948,3.58
2006,26,1018,2.68
2006,26,1048,2.24
2006,26,1118,1.79
2006,26,1148,4.02
2006,26,1218,4.47
2006,26,1248,3.13
2006,26,1318,2.68
2006,26,1348,2.24
2006,26,1418,3.13
2006,26,1448,2.68
2006,26,1518,2.24
2006,26,1548,2.68
2006,26,1618,3.13
2006,26,1648,1.79
2006,26,1718,1.79
2006,26,1748,3.13
2006,26,1818,3.58
2006,26,1848,4.02
2006,26,1918,3.58
2006,26,1948,2.24
2006,26,2018,2.68
2006,26,2048,2.68
2006,26,2118,4.47
2006,26,2148,5.36
2006,26,2218,5.81
2006,26,2248,4.47
2006,26,2318,3.13
2006,26,2348,2.68
2006,27,18,4.47
2006,27,48,5.36
2006,27,118,7.60
2006,27,148,6.26
2006,27,218,4.92
2006,27,248,3.58
2006,27,318,3.58
2006,27,348,4.92
2006,27,418,4.47
2006,27,448,3.13
2006,27,518,3.13
2006,27,548,5.36
2006,27,618,5.81
2006,27,648,6.26
2006,27,718,6.26
2006,27,748,6.71
2006,27,818,7.15
2006,27,848,7.15
2006,27,918,5.81
2006,27,948,6.26
2006,27,1018,6.26
2006,27,1048,5.36
2006,27,1118,5.81
2006,27,1148,4.47
2006,27,1218,4.92
2006,27,1248,5.36
2006,27,1318,5.81
2006,27,1348,6.26
2006,27,1418,6.71
2006,27,1448,5.36
2006,27,1518,8.05
2006,27,1548,5.81
2006,27,1618,7.15
2006,27,1648,7.60
2006,27,1718,8.94
2006,27,1748,7.60
2006,27,1818,9.39
2006,27,1848,11.62
2006,27,1918,11.18
2006,27,1948,11.18
2006,27,2018,9.83
2006,27,2048,10.28
2006,27,2118,11.18
2006,27,2148,9.39
2006,27,2218,12.07
2006,27,2248,8.49
2006,27,2318,9.39
2006,27,2348,7.60
2006,28,18,7.15
2006,28,48,8.94
2006,28,118,7.60
2006,28,148,8.05
2006,28,218,9.39
2006,28,248,8.05
2006,28,318,8.05
2006,28,348,9.83
2006,28,418,8.94
2006,28,448,7.60
2006,28,518,8.49
2006,28,548,7.60
2006,28,618,4.92
2006,28,648,7.15
2006,28,718,7.60
2006,28,748,6.26
2006,28,818,6.26
2006,28,848,4.92
2006,28,918,5.81
2006,28,948,4.92
2006,28,1018,6.71
2006,28,1048,6.71
2006,28,1118,7.60
2006,28,1148,5.36
2006,28,1218,4.02
2006,28,1248,6.71
2006,28,1318,4.02
2006,28,1348,5.36
2006,28,1418,5.81
2006,28,1448,3.13
2006,28,1518,1.79
2006,28,1548,3.58
2006,28,1618,4.02
2006,28,1648,2.68
2006,28,1718,4.47
2006,28,1748,3.58
2006,28,1818,1.34
2006,28,1848,1.34
2006,28,1918,1.34
2006,28,1948,5.36
2006,28,2018,4.47
2006,28,2048,4.47
2006,28,2118,5.81
2006,28,2148,5.81
2006,28,2218,6.71
2006,28,2248,6.26
2006,28,2318,6.71
2006,28,2348,5.81
2006,29,18,5.36
2006,29,48,0.89
2006,29,118,0.89
2006,29,148,1.34
2006,29,218,1.34
2006,29,248,0.45
2006,29,318,1.34
2006,29,348,0.89
2006,29,418,0.00
2006,29,448,0.45
2006,29,518,1.34
2006,29,548,1.34
2006,29,618,1.34
2006,29,648,1.34
2006,29,718,1.34
2006,29,748,1.79
2006,29,818,2.68
2006,29,848,4.02
2006,29,918,3.58
2006,29,948,4.47
2006,29,1018,4.02
2006,29,1048,2.68
2006,29,1118,1.79
2006,29,1148,2.24
2006,29,1218,1.34
2006,29,1248,2.24
2006,29,1318,2.24
2006,29,1348,2.24
2006,29,1418,1.79
2006,29,1448,1.79
2006,29,1518,3.58
2006,29,1548,2.24
2006,29,1618,1.34
2006,29,1648,0.89
2006,29,1718,1.34
2006,29,1748,3.58
2006,29,1818,3.13
2006,29,1848,2.24
2006,29,1918,4.47
2006,29,1948,2.24
2006,29,2018,3.13
2006,29,2048,2.24
2006,29,2118,3.13
2006,29,2148,3.13
2006,29,2218,2.24
2006,29,2248,1.34
2006,29,2318,2.24
2006,29,2348,1.34
2006,30,18,0.45
2006,30,48,0.89
2006,30,118,1.79
2006,30,148,2.24
2006,30,218,2.24
2006,30,248,0.89
2006,30,318,1.34
2006,30,348,0.00
2006,30,418,0.45
2006,30,448,1.34
2006,30,518,0.89
2006,30,548,1.34
2006,30,618,2.24
2006,30,648,1.79
2006,30,718,1.34
2006,30,748,1.79
2006,30,818,2.68
2006,30,848,3.13
2006,30,918,4.47
2006,30,948,5.36
2006,30,1018,6.71
2006,30,1048,5.36
2006,30,1118,5.36
2006,30,1148,4.47
2006,30,1218,4.02
2006,30,1248,4.47
2006,30,1318,4.02
2006,30,1348,3.13
2006,30,1418,2.68
2006,30,1448,4.02
2006,30,1518,4.47
2006,30,1548,4.02
2006,30,1618,4.02
2006,30,1648,4.02
2006,30,1718,3.13
2006,30,1748,4.02
2006,30,1818,4.02
2006,30,1848,3.58
2006,30,1918,2.24
2006,30,1948,1.79
2006,30,2018,2.24
2006,30,2048,2.68
2006,30,2118,2.24
2006,30,2148,0.89
2006,30,2218,0.45
2006,30,2248,2.24
2006,30,2318,3.13
2006,30,2348,2.68
2006,31,18,1.34
2006,31,48,0.45
2006,31,118,3.13
2006,31,148,1.34
2006,31,218,2.24
2006,31,248,2.24
2006,31,318,4.02
2006,31,348,4.02
2006,31,418,1.34
2006,31,448,2.24
2006,31,518,4.47
2006,31,548,4.47
2006,31,618,3.58
2006,31,648,1.79
2006,31,718,1.79
2006,31,748,1.79
2006,31,818,0.89
2006,31,848,2.24
2006,31,918,4.02
2006,31,948,4.02
2006,31,1018,0.45
2006,31,1048,1.79
2006,31,1118,0.89
2006,31,1148,2.24
2006,31,1218,3.13
2006,31,1248,1.34
2006,31,1318,7.15
2006,31,1348,7.15
2006,31,1418,5.36
2006,31,1448,4.02
2006,31,1518,3.58
2006,31,1548,4.02
2006,31,1618,4.92
2006,31,1648,3.58
2006,31,1718,2.68
2006,31,1748,4.47
2006,31,1818,3.58
2006,31,1848,4.47
2006,31,1918,6.71
2006,31,1948,7.15
2006,31,2018,6.71
2006,31,2048,5.81
2006,31,2118,5.81
2006,31,2148,5.36
2006,31,2218,4.02
2006,31,2248,4.47
2006,31,2318,6.26
2006,31,2348,4.47
2006,32,18,4.47
2006,32,48,4.47
2006,32,118,3.58
2006,32,148,3.58
2006,32,218,3.13
2006,32,248,4.02
2006,32,318,4.02
2006,32,348,3.58
2006,32,418,4.02
2006,32,448,4.47
2006,32,518,5.81
2006,32,548,6.26
2006,32,618,5.36
2006,32,648,6.26
2006,32,718,5.36
2006,32,748,4.92
2006,32,818,4.92
2006,32,848,4.47
2006,32,918,3.58
2006,32,948,3.13
2006,32,1018,1.79
2006,32,1048,3.13
2006,32,1118,2.24
2006,32,1148,1.79
2006,32,1218,0.89
2006,32,1248,2.24
2006,32,1318,0.45
2006,32,1348,0.45
2006,32,1418,1.79
2006,32,1448,0.89
2006,32,1518,1.34
2006,32,1548,0.89
2006,32,1618,1.79
2006,32,1648,1.34
2006,32,1718,1.79
2006,32,1748,0.00
2006,32,1818,0.00
2006,32,1848,0.45
2006,32,1918,0.89
2006,32,1948,1.34
2006,32,2018,1.34
2006,32,2048,1.34
2006,32,2118,0.89
2006,32,2148,0.89
2006,32,2218,0.89
2006,32,2248,0.00
2006,32,2318,3.58
2006,32,2348,1.79
2006,33,18,0.89
2006,33,48,2.24
2006,33,118,0.89
2006,33,148,1.34
2006,33,218,1.34
2006,33,248,2.68
2006,33,318,1.34
2006,33,348,3.13
2006,33,418,4.92
2006,33,448,6.26
2006,33,518,5.36
2006,33,548,4.02
2006,33,618,6.26
2006,33,648,4.47
2006,33,718,3.58
2006,33,748,4.92
2006,33,818,3.13
2006,33,848,7.15
2006,33,918,7.15
2006,33,948,7.15
2006,33,1018,6.71
2006,33,1048,6.71
2006,33,1118,7.15
2006,33,1148,8.05
2006,33,1218,8.49
2006,33,1248,8.49
2006,33,1318,10.28
2006,33,1348,11.18
2006,33,1418,10.73
2006,33,1448,10.28
2006,33,1518,11.62
2006,33,1548,12.07
2006,33,1618,12.96
2006,33,1648,12.07
2006,33,1718,12.07
2006,33,1748,12.52
2006,33,1818,12.07
2006,33,1848,11.18
2006,33,1918,7.60
2006,33,1948,5.81
2006,33,2018,6.26
2006,33,2048,5.81
2006,33,2118,5.81
2006,33,2148,6.26
2006,33,2218,6.26
2006,33,2248,8.49
2006,33,2318,5.81
2006,33,2348,5.81
2006,34,18,4.92
2006,34,48,4.92
2006,34,118,4.92
2006,34,148,4.02
2006,34,218,2.68
2006,34,248,1.79
2006,34,318,2.24
2006,34,348,4.02
2006,34,418,1.79
2006,34,448,1.79
2006,34,518,4.92
2006,34,548,5.36
2006,34,618,5.36
2006,34,648,6.71
2006,34,718,7.60
2006,34,748,7.15
2006,34,818,8.05
2006,34,848,7.15
2006,34,918,5.81
2006,34,948,5.36
2006,34,1018,4.02
2006,34,1048,4.92
2006,34,1118,2.68
2006,34,1148,1.79
2006,34,1218,1.79
2006,34,1248,1.34
2006,34,1318,1.79
2006,34,1348,1.79
2006,34,1418,3.58
2006,34,1448,2.24
2006,34,1518,4.92
2006,34,1548,4.02
2006,34,1618,5.36
2006,34,1648,5.36
2006,34,1718,6.71
2006,34,1748,7.15
2006,34,1818,5.81
2006,34,1848,4.47
2006,34,1918,4.47
2006,34,1948,5.81
2006,34,2018,6.26
2006,34,2048,6.26
2006,34,2118,5.36
2006,34,2148,7.15
2006,34,2218,7.60
2006,34,2248,8.05
2006,34,2318,8.05
2006,34,2348,9.39
2006,35,18,9.39
2006,35,48,7.60
2006,35,118,7.60
2006,35,148,7.60
2006,35,218,8.94
2006,35,248,8.94
2006,35,318,9.83
2006,35,348,9.39
2006,35,418,8.94
2006,35,448,10.28
2006,35,518,10.28
2006,35,548,10.73
2006,35,618,12.52
2006,35,648,12.52
2006,35,718,10.73
2006,35,748,9.83
2006,35,818,8.49
2006,35,848,8.49
2006,35,918,7.60
2006,35,948,6.26
2006,35,1018,5.81
2006,35,1048,3.13
2006,35,1118,4.02
2006,35,1148,4.02
2006,35,1218,0.89
2006,35,1248,1.34
2006,35,1318,1.34
2006,35,1348,1.34
2006,35,1418,0.89
2006,35,1448,3.58
2006,35,1518,4.92
2006,35,1548,8.49
2006,35,1618,8.05
2006,35,1648,7.15
2006,35,1718,7.60
2006,35,1748,8.05
2006,35,1818,8.05
2006,35,1848,7.60
2006,35,1918,6.26
2006,35,1948,5.81
2006,35,2018,5.36
2006,35,2048,6.26
2006,35,2118,5.81
2006,35,2148,6.26
2006,35,2218,5.81
2006,35,2248,5.81
2006,35,2318,5.81
2006,35,2348,4.47
2006,36,18,8.49
2006,36,48,9.83
2006,36,118,10.28
2006,36,148,12.96
2006,36,218,12.07
2006,36,248,12.52
2006,36,318,14.75
2006,36,348,13.86
2006,36,418,13.86
2006,36,448,11.62
2006,36,518,12.07
2006,36,548,12.96
2006,36,618,15.20
2006,36,648,15.20
2006,36,718,15.65
2006,36,748,13.41
2006,36,818,15.65
2006,36,848,14.31
2006,36,918,14.75
2006,36,948,16.99
2006,36,1018,14.75
2006,36,1048,10.73
2006,36,1118,9.83
2006,36,1148,10.73
2006,36,1218,12.52
2006,36,1248,10.28
2006,36,1318,12.96
2006,36,1348,10.28
2006,36,1418,10.73
2006,36,1448,12.96
2006,36,1518,15.65
2006,36,1548,14.31
2006,36,1618,19.22
2006,36,1648,13.86
2006,36,1718,16.09
2006,36,1748,17.43
2006,36,1818,13.41
2006,36,1848,15.20
2006,36,1918,12.07
2006,36,1948,20.12
2006,36,2018,19.67
2006,36,2048,21.90
2006,36,2118,19.67
2006,36,2148,18.33
2006,36,2218,15.20
2006,36,2248,18.33
2006,36,2318,17.43
2006,36,2348,21.01
2006,37,18,19.67
2006,37,48,17.43
2006,37,118,19.22
2006,37,148,20.12
2006,37,218,18.78
2006,37,248,20.56
2006,37,318,19.22
2006,37,348,21.01
2006,37,418,20.12
2006,37,448,18.33
2006,37,518,21.90
2006,37,548,19.67
2006,37,618,20.12
2006,37,648,19.67
2006,37,718,22.80
2006,37,748,21.90
2006,37,818,24.14
2006,37,848,22.80
2006,37,918,25.03
2006,37,948,25.93
2006,37,1018,25.48
2006,37,1048,27.27
2006,37,1118,22.80
2006,37,1148,22.35
2006,37,1218,21.46
2006,37,1248,20.12
2006,37,1318,23.25
2006,37,1348,21.46
2006,37,1418,22.35
2006,37,1448,26.38
2006,37,1518,24.14
2006,37,1548,23.69
2006,37,1618,19.67
2006,37,1648,21.90
2006,37,1718,21.46
2006,37,1748,25.03
2006,37,1818,25.93
2006,37,1848,23.25
2006,37,1918,20.56
2006,37,1948,22.35
2006,37,2018,22.35
2006,37,2048,26.82
2006,37,2118,24.59
2006,37,2148,24.14
2006,37,2218,22.80
2006,37,2248,23.69
2006,37,2318,22.80
2006,37,2348,23.69
2006,38,18,21.46
2006,38,48,21.90
2006,38,118,25.93
2006,38,148,19.22
2006,38,218,20.56
2006,38,248,16.09
2006,38,318,21.90
2006,38,348,23.69
2006,38,418,22.80
2006,38,448,25.03
2006,38,518,25.03
2006,38,548,24.14
2006,38,618,21.90
2006,38,648,25.93
2006,38,718,24.59
2006,38,748,29.06
2006,38,818,29.06
2006,38,848,20.56
2006,38,918,24.59
2006,38,948,21.90
2006,38,1018,21.90
2006,38,1048,19.22
2006,38,1118,19.67
2006,38,1148,25.93
2006,38,1218,26.38
2006,38,1248,29.95
2006,38,1318,23.69
2006,38,1348,24.14
2006,38,1418,22.80
2006,38,1448,21.90
2006,38,1518,16.09
2006,38,1548,14.31
2006,38,1618,13.86
2006,38,1648,13.86
2006,38,1718,15.65
2006,38,1748,19.22
2006,38,1818,20.56
2006,38,1848,22.80
2006,38,1918,20.12
2006,38,1948,22.80
2006,38,2018,19.22
2006,38,2048,17.43
2006,38,2118,14.75
2006,38,2148,14.75
2006,38,2218,17.43
2006,38,2248,16.54
2006,38,2318,15.65
2006,38,2348,19.22
2006,39,18,18.33
2006,39,48,18.33
2006,39,118,20.12
2006,39,148,17.88
2006,39,218,18.33
2006,39,248,17.43
2006,39,318,16.99
2006,39,348,14.31
2006,39,418,14.31
2006,39,448,15.20
2006,39,518,12.52
2006,39,548,13.86
2006,39,618,13.86
2006,39,648,11.18
2006,39,718,11.62
2006,39,748,14.31
2006,39,818,12.96
2006,39,848,12.96
2006,39,918,12.07
2006,39,948,13.86
2006,39,1018,12.07
2006,39,1048,14.75
2006,39,1118,11.18
2006,39,1148,12.96
2006,39,1218,12.52
2006,39,1248,14.31
2006,39,1318,14.75
2006,39,1348,16.54
2006,39,1418,19.22
2006,39,1448,16.54
2006,39,1518,16.99
2006,39,1548,16.09
2006,39,1618,16.09
2006,39,1648,17.43
2006,39,1718,15.65
2006,39,1748,15.20
2006,39,1818,15.65
2006,39,1848,16.54
2006,39,1918,14.75
2006,39,1948,16.09
2006,39,2018,18.78
2006,39,2048,16.99
2006,39,2118,16.54
2006,39,2148,18.33
2006,39,2218,19.67
2006,39,2248,16.99
2006,39,2318,17.43
2006,39,2348,16.54
2006,40,18,16.54
2006,40,48,16.99
2006,40,118,16.54
2006,40,148,13.41
2006,40,218,14.75
2006,40,248,12.07
2006,40,318,12.52
2006,40,348,12.07
2006,40,418,12.96
2006,40,448,12.96
2006,40,518,14.31
2006,40,548,13.86
2006,40,618,12.96
2006,40,648,14.31
2006,40,718,15.20
2006,40,748,13.41
2006,40,818,15.65
2006,40,848,15.65
2006,40,918,13.86
2006,40,948,14.75
2006,40,1018,12.07
2006,40,1048,12.07
2006,40,1118,12.52
2006,40,1148,13.41
2006,40,1218,14.75
2006,40,1248,15.65
2006,40,1318,15.20
2006,40,1348,13.86
2006,40,1418,12.96
2006,40,1448,15.20
2006,40,1518,14.31
2006,40,1548,12.52
2006,40,1618,13.41
2006,40,1648,12.52
2006,40,1718,11.18
2006,40,1748,11.18
2006,40,1818,11.62
2006,40,1848,10.73
2006,40,1918,10.73
2006,40,1948,9.83
2006,40,2018,11.62
2006,40,2048,9.39
2006,40,2118,9.39
2006,40,2148,8.49
2006,40,2218,7.15
2006,40,2248,7.60
2006,40,2318,8.49
2006,40,2348,7.15
2006,41,18,5.36
2006,41,48,6.71
2006,41,118,6.71
2006,41,148,3.58
2006,41,218,2.68
2006,41,248,5.81
2006,41,318,0.89
2006,41,348,1.79
2006,41,418,2.68
2006,41,448,0.89
2006,41,518,0.89
2006,41,548,1.34
2006,41,618,0.89
2006,41,648,0.89
2006,41,718,0.45
2006,41,748,0.89
2006,41,818,2.24
2006,41,848,1.79
2006,41,918,3.13
2006,41,948,4.47
2006,41,1018,4.92
2006,41,1048,4.92
2006,41,1118,5.36
2006,41,1148,4.47
2006,41,1218,4.02
2006,41,1248,4.92
2006,41,1318,5.36
2006,41,1348,4.92
2006,41,1418,4.47
2006,41,1448,4.47
2006,41,1518,3.13
2006,41,1548,3.13
2006,41,1618,3.58
2006,41,1648,4.02
2006,41,1718,3.58
2006,41,1748,4.02
2006,41,1818,4.92
2006,41,1848,4.92
2006,41,1918,3.13
2006,41,1948,4.47
2006,41,2018,4.92
2006,41,2048,6.26
2006,41,2118,5.81
2006,41,2148,6.71
2006,41,2218,8.49
2006,41,2248,10.73
2006,41,2318,8.94
2006,41,2348,8.94
2006,42,18,8.94
2006,42,48,4.47
2006,42,118,6.71
2006,42,148,14.75
2006,42,218,12.96
2006,42,248,12.96
2006,42,318,11.62
2006,42,348,15.65
2006,42,418,15.65
2006,42,448,15.20
2006,42,518,14.75
2006,42,548,15.20
2006,42,618,13.86
2006,42,648,14.31
2006,42,718,12.96
2006,42,748,13.86
2006,42,818,15.65
2006,42,848,14.75
2006,42,918,12.07
2006,42,948,11.18
2006,42,1018,17.43
2006,42,1048,12.52
2006,42,1118,18.33
2006,42,1148,13.86
2006,42,1218,16.54
2006,42,1248,15.20
2006,42,1318,15.20
2006,42,1348,14.75
2006,42,1418,17.88
2006,42,1448,15.20
2006,42,1518,16.09
2006,42,1548,16.54
2006,42,1618,19.67
2006,42,1648,16.99
2006,42,1718,16.54
2006,42,1748,18.33
2006,42,1818,18.33
2006,42,1848,16.99
2006,42,1918,19.22
2006,42,1948,19.67
2006,42,2018,20.12
2006,42,2048,20.12
2006,42,2118,19.22
2006,42,2148,17.88
2006,42,2218,15.65
2006,42,2248,20.12
2006,42,2318,19.22
2006,42,2348,19.67
2006,43,18,16.54
2006,43,48,13.86
2006,43,118,15.20
2006,43,148,16.09
2006,43,218,15.20
2006,43,248,13.86
2006,43,318,12.52
2006,43,348,11.18
2006,43,418,10.28
2006,43,448,8.49
2006,43,518,10.73
2006,43,548,9.83
2006,43,618,8.94
2006,43,648,7.15
2006,43,718,7.15
2006,43,748,7.15
2006,43,818,0.89
2006,43,848,0.45
2006,43,918,1.79
2006,43,948,4.47
2006,43,1018,6.26
2006,43,1048,6.71
2006,43,1118,5.36
2006,43,1148,4.92
2006,43,1218,5.36
2006,43,1248,8.49
2006,43,1318,10.73
2006,43,1348,10.28
2006,43,1418,12.07
2006,43,1448,13.86
2006,43,1518,12.52
2006,43,1548,14.31
2006,43,1618,14.31
2006,43,1648,14.31
2006,43,1718,11.62
2006,43,1748,9.39
2006,43,1818,9.83
2006,43,1848,8.94
2006,43,1918,8.49
2006,43,1948,6.71
2006,43,2018,6.26
2006,43,2048,3.58
2006,43,2118,3.58
2006,43,2148,5.81
2006,43,2218,7.60
2006,43,2248,6.26
2006,43,2318,3.58
2006,43,2348,4.02
2006,44,18,5.36
2006,44,48,9.39
2006,44,118,8.94
2006,44,148,12.96
2006,44,218,8.94
2006,44,248,4.02
2006,44,318,3.58
2006,44,348,2.68
2006,44,418,0.89
2006,44,448,3.13
2006,44,518,3.13
2006,44,548,10.73
2006,44,618,12.96
2006,44,648,13.86
2006,44,718,14.75
2006,44,748,14.75
2006,44,818,19.22
2006,44,848,19.22
2006,44,918,18.78
2006,44,948,19.22
2006,44,1018,14.31
2006,44,1048,9.83
2006,44,1118,12.52
2006,44,1148,12.96
2006,44,1218,12.52
2006,44,1248,15.20
2006,44,1318,13.86
2006,44,1348,15.20
2006,44,1418,15.20
2006,44,1448,10.28
2006,44,1518,12.07
2006,44,1548,12.07
2006,44,1618,11.18
2006,44,1648,9.39
2006,44,1718,11.18
2006,44,1748,11.62
2006,44,1818,12.07
2006,44,1848,13.86
2006,44,1918,15.65
2006,44,1948,14.31
2006,44,2018,15.65
2006,44,2048,14.75
2006,44,2118,16.54
2006,44,2148,17.43
2006,44,2218,16.99
2006,44,2248,22.80
2006,44,2318,20.56
2006,44,2348,22.35
2006,45,18,21.90
2006,45,48,25.48
2006,45,118,25.03
2006,45,148,23.69
2006,45,218,21.90
2006,45,248,25.48
2006,45,318,27.27
2006,45,348,29.95
2006,45,418,29.50
2006,45,448,32.19
2006,45,518,28.61
2006,45,548,27.27
2006,45,618,26.38
2006,45,648,24.14
2006,45,718,21.90
2006,45,748,21.90
2006,45,818,22.35
2006,45,848,18.78
2006,45,918,13.41
2006,45,948,14.31
2006,45,1018,7.15
2006,45,1048,8.05
2006,45,1118,8.94
2006,45,1148,11.18
2006,45,1218,11.18
2006,45,1248,13.86
2006,45,1318,14.75
2006,45,1348,12.52
2006,45,1418,16.54
2006,45,1448,16.54
2006,45,1518,14.31
2006,45,1548,16.09
2006,45,1618,14.31
2006,45,1648,14.31
2006,45,1718,16.54
2006,45,1748,17.43
2006,45,1818,16.54
2006,45,1848,18.33
2006,45,1918,18.78
2006,45,1948,17.43
2006,45,2018,23.69
2006,45,2048,32.63
2006,45,2118,34.87
2006,45,2148,31.74
2006,45,2218,31.29
2006,45,2248,27.72
2006,45,2318,28.61
2006,45,2348,32.63
2006,46,18,31.74
2006,46,48,25.48
2006,46,118,21.90
2006,46,148,16.99
2006,46,218,14.75
2006,46,248,12.96
2006,46,318,20.56
2006,46,348,19.67
2006,46,418,16.99
2006,46,448,13.41
2006,46,518,19.67
2006,46,548,17.88
2006,46,618,15.65
2006,46,648,15.65
2006,46,718,16.09
2006,46,748,15.65
2006,46,818,16.54
2006,46,848,13.86
2006,46,918,18.78
2006,46,948,19.22
2006,46,1018,19.67
2006,46,1048,19.22
2006,46,1118,18.33
2006,46,1148,17.88
2006,46,1218,19.22
2006,46,1248,16.99
2006,46,1318,14.75
2006,46,1348,18.33
2006,46,1418,21.01
2006,46,1448,16.54
2006,46,1518,18.33
2006,46,1548,22.80
2006,46,1618,21.90
2006,46,1648,21.01
2006,46,1718,19.22
2006,46,1748,21.01
2006,46,1818,18.78
2006,46,1848,20.12
2006,46,1918,19.67
2006,46,1948,18.33
2006,46,2018,18.33
2006,46,2048,14.31
2006,46,2118,16.09
2006,46,2148,20.56
2006,46,2218,17.88
2006,46,2248,15.20
2006,46,2318,16.09
2006,46,2348,19.22
2006,47,18,14.31
2006,47,48,16.99
2006,47,118,13.86
2006,47,148,15.20
2006,47,218,12.52
2006,47,248,14.31
2006,47,318,16.09
2006,47,348,16.54
2006,47,418,14.31
2006,47,448,15.65
2006,47,518,15.65
2006,47,548,12.07
2006,47,618,12.96
2006,47,648,15.20
2006,47,718,16.09
2006,47,748,18.33
2006,47,818,15.65
2006,47,848,18.78
2006,47,918,20.12
2006,47,948,16.54
2006,47,1018,12.96
2006,47,1048,17.88
2006,47,1118,19.67
2006,47,1148,17.43
2006,47,1218,17.88
2006,47,1248,18.78
2006,47,1318,19.22
2006,47,1348,18.33
2006,47,1418,21.90
2006,47,1448,20.12
2006,47,1518,17.88
2006,47,1548,18.78
2006,47,1618,16.99
2006,47,1648,18.33
2006,47,1718,20.12
2006,47,1748,19.22
2006,47,1818,19.22
2006,47,1848,23.25
2006,47,1918,16.99
2006,47,1948,20.56
2006,47,2018,19.67
2006,47,2048,16.99
2006,47,2118,16.54
2006,47,2148,13.41
2006,47,2218,12.52
2006,47,2248,11.18
2006,47,2318,10.73
2006,47,2348,13.86
2006,48,18,14.31
2006,48,48,12.07
2006,48,118,7.15
2006,48,148,6.26
2006,48,218,6.71
2006,48,248,8.05
2006,48,318,7.15
2006,48,348,8.05
2006,48,418,8.49
2006,48,448,9.39
2006,48,518,8.94
2006,48,548,10.28
2006,48,618,11.18
2006,48,648,9.83
2006,48,718,10.28
2006,48,748,8.94
2006,48,818,9.83
2006,48,848,10.28
2006,48,918,11.18
2006,48,948,9.83
2006,48,1018,8.94
2006,48,1048,9.39
2006,48,1118,7.15
2006,48,1148,6.71
2006,48,1218,7.15
2006,48,1248,7.15
2006,48,1318,8.49
2006,48,1348,8.05
2006,48,1418,4.92
2006,48,1448,5.36
2006,48,1518,4.02
2006,48,1548,5.81
2006,48,1618,3.13
2006,48,1648,3.13
2006,48,1718,0.00
2006,48,1748,1.79
2006,48,1818,0.45
2006,48,1848,0.89
2006,48,1918,3.13
2006,48,1948,2.68
2006,48,2018,3.13
2006,48,2048,4.02
2006,48,2118,3.58
2006,48,2148,1.79
2006,48,2218,1.79
2006,48,2248,1.79
2006,48,2318,2.68
2006,48,2348,2.24
2006,49,18,3.13
2006,49,48,3.13
2006,49,118,3.58
2006,49,148,3.58
2006,49,218,4.47
2006,49,248,3.58
2006,49,318,3.13
2006,49,348,4.02
2006,49,418,3.13
2006,49,448,4.02
2006,49,518,4.92
2006,49,548,5.36
2006,49,618,5.36
2006,49,648,5.81
2006,49,1505,0.00
2006,49,1518,7.60
2006,49,1548,7.15
2006,49,1618,4.02
2006,49,1648,3.13
2006,49,1718,4.92
2006,49,1748,4.02
2006,49,1818,2.68
2006,49,1848,4.02
2006,49,1918,4.47
2006,49,1948,3.13
2006,49,2018,4.92
2006,49,2048,4.02
2006,49,2118,3.58
2006,49,2148,5.36
2006,49,2218,4.92
2006,49,2248,3.58
2006,49,2318,4.02
2006,49,2348,3.58
2006,50,18,6.26
2006,50,48,3.58
2006,50,118,5.36
2006,50,148,4.02
2006,50,218,6.26
2006,50,248,5.36
2006,50,318,4.92
2006,50,348,4.02
2006,50,418,4.92
2006,50,448,5.81
2006,50,518,5.36
2006,50,548,5.81
2006,50,618,5.81
2006,50,648,6.26
2006,50,718,5.81
2006,50,748,6.71
2006,50,818,7.60
2006,50,848,7.15
2006,50,918,10.73
2006,50,948,8.49
2006,50,1018,8.05
2006,50,1048,6.71
2006,50,1118,8.05
2006,50,1148,6.71
2006,50,1218,8.05
2006,50,1248,8.05
2006,50,1318,7.60
2006,50,1348,8.49
2006,50,1418,8.05
2006,50,1448,8.49
2006,50,1518,8.05
2006,50,1548,9.39
2006,50,1618,7.15
2006,50,1648,7.15
2006,50,1718,4.92
2006,50,1748,9.39
2006,50,1818,8.49
2006,50,1848,9.83
2006,50,1918,10.73
2006,50,1948,9.39
2006,50,2018,7.15
2006,50,2048,8.05
2006,50,2118,7.15
2006,50,2148,6.26
2006,50,2218,5.36
2006,50,2248,5.81
2006,50,2318,5.36
2006,50,2348,5.81
2006,51,18,9.39
2006,51,48,12.96
2006,51,118,13.41
2006,51,148,13.86
2006,51,218,14.31
2006,51,248,9.83
2006,51,318,10.28
2006,51,348,10.73
2006,51,418,12.52
2006,51,448,11.18
2006,51,518,9.83
2006,51,548,8.49
2006,51,618,9.39
2006,51,648,7.15
2006,51,718,15.65
2006,51,748,12.96
2006,51,818,13.86
2006,51,848,15.65
2006,51,918,13.86
2006,51,948,14.31
2006,51,1018,13.41
2006,51,1048,12.96
2006,51,1118,12.07
2006,51,1148,12.96
2006,51,1218,11.62
2006,51,1248,12.07
2006,51,1318,13.41
2006,51,1348,13.86
2006,51,1418,11.62
2006,51,1448,10.28
2006,51,1518,12.52
2006,51,1548,13.86
2006,51,1618,12.07
2006,51,1648,9.83
2006,51,1718,10.73
2006,51,1748,11.62
2006,51,1818,9.83
2006,51,1848,10.28
2006,51,1918,9.39
2006,51,1948,10.28
2006,51,2018,10.28
2006,51,2048,12.07
2006,51,2118,12.07
2006,51,2148,13.86
2006,51,2218,12.07
2006,51,2248,12.07
2006,51,2318,12.96
2006,51,2348,13.86
2006,52,18,13.41
2006,52,48,13.41
2006,52,118,10.73
2006,52,148,12.07
2006,52,218,10.73
2006,52,248,8.49
2006,52,318,6.71
2006,52,348,8.49
2006,52,418,6.71
2006,52,448,5.36
2006,52,518,12.07
2006,52,548,6.26
2006,52,618,5.36
2006,52,648,6.71
2006,52,718,7.60
2006,52,748,4.47
2006,52,818,6.71
2006,52,848,7.15
2006,52,918,10.73
2006,52,948,6.71
2006,52,1018,4.47
2006,52,1048,9.39
2006,52,1118,5.81
2006,52,1148,5.81
2006,52,1218,6.26
2006,52,1248,6.71
2006,52,1318,7.15
2006,52,1348,11.18
2006,52,1418,7.60
2006,52,1448,7.15
2006,52,1518,7.15
2006,52,1548,6.26
2006,52,1618,7.15
2006,52,1648,8.05
2006,52,1718,8.49
2006,52,1748,8.49
2006,52,1818,8.05
2006,52,1848,7.15
2006,52,1918,7.15
2006,52,1948,10.73
2006,52,2018,7.60
2006,52,2048,8.94
2006,52,2118,8.94
2006,52,2148,7.60
2006,52,2218,8.49
2006,52,2248,7.15
2006,52,2318,8.05
2006,52,2348,5.81
2006,53,18,4.92
2006,53,48,5.36
2006,53,118,4.92
2006,53,148,3.13
2006,53,218,5.81
2006,53,248,4.92
2006,53,318,4.47
2006,53,348,3.58
2006,53,418,2.68
2006,53,448,4.02
2006,53,518,4.02
2006,53,548,4.02
2006,53,618,4.92
2006,53,648,5.36
2006,53,718,5.36
2006,53,748,5.36
2006,53,818,6.26
2006,53,848,6.71
2006,53,918,7.15
2006,53,948,7.15
2006,53,1018,8.05
2006,53,1048,6.71
2006,53,1118,6.71
2006,53,1148,7.60
2006,53,1218,8.05
2006,53,1248,8.94
2006,53,1318,8.94
2006,53,1348,8.05
2006,53,1418,6.71
2006,53,1448,5.81
2006,53,1518,4.02
2006,53,1548,3.13
2006,53,1618,4.02
2006,53,1648,4.47
2006,53,1718,6.71
2006,53,1748,7.15
2006,53,1818,8.49
2006,53,1848,6.71
2006,53,1918,6.26
2006,53,1948,8.05
2006,53,2018,4.92
2006,53,2048,3.58
2006,53,2118,4.92
2006,53,2148,4.92
2006,53,2218,5.81
2006,53,2248,7.60
2006,53,2318,8.49
2006,53,2348,8.49
2006,54,18,8.05
2006,54,48,6.71
2006,54,118,5.81
2006,54,148,6.71
2006,54,218,5.36
2006,54,248,5.36
2006,54,318,4.92
2006,54,348,5.36
2006,54,418,5.81
2006,54,448,5.81
2006,54,518,8.94
2006,54,548,4.47
2006,54,618,4.47
2006,54,648,11.18
2006,54,718,9.39
2006,54,748,13.86
2006,54,818,11.18
2006,54,848,13.41
2006,54,918,14.31
2006,54,948,14.75
2006,54,1018,15.20
2006,54,1048,15.20
2006,54,1118,12.52
2006,54,1148,12.96
2006,54,1218,10.28
2006,54,1248,9.39
2006,54,1318,11.62
2006,54,1348,8.49
2006,54,1418,8.94
2006,54,1448,9.39
2006,54,1518,8.94
2006,54,1548,7.60
2006,54,1618,7.15
2006,54,1648,5.36
2006,54,1718,6.26
2006,54,1748,5.36
2006,54,1818,4.02
2006,54,1848,5.36
2006,54,1918,12.07
2006,54,1948,8.49
2006,54,2018,8.49
2006,54,2048,7.15
2006,54,2118,8.05
2006,54,2148,8.05
2006,54,2218,7.60
2006,54,2248,6.71
2006,54,2318,6.26
2006,54,2348,7.15
2006,55,18,6.26
2006,55,48,6.26
2006,55,118,7.60
2006,55,148,9.83
2006,55,218,5.36
2006,55,248,5.81
2006,55,318,5.81
2006,55,348,9.83
2006,55,418,12.96
2006,55,448,12.07
2006,55,518,11.18
2006,55,548,10.73
2006,55,618,10.28
2006,55,648,11.62
2006,55,718,11.18
2006,55,748,13.86
2006,55,818,13.41
2006,55,848,12.52
2006,55,918,10.73
2006,55,948,12.07
2006,55,1018,14.75
2006,55,1048,14.75
2006,55,1118,14.31
2006,55,1148,16.54
2006,55,1218,15.20
2006,55,1248,14.75
2006,55,1318,14.31
2006,55,1348,14.75
2006,55,1418,14.31
2006,55,1448,16.54
2006,55,1518,14.31
2006,55,1548,11.62
2006,55,1618,11.62
2006,55,1648,9.39
2006,55,1718,9.83
2006,55,1748,11.62
2006,55,1818,11.62
2006,55,1848,14.31
2006,55,1918,11.62
2006,55,1948,10.73
2006,55,2018,9.83
2006,55,2048,11.18
2006,55,2118,9.39
2006,55,2148,10.28
2006,55,2218,11.18
2006,55,2248,8.94
2006,55,2318,8.94
2006,55,2348,8.05
2006,56,18,8.05
2006,56,48,7.60
2006,56,118,7.60
2006,56,148,5.81
2006,56,218,5.36
2006,56,248,6.71
2006,56,318,4.47
2006,56,348,4.47
2006,56,418,4.47
2006,56,448,6.26
2006,56,518,6.26
2006,56,548,9.39
2006,56,618,12.07
2006,56,648,8.49
2006,56,718,8.94
2006,56,748,10.28
2006,56,818,10.73
2006,56,848,9.39
2006,56,918,9.39
2006,56,948,12.96
2006,56,1018,11.62
2006,56,1048,10.73
2006,56,1118,11.18
2006,56,1148,12.52
2006,56,1218,7.60
2006,56,1248,9.39
2006,56,1318,8.94
2006,56,1348,9.39
2006,56,1418,8.49
2006,56,1448,9.39
2006,56,1518,8.49
2006,56,1548,7.60
2006,56,1618,9.39
2006,56,1648,8.49
2006,56,1718,8.49
2006,56,1748,9.83
2006,56,1818,7.15
2006,56,1848,8.94
2006,56,1918,9.83
2006,56,1948,10.73
2006,56,2018,7.60
2006,56,2048,8.49
2006,56,2118,10.73
2006,56,2148,8.49
2006,56,2218,7.60
2006,56,2248,9.39
2006,56,2318,9.83
2006,56,2348,6.71
2006,57,18,7.60
2006,57,48,8.05
2006,57,118,6.71
2006,57,148,5.81
2006,57,218,6.71
2006,57,248,9.39
2006,57,318,10.73
2006,57,348,12.52
2006,57,418,8.05
2006,57,448,9.83
2006,57,518,11.18
2006,57,548,12.07
2006,57,618,12.96
2006,57,648,14.31
2006,57,718,11.18
2006,57,748,11.62
2006,57,818,12.07
2006,57,848,13.86
2006,57,918,13.41
2006,57,948,14.31
2006,57,1018,13.86
2006,57,1048,13.41
2006,57,1118,13.41
2006,57,1148,12.07
2006,57,1218,11.62
2006,57,1248,11.18
2006,57,1318,11.18
2006,57,1348,11.18
2006,57,1418,15.65
2006,57,1448,15.20
2006,57,1518,13.86
2006,57,1548,13.41
2006,57,1618,13.86
2006,57,1648,12.07
2006,57,1718,15.65
2006,57,1748,16.54
2006,57,1818,14.75
2006,57,1848,13.86
2006,57,1918,15.20
2006,57,1948,17.43
2006,57,2018,15.65
2006,57,2048,16.54
2006,57,2118,15.65
2006,57,2148,16.54
2006,57,2218,15.65
2006,57,2248,12.96
2006,57,2318,13.41
2006,57,2348,13.86
2006,58,18,14.31
2006,58,48,11.62
2006,58,118,11.62
2006,58,148,11.62
2006,58,218,13.41
2006,58,248,10.28
2006,58,318,10.28
2006,58,348,12.52
2006,58,418,15.65
2006,58,448,14.75
2006,58,518,15.65
2006,58,548,16.09
2006,58,618,18.78
2006,58,648,19.67
2006,58,718,22.35
2006,58,748,21.90
2006,58,818,21.01
2006,58,848,24.14
2006,58,918,26.82
2006,58,948,25.48
2006,58,1018,21.90
2006,58,1048,16.99
2006,58,1118,13.41
2006,58,1148,14.31
2006,58,1218,14.31
2006,58,1248,15.20
2006,58,1318,15.20
2006,58,1348,13.41
2006,58,1418,12.07
2006,58,1448,15.65
2006,58,1518,16.99
2006,58,1548,17.43
2006,58,1618,14.31
2006,58,1648,14.75
2006,58,1718,18.78
2006,58,1748,21.46
2006,58,1818,16.99
2006,58,1848,16.54
2006,58,1918,16.99
2006,58,1948,18.33
2006,58,2018,17.88
2006,58,2048,18.33
2006,58,2118,18.78
2006,58,2148,17.43
2006,58,2218,19.22
2006,58,2248,16.99
2006,58,2318,16.54
2006,58,2348,17.43
2006,59,18,18.33
2006,59,48,16.54
2006,59,118,19.67
2006,59,148,18.33
2006,59,218,17.43
2006,59,248,16.54
2006,59,318,17.88
2006,59,348,18.78
2006,59,418,18.33
2006,59,448,18.33
2006,59,518,16.54
2006,59,548,17.88
2006,59,618,18.78
2006,59,648,17.43
2006,59,718,17.88
2006,59,748,17.88
2006,59,818,18.78
2006,59,848,17.88
2006,59,918,16.09
2006,59,948,15.65
2006,59,1018,14.75
2006,59,1048,17.88
2006,59,1118,16.09
2006,59,1148,16.54
2006,59,1218,14.31
2006,59,1248,18.33
2006,59,1318,14.75
2006,59,1348,16.54
2006,59,1418,15.20
2006,59,1448,16.99
2006,59,1518,16.54
2006,59,1548,17.88
2006,59,1618,18.33
2006,59,1648,15.65
2006,59,1718,16.54
2006,59,1748,13.41
2006,59,1818,17.43
2006,59,1848,16.54
2006,59,1918,16.54
2006,59,1948,13.86
2006,59,2018,16.54
2006,59,2048,13.41
2006,59,2118,13.86
2006,59,2148,12.96
2006,59,2218,13.41
2006,59,2248,13.86
2006,59,2318,10.73
2006,59,2348,14.31
2006,60,18,12.96
2006,60,48,12.52
2006,60,118,13.41
2006,60,148,14.75
2006,60,218,13.41
2006,60,248,11.62
2006,60,318,14.31
2006,60,348,11.62
2006,60,418,10.28
2006,60,448,12.52
2006,60,518,13.41
2006,60,548,14.75
2006,60,618,12.52
2006,60,648,11.18
2006,60,718,14.75
2006,60,748,11.18
2006,60,818,9.83
2006,60,848,8.94
2006,60,918,11.18
2006,60,948,9.39
2006,60,1018,8.49
2006,60,1048,13.86
2006,60,1118,9.39
2006,60,1148,9.39
2006,60,1218,9.83
2006,60,1248,12.96
2006,60,1318,7.15
2006,60,1348,9.39
2006,60,1418,12.52
2006,60,1448,12.52
2006,60,1518,11.62
2006,60,1548,12.96
2006,60,1618,9.39
2006,60,1648,11.18
2006,60,1718,10.73
2006,60,1748,11.62
2006,60,1818,12.07
2006,60,1848,13.86
2006,60,1918,14.75
2006,60,1948,10.73
2006,60,2018,9.83
2006,60,2048,7.60
2006,60,2118,12.52
2006,60,2148,12.52
2006,60,2218,10.28
2006,60,2248,7.60
2006,60,2318,4.92
2006,60,2348,3.58
2006,61,18,6.71
2006,61,48,7.60
2006,61,118,9.39
2006,61,148,7.15
2006,61,218,4.02
2006,61,248,3.58
2006,61,318,6.71
2006,61,348,2.24
2006,61,418,2.24
2006,61,448,5.81
2006,61,518,1.79
2006,61,548,4.47
2006,61,618,5.36
2006,61,648,3.13
2006,61,718,4.47
2006,61,748,5.81
2006,61,818,7.15
2006,61,848,6.71
2006,61,918,5.81
2006,61,948,6.26
2006,61,1018,7.60
2006,61,1048,7.15
2006,61,1118,4.02
2006,61,1148,4.02
2006,61,1218,8.94
2006,61,1248,9.83
2006,61,1318,12.52
2006,61,1348,11.62
2006,61,1418,15.65
2006,61,1448,14.31
2006,61,1518,14.75
2006,61,1548,12.96
2006,61,1618,12.52
2006,61,1648,13.41
2006,61,1718,11.18
2006,61,1748,12.07
2006,61,1818,12.96
2006,61,1848,14.75
2006,61,1918,13.41
2006,61,1948,14.31
2006,61,2018,14.31
2006,61,2048,11.18
2006,61,2118,10.73
2006,61,2148,9.39
2006,61,2218,9.83
2006,61,2248,11.18
2006,61,2318,9.39
2006,61,2348,2.24
2006,62,18,3.58
2006,62,48,5.81
2006,62,118,5.81
2006,62,148,6.71
2006,62,218,5.81
2006,62,248,9.39
2006,62,318,9.39
2006,62,348,7.15
2006,62,418,7.60
2006,62,448,6.71
2006,62,518,7.15
2006,62,548,2.24
2006,62,618,4.47
2006,62,648,7.60
2006,62,718,7.60
2006,62,748,8.05
2006,62,818,8.94
2006,62,848,3.13
2006,62,918,3.13
2006,62,948,3.13
2006,62,1018,2.68
2006,62,1048,2.68
2006,62,1118,2.68
2006,62,1148,2.68
2006,62,1218,5.36
2006,62,1248,7.60
2006,62,1318,7.15
2006,62,1348,7.60
2006,62,1418,7.60
2006,62,1448,9.83
2006,62,1518,8.05
2006,62,1548,8.49
2006,62,1618,8.94
2006,62,1648,12.07
2006,62,1718,10.28
2006,62,1748,10.28
2006,62,1818,12.96
2006,62,1848,8.94
2006,62,1918,8.94
2006,62,1948,10.28
2006,62,2018,11.18
2006,62,2048,10.73
2006,62,2118,11.62
2006,62,2148,10.28
2006,62,2218,9.39
2006,62,2248,9.39
2006,62,2318,10.28
2006,62,2348,10.73
2006,63,18,9.39
2006,63,48,9.39
2006,63,118,6.71
2006,63,148,7.15
2006,63,218,6.26
2006,63,248,4.92
2006,63,318,5.81
2006,63,348,7.15
2006,63,418,10.73
2006,63,448,10.73
2006,63,518,11.18
2006,63,548,12.07
2006,63,618,12.96
2006,63,648,13.86
2006,63,718,15.20
2006,63,748,14.31
2006,63,818,15.20
2006,63,848,15.65
2006,63,918,15.65
2006,63,948,15.65
2006,63,1018,17.88
2006,63,1048,17.43
2006,63,1118,17.88
2006,63,1148,18.78
2006,63,1218,17.88
2006,63,1248,17.88
2006,63,1318,17.43
2006,63,1348,17.88
2006,63,1418,17.43
2006,63,1448,17.43
2006,63,1518,20.12
2006,63,1548,21.46
2006,63,1618,13.86
2006,63,1648,15.20
2006,63,1718,13.86
2006,63,1748,14.31
2006,63,1818,17.88
2006,63,1848,14.75
2006,63,1918,14.75
2006,63,1948,12.96
2006,63,2018,13.86
2006,63,2048,14.75
2006,63,2118,13.86
2006,63,2148,14.31
2006,63,2218,17.43
2006,63,2248,20.12
2006,63,2318,17.88
2006,63,2348,21.90
2006,64,18,15.65
2006,64,48,14.31
2006,64,118,14.31
2006,64,148,12.96
2006,64,218,10.28
2006,64,248,12.96
2006,64,318,12.07
2006,64,348,12.96
2006,64,418,12.07
2006,64,448,13.41
2006,64,518,13.86
2006,64,548,12.96
2006,64,618,12.52
2006,64,648,13.86
2006,64,718,14.75
2006,64,748,14.75
2006,64,818,14.75
2006,64,848,18.33
2006,64,918,18.33
2006,64,948,17.88
2006,64,1018,17.43
2006,64,1048,16.54
2006,64,1118,15.20
2006,64,1148,15.65
2006,64,1218,14.75
2006,64,1248,13.41
2006,64,1318,16.09
2006,64,1348,11.62
2006,64,1418,13.41
2006,64,1448,12.07
2006,64,1518,16.09
2006,64,1548,13.86
2006,64,1618,12.07
2006,64,1648,14.31
2006,64,1718,13.86
2006,64,1748,14.75
2006,64,1818,15.20
2006,64,1848,12.07
2006,64,1918,12.52
2006,64,1948,12.52
2006,64,2018,13.41
2006,64,2048,13.41
2006,64,2118,15.20
2006,64,2148,14.31
2006,64,2218,14.31
2006,64,2248,19.22
2006,64,2318,18.78
2006,64,2348,16.54
2006,65,18,14.75
2006,65,48,16.54
2006,65,118,16.54
2006,65,148,15.65
2006,65,218,14.31
2006,65,248,13.41
2006,65,318,15.65
2006,65,348,16.54
2006,65,418,15.20
2006,65,448,14.31
2006,65,518,12.96
2006,65,548,10.73
2006,65,618,10.28
2006,65,648,10.28
2006,65,718,8.05
2006,65,748,12.07
2006,65,818,9.83
2006,65,848,11.62
2006,65,918,8.94
2006,65,948,8.94
2006,65,1018,7.15
2006,65,1048,9.83
2006,65,1118,5.36
2006,65,1148,5.81
2006,65,1218,8.05
2006,65,1248,3.58
2006,65,1318,5.36
2006,65,1348,4.47
2006,65,1418,4.02
2006,65,1448,1.79
2006,65,1518,1.79
2006,65,1548,4.02
2006,65,1618,4.02
2006,65,1648,4.02
2006,65,1718,6.26
2006,65,1748,4.02
2006,65,1818,8.49
2006,65,1848,7.15
2006,65,1918,8.94
2006,65,1948,6.71
2006,65,2018,4.02
2006,65,2048,5.81
2006,65,2118,6.26
2006,65,2148,8.94
2006,65,2218,7.15
2006,65,2248,7.60
2006,65,2318,10.28
2006,65,2348,5.36
2006,66,18,8.94
2006,66,48,12.52
2006,66,118,11.18
2006,66,148,9.83
2006,66,218,12.07
2006,66,248,12.96
2006,66,318,15.20
2006,66,348,16.54
2006,66,418,16.09
2006,66,448,14.31
2006,66,518,14.31
2006,66,548,11.62
2006,66,618,10.73
2006,66,648,7.15
2006,66,718,8.94
2006,66,748,10.73
2006,66,818,8.94
2006,66,848,6.71
2006,66,918,7.15
2006,66,948,9.39
2006,66,1018,8.05
2006,66,1048,3.13
2006,66,1118,8.05
2006,66,1148,9.83
2006,66,1218,9.39
2006,66,1248,6.26
2006,66,1318,10.73
2006,66,1348,3.13
2006,66,1418,4.92
2006,66,1448,1.79
2006,66,1518,4.92
2006,66,1548,7.15
2006,66,1618,6.26
2006,66,1648,8.05
2006,66,1718,4.47
2006,66,1748,1.79
2006,66,1818,0.45
2006,66,1848,3.13
2006,66,1918,5.81
2006,66,1948,8.49
2006,66,2018,8.94
2006,66,2048,9.83
2006,66,2118,8.05
2006,66,2148,5.81
2006,66,2218,6.71
2006,66,2248,7.60
2006,66,2318,8.49
2006,66,2348,6.26
2006,67,18,6.26
2006,67,48,6.26
2006,67,118,6.71
2006,67,148,9.83
2006,67,218,11.18
2006,67,248,11.18
2006,67,318,9.39
2006,67,348,12.07
2006,67,418,14.31
2006,67,448,13.86
2006,67,518,12.52
2006,67,548,12.52
2006,67,618,12.96
2006,67,648,12.52
2006,67,718,10.73
2006,67,748,11.62
2006,67,818,10.73
2006,67,848,10.28
2006,67,918,12.07
2006,67,948,10.28
2006,67,1018,9.39
2006,67,1048,9.83
2006,67,1118,10.28
2006,67,1148,10.73
2006,67,1218,12.52
2006,67,1248,12.52
2006,67,1318,9.83
2006,67,1348,9.39
2006,67,1418,13.41
2006,67,1448,12.07
2006,67,1518,11.62
2006,67,1548,12.96
2006,67,1618,11.18
2006,67,1648,9.39
2006,67,1718,8.05
2006,67,1748,10.73
2006,67,1818,12.07
2006,67,1848,12.07
2006,67,1918,11.18
2006,67,1948,9.39
2006,67,2018,9.83
2006,67,2048,9.39
2006,67,2118,9.83
2006,67,2148,8.94
2006,67,2218,7.15
2006,67,2248,6.71
2006,67,2318,8.05
2006,67,2348,5.81
2006,68,18,3.58
2006,68,48,2.68
2006,68,118,1.34
2006,68,148,3.13
2006,68,218,0.89
2006,68,248,1.79
2006,68,318,0.89
2006,68,348,2.24
2006,68,418,2.68
2006,68,448,1.34
2006,68,518,6.26
2006,68,548,5.81
2006,68,618,7.15
2006,68,648,8.05
2006,68,718,8.94
2006,68,748,10.28
2006,68,818,8.94
2006,68,848,9.39
2006,68,918,11.62
2006,68,948,13.41
2006,68,1018,12.52
2006,68,1048,12.07
2006,68,1118,13.41
2006,68,1148,14.31
2006,68,1218,10.73
2006,68,1248,16.09
2006,68,1318,16.09
2006,68,1348,18.33
2006,68,1418,21.01
2006,68,1448,21.46
2006,68,1518,21.46
2006,68,1548,23.25
2006,68,1618,21.90
2006,68,1648,22.35
2006,68,1718,22.80
2006,68,1748,23.69
2006,68,1818,24.14
2006,68,1848,26.38
2006,68,1918,23.25
2006,68,1948,22.80
2006,68,2018,23.69
2006,68,2048,21.90
2006,68,2118,20.12
2006,68,2148,21.01
2006,68,2218,19.67
2006,68,2248,16.99
2006,68,2318,15.65
2006,68,2348,17.88
2006,69,18,16.09
2006,69,48,15.65
2006,69,118,14.75
2006,69,148,18.33
2006,69,218,19.67
2006,69,248,17.88
2006,69,318,14.75
2006,69,348,16.99
2006,69,418,16.09
2006,69,448,14.75
2006,69,518,15.65
2006,69,548,14.75
2006,69,618,12.52
2006,69,648,15.20
2006,69,718,13.41
2006,69,748,15.20
2006,69,818,14.75
2006,69,848,14.75
2006,69,918,16.54
2006,69,948,15.20
2006,69,1018,13.86
2006,69,1048,13.41
2006,69,1118,13.86
2006,69,1148,13.86
2006,69,1218,12.96
2006,69,1248,12.52
2006,69,1318,11.18
2006,69,1348,10.28
2006,69,1418,9.39
2006,69,1448,9.83
2006,69,1518,8.94
2006,69,1548,9.39
2006,69,1618,9.39
2006,69,1648,9.83
2006,69,1718,9.83
2006,69,1748,9.83
2006,69,1818,9.39
2006,69,1848,9.39
2006,69,1918,8.49
2006,69,1948,8.94
2006,69,2018,8.49
2006,69,2048,8.94
2006,69,2118,7.60
2006,69,2148,8.05
2006,69,2218,7.15
2006,69,2248,8.05
2006,69,2318,9.83
2006,69,2348,8.05
2006,70,18,10.28
2006,70,48,10.28
2006,70,118,10.73
2006,70,148,10.28
2006,70,218,11.18
2006,70,248,10.28
2006,70,318,8.49
2006,70,348,10.28
2006,70,418,8.49
2006,70,448,11.18
2006,70,518,10.28
2006,70,548,11.18
2006,70,618,10.73
2006,70,648,11.18
2006,70,718,11.18
2006,70,748,11.62
2006,70,818,12.96
2006,70,848,12.52
2006,70,918,14.31
2006,70,948,14.31
2006,70,1018,14.75
2006,70,1048,15.65
2006,70,1118,14.75
2006,70,1148,16.09
2006,70,1218,14.75
2006,70,1248,18.33
2006,70,1318,16.99
2006,70,1348,19.22
2006,70,1418,17.43
2006,70,1448,16.99
2006,70,1518,17.43
2006,70,1548,17.88
2006,70,1618,21.46
2006,70,1648,21.01
2006,70,1718,24.59
2006,70,1748,25.48
2006,70,1818,23.25
2006,70,1848,24.14
2006,70,1918,24.59
2006,70,1948,26.38
2006,70,2018,27.27
2006,70,2048,29.06
2006,70,2118,28.16
2006,70,2148,29.50
2006,70,2218,25.03
2006,70,2248,25.93
2006,70,2318,27.27
2006,70,2348,28.16
2006,71,18,26.38
2006,71,48,26.38
2006,71,118,27.72
2006,71,148,27.27
2006,71,218,25.93
2006,71,248,26.82
2006,71,318,25.48
2006,71,348,24.59
2006,71,418,28.61
2006,71,448,29.50
2006,71,518,29.06
2006,71,548,29.50
2006,71,618,32.63
2006,71,648,31.29
2006,71,718,30.85
2006,71,748,29.95
2006,71,818,30.40
2006,71,848,29.06
2006,71,918,25.48
2006,71,948,24.59
2006,71,1018,22.80
2006,71,1048,24.14
2006,71,1118,21.90
2006,71,1148,22.35
2006,71,1218,23.69
2006,71,1248,22.80
2006,71,1318,21.46
2006,71,1348,20.56
2006,71,1418,19.22
2006,71,1448,16.54
2006,71,1518,16.99
2006,71,1548,12.96
2006,71,1618,15.65
2006,71,1648,13.41
2006,71,1718,13.86
2006,71,1748,13.41
2006,71,1818,11.18
2006,71,1848,12.96
2006,71,1918,16.99
2006,71,1948,18.78
2006,71,2018,21.90
2006,71,2048,21.90
2006,71,2118,24.59
2006,71,2148,20.12
2006,71,2218,24.14
2006,71,2248,25.03
2006,71,2318,21.01
2006,71,2348,22.35
2006,72,18,26.38
2006,72,48,20.56
2006,72,118,30.85
2006,72,148,27.27
2006,72,218,26.38
2006,72,248,30.85
2006,72,318,29.95
2006,72,348,24.14
2006,72,418,21.46
2006,72,448,22.35
2006,72,518,20.12
2006,72,548,21.01
2006,72,618,18.78
2006,72,648,19.22
2006,72,718,19.22
2006,72,748,22.80
2006,72,818,22.80
2006,72,848,25.93
2006,72,918,25.48
2006,72,948,24.14
2006,72,1018,23.69
2006,72,1048,26.38
2006,72,1118,24.14
2006,72,1148,26.82
2006,72,1218,23.69
2006,72,1248,26.38
2006,72,1318,31.29
2006,72,1348,32.19
2006,72,1418,29.06
2006,72,1448,29.06
2006,72,1518,22.35
2006,72,1548,24.14
2006,72,1618,25.03
2006,72,1648,23.69
2006,72,1718,22.35
2006,72,1748,24.59
2006,72,1818,30.40
2006,72,1848,27.72
2006,72,1918,24.59
2006,72,1948,22.35
2006,72,2018,22.80
2006,72,2048,26.38
2006,72,2118,24.59
2006,72,2148,22.80
2006,72,2218,19.22
2006,72,2248,17.88
2006,72,2318,16.54
2006,72,2348,16.09
2006,73,18,18.33
2006,73,48,17.43
2006,73,118,18.33
2006,73,148,21.01
2006,73,218,17.43
2006,73,248,17.43
2006,73,318,10.28
2006,73,348,7.60
2006,73,418,11.18
2006,73,448,10.28
2006,73,518,10.28
2006,73,548,8.05
2006,73,618,8.94
2006,73,648,8.05
2006,73,718,7.60
2006,73,748,7.15
2006,73,818,7.60
2006,73,848,7.60
2006,73,918,4.92
2006,73,948,6.71
2006,73,1018,5.81
2006,73,1048,5.81
2006,73,1118,5.36
2006,73,1148,4.47
2006,73,1218,7.15
2006,73,1248,7.60
2006,73,1318,6.71
2006,73,1348,5.36
2006,73,1418,4.47
2006,73,1448,4.92
2006,73,1518,3.58
2006,73,1548,3.58
2006,73,1618,4.92
2006,73,1648,3.58
2006,73,1718,1.79
2006,73,1748,2.24
2006,73,1818,2.24
2006,73,1848,2.68
2006,73,1918,3.13
2006,73,1948,2.24
2006,73,2018,5.36
2006,73,2048,7.15
2006,73,2118,8.94
2006,73,2148,9.83
2006,73,2218,10.28
2006,73,2248,12.96
2006,73,2318,12.52
2006,73,2348,15.65
2006,74,18,14.75
2006,74,48,17.43
2006,74,118,15.65
2006,74,148,15.20
2006,74,218,13.86
2006,74,248,13.41
2006,74,318,14.31
2006,74,348,12.07
2006,74,418,12.96
2006,74,448,13.41
2006,74,518,12.96
2006,74,548,11.62
2006,74,618,11.62
2006,74,648,12.96
2006,74,718,14.31
2006,74,748,14.75
2006,74,818,15.20
2006,74,848,15.65
2006,74,918,16.09
2006,74,948,14.31
2006,74,1018,15.65
2006,74,1048,16.09
2006,74,1118,14.75
2006,74,1148,12.96
2006,74,1218,13.41
2006,74,1248,15.20
2006,74,1318,14.31
2006,74,1348,16.09
2006,74,1418,16.54
2006,74,1448,15.65
2006,74,1518,15.20
2006,74,1548,12.52
2006,74,1618,12.07
2006,74,1648,12.52
2006,74,1718,12.07
2006,74,1748,12.52
2006,74,1818,13.86
2006,74,1848,11.62
2006,74,1918,12.07
2006,74,1948,11.62
2006,74,2018,13.86
2006,74,2048,13.86
2006,74,2118,16.09
2006,74,2148,15.20
2006,74,2218,16.09
2006,74,2248,16.09
2006,74,2318,16.09
2006,74,2348,13.86
2006,75,18,11.62
2006,75,48,10.28
2006,75,118,10.28
2006,75,148,8.05
2006,75,218,8.49
2006,75,248,5.81
2006,75,318,7.15
2006,75,348,10.73
2006,75,418,9.39
2006,75,448,9.83
2006,75,518,8.05
2006,75,548,6.71
2006,75,618,6.26
2006,75,648,6.71
2006,75,718,7.15
2006,75,748,10.28
2006,75,818,12.07
2006,75,848,12.07
2006,75,918,11.62
2006,75,948,12.52
2006,75,1018,10.73
2006,75,1048,8.49
2006,75,1118,9.39
2006,75,1148,9.39
2006,75,1218,10.28
2006,75,1248,7.60
2006,75,1318,10.73
2006,75,1348,11.62
2006,75,1418,11.62
2006,75,1448,9.83
2006,75,1518,8.94
2006,75,1548,6.71
2006,75,1618,7.60
2006,75,1648,6.26
2006,75,1718,8.49
2006,75,1748,9.39
2006,75,1818,8.05
2006,75,1848,7.60
2006,75,1918,9.39
2006,75,1948,8.94
2006,75,2018,9.39
2006,75,2048,9.39
2006,75,2118,8.05
2006,75,2148,9.39
2006,75,2218,9.39
2006,75,2248,8.49
2006,75,2318,10.73
2006,75,2348,8.94
2006,76,18,8.94
2006,76,48,7.15
2006,76,118,8.05
2006,76,148,7.15
2006,76,218,7.60
2006,76,248,7.15
2006,76,318,8.94
2006,76,348,6.71
2006,76,418,7.60
2006,76,448,7.15
2006,76,518,5.81
2006,76,548,7.60
2006,76,618,6.26
2006,76,648,4.92
2006,76,718,5.36
2006,76,748,5.81
2006,76,818,5.36
2006,76,848,5.81
2006,76,918,7.60
2006,76,948,7.60
2006,76,1018,7.15
2006,76,1048,4.92
2006,76,1118,3.58
2006,76,1148,3.13
2006,76,1218,3.58
2006,76,1248,5.81
2006,76,1318,4.92
2006,76,1348,7.15
2006,76,1418,6.26
2006,76,1448,5.36
2006,76,1518,6.26
2006,76,1548,5.81
2006,76,1618,4.92
2006,76,1648,7.60
2006,76,1718,6.71
2006,76,1748,6.71
2006,76,1818,5.81
2006,76,1848,5.81
2006,76,1918,4.92
2006,76,1948,4.92
2006,76,2018,6.71
2006,76,2048,6.71
2006,76,2118,6.26
2006,76,2148,6.26
2006,76,2218,7.15
2006,76,2248,5.36
2006,76,2318,4.02
2006,76,2348,5.36
2006,77,18,5.36
2006,77,48,6.71
2006,77,118,6.26
2006,77,148,4.92
2006,77,218,5.36
2006,77,248,4.47
2006,77,318,4.02
2006,77,348,5.36
2006,77,418,5.36
2006,77,448,4.02
2006,77,518,3.58
2006,77,548,4.47
2006,77,618,4.47
2006,77,648,4.47
2006,77,718,4.92
2006,77,748,4.47
2006,77,818,3.58
2006,77,848,4.92
2006,77,918,3.58
2006,77,948,4.02
2006,77,1018,4.02
2006,77,1048,4.02
2006,77,1118,4.92
2006,77,1148,4.02
2006,77,1218,3.58
2006,77,1248,2.68
2006,77,1318,3.13
2006,77,1348,3.13
2006,77,1418,3.13
2006,77,1448,2.68
2006,77,1518,2.68
2006,77,1548,3.13
2006,77,1618,2.24
2006,77,1648,1.79
2006,77,1718,1.79
2006,77,1748,1.34
2006,77,1818,1.79
2006,77,1848,1.79
2006,77,1918,4.02
2006,77,1948,4.02
2006,77,2018,3.58
2006,77,2048,2.68
2006,77,2118,3.13
2006,77,2148,2.24
2006,77,2218,2.24
2006,77,2248,4.92
2006,77,2318,4.02
2006,77,2348,7.60
2006,78,18,2.24
2006,78,48,2.24
2006,78,118,2.68
2006,78,148,6.71
2006,78,218,7.15
2006,78,248,6.71
2006,78,318,7.15
2006,78,348,8.05
2006,78,418,8.94
2006,78,448,9.39
2006,78,518,9.39
2006,78,548,7.60
2006,78,618,8.94
2006,78,648,10.28
2006,78,718,10.73
2006,78,748,9.83
2006,78,818,10.73
2006,78,848,9.83
2006,78,918,10.28
2006,78,948,10.73
2006,78,1018,12.52
2006,78,1048,12.07
2006,78,1118,10.73
2006,78,1148,12.52
2006,78,1218,10.73
2006,78,1248,7.15
2006,78,1318,10.73
2006,78,1348,11.18
2006,78,1418,13.86
2006,78,1448,11.18
2006,78,1518,9.39
2006,78,1548,8.05
2006,78,1618,10.28
2006,78,1648,8.05
2006,78,1718,10.28
2006,78,1748,12.07
2006,78,1818,8.05
2006,78,1848,3.13
2006,78,1918,3.13
2006,78,1948,2.24
2006,78,2018,4.47
2006,78,2048,4.02
2006,78,2118,4.47
2006,78,2148,4.47
2006,78,2218,5.36
2006,78,2248,5.36
2006,78,2318,4.92
2006,78,2348,5.36
2006,79,18,4.47
2006,79,48,4.92
2006,79,118,4.02
2006,79,148,3.58
2006,79,218,3.58
2006,79,248,3.13
2006,79,318,2.68
2006,79,348,3.13
2006,79,418,3.58
2006,79,448,3.58
2006,79,518,4.47
2006,79,548,4.47
2006,79,618,8.94
2006,79,648,3.58
2006,79,718,2.68
2006,79,748,3.13
2006,79,818,7.15
2006,79,848,6.26
2006,79,918,3.13
2006,79,948,2.68
2006,79,1018,4.92
2006,79,1048,7.15
2006,79,1118,2.68
2006,79,1148,2.68
2006,79,1218,6.71
2006,79,1248,3.58
2006,79,1318,10.28
2006,79,1348,10.28
2006,79,1418,11.18
2006,79,1448,8.49
2006,79,1518,9.39
2006,79,1548,10.28
2006,79,1618,9.83
2006,79,1648,10.73
2006,79,1718,12.07
2006,79,1748,12.52
2006,79,1818,11.18
2006,79,1848,12.52
2006,79,1918,12.96
2006,79,1948,11.62
2006,79,2018,10.73
2006,79,2048,10.28
2006,79,2118,10.28
2006,79,2148,11.62
2006,79,2218,11.18
2006,79,2248,11.62
2006,79,2318,10.28
2006,79,2348,11.18
2006,80,18,11.62
2006,80,48,10.73
2006,80,118,11.18
2006,80,148,12.07
2006,80,218,12.07
2006,80,248,13.86
2006,80,318,13.86
2006,80,348,12.52
2006,80,418,12.52
2006,80,448,12.52
2006,80,518,11.62
2006,80,548,12.96
2006,80,618,12.07
2006,80,648,12.07
2006,80,718,11.62
2006,80,748,12.52
2006,80,818,12.52
2006,80,848,13.41
2006,80,918,11.62
2006,80,948,12.52
2006,80,1018,12.96
2006,80,1048,12.96
2006,80,1118,12.52
2006,80,1148,11.18
2006,80,1218,12.96
2006,80,1248,8.94
2006,80,1318,11.62
2006,80,1348,12.07
2006,80,1418,13.41
2006,80,1448,11.62
2006,80,1518,11.62
2006,80,1548,10.73
2006,80,1618,10.28
2006,80,1648,10.28
2006,80,1718,9.83
2006,80,1748,11.62
2006,80,1818,9.83
2006,80,1848,9.83
2006,80,1918,2.24
2006,80,1948,2.68
2006,80,2018,9.39
2006,80,2048,6.26
2006,80,2118,7.15
2006,80,2148,8.94
2006,80,2218,8.49
2006,80,2248,6.71
2006,80,2318,7.15
2006,80,2348,6.71
2006,81,18,7.15
2006,81,48,7.15
2006,81,118,6.71
2006,81,148,5.36
2006,81,218,5.81
2006,81,248,7.15
2006,81,318,4.92
2006,81,348,5.36
2006,81,418,7.15
2006,81,448,7.15
2006,81,518,7.15
2006,81,548,7.60
2006,81,618,8.05
2006,81,648,0.00
2006,81,718,8.49
2006,81,748,8.49
2006,81,818,0.00
2006,81,848,0.00
2006,81,918,0.00
2006,81,948,0.00
2006,81,1018,0.00
2006,81,1048,0.00
2006,81,1118,0.89
2006,81,1148,0.00
2006,81,1218,0.00
2006,81,1248,0.00
2006,81,1318,0.00
2006,81,1348,0.45
2006,81,1418,0.00
2006,81,1448,0.00
2006,81,1518,0.00
2006,81,1548,2.24
2006,81,1618,0.00
2006,81,1648,4.47
2006,81,1718,9.39
2006,81,1748,8.94
2006,81,1818,6.71
2006,81,1848,9.39
2006,81,1918,11.18
2006,81,1948,13.41
2006,81,2018,14.31
2006,81,2048,15.65
2006,81,2118,18.33
2006,81,2148,18.78
2006,81,2218,21.46
2006,81,2248,23.69
2006,81,2318,21.46
2006,81,2348,23.69
2006,82,18,24.59
2006,82,48,25.03
2006,82,118,22.80
2006,82,148,23.69
2006,82,218,23.25
2006,82,248,24.14
2006,82,318,23.25
2006,82,348,22.35
2006,82,418,20.56
2006,82,448,17.88
2006,82,518,16.54
2006,82,548,15.20
2006,82,618,13.86
2006,82,648,15.20
2006,82,718,12.07
2006,82,748,10.28
2006,82,818,7.60
2006,82,848,2.24
2006,82,918,2.68
2006,82,948,2.24
2006,82,1018,0.00
2006,82,1048,1.34
2006,82,1118,4.92
2006,82,1148,7.15
2006,82,1218,8.94
2006,82,1248,7.60
2006,82,1318,8.94
2006,82,1348,4.47
2006,82,1418,5.81
2006,82,1448,7.60
2006,82,1518,8.49
2006,82,1548,5.81
2006,82,1618,8.94
2006,82,1648,10.28
2006,82,1718,8.94
2006,82,1748,9.39
2006,82,1818,9.39
2006,82,1848,9.83
2006,82,1918,8.49
2006,82,1948,7.60
2006,82,2018,8.05
2006,82,2048,8.49
2006,82,2118,14.75
2006,82,2148,16.99
2006,82,2218,19.67
2006,82,2248,21.01
2006,82,2318,22.35
2006,82,2348,22.80
2006,83,18,23.25
2006,83,48,24.14
2006,83,118,23.25
2006,83,148,23.69
2006,83,218,23.25
2006,83,248,21.46
2006,83,318,21.90
2006,83,348,23.25
2006,83,418,25.03
2006,83,448,27.27
2006,83,518,25.03
2006,83,548,23.25
2006,83,618,23.25
2006,83,648,27.72
2006,83,718,27.72
2006,83,748,26.82
2006,83,818,24.59
2006,83,848,26.38
2006,83,918,25.03
2006,83,948,28.61
2006,83,1018,28.61
2006,83,1048,25.48
2006,83,1118,27.27
2006,83,1148,27.27
2006,83,1218,24.59
2006,83,1248,22.80
2006,83,1318,24.59
2006,83,1348,24.14
2006,83,1418,20.12
2006,83,1448,23.25
2006,83,1518,26.38
2006,83,1548,29.50
2006,83,1618,25.93
2006,83,1648,26.82
2006,83,1718,28.16
2006,83,1748,28.16
2006,83,1818,30.85
2006,83,1848,25.93
2006,83,1918,26.82
2006,83,1948,29.95
2006,83,2018,30.40
2006,83,2048,31.74
2006,83,2118,30.85
2006,83,2148,31.74
2006,83,2218,29.95
2006,83,2248,32.19
2006,83,2318,34.42
2006,83,2348,27.72
2006,84,18,25.03
2006,84,48,21.90
2006,84,118,21.01
2006,84,148,23.25
2006,84,218,24.59
2006,84,248,20.12
2006,84,318,24.59
2006,84,348,22.80
2006,84,418,21.90
2006,84,448,25.48
2006,84,518,24.59
2006,84,548,24.59
2006,84,618,21.90
2006,84,648,24.14
2006,84,718,24.59
2006,84,748,23.69
2006,84,818,25.03
2006,84,848,23.69
2006,84,918,25.03
2006,84,948,24.14
2006,84,1018,21.46
2006,84,1048,20.12
2006,84,1118,20.56
2006,84,1148,14.31
2006,84,1218,7.15
2006,84,1248,4.47
2006,84,1318,4.47
2006,84,1348,4.47
2006,84,1418,5.36
2006,84,1448,4.92
2006,84,1518,6.26
2006,84,1548,7.60
2006,84,1618,10.73
2006,84,1648,7.60
2006,84,1718,11.62
2006,84,1748,12.07
2006,84,1818,13.41
2006,84,1848,11.18
2006,84,1918,14.75
2006,84,1948,10.73
2006,84,2018,13.86
2006,84,2048,12.96
2006,84,2118,13.86
2006,84,2148,12.96
2006,84,2218,14.31
2006,84,2248,12.52
2006,84,2318,15.20
2006,84,2348,16.54
2006,85,18,16.99
2006,85,48,14.75
2006,85,118,16.99
2006,85,148,14.75
2006,85,218,12.52
2006,85,248,8.49
2006,85,318,7.60
2006,85,348,8.05
2006,85,418,14.75
2006,85,448,14.31
2006,85,518,15.65
2006,85,548,15.65
2006,85,618,16.54
2006,85,648,19.67
2006,85,718,14.75
2006,85,748,16.09
2006,85,818,14.31
2006,85,848,14.75
2006,85,918,16.09
2006,85,948,16.09
2006,85,1018,17.88
2006,85,1048,17.88
2006,85,1118,17.43
2006,85,1148,15.65
2006,85,1218,15.65
2006,85,1248,16.09
2006,85,1318,13.41
2006,85,1348,14.75
2006,85,1418,12.07
2006,85,1448,10.28
2006,85,1518,11.62
2006,85,1548,11.18
2006,85,1618,8.94
2006,85,1648,6.26
2006,85,1718,4.92
2006,85,1748,4.47
2006,85,1818,4.02
2006,85,1848,4.02
2006,85,1918,10.73
2006,85,1948,12.07
2006,85,2018,12.96
2006,85,2048,10.28
2006,85,2118,13.41
2006,85,2148,16.54
2006,85,2218,16.09
2006,85,2248,16.54
2006,85,2318,16.54
2006,85,2348,19.22
2006,86,18,18.78
2006,86,48,18.78
2006,86,118,18.33
2006,86,148,17.88
2006,86,218,14.31
2006,86,248,16.99
2006,86,318,18.78
2006,86,348,16.99
2006,86,418,14.75
2006,86,448,17.43
2006,86,518,12.52
2006,86,548,10.28
2006,86,618,8.05
2006,86,648,10.28
2006,86,718,8.94
2006,86,748,9.39
2006,86,818,6.71
2006,86,848,5.81
2006,86,918,3.58
2006,86,948,8.05
2006,86,1018,12.07
2006,86,1048,10.28
2006,86,1118,7.60
2006,86,1148,7.60
2006,86,1218,4.47
2006,86,1248,8.49
2006,86,1318,7.15
2006,86,1348,3.58
2006,86,1418,4.47
2006,86,1448,7.15
2006,86,1518,3.58
2006,86,1548,5.81
2006,86,1618,4.02
2006,86,1648,5.81
2006,86,1718,5.36
2006,86,1748,4.92
2006,86,1818,5.81
2006,86,1848,4.47
2006,86,1918,4.92
2006,86,1948,3.13
2006,86,2018,4.02
2006,86,2048,4.02
2006,86,2118,1.34
2006,86,2148,1.34
2006,86,2218,3.58
2006,86,2248,4.47
2006,86,2318,2.68
2006,86,2348,4.02
2006,87,18,0.89
2006,87,48,5.36
2006,87,118,5.36
2006,87,148,3.13
2006,87,218,1.79
2006,87,248,7.15
2006,87,318,6.71
2006,87,348,2.68
2006,87,418,5.36
2006,87,448,4.02
2006,87,518,4.02
2006,87,548,2.24
2006,87,618,4.47
2006,87,648,4.02
2006,87,718,2.68
2006,87,748,2.24
2006,87,818,4.92
2006,87,848,6.71
2006,87,918,6.26
2006,87,948,7.15
2006,87,1018,7.60
2006,87,1048,7.15
2006,87,1118,8.05
2006,87,1148,7.60
2006,87,1218,12.07
2006,87,1248,13.41
2006,87,1318,13.86
2006,87,1348,12.96
2006,87,1418,14.31
2006,87,1448,15.65
2006,87,1518,16.09
2006,87,1548,16.09
2006,87,1618,18.78
2006,87,1648,20.12
2006,87,1718,19.67
2006,87,1748,20.56
2006,87,1818,23.25
2006,87,1848,21.01
2006,87,1918,22.80
2006,87,1948,22.80
2006,87,2018,24.14
2006,87,2048,25.03
2006,87,2118,25.03
2006,87,2148,24.59
2006,87,2218,22.80
2006,87,2248,23.69
2006,87,2318,22.80
2006,87,2348,21.46
2006,88,18,21.01
2006,88,48,21.01
2006,88,118,19.67
2006,88,148,19.67
2006,88,218,22.80
2006,88,248,21.01
2006,88,318,21.46
2006,88,348,21.46
2006,88,418,20.56
2006,88,448,28.61
2006,88,518,22.35
2006,88,548,16.09
2006,88,618,18.78
2006,88,648,18.33
2006,88,718,17.43
2006,88,748,20.56
2006,88,818,19.22
2006,88,848,22.35
2006,88,918,19.67
2006,88,948,15.20
2006,88,1018,18.33
2006,88,1048,22.35
2006,88,1118,21.46
2006,88,1148,25.93
2006,88,1218,21.46
2006,88,1248,17.43
2006,88,1318,22.35
2006,88,1348,23.69
2006,88,1418,17.43
2006,88,1448,20.12
2006,88,1518,16.54
2006,88,1548,17.88
2006,88,1618,23.25
2006,88,1648,16.99
2006,88,1718,12.96
2006,88,1748,16.09
2006,88,1818,19.22
2006,88,1848,17.88
2006,88,1918,15.65
2006,88,1948,12.52
2006,88,2018,14.75
2006,88,2048,14.75
2006,88,2118,11.18
2006,88,2148,8.49
2006,88,2218,7.15
2006,88,2248,11.62
2006,88,2318,12.96
2006,88,2348,8.49
2006,89,18,8.05
2006,89,48,10.28
2006,89,118,8.49
2006,89,148,8.05
2006,89,218,6.26
2006,89,248,10.73
2006,89,318,11.18
2006,89,348,9.83
2006,89,418,9.83
2006,89,448,9.83
2006,89,518,8.94
2006,89,548,10.73
2006,89,618,12.52
2006,89,648,12.07
2006,89,718,14.75
2006,89,748,16.99
2006,89,818,14.31
2006,89,848,13.41
2006,89,918,12.07
2006,89,948,10.73
2006,89,1018,8.94
2006,89,1048,10.28
2006,89,1118,9.39
2006,89,1148,9.39
2006,89,1218,8.49
2006,89,1248,6.26
2006,89,1318,8.49
2006,89,1348,8.49
2006,89,1418,8.94
2006,89,1448,8.94
2006,89,1518,8.05
2006,89,1548,7.60
2006,89,1618,4.92
2006,89,1648,5.36
2006,89,1718,6.71
2006,89,1748,6.71
2006,89,1818,8.49
2006,89,1848,8.49
2006,89,1918,8.49
2006,89,1948,9.39
2006,89,2018,9.39
2006,89,2048,9.39
2006,89,2118,8.94
2006,89,2148,10.28
2006,89,2218,10.28
2006,89,2248,9.39
2006,89,2318,9.83
2006,89,2348,10.73
2006,90,18,8.94
2006,90,48,11.18
2006,90,118,11.18
2006,90,148,10.73
2006,90,218,12.52
2006,90,248,12.07
2006,90,318,11.62
2006,90,348,12.07
2006,90,418,12.07
2006,90,448,11.18
2006,90,518,11.62
2006,90,548,12.96
2006,90,618,12.96
2006,90,648,13.41
2006,90,718,12.96
2006,90,748,13.41
2006,90,818,10.73
2006,90,848,12.52
2006,90,918,8.49
2006,90,948,9.83
2006,90,1018,11.62
2006,90,1048,11.62
2006,90,1118,13.41
2006,90,1148,12.07
2006,90,1218,10.73
2006,90,1248,10.28
2006,90,1318,9.83
2006,90,1348,9.39
2006,90,1418,8.05
2006,90,1448,8.94
2006,90,1518,7.15
2006,90,1548,7.60
2006,90,1618,7.15
2006,90,1648,6.71
2006,90,1718,6.71
2006,90,1748,5.81
2006,90,1818,8.05
2006,90,1848,8.49
2006,90,1918,11.62
2006,90,1948,9.83
2006,90,2018,9.39
2006,90,2048,8.49
2006,90,2118,10.28
2006,90,2148,9.39
2006,90,2218,12.52
2006,90,2248,15.65
2006,90,2318,19.67
2006,90,2348,20.12
2006,91,18,18.33
2006,91,48,16.54
2006,91,118,16.09
2006,91,148,12.52
2006,91,218,8.49
2006,91,248,7.60
2006,91,318,8.49
2006,91,348,3.58
2006,91,418,4.02
2006,91,448,3.13
2006,91,518,5.81
2006,91,548,8.05
2006,91,618,8.94
2006,91,648,11.18
2006,91,718,9.39
2006,91,748,7.60
2006,91,818,9.83
2006,91,848,9.83
2006,91,918,7.15
2006,91,948,8.05
2006,91,1018,8.49
2006,91,1048,9.83
2006,91,1118,10.28
2006,91,1148,12.07
2006,91,1218,10.73
2006,91,1248,9.39
2006,91,1318,10.28
2006,91,1348,9.83
2006,91,1418,8.05
2006,91,1448,11.18
2006,91,1518,10.73
2006,91,1548,8.49
2006,91,1618,8.94
2006,91,1648,8.49
2006,91,1718,5.81
2006,91,1748,8.05
2006,91,1818,4.47
2006,91,1848,8.94
2006,91,1918,7.60
2006,91,1948,8.05
2006,91,2018,9.39
2006,91,2048,8.49
2006,91,2118,6.26
2006,91,2148,7.60
2006,91,2218,4.92
2006,91,2248,4.02
2006,91,2318,3.13
2006,91,2348,2.24
2006,92,18,0.00
2006,92,48,0.89
2006,92,118,0.45
2006,92,148,1.34
2006,92,218,0.00
2006,92,248,0.45
2006,92,318,0.00
2006,92,348,1.34
2006,92,418,1.34
2006,92,448,0.00
2006,92,518,0.00
2006,92,548,0.00
2006,92,618,2.68
2006,92,648,0.45
2006,92,718,1.34
2006,92,748,0.89
2006,92,818,0.45
2006,92,848,0.45
2006,92,918,0.45
2006,92,948,0.89
2006,92,1018,0.45
2006,92,1048,0.89
2006,92,1118,0.89
2006,92,1148,6.71
2006,92,1218,8.05
2006,92,1248,8.05
2006,92,1318,6.71
2006,92,1348,5.36
2006,92,1418,5.36
2006,92,1448,7.15
2006,92,1518,9.39
2006,92,1548,9.83
2006,92,1618,7.60
2006,92,1648,8.94
2006,92,1718,8.05
2006,92,1748,7.15
2006,92,1818,7.60
2006,92,1848,7.60
2006,92,1918,7.15
2006,92,1948,6.26
2006,92,2018,4.92
2006,92,2048,5.36
2006,92,2118,5.81
2006,92,2148,1.34
2006,92,2218,1.79
2006,92,2248,1.79
2006,92,2318,4.92
2006,92,2348,5.81
2006,93,18,6.26
2006,93,48,6.71
2006,93,118,8.49
2006,93,148,11.18
2006,93,218,13.41
2006,93,248,14.75
2006,93,318,14.31
2006,93,348,15.65
2006,93,418,16.54
2006,93,448,19.22
2006,93,518,17.43
2006,93,548,18.33
2006,93,618,18.78
2006,93,648,18.33
2006,93,718,17.88
2006,93,748,22.80
2006,93,818,19.67
2006,93,848,19.22
2006,93,918,18.78
2006,93,948,15.65
2006,93,1018,11.18
2006,93,1048,9.83
2006,93,1118,9.83
2006,93,1148,11.18
2006,93,1218,12.07
2006,93,1248,15.20
2006,93,1318,12.07
2006,93,1348,11.18
2006,93,1418,14.31
2006,93,1448,12.96
2006,93,1518,15.20
2006,93,1548,13.41
2006,93,1618,12.96
2006,93,1648,13.86
2006,93,1718,16.99
2006,93,1748,16.54
2006,93,1818,14.31
2006,93,1848,16.99
2006,93,1918,15.65
2006,93,1948,17.43
2006,93,2018,17.43
2006,93,2048,16.54
2006,93,2118,16.54
2006,93,2148,15.20
2006,93,2218,16.99
2006,93,2248,14.31
2006,93,2318,15.20
2006,93,2348,16.09
2006,94,18,16.99
2006,94,48,12.52
2006,94,118,14.75
2006,94,148,18.78
2006,94,218,14.31
2006,94,248,14.75
2006,94,318,14.75
2006,94,348,13.41
2006,94,418,11.18
2006,94,448,13.41
2006,94,518,12.96
2006,94,548,12.96
2006,94,618,12.07
2006,94,648,11.62
2006,94,718,11.18
2006,94,748,11.62
2006,94,818,11.18
2006,94,848,10.28
2006,94,918,9.39
2006,94,948,10.73
2006,94,1018,8.94
2006,94,1048,11.18
2006,94,1118,9.39
2006,94,1148,10.73
2006,94,1218,9.39
2006,94,1248,8.49
2006,94,1318,11.18
2006,94,1348,13.86
2006,94,1418,15.20
2006,94,1448,12.52
2006,94,1518,16.54
2006,94,1548,18.78
2006,94,1618,17.88
2006,94,1648,17.43
2006,94,1718,17.43
2006,94,1748,12.52
2006,94,1818,15.65
2006,94,1848,15.20
2006,94,1918,14.75
2006,94,1948,14.75
2006,94,2018,15.20
2006,94,2048,15.65
2006,94,2118,13.86
2006,94,2148,16.09
2006,94,2218,15.65
2006,94,2248,15.65
2006,94,2318,15.20
2006,94,2348,15.65
2006,95,18,16.09
2006,95,48,15.20
2006,95,118,16.54
2006,95,148,18.33
2006,95,218,16.99
2006,95,248,17.43
2006,95,318,17.43
2006,95,348,17.88
2006,95,418,18.78
2006,95,448,18.33
2006,95,518,16.99
2006,95,548,17.88
2006,95,618,17.88
2006,95,648,16.09
2006,95,718,16.99
2006,95,748,17.88
2006,95,818,21.01
2006,95,848,21.90
2006,95,918,23.69
2006,95,948,22.80
2006,95,1018,22.80
2006,95,1048,17.88
2006,95,1118,21.46
2006,95,1148,21.01
2006,95,1218,23.69
2006,95,1248,24.59
2006,95,1318,24.14
2006,95,1348,27.27
2006,95,1418,26.82
2006,95,1448,25.93
2006,95,1518,27.27
2006,95,1548,28.16
2006,95,1618,27.72
2006,95,1648,25.03
2006,95,1718,26.38
2006,95,1748,27.27
2006,95,1818,27.72
2006,95,1848,27.27
2006,95,1918,29.06
2006,95,1948,25.48
2006,95,2018,27.72
2006,95,2048,25.03
2006,95,2118,27.27
2006,95,2148,26.38
2006,95,2218,26.82
2006,95,2248,24.14
2006,95,2318,25.48
2006,95,2348,28.16
2006,96,18,25.93
2006,96,48,23.69
2006,96,118,25.93
2006,96,148,24.59
2006,96,218,25.48
2006,96,248,28.61
2006,96,318,22.80
2006,96,348,24.14
2006,96,418,21.90
2006,96,448,24.14
2006,96,518,24.59
2006,96,548,28.61
2006,96,618,25.03
2006,96,648,24.14
2006,96,718,24.14
2006,96,748,24.14
2006,96,818,28.61
2006,96,848,29.50
2006,96,918,21.90
2006,96,948,20.12
2006,96,1018,21.01
2006,96,1048,22.80
2006,96,1118,26.82
2006,96,1148,30.40
2006,96,1218,28.61
2006,96,1248,29.06
2006,96,1318,28.16
2006,96,1348,27.72
2006,96,1418,25.93
2006,96,1448,30.40
2006,96,1518,28.61
2006,96,1548,26.38
2006,96,1618,27.72
2006,96,1648,26.38
2006,96,1718,23.25
2006,96,1748,26.82
2006,96,1818,21.90
2006,96,1848,25.93
2006,96,1918,19.22
2006,96,1948,19.22
2006,96,2018,23.25
2006,96,2048,22.35
2006,96,2118,27.27
2006,96,2148,25.48
2006,96,2218,24.14
2006,96,2248,22.35
2006,96,2318,26.38
2006,96,2348,33.53
2006,97,18,27.72
2006,97,48,25.03
2006,97,118,22.35
2006,97,148,29.50
2006,97,218,28.16
2006,97,248,25.93
2006,97,318,24.59
2006,97,348,25.93
2006,97,418,24.59
2006,97,448,23.25
2006,97,518,25.03
2006,97,548,26.82
2006,97,618,24.59
2006,97,648,22.80
2006,97,718,24.59
2006,97,748,21.90
2006,97,818,20.56
2006,97,848,17.88
2006,97,918,21.46
2006,97,948,24.59
2006,97,1018,19.22
2006,97,1048,16.99
2006,97,1118,15.20
2006,97,1148,8.49
2006,97,1218,6.26
2006,97,1248,6.26
2006,97,1318,8.49
2006,97,1348,12.96
2006,97,1418,19.22
2006,97,1448,12.96
2006,97,1518,11.18
2006,97,1548,13.86
2006,97,1618,19.22
2006,97,1648,17.88
2006,97,1718,14.31
2006,97,1748,16.54
2006,97,1818,14.75
2006,97,1848,15.20
2006,97,1918,16.54
2006,97,1948,14.75
2006,97,2018,15.65
2006,97,2048,17.88
2006,97,2118,19.67
2006,97,2148,19.67
2006,97,2218,18.78
2006,97,2248,18.33
2006,97,2318,21.46
2006,97,2348,19.22
2006,98,18,19.22
2006,98,48,18.33
2006,98,118,17.88
2006,98,148,21.90
2006,98,218,17.43
2006,98,248,18.78
2006,98,318,17.88
2006,98,348,16.09
2006,98,418,17.88
2006,98,448,13.41
2006,98,518,14.31
2006,98,548,15.20
2006,98,618,12.96
2006,98,648,8.94
2006,98,718,7.60
2006,98,748,7.60
2006,98,818,10.28
2006,98,848,8.49
2006,98,918,9.83
2006,98,948,9.83
2006,98,1018,12.52
2006,98,1048,11.62
2006,98,1118,10.73
2006,98,1148,8.94
2006,98,1218,11.18
2006,98,1248,9.39
2006,98,1318,12.96
2006,98,1348,11.62
2006,98,1418,15.65
2006,98,1448,16.99
2006,98,1518,14.75
2006,98,1548,18.33
2006,98,1618,13.41
2006,98,1648,14.75
2006,98,1718,12.96
2006,98,1748,12.52
2006,98,1818,11.18
2006,98,1848,12.96
2006,98,1918,12.07
2006,98,1948,12.52
2006,98,2018,16.54
2006,98,2048,18.33
2006,98,2118,21.90
2006,98,2148,16.99
2006,98,2218,19.67
2006,98,2248,17.43
2006,98,2318,17.88
2006,98,2348,17.43
2006,99,18,24.14
2006,99,48,23.25
2006,99,118,19.67
2006,99,148,18.78
2006,99,218,18.33
2006,99,248,19.22
2006,99,318,20.56
2006,99,348,21.01
2006,99,418,19.22
2006,99,448,19.22
2006,99,518,18.78
2006,99,548,17.88
2006,99,618,18.33
2006,99,648,18.33
2006,99,718,20.56
2006,99,748,19.22
2006,99,818,16.99
2006,99,848,14.75
2006,99,918,16.54
2006,99,948,13.86
2006,99,1018,14.31
2006,99,1048,16.09
2006,99,1118,13.86
2006,99,1148,13.41
2006,99,1218,14.75
2006,99,1248,12.52
2006,99,1318,10.28
2006,99,1348,12.07
2006,99,1418,15.20
2006,99,1448,13.86
2006,99,1518,12.07
2006,99,1548,14.31
2006,99,1618,12.52
2006,99,1648,11.62
2006,99,1718,14.75
2006,99,1748,10.73
2006,99,1818,12.96
2006,99,1848,15.20
2006,99,1918,13.86
2006,99,1948,12.52
2006,99,2018,9.83
2006,99,2048,9.83
2006,99,2118,10.28
2006,99,2148,10.73
2006,99,2218,10.28
2006,99,2248,11.62
2006,99,2318,11.18
2006,99,2348,12.07
2006,100,18,9.83
2006,100,48,6.71
2006,100,118,8.05
2006,100,148,10.73
2006,100,218,7.60
2006,100,248,8.49
2006,100,318,10.73
2006,100,348,11.62
2006,100,418,12.52
2006,100,448,12.52
2006,100,518,8.49
2006,100,548,4.92
2006,100,618,4.02
2006,100,648,2.68
2006,100,718,4.92
2006,100,748,4.02
2006,100,818,9.39
2006,100,848,9.83
2006,100,918,9.83
2006,100,948,10.28
2006,100,1018,8.94
2006,100,1048,11.62
2006,100,1118,11.18
2006,100,1148,11.18
2006,100,1218,12.07
2006,100,1248,12.96
2006,100,1318,12.07
2006,100,1348,12.07
2006,100,1418,12.96
2006,100,1448,10.73
2006,100,1518,12.52
2006,100,1548,12.96
2006,100,1618,13.41
2006,100,1648,17.88
2006,100,1718,16.54
2006,100,1748,18.78
2006,100,1818,21.90
2006,100,1848,18.33
2006,100,1918,21.01
2006,100,1948,19.22
2006,100,2018,19.67
2006,100,2048,20.12
2006,100,2118,22.35
2006,100,2148,25.03
2006,100,2218,25.03
2006,100,2248,28.16
2006,100,2318,16.99
2006,100,2348,18.33
2006,101,18,20.12
2006,101,48,17.43
2006,101,118,21.01
2006,101,148,22.35
2006,101,218,21.01
2006,101,248,17.43
2006,101,318,20.56
2006,101,348,18.33
2006,101,418,18.78
2006,101,448,16.54
2006,101,518,18.33
2006,101,548,17.88
2006,101,618,18.78
2006,101,648,22.35
2006,101,718,17.88
2006,101,748,20.56
2006,101,818,23.69
2006,101,848,20.56
2006,101,918,22.35
2006,101,948,21.90
2006,101,1018,21.90
2006,101,1048,20.56
2006,101,1118,15.65
2006,101,1148,15.65
2006,101,1218,15.65
2006,101,1248,16.54
2006,101,1318,14.75
2006,101,1348,17.43
2006,101,1418,18.33
2006,101,1448,18.33
2006,101,1518,17.43
2006,101,1548,21.46
2006,101,1618,18.78
2006,101,1648,17.88
2006,101,1718,16.99
2006,101,1748,18.33
2006,101,1818,20.56
2006,101,1848,21.46
2006,101,1918,16.09
2006,101,1948,16.99
2006,101,2018,19.67
2006,101,2048,16.99
2006,101,2118,16.09
2006,101,2148,18.33
2006,101,2218,16.54
2006,101,2248,17.43
2006,101,2318,16.09
2006,101,2348,18.78
2006,102,18,19.22
2006,102,48,19.22
2006,102,118,21.01
2006,102,148,26.38
2006,102,218,23.25
2006,102,248,21.46
2006,102,318,21.90
2006,102,348,21.90
2006,102,418,21.90
2006,102,448,21.46
2006,102,518,20.56
2006,102,548,21.90
2006,102,618,19.22
2006,102,648,20.56
2006,102,718,21.90
2006,102,748,22.35
2006,102,818,18.78
2006,102,848,19.22
2006,102,918,17.43
2006,102,948,20.56
2006,102,1018,14.31
2006,102,1048,17.43
2006,102,1118,19.22
2006,102,1148,19.22
2006,102,1218,17.88
2006,102,1248,20.56
2006,102,1318,23.69
2006,102,1348,23.69
2006,102,1418,24.14
2006,102,1448,32.63
2006,102,1518,30.40
2006,102,1548,27.27
2006,102,1618,27.72
2006,102,1648,28.16
2006,102,1718,32.63
2006,102,1748,29.95
2006,102,1818,33.08
2006,102,1848,31.29
2006,102,1918,25.48
2006,102,1948,29.50
2006,102,2018,26.82
2006,102,2048,28.16
2006,102,2118,25.03
2006,102,2148,29.95
2006,102,2218,25.48
2006,102,2248,32.63
2006,102,2318,28.61
2006,102,2348,31.29
2006,103,18,27.72
2006,103,48,27.72
2006,103,118,28.16
2006,103,148,28.61
2006,103,218,31.74
2006,103,248,29.50
2006,103,318,33.53
2006,103,348,32.63
2006,103,418,37.10
2006,103,448,37.55
2006,103,518,38.45
2006,103,548,32.19
2006,103,618,33.53
2006,103,648,33.98
2006,103,718,30.40
2006,103,748,33.53
2006,103,818,30.85
2006,103,848,34.87
2006,103,918,22.35
2006,103,948,29.50
2006,103,1018,30.85
2006,103,1048,26.38
2006,103,1118,25.03
2006,103,1148,25.93
2006,103,1218,23.25
2006,103,1248,24.59
2006,103,1318,26.82
2006,103,1348,21.46
2006,103,1418,23.25
2006,103,1448,22.35
2006,103,1518,21.01
2006,103,1548,23.25
2006,103,1618,21.46
2006,103,1648,20.56
2006,103,1718,19.22
2006,103,1748,18.78
2006,103,1818,20.12
2006,103,1848,18.78
2006,103,1918,17.88
2006,103,1948,18.78
2006,103,2018,21.01
2006,103,2048,19.22
2006,103,2118,20.56
2006,103,2148,19.22
2006,103,2218,21.46
2006,103,2248,21.46
2006,103,2318,19.67
2006,103,2348,20.56
2006,104,18,21.01
2006,104,48,24.14
2006,104,118,22.35
2006,104,148,24.59
2006,104,218,23.25
2006,104,248,19.22
2006,104,318,18.33
2006,104,348,18.78
2006,104,418,21.46
2006,104,448,21.90
2006,104,518,20.12
2006,104,548,22.35
2006,104,618,22.80
2006,104,648,23.25
2006,104,718,20.56
2006,104,748,20.56
2006,104,818,23.25
2006,104,848,21.46
2006,104,918,18.78
2006,104,948,19.22
2006,104,1018,17.88
2006,104,1048,16.99
2006,104,1118,14.31
2006,104,1148,13.41
2006,104,1218,11.62
2006,104,1248,16.54
2006,104,1318,16.99
2006,104,1348,14.31
2006,104,1418,14.75
2006,104,1448,14.31
2006,104,1518,14.31
2006,104,1548,13.86
2006,104,1618,16.09
2006,104,1648,16.09
2006,104,1718,13.86
2006,104,1748,14.75
2006,104,1818,16.99
2006,104,1848,13.86
2006,104,1918,12.96
2006,104,1948,13.86
2006,104,2018,13.41
2006,104,2048,12.52
2006,104,2118,9.83
2006,104,2148,6.71
2006,104,2218,11.18
2006,104,2248,7.15
2006,104,2318,12.52
2006,104,2348,11.62
2006,105,18,10.28
2006,105,48,15.65
2006,105,118,12.07
2006,105,148,11.18
2006,105,218,14.31
2006,105,248,10.28
2006,105,318,10.73
2006,105,348,15.20
2006,105,418,18.33
2006,105,448,16.99
2006,105,518,14.75
2006,105,548,18.33
2006,105,618,13.86
2006,105,648,15.65
2006,105,718,14.75
2006,105,748,16.09
2006,105,818,16.09
2006,105,848,20.12
2006,105,918,19.22
2006,105,948,13.41
2006,105,1018,16.09
2006,105,1048,16.09
2006,105,1118,16.99
2006,105,1148,16.54
2006,105,1218,16.09
2006,105,1248,19.22
2006,105,1318,16.09
2006,105,1348,16.99
2006,105,1418,16.54
2006,105,1448,15.20
2006,105,1518,9.83
2006,105,1548,12.96
2006,105,1618,11.62
2006,105,1648,9.83
2006,105,1718,13.41
2006,105,1748,13.41
2006,105,1818,13.86
2006,105,1848,9.39
2006,105,1918,9.83
2006,105,1948,11.62
2006,105,2018,13.41
2006,105,2048,15.65
2006,105,2118,15.20
2006,105,2148,15.20
2006,105,2218,15.65
2006,105,2248,14.75
2006,105,2318,16.99
2006,105,2348,15.20
2006,106,18,14.31
2006,106,48,15.65
2006,106,118,19.22
2006,106,148,20.12
2006,106,218,13.86
2006,106,248,17.43
2006,106,318,21.01
2006,106,348,20.12
2006,106,418,20.12
2006,106,448,20.56
2006,106,518,21.90
2006,106,548,20.56
2006,106,618,21.01
2006,106,648,22.35
2006,106,718,22.80
2006,106,748,23.69
2006,106,818,21.90
2006,106,848,23.69
2006,106,918,21.01
2006,106,948,20.56
2006,106,1018,22.35
2006,106,1048,17.88
2006,106,1118,19.22
2006,106,1148,21.90
2006,106,1218,21.46
2006,106,1248,20.12
2006,106,1318,20.12
2006,106,1348,21.90
2006,106,1418,22.35
2006,106,1448,20.12
2006,106,1518,23.69
2006,106,1548,26.82
2006,106,1618,28.61
2006,106,1648,30.40
2006,106,1718,28.61
2006,106,1748,27.72
2006,106,1818,29.95
2006,106,1848,26.82
2006,106,1918,24.14
2006,106,1948,26.82
2006,106,2018,25.48
2006,106,2048,25.03
2006,106,2118,27.72
2006,106,2148,23.25
2006,106,2218,26.82
2006,106,2248,27.27
2006,106,2318,28.16
2006,106,2348,22.80
2006,107,18,25.93
2006,107,48,21.90
2006,107,118,21.90
2006,107,148,22.80
2006,107,218,25.48
2006,107,248,29.95
2006,107,318,23.69
2006,107,348,25.03
2006,107,418,25.03
2006,107,448,28.16
2006,107,518,25.48
2006,107,548,24.14
2006,107,618,29.06
2006,107,648,25.93
2006,107,718,28.61
2006,107,748,26.82
2006,107,818,27.27
2006,107,848,25.48
2006,107,918,25.93
2006,107,948,21.90
2006,107,1018,26.38
2006,107,1048,21.90
2006,107,1118,22.80
2006,107,1148,24.59
2006,107,1218,26.82
2006,107,1248,24.14
2006,107,1318,22.80
2006,107,1348,25.93
2006,107,1418,24.59
2006,107,1448,24.14
2006,107,1518,25.93
2006,107,1548,24.59
2006,107,1618,29.50
2006,107,1648,21.46
2006,107,1718,22.35
2006,107,1748,25.93
2006,107,1818,20.12
2006,107,1848,20.12
2006,107,1918,20.56
2006,107,1948,19.67
2006,107,2018,19.67
2006,107,2048,23.25
2006,107,2118,22.35
2006,107,2148,21.46
2006,107,2218,23.69
2006,107,2248,23.69
2006,107,2318,20.12
2006,107,2348,21.01
2006,108,18,21.90
2006,108,48,22.80
2006,108,118,23.69
2006,108,148,18.33
2006,108,218,19.22
2006,108,248,17.88
2006,108,318,18.33
2006,108,348,20.56
2006,108,418,18.33
2006,108,448,19.67
2006,108,518,17.88
2006,108,548,16.99
2006,108,618,18.78
2006,108,648,15.65
2006,108,718,16.99
2006,108,748,15.65
2006,108,818,16.54
2006,108,848,16.09
2006,108,918,16.99
2006,108,948,15.65
2006,108,1018,16.09
2006,108,1048,13.86
2006,108,1118,13.41
2006,108,1148,12.96
2006,108,1218,14.31
2006,108,1248,12.07
2006,108,1318,11.62
2006,108,1348,12.52
2006,108,1418,13.41
2006,108,1448,12.52
2006,108,1518,14.31
2006,108,1548,12.07
2006,108,1618,13.41
2006,108,1648,15.20
2006,108,1718,12.96
2006,108,1748,6.26
2006,108,1818,8.49
2006,108,1848,7.60
2006,108,1918,11.18
2006,108,1948,10.28
2006,108,2018,9.39
2006,108,2048,6.71
2006,108,2118,10.73
2006,108,2148,11.18
2006,108,2218,9.83
2006,108,2248,9.39
2006,108,2318,5.36
2006,108,2348,4.47
2006,109,18,9.39
2006,109,48,7.15
2006,109,118,7.60
2006,109,148,6.71
2006,109,218,6.71
2006,109,248,9.39
2006,109,318,7.15
2006,109,348,3.58
2006,109,418,4.47
2006,109,448,5.36
2006,109,518,4.92
2006,109,548,4.02
2006,109,618,3.58
2006,109,648,5.81
2006,109,718,6.71
2006,109,748,4.47
2006,109,818,3.58
2006,109,848,4.47
2006,109,918,3.58
2006,109,948,0.89
2006,109,1018,3.13
2006,109,1048,1.79
2006,109,1118,0.89
2006,109,1148,2.24
2006,109,1218,1.34
2006,109,1248,4.92
2006,109,1318,3.13
2006,109,1348,5.81
2006,109,1418,5.81
2006,109,1448,4.47
2006,109,1518,7.15
2006,109,1548,4.47
2006,109,1618,3.58
2006,109,1648,6.26
2006,109,1718,6.71
2006,109,1748,5.81
2006,109,1818,1.34
2006,109,1848,4.47
2006,109,1918,4.92
2006,109,1948,1.79
2006,109,2018,4.47
2006,109,2048,6.26
2006,109,2118,7.60
2006,109,2148,8.49
2006,109,2218,8.94
2006,109,2248,10.28
2006,109,2318,9.39
2006,109,2348,9.83
2006,110,18,7.60
2006,110,48,8.94
2006,110,118,8.49
2006,110,148,7.15
2006,110,218,1.79
2006,110,248,2.68
2006,110,318,4.47
2006,110,348,5.81
2006,110,418,6.26
2006,110,448,6.26
2006,110,518,7.60
2006,110,548,6.26
2006,110,618,8.05
2006,110,648,7.60
2006,110,718,7.15
2006,110,748,7.15
2006,110,818,5.81
2006,110,848,3.58
2006,110,918,4.47
2006,110,948,4.02
2006,110,1018,2.68
2006,110,1048,5.36
2006,110,1118,4.47
2006,110,1148,3.13
2006,110,1218,4.02
2006,110,1248,3.58
2006,110,1318,3.13
2006,110,1348,3.13
2006,110,1418,2.68
2006,110,1448,3.58
2006,110,1518,3.13
2006,110,1548,0.89
2006,110,1618,0.45
2006,110,1648,2.24
2006,110,1718,2.68
2006,110,1748,0.45
2006,110,1818,1.34
2006,110,1848,0.89
2006,110,1918,1.79
2006,110,1948,0.89
2006,110,2018,0.45
2006,110,2048,0.89
2006,110,2118,0.45
2006,110,2148,0.89
2006,110,2218,0.00
2006,110,2248,0.45
2006,110,2318,0.00
2006,110,2348,0.89
2006,111,18,1.34
2006,111,48,0.00
2006,111,118,1.34
2006,111,148,2.24
2006,111,218,2.68
2006,111,248,3.13
2006,111,318,2.68
2006,111,348,0.89
2006,111,418,1.79
2006,111,448,0.00
2006,111,518,0.45
2006,111,548,1.79
2006,111,618,1.79
2006,111,648,1.34
2006,111,718,0.45
2006,111,748,1.79
2006,111,818,0.89
2006,111,848,0.00
2006,111,918,2.24
2006,111,948,0.89
2006,111,1018,1.79
2006,111,1048,2.24
2006,111,1118,2.68
2006,111,1148,2.68
2006,111,1218,1.79
2006,111,1248,0.89
2006,111,1318,1.34
2006,111,1348,2.24
2006,111,1418,5.36
2006,111,1448,4.02
2006,111,1518,5.81
2006,111,1548,7.15
2006,111,1618,7.15
2006,111,1648,5.81
2006,111,1718,8.05
2006,111,1748,8.05
2006,111,1818,7.15
2006,111,1848,5.81
2006,111,1918,6.26
2006,111,1948,6.71
2006,111,2018,6.26
2006,111,2048,8.05
2006,111,2118,9.83
2006,111,2148,12.52
2006,111,2218,8.49
2006,111,2248,12.52
2006,111,2318,13.41
2006,111,2348,13.41
2006,112,18,12.96
2006,112,48,12.52
2006,112,118,14.31
2006,112,148,18.33
2006,112,218,20.56
2006,112,248,17.88
2006,112,318,22.35
2006,112,348,25.03
2006,112,418,25.03
2006,112,448,24.14
2006,112,518,22.35
2006,112,548,23.25
2006,112,618,23.25
2006,112,648,23.25
2006,112,718,22.80
2006,112,748,23.25
2006,112,818,18.33
2006,112,848,24.14
2006,112,918,24.14
2006,112,948,25.48
2006,112,1018,21.01
2006,112,1048,18.33
2006,112,1118,17.88
2006,112,1148,18.78
2006,112,1218,22.80
2006,112,1248,19.67
2006,112,1318,18.33
2006,112,1348,19.67
2006,112,1418,21.90
2006,112,1448,18.78
2006,112,1518,18.33
2006,112,1548,23.25
2006,112,1618,19.67
2006,112,1648,21.46
2006,112,1718,21.90
2006,112,1748,22.80
2006,112,1818,19.67
2006,112,1848,17.88
2006,112,1918,21.01
2006,112,1948,14.75
2006,112,2018,15.65
2006,112,2048,12.52
2006,112,2118,15.20
2006,112,2148,13.86
2006,112,2218,19.22
2006,112,2248,18.78
2006,112,2318,18.33
2006,112,2348,18.33
2006,113,18,21.46
2006,113,48,19.22
2006,113,118,21.46
2006,113,148,19.22
2006,113,218,20.12
2006,113,248,18.78
2006,113,318,18.78
2006,113,348,19.67
2006,113,418,17.43
2006,113,448,14.75
2006,113,518,18.33
2006,113,548,16.54
2006,113,618,18.33
2006,113,648,18.78
2006,113,718,17.43
2006,113,748,17.88
2006,113,818,21.90
2006,113,848,17.88
2006,113,918,12.52
2006,113,948,11.62
2006,113,1018,16.54
2006,113,1048,13.41
2006,113,1118,8.94
2006,113,1148,11.18
2006,113,1218,8.05
2006,113,1248,8.49
2006,113,1318,9.83
2006,113,1348,10.73
2006,113,1418,9.83
2006,113,1448,9.83
2006,113,1518,10.28
2006,113,1548,6.71
2006,113,1618,8.94
2006,113,1648,6.26
2006,113,1718,4.47
2006,113,1748,4.92
2006,113,1818,3.58
2006,113,1848,3.13
2006,113,1918,4.92
2006,113,1948,8.49
2006,113,2018,7.15
2006,113,2048,7.60
2006,113,2118,9.83
2006,113,2148,10.73
2006,113,2218,11.18
2006,113,2248,14.31
2006,113,2318,13.41
2006,113,2348,15.65
2006,114,18,16.09
2006,114,48,14.75
2006,114,118,16.54
2006,114,148,15.20
2006,114,218,15.20
2006,114,248,16.09
2006,114,318,15.20
2006,114,348,16.99
2006,114,418,17.88
2006,114,448,21.01
2006,114,518,20.12
2006,114,548,21.90
2006,114,618,19.22
2006,114,648,21.46
2006,114,718,23.69
2006,114,748,21.46
2006,114,818,20.56
2006,114,848,21.90
2006,114,918,21.90
2006,114,948,22.80
2006,114,1018,21.90
2006,114,1048,26.38
2006,114,1118,26.38
2006,114,1148,21.01
2006,114,1218,18.33
2006,114,1248,25.48
2006,114,1318,27.27
2006,114,1348,28.61
2006,114,1418,29.95
2006,114,1448,29.50
2006,114,1518,29.06
2006,114,1548,28.61
2006,114,1618,24.59
2006,114,1648,29.95
2006,114,1718,33.08
2006,114,1748,33.98
2006,114,1818,36.66
2006,114,1848,35.32
2006,114,1918,31.74
2006,114,1948,31.29
2006,114,2018,27.27
2006,114,2048,29.50
2006,114,2118,26.82
2006,114,2148,24.59
2006,114,2218,25.93
2006,114,2248,19.22
2006,114,2318,23.69
2006,114,2348,19.67
2006,115,18,20.56
2006,115,48,18.78
2006,115,118,21.46
2006,115,148,19.22
2006,115,218,19.22
2006,115,248,19.22
2006,115,318,24.14
2006,115,348,22.80
2006,115,418,24.59
2006,115,448,25.48
2006,115,518,23.25
2006,115,548,21.01
2006,115,618,22.35
2006,115,648,19.67
2006,115,718,27.72
2006,115,748,29.95
2006,115,818,24.14
2006,115,848,21.90
2006,115,918,26.38
2006,115,948,25.48
2006,115,1018,24.59
2006,115,1048,21.01
2006,115,1118,24.59
2006,115,1148,20.12
2006,115,1218,17.43
2006,115,1248,17.88
2006,115,1318,17.43
2006,115,1348,19.22
2006,115,1418,21.46
2006,115,1448,21.46
2006,115,1518,21.90
2006,115,1548,20.56
2006,115,1618,23.69
2006,115,1648,19.67
2006,115,1718,23.25
2006,115,1748,21.46
2006,115,1818,25.93
2006,115,1848,25.93
2006,115,1918,26.38
2006,115,1948,27.27
2006,115,2018,26.38
2006,115,2048,25.93
2006,115,2118,25.48
2006,115,2148,28.16
2006,115,2218,27.72
2006,115,2248,28.61
2006,115,2318,27.72
2006,115,2348,30.85
2006,116,18,30.85
2006,116,48,28.16
2006,116,118,22.80
2006,116,148,19.67
2006,116,218,11.62
2006,116,248,14.75
2006,116,318,7.60
2006,116,348,16.54
2006,116,418,19.67
2006,116,448,0.00
2006,116,518,0.89
2006,116,548,12.96
2006,116,618,12.96
2006,116,648,10.73
2006,116,718,0.00
2006,116,748,16.54
2006,116,818,16.54
2006,116,848,14.31
2006,116,918,16.54
2006,116,948,13.41
2006,116,1018,16.54
2006,116,1048,15.20
2006,116,1118,16.99
2006,116,1148,10.28
2006,116,1218,19.67
2006,116,1248,15.65
2006,116,1318,16.54
2006,116,1348,13.86
2006,116,1418,18.78
2006,116,1448,16.09
2006,116,1518,18.78
2006,116,1548,17.43
2006,116,1618,15.65
2006,116,1648,12.96
2006,116,1718,15.20
2006,116,1748,15.65
2006,116,1818,14.75
2006,116,1848,13.86
2006,116,1918,14.75
2006,116,1948,13.41
2006,116,2018,11.18
2006,116,2048,12.07
2006,116,2118,13.41
2006,116,2148,10.73
2006,116,2218,11.62
2006,116,2248,10.28
2006,116,2318,11.62
2006,116,2348,12.96
2006,117,18,14.31
2006,117,48,14.31
2006,117,118,10.73
2006,117,148,12.07
2006,117,218,12.96
2006,117,248,11.18
2006,117,318,10.28
2006,117,348,11.62
2006,117,418,12.96
2006,117,448,11.62
2006,117,518,11.18
2006,117,548,14.75
2006,117,618,13.41
2006,117,648,14.75
2006,117,718,13.41
2006,117,748,14.31
2006,117,818,9.83
2006,117,848,9.39
2006,117,918,12.07
2006,117,948,9.83
2006,117,1018,12.07
2006,117,1048,13.86
2006,117,1118,13.41
2006,117,1148,15.20
2006,117,1218,14.75
2006,117,1248,15.20
2006,117,1318,13.86
2006,117,1348,16.09
2006,117,1418,13.41
2006,117,1448,13.86
2006,117,1518,16.09
2006,117,1548,12.07
2006,117,1618,12.52
2006,117,1648,13.86
2006,117,1718,10.73
2006,117,1748,11.62
2006,117,1818,13.41
2006,117,1848,13.86
2006,117,1918,12.07
2006,117,1948,9.83
2006,117,2018,8.05
2006,117,2048,7.60
2006,117,2118,8.94
2006,117,2148,7.15
2006,117,2218,8.05
2006,117,2248,6.71
2006,117,2318,7.60
2006,117,2348,7.15
2006,118,18,7.60
2006,118,48,8.49
2006,118,118,8.94
2006,118,148,10.28
2006,118,218,9.39
2006,118,248,8.94
2006,118,318,10.28
2006,118,348,11.18
2006,118,418,8.49
2006,118,448,10.28
2006,118,518,10.73
2006,118,548,10.28
2006,118,618,12.52
2006,118,648,12.96
2006,118,718,9.83
2006,118,748,10.73
2006,118,818,11.62
2006,118,848,8.94
2006,118,918,9.83
2006,118,948,11.62
2006,118,1018,9.83
2006,118,1048,12.07
2006,118,1118,10.28
2006,118,1148,12.96
2006,118,1218,10.28
2006,118,1248,11.62
2006,118,1318,10.28
2006,118,1348,10.73
2006,118,1418,11.18
2006,118,1448,10.28
2006,118,1518,10.28
2006,118,1548,10.28
2006,118,1618,10.28
2006,118,1648,12.96
2006,118,1718,12.07
2006,118,1748,12.07
2006,118,1818,12.07
2006,118,1848,11.62
2006,118,1918,11.18
2006,118,1948,10.73
2006,118,2018,9.83
2006,118,2048,10.73
2006,118,2118,10.73
2006,118,2148,10.73
2006,118,2218,11.18
2006,118,2248,11.18
2006,118,2318,11.62
2006,118,2348,11.62
2006,119,18,11.18
2006,119,48,9.39
2006,119,118,8.49
2006,119,148,9.83
2006,119,218,8.94
2006,119,248,8.49
2006,119,318,7.60
2006,119,348,6.71
2006,119,418,4.92
2006,119,448,5.36
2006,119,518,6.26
2006,119,548,8.94
2006,119,618,7.60
2006,119,648,8.94
2006,119,718,8.94
2006,119,748,5.36
2006,119,818,6.26
2006,119,848,7.15
2006,119,918,6.26
2006,119,948,4.47
2006,119,1018,4.92
2006,119,1048,6.71
2006,119,1118,6.26
2006,119,1148,6.26
2006,119,1218,7.15
2006,119,1248,7.60
2006,119,1318,8.05
2006,119,1348,8.05
2006,119,1418,7.15
2006,119,1448,8.49
2006,119,1518,6.71
2006,119,1548,9.39
2006,119,1618,9.39
2006,119,1648,7.60
2006,119,1718,8.49
2006,119,1748,9.39
2006,119,1818,9.83
2006,119,1848,9.83
2006,119,1918,9.39
2006,119,1948,8.94
2006,119,2018,8.05
2006,119,2048,8.94
2006,119,2118,7.15
2006,119,2148,6.71
2006,119,2218,6.71
2006,119,2248,5.36
2006,119,2318,2.68
2006,119,2348,2.24
2006,120,18,3.13
2006,120,48,3.13
2006,120,118,4.92
2006,120,148,3.58
2006,120,218,3.58
2006,120,248,1.79
2006,120,318,1.79
2006,120,348,2.24
2006,120,418,3.58
2006,120,448,3.13
2006,120,518,2.68
2006,120,548,4.92
2006,120,618,2.68
2006,120,648,3.13
2006,120,718,1.79
2006,120,748,0.45
2006,120,818,0.45
2006,120,848,2.68
2006,120,918,0.45
2006,120,948,1.34
2006,120,1018,3.58
2006,120,1048,1.34
2006,120,1118,0.45
2006,120,1148,0.89
2006,120,1218,3.58
2006,120,1248,0.89
2006,120,1318,1.34
2006,120,1348,1.34
2006,120,1418,1.34
2006,120,1448,4.47
2006,120,1518,4.47
2006,120,1548,2.68
2006,120,1618,1.34
2006,120,1648,1.79
2006,120,1718,3.13
2006,120,1748,4.92
2006,120,1818,3.58
2006,120,1848,6.26
2006,120,1918,9.83
2006,120,1948,10.73
2006,120,2018,6.26
2006,120,2048,6.26
2006,120,2118,7.60
2006,120,2148,6.71
2006,120,2218,11.18
2006,120,2248,11.62
2006,120,2318,8.94
2006,120,2348,10.28
2006,121,18,12.52
2006,121,48,9.83
2006,121,118,10.73
2006,121,148,12.07
2006,121,218,11.62
2006,121,248,12.52
2006,121,318,10.73
2006,121,348,8.94
2006,121,418,7.60
2006,121,448,9.39
2006,121,518,8.05
2006,121,548,10.73
2006,121,618,9.83
2006,121,648,8.94
2006,121,718,7.60
2006,121,748,9.39
2006,121,818,8.94
2006,121,848,9.39
2006,121,918,6.71
2006,121,948,6.26
2006,121,1018,5.36
2006,121,1048,4.92
2006,121,1118,3.13
2006,121,1148,0.89
2006,121,1218,3.13
2006,121,1248,6.71
2006,121,1318,9.39
2006,121,1348,10.28
2006,121,1418,12.52
2006,121,1448,12.96
2006,121,1518,11.62
2006,121,1548,14.31
2006,121,1618,12.96
2006,121,1648,10.28
2006,121,1718,9.39
2006,121,1748,12.52
2006,121,1818,8.49
2006,121,1848,12.07
2006,121,1918,12.52
2006,121,1948,12.52
2006,121,2018,11.18
2006,121,2048,11.62
2006,121,2118,12.07
2006,121,2148,7.15
2006,121,2218,8.94
2006,121,2248,6.71
2006,121,2318,0.89
2006,121,2348,1.34
2006,122,18,4.47
2006,122,48,4.02
2006,122,118,4.02
2006,122,148,5.81
2006,122,218,7.60
2006,122,248,10.73
2006,122,318,8.94
2006,122,348,9.83
2006,122,418,12.52
2006,122,448,13.86
2006,122,518,21.01
2006,122,548,21.01
2006,122,618,21.90
2006,122,648,24.59
2006,122,718,24.59
2006,122,748,25.48
2006,122,818,33.08
2006,122,848,30.85
2006,122,918,34.87
2006,122,948,36.66
2006,122,1018,33.98
2006,122,1048,32.19
2006,122,1118,34.42
2006,122,1148,34.87
2006,122,1218,31.74
2006,122,1248,32.19
2006,122,1318,35.76
2006,122,1348,33.08
2006,122,1418,36.66
2006,122,1448,34.42
2006,122,1518,33.53
2006,122,1548,30.40
2006,122,1618,32.19
2006,122,1648,32.63
2006,122,1718,34.42
2006,122,1748,33.08
2006,122,1818,29.95
2006,122,1848,29.50
2006,122,1918,27.27
2006,122,1948,30.85
2006,122,2018,29.95
2006,122,2048,29.95
2006,122,2118,29.06
2006,122,2148,18.33
2006,122,2218,17.88
2006,122,2248,14.31
2006,122,2318,16.54
2006,122,2348,16.54
2006,123,18,16.09
2006,123,48,15.65
2006,123,118,16.54
2006,123,148,18.33
2006,123,218,16.99
2006,123,248,18.78
2006,123,318,18.33
2006,123,348,20.12
2006,123,418,16.09
2006,123,448,16.54
2006,123,518,17.43
2006,123,548,17.43
2006,123,618,21.01
2006,123,648,18.33
2006,123,718,22.80
2006,123,748,27.72
2006,123,818,26.82
2006,123,848,27.72
2006,123,918,27.72
2006,123,948,32.63
2006,123,1018,29.06
2006,123,1048,29.50
2006,123,1118,30.40
2006,123,1148,27.72
2006,123,1218,26.82
2006,123,1248,26.38
2006,123,1318,28.16
2006,123,1348,28.16
2006,123,1418,31.29
2006,123,1448,29.06
2006,123,1518,23.69
2006,123,1548,27.72
2006,123,1618,21.46
2006,123,1648,20.12
2006,123,1718,20.12
2006,123,1748,22.35
2006,123,1818,19.22
2006,123,1848,19.67
2006,123,1918,18.33
2006,123,1948,16.09
2006,123,2018,16.54
2006,123,2048,16.99
2006,123,2118,14.75
2006,123,2148,15.65
2006,123,2218,15.20
2006,123,2248,16.99
2006,123,2318,13.41
2006,123,2348,17.43
2006,124,18,18.78
2006,124,48,18.33
2006,124,118,18.78
2006,124,148,16.09
2006,124,218,17.43
2006,124,248,20.12
2006,124,318,20.56
2006,124,348,17.88
2006,124,418,20.56
2006,124,448,21.01
2006,124,518,22.80
2006,124,548,22.35
2006,124,618,23.25
2006,124,648,25.93
2006,124,718,26.38
2006,124,748,29.06
2006,124,818,28.61
2006,124,848,29.50
2006,124,918,31.29
2006,124,948,32.19
2006,124,1018,31.74
2006,124,1048,25.48
2006,124,1118,24.59
2006,124,1148,23.25
2006,124,1218,21.46
2006,124,1248,23.25
2006,124,1318,25.93
2006,124,1348,28.61
2006,124,1418,28.61
2006,124,1448,29.50
2006,124,1518,29.50
2006,124,1548,30.85
2006,124,1618,30.40
2006,124,1648,32.19
2006,124,1718,34.87
2006,124,1748,33.08
2006,124,1818,35.32
2006,124,1848,37.55
2006,124,1918,37.55
2006,124,1948,35.76
2006,124,2018,39.79
2006,124,2048,41.57
2006,124,2118,36.21
2006,124,2148,38.89
2006,124,2218,38.00
2006,124,2248,38.89
2006,124,2318,35.32
2006,124,2348,29.50
2006,125,18,29.06
2006,125,48,22.35
2006,125,118,24.14
2006,125,148,23.69
2006,125,218,25.48
2006,125,248,26.38
2006,125,318,26.82
2006,125,348,23.69
2006,125,418,23.25
2006,125,448,21.46
2006,125,518,18.33
2006,125,548,16.99
2006,125,618,16.99
2006,125,648,15.20
2006,125,718,11.62
2006,125,748,12.96
2006,125,818,8.94
2006,125,848,10.28
2006,125,918,8.05
2006,125,948,11.18
2006,125,1018,4.02
2006,125,1048,4.47
2006,125,1118,4.47
2006,125,1148,6.71
2006,125,1218,5.36
2006,125,1248,8.05
2006,125,1318,4.02
2006,125,1348,7.15
2006,125,1418,3.13
2006,125,1448,4.92
2006,125,1518,5.36
2006,125,1548,2.68
2006,125,1618,6.71
2006,125,1648,7.15
2006,125,1718,7.15
2006,125,1748,9.83
2006,125,1818,6.26
2006,125,1848,8.49
2006,125,1918,7.15
2006,125,1948,9.39
2006,125,2018,12.52
2006,125,2048,11.18
2006,125,2118,12.07
2006,125,2148,11.62
2006,125,2218,10.73
2006,125,2248,9.83
2006,125,2318,11.18
2006,125,2348,9.83
2006,126,18,9.39
2006,126,48,11.18
2006,126,118,11.62
2006,126,148,11.62
2006,126,218,11.18
2006,126,248,10.28
2006,126,318,8.49
2006,126,348,9.39
2006,126,418,9.83
2006,126,448,8.05
2006,126,518,8.05
2006,126,548,9.83
2006,126,618,8.49
2006,126,648,8.94
2006,126,718,8.94
2006,126,748,10.28
2006,126,818,10.73
2006,126,848,10.73
2006,126,918,9.83
2006,126,948,12.52
2006,126,1018,12.07
2006,126,1048,14.31
2006,126,1118,16.54
2006,126,1148,14.31
2006,126,1218,11.62
2006,126,1248,11.18
2006,126,1318,12.52
2006,126,1348,12.52
2006,126,1418,15.20
2006,126,1448,15.20
2006,126,1518,14.75
2006,126,1548,14.31
2006,126,1618,16.09
2006,126,1648,15.20
2006,126,1718,15.65
2006,126,1748,16.09
2006,126,1818,16.09
2006,126,1848,17.43
2006,126,1918,16.54
2006,126,1948,16.09
2006,126,2018,15.20
2006,126,2048,15.20
2006,126,2118,14.31
2006,126,2148,16.09
2006,126,2218,14.75
2006,126,2248,13.41
2006,126,2318,15.20
2006,126,2348,15.20
2006,127,18,16.54
2006,127,48,16.09
2006,127,118,19.22
2006,127,148,16.99
2006,127,218,19.22
2006,127,248,17.43
2006,127,318,16.09
2006,127,348,15.20
2006,127,418,15.65
2006,127,448,16.09
2006,127,518,16.54
2006,127,548,16.09
2006,127,618,16.99
2006,127,648,15.65
2006,127,718,14.31
2006,127,748,12.96
2006,127,818,13.86
2006,127,848,9.83
2006,127,918,10.73
2006,127,948,13.86
2006,127,1018,10.73
2006,127,1048,10.28
2006,127,1118,14.31
2006,127,1148,10.73
2006,127,1218,11.62
2006,127,1248,10.28
2006,127,1318,8.49
2006,127,1348,8.05
2006,127,1418,8.05
2006,127,1448,10.28
2006,127,1518,10.28
2006,127,1548,14.31
2006,127,1618,17.43
2006,127,1648,16.54
2006,127,1718,18.78
2006,127,1748,21.46
2006,127,1818,19.22
2006,127,1848,22.80
2006,127,1918,21.46
2006,127,1948,21.46
2006,127,2018,21.01
2006,127,2048,19.22
2006,127,2118,20.56
2006,127,2148,21.46
2006,127,2218,22.35
2006,127,2248,21.46
2006,127,2318,22.35
2006,127,2348,25.93
2006,128,18,21.01
2006,128,48,25.03
2006,128,118,22.80
2006,128,148,26.82
2006,128,218,27.27
2006,128,248,27.27
2006,128,318,28.61
2006,128,348,28.16
2006,128,418,26.38
2006,128,448,25.48
2006,128,518,25.93
2006,128,548,24.14
2006,128,618,26.82
2006,128,648,26.38
2006,128,718,22.80
2006,128,748,24.59
2006,128,818,24.59
2006,128,848,21.90
2006,128,918,21.90
2006,128,948,24.14
2006,128,1018,24.59
2006,128,1048,23.25
2006,128,1118,23.25
2006,128,1148,24.14
2006,128,1218,22.35
2006,128,1248,22.35
2006,128,1318,21.90
2006,128,1348,22.80
2006,128,1418,23.25
2006,128,1448,21.90
2006,128,1518,27.27
2006,128,1548,26.82
2006,128,1618,21.46
2006,128,1648,24.59
2006,128,1718,24.14
2006,128,1748,18.78
2006,128,1818,18.78
2006,128,1848,17.43
2006,128,1918,14.31
2006,128,1948,14.31
2006,128,2018,17.43
2006,128,2048,16.99
2006,128,2118,14.31
2006,128,2148,14.31
2006,128,2218,14.31
2006,128,2248,13.86
2006,128,2318,16.09
2006,128,2348,15.20
2006,129,18,16.09
2006,129,48,15.65
2006,129,118,13.86
2006,129,148,14.31
2006,129,218,14.31
2006,129,248,12.96
2006,129,318,11.62
2006,129,348,11.62
2006,129,418,12.07
2006,129,448,10.28
2006,129,518,12.52
2006,129,548,13.41
2006,129,618,12.96
2006,129,648,11.62
2006,129,718,12.96
2006,129,748,14.75
2006,129,818,12.96
2006,129,848,15.20
2006,129,918,12.52
2006,129,948,11.62
2006,129,1018,12.96
2006,129,1048,11.18
2006,129,1118,13.41
2006,129,1148,13.41
2006,129,1218,12.96
2006,129,1248,12.52
2006,129,1318,9.39
2006,129,1348,12.52
2006,129,1418,10.28
2006,129,1448,12.07
2006,129,1518,9.83
2006,129,1548,11.18
2006,129,1618,11.18
2006,129,1648,12.52
2006,129,1718,11.62
2006,129,1748,13.86
2006,129,1818,14.31
2006,129,1848,11.62
2006,129,1918,10.28
2006,129,1948,9.39
2006,129,2018,8.05
2006,129,2048,8.49
2006,129,2118,8.94
2006,129,2148,8.49
2006,129,2218,6.71
2006,129,2248,6.26
2006,129,2318,5.81
2006,129,2348,4.02
2006,130,18,3.13
2006,130,48,3.13
2006,130,118,3.13
2006,130,148,2.24
2006,130,218,2.68
2006,130,248,2.68
2006,130,318,2.24
2006,130,348,2.68
2006,130,418,2.68
2006,130,448,3.13
2006,130,518,3.13
2006,130,548,3.58
2006,130,618,2.68
2006,130,648,3.13
2006,130,718,4.47
2006,130,748,4.92
2006,130,818,4.47
2006,130,848,3.58
2006,130,918,4.47
2006,130,948,5.36
2006,130,1018,3.58
2006,130,1048,3.13
2006,130,1118,4.47
2006,130,1148,4.02
2006,130,1218,1.79
2006,130,1248,1.79
2006,130,1318,2.24
2006,130,1348,3.13
2006,130,1418,2.68
2006,130,1448,1.79
2006,130,1518,2.24
2006,130,1548,5.81
2006,130,1618,3.13
2006,130,1648,4.47
2006,130,1718,7.15
2006,130,1748,5.36
2006,130,1818,6.71
2006,130,1848,5.81
2006,130,1918,5.81
2006,130,1948,4.02
2006,130,2018,1.34
2006,130,2048,0.89
2006,130,2118,0.45
2006,130,2148,1.79
2006,130,2218,1.34
2006,130,2248,0.45
2006,130,2318,1.79
2006,130,2348,2.68
2006,131,18,2.68
2006,131,48,2.24
2006,131,118,0.45
2006,131,148,0.00
2006,131,218,0.00
2006,131,248,2.68
2006,131,318,3.13
2006,131,348,3.58
2006,131,418,4.02
2006,131,448,3.13
2006,131,518,3.58
2006,131,548,0.89
2006,131,618,0.00
2006,131,648,2.24
2006,131,718,0.45
2006,131,748,2.24
2006,131,818,4.92
2006,131,848,4.47
2006,131,918,4.02
2006,131,948,3.13
2006,131,1018,1.79
2006,131,1048,2.24
2006,131,1118,4.02
2006,131,1148,3.58
2006,131,1218,4.92
2006,131,1248,4.47
2006,131,1318,6.26
2006,131,1348,4.47
2006,131,1418,4.47
2006,131,1448,2.24
2006,131,1518,0.45
2006,131,1548,2.68
2006,131,1618,3.58
2006,131,1648,2.24
2006,131,1718,3.58
2006,131,1748,2.24
2006,131,1818,1.79
2006,131,1848,3.13
2006,131,1918,3.13
2006,131,1948,2.68
2006,131,2018,4.02
2006,131,2048,4.92
2006,131,2118,4.92
2006,131,2148,6.26
2006,131,2218,7.15
2006,131,2248,7.60
2006,131,2318,9.83
2006,131,2348,13.41
2006,132,18,7.60
2006,132,48,6.26
2006,132,118,9.39
2006,132,148,9.39
2006,132,218,11.62
2006,132,248,11.18
2006,132,318,9.83
2006,132,348,8.05
2006,132,418,6.71
2006,132,448,5.81
2006,132,518,5.81
2006,132,548,2.68
2006,132,618,1.34
2006,132,648,4.47
2006,132,718,7.60
2006,132,748,10.73
2006,132,818,5.81
2006,132,848,8.05
2006,132,918,6.26
2006,132,948,2.24
2006,132,1018,1.79
2006,132,1048,4.92
2006,132,1118,4.92
2006,132,1148,3.58
2006,132,1218,5.81
2006,132,1248,6.26
2006,132,1318,6.71
2006,132,1348,6.26
2006,132,1418,7.15
2006,132,1448,8.05
2006,132,1518,6.71
2006,132,1548,7.60
2006,132,1618,7.15
2006,132,1648,7.60
2006,132,1718,9.39
2006,132,1748,8.49
2006,132,1818,9.39
2006,132,1848,9.39
2006,132,1918,9.39
2006,132,1948,8.49
2006,132,2018,7.60
2006,132,2048,7.60
2006,132,2118,7.60
2006,132,2148,7.15
2006,132,2218,6.26
2006,132,2248,5.81
2006,132,2318,6.26
2006,132,2348,4.02
2006,133,18,5.36
2006,133,48,4.92
2006,133,118,6.26
2006,133,148,5.36
2006,133,218,4.92
2006,133,248,3.13
2006,133,318,3.13
2006,133,348,3.13
2006,133,418,4.92
2006,133,448,5.81
2006,133,518,4.92
2006,133,548,5.36
2006,133,618,5.36
2006,133,648,5.36
2006,133,718,7.15
2006,133,748,4.92
2006,133,818,4.92
2006,133,848,4.47
2006,133,918,3.13
2006,133,948,5.36
2006,133,1018,2.68
2006,133,1048,4.47
2006,133,1118,2.68
2006,133,1148,4.02
2006,133,1218,2.68
2006,133,1248,1.34
2006,133,1318,1.79
2006,133,1348,4.02
2006,133,1418,0.89
2006,133,1448,3.13
2006,133,1518,2.68
2006,133,1548,2.68
2006,133,1618,4.02
2006,133,1648,3.58
2006,133,1718,3.58
2006,133,1748,4.02
2006,133,1818,4.02
2006,133,1848,1.79
2006,133,1918,4.92
2006,133,1948,3.13
2006,133,2018,3.13
2006,133,2048,2.68
2006,133,2118,2.68
2006,133,2148,2.24
2006,133,2218,2.24
2006,133,2248,1.79
2006,133,2318,4.02
2006,133,2348,4.47
2006,134,18,5.36
2006,134,48,4.92
2006,134,118,4.47
2006,134,148,3.13
2006,134,218,3.58
2006,134,248,6.71
2006,134,318,6.71
2006,134,348,7.15
2006,134,418,7.60
2006,134,448,7.60
2006,134,518,7.60
2006,134,548,8.05
2006,134,618,6.26
2006,134,648,6.71
2006,134,718,8.94
2006,134,748,7.15
2006,134,818,5.81
2006,134,848,5.81
2006,134,918,5.36
2006,134,948,4.92
2006,134,1018,4.92
2006,134,1048,4.47
2006,134,1118,4.92
2006,134,1148,6.71
2006,134,1218,5.81
2006,134,1248,4.47
2006,134,1318,3.58
2006,134,1348,5.81
2006,134,1418,6.26
2006,134,1448,6.71
2006,134,1518,6.71
2006,134,1548,5.81
2006,134,1618,7.60
2006,134,1648,8.49
2006,134,1718,7.60
2006,134,1748,8.49
2006,134,1818,8.05
2006,134,1848,8.05
2006,134,1918,7.15
2006,134,1948,6.71
2006,134,2018,5.81
2006,134,2048,6.71
2006,134,2118,7.15
2006,134,2148,8.94
2006,134,2218,6.26
2006,134,2248,7.60
2006,134,2318,8.05
2006,134,2348,8.05
2006,135,18,7.60
2006,135,48,5.81
2006,135,118,4.47
2006,135,148,4.02
2006,135,218,4.92
2006,135,248,6.26
2006,135,318,6.26
2006,135,348,5.81
2006,135,418,7.15
2006,135,448,6.26
2006,135,518,4.47
2006,135,548,5.36
2006,135,618,4.92
2006,135,648,4.92
2006,135,718,3.58
2006,135,748,4.02
2006,135,818,4.02
2006,135,848,4.47
2006,135,918,4.92
2006,135,948,5.81
2006,135,1018,4.92
2006,135,1048,4.47
2006,135,1118,4.47
2006,135,1148,3.58
2006,135,1218,4.47
2006,135,1248,1.34
2006,135,1318,1.34
2006,135,1348,2.68
2006,135,1418,0.89
2006,135,1448,1.34
2006,135,1518,1.79
2006,135,1548,2.24
2006,135,1618,2.68
2006,135,1648,3.13
2006,135,1718,2.68
2006,135,1748,1.34
2006,135,1818,1.34
2006,135,1848,0.89
2006,135,1918,0.45
2006,135,1948,0.45
2006,135,2018,0.45
2006,135,2048,0.89
2006,135,2118,0.45
2006,135,2148,0.00
2006,135,2218,0.89
2006,135,2248,0.45
2006,135,2318,0.89
2006,135,2348,0.89
2006,136,18,0.45
2006,136,48,2.24
2006,136,118,1.34
2006,136,148,3.58
2006,136,218,3.58
2006,136,248,4.02
2006,136,318,4.02
2006,136,348,5.36
2006,136,418,5.36
2006,136,448,6.26
2006,136,518,6.26
2006,136,548,7.60
2006,136,618,7.15
2006,136,648,8.05
2006,136,718,8.94
2006,136,748,8.49
2006,136,818,7.15
2006,136,848,9.39
2006,136,918,6.26
2006,136,948,6.71
2006,136,1018,7.15
2006,136,1048,7.15
2006,136,1118,8.49
2006,136,1148,5.36
2006,136,1218,4.02
2006,136,1248,7.15
2006,136,1318,7.60
2006,136,1348,8.05
2006,136,1418,8.05
2006,136,1448,6.71
2006,136,1518,6.26
2006,136,1548,7.15
2006,136,1618,7.60
2006,136,1648,7.60
2006,136,1718,7.15
2006,136,1748,9.83
2006,136,1818,5.81
2006,136,1848,8.05
2006,136,1918,7.15
2006,136,1948,6.71
2006,136,2018,6.71
2006,136,2048,5.36
2006,136,2118,8.05
2006,136,2148,10.28
2006,136,2218,7.60
2006,136,2248,7.60
2006,136,2318,5.81
2006,136,2348,6.26
2006,137,18,7.15
2006,137,48,10.28
2006,137,118,10.73
2006,137,148,6.71
2006,137,218,11.18
2006,137,248,10.73
2006,137,318,10.73
2006,137,348,12.07
2006,137,418,13.41
2006,137,448,15.65
2006,137,518,18.33
2006,137,548,16.99
2006,137,618,15.65
2006,137,648,12.96
2006,137,718,12.96
2006,137,748,13.86
2006,137,818,10.73
2006,137,848,10.28
2006,137,918,8.05
2006,137,948,4.02
2006,137,1018,4.02
2006,137,1048,5.36
2006,137,1118,5.81
2006,137,1148,2.68
2006,137,1218,3.58
2006,137,1248,2.68
2006,137,1318,3.58
2006,137,1348,5.81
2006,137,1418,8.05
2006,137,1448,8.49
2006,137,1518,8.49
2006,137,1548,7.60
2006,137,1618,9.39
2006,137,1648,10.28
2006,137,1718,14.31
2006,137,1748,13.41
2006,137,1818,17.43
2006,137,1848,16.99
2006,137,1918,18.78
2006,137,1948,21.90
2006,137,2018,19.22
2006,137,2048,23.25
2006,137,2118,22.80
2006,137,2148,24.59
2006,137,2218,23.69
2006,137,2248,24.14
2006,137,2318,22.35
2006,137,2348,22.35
2006,138,18,20.56
2006,138,48,22.80
2006,138,118,21.46
2006,138,148,23.25
2006,138,218,19.67
2006,138,248,19.67
2006,138,318,21.01
2006,138,348,17.43
2006,138,418,11.62
2006,138,448,14.31
2006,138,518,14.31
2006,138,548,14.31
2006,138,618,13.41
2006,138,648,18.78
2006,138,718,13.86
2006,138,748,15.65
2006,138,818,14.31
2006,138,848,12.96
2006,138,918,20.56
2006,138,948,13.41
2006,138,1018,17.43
2006,138,1048,15.65
2006,138,1118,13.86
2006,138,1148,15.20
2006,138,1218,14.31
2006,138,1248,14.31
2006,138,1318,16.09
2006,138,1348,14.31
2006,138,1418,16.99
2006,138,1448,15.65
2006,138,1518,19.22
2006,138,1548,16.99
2006,138,1618,15.20
2006,138,1648,20.12
2006,138,1718,17.88
2006,138,1748,21.01
2006,138,1818,20.56
2006,138,1848,15.65
2006,138,1918,16.99
2006,138,1948,16.99
2006,138,2018,12.96
2006,138,2048,6.71
2006,138,2118,12.96
2006,138,2148,15.20
2006,138,2218,14.75
2006,138,2248,12.96
2006,138,2318,14.75
2006,138,2348,12.96
2006,139,18,11.62
2006,139,48,11.18
2006,139,118,9.39
2006,139,148,8.05
2006,139,218,5.36
2006,139,248,5.36
2006,139,318,4.92
2006,139,348,6.26
2006,139,418,7.60
2006,139,448,9.39
2006,139,518,8.05
2006,139,548,10.28
2006,139,618,10.73
2006,139,648,11.18
2006,139,718,10.28
2006,139,748,9.83
2006,139,818,9.39
2006,139,848,8.94
2006,139,918,8.49
2006,139,948,8.05
2006,139,1018,7.15
2006,139,1048,6.71
2006,139,1118,5.81
2006,139,1148,2.68
2006,139,1218,7.15
2006,139,1248,5.36
2006,139,1318,3.13
2006,139,1348,4.92
2006,139,1418,6.26
2006,139,1448,5.36
2006,139,1518,5.36
2006,139,1548,4.47
2006,139,1618,5.36
2006,139,1648,4.47
2006,139,1718,4.02
2006,139,1748,1.34
2006,139,1818,3.13
2006,139,1848,4.02
2006,139,1918,3.13
2006,139,1948,2.68
2006,139,2018,2.68
2006,139,2048,1.34
2006,139,2118,3.13
2006,139,2148,2.24
2006,139,2218,2.68
2006,139,2248,3.13
2006,139,2318,4.47
2006,139,2348,3.58
2006,140,18,3.58
2006,140,48,4.47
2006,140,118,5.36
2006,140,148,4.92
2006,140,218,7.15
2006,140,248,6.71
2006,140,318,6.26
2006,140,348,6.26
2006,140,418,8.49
2006,140,448,7.60
2006,140,518,7.15
2006,140,548,6.71
2006,140,618,6.71
2006,140,648,7.60
2006,140,718,6.26
2006,140,748,6.26
2006,140,818,5.81
2006,140,848,6.26
2006,140,918,6.26
2006,140,948,6.71
2006,140,1018,6.71
2006,140,1048,5.81
2006,140,1118,6.26
2006,140,1148,6.26
2006,140,1218,6.71
2006,140,1248,6.26
2006,140,1318,6.26
2006,140,1348,6.26
2006,140,1418,5.36
2006,140,1448,2.68
2006,140,1518,4.92
2006,140,1548,2.68
2006,140,1618,2.68
2006,140,1648,4.47
2006,140,1718,2.68
2006,140,1748,1.34
2006,140,1818,4.02
2006,140,1848,0.45
2006,140,1918,3.13
2006,140,1948,3.13
2006,140,2018,4.92
2006,140,2048,4.02
2006,140,2118,4.47
2006,140,2148,1.34
2006,140,2218,0.45
2006,140,2248,3.13
2006,140,2318,0.89
2006,140,2348,1.79
2006,141,18,4.02
2006,141,48,2.68
2006,141,118,3.58
2006,141,148,4.92
2006,141,218,1.34
2006,141,248,2.24
2006,141,318,2.24
2006,141,348,4.47
2006,141,418,3.58
2006,141,448,3.13
2006,141,518,2.68
2006,141,548,2.24
2006,141,618,2.24
2006,141,648,3.13
2006,141,718,4.47
2006,141,748,4.92
2006,141,818,3.13
2006,141,848,1.79
2006,141,918,3.58
2006,141,948,2.68
2006,141,1018,1.34
2006,141,1048,2.68
2006,141,1118,1.34
2006,141,1148,1.34
2006,141,1218,1.34
2006,141,1248,3.58
2006,141,1318,4.02
2006,141,1348,3.58
2006,141,1418,2.68
2006,141,1448,4.92
2006,141,1518,3.58
2006,141,1548,6.71
2006,141,1618,4.02
2006,141,1648,1.79
2006,141,1718,6.26
2006,141,1748,8.05
2006,141,1818,9.83
2006,141,1848,8.05
2006,141,1918,9.83
2006,141,1948,12.52
2006,141,2018,11.62
2006,141,2048,8.49
2006,141,2118,10.73
2006,141,2148,9.39
2006,141,2218,12.52
2006,141,2248,11.62
2006,141,2318,10.73
2006,141,2348,11.18
2006,142,18,8.49
2006,142,48,9.83
2006,142,118,8.94
2006,142,148,8.49
2006,142,218,10.73
2006,142,248,11.18
2006,142,318,13.41
2006,142,348,12.07
2006,142,418,11.62
2006,142,448,12.07
2006,142,518,10.28
2006,142,548,10.73
2006,142,618,9.39
2006,142,648,10.28
2006,142,718,11.18
2006,142,748,11.18
2006,142,818,8.05
2006,142,848,9.83
2006,142,918,8.49
2006,142,948,10.28
2006,142,1018,9.83
2006,142,1048,9.83
2006,142,1118,8.94
2006,142,1148,10.73
2006,142,1218,8.94
2006,142,1248,8.94
2006,142,1318,9.83
2006,142,1348,8.94
2006,142,1418,10.28
2006,142,1448,8.49
2006,142,1518,8.49
2006,142,1548,8.05
2006,142,1618,11.62
2006,142,1648,8.94
2006,142,1718,8.05
2006,142,1748,7.15
2006,142,1818,6.71
2006,142,1848,11.62
2006,142,1918,8.94
2006,142,1948,7.15
2006,142,2018,6.26
2006,142,2048,6.26
2006,142,2118,5.36
2006,142,2148,5.36
2006,142,2218,2.24
2006,142,2248,2.68
2006,142,2318,2.68
2006,142,2348,6.26
2006,143,18,6.71
2006,143,48,7.15
2006,143,118,9.39
2006,143,148,5.81
2006,143,218,8.49
2006,143,248,10.73
2006,143,318,9.39
2006,143,348,8.94
2006,143,418,12.96
2006,143,448,13.41
2006,143,518,12.96
2006,143,548,13.41
2006,143,618,13.86
2006,143,648,13.86
2006,143,718,12.52
2006,143,748,11.62
2006,143,818,15.20
2006,143,848,12.96
2006,143,918,14.31
2006,143,948,11.62
2006,143,1018,14.31
2006,143,1048,11.62
2006,143,1118,10.28
2006,143,1148,11.18
2006,143,1218,12.52
2006,143,1248,11.62
2006,143,1318,12.07
2006,143,1348,16.09
2006,143,1418,14.75
2006,143,1448,15.65
2006,143,1518,16.99
2006,143,1548,16.09
2006,143,1618,13.41
2006,143,1648,15.65
2006,143,1718,12.52
2006,143,1748,16.09
2006,143,1818,14.75
2006,143,1848,16.54
2006,143,1918,16.99
2006,143,1948,16.09
2006,143,2018,16.54
2006,143,2048,14.75
2006,143,2118,17.43
2006,143,2148,20.12
2006,143,2218,17.43
2006,143,2248,15.65
2006,143,2318,16.99
2006,143,2348,17.43
2006,144,18,16.09
2006,144,48,17.88
2006,144,118,19.67
2006,144,148,17.88
2006,144,218,15.65
2006,144,248,14.75
2006,144,318,15.20
2006,144,348,15.65
2006,144,418,16.09
2006,144,448,16.99
2006,144,518,14.31
2006,144,548,17.43
2006,144,618,17.43
2006,144,648,16.54
2006,144,718,17.88
2006,144,748,16.09
2006,144,818,13.86
2006,144,848,16.99
2006,144,918,16.99
2006,144,948,14.75
2006,144,1018,16.54
2006,144,1048,18.33
2006,144,1118,18.78
2006,144,1148,19.22
2006,144,1218,18.33
2006,144,1248,17.88
2006,144,1318,19.67
2006,144,1348,24.14
2006,144,1418,21.90
2006,144,1448,23.25
2006,144,1518,22.35
2006,144,1548,25.03
2006,144,1618,23.25
2006,144,1648,21.01
2006,144,1718,21.46
2006,144,1748,19.67
2006,144,1818,20.12
2006,144,1848,17.88
2006,144,1918,18.78
2006,144,1948,15.20
2006,144,2018,13.86
2006,144,2048,12.96
2006,144,2118,16.99
2006,144,2148,16.09
2006,144,2218,16.99
2006,144,2248,16.09
2006,144,2318,15.65
2006,144,2348,16.54
2006,145,18,16.09
2006,145,48,15.20
2006,145,118,17.88
2006,145,148,16.54
2006,145,218,19.67
2006,145,248,14.31
2006,145,318,15.65
2006,145,348,17.43
2006,145,418,16.99
2006,145,448,19.67
2006,145,518,18.33
2006,145,548,15.20
2006,145,618,15.65
2006,145,648,17.43
2006,145,718,16.99
2006,145,748,15.65
2006,145,818,13.86
2006,145,848,13.86
2006,145,918,14.31
2006,145,948,15.20
2006,145,1018,12.52
2006,145,1048,14.75
2006,145,1118,12.96
2006,145,1148,17.88
2006,145,1218,16.99
2006,145,1248,13.41
2006,145,1318,15.20
2006,145,1348,12.07
2006,145,1418,12.52
2006,145,1448,18.33
2006,145,1518,16.99
2006,145,1548,16.09
2006,145,1618,15.20
2006,145,1648,12.96
2006,145,1718,15.65
2006,145,1748,12.07
2006,145,1818,10.73
2006,145,1848,13.41
2006,145,1918,13.86
2006,145,1948,11.62
2006,145,2018,12.07
2006,145,2048,10.28
2006,145,2118,10.73
2006,145,2148,9.39
2006,145,2218,6.26
2006,145,2248,6.26
2006,145,2318,6.26
2006,145,2348,5.81
2006,146,18,3.58
2006,146,48,0.89
2006,146,118,1.79
2006,146,148,1.79
2006,146,218,0.89
2006,146,248,4.47
2006,146,318,2.68
2006,146,348,4.47
2006,146,418,5.81
2006,146,448,6.71
2006,146,518,4.92
2006,146,548,4.02
2006,146,618,5.81
2006,146,648,5.36
2006,146,718,8.05
2006,146,748,10.28
2006,146,818,10.73
2006,146,848,12.52
2006,146,918,12.96
2006,146,948,12.07
2006,146,1018,11.18
2006,146,1048,12.96
2006,146,1118,11.18
2006,146,1148,12.52
2006,146,1218,13.41
2006,146,1248,10.28
2006,146,1318,10.28
2006,146,1348,10.28
2006,146,1418,12.52
2006,146,1448,12.52
2006,146,1518,12.96
2006,146,1548,13.41
2006,146,1618,15.20
2006,146,1648,20.56
2006,146,1718,18.33
2006,146,1748,18.78
2006,146,1818,27.72
2006,146,1848,26.38
2006,146,1918,26.38
2006,146,1948,23.69
2006,146,2018,24.14
2006,146,2048,23.69
2006,146,2118,23.69
2006,146,2148,16.54
2006,146,2218,17.88
2006,146,2248,19.22
2006,146,2318,15.20
2006,146,2348,16.09
2006,147,18,17.43
2006,147,48,16.99
2006,147,118,17.43
2006,147,148,19.22
2006,147,218,15.20
2006,147,248,19.22
2006,147,318,18.78
2006,147,348,21.46
2006,147,418,17.88
2006,147,448,19.22
2006,147,518,25.48
2006,147,548,23.69
2006,147,618,25.03
2006,147,648,20.12
2006,147,718,16.54
2006,147,748,15.20
2006,147,818,15.65
2006,147,848,15.20
2006,147,918,12.52
2006,147,948,10.28
2006,147,1018,14.75
2006,147,1048,12.52
2006,147,1118,9.83
2006,147,1148,19.67
2006,147,1218,21.01
2006,147,1248,18.78
2006,147,1318,17.43
2006,147,1348,16.54
2006,147,1418,18.33
2006,147,1448,23.25
2006,147,1518,18.33
2006,147,1548,14.75
2006,147,1618,16.09
2006,147,1648,17.43
2006,147,1718,19.22
2006,147,1748,21.90
2006,147,1818,20.12
2006,147,1848,21.90
2006,147,1918,19.67
2006,147,1948,19.22
2006,147,2018,19.22
2006,147,2048,21.01
2006,147,2118,21.90
2006,147,2148,22.35
2006,147,2218,21.46
2006,147,2248,20.56
2006,147,2318,21.46
2006,147,2348,18.33
2006,148,18,21.46
2006,148,48,25.48
2006,148,118,21.46
2006,148,148,21.46
2006,148,218,21.01
2006,148,248,22.35
2006,148,318,21.01
2006,148,348,22.35
2006,148,418,23.25
2006,148,448,24.14
2006,148,518,23.25
2006,148,548,22.35
2006,148,618,23.69
2006,148,648,24.59
2006,148,718,22.80
2006,148,748,22.80
2006,148,818,21.46
2006,148,848,19.67
2006,148,918,21.46
2006,148,948,20.56
2006,148,1018,23.25
2006,148,1048,21.46
2006,148,1118,21.01
2006,148,1148,21.01
2006,148,1218,21.90
2006,148,1248,21.46
2006,148,1318,20.56
2006,148,1348,23.25
2006,148,1418,18.78
2006,148,1448,18.33
2006,148,1518,18.33
2006,148,1548,17.43
2006,148,1618,16.09
2006,148,1648,16.54
2006,148,1718,16.99
2006,148,1748,14.75
2006,148,1818,17.88
2006,148,1848,16.09
2006,148,1918,15.20
2006,148,1948,15.65
2006,148,2018,12.07
2006,148,2048,11.62
2006,148,2118,13.86
2006,148,2148,13.41
2006,148,2218,12.96
2006,148,2248,12.96
2006,148,2318,11.62
2006,148,2348,11.62
2006,149,18,12.07
2006,149,48,10.73
2006,149,118,10.73
2006,149,148,13.86
2006,149,218,12.52
2006,149,248,12.07
2006,149,318,8.49
2006,149,348,7.15
2006,149,418,5.81
2006,149,448,8.05
2006,149,518,8.05
2006,149,548,8.05
2006,149,618,11.62
2006,149,648,11.62
2006,149,718,12.07
2006,149,748,12.07
2006,149,818,14.75
2006,149,848,12.52
2006,149,918,14.31
2006,149,948,16.09
2006,149,1018,12.96
2006,149,1048,13.86
2006,149,1118,16.09
2006,149,1148,13.86
2006,149,1218,15.65
2006,149,1248,15.20
2006,149,1318,16.09
2006,149,1348,12.52
2006,149,1418,13.41
2006,149,1448,14.31
2006,149,1518,14.75
2006,149,1548,13.86
2006,149,1618,12.96
2006,149,1648,14.31
2006,149,1718,16.09
2006,149,1748,14.31
2006,149,1818,15.20
2006,149,1848,14.75
2006,149,1918,12.96
2006,149,1948,12.52
2006,149,2018,12.96
2006,149,2048,13.41
2006,149,2118,12.52
2006,149,2148,12.96
2006,149,2218,14.31
2006,149,2248,14.31
2006,149,2318,14.31
2006,149,2348,14.31
2006,150,18,15.20
2006,150,48,16.54
2006,150,118,14.31
2006,150,148,14.75
2006,150,218,13.41
2006,150,248,12.96
2006,150,318,13.41
2006,150,348,12.07
2006,150,418,14.31
2006,150,448,12.52
2006,150,518,12.07
2006,150,548,12.07
2006,150,618,13.86
2006,150,648,14.31
2006,150,718,14.75
2006,150,748,13.86
2006,150,818,14.31
2006,150,848,12.52
2006,150,918,12.96
2006,150,948,16.99
2006,150,1018,15.20
2006,150,1048,12.52
2006,150,1118,16.54
2006,150,1148,12.96
2006,150,1218,16.09
2006,150,1248,10.28
2006,150,1318,10.28
2006,150,1348,14.31
2006,150,1418,13.86
2006,150,1448,12.07
2006,150,1518,13.41
2006,150,1548,15.20
2006,150,1618,15.20
2006,150,1648,15.20
2006,150,1718,15.65
2006,150,1748,13.41
2006,150,1818,11.18
2006,150,1848,13.41
2006,150,1918,12.07
2006,150,1948,10.73
2006,150,2018,14.31
2006,150,2048,12.96
2006,150,2118,11.18
2006,150,2148,13.41
2006,150,2218,11.62
2006,150,2248,14.31
2006,150,2318,11.18
2006,150,2348,12.07
2006,151,18,10.73
2006,151,48,10.73
2006,151,118,10.73
2006,151,148,11.18
2006,151,218,8.49
2006,151,248,9.39
2006,151,318,9.83
2006,151,348,10.28
2006,151,418,8.49
2006,151,448,8.94
2006,151,518,7.60
2006,151,548,7.60
2006,151,618,6.26
2006,151,648,6.26
2006,151,718,8.05
2006,151,748,5.81
2006,151,818,4.47
2006,151,848,4.02
2006,151,918,3.13
2006,151,948,4.92
2006,151,1018,4.02
2006,151,1048,3.13
2006,151,1118,4.02
2006,151,1148,5.81
2006,151,1218,6.26
2006,151,1248,6.71
2006,151,1318,4.02
2006,151,1348,6.26
2006,151,1418,9.83
2006,151,1448,7.15
2006,151,1518,7.15
2006,151,1548,6.26
2006,151,1618,9.83
2006,151,1648,11.18
2006,151,1718,10.28
2006,151,1748,6.26
2006,151,1818,8.94
2006,151,1848,10.73
2006,151,1918,11.18
2006,151,1948,8.94
2006,151,2018,9.39
2006,151,2048,10.73
2006,151,2118,13.41
2006,151,2148,14.31
2006,151,2218,16.09
2006,151,2248,16.09
2006,151,2318,14.31
2006,151,2348,13.41
2006,152,18,13.41
2006,152,48,16.99
2006,152,118,17.43
2006,152,148,16.09
2006,152,218,16.99
2006,152,248,16.54
2006,152,318,16.99
2006,152,348,17.88
2006,152,418,15.65
2006,152,448,16.09
2006,152,518,14.75
2006,152,548,13.86
2006,152,618,15.65
2006,152,648,14.31
2006,152,718,11.62
2006,152,748,15.20
2006,152,818,13.86
2006,152,848,14.31
2006,152,918,16.09
2006,152,948,14.31
2006,152,1018,15.65
2006,152,1048,14.75
2006,152,1118,13.41
2006,152,1148,15.65
2006,152,1218,13.86
2006,152,1248,15.65
2006,152,1318,14.31
2006,152,1348,13.86
2006,152,1418,15.65
2006,152,1448,13.41
2006,152,1518,12.52
2006,152,1548,10.28
2006,152,1618,8.94
2006,152,1648,10.28
2006,152,1718,9.39
2006,152,1748,9.83
2006,152,1818,9.83
2006,152,1848,7.15
2006,152,1918,5.36
2006,152,1948,6.71
2006,152,2018,3.13
2006,152,2048,4.92
2006,152,2118,6.71
2006,152,2148,5.81
2006,152,2218,4.47
2006,152,2248,6.26
2006,152,2318,8.49
2006,152,2348,8.49
2006,153,18,6.71
2006,153,48,4.47
2006,153,118,1.34
2006,153,148,5.36
2006,153,218,7.60
2006,153,248,12.07
2006,153,318,13.41
2006,153,348,13.41
2006,153,418,8.05
2006,153,448,9.39
2006,153,518,11.18
2006,153,548,11.18
2006,153,618,14.75
2006,153,648,13.41
2006,153,718,12.07
2006,153,748,6.71
2006,153,818,14.31
2006,153,848,14.31
2006,153,918,12.96
2006,153,948,13.41
2006,153,1018,19.22
2006,153,1048,15.20
2006,153,1118,13.86
2006,153,1148,16.09
2006,153,1218,18.78
2006,153,1248,15.65
2006,153,1318,14.75
2006,153,1348,16.09
2006,153,1418,14.31
2006,153,1448,15.20
2006,153,1518,12.96
2006,153,1548,12.52
2006,153,1618,13.41
2006,153,1648,14.75
2006,153,1718,15.20
2006,153,1748,15.20
2006,153,1818,15.20
2006,153,1848,14.75
2006,153,1918,13.86
2006,153,1948,11.18
2006,153,2018,16.09
2006,153,2048,15.65
2006,153,2118,13.86
2006,153,2148,12.96
2006,153,2218,13.86
2006,153,2248,16.99
2006,153,2318,19.67
2006,153,2348,18.33
2006,154,18,16.09
2006,154,48,15.65
2006,154,118,19.22
2006,154,148,18.33
2006,154,218,17.88
2006,154,248,16.54
2006,154,318,17.88
2006,154,348,19.22
2006,154,418,21.46
2006,154,448,18.78
2006,154,518,16.99
2006,154,548,18.78
2006,154,618,18.33
2006,154,648,18.33
2006,154,718,18.33
2006,154,748,17.43
2006,154,818,19.22
2006,154,848,17.88
2006,154,918,16.54
2006,154,948,15.65
2006,154,1018,14.31
2006,154,1048,15.65
2006,154,1118,12.96
2006,154,1148,11.18
2006,154,1218,9.83
2006,154,1248,10.28
2006,154,1318,12.52
2006,154,1348,11.18
2006,154,1418,14.31
2006,154,1448,13.41
2006,154,1518,13.41
2006,154,1548,13.41
2006,154,1618,12.07
2006,154,1648,10.28
2006,154,1718,10.73
2006,154,1748,9.83
2006,154,1818,8.49
2006,154,1848,8.94
2006,154,1918,9.39
2006,154,1948,8.05
2006,154,2018,7.60
2006,154,2048,8.94
2006,154,2118,9.39
2006,154,2148,8.94
2006,154,2218,6.26
2006,154,2248,6.26
2006,154,2318,4.92
2006,154,2348,6.71
2006,155,18,6.71
2006,155,48,7.60
2006,155,118,10.28
2006,155,148,11.18
2006,155,218,8.94
2006,155,248,10.28
2006,155,318,10.28
2006,155,348,10.73
2006,155,418,10.73
2006,155,448,10.28
2006,155,518,10.28
2006,155,548,8.94
2006,155,618,9.83
2006,155,648,5.81
2006,155,718,5.81
2006,155,748,6.26
2006,155,818,5.81
2006,155,848,4.47
2006,155,918,3.58
2006,155,948,4.02
2006,155,1018,4.02
2006,155,1048,3.13
2006,155,1118,2.24
2006,155,1148,3.13
2006,155,1218,2.24
2006,155,1248,2.24
2006,155,1318,0.89
2006,155,1348,2.68
2006,155,1418,4.02
2006,155,1448,4.92
2006,155,1518,3.58
2006,155,1548,4.92
2006,155,1618,2.68
2006,155,1648,4.02
2006,155,1718,2.68
2006,155,1748,4.02
2006,155,1818,3.58
2006,155,1848,4.47
2006,155,1918,3.58
2006,155,1948,1.34
2006,155,2018,2.68
2006,155,2048,2.68
2006,155,2118,3.13
2006,155,2148,4.92
2006,155,2218,4.47
2006,155,2248,5.36
2006,155,2318,1.79
2006,155,2348,2.24
2006,156,18,1.79
2006,156,48,0.45
2006,156,118,1.79
2006,156,148,1.79
2006,156,218,1.34
2006,156,248,3.13
2006,156,318,2.24
2006,156,348,3.13
2006,156,418,2.68
2006,156,448,2.24
2006,156,518,2.24
2006,156,548,2.24
2006,156,618,0.45
2006,156,648,0.89
2006,156,718,0.45
2006,156,748,1.79
2006,156,818,1.79
2006,156,848,1.79
2006,156,918,0.45
2006,156,948,1.79
2006,156,1018,0.89
2006,156,1048,2.24
2006,156,1118,2.24
2006,156,1148,3.13
2006,156,1218,2.24
2006,156,1248,1.34
2006,156,1318,2.24
2006,156,1348,1.34
2006,156,1418,1.34
2006,156,1448,2.68
2006,156,1518,1.79
2006,156,1548,2.24
2006,156,1618,2.68
2006,156,1648,3.58
2006,156,1718,4.92
2006,156,1748,0.45
2006,156,1818,1.79
2006,156,1848,2.24
2006,156,1918,4.02
2006,156,1948,3.58
2006,156,2018,6.71
2006,156,2048,7.15
2006,156,2118,8.05
2006,156,2148,7.60
2006,156,2218,6.26
2006,156,2248,6.71
2006,156,2318,4.92
2006,156,2348,5.81
2006,157,18,4.47
2006,157,48,4.47
2006,157,118,3.13
2006,157,148,4.47
2006,157,218,3.13
2006,157,248,5.36
2006,157,318,5.81
2006,157,348,5.81
2006,157,418,8.49
2006,157,448,8.05
2006,157,518,7.15
2006,157,548,8.05
2006,157,618,8.49
2006,157,648,8.05
2006,157,718,7.15
2006,157,748,7.15
2006,157,818,8.05
2006,157,848,9.83
2006,157,918,8.49
2006,157,948,7.15
2006,157,1018,8.05
2006,157,1048,6.26
2006,157,1118,8.49
2006,157,1148,9.83
2006,157,1218,7.60
2006,157,1248,8.94
2006,157,1318,11.62
2006,157,1348,11.62
2006,157,1418,11.62
2006,157,1448,10.73
2006,157,1518,11.18
2006,157,1548,11.62
2006,157,1618,12.52
2006,157,1648,11.18
2006,157,1718,9.83
2006,157,1748,8.49
2006,157,1818,6.26
2006,157,1848,9.39
2006,157,1918,8.49
2006,157,1948,7.60
2006,157,2018,5.81
2006,157,2048,8.05
2006,157,2118,8.49
2006,157,2148,7.15
2006,157,2218,9.39
2006,157,2248,9.39
2006,157,2318,6.26
2006,157,2348,6.26
2006,158,18,5.81
2006,158,48,5.81
2006,158,118,4.92
2006,158,148,7.15
2006,158,218,5.81
2006,158,248,4.92
2006,158,318,5.36
2006,158,348,6.71
2006,158,418,5.81
2006,158,448,4.92
2006,158,518,5.36
2006,158,548,4.92
2006,158,618,5.36
2006,158,648,5.81
2006,158,718,3.13
2006,158,748,0.89
2006,158,818,2.24
2006,158,848,2.24
2006,158,918,3.13
2006,158,948,3.13
2006,158,1018,4.47
2006,158,1048,4.92
2006,158,1118,4.92
2006,158,1148,4.02
2006,158,1218,2.68
2006,158,1248,2.24
2006,158,1318,2.68
2006,158,1348,1.34
2006,158,1418,4.02
2006,158,1448,3.58
2006,158,1518,1.79
2006,158,1548,4.02
2006,158,1618,3.13
2006,158,1648,0.45
2006,158,1718,4.92
2006,158,1748,2.68
2006,158,1818,5.81
2006,158,1848,3.58
2006,158,1918,3.13
2006,158,1948,4.47
2006,158,2018,5.36
2006,158,2048,6.26
2006,158,2118,6.71
2006,158,2148,6.26
2006,158,2218,4.02
2006,158,2248,6.26
2006,158,2318,5.81
2006,158,2348,6.26
2006,159,18,7.60
2006,159,48,7.15
2006,159,118,6.71
2006,159,148,8.94
2006,159,218,5.81
2006,159,248,5.81
2006,159,318,7.60
2006,159,348,9.83
2006,159,418,7.60
2006,159,448,6.71
2006,159,518,3.58
2006,159,548,3.13
2006,159,618,1.79
2006,159,648,4.02
2006,159,718,4.47
2006,159,748,3.58
2006,159,818,4.47
2006,159,848,4.02
2006,159,918,0.89
2006,159,948,2.68
2006,159,1018,1.79
2006,159,1048,0.89
2006,159,1118,0.89
2006,159,1148,2.68
2006,159,1218,2.24
2006,159,1248,3.13
2006,159,1318,4.02
2006,159,1348,2.68
2006,159,1418,3.58
2006,159,1448,3.58
2006,159,1518,4.02
2006,159,1548,4.47
2006,159,1618,4.47
2006,159,1648,5.36
2006,159,1718,6.26
2006,159,1748,3.58
2006,159,1818,4.47
2006,159,1848,4.02
2006,159,1918,3.58
2006,159,1948,3.13
2006,159,2018,2.24
2006,159,2048,1.34
2006,159,2118,1.79
2006,159,2148,3.58
2006,159,2218,3.13
2006,159,2248,1.79
2006,159,2318,3.13
2006,159,2348,3.13
2006,160,18,2.68
2006,160,48,2.68
2006,160,118,1.34
2006,160,148,0.89
2006,160,218,1.79
2006,160,248,2.68
2006,160,318,2.24
2006,160,348,2.24
2006,160,418,3.13
2006,160,448,3.13
2006,160,518,4.02
2006,160,548,5.81
2006,160,618,6.71
2006,160,648,6.26
2006,160,718,4.47
2006,160,748,7.15
2006,160,818,8.05
2006,160,848,9.39
2006,160,918,9.83
2006,160,948,10.73
2006,160,1018,12.07
2006,160,1048,12.52
2006,160,1118,10.28
2006,160,1148,11.62
2006,160,1218,12.96
2006,160,1248,12.52
2006,160,1318,11.62
2006,160,1348,8.05
2006,160,1418,8.49
2006,160,1448,12.07
2006,160,1518,10.73
2006,160,1548,11.62
2006,160,1618,11.62
2006,160,1648,10.28
2006,160,1718,11.62
2006,160,1748,9.83
2006,160,1818,8.49
2006,160,1848,10.28
2006,160,1918,8.94
2006,160,1948,8.05
2006,160,2018,9.83
2006,160,2048,10.28
2006,160,2118,10.28
2006,160,2148,10.28
2006,160,2218,9.83
2006,160,2248,14.75
2006,160,2318,12.96
2006,160,2348,13.86
2006,161,18,12.07
2006,161,48,13.41
2006,161,118,13.41
2006,161,148,16.09
2006,161,218,15.65
2006,161,248,17.88
2006,161,318,12.52
2006,161,348,16.54
2006,161,418,14.75
2006,161,448,13.86
2006,161,518,16.54
2006,161,548,18.33
2006,161,618,18.33
2006,161,648,15.20
2006,161,718,17.88
2006,161,748,19.22
2006,161,818,17.43
2006,161,848,16.99
2006,161,918,18.78
2006,161,948,22.80
2006,161,1018,26.38
2006,161,1048,28.16
2006,161,1118,28.61
2006,161,1148,27.27
2006,161,1218,29.50
2006,161,1248,32.19
2006,161,1318,29.50
2006,161,1348,32.19
2006,161,1418,31.74
2006,161,1448,30.40
2006,161,1518,32.63
2006,161,1548,29.95
2006,161,1618,27.27
2006,161,1648,25.93
2006,161,1718,23.25
2006,161,1748,22.80
2006,161,1818,21.01
2006,161,1848,20.56
2006,161,1918,20.56
2006,161,1948,21.90
2006,161,2018,18.78
2006,161,2048,16.54
2006,161,2118,15.65
2006,161,2148,17.43
2006,161,2218,16.09
2006,161,2248,16.99
2006,161,2318,15.20
2006,161,2348,14.75
2006,162,18,14.75
2006,162,48,15.20
2006,162,118,15.20
2006,162,148,15.65
2006,162,218,15.65
2006,162,248,18.33
2006,162,318,18.78
2006,162,348,19.67
2006,162,418,17.88
2006,162,448,15.65
2006,162,518,15.65
2006,162,548,16.99
2006,162,618,16.54
2006,162,648,16.54
2006,162,718,16.99
2006,162,748,19.67
2006,162,818,14.75
2006,162,848,19.67
2006,162,918,22.35
2006,162,948,16.99
2006,162,1018,16.99
2006,162,1048,18.78
2006,162,1118,20.12
2006,162,1148,20.12
2006,162,1218,16.99
2006,162,1248,17.88
2006,162,1318,17.88
2006,162,1348,20.56
2006,162,1418,17.88
2006,162,1448,17.88
2006,162,1518,21.01
2006,162,1548,20.56
2006,162,1618,15.20
2006,162,1648,17.43
2006,162,1718,16.99
2006,162,1748,17.43
2006,162,1818,18.33
2006,162,1848,18.78
2006,162,1918,19.67
2006,162,1948,18.33
2006,162,2018,17.88
2006,162,2048,14.75
2006,162,2118,18.33
2006,162,2148,21.46
2006,162,2218,25.48
2006,162,2248,25.03
2006,162,2318,25.93
2006,162,2348,23.69
2006,163,18,22.80
2006,163,48,21.90
2006,163,118,17.88
2006,163,148,17.88
2006,163,218,16.54
2006,163,248,15.65
2006,163,318,14.75
2006,163,348,17.88
2006,163,418,19.67
2006,163,448,19.67
2006,163,518,21.01
2006,163,548,19.22
2006,163,618,19.22
2006,163,648,21.01
2006,163,718,18.33
2006,163,748,20.56
2006,163,818,19.67
2006,163,848,22.35
2006,163,918,21.90
2006,163,948,25.48
2006,163,1018,24.14
2006,163,1048,25.03
2006,163,1118,26.38
2006,163,1148,28.61
2006,163,1218,22.35
2006,163,1248,21.46
2006,163,1318,21.90
2006,163,1348,26.38
2006,163,1418,29.06
2006,163,1448,24.59
2006,163,1518,24.14
2006,163,1548,17.43
2006,163,1618,14.75
2006,163,1648,16.99
2006,163,1718,16.99
2006,163,1748,17.88
2006,163,1818,17.88
2006,163,1848,18.33
2006,163,1918,21.01
2006,163,1948,18.33
2006,163,2018,24.59
2006,163,2048,24.14
2006,163,2118,24.14
2006,163,2148,25.48
2006,163,2218,25.03
2006,163,2248,29.06
2006,163,2318,26.38
2006,163,2348,26.38
2006,164,18,26.38
2006,164,48,27.72
2006,164,118,27.72
2006,164,148,24.14
2006,164,218,25.03
2006,164,248,26.38
2006,164,318,20.12
2006,164,348,17.88
2006,164,418,17.88
2006,164,448,16.54
2006,164,518,21.46
2006,164,548,21.90
2006,164,618,14.31
2006,164,648,14.75
2006,164,718,11.18
2006,164,748,16.99
2006,164,818,18.78
2006,164,848,21.01
2006,164,918,18.78
2006,164,948,14.31
2006,164,1018,13.41
2006,164,1048,13.41
2006,164,1118,11.18
2006,164,1148,12.96
2006,164,1218,12.07
2006,164,1248,13.86
2006,164,1318,14.75
2006,164,1348,13.86
2006,164,1418,10.28
2006,164,1448,9.83
2006,164,1518,10.73
2006,164,1548,10.73
2006,164,1618,12.07
2006,164,1648,11.18
2006,164,1718,11.62
2006,164,1748,9.83
2006,164,1818,9.83
2006,164,1848,8.05
2006,164,1918,6.26
2006,164,1948,4.92
2006,164,2018,4.02
2006,164,2048,2.24
2006,164,2118,1.79
2006,164,2148,4.47
2006,164,2218,3.58
2006,164,2248,3.58
2006,164,2318,2.68
2006,164,2348,1.79
2006,165,18,2.68
2006,165,48,3.13
2006,165,118,2.24
2006,165,148,0.89
2006,165,218,0.89
2006,165,248,1.34
2006,165,318,1.34
2006,165,348,1.34
2006,165,418,0.45
2006,165,448,0.00
2006,165,518,0.00
2006,165,548,1.79
2006,165,618,3.13
2006,165,648,1.79
2006,165,718,0.45
2006,165,748,3.58
2006,165,818,3.13
2006,165,848,2.68
2006,165,918,3.58
2006,165,948,2.68
2006,165,1018,5.81
2006,165,1048,3.13
2006,165,1118,2.68
2006,165,1148,0.89
2006,165,1218,6.71
2006,165,1248,5.81
2006,165,1318,5.81
2006,165,1348,5.81
2006,165,1418,6.26
2006,165,1448,5.81
2006,165,1518,4.92
2006,165,1548,6.71
2006,165,1618,5.36
2006,165,1648,5.81
2006,165,1718,5.81
2006,165,1748,4.92
2006,165,1818,4.92
2006,165,1848,6.26
2006,165,1918,5.81
2006,165,1948,5.81
2006,165,2018,5.81
2006,165,2048,4.47
2006,165,2118,4.47
2006,165,2148,5.36
2006,165,2218,4.02
2006,165,2248,4.92
2006,165,2318,4.02
2006,165,2348,4.92
2006,166,18,3.58
2006,166,48,4.47
2006,166,118,4.02
2006,166,148,5.81
2006,166,218,6.71
2006,166,248,4.92
2006,166,318,5.36
2006,166,348,3.58
2006,166,418,4.02
2006,166,448,4.92
2006,166,518,1.34
2006,166,548,2.24
2006,166,618,3.13
2006,166,648,3.13
2006,166,718,3.58
2006,166,748,1.34
2006,166,818,1.79
2006,166,848,3.13
2006,166,918,3.13
2006,166,948,4.02
2006,166,1018,4.02
2006,166,1048,3.58
2006,166,1118,4.92
2006,166,1148,4.02
2006,166,1218,4.02
2006,166,1248,4.02
2006,166,1318,3.13
2006,166,1348,4.47
2006,166,1418,4.02
2006,166,1448,1.34
2006,166,1518,2.68
2006,166,1548,4.92
2006,166,1618,3.58
2006,166,1648,2.68
2006,166,1718,1.34
2006,166,1748,2.68
2006,166,1818,1.79
2006,166,1848,0.89
2006,166,1918,1.34
2006,166,1948,2.24
2006,166,2018,2.68
2006,166,2048,4.92
2006,166,2118,7.15
2006,166,2148,6.71
2006,166,2218,4.47
2006,166,2248,4.92
2006,166,2318,5.36
2006,166,2348,6.71
2006,167,18,7.15
2006,167,48,8.05
2006,167,118,9.83
2006,167,148,9.83
2006,167,218,8.49
2006,167,248,9.39
2006,167,318,10.73
2006,167,348,10.73
2006,167,418,9.39
2006,167,448,11.18
2006,167,518,8.94
2006,167,548,7.60
2006,167,618,10.28
2006,167,648,12.96
2006,167,718,12.52
2006,167,748,12.07
2006,167,818,12.96
2006,167,848,12.52
2006,167,918,13.86
2006,167,948,10.28
2006,167,1018,9.83
2006,167,1048,7.15
2006,167,1118,8.94
2006,167,1148,8.94
2006,167,1218,10.73
2006,167,1248,9.83
2006,167,1318,7.60
2006,167,1348,8.49
2006,167,1418,5.81
2006,167,1448,6.71
2006,167,1518,6.71
2006,167,1548,7.60
2006,167,1618,7.60
2006,167,1648,7.15
2006,167,1718,6.26
2006,167,1748,5.81
2006,167,1818,5.36
2006,167,1848,5.36
2006,167,1918,3.58
2006,167,1948,4.47
2006,167,2018,3.13
2006,167,2048,3.13
2006,167,2118,3.13
2006,167,2148,4.92
2006,167,2218,3.13
2006,167,2248,3.13
2006,167,2318,3.13
2006,167,2348,2.68
2006,168,18,4.02
2006,168,48,4.92
2006,168,118,2.68
2006,168,148,4.92
2006,168,218,8.05
2006,168,248,7.15
2006,168,318,8.05
2006,168,348,10.73
2006,168,418,11.18
2006,168,448,12.96
2006,168,518,11.18
2006,168,548,9.39
2006,168,618,10.73
2006,168,648,9.39
2006,168,718,10.28
2006,168,748,10.73
2006,168,818,9.83
2006,168,848,10.28
2006,168,918,11.62
2006,168,948,12.52
2006,168,1018,13.86
2006,168,1048,11.62
2006,168,1118,13.86
2006,168,1148,11.62
2006,168,1218,15.65
2006,168,1248,11.18
2006,168,1318,11.18
2006,168,1348,17.43
2006,168,1418,14.75
2006,168,1448,16.99
2006,168,1518,16.99
2006,168,1548,16.09
2006,168,1618,16.99
2006,168,1648,16.09
2006,168,1718,14.31
2006,168,1748,16.09
2006,168,1818,15.20
2006,168,1848,16.09
2006,168,1918,14.75
2006,168,1948,17.88
2006,168,2018,14.75
2006,168,2048,18.33
2006,168,2118,16.09
2006,168,2148,16.09
2006,168,2218,18.78
2006,168,2248,16.99
2006,168,2318,19.67
2006,168,2348,19.67
2006,169,18,15.65
2006,169,48,16.09
2006,169,118,15.65
2006,169,148,15.65
2006,169,218,15.65
2006,169,248,16.09
2006,169,318,16.09
2006,169,348,12.96
2006,169,418,12.52
2006,169,448,11.18
2006,169,518,13.41
2006,169,548,6.71
2006,169,618,8.49
2006,169,648,12.52
2006,169,718,9.83
2006,169,748,8.49
2006,169,818,10.73
2006,169,848,12.52
2006,169,918,11.18
2006,169,948,8.05
2006,169,1018,8.05
2006,169,1048,4.92
2006,169,1118,5.36
2006,169,1148,4.47
2006,169,1218,4.47
2006,169,1248,6.71
2006,169,1318,7.15
2006,169,1348,7.60
2006,169,1418,10.73
2006,169,1448,7.60
2006,169,1518,6.71
2006,169,1548,8.49
2006,169,1618,7.60
2006,169,1648,9.83
2006,169,1718,7.60
2006,169,1748,6.71
2006,169,1818,7.15
2006,169,1848,6.26
2006,169,1918,6.71
2006,169,1948,6.26
2006,169,2018,6.26
2006,169,2048,6.26
2006,169,2118,5.36
2006,169,2148,5.81
2006,169,2218,6.26
2006,169,2248,6.71
2006,169,2318,11.62
2006,169,2348,10.28
2006,170,18,9.39
2006,170,48,10.28
2006,170,118,7.15
2006,170,148,8.49
2006,170,218,9.83
2006,170,248,10.73
2006,170,318,8.94
2006,170,348,8.05
2006,170,418,7.60
2006,170,448,5.81
2006,170,518,3.13
2006,170,548,2.24
2006,170,618,3.58
2006,170,648,2.68
2006,170,718,4.92
2006,170,748,4.47
2006,170,818,4.02
2006,170,848,3.58
2006,170,918,4.02
2006,170,948,4.02
2006,170,1018,4.47
2006,170,1048,5.81
2006,170,1118,7.15
2006,170,1148,7.15
2006,170,1218,9.83
2006,170,1248,9.83
2006,170,1318,7.15
2006,170,1348,6.71
2006,170,1418,5.36
2006,170,1448,4.47
2006,170,1518,4.47
2006,170,1548,11.62
2006,170,1618,12.52
2006,170,1648,12.96
2006,170,1718,7.15
2006,170,1748,6.26
2006,170,1818,7.60
2006,170,1848,6.26
2006,170,1918,8.05
2006,170,1948,7.15
2006,170,2018,7.60
2006,170,2048,7.15
2006,170,2118,7.15
2006,170,2148,6.71
2006,170,2218,7.15
2006,170,2248,7.60
2006,170,2318,6.26
2006,170,2348,8.94
2006,171,18,10.28
2006,171,48,8.49
2006,171,118,8.05
2006,171,148,7.15
2006,171,218,8.94
2006,171,248,5.36
2006,171,318,4.92
2006,171,348,4.02
2006,171,418,8.05
2006,171,448,5.81
2006,171,518,8.05
2006,171,548,6.26
2006,171,618,7.15
2006,171,648,8.05
2006,171,718,5.36
2006,171,748,7.15
2006,171,818,8.94
2006,171,848,15.65
2006,171,918,19.22
2006,171,948,20.12
2006,171,1018,19.67
2006,171,1048,25.48
2006,171,1118,23.69
2006,171,1148,26.82
2006,171,1218,30.40
2006,171,1248,28.61
2006,171,1318,29.50
2006,171,1348,28.61
2006,171,1418,30.40
2006,171,1448,23.69
2006,171,1518,33.08
2006,171,1548,28.61
2006,171,1618,28.61
2006,171,1648,26.38
2006,171,1718,26.38
2006,171,1748,23.25
2006,171,1818,23.69
2006,171,1848,13.41
2006,171,1918,13.86
2006,171,1948,20.56
2006,171,2018,16.99
2006,171,2048,19.22
2006,171,2118,23.69
2006,171,2148,18.78
2006,171,2218,23.25
2006,171,2248,16.54
2006,171,2318,22.35
2006,171,2348,18.78
2006,172,18,21.01
2006,172,48,15.65
2006,172,118,24.14
2006,172,148,18.33
2006,172,218,18.78
2006,172,248,18.78
2006,172,318,17.43
2006,172,348,22.80
2006,172,418,24.59
2006,172,448,24.14
2006,172,518,24.14
2006,172,548,25.93
2006,172,618,21.90
2006,172,648,21.46
2006,172,718,21.90
2006,172,748,22.80
2006,172,818,25.03
2006,172,848,25.48
2006,172,918,27.27
2006,172,948,27.72
2006,172,1018,20.12
2006,172,1048,18.78
2006,172,1118,26.38
2006,172,1148,21.01
2006,172,1218,19.22
2006,172,1248,21.01
2006,172,1318,18.33
2006,172,1348,25.48
2006,172,1418,20.12
2006,172,1448,17.43
2006,172,1518,20.56
2006,172,1548,18.78
2006,172,1618,17.88
2006,172,1648,18.33
2006,172,1718,17.43
2006,172,1748,20.56
2006,172,1818,19.22
2006,172,1848,21.01
2006,172,1918,20.12
2006,172,1948,18.33
2006,172,2018,20.56
2006,172,2048,20.56
2006,172,2118,23.69
2006,172,2148,24.14
2006,172,2218,22.80
2006,172,2248,21.90
2006,172,2318,26.38
2006,172,2348,26.82
2006,173,18,23.69
2006,173,48,24.59
2006,173,118,24.14
2006,173,148,24.59
2006,173,218,22.80
2006,173,248,19.67
2006,173,318,18.78
2006,173,348,18.78
2006,173,418,19.67
2006,173,448,20.56
2006,173,518,21.46
2006,173,548,19.22
2006,173,618,21.01
2006,173,648,22.80
2006,173,718,22.35
2006,173,748,21.01
2006,173,818,20.12
2006,173,848,19.22
2006,173,918,20.56
2006,173,948,15.65
2006,173,1018,14.31
2006,173,1048,10.28
2006,173,1118,12.52
2006,173,1148,15.20
2006,173,1218,19.22
2006,173,1248,13.41
2006,173,1318,11.18
2006,173,1348,10.73
2006,173,1418,16.54
2006,173,1448,15.65
2006,173,1518,16.09
2006,173,1548,16.54
2006,173,1618,13.41
2006,173,1648,14.31
2006,173,1718,17.43
2006,173,1748,12.52
2006,173,1818,13.41
2006,173,1848,11.62
2006,173,1918,11.62
2006,173,1948,13.86
2006,173,2018,11.62
2006,173,2048,14.75
2006,173,2118,12.07
2006,173,2148,13.86
2006,173,2218,12.96
2006,173,2248,12.96
2006,173,2318,13.86
2006,173,2348,13.41
2006,174,18,14.31
2006,174,48,12.96
2006,174,118,13.86
2006,174,148,12.52
2006,174,218,13.41
2006,174,248,11.18
2006,174,318,10.73
2006,174,348,11.18
2006,174,418,9.83
2006,174,448,9.39
2006,174,518,9.83
2006,174,548,11.62
2006,174,618,12.52
2006,174,648,11.18
2006,174,718,6.71
2006,174,748,9.83
2006,174,818,9.39
2006,174,848,6.71
2006,174,918,10.28
2006,174,948,7.60
2006,174,1018,8.49
2006,174,1048,7.60
2006,174,1118,9.39
2006,174,1148,7.15
2006,174,1218,10.73
2006,174,1248,9.83
2006,174,1318,8.94
2006,174,1348,7.60
2006,174,1418,6.26
2006,174,1448,2.68
2006,174,1518,4.92
2006,174,1548,7.15
2006,174,1618,4.02
2006,174,1648,4.47
2006,174,1718,7.60
2006,174,1748,5.81
2006,174,1818,4.92
2006,174,1848,8.49
2006,174,1918,8.49
2006,174,1948,7.60
2006,174,2018,8.49
2006,174,2048,11.18
2006,174,2118,9.39
2006,174,2148,9.83
2006,174,2218,7.15
2006,174,2248,8.94
2006,174,2318,8.94
2006,174,2348,9.39
2006,175,18,8.94
2006,175,48,8.49
2006,175,118,9.83
2006,175,148,9.83
2006,175,218,8.94
2006,175,248,10.28
2006,175,318,11.18
2006,175,348,10.28
2006,175,418,11.18
2006,175,448,9.83
2006,175,518,8.49
2006,175,548,8.49
2006,175,618,10.28
2006,175,648,8.49
2006,175,718,8.49
2006,175,748,8.05
2006,175,818,8.94
2006,175,848,7.15
2006,175,918,7.15
2006,175,948,6.26
2006,175,1018,6.71
2006,175,1048,8.94
2006,175,1118,7.60
2006,175,1148,8.05
2006,175,1218,8.05
2006,175,1248,7.60
2006,175,1318,7.60
2006,175,1348,7.15
2006,175,1418,8.49
2006,175,1448,8.05
2006,175,1518,8.05
2006,175,1548,7.60
2006,175,1618,7.15
2006,175,1648,8.94
2006,175,1718,8.49
2006,175,1748,5.36
2006,175,1818,5.36
2006,175,1848,6.26
2006,175,1918,4.47
2006,175,1948,4.92
2006,175,2018,5.81
2006,175,2048,3.13
2006,175,2118,2.68
2006,175,2148,4.92
2006,175,2218,4.47
2006,175,2248,3.13
2006,175,2318,3.13
2006,175,2348,3.58
2006,176,18,4.02
2006,176,48,2.68
2006,176,118,2.68
2006,176,148,2.24
2006,176,218,3.13
2006,176,248,1.79
2006,176,318,2.68
2006,176,348,0.00
2006,176,418,1.34
2006,176,448,2.68
2006,176,518,3.58
2006,176,548,2.24
2006,176,1725,2.24
2006,176,1748,0.45
2006,176,1818,0.00
2006,176,1848,0.00
2006,176,1918,0.45
2006,176,1948,0.00
2006,176,2018,0.00
2006,176,2048,0.00
2006,176,2118,0.00
2006,176,2148,0.00
2006,176,2218,0.00
2006,176,2248,0.00
2006,176,2318,0.00
2006,176,2348,0.00
2006,177,18,0.00
2006,177,48,0.00
2006,177,118,0.00
2006,177,148,0.00
2006,177,218,0.45
2006,177,248,0.00
2006,177,318,0.00
2006,177,348,0.00
2006,177,418,0.00
2006,177,448,0.00
2006,177,518,0.00
2006,177,548,0.00
2006,177,618,0.00
2006,177,648,0.00
2006,177,718,0.00
2006,177,748,0.00
2006,177,818,0.00
2006,177,848,0.00
2006,177,918,0.00
2006,177,948,0.00
2006,177,1018,0.00
2006,177,1048,0.00
2006,177,1118,0.00
2006,177,1148,0.00
2006,177,1218,0.00
2006,177,1248,0.00
2006,177,1318,0.00
2006,177,1348,0.00
2006,177,1418,0.00
2006,177,1448,0.00
2006,177,1518,0.00
2006,177,1548,0.00
2006,177,1618,0.00
2006,177,1648,0.00
2006,177,1718,0.00
2006,177,1748,0.00
2006,177,1818,0.00
2006,177,1848,0.00
2006,177,1918,0.00
2006,177,1948,0.45
2006,177,2018,0.00
2006,177,2048,0.00
2006,177,2118,0.00
2006,177,2148,0.45
2006,177,2218,0.00
2006,177,2248,0.00
2006,177,2318,0.45
2006,177,2348,0.00
2006,178,18,0.00
2006,178,48,0.00
2006,178,118,0.00
2006,178,148,0.00
2006,178,218,0.00
2006,178,248,0.00
2006,178,318,0.00
2006,178,348,0.00
2006,178,418,0.00
2006,178,448,0.00
2006,178,518,0.00
2006,178,548,0.00
2006,178,618,0.00
2006,178,648,0.00
2006,178,718,0.00
2006,178,748,0.00
2006,178,818,0.00
2006,178,848,0.00
2006,178,918,0.00
2006,178,948,0.00
2006,178,1018,0.00
2006,178,1048,0.00
2006,178,1118,0.00
2006,178,1148,0.00
2006,178,1218,0.00
2006,178,1248,0.00
2006,178,1318,0.00
2006,178,1348,0.00
2006,178,1418,0.00
2006,178,1448,0.00
2006,178,1518,0.00
2006,178,1548,0.00
2006,178,1618,0.00
2006,178,1648,0.00
2006,178,1718,0.00
2006,178,1748,0.00
2006,178,1818,0.00
2006,178,1848,0.00
2006,178,1918,0.00
2006,178,1948,0.00
2006,178,2018,0.00
2006,178,2048,0.00
2006,178,2118,0.00
2006,178,2148,0.00
2006,178,2218,0.00
2006,178,2248,0.00
2006,178,2318,0.00
2006,178,2348,0.00
2006,179,18,0.00
2006,179,48,0.00
2006,179,118,0.00
2006,179,148,0.00
2006,179,218,0.00
2006,179,248,0.00
2006,179,318,0.00
2006,179,348,0.00
2006,179,418,0.00
2006,179,448,0.00
2006,179,518,0.00
2006,179,548,0.00
2006,179,618,0.00
2006,179,648,0.00
2006,179,718,0.00
2006,179,748,0.00
2006,179,818,0.00
2006,179,848,0.00
2006,179,918,0.00
2006,179,948,0.00
2006,179,1018,0.00
2006,179,1048,0.00
2006,179,1118,0.00
2006,179,1148,0.00
2006,179,1218,0.00
2006,179,1248,0.00
2006,179,1318,0.00
2006,179,1348,0.00
2006,179,1418,0.00
2006,179,1448,0.00
2006,179,1518,0.00
2006,179,1548,0.00
2006,179,1618,0.00
2006,179,1648,0.00
2006,179,1718,0.00
2006,179,1748,0.00
2006,179,1818,0.00
2006,179,1848,0.00
2006,179,1918,0.00
2006,179,1948,0.00
2006,179,2018,0.00
2006,179,2048,0.00
2006,179,2118,0.00
2006,179,2148,0.00
2006,179,2218,0.00
2006,179,2248,0.00
2006,179,2318,0.00
2006,179,2348,0.00
2006,180,18,0.00
2006,180,48,0.00
2006,180,118,0.00
2006,180,148,0.00
2006,180,218,0.00
2006,180,248,0.00
2006,180,318,0.00
2006,180,348,0.00
2006,180,418,0.00
2006,180,448,0.00
2006,180,518,0.00
2006,180,548,0.00
2006,180,618,0.00
2006,180,648,0.00
2006,180,718,0.00
2006,180,748,0.00
2006,180,818,0.00
2006,180,848,0.00
2006,180,918,0.00
2006,180,948,0.00
2006,180,1018,0.00
2006,180,1048,0.00
2006,180,1118,0.00
2006,180,1148,0.00
2006,180,1218,0.00
2006,180,1248,0.00
2006,180,1318,0.00
2006,180,1348,0.00
2006,180,1418,0.00
2006,180,1448,0.00
2006,180,1518,0.00
2006,180,1548,0.00
2006,180,1618,0.00
2006,180,1648,0.00
2006,180,1718,0.00
2006,180,1748,0.00
2006,180,1818,0.00
2006,180,1848,0.00
2006,180,1918,0.00
2006,180,1948,0.00
2006,180,2018,0.00
2006,180,2048,0.00
2006,180,2118,0.00
2006,180,2148,0.00
2006,180,2218,0.00
2006,180,2248,0.00
2006,180,2318,0.00
2006,180,2348,0.00
2006,181,18,0.00
2006,181,48,0.00
2006,181,118,0.00
2006,181,148,0.00
2006,181,218,0.00
2006,181,248,0.00
2006,181,318,0.00
2006,181,348,0.00
2006,181,418,0.00
2006,181,448,0.00
2006,181,518,0.00
2006,181,548,0.00
2006,181,618,0.00
2006,181,648,0.00
2006,181,718,0.00
2006,181,748,0.00
2006,181,818,0.00
2006,181,848,0.00
2006,181,918,0.00
2006,181,948,0.00
2006,181,1018,0.00
2006,181,1048,0.00
2006,181,1118,0.00
2006,181,1148,0.00
2006,181,1218,0.00
2006,181,1248,0.00
2006,181,1318,0.00
2006,181,1348,0.00
2006,181,1418,0.00
2006,181,1448,0.00
2006,181,1518,0.00
2006,181,1548,0.00
2006,181,1618,0.00
2006,181,1648,0.00
2006,181,1718,0.00
2006,181,1748,0.00
2006,181,1818,0.00
2006,181,1848,0.00
2006,181,1918,0.00
2006,181,1948,0.00
2006,181,2018,0.00
2006,181,2048,0.00
2006,181,2118,0.00
2006,181,2148,0.00
2006,181,2218,0.00
2006,181,2248,0.00
2006,181,2318,0.00
2006,181,2348,0.00
2006,182,18,0.00
2006,182,48,0.00
2006,182,118,0.00
2006,182,148,0.00
2006,182,218,0.00
2006,182,248,0.00
2006,182,318,0.00
2006,182,348,0.00
2006,182,418,0.00
2006,182,448,0.00
2006,182,518,0.00
2006,182,548,0.00
2006,182,618,0.00
2006,182,648,0.00
2006,182,718,0.00
2006,182,748,0.00
2006,182,818,0.00
2006,182,848,0.00
2006,182,918,0.00
2006,182,948,0.00
2006,182,1018,0.00
2006,182,1048,0.00
2006,182,1118,0.00
2006,182,1148,0.00
2006,182,1218,0.00
2006,182,1248,0.00
2006,182,1318,0.00
2006,182,1348,0.00
2006,182,1418,0.00
2006,182,1448,0.00
2006,182,1518,0.00
2006,182,1548,0.00
2006,182,1618,0.00
2006,182,1648,0.00
2006,182,1718,0.00
2006,182,1748,0.00
2006,182,1818,0.00
2006,182,1848,0.00
2006,182,1918,0.00
2006,182,1948,0.00
2006,182,2018,0.00
2006,182,2048,0.00
2006,182,2118,0.00
2006,182,2148,0.00
2006,182,2218,0.00
2006,182,2248,0.00
2006,182,2318,0.00
2006,182,2348,0.00
2006,183,18,0.00
2006,183,48,0.00
2006,183,118,0.00
2006,183,148,0.00
2006,183,218,0.00
2006,183,248,0.00
2006,183,318,0.00
2006,183,348,0.00
2006,183,418,0.00
2006,183,448,0.00
2006,183,518,0.00
2006,183,548,0.00
2006,183,618,0.00
2006,183,648,0.00
2006,183,718,0.00
2006,183,748,0.00
2006,183,818,0.00
2006,183,848,0.00
2006,183,918,0.00
2006,183,948,0.00
2006,183,1018,0.00
2006,183,1048,0.00
2006,183,1118,0.00
2006,183,1148,0.00
2006,183,1218,0.00
2006,183,1248,0.00
2006,183,1318,0.00
2006,183,1348,0.00
2006,183,1418,0.00
2006,183,1448,0.00
2006,183,1518,0.00
2006,183,1548,0.00
2006,183,1618,0.00
2006,183,1648,0.00
2006,183,1718,0.00
2006,183,1748,0.00
2006,183,1818,0.00
2006,183,1848,0.00
2006,183,1918,0.00
2006,183,1948,0.00
2006,183,2018,0.00
2006,183,2048,0.00
2006,183,2118,0.00
2006,183,2148,0.45
2006,183,2218,0.00
2006,183,2248,0.00
2006,183,2318,0.00
2006,183,2348,0.00
2006,184,18,0.00
2006,184,48,0.00
2006,184,118,0.00
2006,184,148,0.00
2006,184,218,0.00
2006,184,248,0.00
2006,184,318,0.00
2006,184,348,0.00
2006,184,418,0.00
2006,184,448,0.00
2006,184,518,0.00
2006,184,548,0.00
2006,184,618,0.00
2006,184,648,0.00
2006,184,718,0.00
2006,184,748,0.00
2006,184,818,0.00
2006,184,848,0.00
2006,184,918,0.00
2006,184,948,0.00
2006,184,1018,0.00
2006,184,1048,0.00
2006,184,1118,0.00
2006,184,1148,0.00
2006,184,1218,0.00
2006,184,1248,0.00
2006,184,1318,0.00
2006,184,1348,0.00
2006,184,1418,0.00
2006,184,1448,0.00
2006,184,1518,0.00
2006,184,1548,0.00
2006,184,1618,0.00
2006,184,1648,0.00
2006,184,1718,0.00
2006,184,1748,0.00
2006,184,1818,0.00
2006,184,1848,0.00
2006,184,1918,0.00
2006,184,1948,0.00
2006,184,2018,0.00
2006,184,2048,0.00
2006,184,2118,0.00
2006,184,2148,0.00
2006,184,2218,0.00
2006,184,2248,0.00
2006,184,2318,0.00
2006,184,2348,0.00
2006,185,18,0.00
2006,185,48,0.00
2006,185,118,0.00
2006,185,148,0.00
2006,185,218,0.00
2006,185,248,0.00
2006,185,318,0.00
2006,185,348,0.00
2006,185,418,0.00
2006,185,448,0.00
2006,185,518,0.00
2006,185,548,0.00
2006,185,618,0.00
2006,185,648,0.00
2006,185,718,0.00
2006,185,748,0.00
2006,185,818,0.00
2006,185,848,0.00
2006,185,918,0.00
2006,185,948,0.00
2006,185,1018,0.00
2006,185,1048,0.00
2006,185,1118,0.00
2006,185,1148,0.00
2006,185,1218,0.00
2006,185,1248,0.00
2006,185,1318,0.00
2006,185,1348,0.00
2006,185,1418,0.00
2006,185,1448,0.00
2006,185,1518,0.00
2006,185,1548,0.00
2006,185,1618,0.00
2006,185,1648,0.00
2006,185,1718,0.00
2006,185,1748,0.00
2006,185,1818,0.00
2006,185,1848,0.00
2006,185,1918,0.00
2006,185,1948,0.00
2006,185,2018,0.00
2006,185,2048,0.00
2006,185,2118,0.00
2006,185,2148,0.00
2006,185,2218,0.00
2006,185,2248,0.00
2006,185,2318,0.00
2006,185,2348,0.00
2006,186,18,0.00
2006,186,48,0.00
2006,186,118,0.00
2006,186,148,0.00
2006,186,218,0.00
2006,186,248,0.00
2006,186,318,0.00
2006,186,348,0.00
2006,186,418,0.00
2006,186,448,0.00
2006,186,518,0.00
2006,186,548,0.00
2006,186,618,0.00
2006,186,648,0.00
2006,186,718,0.00
2006,186,748,0.00
2006,186,818,0.00
2006,186,848,0.00
2006,186,918,0.00
2006,186,948,0.00
2006,186,1018,0.00
2006,186,1048,0.00
2006,186,1118,0.00
2006,186,1148,0.00
2006,186,1218,0.00
2006,186,1248,0.00
2006,186,1318,0.00
2006,186,1348,0.00
2006,186,1418,0.00
2006,186,1448,0.00
2006,186,1518,0.00
2006,186,1548,0.00
2006,186,1618,0.00
2006,186,1648,0.00
2006,186,1718,0.00
2006,186,1748,0.00
2006,186,1818,0.00
2006,186,1848,0.00
2006,186,1918,0.00
2006,186,1948,0.00
2006,186,2018,0.00
2006,186,2048,0.00
2006,186,2118,0.00
2006,186,2148,0.00
2006,186,2218,0.00
2006,186,2248,0.00
2006,186,2318,0.00
2006,186,2348,0.00
2006,187,18,0.00
2006,187,48,0.00
2006,187,118,0.00
2006,187,148,0.00
2006,187,218,0.00
2006,187,248,0.00
2006,187,318,0.00
2006,187,348,0.00
2006,187,418,0.00
2006,187,448,0.00
2006,187,518,0.00
2006,187,548,0.00
2006,187,618,0.00
2006,187,648,0.00
2006,187,718,0.00
2006,187,748,0.00
2006,187,818,0.00
2006,187,848,0.00
2006,187,918,0.00
2006,187,948,0.00
2006,187,1018,0.00
2006,187,1048,0.00
2006,187,1118,0.00
2006,187,1148,0.00
2006,187,1218,0.00
2006,187,1248,0.00
2006,187,1318,0.00
2006,187,1348,0.00
2006,187,1418,0.00
2006,187,1448,0.00
2006,187,1518,0.00
2006,187,1548,0.00
2006,187,1618,0.00
2006,187,1648,0.00
2006,187,1718,0.00
2006,187,1748,0.00
2006,187,1818,0.00
2006,187,1848,0.00
2006,187,1918,0.00
2006,187,1948,0.00
2006,187,2018,0.00
2006,187,2048,0.00
2006,187,2118,0.00
2006,187,2148,0.00
2006,187,2218,0.00
2006,187,2248,0.00
2006,187,2318,0.00
2006,187,2348,0.00
2006,188,18,0.00
2006,188,48,0.00
2006,188,118,0.00
2006,188,148,0.00
2006,188,218,0.00
2006,188,248,0.00
2006,188,318,0.00
2006,188,348,0.00
2006,188,418,0.00
2006,188,448,0.00
2006,188,518,0.00
2006,188,548,0.00
2006,188,618,0.00
2006,188,648,0.00
2006,188,718,0.45
2006,188,748,0.45
2006,188,818,0.45
2006,188,848,0.45
2006,188,918,0.00
2006,188,948,0.00
2006,188,1018,0.00
2006,188,1048,0.00
2006,188,1118,0.00
2006,188,1148,0.00
2006,188,1218,0.45
2006,188,1248,0.00
2006,188,1318,0.45
2006,188,1348,0.00
2006,188,1418,0.00
2006,188,1448,0.00
2006,188,1518,0.00
2006,188,1548,0.00
2006,188,1618,0.00
2006,188,1648,0.00
2006,188,1718,0.00
2006,188,1748,0.00
2006,188,1818,0.00
2006,188,1848,0.00
2006,188,1918,0.00
2006,188,1948,0.00
2006,188,2018,0.00
2006,188,2048,0.00
2006,188,2118,0.00
2006,188,2148,0.00
2006,188,2218,0.00
2006,188,2248,0.00
2006,188,2318,0.00
2006,188,2348,0.00
2006,189,18,0.00
2006,189,48,0.00
2006,189,118,0.00
2006,189,148,0.00
2006,189,218,0.00
2006,189,248,0.00
2006,189,318,0.00
2006,189,348,0.00
2006,189,418,0.00
2006,189,448,0.00
2006,189,518,0.00
2006,189,548,0.00
2006,189,618,0.00
2006,189,648,0.00
2006,189,718,0.00
2006,189,748,0.00
2006,189,818,0.00
2006,189,848,0.00
2006,189,918,0.00
2006,189,948,0.00
2006,189,1018,0.00
2006,189,1048,0.00
2006,189,1118,0.00
2006,189,1148,0.00
2006,189,1218,0.00
2006,189,1248,0.00
2006,189,1318,0.00
2006,189,1348,0.00
2006,189,1418,0.00
2006,189,1448,0.00
2006,189,1518,0.00
2006,189,1548,0.00
2006,189,1618,0.00
2006,189,1648,0.00
2006,189,1718,0.00
2006,189,1748,0.00
2006,189,1818,0.00
2006,189,1848,0.00
2006,189,1918,0.00
2006,189,1948,0.00
2006,189,2018,0.00
2006,189,2048,0.00
2006,189,2118,0.00
2006,189,2148,0.00
2006,189,2218,0.00
2006,189,2248,0.00
2006,189,2318,0.00
2006,189,2348,0.00
2006,190,18,0.00
2006,190,48,0.00
2006,190,118,0.00
2006,190,148,0.00
2006,190,218,0.00
2006,190,248,0.00
2006,190,318,0.00
2006,190,348,0.00
2006,190,418,0.00
2006,190,448,0.00
2006,190,518,0.00
2006,190,548,0.00
2006,190,618,0.00
2006,190,648,0.00
2006,190,718,0.00
2006,190,748,0.00
2006,190,818,0.00
2006,190,848,0.00
2006,190,918,0.00
2006,190,948,0.00
2006,190,1018,0.00
2006,190,1048,0.00
2006,190,1118,0.00
2006,190,1148,0.00
2006,190,1218,0.00
2006,190,1248,0.00
2006,190,1318,0.00
2006,190,1348,0.00
2006,190,1418,0.00
2006,190,1448,0.00
2006,190,1518,0.00
2006,190,1548,0.00
2006,190,1618,0.00
2006,190,1648,0.00
2006,190,1718,0.00
2006,190,1748,0.00
2006,190,1818,0.00
2006,190,1848,0.00
2006,190,1918,0.00
2006,190,1948,0.00
2006,190,2018,0.00
2006,190,2048,0.00
2006,190,2118,0.00
2006,190,2148,0.00
2006,190,2218,0.45
2006,190,2248,0.45
2006,190,2318,0.45
2006,190,2348,0.45
2006,191,18,0.45
2006,191,48,0.45
2006,191,118,0.45
2006,191,148,0.00
2006,191,218,0.00
2006,191,248,0.45
2006,191,318,0.00
2006,191,348,0.45
2006,191,418,0.00
2006,191,448,0.00
2006,191,518,0.00
2006,191,548,0.00
2006,191,618,0.00
2006,191,648,0.00
2006,191,718,0.00
2006,191,748,0.00
2006,191,818,0.00
2006,191,848,0.00
2006,191,918,0.00
2006,191,948,0.00
2006,191,1018,0.00
2006,191,1048,0.00
2006,191,1118,0.00
2006,191,1148,0.00
2006,191,1218,0.00
2006,191,1248,0.00
2006,191,1318,0.00
2006,191,1348,0.00
2006,191,1418,0.00
2006,191,1448,0.00
2006,191,1518,0.00
2006,191,1548,0.00
2006,191,1618,0.00
2006,191,1648,0.00
2006,191,1718,0.00
2006,191,1748,0.00
2006,191,1818,0.00
2006,191,1848,0.00
2006,191,1918,0.00
2006,191,1948,0.00
2006,191,2018,0.00
2006,191,2048,0.00
2006,191,2118,0.00
2006,191,2148,0.00
2006,191,2218,0.00
2006,191,2248,0.00
2006,191,2318,0.00
2006,191,2348,0.00
2006,192,18,0.00
2006,192,48,0.00
2006,192,118,0.00
2006,192,148,0.00
2006,192,218,0.00
2006,192,248,0.00
2006,192,318,0.00
2006,192,348,0.00
2006,192,418,0.00
2006,192,448,0.00
2006,192,518,0.45
2006,192,548,0.45
2006,192,618,0.45
2006,192,648,0.45
2006,192,718,0.45
2006,192,748,0.45
2006,192,818,0.45
2006,192,848,0.45
2006,192,918,0.45
2006,192,948,0.45
2006,192,1018,0.45
2006,192,1048,0.45
2006,192,1118,0.45
2006,192,1148,0.45
2006,192,1218,0.45
2006,192,1248,0.45
2006,192,1318,0.45
2006,192,1348,0.00
2006,192,1418,0.00
2006,192,1448,0.00
2006,192,1518,0.45
2006,192,1548,0.00
2006,192,1618,0.00
2006,192,1648,0.00
2006,192,1718,0.00
2006,192,1748,0.00
2006,192,1818,0.00
2006,192,1848,0.00
2006,192,1918,0.00
2006,192,1948,0.00
2006,192,2018,0.00
2006,192,2048,0.00
2006,192,2118,0.00
2006,192,2148,0.00
2006,192,2218,0.00
2006,192,2248,0.00
2006,192,2318,0.00
2006,192,2348,0.00
2006,193,18,0.00
2006,193,48,0.00
2006,193,118,0.00
2006,193,148,0.00
2006,193,218,0.00
2006,193,248,0.00
2006,193,318,0.00
2006,193,348,0.00
2006,193,418,0.00
2006,193,448,0.00
2006,193,518,0.00
2006,193,548,0.00
2006,193,618,0.00
2006,193,648,0.00
2006,193,718,0.00
2006,193,748,0.00
2006,193,818,0.00
2006,193,848,0.00
2006,193,918,0.00
2006,193,948,0.00
2006,193,1018,0.00
2006,193,1048,0.00
2006,193,1118,0.00
2006,193,1148,0.00
2006,193,1218,0.00
2006,193,1248,0.00
2006,193,1318,0.00
2006,193,1348,0.00
2006,193,1418,0.00
2006,193,1448,0.00
2006,193,1518,0.00
2006,193,1548,0.45
2006,193,1618,0.00
2006,193,1648,0.00
2006,193,1718,0.45
2006,193,1748,0.00
2006,193,1818,0.45
2006,193,1848,0.45
2006,193,1918,0.45
2006,193,1948,0.45
2006,193,2018,0.45
2006,193,2048,0.45
2006,193,2118,0.45
2006,193,2148,0.45
2006,193,2218,0.45
2006,193,2248,0.45
2006,193,2318,0.45
2006,193,2348,0.45
2006,194,18,0.45
2006,194,48,0.45
2006,194,118,0.45
2006,194,148,0.45
2006,194,218,0.45
2006,194,248,0.45
2006,194,318,0.45
2006,194,348,0.45
2006,194,418,0.45
2006,194,448,0.45
2006,194,518,0.45
2006,194,548,0.45
2006,194,618,0.00
2006,194,648,0.00
2006,194,718,0.00
2006,194,748,0.00
2006,194,818,0.00
2006,194,848,0.00
2006,194,918,0.00
2006,194,948,0.00
2006,194,1018,0.00
2006,194,1048,0.00
2006,194,1118,0.45
2006,194,1148,0.00
2006,194,1218,0.00
2006,194,1248,0.00
2006,194,1318,0.00
2006,194,1348,0.00
2006,194,1418,0.00
2006,194,1448,0.00
2006,194,1518,0.00
2006,194,1548,0.00
2006,194,1618,0.00
2006,194,1648,0.00
2006,194,1718,0.45
2006,194,1748,0.00
2006,194,1818,0.00
2006,194,1848,0.00
2006,194,1918,0.00
2006,194,1948,0.00
2006,194,2018,0.00
2006,194,2048,0.45
2006,194,2118,0.00
2006,194,2148,0.00
2006,194,2218,0.45
2006,194,2248,0.00
2006,194,2318,0.00
2006,194,2348,0.45
2006,195,18,0.00
2006,195,48,0.45
2006,195,118,0.00
2006,195,148,0.00
2006,195,218,0.45
2006,195,248,0.00
2006,195,318,0.45
2006,195,348,0.00
2006,195,418,0.00
2006,195,448,0.45
2006,195,518,0.00
2006,195,548,0.45
2006,195,618,0.00
2006,195,648,0.00
2006,195,718,0.45
2006,195,748,0.00
2006,195,818,0.00
2006,195,848,0.00
2006,195,918,0.00
2006,195,948,0.00
2006,195,1018,0.00
2006,195,1048,0.00
2006,195,1118,0.00
2006,195,1148,0.00
2006,195,1218,0.00
2006,195,1248,0.00
2006,195,1318,0.00
2006,195,1348,0.00
2006,195,1418,0.00
2006,195,1448,0.00
2006,195,1518,0.00
2006,195,1548,0.00
2006,195,1618,0.00
2006,195,1648,0.00
2006,195,1718,0.00
2006,195,1748,0.00
2006,195,1818,0.00
2006,195,1848,0.00
2006,195,1918,0.00
2006,195,1948,0.00
2006,195,2018,0.00
2006,195,2048,0.45
2006,195,2118,0.00
2006,195,2148,0.00
2006,195,2218,0.45
2006,195,2248,0.00
2006,195,2318,0.00
2006,195,2348,0.00
2006,196,18,0.00
2006,196,48,0.00
2006,196,118,0.00
2006,196,148,0.00
2006,196,218,0.00
2006,196,248,0.00
2006,196,318,0.45
2006,196,348,0.00
2006,196,418,0.00
2006,196,448,0.45
2006,196,518,0.00
2006,196,548,0.00
2006,196,618,0.00
2006,196,648,0.00
2006,196,718,0.00
2006,196,748,0.00
2006,196,818,0.00
2006,196,848,0.00
2006,196,918,0.00
2006,196,948,0.00
2006,196,1018,0.00
2006,196,1048,0.00
2006,196,1118,0.00
2006,196,1148,0.00
2006,196,1218,0.00
2006,196,1248,0.00
2006,196,1318,0.00
2006,196,1348,0.00
2006,196,1418,0.00
2006,196,1448,0.00
2006,196,1518,0.00
2006,196,1548,0.00
2006,196,1618,0.00
2006,196,1648,0.00
2006,196,1718,0.00
2006,196,1748,0.00
2006,196,1818,0.00
2006,196,1848,0.00
2006,196,1918,0.00
2006,196,1948,0.00
2006,196,2018,0.00
2006,196,2048,0.00
2006,196,2118,0.00
2006,196,2148,0.00
2006,196,2218,0.00
2006,196,2248,0.00
2006,196,2318,0.00
2006,196,2348,0.00
2006,197,18,0.00
2006,197,48,0.00
2006,197,118,0.00
2006,197,148,0.00
2006,197,218,0.45
2006,197,248,0.00
2006,197,318,0.00
2006,197,348,0.45
2006,197,418,0.00
2006,197,448,0.00
2006,197,518,0.45
2006,197,548,0.00
2006,197,618,0.00
2006,197,648,0.00
2006,197,718,0.00
2006,197,748,0.00
2006,197,818,0.00
2006,197,848,0.00
2006,197,918,0.00
2006,197,948,0.00
2006,197,1018,0.00
2006,197,1048,0.00
2006,197,1118,0.00
2006,197,1148,0.00
2006,197,1218,0.00
2006,197,1248,0.00
2006,197,1318,0.00
2006,197,1348,0.00
2006,197,1418,0.00
2006,197,1448,0.00
2006,197,1518,0.00
2006,197,1548,0.00
2006,197,1618,0.00
2006,197,1648,0.00
2006,197,1718,0.00
2006,197,1748,0.00
2006,197,1818,0.00
2006,197,1848,0.00
2006,197,1918,0.00
2006,197,1948,0.00
2006,197,2018,0.00
2006,197,2048,0.00
2006,197,2118,0.00
2006,197,2148,0.00
2006,197,2218,0.00
2006,197,2248,0.00
2006,197,2318,0.00
2006,197,2348,0.00
2006,198,18,0.00
2006,198,48,0.00
2006,198,118,0.00
2006,198,148,0.00
2006,198,218,0.00
2006,198,248,0.00
2006,198,318,0.00
2006,198,348,0.00
2006,198,418,0.45
2006,198,448,0.00
2006,198,518,0.00
2006,198,548,0.00
2006,198,618,0.00
2006,198,648,0.00
2006,198,718,0.00
2006,198,748,0.00
2006,198,818,0.00
2006,198,848,0.00
2006,198,918,0.00
2006,198,948,0.00
2006,198,1018,0.00
2006,198,1048,0.00
2006,198,1118,0.00
2006,198,1148,0.00
2006,198,1218,0.00
2006,198,1248,0.00
2006,198,1318,0.00
2006,198,1348,0.00
2006,198,1418,0.00
2006,198,1448,0.00
2006,198,1518,0.00
2006,198,1548,0.00
2006,198,1618,0.00
2006,198,1648,0.00
2006,198,1718,0.00
2006,198,1748,0.00
2006,198,1818,0.00
2006,198,1848,0.00
2006,198,1918,0.00
2006,198,1948,0.00
2006,198,2018,0.00
2006,198,2048,0.00
2006,198,2118,0.45
2006,198,2148,0.00
2006,198,2218,0.00
2006,198,2248,0.00
2006,198,2318,0.00
2006,198,2348,0.45
2006,199,18,0.00
2006,199,48,0.00
2006,199,118,0.00
2006,199,148,0.00
2006,199,218,0.00
2006,199,248,0.00
2006,199,318,0.00
2006,199,348,0.00
2006,199,418,0.00
2006,199,448,0.00
2006,199,518,0.00
2006,199,548,0.00
2006,199,618,0.00
2006,199,648,0.00
2006,199,718,0.00
2006,199,748,0.00
2006,199,818,0.00
2006,199,848,0.00
2006,199,918,0.00
2006,199,948,0.00
2006,199,1018,0.00
2006,199,1048,0.00
2006,199,1118,0.00
2006,199,1148,0.00
2006,199,1218,0.00
2006,199,1248,0.00
2006,199,1318,0.00
2006,199,1348,0.00
2006,199,1418,0.00
2006,199,1448,0.00
2006,199,1518,0.00
2006,199,1548,0.00
2006,199,1618,0.00
2006,199,1648,0.00
2006,199,1718,0.00
2006,199,1748,0.00
2006,199,1818,0.00
2006,199,1848,0.00
2006,199,1918,0.00
2006,199,1948,0.00
2006,199,2018,0.00
2006,199,2048,0.00
2006,199,2118,0.00
2006,199,2148,0.00
2006,199,2218,0.00
2006,199,2248,0.00
2006,199,2318,0.00
2006,199,2348,0.00
2006,200,18,0.00
2006,200,48,0.00
2006,200,118,0.00
2006,200,148,0.00
2006,200,218,0.00
2006,200,248,0.00
2006,200,318,0.00
2006,200,348,0.00
2006,200,418,0.00
2006,200,448,0.00
2006,200,518,0.00
2006,200,548,0.00
2006,200,618,0.00
2006,200,648,0.00
2006,200,718,0.00
2006,200,748,0.00
2006,200,818,0.00
2006,200,848,0.00
2006,200,918,0.00
2006,200,948,0.00
2006,200,1018,0.00
2006,200,1048,0.00
2006,200,1118,0.00
2006,200,1148,0.00
2006,200,1218,0.00
2006,200,1248,0.00
2006,200,1318,0.00
2006,200,1348,0.00
2006,200,1418,0.00
2006,200,1448,0.00
2006,200,1518,0.00
2006,200,1548,0.00
2006,200,1618,0.00
2006,200,1648,0.00
2006,200,1718,0.00
2006,200,1748,0.00
2006,200,1818,0.00
2006,200,1848,0.00
2006,200,1918,0.00
2006,200,1948,0.00
2006,200,2018,0.00
2006,200,2048,0.00
2006,200,2118,0.00
2006,200,2148,0.00
2006,200,2218,0.00
2006,200,2248,0.00
2006,200,2318,0.00
2006,200,2348,0.00
2006,201,18,0.00
2006,201,48,0.00
2006,201,118,0.00
2006,201,148,0.00
2006,201,218,0.00
2006,201,248,0.00
2006,201,318,0.00
2006,201,348,0.00
2006,201,418,0.00
2006,201,448,0.00
2006,201,518,0.00
2006,201,548,0.00
2006,201,618,0.00
2006,201,648,0.00
2006,201,718,0.00
2006,201,748,0.00
2006,201,818,0.00
2006,201,848,0.00
2006,201,918,0.00
2006,201,948,0.00
2006,201,1018,0.00
2006,201,1048,0.00
2006,201,1118,0.00
2006,201,1148,0.00
2006,201,1218,0.00
2006,201,1248,0.00
2006,201,1318,0.00
2006,201,1348,0.00
2006,201,1418,0.00
2006,201,1448,0.00
2006,201,1518,0.00
2006,201,1548,0.00
2006,201,1618,0.00
2006,201,1648,0.00
2006,201,1718,0.00
2006,201,1748,0.00
2006,201,1818,0.00
2006,201,1848,0.00
2006,201,1918,0.00
2006,201,1948,0.00
2006,201,2018,0.00
2006,201,2048,0.00
2006,201,2118,0.00
2006,201,2148,0.00
2006,201,2218,0.00
2006,201,2248,0.00
2006,201,2318,0.00
2006,201,2348,0.00
2006,202,18,0.00
2006,202,48,0.00
2006,202,118,0.00
2006,202,148,0.00
2006,202,218,0.00
2006,202,248,0.00
2006,202,318,0.00
2006,202,348,0.00
2006,202,418,0.00
2006,202,448,0.00
2006,202,518,0.00
2006,202,548,0.00
2006,202,618,0.00
2006,202,648,0.00
2006,202,718,0.00
2006,202,748,0.00
2006,202,818,0.00
2006,202,848,0.00
2006,202,918,0.00
2006,202,948,0.00
2006,202,1018,0.00
2006,202,1048,0.00
2006,202,1118,0.00
2006,202,1148,0.45
2006,202,1218,0.00
2006,202,1248,0.00
2006,202,1318,0.45
2006,202,1348,0.00
2006,202,1418,0.00
2006,202,1448,0.00
2006,202,1518,0.00
2006,202,1548,0.00
2006,202,1618,0.00
2006,202,1648,0.00
2006,202,1718,0.00
2006,202,1748,0.00
2006,202,1818,0.00
2006,202,1848,0.00
2006,202,1918,0.00
2006,202,1948,0.00
2006,202,2018,0.00
2006,202,2048,0.00
2006,202,2118,0.00
2006,202,2148,0.00
2006,202,2218,0.00
2006,202,2248,0.00
2006,202,2318,0.00
2006,202,2348,0.00
2006,203,18,0.00
2006,203,48,0.00
2006,203,118,0.00
2006,203,148,0.00
2006,203,218,0.00
2006,203,248,0.00
2006,203,318,0.00
2006,203,348,0.00
2006,203,418,0.00
2006,203,448,0.00
2006,203,518,0.00
2006,203,548,0.00
2006,203,618,0.00
2006,203,648,0.00
2006,203,718,0.00
2006,203,748,0.00
2006,203,818,0.00
2006,203,848,0.00
2006,203,918,0.00
2006,203,948,0.00
2006,203,1018,0.00
2006,203,1048,0.00
2006,203,1118,0.00
2006,203,1148,0.00
2006,203,1218,0.00
2006,203,1248,0.00
2006,203,1318,0.00
2006,203,1348,0.00
2006,203,1418,0.00
2006,203,1448,0.00
2006,203,1518,0.00
2006,203,1548,0.00
2006,203,1618,0.00
2006,203,1648,0.00
2006,203,1718,0.00
2006,203,1748,0.00
2006,203,1818,0.00
2006,203,1848,0.00
2006,203,1918,0.00
2006,203,1948,0.00
2006,203,2018,0.00
2006,203,2048,0.00
2006,203,2118,0.00
2006,203,2148,0.00
2006,203,2218,0.00
2006,203,2248,0.00
2006,203,2318,0.00
2006,203,2348,0.00
2006,204,18,0.00
2006,204,48,0.00
2006,204,118,0.00
2006,204,148,0.00
2006,204,218,0.00
2006,204,248,0.00
2006,204,318,0.00
2006,204,348,0.00
2006,204,418,0.00
2006,204,448,0.00
2006,204,518,0.00
2006,204,548,0.00
2006,204,618,0.00
2006,204,648,0.45
2006,204,718,0.00
2006,204,748,0.00
2006,204,818,0.00
2006,204,848,0.45
2006,204,918,0.00
2006,204,948,0.00
2006,204,1018,0.00
2006,204,1048,0.00
2006,204,1118,0.00
2006,204,1148,0.00
2006,204,1218,0.00
2006,204,1248,0.00
2006,204,1318,0.00
2006,204,1348,0.00
2006,204,1418,0.00
2006,204,1448,0.00
2006,204,1518,0.00
2006,204,1548,0.00
2006,204,1618,0.00
2006,204,1648,0.00
2006,204,1718,0.00
2006,204,1748,0.00
2006,204,1818,0.00
2006,204,1848,0.00
2006,204,1918,0.00
2006,204,1948,0.00
2006,204,2018,0.00
2006,204,2048,0.00
2006,204,2118,0.00
2006,204,2148,0.45
2006,204,2218,0.00
2006,204,2248,0.00
2006,204,2318,0.00
2006,204,2348,0.00
2006,205,18,0.00
2006,205,48,0.00
2006,205,118,0.00
2006,205,148,0.45
2006,205,218,0.00
2006,205,248,0.00
2006,205,318,0.00
2006,205,348,0.00
2006,205,418,0.00
2006,205,448,0.00
2006,205,518,0.00
2006,205,548,0.00
2006,205,618,0.00
2006,205,648,0.00
2006,205,718,0.00
2006,205,748,0.00
2006,205,818,0.00
2006,205,848,0.00
2006,205,918,0.00
2006,205,948,0.00
2006,205,1018,0.00
2006,205,1048,0.00
2006,205,1118,0.00
2006,205,1148,0.00
2006,205,1218,0.00
2006,205,1248,0.00
2006,205,1318,0.00
2006,205,1348,0.00
2006,205,1418,0.00
2006,205,1448,0.00
2006,205,1518,0.00
2006,205,1548,0.00
2006,205,1618,0.00
2006,205,1648,0.00
2006,205,1718,0.00
2006,205,1748,0.00
2006,205,1818,0.00
2006,205,1848,0.00
2006,205,1918,0.00
2006,205,1948,0.00
2006,205,2018,0.00
2006,205,2048,0.00
2006,205,2118,0.00
2006,205,2148,0.00
2006,205,2218,0.00
2006,205,2248,0.00
2006,205,2318,0.45
2006,205,2348,0.00
2006,206,18,0.00
2006,206,48,0.00
2006,206,118,0.00
2006,206,148,0.00
2006,206,218,0.00
2006,206,248,0.00
2006,206,318,0.00
2006,206,348,0.00
2006,206,418,0.00
2006,206,448,0.00
2006,206,518,0.00
2006,206,548,0.00
2006,206,618,0.00
2006,206,648,0.45
2006,206,718,0.00
2006,206,748,0.00
2006,206,818,0.00
2006,206,848,0.00
2006,206,918,0.00
2006,206,948,0.00
2006,206,1018,0.00
2006,206,1048,0.00
2006,206,1118,0.00
2006,206,1148,0.00
2006,206,1218,0.00
2006,206,1248,0.00
2006,206,1318,0.00
2006,206,1348,0.00
2006,206,1418,0.00
2006,206,1448,0.00
2006,206,1518,0.00
2006,206,1548,0.00
2006,206,1618,0.00
2006,206,1648,0.00
2006,206,1718,0.00
2006,206,1748,0.00
2006,206,1818,0.00
2006,206,1848,0.00
2006,206,1918,0.00
2006,206,1948,0.00
2006,206,2018,0.00
2006,206,2048,0.00
2006,206,2118,0.00
2006,206,2148,0.00
2006,206,2218,0.00
2006,206,2248,0.00
2006,206,2318,0.00
2006,206,2348,0.00
2006,207,18,0.00
2006,207,48,0.00
2006,207,118,0.00
2006,207,148,0.00
2006,207,218,0.00
2006,207,248,0.00
2006,207,318,0.00
2006,207,348,0.00
2006,207,418,0.00
2006,207,448,0.00
2006,207,518,0.00
2006,207,548,0.00
2006,207,618,0.00
2006,207,648,0.00
2006,207,718,0.00
2006,207,748,0.00
2006,207,818,0.00
2006,207,848,0.00
2006,207,918,0.00
2006,207,948,0.00
2006,207,1018,0.00
2006,207,1048,0.00
2006,207,1118,0.00
2006,207,1148,0.00
2006,207,1218,0.00
2006,207,1248,0.00
2006,207,1318,0.00
2006,207,1348,0.00
2006,207,1418,0.00
2006,207,1448,0.00
2006,207,1518,0.00
2006,207,1548,0.00
2006,207,1618,0.00
2006,207,1648,0.00
2006,207,1718,0.00
2006,207,1748,0.00
2006,207,1818,0.00
2006,207,1848,0.00
2006,207,1918,0.00
2006,207,1948,0.00
2006,207,2018,0.00
2006,207,2048,0.00
2006,207,2118,0.00
2006,207,2148,0.00
2006,207,2218,0.00
2006,207,2248,0.00
2006,207,2318,0.00
2006,207,2348,0.00
2006,208,18,0.00
2006,208,48,0.00
2006,208,118,0.00
2006,208,148,0.00
2006,208,218,0.00
2006,208,248,0.00
2006,208,318,0.00
2006,208,348,0.00
2006,208,418,0.00
2006,208,448,0.00
2006,208,518,0.00
2006,208,548,0.00
2006,208,618,0.00
2006,208,648,0.00
2006,208,718,0.00
2006,208,748,0.00
2006,208,818,0.00
2006,208,848,0.00
2006,208,918,0.00
2006,208,948,0.00
2006,208,1018,0.00
2006,208,1048,0.00
2006,208,1118,0.00
2006,208,1148,0.00
2006,208,1218,0.00
2006,208,1248,0.00
2006,208,1318,0.00
2006,208,1348,0.00
2006,208,1418,0.00
2006,208,1448,0.00
2006,208,1518,0.00
2006,208,1548,0.00
2006,208,1618,0.00
2006,208,1648,0.00
2006,208,1718,0.00
2006,208,1748,0.00
2006,208,1818,0.00
2006,208,1848,0.00
2006,208,1918,0.00
2006,208,1948,0.00
2006,208,2018,0.00
2006,208,2048,0.00
2006,208,2118,0.00
2006,208,2148,0.00
2006,208,2218,0.00
2006,208,2248,0.00
2006,208,2318,0.00
2006,208,2348,0.00
2006,209,18,0.00
2006,209,48,0.00
2006,209,118,0.00
2006,209,148,0.00
2006,209,218,0.00
2006,209,248,0.00
2006,209,318,0.00
2006,209,348,0.00
2006,209,418,0.00
2006,209,448,0.00
2006,209,518,0.00
2006,209,548,0.00
2006,209,618,0.00
2006,209,648,0.00
2006,209,718,0.00
2006,209,748,0.00
2006,209,818,0.00
2006,209,848,0.00
2006,209,918,0.00
2006,209,948,0.00
2006,209,1018,0.00
2006,209,1048,0.00
2006,209,1118,0.00
2006,209,1148,0.00
2006,209,1218,0.00
2006,209,1248,0.00
2006,209,1318,0.00
2006,209,1348,0.00
2006,209,1418,0.00
2006,209,1448,0.00
2006,209,1518,0.00
2006,209,1548,0.00
2006,209,1618,0.00
2006,209,1648,0.00
2006,209,1718,0.00
2006,209,1748,0.00
2006,209,1818,0.00
2006,209,1848,0.00
2006,209,1918,0.00
2006,209,1948,0.00
2006,209,2018,0.00
2006,209,2048,0.00
2006,209,2118,0.00
2006,209,2148,0.00
2006,209,2218,0.00
2006,209,2248,0.00
2006,209,2318,0.00
2006,209,2348,0.00
2006,210,18,0.00
2006,210,48,0.45
2006,210,118,0.00
2006,210,148,0.00
2006,210,218,0.00
2006,210,248,0.00
2006,210,318,0.00
2006,210,348,0.00
2006,210,418,0.00
2006,210,448,0.00
2006,210,518,0.00
2006,210,548,0.00
2006,210,618,0.00
2006,210,648,0.00
2006,210,718,0.00
2006,210,748,0.00
2006,210,818,0.00
2006,210,848,0.00
2006,210,918,0.00
2006,210,948,0.00
2006,210,1018,0.00
2006,210,1048,0.00
2006,210,1118,0.00
2006,210,1148,0.00
2006,210,1218,0.00
2006,210,1248,0.00
2006,210,1318,0.00
2006,210,1348,0.00
2006,210,1418,0.00
2006,210,1448,0.00
2006,210,1518,0.00
2006,210,1548,0.00
2006,210,1618,0.00
2006,210,1648,0.00
2006,210,1718,0.00
2006,210,1748,0.00
2006,210,1818,0.00
2006,210,1848,0.00
2006,210,1918,0.00
2006,210,1948,0.00
2006,210,2018,0.00
2006,210,2048,0.00
2006,210,2118,0.00
2006,210,2148,0.00
2006,210,2218,0.00
2006,210,2248,0.00
2006,210,2318,0.00
2006,210,2348,0.45
2006,211,18,0.00
2006,211,48,0.00
2006,211,118,0.00
2006,211,148,0.00
2006,211,218,0.45
2006,211,248,0.00
2006,211,318,0.00
2006,211,348,0.45
2006,211,418,0.00
2006,211,448,0.00
2006,211,518,0.00
2006,211,548,0.00
2006,211,618,0.00
2006,211,648,0.00
2006,211,718,0.00
2006,211,748,0.00
2006,211,818,0.00
2006,211,848,0.00
2006,211,918,0.00
2006,211,948,0.00
2006,211,1018,0.00
2006,211,1048,0.00
2006,211,1118,0.00
2006,211,1148,0.00
2006,211,1218,0.00
2006,211,1248,0.00
2006,211,1318,0.00
2006,211,1348,0.00
2006,211,1418,0.00
2006,211,1448,0.00
2006,211,1518,0.00
2006,211,1548,0.00
2006,211,1618,0.00
2006,211,1648,0.00
2006,211,1718,0.00
2006,211,1748,0.00
2006,211,1818,0.00
2006,211,1848,0.00
2006,211,1918,0.00
2006,211,1948,0.00
2006,211,2018,0.00
2006,211,2048,0.00
2006,211,2118,0.00
2006,211,2148,0.00
2006,211,2218,0.00
2006,211,2248,0.00
2006,211,2318,0.00
2006,211,2348,0.00
2006,212,18,0.00
2006,212,48,0.00
2006,212,118,0.00
2006,212,148,0.00
2006,212,218,0.00
2006,212,248,0.00
2006,212,318,0.00
2006,212,348,0.00
2006,212,418,0.00
2006,212,448,0.00
2006,212,518,0.00
2006,212,548,0.00
2006,212,618,0.00
2006,212,648,0.00
2006,212,718,0.00
2006,212,748,0.00
2006,212,818,0.00
2006,212,848,0.00
2006,212,918,0.00
2006,212,948,0.00
2006,212,1018,0.00
2006,212,1048,0.00
2006,212,1118,0.00
2006,212,1148,0.00
2006,212,1218,0.00
2006,212,1248,0.00
2006,212,1318,0.00
2006,212,1348,0.00
2006,212,1418,0.00
2006,212,1448,0.00
2006,212,1518,0.00
2006,212,1548,0.00
2006,212,1618,0.00
2006,212,1648,0.00
2006,212,1718,0.00
2006,212,1748,0.00
2006,212,1818,0.00
2006,212,1848,0.45
2006,212,1918,0.45
2006,212,1948,0.00
2006,212,2018,0.45
2006,212,2048,0.00
2006,212,2118,0.00
2006,212,2148,0.45
2006,212,2218,0.00
2006,212,2248,0.00
2006,212,2318,0.00
2006,212,2348,0.00
2006,213,18,0.45
2006,213,48,0.00
2006,213,118,0.45
2006,213,148,0.00
2006,213,218,0.00
2006,213,248,0.45
2006,213,318,0.00
2006,213,348,0.00
2006,213,418,0.00
2006,213,448,0.00
2006,213,518,0.45
2006,213,548,0.00
2006,213,618,0.45
2006,213,648,0.00
2006,213,718,0.00
2006,213,748,0.45
2006,213,818,0.00
2006,213,848,0.45
2006,213,918,0.00
2006,213,948,0.00
2006,213,1018,0.00
2006,213,1048,0.00
2006,213,1118,0.00
2006,213,1148,0.00
2006,213,1218,0.00
2006,213,1248,0.45
2006,213,1318,0.00
2006,213,1348,0.00
2006,213,1418,0.00
2006,213,1448,0.00
2006,213,1518,0.00
2006,213,1548,0.00
2006,213,1618,0.00
2006,213,1648,0.00
2006,213,1718,0.00
2006,213,1748,0.00
2006,213,1818,0.00
2006,213,1848,0.00
2006,213,1918,0.00
2006,213,1948,0.00
2006,213,2018,0.00
2006,213,2048,0.00
2006,213,2118,0.00
2006,213,2148,0.00
2006,213,2218,0.00
2006,213,2248,0.00
2006,213,2318,0.00
2006,213,2348,0.00
2006,214,18,0.00
2006,214,48,0.00
2006,214,118,0.00
2006,214,148,0.00
2006,214,218,0.00
2006,214,248,0.00
2006,214,318,0.00
2006,214,348,0.00
2006,214,418,0.00
2006,214,448,0.00
2006,214,518,0.00
2006,214,548,0.00
2006,214,618,0.00
2006,214,648,0.00
2006,214,718,0.00
2006,214,748,0.00
2006,214,818,0.00
2006,214,848,0.00
2006,214,918,0.00
2006,214,948,0.00
2006,214,1018,0.00
2006,214,1048,0.00
2006,214,1118,0.00
2006,214,1148,0.00
2006,214,1218,0.00
2006,214,1248,0.00
2006,214,1318,0.00
2006,214,1348,0.00
2006,214,1418,0.00
2006,214,1448,0.00
2006,214,1518,0.00
2006,214,1548,0.00
2006,214,1618,0.00
2006,214,1648,0.00
2006,214,1718,0.00
2006,214,1748,0.00
2006,214,1818,0.00
2006,214,1848,0.00
2006,214,1918,0.00
2006,214,1948,0.45
2006,214,2018,0.45
2006,214,2048,0.00
2006,214,2118,0.00
2006,214,2148,0.00
2006,214,2218,0.00
2006,214,2248,0.00
2006,214,2318,0.45
2006,214,2348,0.00
2006,215,18,0.00
2006,215,48,0.00
2006,215,118,0.45
2006,215,148,0.45
2006,215,218,0.00
2006,215,248,0.45
2006,215,318,0.45
2006,215,348,0.00
2006,215,418,0.00
2006,215,448,0.00
2006,215,518,0.00
2006,215,548,0.00
2006,215,618,0.00
2006,215,648,0.00
2006,215,718,0.00
2006,215,748,0.45
2006,215,818,0.45
2006,215,848,0.00
2006,215,918,0.00
2006,215,948,0.45
2006,215,1018,0.00
2006,215,1048,0.45
2006,215,1118,0.00
2006,215,1148,0.00
2006,215,1218,0.45
2006,215,1248,0.00
2006,215,1318,0.00
2006,215,1348,0.00
2006,215,1418,0.00
2006,215,1448,0.45
2006,215,1518,0.00
2006,215,1548,0.00
2006,215,1618,0.00
2006,215,1648,0.00
2006,215,1718,0.00
2006,215,1748,0.00
2006,215,1818,0.00
2006,215,1848,0.45
2006,215,1918,0.00
2006,215,1948,0.00
2006,215,2018,0.45
2006,215,2048,0.00
2006,215,2118,0.45
2006,215,2148,0.00
2006,215,2218,0.00
2006,215,2248,0.45
2006,215,2318,0.00
2006,215,2348,0.00
2006,216,18,0.45
2006,216,48,0.00
2006,216,118,0.00
2006,216,148,0.00
2006,216,218,0.00
2006,216,248,0.45
2006,216,318,0.00
2006,216,348,0.00
2006,216,418,0.00
2006,216,448,0.45
2006,216,518,0.00
2006,216,548,0.00
2006,216,618,0.00
2006,216,648,0.00
2006,216,718,0.00
2006,216,748,0.00
2006,216,818,0.00
2006,216,848,0.00
2006,216,918,0.00
2006,216,948,0.00
2006,216,1018,0.00
2006,216,1048,0.00
2006,216,1118,0.00
2006,216,1148,0.00
2006,216,1218,0.00
2006,216,1248,0.45
2006,216,1318,0.00
2006,216,1348,0.00
2006,216,1418,0.45
2006,216,1448,0.00
2006,216,1518,0.00
2006,216,1548,0.00
2006,216,1618,0.00
2006,216,1648,0.00
2006,216,1718,0.00
2006,216,1748,0.00
2006,216,1818,0.00
2006,216,1848,0.00
2006,216,1918,0.00
2006,216,1948,0.00
2006,216,2018,0.00
2006,216,2048,0.00
2006,216,2118,0.00
2006,216,2148,0.00
2006,216,2218,0.00
2006,216,2248,0.00
2006,216,2318,0.00
2006,216,2348,0.00
2006,217,18,0.00
2006,217,48,0.00
2006,217,118,0.00
2006,217,148,0.00
2006,217,218,0.45
2006,217,248,0.00
2006,217,318,0.00
2006,217,348,0.00
2006,217,418,0.45
2006,217,448,0.00
2006,217,518,0.00
2006,217,548,0.00
2006,217,618,0.00
2006,217,648,0.00
2006,217,718,0.00
2006,217,748,0.00
2006,217,818,0.00
2006,217,848,0.00
2006,217,918,0.00
2006,217,948,0.00
2006,217,1018,0.00
2006,217,1048,0.00
2006,217,1118,0.00
2006,217,1148,0.00
2006,217,1218,0.00
2006,217,1248,0.00
2006,217,1318,0.00
2006,217,1348,0.00
2006,217,1418,0.00
2006,217,1448,0.00
2006,217,1518,0.00
2006,217,1548,0.00
2006,217,1618,0.00
2006,217,1648,0.00
2006,217,1718,0.00
2006,217,1748,0.00
2006,217,1818,0.00
2006,217,1848,0.00
2006,217,1918,0.00
2006,217,1948,0.00
2006,217,2018,0.00
2006,217,2048,0.00
2006,217,2118,0.00
2006,217,2148,0.00
2006,217,2218,0.00
2006,217,2248,0.00
2006,217,2318,0.00
2006,217,2348,0.00
2006,218,18,0.00
2006,218,48,0.00
2006,218,118,0.00
2006,218,148,0.00
2006,218,218,0.00
2006,218,248,0.00
2006,218,318,0.00
2006,218,348,0.00
2006,218,418,0.00
2006,218,448,0.00
2006,218,518,0.00
2006,218,548,0.00
2006,218,618,0.00
2006,218,648,0.00
2006,218,718,0.00
2006,218,748,0.00
2006,218,818,0.00
2006,218,848,0.00
2006,218,918,0.00
2006,218,948,0.00
2006,218,1018,0.45
2006,218,1048,0.00
2006,218,1118,0.00
2006,218,1148,0.00
2006,218,1218,0.00
2006,218,1248,0.00
2006,218,1318,0.00
2006,218,1348,0.00
2006,218,1418,0.00
2006,218,1448,0.00
2006,218,1518,0.00
2006,218,1548,0.00
2006,218,1618,0.00
2006,218,1648,0.45
2006,218,1718,0.00
2006,218,1748,0.00
2006,218,1818,0.45
2006,218,1848,0.00
2006,218,1918,0.00
2006,218,1948,0.45
2006,218,2018,0.00
2006,218,2048,0.45
2006,218,2118,0.00
2006,218,2148,0.45
2006,218,2218,0.00
2006,218,2248,0.00
2006,218,2318,0.00
2006,218,2348,0.00
2006,219,18,0.00
2006,219,48,0.45
2006,219,118,0.45
2006,219,148,0.00
2006,219,218,0.45
2006,219,248,0.45
2006,219,318,0.45
2006,219,348,0.00
2006,219,418,0.00
2006,219,448,0.00
2006,219,518,0.00
2006,219,548,0.00
2006,219,618,0.45
2006,219,648,0.00
2006,219,718,0.00
2006,219,748,0.00
2006,219,818,0.45
2006,219,848,0.00
2006,219,918,0.00
2006,219,948,0.00
2006,219,1018,0.00
2006,219,1048,0.45
2006,219,1118,0.00
2006,219,1148,0.00
2006,219,1218,0.00
2006,219,1248,0.00
2006,219,1318,0.00
2006,219,1348,0.00
2006,219,1418,0.00
2006,219,1448,0.00
2006,219,1518,0.00
2006,219,1548,0.00
2006,219,1618,0.00
2006,219,1648,0.00
2006,219,1718,0.00
2006,219,1748,0.00
2006,219,1818,0.00
2006,219,1848,0.45
2006,219,1918,0.00
2006,219,1948,0.00
2006,219,2018,0.00
2006,219,2048,0.00
2006,219,2118,0.45
2006,219,2148,0.00
2006,219,2218,0.00
2006,219,2248,0.00
2006,219,2318,0.00
2006,219,2348,0.00
2006,220,18,0.45
2006,220,48,0.00
2006,220,118,0.45
2006,220,148,0.00
2006,220,218,0.45
2006,220,248,0.00
2006,220,318,0.45
2006,220,348,0.00
2006,220,418,0.00
2006,220,448,0.00
2006,220,518,0.00
2006,220,548,0.00
2006,220,618,0.00
2006,220,648,0.00
2006,220,718,0.00
2006,220,748,0.00
2006,220,818,0.00
2006,220,848,0.00
2006,220,918,0.45
2006,220,948,0.00
2006,220,1018,0.45
2006,220,1048,0.00
2006,220,1118,0.00
2006,220,1148,0.00
2006,220,1218,0.00
2006,220,1248,0.00
2006,220,1318,0.00
2006,220,1348,0.00
2006,220,1418,0.00
2006,220,1448,0.00
2006,220,1518,0.00
2006,220,1548,0.00
2006,220,1618,0.00
2006,220,1648,0.45
2006,220,1718,0.45
2006,220,1748,0.00
2006,220,1818,0.45
2006,220,1848,0.45
2006,220,1918,0.45
2006,220,1948,0.45
2006,220,2018,0.45
2006,220,2048,0.45
2006,220,2118,0.45
2006,220,2148,0.45
2006,220,2218,0.45
2006,220,2248,0.45
2006,220,2318,0.45
2006,220,2348,0.45
2006,221,18,0.45
2006,221,48,0.45
2006,221,118,0.45
2006,221,148,0.45
2006,221,218,0.45
2006,221,248,0.45
2006,221,318,0.45
2006,221,348,0.45
2006,221,418,0.45
2006,221,448,0.00
2006,221,518,0.45
2006,221,548,0.45
2006,221,618,0.45
2006,221,648,0.45
2006,221,718,0.45
2006,221,748,0.45
2006,221,818,0.45
2006,221,848,0.45
2006,221,918,0.45
2006,221,948,0.45
2006,221,1018,0.45
2006,221,1048,0.45
2006,221,1118,0.45
2006,221,1148,0.45
2006,221,1218,0.45
2006,221,1248,0.00
2006,221,1318,0.00
2006,221,1348,0.00
2006,221,1418,0.00
2006,221,1448,0.45
2006,221,1518,0.00
2006,221,1548,0.00
2006,221,1618,0.45
2006,221,1648,0.00
2006,221,1718,0.00
2006,221,1748,0.00
2006,221,1818,0.00
2006,221,1848,0.00
2006,221,1918,0.00
2006,221,1948,0.00
2006,221,2018,0.45
2006,221,2048,0.00
2006,221,2118,0.00
2006,221,2148,0.00
2006,221,2218,0.00
2006,221,2248,0.00
2006,221,2318,0.45
2006,221,2348,0.00
2006,222,18,0.00
2006,222,48,0.00
2006,222,118,0.00
2006,222,148,0.00
2006,222,218,0.00
2006,222,248,0.00
2006,222,318,0.00
2006,222,348,0.00
2006,222,418,0.00
2006,222,448,0.00
2006,222,518,0.00
2006,222,548,0.00
2006,222,618,0.00
2006,222,648,0.00
2006,222,718,0.00
2006,222,748,0.00
2006,222,818,0.00
2006,222,848,0.00
2006,222,918,0.00
2006,222,948,0.00
2006,222,1018,0.00
2006,222,1048,0.00
2006,222,1118,0.00
2006,222,1148,0.00
2006,222,1218,0.00
2006,222,1248,0.00
2006,222,1318,0.00
2006,222,1348,0.00
2006,222,1418,0.00
2006,222,1448,0.00
2006,222,1518,0.00
2006,222,1548,0.00
2006,222,1618,0.00
2006,222,1648,0.00
2006,222,1718,0.00
2006,222,1748,0.00
2006,222,1818,0.00
2006,222,1848,0.00
2006,222,1918,0.00
2006,222,1948,0.00
2006,222,2018,0.00
2006,222,2048,0.00
2006,222,2118,0.00
2006,222,2148,0.00
2006,222,2218,0.00
2006,222,2248,0.00
2006,222,2318,0.00
2006,222,2348,0.00
2006,223,18,0.00
2006,223,48,0.00
2006,223,118,0.00
2006,223,148,0.00
2006,223,218,0.00
2006,223,248,0.00
2006,223,318,0.00
2006,223,348,0.00
2006,223,418,0.00
2006,223,448,0.00
2006,223,518,0.00
2006,223,548,0.00
2006,223,618,0.00
2006,223,648,0.00
2006,223,718,0.00
2006,223,748,0.00
2006,223,818,0.00
2006,223,848,0.00
2006,223,918,0.00
2006,223,948,0.00
2006,223,1018,0.00
2006,223,1048,0.45
2006,223,1118,0.00
2006,223,1148,0.00
2006,223,1218,0.45
2006,223,1248,0.00
2006,223,1318,0.00
2006,223,1348,0.45
2006,223,1418,0.00
2006,223,1448,0.45
2006,223,1518,0.00
2006,223,1548,0.45
2006,223,1618,0.45
2006,223,1648,0.00
2006,223,1718,0.45
2006,223,1748,0.00
2006,223,1818,0.45
2006,223,1848,0.45
2006,223,1918,0.00
2006,223,1948,0.45
2006,223,2018,0.45
2006,223,2048,0.00
2006,223,2118,0.45
2006,223,2148,0.45
2006,223,2218,0.00
2006,223,2248,0.45
2006,223,2318,0.00
2006,223,2348,0.00
2006,224,18,0.00
2006,224,48,0.00
2006,224,118,0.00
2006,224,148,0.00
2006,224,218,0.00
2006,224,248,0.00
2006,224,318,0.00
2006,224,348,0.00
2006,224,418,0.00
2006,224,448,0.00
2006,224,518,0.00
2006,224,548,0.00
2006,224,618,0.00
2006,224,648,0.45
2006,224,718,0.00
2006,224,748,0.00
2006,224,818,0.45
2006,224,848,0.00
2006,224,918,0.45
2006,224,948,0.00
2006,224,1018,0.00
2006,224,1048,0.00
2006,224,1118,0.00
2006,224,1148,0.45
2006,224,1218,0.00
2006,224,1248,0.00
2006,224,1318,0.45
2006,224,1348,0.00
2006,224,1418,0.00
2006,224,1448,0.00
2006,224,1518,0.45
2006,224,1548,0.00
2006,224,1618,0.00
2006,224,1648,0.45
2006,224,1718,0.00
2006,224,1748,0.45
2006,224,1818,0.00
2006,224,1848,0.00
2006,224,1918,0.45
2006,224,1948,0.45
2006,224,2018,0.00
2006,224,2048,0.45
2006,224,2118,0.00
2006,224,2148,0.45
2006,224,2218,0.45
2006,224,2248,0.45
2006,224,2318,0.00
2006,224,2348,0.00
2006,225,18,0.00
2006,225,48,0.00
2006,225,118,0.00
2006,225,148,0.00
2006,225,218,0.45
2006,225,248,0.45
2006,225,318,0.45
2006,225,348,0.45
2006,225,418,0.45
2006,225,448,0.45
2006,225,518,0.45
2006,225,548,0.00
2006,225,618,0.00
2006,225,648,0.00
2006,225,718,0.00
2006,225,748,0.00
2006,225,818,0.00
2006,225,848,0.45
2006,225,918,0.00
2006,225,948,0.45
2006,225,1018,0.00
2006,225,1048,0.00
2006,225,1118,0.45
2006,225,1148,0.00
2006,225,1218,0.00
2006,225,1248,0.45
2006,225,1318,0.00
2006,225,1348,0.45
2006,225,1418,0.00
2006,225,1448,0.00
2006,225,1518,0.45
2006,225,1548,0.00
2006,225,1618,0.45
2006,225,1648,0.00
2006,225,1718,0.00
2006,225,1748,0.45
2006,225,1818,0.00
2006,225,1848,0.45
2006,225,1918,0.00
2006,225,1948,0.00
2006,225,2018,0.00
2006,225,2048,0.00
2006,225,2118,0.45
2006,225,2148,0.00
2006,225,2218,0.00
2006,225,2248,0.00
2006,225,2318,0.00
2006,225,2348,0.45
2006,226,18,0.00
2006,226,48,0.45
2006,226,118,0.00
2006,226,148,0.00
2006,226,218,0.45
2006,226,248,0.00
2006,226,318,0.45
2006,226,348,0.00
2006,226,418,0.00
2006,226,448,0.45
2006,226,518,0.00
2006,226,548,0.45
2006,226,618,0.00
2006,226,648,0.45
2006,226,718,0.00
2006,226,748,0.00
2006,226,818,0.45
2006,226,848,0.00
2006,226,918,0.45
2006,226,948,0.00
2006,226,1018,0.00
2006,226,1048,0.45
2006,226,1118,0.00
2006,226,1148,0.00
2006,226,1218,0.00
2006,226,1248,0.00
2006,226,1318,0.00
2006,226,1348,0.00
2006,226,1418,0.00
2006,226,1448,0.00
2006,226,1518,0.45
2006,226,1548,0.00
2006,226,1618,0.00
2006,226,1648,0.00
2006,226,1718,0.00
2006,226,1748,0.00
2006,226,1818,0.00
2006,226,1848,0.00
2006,226,1918,0.45
2006,226,1948,0.00
2006,226,2018,0.00
2006,226,2048,0.45
2006,226,2118,0.00
2006,226,2148,0.00
2006,226,2218,0.45
2006,226,2248,0.00
2006,226,2318,0.00
2006,226,2348,0.45
2006,227,18,0.00
2006,227,48,0.00
2006,227,118,0.45
2006,227,148,0.00
2006,227,218,0.00
2006,227,248,0.00
2006,227,318,0.00
2006,227,348,0.45
2006,227,418,0.00
2006,227,448,0.00
2006,227,518,0.45
2006,227,548,0.00
2006,227,618,0.45
2006,227,648,0.00
2006,227,718,0.00
2006,227,748,0.45
2006,227,818,0.00
2006,227,848,0.00
2006,227,918,0.00
2006,227,948,0.00
2006,227,1018,0.00
2006,227,1048,0.00
2006,227,1118,0.00
2006,227,1148,0.00
2006,227,1218,0.00
2006,227,1248,0.00
2006,227,1318,0.00
2006,227,1348,0.00
2006,227,1418,0.00
2006,227,1448,0.00
2006,227,1518,0.00
2006,227,1548,0.00
2006,227,1618,0.00
2006,227,1648,0.00
2006,227,1718,0.00
2006,227,1748,0.00
2006,227,1818,0.00
2006,227,1848,0.00
2006,227,1918,0.45
2006,227,1948,0.00
2006,227,2018,0.00
2006,227,2048,0.00
2006,227,2118,0.00
2006,227,2148,0.00
2006,227,2218,0.00
2006,227,2248,0.00
2006,227,2318,0.45
2006,227,2348,0.00
2006,228,18,0.00
2006,228,48,0.45
2006,228,118,0.00
2006,228,148,0.00
2006,228,218,0.00
2006,228,248,0.00
2006,228,318,0.00
2006,228,348,0.00
2006,228,418,0.00
2006,228,448,0.00
2006,228,518,0.45
2006,228,548,0.00
2006,228,618,0.45
2006,228,648,0.00
2006,228,718,0.00
2006,228,748,0.45
2006,228,818,0.00
2006,228,848,0.00
2006,228,918,0.45
2006,228,948,0.00
2006,228,1018,0.00
2006,228,1048,0.00
2006,228,1118,0.00
2006,228,1148,0.00
2006,228,1218,0.00
2006,228,1248,0.00
2006,228,1318,0.45
2006,228,1348,0.00
2006,228,1418,0.00
2006,228,1448,0.00
2006,228,1518,0.00
2006,228,1548,0.00
2006,228,1618,0.00
2006,228,1648,0.00
2006,228,1718,0.00
2006,228,1748,0.00
2006,228,1818,0.00
2006,228,1848,0.00
2006,228,1918,0.00
2006,228,1948,0.00
2006,228,2018,0.00
2006,228,2048,0.00
2006,228,2118,0.45
2006,228,2148,0.00
2006,228,2218,0.00
2006,228,2248,0.45
2006,228,2318,0.00
2006,228,2348,0.00
2006,229,18,0.45
2006,229,48,0.00
2006,229,118,0.00
2006,229,148,0.45
2006,229,218,0.00
2006,229,248,0.00
2006,229,318,0.45
2006,229,348,0.00
2006,229,418,0.00
2006,229,448,0.00
2006,229,518,0.00
2006,229,548,0.00
2006,229,618,0.45
2006,229,648,0.00
2006,229,718,0.00
2006,229,748,0.45
2006,229,818,0.00
2006,229,848,0.00
2006,229,918,0.00
2006,229,948,0.45
2006,229,1018,0.00
2006,229,1048,0.00
2006,229,1118,0.00
2006,229,1148,0.00
2006,229,1218,0.45
2006,229,1248,0.00
2006,229,1318,0.00
2006,229,1348,0.00
2006,229,1418,0.00
2006,229,1448,0.00
2006,229,1518,0.00
2006,229,1548,0.00
2006,229,1618,0.00
2006,229,1648,0.00
2006,229,1718,0.00
2006,229,1748,0.00
2006,229,1818,0.00
2006,229,1848,0.00
2006,229,1918,0.00
2006,229,1948,0.00
2006,229,2018,0.00
2006,229,2048,0.00
2006,229,2118,0.00
2006,229,2148,0.45
2006,229,2218,0.00
2006,229,2248,0.00
2006,229,2318,0.00
2006,229,2348,0.45
2006,230,18,0.00
2006,230,48,0.00
2006,230,118,0.00
2006,230,148,0.45
2006,230,218,0.45
2006,230,248,0.45
2006,230,318,0.00
2006,230,348,0.00
2006,230,418,0.00
2006,230,448,0.45
2006,230,518,0.45
2006,230,548,0.45
2006,230,618,0.45
2006,230,648,0.00
2006,230,718,0.00
2006,230,748,0.45
2006,230,818,0.00
2006,230,848,0.00
2006,230,918,0.00
2006,230,948,0.00
2006,230,1018,0.00
2006,230,1048,0.00
2006,230,1118,0.00
2006,230,1148,0.00
2006,230,1218,0.00
2006,230,1248,0.00
2006,230,1318,0.00
2006,230,1348,0.45
2006,230,1418,0.45
2006,230,1448,0.00
2006,230,1518,0.00
2006,230,1548,0.00
2006,230,1618,0.00
2006,230,1648,0.00
2006,230,1718,0.00
2006,230,1748,0.00
2006,230,1818,0.00
2006,230,1848,0.00
2006,230,1918,0.00
2006,230,1948,0.00
2006,230,2018,0.00
2006,230,2048,0.00
2006,230,2118,0.00
2006,230,2148,0.00
2006,230,2218,0.00
2006,230,2248,0.00
2006,230,2318,0.00
2006,230,2348,0.00
2006,231,18,0.00
2006,231,48,0.00
2006,231,118,0.00
2006,231,148,0.45
2006,231,218,0.45
2006,231,248,0.45
2006,231,318,0.45
2006,231,348,0.45
2006,231,418,0.45
2006,231,448,0.00
2006,231,518,0.00
2006,231,548,0.45
2006,231,618,0.00
2006,231,648,0.00
2006,231,718,0.00
2006,231,748,0.45
2006,231,818,0.00
2006,231,848,0.00
2006,231,918,0.00
2006,231,948,0.00
2006,231,1018,0.00
2006,231,1048,0.00
2006,231,1118,0.00
2006,231,1148,0.00
2006,231,1218,0.00
2006,231,1248,0.00
2006,231,1318,0.00
2006,231,1348,0.00
2006,231,1418,0.00
2006,231,1448,0.00
2006,231,1518,0.00
2006,231,1548,0.00
2006,231,1618,0.00
2006,231,1648,0.00
2006,231,1718,0.00
2006,231,1748,0.00
2006,231,1818,0.00
2006,231,1848,0.00
2006,231,1918,0.00
2006,231,1948,0.00
2006,231,2018,0.00
2006,231,2048,0.00
2006,231,2118,0.00
2006,231,2148,0.00
2006,231,2218,0.00
2006,231,2248,0.00
2006,231,2318,0.00
2006,231,2348,0.00
2006,232,18,0.45
2006,232,48,0.00
2006,232,118,0.00
2006,232,148,0.00
2006,232,218,0.00
2006,232,248,0.00
2006,232,318,0.00
2006,232,348,0.00
2006,232,418,0.45
2006,232,448,0.00
2006,232,518,0.00
2006,232,548,0.00
2006,232,618,0.00
2006,232,648,0.00
2006,232,718,0.00
2006,232,748,0.00
2006,232,818,0.00
2006,232,848,0.00
2006,232,918,0.00
2006,232,948,0.45
2006,232,1018,0.00
2006,232,1048,0.00
2006,232,1118,0.00
2006,232,1148,0.45
2006,232,1218,0.00
2006,232,1248,0.00
2006,232,1318,0.00
2006,232,1348,0.00
2006,232,1418,0.00
2006,232,1448,0.00
2006,232,1518,0.00
2006,232,1548,0.00
2006,232,1618,0.00
2006,232,1648,0.00
2006,232,1718,0.00
2006,232,1748,0.00
2006,232,1818,0.00
2006,232,1848,0.00
2006,232,1918,0.00
2006,232,1948,0.00
2006,232,2018,0.00
2006,232,2048,0.45
2006,232,2118,0.00
2006,232,2148,0.00
2006,232,2218,0.45
2006,232,2248,0.00
2006,232,2318,0.00
2006,232,2348,0.45
2006,233,18,0.00
2006,233,48,0.00
2006,233,118,0.45
2006,233,148,0.00
2006,233,218,0.00
2006,233,248,0.00
2006,233,318,0.45
2006,233,348,0.00
2006,233,418,0.00
2006,233,448,0.00
2006,233,518,0.45
2006,233,548,0.00
2006,233,618,0.00
2006,233,648,0.45
2006,233,718,0.00
2006,233,748,0.00
2006,233,818,0.45
2006,233,848,0.00
2006,233,918,0.00
2006,233,948,0.45
2006,233,1018,0.00
2006,233,1048,0.00
2006,233,1118,0.00
2006,233,1148,0.00
2006,233,1218,0.00
2006,233,1248,0.00
2006,233,1318,0.45
2006,233,1348,0.00
2006,233,1418,0.00
2006,233,1448,0.00
2006,233,1518,0.00
2006,233,1548,0.00
2006,233,1618,0.45
2006,233,1648,0.00
2006,233,1718,0.00
2006,233,1748,0.45
2006,233,1818,0.00
2006,233,1848,0.00
2006,233,1918,0.00
2006,233,1948,0.00
2006,233,2018,0.00
2006,233,2048,0.00
2006,233,2118,0.00
2006,233,2148,0.00
2006,233,2218,0.00
2006,233,2248,0.45
2006,233,2318,0.00
2006,233,2348,0.00
2006,234,18,0.45
2006,234,48,0.00
2006,234,118,0.00
2006,234,148,0.00
2006,234,218,0.00
2006,234,248,0.00
2006,234,318,0.00
2006,234,348,0.45
2006,234,418,0.00
2006,234,448,0.00
2006,234,518,0.45
2006,234,548,0.00
2006,234,618,0.00
2006,234,648,0.45
2006,234,718,0.00
2006,234,748,0.00
2006,234,818,0.00
2006,234,848,0.00
2006,234,918,0.00
2006,234,948,0.00
2006,234,1018,0.00
2006,234,1048,0.00
2006,234,1118,0.00
2006,234,1148,0.00
2006,234,1218,0.00
2006,234,1248,0.00
2006,234,1318,0.00
2006,234,1348,0.00
2006,234,1418,0.00
2006,234,1448,0.00
2006,234,1518,0.00
2006,234,1548,0.00
2006,234,1618,0.00
2006,234,1648,0.00
2006,234,1718,0.00
2006,234,1748,0.00
2006,234,1818,0.45
2006,234,1848,0.00
2006,234,1918,0.00
2006,234,1948,0.45
2006,234,2018,0.00
2006,234,2048,0.00
2006,234,2118,0.45
2006,234,2148,0.00
2006,234,2218,0.00
2006,234,2248,0.00
2006,234,2318,0.00
2006,234,2348,0.00
2006,235,18,0.00
2006,235,48,0.00
2006,235,118,0.00
2006,235,148,0.00
2006,235,218,0.00
2006,235,248,0.00
2006,235,318,0.00
2006,235,348,0.00
2006,235,418,0.00
2006,235,448,0.00
2006,235,518,0.00
2006,235,548,0.00
2006,235,618,0.00
2006,235,648,0.00
2006,235,718,0.45
2006,235,748,0.00
2006,235,818,0.00
2006,235,848,0.45
2006,235,918,0.00
2006,235,948,0.00
2006,235,1018,0.00
2006,235,1048,0.00
2006,235,1118,0.00
2006,235,1148,0.00
2006,235,1218,0.00
2006,235,1248,0.00
2006,235,1318,0.00
2006,235,1348,0.00
2006,235,1418,0.00
2006,235,1448,0.00
2006,235,1518,0.00
2006,235,1548,0.45
2006,235,1618,0.00
2006,235,1648,0.00
2006,235,1718,0.00
2006,235,1748,0.00
2006,235,1818,0.00
2006,235,1848,0.45
2006,235,1918,0.00
2006,235,1948,0.00
2006,235,2018,0.00
2006,235,2048,0.45
2006,235,2118,0.00
2006,235,2148,0.00
2006,235,2218,0.00
2006,235,2248,0.00
2006,235,2318,0.00
2006,235,2348,0.00
2006,236,18,0.45
2006,236,48,0.00
2006,236,118,0.00
2006,236,148,0.45
2006,236,218,0.00
2006,236,248,0.00
2006,236,318,0.00
2006,236,348,0.00
2006,236,418,0.00
2006,236,448,0.00
2006,236,518,0.00
2006,236,548,0.00
2006,236,618,0.00
2006,236,648,0.00
2006,236,718,0.00
2006,236,748,0.00
2006,236,818,0.45
2006,236,848,0.00
2006,236,918,0.00
2006,236,948,0.00
2006,236,1018,0.00
2006,236,1048,0.00
2006,236,1118,0.45
2006,236,1148,0.00
2006,236,1218,0.45
2006,236,1248,0.45
2006,236,1318,0.00
2006,236,1348,0.00
2006,236,1418,0.00
2006,236,1448,0.00
2006,236,1518,0.00
2006,236,1548,0.00
2006,236,1618,0.00
2006,236,1648,0.00
2006,236,1718,0.00
2006,236,1748,0.00
2006,236,1818,0.00
2006,236,1848,0.45
2006,236,1918,0.00
2006,236,1948,0.00
2006,236,2018,0.45
2006,236,2048,0.00
2006,236,2118,0.00
2006,236,2148,0.00
2006,236,2218,0.00
2006,236,2248,0.00
2006,236,2318,0.00
2006,236,2348,0.00
2006,237,18,0.00
2006,237,48,0.00
2006,237,118,0.00
2006,237,148,0.45
2006,237,218,0.00
2006,237,248,0.00
2006,237,318,0.00
2006,237,348,0.00
2006,237,418,0.45
2006,237,448,0.00
2006,237,518,0.45
2006,237,548,0.00
2006,237,618,0.00
2006,237,648,0.00
2006,237,718,0.00
2006,237,748,0.00
2006,237,818,0.00
2006,237,848,0.00
2006,237,918,0.00
2006,237,948,0.00
2006,237,1018,0.00
2006,237,1048,0.00
2006,237,1118,0.00
2006,237,1148,0.00
2006,237,1218,0.00
2006,237,1248,0.00
2006,237,1318,0.00
2006,237,1348,0.45
2006,237,1418,0.00
2006,237,1448,0.00
2006,237,1518,0.00
2006,237,1548,0.00
2006,237,1618,0.00
2006,237,1648,0.45
2006,237,1718,0.00
2006,237,1748,0.00
2006,237,1818,0.00
2006,237,1848,0.45
2006,237,1918,0.00
2006,237,1948,0.00
2006,237,2018,0.45
2006,237,2048,0.00
2006,237,2118,0.00
2006,237,2148,0.45
2006,237,2218,0.00
2006,237,2248,0.45
2006,237,2318,0.45
2006,237,2348,0.00
2006,238,18,0.00
2006,238,48,0.00
2006,238,118,0.00
2006,238,148,0.00
2006,238,218,0.00
2006,238,248,0.00
2006,238,318,0.45
2006,238,348,0.00
2006,238,418,0.00
2006,238,448,0.45
2006,238,518,0.00
2006,238,548,0.45
2006,238,618,0.00
2006,238,648,0.00
2006,238,718,0.45
2006,238,748,0.00
2006,238,818,0.00
2006,238,848,0.45
2006,238,918,0.00
2006,238,948,0.00
2006,238,1018,0.45
2006,238,1048,0.00
2006,238,1118,0.00
2006,238,1148,0.00
2006,238,1218,0.00
2006,238,1248,0.00
2006,238,1318,0.00
2006,238,1348,0.00
2006,238,1418,0.00
2006,238,1448,0.00
2006,238,1518,0.00
2006,238,1548,0.45
2006,238,1618,0.00
2006,238,1648,0.45
2006,238,1718,0.45
2006,238,1748,0.45
2006,238,1818,0.45
2006,238,1848,0.45
2006,238,1918,0.45
2006,238,1948,0.45
2006,238,2018,0.45
2006,238,2048,0.45
2006,238,2118,0.45
2006,238,2148,0.00
2006,238,2218,0.45
2006,238,2248,0.45
2006,238,2318,0.45
2006,238,2348,0.45
2006,239,18,0.45
2006,239,48,0.45
2006,239,118,0.45
2006,239,148,0.45
2006,239,218,0.00
2006,239,248,0.45
2006,239,318,0.45
2006,239,348,0.45
2006,239,418,0.45
2006,239,448,0.00
2006,239,518,0.00
2006,239,548,0.45
2006,239,618,0.45
2006,239,648,0.00
2006,239,718,0.45
2006,239,748,0.45
2006,239,818,0.00
2006,239,848,0.45
2006,239,918,0.45
2006,239,948,0.45
2006,239,1018,0.45
2006,239,1048,0.45
2006,239,1118,0.45
2006,239,1148,0.00
2006,239,1218,0.45
2006,239,1248,0.45
2006,239,1318,0.45
2006,239,1348,0.45
2006,239,1418,0.45
2006,239,1448,0.45
2006,239,1518,0.45
2006,239,1548,0.45
2006,239,1618,0.45
2006,239,1648,0.45
2006,239,1718,0.45
2006,239,1748,0.00
2006,239,1818,0.45
2006,239,1848,0.45
2006,239,1918,0.45
2006,239,1948,0.45
2006,239,2018,0.00
2006,239,2048,0.45
2006,239,2118,0.45
2006,239,2148,0.00
2006,239,2218,0.45
2006,239,2248,0.45
2006,239,2318,0.45
2006,239,2348,0.45
2006,240,18,0.45
2006,240,48,0.45
2006,240,118,0.45
2006,240,148,0.45
2006,240,218,0.45
2006,240,248,0.45
2006,240,318,0.45
2006,240,348,0.45
2006,240,418,0.45
2006,240,448,0.45
2006,240,518,0.45
2006,240,548,0.45
2006,240,618,0.45
2006,240,648,0.45
2006,240,718,0.45
2006,240,748,0.45
2006,240,818,0.45
2006,240,848,0.45
2006,240,918,0.45
2006,240,948,0.45
2006,240,1018,0.45
2006,240,1048,0.45
2006,240,1118,0.00
2006,240,1148,0.45
2006,240,1218,0.45
2006,240,1248,0.45
2006,240,1318,0.45
2006,240,1348,0.45
2006,240,1418,0.45
2006,240,1448,0.45
2006,240,1518,0.45
2006,240,1548,0.45
2006,240,1618,0.00
2006,240,1648,0.45
2006,240,1718,0.00
2006,240,1748,0.00
2006,240,1818,0.45
2006,240,1848,0.45
2006,240,1918,0.45
2006,240,1948,0.45
2006,240,2018,0.45
2006,240,2048,0.45
2006,240,2118,0.45
2006,240,2148,0.45
2006,240,2218,0.45
2006,240,2248,0.45
2006,240,2318,0.45
2006,240,2348,0.45
2006,241,18,0.45
2006,241,48,0.45
2006,241,118,0.45
2006,241,148,0.45
2006,241,218,0.45
2006,241,248,0.45
2006,241,318,0.45
2006,241,348,0.45
2006,241,418,0.45
2006,241,448,0.00
2006,241,518,0.00
2006,241,548,0.00
2006,241,618,0.00
2006,241,648,0.00
2006,241,718,0.00
2006,241,748,0.00
2006,241,818,0.00
2006,241,848,0.00
2006,241,918,0.00
2006,241,948,0.00
2006,241,1018,0.00
2006,241,1048,0.00
2006,241,1118,0.00
2006,241,1148,0.00
2006,241,1218,0.00
2006,241,1248,0.00
2006,241,1318,0.00
2006,241,1348,0.00
2006,241,1418,0.00
2006,241,1448,0.00
2006,241,1518,0.00
2006,241,1548,0.00
2006,241,1618,0.00
2006,241,1648,0.00
2006,241,1718,0.00
2006,241,1748,0.00
2006,241,1818,0.00
2006,241,1848,0.00
2006,241,1918,0.00
2006,241,1948,0.00
2006,241,2018,0.00
2006,241,2048,0.00
2006,241,2118,0.00
2006,241,2148,0.00
2006,241,2218,0.00
2006,241,2248,0.00
2006,241,2318,0.00
2006,241,2348,0.00
2006,242,18,0.00
2006,242,48,0.00
2006,242,118,0.00
2006,242,148,0.00
2006,242,218,0.00
2006,242,248,0.00
2006,242,318,0.00
2006,242,348,0.00
2006,242,418,0.00
2006,242,448,0.45
2006,242,518,0.00
2006,242,548,0.45
2006,242,618,0.45
2006,242,648,0.45
2006,242,718,0.45
2006,242,748,0.45
2006,242,818,0.45
2006,242,848,0.45
2006,242,918,0.45
2006,242,948,0.00
2006,242,1018,0.00
2006,242,1048,0.45
2006,242,1118,0.00
2006,242,1148,0.00
2006,242,1218,0.45
2006,242,1248,0.00
2006,242,1318,0.00
2006,242,1348,0.00
2006,242,1418,0.00
2006,242,1448,0.00
2006,242,1518,0.45
2006,242,1548,0.00
2006,242,1618,0.00
2006,242,1648,0.00
2006,242,1718,0.00
2006,242,1748,0.00
2006,242,1818,0.00
2006,242,1848,0.00
2006,242,1918,0.45
2006,242,1948,0.00
2006,242,2018,0.00
2006,242,2048,0.00
2006,242,2118,0.00
2006,242,2148,0.00
2006,242,2218,0.00
2006,242,2248,0.00
2006,242,2318,0.00
2006,242,2348,0.00
2006,243,18,0.00
2006,243,48,0.00
2006,243,118,0.00
2006,243,148,0.00
2006,243,218,0.00
2006,243,248,0.00
2006,243,318,0.00
2006,243,348,0.45
2006,243,418,0.45
2006,243,448,0.45
2006,243,518,0.45
2006,243,548,0.45
2006,243,618,0.00
2006,243,648,0.45
2006,243,718,0.45
2006,243,748,0.45
2006,243,818,0.00
2006,243,848,0.45
2006,243,918,0.00
2006,243,948,0.00
2006,243,1018,0.00
2006,243,1048,0.00
2006,243,1118,0.00
2006,243,1148,0.00
2006,243,1218,0.00
2006,243,1248,0.00
2006,243,1318,0.00
2006,243,1348,0.00
2006,243,1418,0.00
2006,243,1448,0.00
2006,243,1518,0.45
2006,243,1548,0.00
2006,243,1618,0.00
2006,243,1648,0.00
2006,243,1718,0.45
2006,243,1748,0.00
2006,243,1818,0.00
2006,243,1848,0.00
2006,243,1918,0.00
2006,243,1948,0.00
2006,243,2018,0.00
2006,243,2048,0.00
2006,243,2118,0.45
2006,243,2148,0.00
2006,243,2218,0.00
2006,243,2248,0.00
2006,243,2318,0.00
2006,243,2348,0.00
2006,244,18,0.00
2006,244,48,0.00
2006,244,118,0.45
2006,244,148,0.00
2006,244,218,0.00
2006,244,248,0.00
2006,244,318,0.00
2006,244,348,0.45
2006,244,418,0.00
2006,244,448,0.00
2006,244,518,0.00
2006,244,548,0.00
2006,244,618,0.00
2006,244,648,0.00
2006,244,718,0.00
2006,244,748,0.00
2006,244,818,0.00
2006,244,848,0.00
2006,244,918,0.45
2006,244,948,0.00
2006,244,1018,0.45
2006,244,1048,0.00
2006,244,1118,0.00
2006,244,1148,0.00
2006,244,1218,0.00
2006,244,1248,0.00
2006,244,1318,0.00
2006,244,1348,0.00
2006,244,1418,0.00
2006,244,1448,0.00
2006,244,1518,0.45
2006,244,1548,0.00
2006,244,1618,0.45
2006,244,1648,0.00
2006,244,1718,0.00
2006,244,1748,0.00
2006,244,1818,0.00
2006,244,1848,0.00
2006,244,1918,0.00
2006,244,1948,0.00
2006,244,2018,0.00
2006,244,2048,0.00
2006,244,2118,0.00
2006,244,2148,0.00
2006,244,2218,0.00
2006,244,2248,0.00
2006,244,2318,0.00
2006,244,2348,0.00
2006,245,18,0.00
2006,245,48,0.00
2006,245,118,0.00
2006,245,148,0.00
2006,245,218,0.00
2006,245,248,0.00
2006,245,318,0.00
2006,245,348,0.00
2006,245,418,0.00
2006,245,448,0.00
2006,245,318,0.00
2006,245,348,0.00
2006,245,418,0.00
2006,245,448,0.00
2006,245,518,0.00
2006,245,548,0.00
2006,245,318,0.00
2006,245,348,0.00
2006,245,418,0.00
2006,245,448,0.00
2006,245,518,0.00
2006,245,548,0.00
2006,245,318,0.00
2006,245,348,0.00
2006,245,418,0.00
2006,245,448,0.00
2006,245,518,0.00
2006,245,318,0.00
2006,245,348,0.00
2006,245,418,0.00
2006,245,448,0.00
2006,245,518,0.00
2006,245,548,0.00
2006,245,618,0.00
2006,245,648,0.00
2006,245,718,0.00
2006,245,748,0.00
2006,245,818,0.00
2006,245,848,0.00
2006,245,918,0.00
2006,245,948,0.45
2006,245,1018,0.00
2006,245,1048,0.00
2006,245,1118,0.00
2006,245,1148,0.00
2006,245,1218,0.00
2006,245,1248,0.45
2006,245,1318,0.00
2006,245,1348,0.00
2006,245,1418,0.45
2006,245,1448,0.00
2006,245,1518,0.00
2006,245,1548,0.00
2006,245,1618,0.00
2006,245,1648,0.00
2006,245,1718,0.00
2006,245,1748,0.00
2006,245,1818,0.45
2006,245,1848,0.00
2006,245,1918,0.45
2006,245,1948,0.00
2006,245,2018,0.00
2006,245,2048,0.45
2006,245,2118,0.00
2006,245,2148,0.45
2006,245,2218,0.00
2006,245,2248,0.00
2006,245,2318,0.00
2006,245,2348,0.00
2006,246,18,0.00
2006,246,48,0.45
2006,246,118,0.00
2006,246,148,0.00
2006,246,218,0.00
2006,246,248,0.00
2006,246,318,0.45
2006,246,348,0.00
2006,246,418,0.45
2006,246,448,0.45
2006,246,518,0.00
2006,246,548,0.45
2006,246,618,0.00
2006,246,648,0.45
2006,246,718,0.00
2006,246,748,0.45
2006,246,818,0.00
2006,246,848,0.00
2006,246,918,0.45
2006,246,948,0.00
2006,246,1018,0.45
2006,246,1048,0.00
2006,246,1118,0.00
2006,246,1148,0.45
2006,246,1218,0.45
2006,246,1248,0.45
2006,246,1318,0.00
2006,246,1348,0.00
2006,246,1418,0.00
2006,246,1448,0.00
2006,246,1518,0.00
2006,246,1548,0.45
2006,246,1618,0.45
2006,246,1648,0.45
2006,246,1718,0.45
2006,246,1748,0.00
2006,246,1818,0.45
2006,246,1848,0.45
2006,246,1918,0.45
2006,246,1948,0.45
2006,246,2018,0.45
2006,246,2048,0.45
2006,246,2118,0.45
2006,246,2148,0.45
2006,246,2218,0.45
2006,246,2248,0.45
2006,246,2318,0.45
2006,246,2348,0.45
2006,247,18,0.45
2006,247,48,0.45
2006,247,118,0.45
2006,247,148,0.45
2006,247,218,0.45
2006,247,248,0.45
2006,247,318,0.45
2006,247,348,0.45
2006,247,418,0.45
2006,247,448,0.00
2006,247,518,0.45
2006,247,548,0.45
2006,247,618,0.45
2006,247,648,0.45
2006,247,718,0.45
2006,247,748,0.45
2006,247,818,0.45
2006,247,848,0.00
2006,247,918,0.00
2006,247,948,0.45
2006,247,1018,0.45
2006,247,1048,0.45
2006,247,1118,0.00
2006,247,1148,0.45
2006,247,1218,0.00
2006,247,1248,0.45
2006,247,1318,0.45
2006,247,1348,0.00
2006,247,1418,0.00
2006,247,1448,0.00
2006,247,1518,0.00
2006,247,1548,0.00
2006,247,1618,0.45
2006,247,1648,0.00
2006,247,1718,0.00
2006,247,1748,0.45
2006,247,1818,0.00
2006,247,1848,0.00
2006,247,1918,0.00
2006,247,1948,0.00
2006,247,2018,0.45
2006,247,2048,0.00
2006,247,2118,0.00
2006,247,2148,0.00
2006,247,2218,0.00
2006,247,2248,0.00
2006,247,2318,0.00
2006,247,2348,0.00
2006,248,18,0.00
2006,248,48,0.00
2006,248,118,0.00
2006,248,148,0.45
2006,248,218,0.00
2006,248,248,0.45
2006,248,318,0.45
2006,248,348,0.00
2006,248,418,0.45
2006,248,448,0.00
2006,248,518,0.00
2006,248,548,0.45
2006,248,618,0.00
2006,248,648,0.00
2006,248,718,0.45
2006,248,748,0.45
2006,248,818,0.00
2006,248,848,0.00
2006,248,918,0.00
2006,248,948,0.00
2006,248,1018,0.00
2006,248,1048,0.00
2006,248,1118,0.00
2006,248,1148,0.00
2006,248,1218,0.00
2006,248,1248,0.00
2006,248,1318,0.00
2006,248,1348,0.00
2006,248,1418,0.00
2006,248,1448,0.45
2006,248,1518,0.00
2006,248,1548,0.45
2006,248,1618,0.00
2006,248,1648,0.00
2006,248,1718,0.00
2006,248,1748,0.00
2006,248,1818,0.00
2006,248,1848,0.00
2006,248,1918,0.00
2006,248,1948,0.00
2006,248,2018,0.00
2006,248,2048,0.00
2006,248,2118,0.00
2006,248,2148,0.00
2006,248,2218,0.00
2006,248,2248,0.00
2006,248,2318,0.00
2006,248,2348,0.00
2006,249,18,0.45
2006,249,48,0.00
2006,249,118,0.00
2006,249,148,0.00
2006,249,218,0.45
2006,249,248,0.00
2006,249,318,0.00
2006,249,348,0.45
2006,249,418,0.00
2006,249,448,0.00
2006,249,518,0.45
2006,249,548,0.00
2006,249,618,0.45
2006,249,648,0.45
2006,249,718,0.45
2006,249,748,0.45
2006,249,818,0.00
2006,249,848,0.00
2006,249,918,0.45
2006,249,948,0.45
2006,249,1018,0.00
2006,249,1048,0.45
2006,249,1118,0.45
2006,249,1148,0.00
2006,249,1218,0.00
2006,249,1248,0.00
2006,249,1318,0.00
2006,249,1348,0.00
2006,249,1418,0.00
2006,249,1448,0.00
2006,249,1518,0.00
2006,249,1548,0.00
2006,249,1618,0.00
2006,249,1648,0.00
2006,249,1718,0.00
2006,249,1748,0.00
2006,249,1818,0.00
2006,249,1848,0.00
2006,249,1918,0.00
2006,249,1948,0.00
2006,249,2018,0.00
2006,249,2048,0.00
2006,249,2118,0.00
2006,249,2148,0.00
2006,249,2218,0.00
2006,249,2248,0.00
2006,249,2318,0.00
2006,249,2348,0.00
2006,250,18,0.00
2006,250,48,0.00
2006,250,118,0.00
2006,250,148,0.00
2006,250,218,0.00
2006,250,248,0.00
2006,250,318,0.00
2006,250,348,0.00
2006,250,418,0.00
2006,250,448,0.00
2006,250,518,0.00
2006,250,548,0.00
2006,250,618,0.00
2006,250,648,0.00
2006,250,718,0.00
2006,250,748,0.00
2006,250,818,0.00
2006,250,848,0.00
2006,250,918,0.00
2006,250,948,0.00
2006,250,1018,0.00
2006,250,1048,0.00
2006,250,1118,0.00
2006,250,1148,0.00
2006,250,1218,0.00
2006,250,1248,0.00
2006,250,1318,0.00
2006,250,1348,0.00
2006,250,1418,0.00
2006,250,1448,0.00
2006,250,1518,0.00
2006,250,1548,0.00
2006,250,1618,0.00
2006,250,1648,0.00
2006,250,1718,0.00
2006,250,1748,0.00
2006,250,1818,0.00
2006,250,1848,0.00
2006,250,1918,0.45
2006,250,1948,0.00
2006,250,2018,0.00
2006,250,2048,0.00
2006,250,2118,0.00
2006,250,2148,0.00
2006,250,2218,0.00
2006,250,2248,0.00
2006,250,2318,0.45
2006,250,2348,0.00
2006,251,18,0.45
2006,251,48,0.00
2006,251,118,0.45
2006,251,148,0.45
2006,251,218,0.00
2006,251,248,0.45
2006,251,318,0.00
2006,251,348,0.45
2006,251,418,0.45
2006,251,448,0.00
2006,251,518,0.45
2006,251,548,0.00
2006,251,1848,8.49
2006,251,1918,10.28
2006,251,1948,6.71
2006,251,2018,7.60
2006,251,2048,4.92
2006,251,2118,5.81
2006,251,2148,9.39
2006,251,2218,7.15
2006,251,2248,5.81
2006,251,2318,5.36
2006,251,2348,1.79
2006,252,18,7.15
2006,252,48,10.28
2006,252,118,7.15
2006,252,148,8.94
2006,252,218,7.60
2006,252,248,5.36
2006,252,318,8.94
2006,252,348,8.05
2006,252,418,6.26
2006,252,448,2.68
2006,252,518,5.81
2006,252,548,4.47
2006,252,618,6.71
2006,252,648,7.15
2006,252,718,8.05
2006,252,748,8.05
2006,252,818,7.60
2006,252,848,8.49
2006,252,918,10.73
2006,252,948,9.83
2006,252,1018,9.83
2006,252,1048,11.18
2006,252,1118,12.52
2006,252,1148,12.07
2006,252,1218,12.52
2006,252,1248,13.41
2006,252,1318,12.96
2006,252,1348,11.62
2006,252,1418,11.18
2006,252,1448,6.71
2006,252,1518,8.94
2006,252,1548,7.60
2006,252,1618,8.05
2006,252,1648,6.26
2006,252,1718,6.26
2006,252,1748,6.71
2006,252,1818,6.71
2006,252,1848,5.36
2006,252,1918,6.71
2006,252,1948,6.71
2006,252,2018,5.36
2006,252,2048,6.26
2006,252,2118,7.60
2006,252,2148,5.81
2006,252,2218,6.71
2006,252,2248,9.39
2006,252,2318,7.60
2006,252,2348,10.28
2006,253,18,10.73
2006,253,48,9.83
2006,253,118,7.15
2006,253,148,9.83
2006,253,218,8.94
2006,253,248,10.28
2006,253,318,7.60
2006,253,348,11.18
2006,253,418,9.39
2006,253,448,8.94
2006,253,518,10.73
2006,253,548,10.73
2006,253,618,11.18
2006,253,648,8.05
2006,253,718,10.28
2006,253,748,8.94
2006,253,818,10.28
2006,253,848,8.94
2006,253,918,10.28
2006,253,948,8.94
2006,253,1018,7.15
2006,253,1048,8.94
2006,253,1118,10.28
2006,253,1148,12.96
2006,253,1218,12.96
2006,253,1248,12.07
2006,253,1318,10.73
2006,253,1348,8.49
2006,253,1418,8.49
2006,253,1448,8.05
2006,253,1518,10.28
2006,253,1548,12.07
2006,253,1618,9.83
2006,253,1648,12.96
2006,253,1718,14.31
2006,253,1748,12.52
2006,253,1818,13.41
2006,253,1848,13.41
2006,253,1918,14.75
2006,253,1948,17.43
2006,253,2018,18.33
2006,253,2048,18.78
2006,253,2118,16.09
2006,253,2148,13.86
2006,253,2218,16.99
2006,253,2248,14.31
2006,253,2318,16.99
2006,253,2348,13.41
2006,254,18,12.07
2006,254,48,12.07
2006,254,118,12.96
2006,254,148,14.31
2006,254,218,12.07
2006,254,248,13.86
2006,254,318,12.07
2006,254,348,12.52
2006,254,418,12.07
2006,254,448,13.41
2006,254,518,12.96
2006,254,548,11.18
2006,254,618,8.94
2006,254,648,7.60
2006,254,718,6.26
2006,254,748,6.26
2006,254,818,6.26
2006,254,848,6.26
2006,254,918,8.49
2006,254,948,9.83
2006,254,1018,7.60
2006,254,1048,7.60
2006,254,1118,10.73
2006,254,1148,12.07
2006,254,1218,15.20
2006,254,1248,11.18
2006,254,1318,9.83
2006,254,1348,9.83
2006,254,1418,8.05
2006,254,1448,7.60
2006,254,1518,7.15
2006,254,1548,8.49
2006,254,1618,8.05
2006,254,1648,6.71
2006,254,1718,5.36
2006,254,1748,6.26
2006,254,1818,9.39
2006,254,1848,8.49
2006,254,1918,13.41
2006,254,1948,15.20
2006,254,2018,17.43
2006,254,2048,16.99
2006,254,2118,13.41
2006,254,2148,13.41
2006,254,2218,16.09
2006,254,2248,14.75
2006,254,2318,13.86
2006,254,2348,11.18
2006,255,18,13.41
2006,255,48,10.28
2006,255,118,7.60
2006,255,148,8.05
2006,255,218,5.36
2006,255,248,7.60
2006,255,318,4.92
2006,255,348,7.60
2006,255,418,5.81
2006,255,448,9.83
2006,255,518,11.62
2006,255,548,12.96
2006,255,618,10.73
2006,255,648,8.94
2006,255,718,8.94
2006,255,748,7.15
2006,255,818,6.71
2006,255,848,7.60
2006,255,918,6.71
2006,255,948,4.92
2006,255,1018,6.71
2006,255,1048,5.81
2006,255,1118,4.92
2006,255,1148,7.60
2006,255,1218,5.81
2006,255,1248,8.05
2006,255,1318,7.15
2006,255,1348,9.39
2006,255,1418,7.60
2006,255,1448,10.28
2006,255,1518,11.62
2006,255,1548,9.39
2006,255,1618,10.73
2006,255,1648,13.86
2006,255,1718,12.07
2006,255,1748,14.31
2006,255,1818,12.52
2006,255,1848,13.41
2006,255,1918,14.31
2006,255,1948,16.99
2006,255,2018,15.20
2006,255,2048,14.75
2006,255,2118,16.54
2006,255,2148,16.99
2006,255,2218,15.20
2006,255,2248,15.65
2006,255,2318,14.75
2006,255,2348,16.54
2006,256,18,18.33
2006,256,48,19.22
2006,256,118,21.46
2006,256,148,21.90
2006,256,218,21.90
2006,256,248,24.59
2006,256,318,26.38
2006,256,348,25.93
2006,256,418,24.14
2006,256,448,23.69
2006,256,518,22.80
2006,256,548,21.90
2006,256,618,24.14
2006,256,648,24.59
2006,256,718,25.03
2006,256,748,29.50
2006,256,818,27.27
2006,256,848,28.61
2006,256,918,25.48
2006,256,948,23.25
2006,256,1018,23.25
2006,256,1048,16.54
2006,256,1118,15.65
2006,256,1148,17.88
2006,256,1218,16.54
2006,256,1248,19.22
2006,256,1318,17.43
2006,256,1348,19.22
2006,256,1418,16.09
2006,256,1448,15.20
2006,256,1518,19.67
2006,256,1548,18.78
2006,256,1618,19.67
2006,256,1648,18.33
2006,256,1718,20.56
2006,256,1748,23.25
2006,256,1818,22.35
2006,256,1848,24.14
2006,256,1918,22.35
2006,256,1948,24.59
2006,256,2018,19.67
2006,256,2048,21.90
2006,256,2118,25.93
2006,256,2148,25.93
2006,256,2218,29.06
2006,256,2248,25.03
2006,256,2318,26.82
2006,256,2348,22.80
2006,257,18,20.56
2006,257,48,22.80
2006,257,118,21.01
2006,257,148,16.54
2006,257,218,17.88
2006,257,248,14.31
2006,257,318,13.86
2006,257,348,14.31
2006,257,418,14.31
2006,257,448,13.41
2006,257,518,13.41
2006,257,548,10.73
2006,257,618,9.39
2006,257,648,8.94
2006,257,718,8.05
2006,257,748,6.71
2006,257,818,6.71
2006,257,848,6.26
2006,257,918,5.36
2006,257,948,3.58
2006,257,1018,4.92
2006,257,1048,3.58
2006,257,1118,2.68
2006,257,1148,1.79
2006,257,1218,0.89
2006,257,1248,2.68
2006,257,1318,3.13
2006,257,1348,1.79
2006,257,1418,0.45
2006,257,1448,2.24
2006,257,1518,2.24
2006,257,1548,3.13
2006,257,1618,4.92
2006,257,1648,4.02
2006,257,1718,4.47
2006,257,1748,6.26
2006,257,1818,4.02
2006,257,1848,4.92
2006,257,1918,1.79
2006,257,1948,4.02
2006,257,2018,4.02
2006,257,2048,2.24
2006,257,2118,1.79
2006,257,2148,5.36
2006,257,2218,3.58
2006,257,2248,4.02
2006,257,2318,4.47
2006,257,2348,3.58
2006,258,18,4.02
2006,258,48,4.47
2006,258,118,4.02
2006,258,148,3.58
2006,258,218,4.02
2006,258,248,3.58
2006,258,318,4.47
2006,258,348,3.58
2006,258,418,3.58
2006,258,448,3.13
2006,258,518,2.68
2006,258,548,3.58
2006,258,618,2.24
2006,258,648,1.34
2006,258,718,0.89
2006,258,748,0.89
2006,258,818,0.45
2006,258,848,0.45
2006,258,918,1.79
2006,258,948,2.68
2006,258,1018,4.47
2006,258,1048,3.58
2006,258,1118,5.36
2006,258,1148,4.92
2006,258,1218,5.81
2006,258,1248,6.26
2006,258,1318,6.71
2006,258,1348,6.26
2006,258,1418,7.15
2006,258,1448,7.60
2006,258,1518,7.15
2006,258,1548,5.81
2006,258,1618,5.81
2006,258,1648,4.47
2006,258,1718,4.02
2006,258,1748,4.02
2006,258,1818,4.47
2006,258,1848,6.26
2006,258,1918,7.60
2006,258,1948,8.94
2006,258,2018,8.49
2006,258,2048,8.05
2006,258,2118,7.60
2006,258,2148,6.26
2006,258,2218,8.49
2006,258,2248,8.05
2006,258,2318,7.60
2006,258,2348,8.94
2006,259,18,7.15
2006,259,48,9.83
2006,259,118,9.83
2006,259,148,12.07
2006,259,218,13.41
2006,259,248,10.73
2006,259,318,12.07
2006,259,348,12.52
2006,259,418,12.07
2006,259,448,12.07
2006,259,518,13.41
2006,259,548,12.07
2006,259,618,13.41
2006,259,648,13.86
2006,259,718,12.96
2006,259,748,14.31
2006,259,818,13.41
2006,259,848,14.31
2006,259,918,12.96
2006,259,948,12.52
2006,259,1018,13.41
2006,259,1048,16.09
2006,259,1118,15.20
2006,259,1148,16.99
2006,259,1218,16.99
2006,259,1248,15.20
2006,259,1318,15.65
2006,259,1348,12.96
2006,259,1418,12.07
2006,259,1448,11.18
2006,259,1518,12.52
2006,259,1548,10.73
2006,259,1618,8.94
2006,259,1648,8.05
2006,259,1718,8.05
2006,259,1748,6.26
2006,259,1818,7.15
2006,259,1848,10.28
2006,259,1918,7.15
2006,259,1948,11.18
2006,259,2018,9.39
2006,259,2048,10.73
2006,259,2118,8.94
2006,259,2148,10.73
2006,259,2218,10.28
2006,259,2248,11.18
2006,259,2318,10.28
2006,259,2348,10.28
2006,260,18,9.39
2006,260,48,6.71
2006,260,118,6.26
2006,260,148,7.60
2006,260,218,7.60
2006,260,248,6.26
2006,260,318,5.36
2006,260,348,8.05
2006,260,418,7.60
2006,260,448,5.81
2006,260,518,3.58
2006,260,548,7.60
2006,260,618,6.71
2006,260,648,7.15
2006,260,718,8.94
2006,260,748,9.83
2006,260,818,10.28
2006,260,848,10.28
2006,260,918,9.39
2006,260,948,7.15
2006,260,1018,8.05
2006,260,1048,6.71
2006,260,1118,9.39
2006,260,1148,10.28
2006,260,1218,6.71
2006,260,1248,10.73
2006,260,1318,10.28
2006,260,1348,10.73
2006,260,1418,8.05
2006,260,1448,8.05
2006,260,1518,5.36
2006,260,1548,4.47
2006,260,1618,4.02
2006,260,1648,2.24
2006,260,1718,3.13
2006,260,1748,2.68
2006,260,1818,6.71
2006,260,1848,6.71
2006,260,1918,4.47
2006,260,1948,1.79
2006,260,2018,4.47
2006,260,2048,4.47
2006,260,2118,4.47
2006,260,2148,4.47
2006,260,2218,2.24
2006,260,2248,4.47
2006,260,2318,5.36
2006,260,2348,1.79
2006,261,18,4.02
2006,261,48,4.47
2006,261,118,4.92
2006,261,148,5.81
2006,261,218,6.71
2006,261,248,5.81
2006,261,318,6.26
2006,261,348,7.15
2006,261,418,8.49
2006,261,448,7.15
2006,261,518,3.13
2006,261,548,6.71
2006,261,618,5.36
2006,261,648,8.05
2006,261,718,12.07
2006,261,748,15.20
2006,261,818,13.86
2006,261,848,16.09
2006,261,918,10.73
2006,261,948,11.18
2006,261,1018,16.09
2006,261,1048,21.01
2006,261,1118,24.14
2006,261,1148,22.80
2006,261,1218,21.46
2006,261,1248,21.46
2006,261,1318,23.25
2006,261,1348,21.90
2006,261,1418,17.88
2006,261,1448,21.46
2006,261,1518,21.90
2006,261,1548,23.25
2006,261,1618,24.59
2006,261,1648,22.35
2006,261,1718,24.14
2006,261,1748,25.48
2006,261,1818,27.27
2006,261,1848,26.82
2006,261,1918,21.01
2006,261,1948,20.12
2006,261,2018,11.62
2006,261,2048,13.41
2006,261,2118,12.07
2006,261,2148,19.22
2006,261,2218,19.67
2006,261,2248,13.86
2006,261,2318,14.31
2006,261,2348,13.41
2006,262,18,16.09
2006,262,48,16.54
2006,262,118,16.09
2006,262,148,21.01
2006,262,218,24.59
2006,262,248,20.56
2006,262,318,23.25
2006,262,348,29.50
2006,262,418,24.14
2006,262,448,27.27
2006,262,518,28.16
2006,262,548,24.14
2006,262,618,22.80
2006,262,648,20.56
2006,262,718,21.90
2006,262,748,25.48
2006,262,818,25.48
2006,262,848,25.48
2006,262,918,21.90
2006,262,948,21.46
2006,262,1018,23.25
2006,262,1048,23.25
2006,262,1118,27.72
2006,262,1148,24.59
2006,262,1218,22.80
2006,262,1248,21.46
2006,262,1318,19.22
2006,262,1348,22.35
2006,262,1418,20.56
2006,262,1448,22.80
2006,262,1518,19.22
2006,262,1548,21.01
2006,262,1618,16.99
2006,262,1648,19.22
2006,262,1718,18.33
2006,262,1748,21.46
2006,262,1818,22.35
2006,262,1848,28.61
2006,262,1918,21.90
2006,262,1948,20.56
2006,262,2018,20.12
2006,262,2048,17.88
2006,262,2118,16.09
2006,262,2148,12.07
2006,262,2218,15.20
2006,262,2248,11.18
2006,262,2318,18.78
2006,262,2348,17.88
2006,263,18,21.46
2006,263,48,17.88
2006,263,118,18.33
2006,263,148,18.33
2006,263,218,19.67
2006,263,248,22.80
2006,263,318,23.25
2006,263,348,25.93
2006,263,418,25.03
2006,263,448,23.25
2006,263,518,22.80
2006,263,548,21.90
2006,263,618,18.78
2006,263,648,17.43
2006,263,718,19.67
2006,263,748,21.01
2006,263,818,19.22
2006,263,848,22.35
2006,263,918,21.01
2006,263,948,20.56
2006,263,1018,20.12
2006,263,1048,19.22
2006,263,1118,26.82
2006,263,1148,28.16
2006,263,1218,25.03
2006,263,1248,25.03
2006,263,1318,27.27
2006,263,1348,29.06
2006,263,1418,25.48
2006,263,1448,28.61
2006,263,1518,32.63
2006,263,1548,29.06
2006,263,1618,27.72
2006,263,1648,20.12
2006,263,1718,14.75
2006,263,1748,19.22
2006,263,1818,23.25
2006,263,1848,22.35
2006,263,1918,27.72
2006,263,1948,28.61
2006,263,2018,18.78
2006,263,2048,25.93
2006,263,2118,27.72
2006,263,2148,26.38
2006,263,2218,18.78
2006,263,2248,19.22
2006,263,2318,18.78
2006,263,2348,14.31
2006,264,18,19.22
2006,264,48,16.54
2006,264,118,16.54
2006,264,148,15.65
2006,264,218,16.99
2006,264,248,15.20
2006,264,318,17.88
2006,264,348,17.43
2006,264,418,23.69
2006,264,448,23.69
2006,264,518,22.80
2006,264,548,26.38
2006,264,618,29.95
2006,264,648,27.27
2006,264,718,25.48
2006,264,748,27.27
2006,264,818,28.61
2006,264,848,31.74
2006,264,918,32.19
2006,264,948,31.29
2006,264,1018,28.16
2006,264,1048,27.72
2006,264,1118,26.82
2006,264,1148,20.12
2006,264,1218,24.14
2006,264,1248,22.80
2006,264,1318,26.82
2006,264,1348,20.12
2006,264,1418,18.78
2006,264,1448,20.56
2006,264,1518,22.80
2006,264,1548,21.46
2006,264,1618,22.80
2006,264,1648,22.35
2006,264,1718,23.25
2006,264,1748,19.67
2006,264,1818,25.03
2006,264,1848,25.93
2006,264,1918,23.25
2006,264,1948,25.03
2006,264,2018,21.90
2006,264,2048,22.35
2006,264,2118,20.56
2006,264,2148,24.14
2006,264,2218,23.69
2006,264,2248,24.59
2006,264,2318,25.93
2006,264,2348,26.38
2006,265,18,26.82
2006,265,48,31.29
2006,265,118,29.95
2006,265,148,31.29
2006,265,218,29.95
2006,265,248,25.48
2006,265,318,28.16
2006,265,348,23.69
2006,265,418,21.46
2006,265,448,18.33
2006,265,518,17.43
2006,265,548,13.86
2006,265,618,13.41
2006,265,648,9.39
2006,265,718,13.86
2006,265,748,13.86
2006,265,818,16.54
2006,265,848,15.20
2006,265,918,17.43
2006,265,948,19.22
2006,265,1018,18.33
2006,265,1048,15.65
2006,265,1118,13.86
2006,265,1148,15.65
2006,265,1218,13.86
2006,265,1248,15.20
2006,265,1318,12.96
2006,265,1348,8.94
2006,265,1418,9.39
2006,265,1448,8.49
2006,265,1518,8.94
2006,265,1548,6.26
2006,265,1618,8.05
2006,265,1648,7.15
2006,265,1718,4.47
2006,265,1748,3.13
2006,265,1818,4.02
2006,265,1848,3.58
2006,265,1918,4.02
2006,265,1948,3.13
2006,265,2018,2.24
2006,265,2048,3.13
2006,265,2118,1.79
2006,265,2148,3.58
2006,265,2218,4.92
2006,265,2248,5.36
2006,265,2318,7.15
2006,265,2348,7.60
2006,266,18,8.94
2006,266,48,7.60
2006,266,118,10.28
2006,266,148,7.60
2006,266,218,8.49
2006,266,248,8.94
2006,266,318,11.18
2006,266,348,11.62
2006,266,418,11.62
2006,266,448,12.96
2006,266,518,13.41
2006,266,548,12.52
2006,266,618,10.28
2006,266,648,11.62
2006,266,718,13.41
2006,266,748,11.18
2006,266,818,14.31
2006,266,848,14.31
2006,266,918,14.31
2006,266,948,14.75
2006,266,1018,15.20
2006,266,1048,16.99
2006,266,1118,17.43
2006,266,1148,16.54
2006,266,1218,17.88
2006,266,1248,16.99
2006,266,1318,12.07
2006,266,1348,12.52
2006,266,1418,14.31
2006,266,1448,14.75
2006,266,1518,13.41
2006,266,1548,13.86
2006,266,1618,11.62
2006,266,1648,9.39
2006,266,1718,6.71
2006,266,1748,9.39
2006,266,1818,10.28
2006,266,1848,10.28
2006,266,1918,11.62
2006,266,1948,10.73
2006,266,2018,12.07
2006,266,2048,11.62
2006,266,2118,10.28
2006,266,2148,9.83
2006,266,2218,12.07
2006,266,2248,12.52
2006,266,2318,12.96
2006,266,2348,12.96
2006,267,18,8.49
2006,267,48,8.94
2006,267,118,9.83
2006,267,148,11.62
2006,267,218,10.28
2006,267,248,12.96
2006,267,318,11.62
2006,267,348,9.83
2006,267,418,11.18
2006,267,448,9.39
2006,267,518,7.15
2006,267,548,9.83
2006,267,618,12.07
2006,267,648,11.62
2006,267,718,8.49
2006,267,748,13.86
2006,267,818,11.18
2006,267,848,16.09
2006,267,918,13.41
2006,267,948,14.75
2006,267,1018,12.96
2006,267,1048,11.18
2006,267,1118,16.09
2006,267,1148,15.65
2006,267,1218,17.88
2006,267,1248,13.41
2006,267,1318,10.73
2006,267,1348,12.07
2006,267,1418,9.39
2006,267,1448,7.15
2006,267,1518,6.26
2006,267,1548,5.36
2006,267,1618,8.05
2006,267,1648,9.39
2006,267,1718,9.39
2006,267,1748,10.73
2006,267,1818,8.49
2006,267,1848,5.81
2006,267,1918,6.71
2006,267,1948,5.36
2006,267,2018,6.71
2006,267,2048,4.02
2006,267,2118,6.71
2006,267,2148,8.94
2006,267,2218,8.94
2006,267,2248,11.18
2006,267,2318,11.18
2006,267,2348,11.18
2006,268,18,9.39
2006,268,48,9.39
2006,268,118,8.05
2006,268,148,7.15
2006,268,218,8.49
2006,268,248,8.05
2006,268,318,8.05
2006,268,348,8.05
2006,268,418,9.39
2006,268,448,9.39
2006,268,518,9.39
2006,268,548,8.49
2006,268,618,5.36
2006,268,648,8.05
2006,268,718,7.60
2006,268,748,8.49
2006,268,818,8.05
2006,268,848,10.28
2006,268,918,10.28
2006,268,948,6.26
2006,268,1018,6.26
2006,268,1048,6.26
2006,268,1118,5.81
2006,268,1148,5.81
2006,268,1218,2.68
2006,268,1248,3.58
2006,268,1318,3.13
2006,268,1348,3.58
2006,268,1418,3.13
2006,268,1448,3.58
2006,268,1518,1.34
2006,268,1548,2.68
2006,268,1618,1.79
2006,268,1648,2.24
2006,268,1718,0.00
2006,268,1748,0.45
2006,268,1818,0.00
2006,268,1848,0.45
2006,268,1918,2.24
2006,268,1948,1.79
2006,268,2018,1.34
2006,268,2048,0.45
2006,268,2118,0.89
2006,268,2148,0.00
2006,268,2218,0.00
2006,268,2248,0.89
2006,268,2318,1.34
2006,268,2348,1.79
2006,269,18,1.79
2006,269,48,4.02
2006,269,118,4.92
2006,269,148,6.26
2006,269,218,7.15
2006,269,248,5.81
2006,269,318,6.71
2006,269,348,7.60
2006,269,418,8.49
2006,269,448,6.71
2006,269,518,7.60
2006,269,548,7.60
2006,269,618,6.71
2006,269,648,6.71
2006,269,718,7.15
2006,269,748,6.26
2006,269,818,7.15
2006,269,848,5.81
2006,269,918,5.36
2006,269,948,4.92
2006,269,1018,5.81
2006,269,1048,5.81
2006,269,1118,5.36
2006,269,1148,6.26
2006,269,1218,5.36
2006,269,1248,3.58
2006,269,1318,4.92
2006,269,1348,4.92
2006,269,1418,4.02
2006,269,1448,3.13
2006,269,1518,3.13
2006,269,1548,5.81
2006,269,1618,7.60
2006,269,1648,7.60
2006,269,1718,5.81
2006,269,1748,7.15
2006,269,1818,7.15
2006,269,1848,6.26
2006,269,1918,3.58
2006,269,1948,1.34
2006,269,2018,2.68
2006,269,2048,1.79
2006,269,2118,1.34
2006,269,2148,4.02
2006,269,2218,6.71
2006,269,2248,7.15
2006,269,2318,8.05
2006,269,2348,7.15
2006,270,18,7.60
2006,270,48,5.81
2006,270,118,6.71
2006,270,148,3.13
2006,270,218,4.47
2006,270,248,6.71
2006,270,318,9.83
2006,270,348,9.39
2006,270,418,10.73
2006,270,448,10.73
2006,270,518,11.62
2006,270,548,11.18
2006,270,618,10.28
2006,270,648,10.28
2006,270,718,13.86
2006,270,748,13.86
2006,270,818,10.73
2006,270,848,16.09
2006,270,918,12.52
2006,270,948,13.86
2006,270,1018,16.99
2006,270,1048,20.12
2006,270,1118,23.25
2006,270,1148,23.25
2006,270,1218,22.35
2006,270,1248,20.12
2006,270,1318,19.22
2006,270,1348,19.22
2006,270,1418,20.56
2006,270,1448,21.01
2006,270,1518,22.80
2006,270,1548,18.33
2006,270,1618,17.43
2006,270,1648,21.46
2006,270,1718,21.46
2006,270,1748,22.80
2006,270,1818,23.25
2006,270,1848,20.56
2006,270,1918,23.69
2006,270,1948,25.93
2006,270,2018,19.67
2006,270,2048,17.43
2006,270,2118,17.43
2006,270,2148,16.99
2006,270,2218,20.56
2006,270,2248,18.33
2006,270,2318,15.65
2006,270,2348,16.09
2006,271,18,18.33
2006,271,48,18.78
2006,271,118,17.43
2006,271,148,17.43
2006,271,218,20.12
2006,271,248,17.43
2006,271,318,18.78
2006,271,348,21.90
2006,271,418,20.12
2006,271,448,20.56
2006,271,518,20.12
2006,271,548,24.14
2006,271,618,20.12
2006,271,648,22.35
2006,271,718,18.78
2006,271,748,22.80
2006,271,818,22.80
2006,271,848,23.25
2006,271,918,17.43
2006,271,948,16.09
2006,271,1018,24.14
2006,271,1048,18.78
2006,271,1118,17.88
2006,271,1148,16.99
2006,271,1218,13.86
2006,271,1248,15.65
2006,271,1318,14.31
2006,271,1348,16.99
2006,271,1418,14.31
2006,271,1448,18.78
2006,271,1518,14.75
2006,271,1548,12.52
2006,271,1618,10.28
2006,271,1648,10.73
2006,271,1718,12.07
2006,271,1748,12.07
2006,271,1818,7.15
2006,271,1848,6.26
2006,271,1918,4.92
2006,271,1948,5.36
2006,271,2018,6.71
2006,271,2048,5.81
2006,271,2118,4.92
2006,271,2148,6.71
2006,271,2218,8.94
2006,271,2248,8.05
2006,271,2318,7.60
2006,271,2348,7.15
2006,272,18,8.49
2006,272,48,9.83
2006,272,118,12.52
2006,272,148,8.05
2006,272,218,7.15
2006,272,248,7.60
2006,272,318,8.94
2006,272,348,7.60
2006,272,418,8.49
2006,272,448,8.05
2006,272,518,7.60
2006,272,548,8.05
2006,272,618,9.39
2006,272,648,9.83
2006,272,718,10.73
2006,272,748,11.18
2006,272,818,11.62
2006,272,848,12.52
2006,272,918,13.41
2006,272,948,12.07
2006,272,1018,11.62
2006,272,1048,9.39
2006,272,1118,7.15
2006,272,1148,8.49
2006,272,1218,8.05
2006,272,1248,7.60
2006,272,1318,8.49
2006,272,1348,7.60
2006,272,1418,7.60
2006,272,1448,10.28
2006,272,1518,9.83
2006,272,1548,11.18
2006,272,1618,8.49
2006,272,1648,9.39
2006,272,1718,11.18
2006,272,1748,9.83
2006,272,1818,8.49
2006,272,1848,8.05
2006,272,1918,6.71
2006,272,1948,4.47
2006,272,2018,7.15
2006,272,2048,5.36
2006,272,2118,4.92
2006,272,2148,5.36
2006,272,2218,6.26
2006,272,2248,6.71
2006,272,2318,8.49
2006,272,2348,6.26
2006,273,18,7.60
2006,273,48,4.02
2006,273,118,5.36
2006,273,148,4.47
2006,273,218,4.47
2006,273,248,6.26
2006,273,318,6.71
2006,273,348,6.71
2006,273,418,7.15
2006,273,448,8.05
2006,273,518,8.05
2006,273,548,7.60
2006,273,618,6.71
2006,273,648,7.15
2006,273,718,6.71
2006,273,748,4.47
2006,273,818,4.02
2006,273,848,5.81
2006,273,918,4.02
2006,273,948,3.58
2006,273,1018,0.89
2006,273,1048,1.79
2006,273,1118,2.68
2006,273,1148,4.92
2006,273,1218,4.92
2006,273,1248,3.58
2006,273,1318,3.58
2006,273,1348,4.02
2006,273,1418,4.02
2006,273,1448,4.47
2006,273,1518,4.92
2006,273,1548,3.58
2006,273,1618,4.47
2006,273,1648,3.58
2006,273,1718,3.13
2006,273,1748,4.02
2006,273,1818,4.02
2006,273,1848,5.36
2006,273,1918,5.36
2006,273,1948,3.58
2006,273,2018,8.05
2006,273,2048,9.39
2006,273,2118,5.81
2006,273,2148,5.81
2006,273,2218,6.71
2006,273,2248,7.60
2006,273,2318,7.60
2006,273,2348,9.83
2006,274,18,10.28
2006,274,48,9.39
2006,274,118,8.05
2006,274,148,6.26
2006,274,218,5.81
2006,274,248,8.05
2006,274,318,10.28
2006,274,348,11.18
2006,274,418,9.83
2006,274,448,12.07
2006,274,518,12.07
2006,274,548,12.96
2006,274,618,12.07
2006,274,648,12.07
2006,274,718,11.62
2006,274,748,12.07
2006,274,818,9.39
2006,274,848,10.28
2006,274,918,9.39
2006,274,948,7.60
2006,274,1018,11.18
2006,274,1048,6.26
2006,274,1118,5.81
2006,274,1148,2.68
2006,274,1218,5.81
2006,274,1248,4.92
2006,274,1318,4.92
2006,274,1348,3.58
2006,274,1418,0.00
2006,274,1448,0.00
2006,274,1518,1.79
2006,274,1548,0.00
2006,274,1618,0.00
2006,274,1648,0.00
2006,274,1718,0.00
2006,274,1748,0.00
2006,274,1818,0.00
2006,274,1848,0.89
2006,274,1918,0.45
2006,274,1948,1.79
2006,274,2018,0.00
2006,274,2048,0.00
2006,274,2118,0.00
2006,274,2148,0.00
2006,274,2218,0.00
2006,274,2248,0.00
2006,274,2318,1.34
2006,274,2348,0.00
2006,275,18,0.00
2006,275,48,1.34
2006,275,118,2.24
2006,275,148,4.47
2006,275,218,4.02
2006,275,248,1.34
2006,275,318,0.00
2006,275,348,4.47
2006,275,418,4.92
2006,275,448,3.58
2006,275,518,2.68
2006,275,548,3.13
2006,275,618,4.47
2006,275,648,0.89
2006,275,718,0.45
2006,275,748,8.94
2006,275,818,9.39
2006,275,848,9.83
2006,275,918,11.18
2006,275,948,10.73
2006,275,1018,10.73
2006,275,1048,11.62
2006,275,1118,11.62
2006,275,1148,12.07
2006,275,1218,10.73
2006,275,1248,9.39
2006,275,1318,10.28
2006,275,1348,8.94
2006,275,1418,9.39
2006,275,1448,11.18
2006,275,1518,10.28
2006,275,1548,10.28
2006,275,1618,10.73
2006,275,1648,12.52
2006,275,1718,11.18
2006,275,1748,12.07
2006,275,1818,10.73
2006,275,1848,10.28
2006,275,1918,9.39
2006,275,1948,8.49
2006,275,2018,7.60
2006,275,2048,7.15
2006,275,2118,7.15
2006,275,2148,7.15
2006,275,2218,6.71
2006,275,2248,7.15
2006,275,2318,6.26
2006,275,2348,6.71
2006,276,18,5.81
2006,276,48,5.81
2006,276,118,6.71
2006,276,148,6.71
2006,276,218,7.60
2006,276,248,8.49
2006,276,318,9.39
2006,276,348,8.94
2006,276,418,9.39
2006,276,448,7.60
2006,276,518,9.39
2006,276,548,7.60
2006,276,618,8.05
2006,276,648,8.94
2006,276,718,8.94
2006,276,748,7.15
2006,276,818,9.83
2006,276,848,8.94
2006,276,918,8.94
2006,276,948,7.60
2006,276,1018,7.15
2006,276,1048,8.49
2006,276,1118,7.60
2006,276,1148,8.05
2006,276,1218,6.71
2006,276,1248,8.49
2006,276,1318,7.60
2006,276,1348,7.60
2006,276,1418,6.71
2006,276,1448,7.15
2006,276,1518,6.71
2006,276,1548,5.81
2006,276,1618,6.26
2006,276,1648,8.05
2006,276,1718,5.81
2006,276,1748,5.81
2006,276,1818,5.81
2006,276,1848,7.15
2006,276,1918,6.26
2006,276,1948,4.47
2006,276,2018,4.92
2006,276,2048,5.36
2006,276,2118,4.92
2006,276,2148,6.71
2006,276,2218,6.26
2006,276,2248,6.26
2006,276,2318,6.71
2006,276,2348,6.26
2006,277,18,4.47
2006,277,48,5.36
2006,277,118,5.36
2006,277,148,5.81
2006,277,218,5.36
2006,277,248,4.02
2006,277,318,4.02
2006,277,348,5.81
2006,277,418,4.92
2006,277,448,5.81
2006,277,518,4.92
2006,277,548,5.36
2006,277,618,6.71
2006,277,648,6.71
2006,277,718,8.05
2006,277,748,9.39
2006,277,818,8.05
2006,277,848,8.49
2006,277,918,8.49
2006,277,948,7.15
2006,277,1018,7.15
2006,277,1048,5.36
2006,277,1118,7.60
2006,277,1148,8.05
2006,277,1218,9.39
2006,277,1248,9.39
2006,277,1318,8.94
2006,277,1348,9.39
2006,277,1418,8.94
2006,277,1448,8.94
2006,277,1518,8.49
2006,277,1548,7.15
2006,277,1618,8.05
2006,277,1648,7.15
2006,277,1718,7.15
2006,277,1748,6.71
2006,277,1818,7.15
2006,277,1848,8.05
2006,277,1918,8.05
2006,277,1948,6.26
2006,277,2018,8.05
2006,277,2048,7.15
2006,277,2118,7.15
2006,277,2148,8.05
2006,277,2218,7.15
2006,277,2248,8.49
2006,277,2318,8.05
2006,277,2348,9.39
2006,278,18,8.49
2006,278,48,11.18
2006,278,118,10.73
2006,278,148,8.94
2006,278,218,12.07
2006,278,248,10.28
2006,278,318,9.83
2006,278,348,8.94
2006,278,418,9.39
2006,278,448,7.15
2006,278,518,8.94
2006,278,548,8.49
2006,278,618,7.15
2006,278,648,8.94
2006,278,718,7.60
2006,278,748,7.60
2006,278,818,4.92
2006,278,848,4.02
2006,278,918,5.81
2006,278,948,9.39
2006,278,1018,5.81
2006,278,1048,8.49
2006,278,1118,7.15
2006,278,1148,6.71
2006,278,1218,12.07
2006,278,1248,11.18
2006,278,1318,10.28
2006,278,1348,10.28
2006,278,1418,11.18
2006,278,1448,10.28
2006,278,1518,9.83
2006,278,1548,9.83
2006,278,1618,8.94
2006,278,1648,12.52
2006,278,1718,6.26
2006,278,1748,7.15
2006,278,1818,8.94
2006,278,1848,8.05
2006,278,1918,11.62
2006,278,1948,12.96
2006,278,2018,16.99
2006,278,2048,17.43
2006,278,2118,17.88
2006,278,2148,9.83
2006,278,2218,12.96
2006,278,2248,16.99
2006,278,2318,14.75
2006,278,2348,17.43
2006,279,18,16.09
2006,279,48,11.18
2006,279,118,15.65
2006,279,148,13.86
2006,279,218,9.83
2006,279,248,11.62
2006,279,318,17.88
2006,279,348,16.09
2006,279,418,15.65
2006,279,448,15.20
2006,279,518,10.28
2006,279,548,19.67
2006,279,618,19.22
2006,279,648,17.88
2006,279,718,17.88
2006,279,748,17.88
2006,279,818,8.49
2006,279,848,15.20
2006,279,918,10.28
2006,279,948,12.96
2006,279,1018,11.18
2006,279,1048,11.62
2006,279,1118,12.07
2006,279,1148,9.83
2006,279,1218,8.49
2006,279,1248,10.28
2006,279,1318,8.05
2006,279,1348,10.28
2006,279,1418,9.83
2006,279,1448,11.18
2006,279,1518,11.62
2006,279,1548,9.83
2006,279,1618,12.07
2006,279,1648,14.31
2006,279,1718,15.20
2006,279,1748,16.99
2006,279,1818,15.20
2006,279,1848,15.65
2006,279,1918,16.09
2006,279,1948,16.54
2006,279,2018,21.46
2006,279,2048,20.56
2006,279,2118,25.48
2006,279,2148,28.16
2006,279,2218,26.82
2006,279,2248,28.16
2006,279,2318,28.16
2006,279,2348,28.16
2006,280,18,29.06
2006,280,48,26.38
2006,280,118,25.93
2006,280,148,27.72
2006,280,218,26.82
2006,280,248,22.80
2006,280,318,23.69
2006,280,348,22.35
2006,280,418,24.59
2006,280,448,25.48
2006,280,518,24.59
2006,280,548,24.14
2006,280,618,24.14
2006,280,648,24.59
2006,280,718,28.61
2006,280,748,24.59
2006,280,818,21.90
2006,280,848,25.03
2006,280,918,26.82
2006,280,948,21.01
2006,280,1018,23.69
2006,280,1048,20.12
2006,280,1118,20.56
2006,280,1148,22.80
2006,280,1218,21.90
2006,280,1248,21.46
2006,280,1318,17.88
2006,280,1348,22.80
2006,280,1418,29.50
2006,280,1448,27.27
2006,280,1518,29.95
2006,280,1548,29.95
2006,280,1618,24.14
2006,280,1648,23.69
2006,280,1718,25.48
2006,280,1748,25.48
2006,280,1818,29.06
2006,280,1848,25.03
2006,280,1918,26.38
2006,280,1948,29.06
2006,280,2018,28.16
2006,280,2048,21.90
2006,280,2118,19.22
2006,280,2148,21.90
2006,280,2218,24.14
2006,280,2248,21.46
2006,280,2318,21.01
2006,280,2348,16.99
2006,281,18,14.75
2006,281,48,15.65
2006,281,118,14.75
2006,281,148,19.67
2006,281,218,22.80
2006,281,248,20.12
2006,281,318,21.90
2006,281,348,17.43
2006,281,418,21.01
2006,281,448,19.67
2006,281,518,20.56
2006,281,548,19.67
2006,281,618,13.86
2006,281,648,16.54
2006,281,718,13.86
2006,281,748,13.86
2006,281,818,11.18
2006,281,848,13.41
2006,281,918,13.86
2006,281,948,12.52
2006,281,1018,15.20
2006,281,1048,14.31
2006,281,1118,16.99
2006,281,1148,13.41
2006,281,1218,18.78
2006,281,1248,23.69
2006,281,1318,19.22
2006,281,1348,20.56
2006,281,1418,20.56
2006,281,1448,23.25
2006,281,1518,21.90
2006,281,1548,23.69
2006,281,1618,18.33
2006,281,1648,20.56
2006,281,1718,21.01
2006,281,1748,17.88
2006,281,1818,23.69
2006,281,1848,22.80
2006,281,1918,17.88
2006,281,1948,23.25
2006,281,2018,23.69
2006,281,2048,20.56
2006,281,2118,19.67
2006,281,2148,22.80
2006,281,2218,21.01
2006,281,2248,16.09
2006,281,2318,19.67
2006,281,2348,12.52
2006,282,18,19.67
2006,282,48,16.99
2006,282,118,20.56
2006,282,148,20.12
2006,282,218,20.12
2006,282,248,19.22
2006,282,318,19.67
2006,282,348,17.43
2006,282,418,14.75
2006,282,448,12.07
2006,282,518,15.20
2006,282,548,19.22
2006,282,618,15.65
2006,282,648,19.67
2006,282,718,18.33
2006,282,748,22.35
2006,282,818,18.78
2006,282,848,16.54
2006,282,918,20.12
2006,282,948,20.12
2006,282,1018,19.67
2006,282,1048,17.88
2006,282,1118,19.22
2006,282,1148,19.22
2006,282,1218,16.09
2006,282,1248,12.07
2006,282,1318,13.86
2006,282,1348,14.31
2006,282,1418,11.62
2006,282,1448,15.20
2006,282,1518,12.52
2006,282,1548,15.20
2006,282,1618,13.41
2006,282,1648,14.75
2006,282,1718,13.41
2006,282,1748,10.73
2006,282,1818,9.83
2006,282,1848,8.49
2006,282,1918,12.52
2006,282,1948,12.07
2006,282,2018,11.62
2006,282,2048,11.18
2006,282,2118,13.41
2006,282,2148,12.07
2006,282,2218,7.60
2006,282,2248,5.36
2006,282,2318,4.47
2006,282,2348,1.79
2006,283,18,4.02
2006,283,48,2.24
2006,283,118,7.15
2006,283,148,6.71
2006,283,218,7.60
2006,283,248,8.05
2006,283,318,6.71
2006,283,348,4.02
2006,283,418,4.47
2006,283,448,4.92
2006,283,518,6.71
2006,283,548,7.15
2006,283,618,8.05
2006,283,648,8.94
2006,283,718,10.28
2006,283,748,10.28
2006,283,818,10.73
2006,283,848,9.83
2006,283,918,14.31
2006,283,948,15.65
2006,283,1018,18.78
2006,283,1048,16.54
2006,283,1118,15.65
2006,283,1148,16.09
2006,283,1218,16.99
2006,283,1248,16.99
2006,283,1318,16.54
2006,283,1348,16.09
2006,283,1418,16.99
2006,283,1448,20.12
2006,283,1518,19.67
2006,283,1548,21.46
2006,283,1618,20.56
2006,283,1648,20.12
2006,283,1718,18.33
2006,283,1748,17.88
2006,283,1818,21.46
2006,283,1848,18.33
2006,283,1918,19.22
2006,283,1948,18.33
2006,283,2018,21.90
2006,283,2048,21.46
2006,283,2118,20.56
2006,283,2148,18.78
2006,283,2218,19.22
2006,283,2248,16.99
2006,283,2318,19.22
2006,283,2348,21.01
2006,284,18,23.69
2006,284,48,26.38
2006,284,118,25.93
2006,284,148,27.27
2006,284,218,27.72
2006,284,248,29.06
2006,284,318,28.61
2006,284,348,25.93
2006,284,418,27.27
2006,284,448,30.40
2006,284,518,31.74
2006,284,548,30.40
2006,284,618,28.61
2006,284,648,30.40
2006,284,718,30.85
2006,284,748,31.74
2006,284,818,31.74
2006,284,848,30.85
2006,284,918,29.50
2006,284,948,31.29
2006,284,1018,33.53
2006,284,1048,33.53
2006,284,1118,33.53
2006,284,1148,30.40
2006,284,1218,27.72
2006,284,1248,27.72
2006,284,1318,28.16
2006,284,1348,29.50
2006,284,1418,28.16
2006,284,1448,32.19
2006,284,1518,29.95
2006,284,1548,27.27
2006,284,1618,25.93
2006,284,1648,21.90
2006,284,1718,17.43
2006,284,1748,15.20
2006,284,1818,14.75
2006,284,1848,11.62
2006,284,1918,8.05
2006,284,1948,5.36
2006,284,2018,7.15
2006,284,2048,7.60
2006,284,2118,8.94
2006,284,2148,5.36
2006,284,2218,5.81
2006,284,2248,2.24
2006,284,2318,5.81
2006,284,2348,5.81
2006,285,18,6.26
2006,285,48,6.71
2006,285,118,10.28
2006,285,148,16.09
2006,285,218,16.99
2006,285,248,14.31
2006,285,318,17.88
2006,285,348,20.12
2006,285,418,22.35
2006,285,448,26.82
2006,285,518,24.59
2006,285,548,20.12
2006,285,618,19.22
2006,285,648,17.88
2006,285,718,19.67
2006,285,748,17.43
2006,285,818,13.41
2006,285,848,12.07
2006,285,918,10.73
2006,285,948,5.81
2006,285,1018,0.00
2006,285,1048,0.00
2006,285,1118,0.00
2006,285,1148,0.00
2006,285,1218,0.00
2006,285,1248,0.00
2006,285,1318,0.00
2006,285,1348,0.00
2006,285,1418,0.00
2006,285,1448,0.00
2006,285,1518,0.00
2006,285,1548,0.00
2006,285,1618,0.00
2006,285,1648,0.00
2006,285,1718,0.00
2006,285,1748,0.00
2006,285,1818,0.00
2006,285,1848,0.00
2006,285,1918,0.00
2006,285,1948,0.00
2006,285,2018,0.00
2006,285,2048,0.00
2006,285,2118,0.00
2006,285,2148,0.00
2006,285,2218,0.00
2006,285,2248,0.00
2006,285,2318,0.00
2006,285,2348,0.00
2006,286,18,0.00
2006,286,48,0.00
2006,286,118,0.00
2006,286,148,0.00
2006,286,218,0.00
2006,286,248,0.00
2006,286,318,0.00
2006,286,348,0.00
2006,286,418,0.00
2006,286,448,0.00
2006,286,518,0.00
2006,286,548,0.00
2006,286,618,0.00
2006,286,648,0.00
2006,286,718,0.00
2006,286,748,0.00
2006,286,818,0.00
2006,286,848,0.00
2006,286,918,0.00
2006,286,948,0.00
2006,286,1018,0.00
2006,286,1048,0.00
2006,286,1118,0.00
2006,286,1148,0.00
2006,286,1218,0.00
2006,286,1248,0.00
2006,286,1318,0.00
2006,286,1348,0.00
2006,286,1418,0.00
2006,286,1448,0.00
2006,286,1518,0.00
2006,286,1548,0.00
2006,286,1618,0.00
2006,286,1648,0.00
2006,286,1718,0.00
2006,286,1748,0.00
2006,286,1818,0.00
2006,286,1848,0.00
2006,286,1918,0.00
2006,286,1948,0.00
2006,286,2018,0.00
2006,286,2048,0.00
2006,286,2118,0.00
2006,286,2148,0.00
2006,286,2218,0.00
2006,286,2248,0.00
2006,286,2318,0.00
2006,286,2348,0.00
2006,287,18,0.00
2006,287,48,0.00
2006,287,118,0.00
2006,287,148,0.00
2006,287,218,0.00
2006,287,248,0.00
2006,287,318,0.00
2006,287,348,0.00
2006,287,418,0.00
2006,287,448,0.00
2006,287,518,0.00
2006,287,548,0.00
2006,287,618,0.00
2006,287,648,0.00
2006,287,718,0.00
2006,287,748,0.00
2006,287,818,0.00
2006,287,848,0.00
2006,287,918,0.00
2006,287,948,0.00
2006,287,1018,0.00
2006,287,1048,0.00
2006,287,1118,0.00
2006,287,1148,0.00
2006,287,1218,0.00
2006,287,1248,0.00
2006,287,1318,0.00
2006,287,1348,0.00
2006,287,1418,0.00
2006,287,1448,0.00
2006,287,1518,0.00
2006,287,1548,0.00
2006,287,1618,0.00
2006,287,1648,0.00
2006,287,1718,0.00
2006,287,1748,0.00
2006,287,1818,0.00
2006,287,1848,0.00
2006,287,1918,0.00
2006,287,1948,0.00
2006,287,2018,0.00
2006,287,2048,0.00
2006,287,2118,0.00
2006,287,2148,0.00
2006,287,2218,0.00
2006,287,2248,0.00
2006,287,2318,0.00
2006,287,2348,0.00
2006,288,18,0.00
2006,288,48,0.00
2006,288,118,0.00
2006,288,148,0.00
2006,288,218,0.00
2006,288,248,0.00
2006,288,318,0.00
2006,288,348,0.00
2006,288,418,0.00
2006,288,448,0.00
2006,288,518,0.00
2006,288,548,0.00
2006,288,618,0.00
2006,288,648,0.00
2006,288,718,0.00
2006,288,748,0.00
2006,288,818,0.00
2006,288,848,0.00
2006,288,918,0.00
2006,288,948,0.00
2006,288,1018,0.00
2006,288,1048,0.00
2006,288,1118,0.00
2006,288,1148,0.00
2006,288,1218,0.00
2006,288,1248,0.00
2006,288,1318,0.00
2006,288,1348,0.00
2006,288,1418,0.00
2006,288,1448,0.00
2006,288,1518,0.00
2006,288,1548,0.00
2006,288,1618,0.00
2006,288,1648,0.00
2006,288,1718,0.00
2006,288,1748,0.00
2006,288,1818,0.00
2006,288,1848,0.00
2006,288,1918,0.00
2006,288,1948,0.00
2006,288,2018,0.00
2006,288,2048,0.00
2006,288,2118,0.00
2006,288,2148,0.00
2006,288,2218,0.00
2006,288,2248,0.00
2006,288,2318,0.00
2006,288,2348,0.00
2006,289,18,0.00
2006,289,48,0.00
2006,289,118,0.00
2006,289,148,0.00
2006,289,218,0.00
2006,289,248,0.00
2006,289,318,0.00
2006,289,348,0.00
2006,289,418,0.00
2006,289,448,0.00
2006,289,518,0.00
2006,289,548,0.00
2006,289,618,0.00
2006,289,648,0.00
2006,289,718,0.00
2006,289,748,0.00
2006,289,818,0.00
2006,289,848,0.00
2006,289,918,0.00
2006,289,948,0.00
2006,289,1018,0.00
2006,289,1048,0.00
2006,289,1118,0.00
2006,289,1148,0.00
2006,289,1218,0.00
2006,289,1248,0.00
2006,289,1318,0.00
2006,289,1348,0.00
2006,289,1418,0.00
2006,289,1448,0.00
2006,289,1518,0.00
2006,289,1548,0.00
2006,289,1618,0.00
2006,289,1648,0.00
2006,289,1718,0.00
2006,289,1748,0.00
2006,289,1818,0.00
2006,289,1848,0.00
2006,289,1918,0.00
2006,289,1948,0.00
2006,289,2018,0.00
2006,289,2048,0.00
2006,289,2118,0.00
2006,289,2148,0.00
2006,289,2218,0.00
2006,289,2248,0.00
2006,289,2318,0.00
2006,289,2348,0.00
2006,290,18,0.00
2006,290,48,0.00
2006,290,118,0.00
2006,290,148,0.00
2006,290,218,0.00
2006,290,248,0.00
2006,290,318,0.00
2006,290,348,0.00
2006,290,418,0.00
2006,290,448,0.00
2006,290,518,0.00
2006,290,548,0.00
2006,290,618,0.00
2006,290,648,0.00
2006,290,718,0.00
2006,290,748,0.00
2006,290,818,0.00
2006,290,848,0.00
2006,290,918,0.00
2006,290,948,0.00
2006,290,1018,0.00
2006,290,1048,0.00
2006,290,1118,0.00
2006,290,1148,0.00
2006,290,1218,0.00
2006,290,1248,0.00
2006,290,1318,0.00
2006,290,1348,0.00
2006,290,1418,0.00
2006,290,1448,0.00
2006,290,1518,0.00
2006,290,1548,0.00
2006,290,1618,0.00
2006,290,1648,0.00
2006,290,1718,0.00
2006,290,1748,0.00
2006,290,1818,0.00
2006,290,1848,0.00
2006,290,1918,0.00
2006,290,1948,0.00
2006,290,2018,0.00
2006,290,2048,0.00
2006,290,2118,0.00
2006,290,2148,0.00
2006,290,2218,0.00
2006,290,2248,0.00
2006,290,2318,0.00
2006,290,2348,0.00
2006,291,18,0.00
2006,291,48,0.00
2006,291,118,0.00
2006,291,148,0.00
2006,291,218,0.00
2006,291,248,0.00
2006,291,318,0.00
2006,291,348,0.00
2006,291,418,0.00
2006,291,448,0.00
2006,291,518,0.00
2006,291,548,0.00
2006,291,618,0.00
2006,291,648,0.00
2006,291,718,0.00
2006,291,748,0.00
2006,291,818,0.00
2006,291,848,0.00
2006,291,918,0.00
2006,291,948,0.00
2006,291,1018,0.00
2006,291,1048,0.00
2006,291,1118,0.00
2006,291,1148,0.00
2006,291,1218,0.00
2006,291,1248,0.00
2006,291,1318,0.00
2006,291,1348,0.00
2006,291,1418,0.00
2006,291,1448,0.00
2006,291,1518,0.00
2006,291,1548,0.00
2006,291,1618,0.00
2006,291,1648,0.00
2006,291,1718,0.00
2006,291,1748,0.00
2006,291,1818,0.00
2006,291,1848,0.00
2006,291,1918,0.00
2006,291,1948,0.00
2006,291,2018,0.00
2006,291,2048,0.00
2006,291,2118,0.00
2006,291,2148,0.00
2006,291,2218,0.00
2006,291,2248,0.00
2006,291,2318,0.00
2006,291,2348,0.00
2006,292,18,0.00
2006,292,48,0.00
2006,292,118,0.00
2006,292,148,0.00
2006,292,218,0.00
2006,292,248,0.00
2006,292,318,0.00
2006,292,348,0.00
2006,292,418,0.00
2006,292,448,0.00
2006,292,518,0.00
2006,292,548,0.00
2006,292,618,0.00
2006,292,648,0.00
2006,292,718,0.00
2006,292,748,0.00
2006,292,818,0.00
2006,292,848,0.00
2006,292,918,0.00
2006,292,948,0.00
2006,292,1018,0.00
2006,292,1048,0.00
2006,292,1118,0.00
2006,292,1148,0.00
2006,292,1218,0.00
2006,292,1248,0.00
2006,292,1318,0.00
2006,292,1348,0.00
2006,292,1418,0.00
2006,292,1448,0.00
2006,292,1518,0.00
2006,292,1548,0.00
2006,292,1618,0.00
2006,292,1648,0.00
2006,292,1718,0.00
2006,292,1748,0.00
2006,292,1818,0.00
2006,292,1848,0.00
2006,292,1918,0.00
2006,292,1948,0.00
2006,292,2018,0.00
2006,292,2048,0.00
2006,292,2118,0.00
2006,292,2148,0.00
2006,292,2218,0.00
2006,292,2248,0.00
2006,292,2318,0.00
2006,292,2348,0.00
2006,293,18,0.00
2006,293,48,0.00
2006,293,118,0.00
2006,293,148,0.00
2006,293,218,0.00
2006,293,248,0.00
2006,293,318,0.00
2006,293,348,0.00
2006,293,418,0.00
2006,293,448,0.00
2006,293,518,0.00
2006,293,548,0.00
2006,293,618,0.00
2006,293,648,0.00
2006,293,718,0.00
2006,293,748,0.00
2006,293,818,0.00
2006,293,848,0.00
2006,293,918,0.00
2006,293,948,0.00
2006,293,1018,0.00
2006,293,1048,0.00
2006,293,1118,0.00
2006,293,1148,0.00
2006,293,1218,0.00
2006,293,1248,0.00
2006,293,1318,0.00
2006,293,1348,0.00
2006,293,1418,0.00
2006,293,1448,0.00
2006,293,1518,0.00
2006,293,1548,0.00
2006,293,1618,0.00
2006,293,1648,0.00
2006,293,1718,0.00
2006,293,1748,0.00
2006,293,1818,0.00
2006,293,1848,0.00
2006,293,1918,0.00
2006,293,1948,0.00
2006,293,2018,0.00
2006,293,2048,0.00
2006,293,2118,0.00
2006,293,2148,0.00
2006,293,2218,0.00
2006,293,2248,0.00
2006,293,2318,0.00
2006,293,2348,0.00
2006,294,18,0.00
2006,294,48,0.00
2006,294,118,0.00
2006,294,148,0.00
2006,294,218,0.00
2006,294,248,0.00
2006,294,318,0.00
2006,294,348,0.00
2006,294,418,0.00
2006,294,448,0.00
2006,294,518,0.00
2006,294,548,0.00
2006,294,618,0.00
2006,294,648,0.00
2006,294,718,0.00
2006,294,748,0.00
2006,294,818,0.00
2006,294,848,0.00
2006,294,918,0.00
2006,294,948,0.00
2006,294,1018,0.00
2006,294,1048,0.00
2006,294,1118,0.00
2006,294,1148,0.00
2006,294,1218,0.00
2006,294,1248,0.00
2006,294,1318,0.00
2006,294,1348,0.00
2006,294,1418,0.00
2006,294,1448,0.00
2006,294,1518,0.00
2006,294,1548,0.00
2006,294,1618,0.00
2006,294,1648,0.00
2006,294,1718,0.00
2006,294,1748,0.00
2006,294,1818,0.00
2006,294,1848,0.00
2006,294,1918,0.00
2006,294,1948,0.00
2006,294,2018,0.00
2006,294,2048,0.00
2006,294,2118,0.00
2006,294,2148,0.00
2006,294,2218,0.00
2006,294,2248,0.00
2006,294,2318,0.00
2006,294,2348,0.00
2006,295,18,0.00
2006,295,48,0.00
2006,295,118,0.00
2006,295,148,0.00
2006,295,218,0.00
2006,295,248,0.00
2006,295,318,0.00
2006,295,348,0.00
2006,295,418,0.00
2006,295,448,0.00
2006,295,518,0.00
2006,295,548,0.00
2006,295,618,0.00
2006,295,648,0.00
2006,295,718,0.00
2006,295,748,0.00
2006,295,818,0.00
2006,295,848,0.00
2006,295,918,0.00
2006,295,948,0.00
2006,295,1018,0.00
2006,295,1048,0.00
2006,295,1118,0.00
2006,295,1148,0.00
2006,295,1218,0.00
2006,295,1248,0.00
2006,295,1318,0.00
2006,295,1348,0.00
2006,295,1418,0.00
2006,295,1448,0.00
2006,295,1518,0.00
2006,295,1548,0.00
2006,295,1618,0.00
2006,295,1648,0.00
2006,295,1718,0.00
2006,295,1748,0.00
2006,295,1818,0.00
2006,295,1848,0.00
2006,295,1918,0.00
2006,295,1948,0.00
2006,295,2018,0.00
2006,295,2048,0.00
2006,295,2118,0.00
2006,295,2148,0.00
2006,295,2218,0.00
2006,295,2248,0.00
2006,295,2318,0.00
2006,295,2348,0.00
2006,296,18,0.00
2006,296,48,0.00
2006,296,118,0.00
2006,296,148,0.00
2006,296,218,0.00
2006,296,248,0.00
2006,296,318,0.00
2006,296,348,0.00
2006,296,418,0.00
2006,296,448,0.00
2006,296,518,0.00
2006,296,548,0.00
2006,296,618,0.00
2006,296,648,0.00
2006,296,718,0.00
2006,296,748,0.00
2006,296,818,0.00
2006,296,848,0.00
2006,296,918,0.00
2006,296,948,0.00
2006,296,1018,0.00
2006,296,1048,0.00
2006,296,1118,0.00
2006,296,1148,0.00
2006,296,1218,0.00
2006,296,1248,0.00
2006,296,1318,0.00
2006,296,1348,0.00
2006,296,1418,0.00
2006,296,1448,0.00
2006,296,1518,0.00
2006,296,1548,0.00
2006,296,1618,0.00
2006,296,1648,0.00
2006,296,1718,0.00
2006,296,1748,0.00
2006,296,1818,0.00
2006,296,1848,0.00
2006,296,1918,0.00
2006,296,1948,0.00
2006,296,2018,0.00
2006,296,2048,0.00
2006,296,2118,0.00
2006,296,2148,0.00
2006,296,2218,0.00
2006,296,2248,0.00
2006,296,2318,0.00
2006,296,2348,0.00
2006,297,18,0.00
2006,297,48,0.00
2006,297,118,0.00
2006,297,148,0.00
2006,297,218,0.00
2006,297,248,0.00
2006,297,318,0.00
2006,297,348,0.00
2006,297,418,0.00
2006,297,448,0.00
2006,297,518,0.00
2006,297,548,0.00
2006,297,618,0.00
2006,297,648,0.00
2006,297,718,0.00
2006,297,748,0.00
2006,297,818,0.00
2006,297,848,0.00
2006,297,918,0.00
2006,297,948,0.00
2006,297,1018,0.00
2006,297,1048,0.00
2006,297,1118,0.00
2006,297,1148,0.00
2006,297,1218,0.00
2006,297,1248,0.00
2006,297,1318,0.00
2006,297,1348,0.00
2006,297,1418,0.00
2006,297,1448,0.00
2006,297,1518,0.00
2006,297,1548,0.00
2006,297,1618,0.00
2006,297,1648,0.00
2006,297,1718,0.00
2006,297,1748,0.00
2006,297,1818,0.00
2006,297,1848,0.00
2006,297,1918,0.00
2006,297,1948,0.00
2006,297,2018,0.00
2006,297,2048,0.00
2006,297,2118,0.00
2006,297,2148,0.00
2006,297,2218,0.00
2006,297,2248,0.00
2006,297,2318,0.00
2006,297,2348,0.00
2006,298,18,0.00
2006,298,48,0.00
2006,298,118,0.00
2006,298,148,0.00
2006,298,218,0.00
2006,298,248,0.00
2006,298,318,0.00
2006,298,348,0.00
2006,298,418,0.00
2006,298,448,0.00
2006,298,518,0.00
2006,298,548,0.00
2006,298,618,0.00
2006,298,648,0.00
2006,298,718,0.00
2006,298,748,0.00
2006,298,818,0.00
2006,298,848,0.00
2006,298,918,0.00
2006,298,948,0.00
2006,298,1018,0.00
2006,298,1048,0.00
2006,298,1118,0.00
2006,298,1148,0.00
2006,298,1218,0.00
2006,298,1248,0.00
2006,298,1318,0.00
2006,298,1348,0.00
2006,298,1418,0.00
2006,298,1448,0.00
2006,298,1518,0.00
2006,298,1548,0.00
2006,298,1618,0.00
2006,298,1648,0.00
2006,298,1718,0.00
2006,298,1748,0.00
2006,298,1818,0.00
2006,298,1848,0.00
2006,298,1918,0.00
2006,298,1948,0.00
2006,298,2018,0.00
2006,298,2048,0.00
2006,298,2118,0.00
2006,298,2148,0.00
2006,298,2218,0.00
2006,298,2248,0.00
2006,298,2318,0.00
2006,298,2348,0.00
2006,299,18,0.00
2006,299,48,0.00
2006,299,118,0.00
2006,299,148,0.00
2006,299,218,0.00
2006,299,248,0.00
2006,299,318,0.00
2006,299,348,0.00
2006,299,418,0.00
2006,299,448,0.00
2006,299,518,0.00
2006,299,548,0.00
2006,299,618,0.00
2006,299,648,0.00
2006,299,718,0.00
2006,299,748,0.00
2006,299,818,0.00
2006,299,848,0.00
2006,299,918,0.00
2006,299,948,0.00
2006,299,1018,0.00
2006,299,1048,0.00
2006,299,1118,0.00
2006,299,1148,0.00
2006,299,1218,0.00
2006,299,1248,0.00
2006,299,1318,0.00
2006,299,1348,0.00
2006,299,1418,0.00
2006,299,1448,0.00
2006,299,1518,0.00
2006,299,1548,0.00
2006,299,1618,0.00
2006,299,1648,0.00
2006,299,1718,0.00
2006,299,1748,0.00
2006,299,1818,0.00
2006,299,1848,0.00
2006,299,1918,0.00
2006,299,1948,0.00
2006,299,2018,0.00
2006,299,2048,0.00
2006,299,2118,0.00
2006,299,2148,0.00
2006,299,2218,0.00
2006,299,2248,0.00
2006,299,2318,0.00
2006,299,2348,0.00
2006,300,18,0.00
2006,300,48,0.00
2006,300,118,0.00
2006,300,148,0.00
2006,300,218,0.00
2006,300,248,0.00
2006,300,318,0.00
2006,300,348,0.00
2006,300,418,0.00
2006,300,448,0.00
2006,300,518,0.00
2006,300,548,0.00
2006,300,618,0.00
2006,300,648,0.00
2006,300,718,0.00
2006,300,748,0.00
2006,300,818,0.00
2006,300,848,0.00
2006,300,918,0.00
2006,300,948,0.00
2006,300,1018,0.00
2006,300,1048,0.00
2006,300,1118,0.00
2006,300,1148,0.00
2006,300,1218,0.00
2006,300,1248,0.00
2006,300,1318,0.00
2006,300,1348,0.00
2006,300,1418,0.00
2006,300,1448,0.00
2006,300,1518,0.00
2006,300,1548,0.00
2006,300,1618,0.00
2006,300,1648,0.00
2006,300,1718,0.00
2006,300,1748,0.00
2006,300,1818,0.00
2006,300,1848,0.00
2006,300,1918,0.00
2006,300,1948,0.00
2006,300,2018,0.00
2006,300,2048,0.00
2006,300,2118,0.00
2006,300,2148,0.00
2006,300,2218,0.00
2006,300,2248,0.00
2006,300,2318,0.00
2006,300,2348,0.00
2006,301,18,0.00
2006,301,48,0.00
2006,301,118,0.00
2006,301,148,0.00
2006,301,218,0.00
2006,301,248,0.00
2006,301,318,0.00
2006,301,348,0.00
2006,301,418,0.00
2006,301,448,0.00
2006,301,518,0.00
2006,301,548,0.00
2006,301,618,0.00
2006,301,648,0.00
2006,301,718,0.00
2006,301,748,0.00
2006,301,818,0.00
2006,301,848,0.00
2006,301,918,0.00
2006,301,948,0.00
2006,301,1018,0.00
2006,301,1048,0.00
2006,301,1118,0.00
2006,301,1148,0.00
2006,301,1218,0.00
2006,301,1248,0.00
2006,301,1318,0.00
2006,301,1348,0.00
2006,301,1418,0.00
2006,301,1448,0.00
2006,301,1518,0.00
2006,301,1548,0.00
2006,301,1618,0.00
2006,301,1648,0.00
2006,301,1718,0.00
2006,301,1748,0.00
2006,301,1818,0.00
2006,301,1848,0.00
2006,301,1918,0.00
2006,301,1948,0.00
2006,301,2018,0.00
2006,301,2048,0.00
2006,301,2118,0.00
2006,301,2148,0.00
2006,301,2218,0.00
2006,301,2248,0.00
2006,301,2318,0.00
2006,301,2348,0.00
2006,302,18,0.00
2006,302,48,0.00
2006,302,118,0.00
2006,302,148,0.00
2006,302,218,0.00
2006,302,248,0.00
2006,302,318,0.00
2006,302,348,0.00
2006,302,418,0.00
2006,302,448,0.00
2006,302,518,0.00
2006,302,548,0.00
2006,302,618,0.00
2006,302,648,0.00
2006,302,718,0.00
2006,302,748,0.00
2006,302,818,0.00
2006,302,848,0.00
2006,302,918,0.00
2006,302,948,0.00
2006,302,1018,0.00
2006,302,1048,0.00
2006,302,1118,0.00
2006,302,1148,0.00
2006,302,1218,0.00
2006,302,1248,0.00
2006,302,1318,0.00
2006,302,1348,0.00
2006,302,1418,0.00
2006,302,1448,0.00
2006,302,1518,0.00
2006,302,1548,0.00
2006,302,1618,0.00
2006,302,1648,0.00
2006,302,1718,0.00
2006,302,1748,0.00
2006,302,1818,0.00
2006,302,1848,0.00
2006,302,1918,0.00
2006,302,1948,0.00
2006,302,2018,0.00
2006,302,2048,0.00
2006,302,2118,0.00
2006,302,2148,0.00
2006,302,2218,0.00
2006,302,2248,0.00
2006,302,2318,0.00
2006,302,2348,0.00
2006,303,18,0.00
2006,303,48,0.00
2006,303,118,0.00
2006,303,148,0.00
2006,303,218,0.00
2006,303,248,0.00
2006,303,318,0.00
2006,303,348,0.00
2006,303,418,0.00
2006,303,448,0.00
2006,303,518,0.00
2006,303,548,0.00
2006,303,618,0.00
2006,303,648,0.00
2006,303,718,0.00
2006,303,748,0.00
2006,303,818,0.00
2006,303,848,0.00
2006,303,918,0.00
2006,303,948,0.00
2006,303,1018,0.00
2006,303,1048,0.00
2006,303,1118,0.00
2006,303,1148,0.00
2006,303,1218,0.00
2006,303,1248,0.00
2006,303,1318,0.00
2006,303,1348,0.00
2006,303,1418,0.00
2006,303,1448,0.00
2006,303,1518,0.00
2006,303,1548,0.00
2006,303,1618,0.00
2006,303,1648,0.00
2006,303,1718,0.00
2006,303,1748,0.00
2006,303,1818,0.00
2006,303,1848,0.00
2006,303,1918,0.00
2006,303,1948,0.00
2006,303,2018,0.00
2006,303,2048,0.00
2006,303,2118,0.00
2006,303,2148,0.00
2006,303,2218,0.00
2006,303,2248,0.00
2006,303,2318,0.00
2006,303,2348,0.00
2006,304,18,0.00
2006,304,48,0.00
2006,304,118,0.00
2006,304,148,0.00
2006,304,218,0.00
2006,304,248,0.00
2006,304,318,0.00
2006,304,348,0.00
2006,304,418,0.00
2006,304,448,0.00
2006,304,518,0.00
2006,304,548,0.00
2006,304,618,0.00
2006,304,648,0.00
2006,304,718,0.00
2006,304,748,0.00
2006,304,818,0.00
2006,304,848,0.00
2006,304,918,0.00
2006,304,948,0.00
2006,304,1018,0.00
2006,304,1048,0.00
2006,304,1118,0.00
2006,304,1148,0.00
2006,304,1218,0.00
2006,304,1248,0.00
2006,304,1318,0.00
2006,304,1348,0.00
2006,304,1418,0.00
2006,304,1448,0.00
2006,304,1518,0.00
2006,304,1548,0.00
2006,304,1618,0.00
2006,304,1648,0.00
2006,304,1718,0.00
2006,304,1748,0.00
2006,304,1818,0.00
2006,304,1848,0.00
2006,304,1918,0.00
2006,304,1948,0.00
2006,304,2018,0.00
2006,304,2048,0.00
2006,304,2118,0.00
2006,304,2148,0.00
2006,304,2218,0.00
2006,304,2248,0.00
2006,304,2318,0.00
2006,304,2348,0.00
2006,305,18,0.00
2006,305,48,0.00
2006,305,118,0.00
2006,305,148,0.00
2006,305,218,0.00
2006,305,248,0.00
2006,305,318,0.00
2006,305,348,0.00
2006,305,418,0.00
2006,305,448,0.00
2006,305,518,0.00
2006,305,548,0.00
2006,305,618,0.00
2006,305,648,0.00
2006,305,718,0.00
2006,305,748,0.00
2006,305,818,0.00
2006,305,848,0.00
2006,305,918,0.00
2006,305,948,0.00
2006,305,1018,0.00
2006,305,1048,0.00
2006,305,1118,0.00
2006,305,1148,0.00
2006,305,1218,0.00
2006,305,1248,0.00
2006,305,1318,0.00
2006,305,1348,0.00
2006,305,1418,0.00
2006,305,1448,0.00
2006,305,1518,0.00
2006,305,1548,0.00
2006,305,1618,0.00
2006,305,1648,0.00
2006,305,1718,0.00
2006,305,1748,0.00
2006,305,1818,0.00
2006,305,1848,0.00
2006,305,1918,0.00
2006,305,1948,0.00
2006,305,2018,0.00
2006,305,2048,0.00
2006,305,2118,0.00
2006,305,2148,0.00
2006,305,2218,0.00
2006,305,2248,0.00
2006,305,2318,0.00
2006,305,2348,0.00
2006,306,18,0.00
2006,306,48,0.00
2006,306,118,0.00
2006,306,148,0.00
2006,306,218,0.00
2006,306,248,0.00
2006,306,318,0.00
2006,306,348,0.00
2006,306,418,0.00
2006,306,448,0.00
2006,306,518,0.00
2006,306,548,0.00
2006,306,618,0.00
2006,306,648,0.00
2006,306,718,0.00
2006,306,748,0.00
2006,306,818,0.00
2006,306,848,0.00
2006,306,918,0.00
2006,306,948,0.00
2006,306,1018,0.00
2006,306,1048,0.00
2006,306,1118,0.00
2006,306,1148,0.00
2006,306,1218,0.00
2006,306,1248,0.00
2006,306,1318,0.00
2006,306,1348,0.00
2006,306,1418,0.00
2006,306,1448,0.00
2006,306,1518,0.00
2006,306,1548,0.00
2006,306,1618,0.00
2006,306,1648,0.00
2006,306,1718,0.00
2006,306,1748,0.00
2006,306,1818,0.00
2006,306,1848,0.00
2006,306,1918,0.00
2006,306,1948,0.00
2006,306,2018,0.00
2006,306,2048,0.00
2006,306,2118,0.00
2006,306,2148,0.00
2006,306,2218,0.00
2006,306,2248,0.00
2006,306,2318,0.00
2006,306,2348,0.00
2006,307,18,0.00
2006,307,48,0.00
2006,307,118,0.00
2006,307,148,0.00
2006,307,218,0.00
2006,307,248,0.00
2006,307,318,0.00
2006,307,348,0.00
2006,307,418,0.00
2006,307,448,0.00
2006,307,518,0.00
2006,307,548,0.00
2006,307,618,0.00
2006,307,648,0.00
2006,307,718,0.00
2006,307,748,0.00
2006,307,818,0.00
2006,307,848,0.00
2006,307,918,0.00
2006,307,948,0.00
2006,307,1018,0.00
2006,307,1048,0.00
2006,307,1118,0.00
2006,307,1148,0.00
2006,307,1218,0.00
2006,307,1248,0.00
2006,307,1318,0.00
2006,307,1348,0.00
2006,307,1418,0.00
2006,307,1448,0.00
2006,307,1518,0.00
2006,307,1548,0.00
2006,307,1618,0.00
2006,307,1648,0.00
2006,307,1718,0.00
2006,307,1748,0.00
2006,307,1818,0.00
2006,307,1848,0.00
2006,307,1918,0.00
2006,307,1948,0.00
2006,307,2018,0.00
2006,307,2048,0.00
2006,307,2118,0.00
2006,307,2148,0.00
2006,307,2218,0.00
2006,307,2248,0.00
2006,307,2318,0.00
2006,307,2348,0.00
2006,308,18,0.00
2006,308,48,0.00
2006,308,118,0.00
2006,308,148,0.00
2006,308,218,0.00
2006,308,248,0.00
2006,308,318,0.00
2006,308,348,0.00
2006,308,418,0.00
2006,308,448,0.00
2006,308,518,0.00
2006,308,548,0.00
2006,308,618,0.00
2006,308,648,0.00
2006,308,718,0.00
2006,308,748,0.00
2006,308,818,0.00
2006,308,848,0.00
2006,308,918,0.00
2006,308,948,0.00
2006,308,1018,0.00
2006,308,1048,0.00
2006,308,1118,0.00
2006,308,1148,0.00
2006,308,1218,0.00
2006,308,1248,0.00
2006,308,1318,0.00
2006,308,1348,0.00
2006,308,1418,0.00
2006,308,1448,0.00
2006,308,1518,0.00
2006,308,1548,0.00
2006,308,1618,0.00
2006,308,1648,0.00
2006,308,1718,0.00
2006,308,1748,0.00
2006,308,1818,0.00
2006,308,1848,0.00
2006,308,1918,0.00
2006,308,1948,0.00
2006,308,2018,0.00
2006,308,2048,0.00
2006,308,2118,0.00
2006,308,2148,0.00
2006,308,2218,0.00
2006,308,2248,0.00
2006,308,2318,0.00
2006,308,2348,0.00
2006,309,18,0.00
2006,309,48,0.00
2006,309,118,0.00
2006,309,148,0.00
2006,309,218,0.00
2006,309,248,0.00
2006,309,318,0.00
2006,309,348,0.00
2006,309,418,0.00
2006,309,448,0.00
2006,309,518,0.00
2006,309,548,0.00
2006,309,618,0.00
2006,309,648,0.00
2006,309,718,0.00
2006,309,748,0.00
2006,309,818,0.00
2006,309,848,0.00
2006,309,918,0.00
2006,309,948,0.00
2006,309,1018,0.00
2006,309,1048,0.00
2006,309,1118,0.00
2006,309,1148,0.00
2006,309,1218,0.00
2006,309,1248,0.00
2006,309,1318,0.00
2006,309,1348,0.00
2006,309,1418,0.00
2006,309,1448,0.00
2006,309,1518,0.00
2006,309,1548,0.00
2006,309,1618,0.00
2006,309,1648,0.00
2006,309,1718,0.00
2006,309,1748,0.00
2006,309,1818,0.00
2006,309,1848,0.00
2006,309,1918,0.00
2006,309,1948,0.00
2006,309,2018,0.00
2006,309,2048,0.00
2006,309,2118,0.00
2006,309,2148,0.00
2006,309,2218,0.00
2006,309,2248,0.00
2006,309,2318,0.00
2006,309,2348,0.00
2006,310,18,0.00
2006,310,48,0.00
2006,310,118,0.00
2006,310,148,0.00
2006,310,218,0.00
2006,310,248,0.00
2006,310,318,0.00
2006,310,348,0.00
2006,310,418,0.00
2006,310,448,0.00
2006,310,518,0.00
2006,310,548,0.00
2006,310,618,0.00
2006,310,648,0.00
2006,310,718,0.00
2006,310,748,0.00
2006,310,818,0.00
2006,310,848,0.00
2006,310,918,0.00
2006,310,948,0.00
2006,310,1018,0.00
2006,310,1048,0.00
2006,310,1118,0.00
2006,310,1148,0.00
2006,310,1218,0.00
2006,310,1248,0.00
2006,310,1318,0.00
2006,310,1348,0.00
2006,310,1418,0.00
2006,310,1448,0.00
2006,310,1518,0.00
2006,310,1548,0.00
2006,310,1618,0.00
2006,310,1648,0.00
2006,310,1718,0.00
2006,310,1748,0.00
2006,310,1818,0.00
2006,310,1848,0.00
2006,310,1918,0.00
2006,310,1948,0.00
2006,310,2018,0.00
2006,310,2048,0.00
2006,310,2118,0.00
2006,310,2148,0.00
2006,310,2218,0.00
2006,310,2248,0.00
2006,310,2318,0.00
2006,310,2348,0.00
2006,311,18,0.00
2006,311,48,0.00
2006,311,118,0.00
2006,311,148,0.00
2006,311,218,0.00
2006,311,248,0.00
2006,311,318,0.00
2006,311,348,0.00
2006,311,418,0.00
2006,311,448,0.00
2006,311,518,0.00
2006,311,548,0.00
2006,311,618,0.00
2006,311,648,0.00
2006,311,718,0.00
2006,311,748,0.00
2006,311,818,0.00
2006,311,848,0.00
2006,311,918,0.00
2006,311,948,0.00
2006,311,1018,0.00
2006,311,1048,0.00
2006,311,1118,0.00
2006,311,1148,0.00
2006,311,1218,0.00
2006,311,1248,0.00
2006,311,1318,0.00
2006,311,1348,0.00
2006,311,1418,0.00
2006,311,1448,0.00
2006,311,1518,0.00
2006,311,1548,0.00
2006,311,1618,0.00
2006,311,1648,0.00
2006,311,1718,0.00
2006,311,1748,0.00
2006,311,1818,0.00
2006,311,1848,0.00
2006,311,1918,0.00
2006,311,1948,0.00
2006,311,2018,0.00
2006,311,2048,0.00
2006,311,2118,0.00
2006,311,2148,0.00
2006,311,2218,0.00
2006,311,2248,0.00
2006,311,2318,0.00
2006,311,2348,0.00
2006,312,18,0.00
2006,312,48,0.00
2006,312,118,0.00
2006,312,148,0.00
2006,312,218,0.00
2006,312,248,0.00
2006,312,318,0.00
2006,312,348,0.00
2006,312,418,0.00
2006,312,448,0.00
2006,312,518,0.00
2006,312,548,0.00
2006,312,618,0.00
2006,312,648,0.00
2006,312,718,0.00
2006,312,748,0.00
2006,312,818,0.00
2006,312,848,0.00
2006,312,918,0.00
2006,312,948,0.00
2006,312,1018,0.00
2006,312,1048,0.00
2006,312,1118,0.00
2006,312,1148,0.00
2006,312,1218,0.00
2006,312,1248,0.00
2006,312,1318,0.00
2006,312,1348,0.00
2006,312,1418,0.00
2006,312,1448,0.00
2006,312,1518,0.00
2006,312,1548,0.00
2006,312,1618,0.00
2006,312,1648,0.00
2006,312,1718,0.00
2006,312,1748,0.00
2006,312,1818,0.00
2006,312,1848,0.00
2006,312,1918,0.00
2006,312,1948,0.00
2006,312,2018,0.00
2006,312,2048,0.00
2006,312,2118,0.00
2006,312,2148,0.00
2006,312,2218,0.00
2006,312,2248,0.00
2006,312,2318,0.00
2006,312,2348,0.00
2006,313,18,0.00
2006,313,48,0.00
2006,313,118,0.00
2006,313,148,0.00
2006,313,218,0.00
2006,313,248,0.00
2006,313,318,0.00
2006,313,348,0.00
2006,313,418,0.00
2006,313,448,0.00
2006,313,518,0.00
2006,313,548,0.00
2006,313,618,0.00
2006,313,648,0.00
2006,313,718,0.00
2006,313,748,0.00
2006,313,818,0.00
2006,313,848,0.00
2006,313,918,0.00
2006,313,948,0.00
2006,313,1018,0.00
2006,313,1048,0.00
2006,313,1118,0.00
2006,313,1148,0.00
2006,313,1218,0.00
2006,313,1248,0.00
2006,313,1318,0.00
2006,313,1348,0.00
2006,313,1418,0.00
2006,313,1448,0.00
2006,313,1518,0.00
2006,313,1548,0.00
2006,313,1618,0.00
2006,313,1648,0.00
2006,313,1718,0.00
2006,313,1748,0.00
2006,313,1818,0.00
2006,313,1848,0.00
2006,313,1918,0.00
2006,313,1948,0.00
2006,313,2018,0.00
2006,313,2048,0.00
2006,313,2118,0.00
2006,313,2148,0.00
2006,313,2218,0.00
2006,313,2248,0.00
2006,313,2318,0.00
2006,313,2348,0.00
2006,314,18,0.00
2006,314,48,0.00
2006,314,118,0.00
2006,314,148,0.00
2006,314,218,0.00
2006,314,248,0.00
2006,314,318,0.00
2006,314,348,0.00
2006,314,418,0.00
2006,314,448,0.00
2006,314,518,0.00
2006,314,548,0.00
2006,314,618,0.00
2006,314,648,0.00
2006,314,718,0.00
2006,314,748,0.00
2006,314,818,0.00
2006,314,848,0.00
2006,314,918,0.00
2006,314,948,0.00
2006,314,1018,0.00
2006,314,1048,0.00
2006,314,1118,0.00
2006,314,1148,0.00
2006,314,1218,0.00
2006,314,1248,0.00
2006,314,1318,0.00
2006,314,1348,0.00
2006,314,1418,0.00
2006,314,1448,0.00
2006,314,1518,0.00
2006,314,1548,0.00
2006,314,1618,0.00
2006,314,1648,0.00
2006,314,1718,0.00
2006,314,1748,0.00
2006,314,1818,0.00
2006,314,1848,0.00
2006,314,1918,0.00
2006,314,1948,0.00
2006,314,2018,0.00
2006,314,2048,0.00
2006,314,2118,0.00
2006,314,2148,0.00
2006,314,2218,0.00
2006,314,2248,0.00
2006,314,2318,0.00
2006,314,2348,0.00
2006,315,18,0.00
2006,315,48,0.00
2006,315,118,0.00
2006,315,148,0.00
2006,315,218,0.00
2006,315,248,0.00
2006,315,318,0.00
2006,315,348,0.00
2006,315,418,0.00
2006,315,448,0.00
2006,315,518,0.00
2006,315,548,0.00
2006,315,618,0.00
2006,315,648,0.00
2006,315,718,0.00
2006,315,748,0.00
2006,315,818,0.00
2006,315,848,0.00
2006,315,918,0.00
2006,315,948,0.00
2006,315,1018,0.00
2006,315,1048,0.00
2006,315,1118,0.00
2006,315,1148,0.00
2006,315,1218,0.00
2006,315,1248,0.00
2006,315,1318,0.00
2006,315,1348,0.00
2006,315,1418,0.00
2006,315,1448,0.00
2006,315,1518,0.00
2006,315,1548,0.00
2006,315,1618,0.00
2006,315,1648,0.00
2006,315,1718,0.00
2006,315,1748,0.00
2006,315,1818,0.00
2006,315,1848,0.00
2006,315,1918,0.00
2006,315,1948,0.00
2006,315,2018,0.00
2006,315,2048,0.00
2006,315,2118,0.00
2006,315,2148,0.00
2006,315,2218,0.00
2006,315,2248,0.00
2006,315,2318,0.00
2006,315,2348,0.00
2006,316,18,0.00
2006,316,48,0.00
2006,316,118,0.00
2006,316,148,0.00
2006,316,218,0.00
2006,316,248,0.00
2006,316,318,0.00
2006,316,348,0.00
2006,316,418,0.00
2006,316,448,0.00
2006,316,518,0.00
2006,316,548,0.00
2006,316,618,0.00
2006,316,648,0.00
2006,316,718,0.00
2006,316,748,0.00
2006,316,818,0.00
2006,316,848,0.00
2006,316,918,0.00
2006,316,948,0.00
2006,316,1018,0.00
2006,316,1048,0.00
2006,316,1118,0.00
2006,316,1148,0.00
2006,316,1218,0.00
2006,316,1248,0.00
2006,316,1318,0.00
2006,316,1348,0.00
2006,316,1418,0.00
2006,316,1448,0.00
2006,316,1518,0.00
2006,316,1548,0.00
2006,316,1618,0.00
2006,316,1648,0.00
2006,316,1718,0.00
2006,316,1748,0.00
2006,316,1818,0.00
2006,316,1848,0.00
2006,316,1918,0.00
2006,316,1948,0.00
2006,316,2018,0.00
2006,316,2048,0.00
2006,316,2118,0.00
2006,316,2148,0.00
2006,316,2218,0.00
2006,316,2248,0.00
2006,316,2318,0.00
2006,316,2348,0.00
2006,317,18,0.00
2006,317,48,0.00
2006,317,118,0.00
2006,317,148,0.00
2006,317,218,0.00
2006,317,248,0.00
2006,317,318,0.00
2006,317,348,0.00
2006,317,418,0.00
2006,317,448,0.00
2006,317,518,0.00
2006,317,548,0.00
2006,317,618,0.00
2006,317,648,0.00
2006,317,718,0.00
2006,317,748,0.00
2006,317,818,0.00
2006,317,848,0.00
2006,317,918,0.00
2006,317,948,0.00
2006,317,1018,0.00
2006,317,1048,0.00
2006,317,1118,0.00
2006,317,1148,0.00
2006,317,1218,0.00
2006,317,1248,0.00
2006,317,1318,0.00
2006,317,1348,0.00
2006,317,1418,0.00
2006,317,1448,0.00
2006,317,1518,0.00
2006,317,1548,0.00
2006,317,1618,0.00
2006,317,1648,0.00
2006,317,1718,0.00
2006,317,1748,0.00
2006,317,1818,0.00
2006,317,1848,0.00
2006,317,1918,0.00
2006,317,1948,0.00
2006,317,2018,0.00
2006,317,2048,0.00
2006,317,2118,0.00
2006,317,2148,0.00
2006,317,2218,0.00
2006,317,2248,0.00
2006,317,2318,0.00
2006,317,2348,0.00
2006,318,18,0.00
2006,318,48,0.00
2006,318,118,0.00
2006,318,148,0.00
2006,318,218,0.00
2006,318,248,0.00
2006,318,318,0.00
2006,318,348,0.00
2006,318,418,0.00
2006,318,448,0.00
2006,318,518,0.00
2006,318,548,0.00
2006,318,618,0.00
2006,318,648,0.00
2006,318,718,0.00
2006,318,748,0.00
2006,318,818,0.00
2006,318,848,0.00
2006,318,918,0.00
2006,318,948,0.00
2006,318,1018,0.00
2006,318,1048,0.00
2006,318,1118,0.00
2006,318,1148,0.00
2006,318,1218,0.00
2006,318,1248,0.00
2006,318,1318,0.00
2006,318,1348,0.00
2006,318,1418,0.00
2006,318,1448,0.00
2006,318,1518,0.00
2006,318,1548,0.00
2006,318,1618,0.00
2006,318,1648,0.00
2006,318,1718,0.00
2006,318,1748,0.00
2006,318,1818,0.00
2006,318,1848,0.00
2006,318,1918,0.00
2006,318,1948,0.00
2006,318,2018,0.00
2006,318,2048,0.00
2006,318,2118,0.00
2006,318,2148,0.00
2006,318,2218,0.00
2006,318,2248,0.00
2006,318,2318,0.00
2006,318,2348,0.00
2006,319,18,0.00
2006,319,48,0.00
2006,319,118,0.00
2006,319,148,0.00
2006,319,218,0.00
2006,319,248,0.00
2006,319,318,0.00
2006,319,348,0.00
2006,319,418,0.00
2006,319,448,0.00
2006,319,518,0.00
2006,319,548,0.00
2006,319,618,0.00
2006,319,648,0.00
2006,319,718,0.00
2006,319,748,0.00
2006,319,818,0.00
2006,319,848,0.00
2006,319,918,0.00
2006,319,948,0.00
2006,319,1018,0.00
2006,319,1048,0.00
2006,319,1118,0.00
2006,319,1148,0.00
2006,319,1218,0.00
2006,319,1248,0.00
2006,319,1318,0.00
2006,319,1348,0.00
2006,319,1418,0.00
2006,319,1448,0.00
2006,319,1518,0.00
2006,319,1548,0.00
2006,319,1618,0.00
2006,319,1648,0.00
2006,319,1718,0.00
2006,319,1748,0.00
2006,319,1818,0.00
2006,319,1848,0.00
2006,319,1918,0.00
2006,319,1948,0.00
2006,319,2018,0.00
2006,319,2048,0.00
2006,319,2118,0.00
2006,319,2148,0.00
2006,319,2218,0.00
2006,319,2248,0.00
2006,319,2318,0.00
2006,319,2348,0.00
2006,320,18,0.00
2006,320,48,0.00
2006,320,118,0.00
2006,320,148,0.00
2006,320,218,0.00
2006,320,248,0.00
2006,320,318,0.00
2006,320,348,0.00
2006,320,418,0.00
2006,320,448,0.00
2006,320,518,0.00
2006,320,548,0.00
2006,320,618,0.00
2006,320,648,0.00
2006,320,718,0.00
2006,320,748,0.00
2006,320,818,0.00
2006,320,848,0.00
2006,320,918,0.00
2006,320,948,0.00
2006,320,1018,0.00
2006,320,1048,0.00
2006,320,1118,0.00
2006,320,1148,0.00
2006,320,1218,0.00
2006,320,1248,0.00
2006,320,1318,0.00
2006,320,1348,0.00
2006,320,1418,0.00
2006,320,1448,0.00
2006,320,1518,0.00
2006,320,1548,0.00
2006,320,1618,0.00
2006,320,1648,0.00
2006,320,1718,0.00
2006,320,1748,0.00
2006,320,1818,0.00
2006,320,1848,0.00
2006,320,1918,0.00
2006,320,1948,0.00
2006,320,2018,0.00
2006,320,2048,0.00
2006,320,2118,0.00
2006,320,2148,0.00
2006,320,2218,0.00
2006,320,2248,0.00
2006,320,2318,0.00
2006,320,2348,0.00
2006,321,18,0.00
2006,321,48,0.00
2006,321,118,0.00
2006,321,148,0.00
2006,321,218,0.00
2006,321,248,0.00
2006,321,318,0.00
2006,321,348,0.00
2006,321,418,0.00
2006,321,448,0.00
2006,321,518,0.00
2006,321,548,0.00
2006,321,618,0.00
2006,321,648,0.00
2006,321,718,0.00
2006,321,748,0.00
2006,321,818,0.00
2006,321,848,0.00
2006,321,918,0.00
2006,321,948,0.00
2006,321,1018,0.00
2006,321,1048,0.00
2006,321,1118,0.00
2006,321,1148,0.00
2006,321,1218,0.00
2006,321,1248,0.00
2006,321,1318,0.00
2006,321,1348,0.00
2006,321,1418,0.00
2006,321,1448,0.00
2006,321,1518,0.00
2006,321,1548,0.00
2006,321,1618,0.00
2006,321,1648,0.00
2006,321,1718,0.00
2006,321,1748,0.00
2006,321,1818,0.00
2006,321,1848,0.00
2006,321,1918,0.00
2006,321,1948,0.00
2006,321,2018,0.00
2006,321,2048,0.00
2006,321,2118,0.00
2006,321,2148,0.00
2006,321,2218,0.00
2006,321,2248,0.00
2006,321,2318,0.00
2006,321,2348,0.00
2006,322,18,0.00
2006,322,48,0.00
2006,322,118,0.00
2006,322,148,0.00
2006,322,218,0.00
2006,322,248,0.00
2006,322,318,0.00
2006,322,348,0.00
2006,322,418,0.00
2006,322,448,0.00
2006,322,518,0.00
2006,322,548,0.00
2006,322,618,0.00
2006,322,648,0.00
2006,322,718,0.00
2006,322,748,0.00
2006,322,818,0.00
2006,322,848,0.00
2006,322,918,0.00
2006,322,948,0.00
2006,322,1018,0.00
2006,322,1048,0.00
2006,322,1118,0.00
2006,322,1148,0.00
2006,322,1218,0.00
2006,322,1248,0.00
2006,322,1318,0.00
2006,322,1348,0.00
2006,322,1418,0.00
2006,322,1448,0.00
2006,322,1518,0.00
2006,322,1548,0.00
2006,322,1618,0.00
2006,322,1648,0.00
2006,322,1718,0.00
2006,322,1748,0.00
2006,322,1818,0.00
2006,322,1848,0.00
2006,322,1918,0.00
2006,322,1948,0.00
2006,322,2018,0.00
2006,322,2048,0.00
2006,322,2118,0.00
2006,322,2148,0.00
2006,322,2218,0.00
2006,322,2248,0.00
2006,322,2318,0.00
2006,322,2348,0.00
2006,323,18,0.00
2006,323,48,0.00
2006,323,118,0.00
2006,323,148,0.00
2006,323,218,0.00
2006,323,248,0.00
2006,323,318,0.00
2006,323,348,0.00
2006,323,418,0.00
2006,323,448,0.00
2006,323,518,0.00
2006,323,548,0.00
2006,323,618,0.00
2006,323,648,0.00
2006,323,718,0.00
2006,323,748,0.00
2006,323,818,0.00
2006,323,848,0.00
2006,323,918,0.00
2006,323,948,0.00
2006,323,1018,0.00
2006,323,1048,0.00
2006,323,1118,0.00
2006,323,1148,0.00
2006,323,1218,0.00
2006,323,1248,0.00
2006,323,1318,0.00
2006,323,1348,0.00
2006,323,1418,0.00
2006,323,1448,0.00
2006,323,1518,0.00
2006,323,1548,0.00
2006,323,1618,0.00
2006,323,1648,0.00
2006,323,1718,0.00
2006,323,1748,0.00
2006,323,1818,0.00
2006,323,1848,0.00
2006,323,1918,0.00
2006,323,1948,0.00
2006,323,2018,0.00
2006,323,2048,0.00
2006,323,2118,0.00
2006,323,2148,0.00
2006,323,2218,0.00
2006,323,2248,0.00
2006,323,2318,0.00
2006,323,2348,0.00
2006,324,18,0.00
2006,324,48,0.00
2006,324,118,0.00
2006,324,148,0.00
2006,324,218,0.00
2006,324,248,0.00
2006,324,318,0.00
2006,324,348,0.00
2006,324,418,0.00
2006,324,448,0.00
2006,324,518,0.00
2006,324,548,0.00
2006,324,618,0.00
2006,324,648,0.00
2006,324,718,0.00
2006,324,748,0.00
2006,324,818,0.00
2006,324,848,0.00
2006,324,918,0.00
2006,324,948,0.00
2006,324,1018,0.00
2006,324,1048,0.00
2006,324,1118,0.00
2006,324,1148,0.00
2006,324,1218,0.00
2006,324,1248,0.00
2006,324,1318,0.00
2006,324,1348,0.00
2006,324,1418,0.00
2006,324,1448,0.00
2006,324,1518,0.00
2006,324,1548,0.00
2006,324,1618,0.00
2006,324,1648,0.00
2006,324,1718,0.00
2006,324,1748,0.00
2006,324,1818,0.00
2006,324,1848,0.00
2006,324,1918,0.00
2006,324,1948,0.00
2006,324,2018,0.00
2006,324,2048,0.00
2006,324,2118,0.00
2006,324,2148,0.00
2006,324,2218,0.00
2006,324,2248,0.00
2006,324,2318,0.00
2006,324,2348,0.00
2006,325,18,0.00
2006,325,48,0.00
2006,325,118,0.00
2006,325,148,0.00
2006,325,218,0.00
2006,325,248,0.00
2006,325,318,0.00
2006,325,348,0.00
2006,325,418,0.00
2006,325,448,0.00
2006,325,518,0.00
2006,325,548,0.00
2006,325,618,0.00
2006,325,648,0.00
2006,325,718,0.00
2006,325,748,0.00
2006,325,818,0.00
2006,325,848,0.00
2006,325,918,0.00
2006,325,948,0.00
2006,325,1018,0.00
2006,325,1048,0.00
2006,325,1118,0.00
2006,325,1148,0.00
2006,325,1218,0.00
2006,325,1248,0.00
2006,325,1318,0.00
2006,325,1348,0.00
2006,325,1418,0.00
2006,325,1448,0.00
2006,325,1518,0.00
2006,325,1548,0.00
2006,325,1618,0.00
2006,325,1648,0.00
2006,325,1718,0.00
2006,325,1748,0.00
2006,325,1818,0.00
2006,325,1848,0.00
2006,325,1918,0.00
2006,325,1948,0.00
2006,325,2018,0.00
2006,325,2048,0.00
2006,325,2118,0.00
2006,325,2148,0.00
2006,325,2218,0.00
2006,325,2248,0.00
2006,325,2318,0.00
2006,325,2348,0.00
2006,326,18,0.00
2006,326,48,0.00
2006,326,118,0.00
2006,326,148,0.00
2006,326,218,0.00
2006,326,248,0.00
2006,326,318,0.00
2006,326,348,0.00
2006,326,418,0.00
2006,326,448,0.00
2006,326,518,0.00
2006,326,548,0.00
2006,326,618,0.00
2006,326,648,0.00
2006,326,718,0.00
2006,326,748,0.00
2006,326,818,0.00
2006,326,848,0.00
2006,326,918,0.00
2006,326,948,0.00
2006,326,1018,0.00
2006,326,1048,0.00
2006,326,1118,0.00
2006,326,1148,0.00
2006,326,1218,0.00
2006,326,1248,1.79
2006,326,1318,5.36
2006,326,1348,5.81
2006,326,1418,3.58
2006,326,1431,3.58
2006,326,1448,4.47
2006,326,1518,1.34
2006,326,1548,1.79
2006,326,1618,2.24
2006,326,1648,1.79
2006,326,1718,3.58
2006,326,1748,3.58
2006,326,1818,5.36
2006,326,1848,6.71
2006,326,1918,6.71
2006,326,1948,6.71
2006,326,2018,7.15
2006,326,2048,8.05
2006,326,2118,8.94
2006,326,2148,7.15
2006,326,2218,4.47
2006,326,2248,7.60
2006,326,2318,7.60
2006,326,2348,6.26
2006,327,18,7.15
2006,327,48,6.26
2006,327,118,8.05
2006,327,148,8.05
2006,327,218,6.71
2006,327,248,9.83
2006,327,318,12.07
2006,327,348,13.86
2006,327,418,14.31
2006,327,448,20.56
2006,327,518,22.35
2006,327,548,20.12
2006,327,618,22.35
2006,327,648,22.80
2006,327,718,21.01
2006,327,748,24.59
2006,327,818,24.14
2006,327,848,24.14
2006,327,918,22.35
2006,327,948,19.67
2006,327,1018,16.54
2006,327,1048,16.09
2006,327,1118,15.20
2006,327,1148,13.41
2006,327,1218,11.18
2006,327,1248,6.26
2006,327,1318,5.81
2006,327,1348,6.71
2006,327,1418,7.15
2006,327,1448,7.15
2006,327,1518,8.05
2006,327,1548,8.94
2006,327,1618,9.39
2006,327,1648,12.96
2006,327,1718,12.96
2006,327,1748,11.62
2006,327,1818,8.94
2006,327,1848,9.39
2006,327,1918,5.36
2006,327,1948,7.15
2006,327,2018,17.43
2006,327,2048,20.56
2006,327,2118,20.12
2006,327,2148,19.67
2006,327,2218,24.59
2006,327,2248,26.38
2006,327,2318,17.88
2006,327,2348,23.69
2006,328,18,23.69
2006,328,48,26.38
2006,328,118,27.27
2006,328,148,30.40
2006,328,218,37.10
2006,328,248,33.53
2006,328,318,38.89
2006,328,348,30.85
2006,328,418,31.29
2006,328,448,32.63
2006,328,518,30.40
2006,328,548,26.38
2006,328,618,29.06
2006,328,648,32.19
2006,328,718,31.29
2006,328,748,27.27
2006,328,818,25.93
2006,328,848,26.38
2006,328,918,25.93
2006,328,948,16.09
2006,328,1018,17.43
2006,328,1048,19.67
2006,328,1118,19.22
2006,328,1148,15.65
2006,328,1218,17.43
2006,328,1248,15.65
2006,328,1318,16.99
2006,328,1348,15.65
2006,328,1418,21.01
2006,328,1448,19.67
2006,328,1518,18.33
2006,328,1548,19.22
2006,328,1618,24.59
2006,328,1648,22.80
2006,328,1718,21.90
2006,328,1748,19.67
2006,328,1818,18.33
2006,328,1848,17.43
2006,328,1918,16.09
2006,328,1948,19.22
2006,328,2018,17.43
2006,328,2048,20.12
2006,328,2118,19.67
2006,328,2148,19.22
2006,328,2218,22.35
2006,328,2248,17.88
2006,328,2318,18.78
2006,328,2348,21.90
2006,329,18,22.80
2006,329,48,22.35
2006,329,118,21.01
2006,329,148,19.67
2006,329,218,22.80
2006,329,248,21.46
2006,329,318,21.01
2006,329,348,22.35
2006,329,418,16.54
2006,329,448,15.65
2006,329,518,14.75
2006,329,548,13.86
2006,329,618,8.49
2006,329,648,8.94
2006,329,718,12.96
2006,329,748,9.83
2006,329,818,10.28
2006,329,848,9.39
2006,329,918,12.07
2006,329,948,12.52
2006,329,1018,12.07
2006,329,1048,13.41
2006,329,1118,9.83
2006,329,1148,12.52
2006,329,1218,12.96
2006,329,1248,17.43
2006,329,1318,21.01
2006,329,1348,21.90
2006,329,1418,19.67
2006,329,1448,21.01
2006,329,1518,20.56
2006,329,1548,17.88
2006,329,1618,19.22
2006,329,1648,20.12
2006,329,1718,19.67
2006,329,1748,20.12
2006,329,1818,20.12
2006,329,1848,20.56
2006,329,1918,17.88
2006,329,1948,16.09
2006,329,2018,15.65
2006,329,2048,19.22
2006,329,2118,24.59
2006,329,2148,29.50
2006,329,2218,30.85
2006,329,2248,27.72
2006,329,2318,27.72
2006,329,2348,31.29
2006,330,18,31.29
2006,330,48,32.19
2006,330,118,29.50
2006,330,148,27.72
2006,330,218,29.06
2006,330,248,22.80
2006,330,318,21.01
2006,330,348,25.03
2006,330,418,21.90
2006,330,448,15.65
2006,330,518,15.65
2006,330,548,16.54
2006,330,618,15.20
2006,330,648,11.62
2006,330,718,12.07
2006,330,748,12.07
2006,330,818,15.65
2006,330,848,10.28
2006,330,918,13.41
2006,330,948,14.31
2006,330,1018,14.31
2006,330,1048,12.52
2006,330,1118,9.83
2006,330,1148,12.07
2006,330,1218,9.39
2006,330,1248,9.39
2006,330,1318,11.18
2006,330,1348,12.52
2006,330,1418,15.20
2006,330,1448,11.62
2006,330,1518,13.41
2006,330,1548,9.83
2006,330,1618,10.73
2006,330,1648,13.86
2006,330,1718,18.78
2006,330,1748,20.12
2006,330,1818,20.12
2006,330,1848,20.56
2006,330,1918,21.46
2006,330,1948,22.80
2006,330,2018,20.56
2006,330,2048,24.59
2006,330,2118,23.69
2006,330,2148,24.59
2006,330,2218,23.25
2006,330,2248,25.03
2006,330,2318,25.93
2006,330,2348,25.93
2006,331,18,19.22
2006,331,48,23.69
2006,331,118,29.06
2006,331,148,30.40
2006,331,218,32.63
2006,331,248,36.66
2006,331,318,35.76
2006,331,348,37.55
2006,331,418,36.21
2006,331,448,34.42
2006,331,518,32.19
2006,331,548,30.85
2006,331,618,25.03
2006,331,648,25.93
2006,331,718,28.16
2006,331,748,27.72
2006,331,818,33.98
2006,331,848,32.19
2006,331,918,30.85
2006,331,948,35.76
2006,331,1018,30.85
2006,331,1048,29.95
2006,331,1118,37.55
2006,331,1148,33.53
2006,331,1218,39.79
2006,331,1248,36.66
2006,331,1318,28.61
2006,331,1348,26.82
2006,331,1418,29.50
2006,331,1448,25.48
2006,331,1518,28.61
2006,331,1548,24.14
2006,331,1618,28.61
2006,331,1648,24.59
2006,331,1718,25.48
2006,331,1748,25.48
2006,331,1818,18.78
2006,331,1848,16.54
2006,331,1918,21.46
2006,331,1948,25.03
2006,331,2018,21.90
2006,331,2048,23.25
2006,331,2118,21.01
2006,331,2148,22.80
2006,331,2218,19.22
2006,331,2248,22.80
2006,331,2318,25.03
2006,331,2348,25.03
2006,332,18,21.46
2006,332,48,17.88
2006,332,118,24.14
2006,332,148,23.69
2006,332,218,22.80
2006,332,248,22.80
2006,332,318,21.90
2006,332,348,16.09
2006,332,418,18.33
2006,332,448,22.80
2006,332,518,18.78
2006,332,548,18.33
2006,332,618,17.43
2006,332,648,17.88
2006,332,718,18.78
2006,332,748,14.75
2006,332,818,21.01
2006,332,848,19.67
2006,332,918,19.67
2006,332,948,14.31
2006,332,1018,12.07
2006,332,1048,15.65
2006,332,1118,17.43
2006,332,1148,16.54
2006,332,1218,20.12
2006,332,1248,22.80
2006,332,1318,20.12
2006,332,1348,20.12
2006,332,1418,18.33
2006,332,1448,17.88
2006,332,1518,18.78
2006,332,1548,19.67
2006,332,1618,20.12
2006,332,1648,16.99
2006,332,1718,16.54
2006,332,1748,22.35
2006,332,1818,21.01
2006,332,1848,21.90
2006,332,1918,21.90
2006,332,1948,16.99
2006,332,2018,20.56
2006,332,2048,16.09
2006,332,2118,13.41
2006,332,2148,18.78
2006,332,2218,22.35
2006,332,2248,17.88
2006,332,2318,18.78
2006,332,2348,13.41
2006,333,18,17.88
2006,333,48,16.99
2006,333,118,18.78
2006,333,148,20.56
2006,333,218,16.99
2006,333,248,19.22
2006,333,318,22.35
2006,333,348,25.48
2006,333,418,24.14
2006,333,448,22.35
2006,333,518,20.56
2006,333,548,23.69
2006,333,618,25.03
2006,333,648,27.72
2006,333,718,21.90
2006,333,748,24.59
2006,333,818,20.56
2006,333,848,21.46
2006,333,918,16.99
2006,333,948,22.35
2006,333,1018,16.09
2006,333,1048,19.67
2006,333,1118,16.09
2006,333,1148,16.54
2006,333,1218,19.67
2006,333,1248,23.69
2006,333,1318,20.12
2006,333,1348,17.88
2006,333,1418,29.06
2006,333,1448,22.80
2006,333,1518,25.48
2006,333,1548,24.59
2006,333,1618,18.78
2006,333,1648,27.27
2006,333,1718,25.03
2006,333,1748,24.59
2006,333,1818,26.82
2006,333,1848,28.16
2006,333,1918,25.03
2006,333,1948,23.69
2006,333,2018,25.03
2006,333,2048,21.90
2006,333,2118,22.80
2006,333,2148,23.69
2006,333,2218,23.25
2006,333,2248,26.38
2006,333,2318,24.14
2006,333,2348,22.35
2006,334,18,25.48
2006,334,48,16.09
2006,334,118,21.90
2006,334,148,20.56
2006,334,218,18.78
2006,334,248,18.33
2006,334,318,22.35
2006,334,348,20.12
2006,334,418,23.69
2006,334,448,23.25
2006,334,518,16.99
2006,334,548,17.43
2006,334,618,16.54
2006,334,648,17.43
2006,334,718,19.22
2006,334,748,21.90
2006,334,818,21.46
2006,334,848,21.46
2006,334,918,22.35
2006,334,948,21.01
2006,334,1018,20.56
2006,334,1048,20.12
2006,334,1118,16.99
2006,334,1148,13.41
2006,334,1218,0.89
2006,334,1248,0.89
2006,334,1318,0.89
2006,334,1348,0.89
2006,334,1418,0.89
2006,334,1448,0.89
2006,334,1518,0.45
2006,334,1548,0.45
2006,334,1618,0.89
2006,334,1648,0.45
2006,334,1718,0.45
2006,334,1748,0.45
2006,334,1818,0.00
2006,334,1848,0.00
2006,334,1918,0.00
2006,334,1948,0.00
2006,334,2018,0.45
2006,334,2048,0.89
2006,334,2118,0.45
2006,334,2148,0.89
2006,334,2218,0.00
2006,334,2248,1.79
2006,334,2318,1.34
2006,334,2348,3.58
2006,335,18,3.58
2006,335,48,1.79
2006,335,118,3.58
2006,335,148,0.45
2006,335,218,0.45
2006,335,248,0.00
2006,335,318,0.00
2006,335,348,0.00
2006,335,418,0.00
2006,335,448,0.00
2006,335,518,0.00
2006,335,548,0.00
2006,335,618,0.00
2006,335,648,0.00
2006,335,718,0.00
2006,335,748,1.79
2006,335,818,3.58
2006,335,848,0.00
2006,335,918,0.00
2006,335,948,0.00
2006,335,1018,0.00
2006,335,1048,0.00
2006,335,1118,0.00
2006,335,1148,0.00
2006,335,1218,0.00
2006,335,1248,0.00
2006,335,1318,0.00
2006,335,1348,0.00
2006,335,1418,1.34
2006,335,1448,1.34
2006,335,1518,2.24
2006,335,1548,1.34
2006,335,1618,0.89
2006,335,1648,2.24
2006,335,1718,0.00
2006,335,1748,0.89
2006,335,1818,0.00
2006,335,1848,0.00
2006,335,1918,0.00
2006,335,1948,0.00
2006,335,2018,0.00
2006,335,2048,0.00
2006,335,2118,0.00
2006,335,2148,0.00
2006,335,2218,0.00
2006,335,2248,0.00
2006,335,2318,0.00
2006,335,2348,0.00
2006,336,18,0.00
2006,336,48,0.00
2006,336,118,0.00
2006,336,148,0.00
2006,336,218,0.00
2006,336,248,0.00
2006,336,318,0.00
2006,336,348,0.00
2006,336,418,0.00
2006,336,448,0.00
2006,336,518,0.00
2006,336,548,0.00
2006,336,618,0.00
2006,336,648,0.00
2006,336,718,0.00
2006,336,748,0.00
2006,336,818,0.00
2006,336,848,0.00
2006,336,918,0.00
2006,336,948,0.00
2006,336,1018,0.00
2006,336,1048,0.00
2006,336,1118,0.00
2006,336,1148,0.00
2006,336,1218,0.00
2006,336,1248,0.00
2006,336,1318,0.00
2006,336,1348,0.00
2006,336,1418,0.00
2006,336,1448,0.00
2006,336,1518,0.00
2006,336,1548,0.00
2006,336,1618,0.00
2006,336,1648,0.00
2006,336,1718,0.00
2006,336,1748,0.00
2006,336,1818,0.00
2006,336,1848,0.00
2006,336,1918,0.00
2006,336,1948,0.00
2006,336,2018,0.00
2006,336,2048,0.00
2006,336,2118,0.00
2006,336,2148,0.00
2006,336,2218,0.00
2006,336,2248,0.00
2006,336,2318,0.00
2006,336,2348,0.45
2006,337,18,0.45
2006,337,48,0.00
2006,337,118,0.00
2006,337,148,0.00
2006,337,218,0.00
2006,337,248,0.00
2006,337,318,0.00
2006,337,348,0.00
2006,337,418,0.00
2006,337,448,0.00
2006,337,518,0.45
2006,337,548,0.45
2006,337,618,0.89
2006,337,648,0.45
2006,337,718,0.45
2006,337,748,0.00
2006,337,818,0.00
2006,337,848,0.00
2006,337,918,0.00
2006,337,948,0.00
2006,337,1018,0.00
2006,337,1048,0.00
2006,337,1118,0.00
2006,337,1148,0.00
2006,337,1218,0.00
2006,337,1248,0.00
2006,337,1318,0.00
2006,337,1348,0.00
2006,337,1418,0.00
2006,337,1448,0.00
2006,337,1518,0.00
2006,337,1548,0.00
2006,337,1618,0.00
2006,337,1648,0.00
2006,337,1718,0.00
2006,337,1748,0.00
2006,337,1818,0.00
2006,337,1848,0.00
2006,337,1918,0.00
2006,337,1948,0.00
2006,337,2018,0.00
2006,337,2048,0.00
2006,337,2118,1.79
2006,337,2148,0.00
2006,337,2218,0.89
2006,337,2248,0.45
2006,337,2318,0.45
2006,337,2348,0.00
2006,338,18,0.00
2006,338,48,0.00
2006,338,118,0.00
2006,338,148,0.89
2006,338,218,1.79
2006,338,248,2.24
2006,338,318,1.34
2006,338,348,1.34
2006,338,418,0.89
2006,338,448,1.34
2006,338,518,2.24
2006,338,548,0.45
2006,338,618,1.34
2006,338,648,1.34
2006,338,718,0.89
2006,338,748,0.45
2006,338,818,0.00
2006,338,848,0.45
2006,338,918,0.45
2006,338,948,0.00
2006,338,1018,0.89
2006,338,1048,0.45
2006,338,1118,0.89
2006,338,1148,0.00
2006,338,1218,0.00
2006,338,1248,0.45
2006,338,1318,0.45
2006,338,1348,0.00
2006,338,1418,0.00
2006,338,1448,0.00
2006,338,1518,0.00
2006,338,1548,0.00
2006,338,1618,0.00
2006,338,1648,0.00
2006,338,1718,0.00
2006,338,1748,0.00
2006,338,1818,0.00
2006,338,1848,0.00
2006,338,1918,0.00
2006,338,1948,0.00
2006,338,2018,0.00
2006,338,2048,0.00
2006,338,2118,0.00
2006,338,2148,0.00
2006,338,2218,0.00
2006,338,2248,0.00
2006,338,2318,0.00
2006,338,2348,0.00
2006,339,18,0.00
2006,339,48,0.00
2006,339,118,0.00
2006,339,148,0.00
2006,339,218,0.00
2006,339,248,0.00
2006,339,318,0.00
2006,339,348,0.00
2006,339,418,0.00
2006,339,448,0.00
2006,339,518,0.00
2006,339,548,0.00
2006,339,618,0.00
2006,339,648,0.00
2006,339,718,0.00
2006,339,748,0.00
2006,339,818,0.00
2006,339,848,0.00
2006,339,918,0.00
2006,339,948,0.00
2006,339,1018,0.00
2006,339,1048,0.00
2006,339,1118,0.00
2006,339,1148,0.00
2006,339,1218,0.00
2006,339,1248,0.00
2006,339,1318,0.00
2006,339,1348,0.00
2006,339,1418,0.00
2006,339,1448,0.00
2006,339,1518,0.00
2006,339,1548,0.00
2006,339,1618,0.00
2006,339,1648,0.00
2006,339,1718,0.00
2006,339,1748,0.00
2006,339,1818,0.00
2006,339,1848,0.00
2006,339,1918,0.00
2006,339,1948,0.00
2006,339,2018,0.00
2006,339,2048,0.00
2006,339,2118,0.00
2006,339,2148,0.00
2006,339,2218,0.00
2006,339,2248,0.00
2006,339,2318,0.00
2006,339,2348,0.00
2006,340,18,0.00
2006,340,48,0.00
2006,340,118,0.00
2006,340,148,0.00
2006,340,218,0.00
2006,340,248,0.00
2006,340,318,0.00
2006,340,348,0.00
2006,340,418,0.00
2006,340,448,0.00
2006,340,518,0.00
2006,340,548,0.00
2006,340,618,0.00
2006,340,648,0.00
2006,340,718,0.00
2006,340,748,0.00
2006,340,818,0.00
2006,340,848,0.00
2006,340,918,0.00
2006,340,948,0.00
2006,340,1018,0.00
2006,340,1048,0.00
2006,340,1118,0.00
2006,340,1148,0.00
2006,340,1218,0.00
2006,340,1248,0.00
2006,340,1318,0.00
2006,340,1348,0.00
2006,340,1418,0.00
2006,340,1448,0.00
2006,340,1518,0.00
2006,340,1548,0.00
2006,340,1618,0.00
2006,340,1648,0.00
2006,340,1718,0.00
2006,340,1748,0.00
2006,340,1818,0.00
2006,340,1848,0.00
2006,340,1918,0.00
2006,340,1948,0.00
2006,340,2018,0.00
2006,340,2048,0.00
2006,340,2118,0.00
2006,340,2148,0.00
2006,340,2218,0.00
2006,340,2248,0.00
2006,340,2318,0.00
2006,340,2348,0.00
2006,341,18,0.00
2006,341,48,0.00
2006,341,118,0.00
2006,341,148,0.00
2006,341,218,0.00
2006,341,248,0.00
2006,341,318,0.00
2006,341,348,0.00
2006,341,418,0.00
2006,341,448,0.00
2006,341,518,0.00
2006,341,548,0.00
2006,341,618,0.00
2006,341,648,0.00
2006,341,718,0.00
2006,341,748,0.00
2006,341,818,0.00
2006,341,848,0.00
2006,341,918,0.00
2006,341,948,0.00
2006,341,1018,0.00
2006,341,1048,0.00
2006,341,1118,0.00
2006,341,1148,0.00
2006,341,1218,0.00
2006,341,1248,0.00
2006,341,1318,0.00
2006,341,1348,0.00
2006,341,1418,0.00
2006,341,1448,0.00
2006,341,1518,0.00
2006,341,1548,0.00
2006,341,1618,0.00
2006,341,1648,0.00
2006,341,1718,0.00
2006,341,1748,0.00
2006,341,1818,0.00
2006,341,1848,0.00
2006,341,1918,0.00
2006,341,1948,0.00
2006,341,2018,0.00
2006,341,2048,0.00
2006,341,2118,0.00
2006,341,2148,0.00
2006,341,2218,0.00
2006,341,2248,0.00
2006,341,2318,0.00
2006,341,2348,0.00
2006,342,18,0.00
2006,342,48,0.00
2006,342,118,0.00
2006,342,148,0.00
2006,342,218,0.00
2006,342,248,0.00
2006,342,318,0.00
2006,342,348,0.00
2006,342,418,0.00
2006,342,448,0.00
2006,342,518,0.00
2006,342,548,0.00
2006,342,618,0.00
2006,342,648,0.00
2006,342,718,0.00
2006,342,748,0.00
2006,342,818,0.00
2006,342,848,0.00
2006,342,918,0.00
2006,342,948,0.00
2006,342,1018,0.00
2006,342,1048,0.00
2006,342,1118,0.00
2006,342,1148,0.00
2006,342,1218,0.00
2006,342,1248,0.00
2006,342,1318,0.00
2006,342,1348,0.00
2006,342,1418,0.00
2006,342,1448,0.00
2006,342,1518,0.00
2006,342,1548,0.00
2006,342,1618,0.00
2006,342,1648,0.00
2006,342,1718,0.00
2006,342,1748,0.00
2006,342,1818,0.00
2006,342,1848,0.00
2006,342,1918,0.00
2006,342,1948,0.00
2006,342,2018,0.00
2006,342,2048,0.00
2006,342,2118,0.00
2006,342,2148,0.00
2006,342,2218,0.00
2006,342,2248,0.00
2006,342,2318,0.00
2006,342,2348,0.00
2006,343,18,0.00
2006,343,48,0.00
2006,343,118,0.00
2006,343,148,0.00
2006,343,218,0.00
2006,343,248,0.00
2006,343,318,0.00
2006,343,348,0.00
2006,343,418,0.00
2006,343,448,0.00
2006,343,518,0.00
2006,343,548,0.00
2006,343,618,0.00
2006,343,648,0.00
2006,343,718,0.00
2006,343,748,0.00
2006,343,818,0.00
2006,343,848,0.00
2006,343,918,0.00
2006,343,948,0.00
2006,343,1018,0.00
2006,343,1048,0.00
2006,343,1118,0.00
2006,343,1148,0.00
2006,343,1218,0.00
2006,343,1248,0.00
2006,343,1318,0.00
2006,343,1348,0.00
2006,343,1418,0.00
2006,343,1448,0.00
2006,343,1518,0.00
2006,343,1548,0.00
2006,343,1618,0.00
2006,343,1648,0.00
2006,343,1718,0.00
2006,343,1748,0.00
2006,343,1818,0.00
2006,343,1848,0.00
2006,343,1918,0.00
2006,343,1948,0.00
2006,343,2018,0.00
2006,343,2048,0.00
2006,343,2118,0.00
2006,343,2148,0.00
2006,343,2218,0.00
2006,343,2248,0.00
2006,343,2318,0.00
2006,343,2348,0.00
2006,344,18,0.00
2006,344,48,0.00
2006,344,118,0.00
2006,344,148,0.00
2006,344,218,0.00
2006,344,248,0.00
2006,344,318,0.00
2006,344,348,0.00
2006,344,418,0.00
2006,344,448,0.00
2006,344,518,0.00
2006,344,548,0.00
2006,344,618,0.00
2006,344,648,0.00
2006,344,718,0.00
2006,344,748,0.00
2006,344,818,0.00
2006,344,848,0.00
2006,344,918,0.00
2006,344,948,0.00
2006,344,1018,0.00
2006,344,1048,0.00
2006,344,1118,0.00
2006,344,1148,0.00
2006,344,1218,0.00
2006,344,1248,0.00
2006,344,1318,0.00
2006,344,1348,0.00
2006,344,1418,0.00
2006,344,1448,0.00
2006,344,1518,0.00
2006,344,1548,0.00
2006,344,1618,0.00
2006,344,1648,0.00
2006,344,1718,0.00
2006,344,1748,0.00
2006,344,1818,0.00
2006,344,1848,0.00
2006,344,1918,0.00
2006,344,1948,0.00
2006,344,2018,0.00
2006,344,2048,0.00
2006,344,2118,0.00
2006,344,2148,0.00
2006,344,2218,0.00
2006,344,2248,0.00
2006,344,2318,0.00
2006,344,2348,0.00
2006,345,18,0.00
2006,345,48,0.00
2006,345,118,0.00
2006,345,148,0.00
2006,345,218,0.00
2006,345,248,0.00
2006,345,318,0.00
2006,345,348,0.00
2006,345,418,0.00
2006,345,448,0.00
2006,345,518,0.00
2006,345,548,0.00
2006,345,618,0.00
2006,345,648,0.00
2026,1,18,8.14
2026,1,48,7.08
2026,1,118,7.55
2026,1,148,6.80
2026,1,218,7.22
2026,1,248,7.65
2026,1,318,8.85
2026,1,348,6.80
2026,1,418,6.20
2026,1,448,8.19
2026,1,518,7.52
2026,1,548,8.96
2026,1,618,8.59
2026,1,648,8.75
2026,1,718,8.81
2026,1,748,8.09
2026,1,818,7.65
2026,1,848,8.21
2026,1,918,6.88
2026,1,948,9.86
2026,1,1018,9.89
2026,1,1048,0.84
2026,1,1118,8.98
2026,1,1148,7.71
2026,1,1218,8.99
2026,1,1248,8.21
2026,1,1318,7.62
2026,1,1348,7.38
2026,1,1418,8.30
2026,1,1448,7.13
2026,1,1518,7.17
2026,1,1548,6.24
2026,1,1618,6.10
2026,1,1648,5.57
2026,1,1718,6.80
2026,1,1748,5.42
2026,1,1818,5.33
2026,1,1848,5.28
2026,1,1918,5.13
2026,1,1948,4.24
2026,1,2018,4.79
2026,1,2048,4.32
2026,1,2118,4.46
2026,1,2148,4.32
2026,1,2218,4.33
2026,1,2248,3.72
2026,1,2318,2.05
2026,1,2348,4.75
2026,2,18,3.46
2026,2,48,3.54
2026,2,118,4.89
2026,2,148,2.30
2026,2,218,3.36
2026,2,248,3.79
2026,2,318,2.07
2026,2,348,3.88
2026,2,418,1.10
2026,2,448,4.05
2026,2,518,4.09
2026,2,548,4.47
2026,2,618,0.84
2026,2,648,4.59
2026,2,718,4.71
2026,2,748,2.67
2026,2,818,1.20
2026,2,848,0.73
2026,2,918,1.41
2026,2,948,2.59
2026,2,1018,2.16
2026,2,1048,3.02
2026,2,1118,1.17
2026,2,1148,2.48
2026,2,1218,2.73
2026,2,1248,3.38
2026,2,1318,2.50
2026,2,1348,4.69
2026,2,1418,3.71
2026,2,1448,4.62
2026,2,1518,4.05
2026,2,1548,3.25
2026,2,1618,4.04
2026,2,1648,2.81
2026,2,1718,4.37
2026,2,1748,3.89
2026,2,1818,2.26
2026,2,1848,4.55
2026,2,1918,4.97
2026,2,1948,1.01
2026,2,2018,2.78
2026,2,2048,4.56
2026,2,2118,3.11
2026,2,2148,0.60
2026,2,2218,4.21
2026,2,2248,4.26
2026,2,2318,1.99
2026,2,2348,0.22
2026,3,18,0.51
2026,3,48,3.44
2026,3,118,3.42
2026,3,148,3.08
2026,3,218,0.53
2026,3,248,0.47
2026,3,318,1.82
2026,3,348,0.92
2026,3,418,2.94
2026,3,448,5.34
2026,3,518,3.35
2026,3,548,6.39
2026,3,618,3.23
2026,3,648,4.41
2026,3,718,2.86
2026,3,748,3.49
2026,3,818,4.63
2026,3,848,3.71
2026,3,918,1.89
2026,3,948,3.13
2026,3,1018,3.72
2026,3,1048,2.06
2026,3,1118,4.66
2026,3,1148,3.12
2026,3,1218,3.81
2026,3,1248,6.22
2026,3,1318,6.99
2026,3,1348,3.54
2026,3,1418,6.44
2026,3,1448,6.60
2026,3,1518,5.00
2026,3,1548,6.99
2026,3,1618,5.54
2026,3,1648,6.12
2026,3,1718,6.56
2026,3,1748,2.02
2026,3,1818,1.35
2026,3,1848,7.25
2026,3,1918,5.53
2026,3,1948,6.42
2026,3,2018,4.45
2026,3,2048,5.96
2026,3,2118,5.49
2026,3,2148,6.89
2026,3,2218,1.07
2026,3,2248,4.03
2026,3,2318,6.02
2026,3,2348,5.02
2026,4,18,1.58
2026,4,48,1.83
2026,4,118,5.42
2026,4,148,5.31
2026,4,218,4.70
2026,4,248,1.63
2026,4,318,2.06
2026,4,348,5.35
2026,4,418,2.20
2026,4,448,1.58
2026,4,518,2.33
2026,4,548,4.19
2026,4,618,6.45
2026,4,648,6.29
2026,4,718,5.04
2026,4,748,6.04
2026,4,818,6.40
2026,4,848,4.26
2026,4,918,4.71
2026,4,948,5.00
2026,4,1018,4.45
2026,4,1048,5.78
2026,4,1118,5.11
2026,4,1148,4.49
2026,4,1218,4.55
2026,4,1248,5.40
2026,4,1318,2.93
2026,4,1348,4.57
2026,4,1418,4.83
2026,4,1448,4.47
2026,4,1518,4.22
2026,4,1548,5.15
2026,4,1618,4.61
2026,4,1648,4.32
2026,4,1718,4.31
2026,4,1748,5.24
2026,4,1818,5.80
2026,4,1848,5.83
2026,4,1918,4.68
2026,4,1948,5.56
2026,4,2018,5.40
2026,4,2048,4.50
2026,4,2118,4.14
2026,4,2148,4.64
2026,4,2218,4.18
2026,4,2248,5.07
2026,4,2318,5.12
2026,4,2348,3.75
2026,5,18,3.77
2026,5,48,4.01
2026,5,118,4.27
2026,5,148,4.08
2026,5,218,4.09
2026,5,248,4.33
2026,5,318,3.15
2026,5,348,3.38
2026,5,418,3.80
2026,5,448,3.47
2026,5,518,3.22
2026,5,548,3.57
2026,5,618,3.05
2026,5,648,3.09
2026,5,718,3.25
2026,5,748,4.42
2026,5,818,3.27
2026,5,848,3.59
2026,5,918,4.84
2026,5,948,4.89
2026,5,1018,4.62
2026,5,1048,4.81
2026,5,1118,3.77
2026,5,1148,4.20
2026,5,1218,3.09
2026,5,1248,2.90
2026,5,1318,3.33
2026,5,1348,3.70
2026,5,1418,3.41
2026,5,1448,4.22
2026,5,1518,5.55
2026,5,1548,4.72
2026,5,1618,5.32
2026,5,1648,4.73
2026,5,1718,5.13
2026,5,1748,4.59
2026,5,1818,5.19
2026,5,1848,5.49
2026,5,1918,4.77
2026,5,1948,5.01
2026,5,2018,5.44
2026,5,2048,4.95
2026,5,2118,4.47
2026,5,2148,4.77
2026,5,2218,5.19
2026,5,2248,5.81
2026,5,2318,5.29
2026,5,2348,4.75
2026,6,18,4.21
2026,6,48,4.25
2026,6,118,3.72
2026,6,148,3.62
2026,6,218,3.88
2026,6,248,3.86
2026,6,318,4.29
2026,6,348,4.92
2026,6,418,4.94
2026,6,448,4.62
2026,6,518,7.07
2026,6,548,7.61
2026,6,618,7.15
2026,6,648,7.49
2026,6,718,6.96
2026,6,748,7.45
2026,6,818,7.35
2026,6,848,6.96
2026,6,918,6.78
2026,6,948,6.74
2026,6,1018,4.00
2026,6,1048,4.08
2026,6,1118,4.74
2026,6,1148,5.10
2026,6,1218,4.72
2026,6,1248,4.98
2026,6,1318,5.61
2026,6,1348,4.35
2026,6,1418,5.89
2026,6,1448,7.04
2026,6,1518,7.47
2026,6,1548,7.27
2026,6,1618,8.10
2026,6,1648,7.93
2026,6,1718,7.65
2026,6,1748,7.43
2026,6,1818,6.49
2026,6,1848,3.27
2026,6,1918,7.27
2026,6,1948,5.90
2026,6,2018,5.77
2026,6,2048,4.59
2026,6,2118,4.32
2026,6,2148,4.65
2026,6,2218,5.48
2026,6,2248,4.80
2026,6,2318,5.12
2026,6,2348,4.75
2026,7,18,4.71
2026,7,48,4.40
2026,7,118,5.90
2026,7,148,4.35
2026,7,218,3.59
2026,7,248,4.14
2026,7,318,4.10
2026,7,348,3.12
2026,7,418,3.81
2026,7,448,3.77
2026,7,518,3.02
2026,7,548,3.03
2026,7,618,0.87
2026,7,648,2.17
2026,7,718,0.44
2026,7,1548,0.36
2026,7,1618,0.50
2026,7,1648,0.40
2026,7,1718,0.87
2026,7,1748,0.41
2026,7,1818,0.22
2026,7,1848,0.37
2026,7,1918,0.88
2026,7,1948,0.73
2026,7,2018,1.22
2026,7,2048,0.88
2026,7,2118,0.63
2026,7,2148,0.46
2026,7,2218,1.16
2026,7,2248,1.66
2026,7,2318,0.49
2026,7,2348,0.60
2026,8,18,1.86
2026,8,48,2.63
2026,8,118,2.78
2026,8,148,3.06
2026,8,218,2.89
2026,8,248,3.02
2026,8,318,2.43
2026,8,348,2.24
2026,8,418,2.84
2026,8,448,2.44
2026,8,518,2.16
2026,8,548,0.93
2026,8,618,2.77
2026,8,648,2.45
2026,8,718,1.81
2026,8,748,2.38
2026,8,818,1.59
2026,8,848,2.30
2026,8,918,3.89
2026,8,948,4.47
2026,8,1018,4.51
2026,8,1048,5.14
2026,8,1118,4.49
2026,8,1148,4.08
2026,8,1218,3.49
2026,8,1248,3.17
2026,8,1318,0.69
2026,8,1348,2.35
2026,8,1418,1.87
2026,8,1448,2.26
2026,8,1518,2.02
2026,8,1548,1.06
2026,8,1618,1.35
2026,8,1648,0.28
2026,8,1718,0.38
2026,8,1748,0.29
2026,8,1818,0.14
2026,8,1848,0.89
2026,8,1918,1.85
2026,8,1948,2.15
2026,8,2018,2.67
2026,8,2048,3.01
2026,8,2118,2.59
2026,8,2148,2.46
2026,8,2218,0.82
2026,8,2248,0.17
2026,8,2318,2.09
2026,8,2348,1.58
2026,9,18,1.17
2026,9,48,0.32
2026,9,118,0.95
2026,9,148,0.97
2026,9,218,0.59
2026,9,248,0.44
2026,9,318,0.69
2026,9,348,0.35
2026,9,418,1.47
2026,9,448,1.67
2026,9,518,1.20
2026,9,548,1.10
2026,9,618,0.62
2026,9,648,1.11
2026,9,718,1.34
2026,9,748,1.62
2026,9,818,1.77
2026,9,848,1.79
2026,9,918,2.49
2026,9,948,2.58
2026,9,1018,2.70
2026,9,1048,4.21
2026,9,1118,3.45
2026,9,1148,4.81
2026,9,1218,4.84
2026,9,1248,3.95
2026,9,1318,3.76
2026,9,1348,3.07
2026,9,1418,2.01
2026,9,1448,2.52
2026,9,1518,2.29
2026,9,1548,2.87
2026,9,1618,3.15
2026,9,1648,4.26
2026,9,1718,2.83
2026,9,1748,3.22
2026,9,1818,3.68
2026,9,1848,2.58
2026,9,1918,3.13
2026,9,1948,2.59
2026,9,2018,3.27
2026,9,2048,3.31
2026,9,2118,2.93
2026,9,2148,3.67
2026,9,2218,3.90
2026,9,2248,3.27
2026,9,2318,5.08
2026,9,2348,5.25
2026,10,18,5.03
2026,10,48,5.68
2026,10,118,6.28
2026,10,148,5.14
2026,10,218,5.36
2026,10,248,5.28
2026,10,318,4.57
2026,10,348,4.29
2026,10,418,4.74
2026,10,448,5.54
2026,10,518,4.78
2026,10,548,4.60
2026,10,618,4.28
2026,10,648,4.86
2026,10,718,7.13
2026,10,748,5.71
2026,10,818,5.23
2026,10,848,6.98
2026,10,918,8.21
2026,10,948,7.04
2026,10,1018,6.64
2026,10,1048,6.25
2026,10,1118,5.10
2026,10,1548,5.90
2026,10,1618,5.75
2026,10,1648,4.22
2026,10,1718,5.49
2026,10,1748,5.99
2026,10,1818,5.16
2026,10,1848,4.91
2026,10,1918,5.56
2026,10,1948,6.67
2026,10,2018,6.76
2026,10,2048,8.41
2026,10,2118,9.89
2026,10,2148,8.70
2026,10,2218,9.19
2026,10,2248,9.67
2026,10,2318,9.97
2026,10,2348,11.01
2026,11,18,12.82
2026,11,48,14.48
2026,11,118,14.11
2026,11,148,13.92
2026,11,218,14.08
2026,11,248,12.85
2026,11,318,13.50
2026,11,348,13.62
2026,11,418,13.09
2026,11,448,12.72
2026,11,518,12.85
2026,11,548,11.94
2026,11,618,12.09
2026,11,648,11.78
2026,11,718,11.27
2026,11,748,11.69
2026,11,818,11.66
2026,11,848,11.95
2026,11,918,10.59
2026,11,948,11.54
2026,11,1018,10.46
2026,11,1048,9.83
2026,11,1118,10.12
2026,11,1148,8.91
2026,11,1218,7.88
2026,11,1248,8.12
2026,11,1318,8.27
2026,11,1348,8.80
2026,11,1418,7.70
2026,11,1448,7.28
2026,11,1518,8.21
2026,11,1548,7.26
2026,11,1618,10.68
2026,11,1648,8.50
2026,11,1718,10.00
2026,11,1748,12.32
2026,11,1818,13.33
2026,11,1848,12.63
2026,11,1918,13.74
2026,11,1948,13.79
2026,11,2018,15.02
2026,11,2048,15.59
2026,11,2118,16.27
2026,11,2148,17.03
2026,11,2218,16.30
2026,11,2248,17.17
2026,11,2318,10.84
2026,11,2348,9.96
2026,12,18,10.14
2026,12,48,9.92
2026,12,118,9.45
2026,12,148,11.20
2026,12,218,10.65
2026,12,248,12.97
2026,12,318,10.89
2026,12,348,12.08
2026,12,418,10.59
2026,12,448,9.85
2026,12,518,12.37
2026,12,548,11.62
2026,12,618,11.57
2026,12,648,11.71
2026,12,718,13.95
2026,12,748,11.81
2026,12,818,10.85
2026,12,848,9.47
2026,12,918,9.67
2026,12,948,9.91
2026,12,1018,8.56
2026,12,1048,10.43
2026,12,1118,12.82
2026,12,1148,12.14
2026,12,1218,11.86
2026,12,1248,11.31
2026,12,1318,10.68
2026,12,1348,10.76
2026,12,1418,10.59
2026,12,1448,9.57
2026,12,1518,9.92
2026,12,1548,10.07
2026,12,1618,8.72
2026,12,1648,8.99
2026,12,1718,8.01
2026,12,1748,8.15
2026,12,1818,8.31
2026,12,1848,7.80
2026,12,1918,7.03
2026,12,1948,6.47
2026,12,2018,3.71
2026,12,2048,5.73
2026,12,2118,5.36
2026,12,2148,5.70
2026,12,2218,5.38
2026,12,2248,6.09
2026,12,2318,6.14
2026,12,2348,5.53
2026,13,18,5.89
2026,13,48,5.56
2026,13,118,4.98
2026,13,148,5.32
2026,13,218,5.36
2026,13,248,5.46
2026,13,318,4.19
2026,13,348,3.61
2026,13,418,4.04
2026,13,448,3.64
2026,13,518,1.97
2026,13,548,1.56
2026,13,618,1.69
2026,13,648,2.15
2026,13,718,1.37
2026,13,748,1.50
2026,13,818,1.57
2026,13,848,1.66
2026,13,918,2.04
2026,13,948,1.86
2026,13,1018,2.09
2026,13,1048,4.75
2026,13,1118,5.36
2026,13,1148,7.12
2026,13,1218,5.63
2026,13,1248,6.42
2026,13,1318,7.51
2026,13,1348,7.65
2026,13,1418,7.98
2026,13,1448,7.42
2026,13,1518,7.11
2026,13,1548,6.52
2026,13,1618,7.57
2026,13,1648,7.02
2026,13,1718,8.48
2026,13,1748,7.22
2026,13,1818,7.46
2026,13,1848,7.55
2026,13,1918,8.46
2026,13,1948,9.13
2026,13,2018,8.77
2026,13,2048,8.88
2026,13,2118,9.00
2026,13,2148,9.85
2026,13,2218,10.89
2026,13,2248,7.43
2026,13,2318,8.67
2026,13,2348,9.34
2026,14,18,11.23
2026,14,48,9.47
2026,14,118,10.15
2026,14,148,9.36
2026,14,218,8.78
2026,14,248,10.48
2026,14,318,8.31
2026,14,348,8.74
2026,14,418,8.68
2026,14,448,8.38
2026,14,518,8.39
2026,14,548,9.65
2026,14,618,7.99
2026,14,648,6.95
2026,14,718,8.11
2026,14,748,7.64
2026,14,818,7.61
2026,14,848,7.10
2026,14,918,8.27
2026,14,948,7.16
2026,14,1018,5.61
2026,14,1048,6.64
2026,14,1118,6.86
2026,14,1148,5.56
2026,14,1218,5.57
2026,14,1248,5.31
2026,14,1318,6.24
2026,14,1348,5.73
2026,14,1418,7.04
2026,14,1448,6.30
2026,14,1518,8.79
2026,14,1548,9.12
2026,14,1618,8.54
2026,14,1648,7.93
2026,14,1718,10.43
2026,14,1748,9.69
2026,14,1818,10.13
2026,14,1848,9.76
2026,14,1918,9.02
2026,14,1948,10.40
2026,14,2018,10.92
2026,14,2048,10.15
2026,14,2118,10.06
2026,14,2148,10.14
2026,14,2218,9.83
2026,14,2248,7.45
2026,14,2318,7.13
2026,14,2348,6.37
2026,15,18,5.79
2026,15,48,5.22
2026,15,118,6.48
2026,15,148,6.20
2026,15,218,6.42
2026,15,248,4.83
2026,15,318,4.53
2026,15,348,4.36
2026,15,418,5.23
2026,15,448,5.32
2026,15,518,6.50
2026,15,548,6.58
2026,15,618,6.68
2026,15,648,6.93
2026,15,718,7.49
2026,15,748,6.04
2026,15,818,7.02
2026,15,848,5.33
2026,15,918,5.64
2026,15,948,6.36
2026,15,1018,8.04
2026,15,1048,7.03
2026,15,1118,7.71
2026,15,1148,7.85
2026,15,1218,6.45
2026,15,1248,7.17
2026,15,1318,7.29
2026,15,1348,7.50
2026,15,1418,7.82
2026,15,1448,6.76
2026,15,1518,6.46
2026,15,1548,5.56
2026,15,1618,4.49
2026,15,1648,4.82
2026,15,1718,5.38
2026,15,1748,4.90
2026,15,1818,5.46
2026,15,1848,5.12
2026,15,1918,4.52
2026,15,1948,3.05
2026,15,2018,3.02
2026,15,2048,4.04
2026,15,2118,3.33
2026,15,2148,3.93
2026,15,2218,2.89
2026,15,2248,4.01
2026,15,2318,1.44
2026,15,2348,2.47
2026,16,18,4.24
2026,16,48,4.10
2026,16,118,2.55
2026,16,148,0.78
2026,16,218,0.42
2026,16,248,0.44
2026,16,318,0.48
2026,16,348,0.27
2026,16,418,0.55
2026,16,448,0.20
2026,16,518,0.48
2026,16,548,1.83
2026,16,618,2.95
2026,16,648,2.51
2026,16,718,3.16
2026,16,748,3.12
2026,16,818,2.59
2026,16,848,4.22
2026,16,918,5.10
2026,16,948,4.70
2026,16,1018,4.56
2026,16,1048,4.29
2026,16,1118,5.03
2026,16,1148,6.66
2026,16,1218,7.84
2026,16,1248,8.59
2026,16,1318,8.32
2026,16,1348,5.43
2026,16,1418,5.34
2026,16,1448,4.71
2026,16,1518,5.27
2026,16,1548,5.63
2026,16,1618,4.04
2026,16,1648,5.20
2026,16,1718,4.77
2026,16,1748,5.02
2026,16,1818,5.83
2026,16,1848,7.18
2026,16,1918,7.18
2026,16,1948,6.67
2026,16,2018,6.22
2026,16,2048,7.07
2026,16,2118,6.25
2026,16,2148,7.26
2026,16,2218,7.26
2026,16,2248,6.99
2026,16,2318,6.42
2026,16,2348,5.96
2026,17,18,7.97
2026,17,48,8.46
2026,17,118,8.28
2026,17,148,8.42
2026,17,218,7.54
2026,17,248,7.15
2026,17,318,5.99
2026,17,348,7.67
2026,17,418,7.50
2026,17,448,7.61
2026,17,518,8.52
2026,17,548,7.77
2026,17,618,8.65
2026,17,648,7.26
2026,17,718,7.69
2026,17,748,7.22
2026,17,818,8.01
2026,17,848,8.78
2026,17,918,8.11
2026,17,948,8.15
2026,17,1018,7.00
2026,17,1048,7.38
2026,17,1118,8.85
2026,17,1148,9.11
2026,17,1218,10.03
2026,17,1248,9.83
2026,17,1318,9.18
2026,17,1348,9.28
2026,17,1418,7.96
2026,17,1448,7.58
2026,17,1518,7.96
2026,17,1548,7.24
2026,17,1618,6.93
2026,17,1648,7.26
2026,17,1718,6.61
2026,17,1748,6.88
2026,17,1818,5.49
2026,17,1848,6.61
2026,17,1918,5.44
2026,17,1948,5.43
2026,17,2018,5.73
2026,17,2048,5.31
2026,17,2118,5.27
2026,17,2148,5.56
2026,17,2218,5.80
2026,17,2248,5.90
2026,17,2318,6.01
2026,17,2348,5.62
2026,18,18,5.80
2026,18,48,5.43
2026,18,118,5.18
2026,18,148,5.28
2026,18,218,5.36
2026,18,248,6.87
2026,18,318,6.02
2026,18,348,5.16
2026,18,418,5.24
2026,18,448,6.96
2026,18,518,6.30
2026,18,548,5.94
2026,18,618,6.04
2026,18,648,6.32
2026,18,718,5.04
2026,18,748,6.64
2026,18,818,6.47
2026,18,848,7.37
2026,18,918,8.03
2026,18,948,8.30
2026,18,1018,8.61
2026,18,1048,9.03
2026,18,1118,9.34
2026,18,1148,9.57
2026,18,1218,8.70
2026,18,1248,8.43
2026,18,1318,8.71
2026,18,1348,8.23
2026,18,1418,9.20
2026,18,1448,9.11
2026,18,1518,8.70
2026,18,1548,8.60
2026,18,1618,8.99
2026,18,1648,9.43
2026,18,1718,9.10
2026,18,1748,8.60
2026,18,1818,8.03
2026,18,1848,7.27
2026,18,1918,7.43
2026,18,1948,6.69
2026,18,2018,6.50
2026,18,2048,6.14
2026,18,2118,6.29
2026,18,2148,6.15
2026,18,2218,4.56
2026,18,2248,5.11
2026,18,2318,4.70
2026,18,2348,5.96
2026,19,18,6.85
2026,19,48,7.05
2026,19,118,6.73
2026,19,148,6.16
2026,19,218,5.47
2026,19,248,4.91
2026,19,318,6.50
2026,19,348,6.05
2026,19,418,8.70
2026,19,448,8.56
2026,19,518,8.37
2026,19,548,7.60
2026,19,618,7.13
2026,19,648,8.30
2026,19,718,7.69
2026,19,748,7.17
2026,19,1548,4.76
2026,19,1618,4.73
2026,19,1648,4.79
2026,19,1718,5.34
2026,19,1748,5.43
2026,19,1818,5.25
2026,19,1848,5.34
2026,19,1918,5.24
2026,19,1948,5.40
2026,19,2018,5.31
2026,19,2048,6.00
2026,19,2118,6.05
2026,19,2148,7.80
2026,19,2218,8.48
2026,19,2248,8.73
2026,19,2318,9.12
2026,19,2348,8.67
2026,20,18,8.59
2026,20,48,8.82
2026,20,118,8.25
2026,20,148,8.03
2026,20,218,8.03
2026,20,248,8.32
2026,20,318,8.55
2026,20,348,9.40
2026,20,418,7.64
2026,20,448,7.74
2026,20,518,10.26
2026,20,548,10.41
2026,20,618,10.38
2026,20,648,11.78
2026,20,718,9.47
2026,20,748,8.46
2026,20,818,9.06
2026,20,848,8.47
2026,20,918,8.15
2026,20,948,10.00
2026,20,1018,12.52
2026,20,1048,11.57
2026,20,1118,10.79
2026,20,1148,12.08
2026,20,1218,12.57
2026,20,1248,12.34
2026,20,1318,12.74
2026,20,1348,14.23
2026,20,1418,13.63
2026,20,1448,15.13
2026,20,1518,16.32
2026,20,1548,16.32
2026,20,1618,16.07
2026,20,1648,15.17
2026,20,1718,13.02
2026,20,1748,14.92
2026,20,1818,16.69
2026,20,1848,16.70
2026,20,1918,17.54
2026,20,1948,16.91
2026,20,2018,16.66
2026,20,2048,17.19
2026,20,2118,16.41
2026,20,2148,17.14
2026,20,2218,17.12
2026,20,2248,17.21
2026,20,2318,16.90
2026,20,2348,17.07
2026,21,18,16.68
2026,21,48,16.37
2026,21,118,14.42
2026,21,148,15.92
2026,21,218,14.90
2026,21,248,14.83
2026,21,318,15.01
2026,21,348,14.43
2026,21,418,13.72
2026,21,448,14.82
2026,21,518,12.40
2026,21,548,11.42
2026,21,618,11.33
2026,21,648,10.80
2026,21,718,10.55
2026,21,748,10.74
2026,21,818,11.00
2026,21,848,11.44
2026,21,918,11.61
2026,21,948,11.76
2026,21,1018,12.23
2026,21,1048,12.20
2026,21,1118,11.56
2026,21,1148,10.53
2026,21,1218,11.14
2026,21,1248,11.93
2026,21,1318,14.70
2026,21,1348,14.09
2026,21,1418,17.22
2026,21,1448,16.56
2026,21,1518,16.91
2026,21,1548,15.67
2026,21,1618,18.14
2026,21,1648,16.00
2026,21,1718,15.36
2026,21,1748,15.67
2026,21,1818,15.42
2026,21,1848,14.75
2026,21,1918,14.40
2026,21,1948,14.51
2026,21,2018,14.71
2026,21,2048,14.87
2026,21,2118,14.24
2026,21,2148,17.69
2026,21,2218,18.83
2026,21,2248,18.47
2026,21,2318,18.20
2026,21,2348,16.65
2026,22,18,16.12
2026,22,48,18.32
2026,22,118,16.46
2026,22,148,15.15
2026,22,218,16.06
2026,22,248,15.68
2026,22,318,16.24
2026,22,348,16.21
2026,22,418,16.77
2026,22,448,18.23
2026,22,518,19.08
2026,22,548,18.86
2026,22,618,17.98
2026,22,648,18.32
2026,22,718,16.10
2026,22,748,17.91
2026,22,818,17.10
2026,22,848,18.11
2026,22,918,18.36
2026,22,948,17.82
2026,22,1018,16.45
2026,22,1048,17.59
2026,22,1118,16.85
2026,22,1148,17.11
2026,22,1218,16.80
2026,22,1248,16.80
2026,22,1318,16.42
2026,22,1348,16.26
2026,22,1418,13.82
2026,22,1448,15.04
2026,22,1518,13.10
2026,22,1548,12.77
2026,22,1618,14.42
2026,22,1648,14.19
2026,22,1718,14.27
2026,22,1748,13.64
2026,22,1818,15.45
2026,22,1848,13.62
2026,22,1918,14.70
2026,22,1948,14.56
2026,22,2018,15.94
2026,22,2048,14.20
2026,22,2118,13.48
2026,22,2148,14.50
2026,22,2218,13.63
2026,22,2248,14.17
2026,22,2318,13.19
2026,22,2348,12.48
2026,23,18,11.78
2026,23,48,13.30
2026,23,118,12.32
2026,23,148,13.42
2026,23,218,12.23
2026,23,248,13.47
2026,23,318,14.02
2026,23,348,13.40
2026,23,418,14.29
2026,23,448,14.54
2026,23,518,14.43
2026,23,548,15.31
2026,23,618,14.14
2026,23,648,14.47
2026,23,718,14.84
2026,23,748,14.60
2026,23,818,14.90
2026,23,848,15.60
2026,23,918,15.07
2026,23,948,13.96
2026,23,1018,14.08
2026,23,1048,13.76
2026,23,1118,13.52
2026,23,1148,13.23
2026,23,1218,11.43
2026,23,1248,12.59
2026,23,1318,9.81
2026,23,1348,9.90
2026,23,1418,10.19
2026,23,1448,10.26
2026,23,1518,10.43
2026,23,1548,10.90
2026,23,1618,10.97
2026,23,1648,10.57
2026,23,1718,11.51
2026,23,1748,12.34
2026,23,1818,11.82
2026,23,1848,10.49
2026,23,1918,11.24
2026,23,1948,10.83
2026,23,2018,10.68
2026,23,2048,10.43
2026,23,2118,10.25
2026,23,2148,10.80
2026,23,2218,9.78
2026,23,2248,10.59
2026,23,2318,10.40
2026,23,2348,11.45
2026,24,18,12.23
2026,24,48,10.77
2026,24,118,11.52
2026,24,148,10.66
2026,24,218,11.68
2026,24,248,11.35
2026,24,318,11.40
2026,24,348,10.61
2026,24,418,11.55
2026,24,448,10.54
2026,24,518,11.36
2026,24,548,11.15
2026,24,618,11.08
2026,24,648,10.77
2026,24,718,11.08
2026,24,748,11.42
2026,24,818,10.36
2026,24,848,9.71
2026,24,918,10.78
2026,24,948,11.11
2026,24,1018,11.06
2026,24,1048,10.30
2026,24,1118,11.04
2026,24,1148,11.75
2026,24,1218,11.27
2026,24,1248,10.32
2026,24,1318,11.31
2026,24,1348,10.90
2026,24,1418,10.72
2026,24,1448,9.11
2026,24,1518,10.20
2026,24,1548,10.24
2026,24,1618,9.83
2026,24,1648,10.31
2026,24,1718,10.81
2026,24,1748,11.76
2026,24,1818,11.06
2026,24,1848,12.13
2026,24,1918,11.31
2026,24,1948,9.49
2026,24,2018,10.66
2026,24,2048,11.09
2026,24,2118,12.14
2026,24,2148,12.61
2026,24,2218,12.84
2026,24,2248,10.68
2026,24,2318,12.78
2026,24,2348,13.60
2026,25,18,11.80
2026,25,48,11.50
2026,25,118,11.15
2026,25,148,11.75
2026,25,218,12.54
2026,25,248,12.98
2026,25,318,12.67
2026,25,348,12.66
2026,25,418,11.91
2026,25,448,10.84
2026,25,518,10.39
2026,25,548,11.53
2026,25,618,11.04
2026,25,648,11.50
2026,25,718,11.63
2026,25,748,11.71
2026,25,818,11.78
2026,25,848,11.05
2026,25,918,11.43
2026,25,948,11.46
2026,25,1018,11.28
2026,25,1048,11.91
2026,25,1118,12.59
2026,25,1148,13.02
2026,25,1218,12.17
2026,25,1248,11.48
2026,25,1318,10.55
2026,25,1348,10.64
2026,25,1418,10.04
2026,25,1448,10.68
2026,25,1518,10.47
2026,25,1548,11.06
2026,25,1618,10.46
2026,25,1648,11.17
2026,25,1718,10.81
2026,25,1748,11.02
2026,25,1818,10.00
2026,25,1848,10.53
2026,25,1918,9.25
2026,25,1948,10.95
2026,25,2018,9.03
2026,25,2048,9.99
2026,25,2118,8.99
2026,25,2148,7.60
2026,25,2218,7.14
2026,25,2248,9.22
2026,25,2318,9.20
2026,25,2348,9.74
2026,26,18,10.18
2026,26,48,9.50
2026,26,118,9.63
2026,26,148,9.47
2026,26,218,8.57
2026,26,248,8.91
2026,26,318,9.92
2026,26,348,9.88
2026,26,418,11.38
2026,26,448,10.98
2026,26,518,10.00
2026,26,548,11.64
2026,26,618,10.70
2026,26,648,10.68
2026,26,718,10.52
2026,26,748,8.87
2026,26,818,11.63
2026,26,848,12.12
2026,26,918,11.72
2026,26,948,12.28
2026,26,1018,11.43
2026,26,1048,13.20
2026,26,1118,13.85
2026,26,1148,12.79
2026,26,1218,14.10
2026,26,1248,13.13
2026,26,1318,14.17
2026,26,1348,14.77
2026,26,1418,14.96
2026,26,1448,15.04
2026,26,1518,13.43
2026,26,1548,13.54
2026,26,1618,14.01
2026,26,1648,14.48
2026,26,1718,15.35
2026,26,1748,15.69
2026,26,1818,17.66
2026,26,1848,16.88
2026,26,1918,18.10
2026,26,1948,18.15
2026,26,2018,18.97
2026,26,2048,18.23
2026,26,2118,17.22
2026,26,2148,17.42
2026,26,2218,15.72
2026,26,2248,14.23
2026,26,2318,15.51
2026,26,2348,14.88
2026,27,18,16.22
2026,27,48,13.55
2026,27,118,14.22
2026,27,148,13.81
2026,27,218,14.62
2026,27,248,14.71
2026,27,318,13.98
2026,27,348,15.49
2026,27,418,13.64
2026,27,448,12.95
2026,27,518,14.71
2026,27,548,15.62
2026,27,618,15.98
2026,27,648,17.12
2026,27,718,17.61
2026,27,748,18.60
2026,27,818,18.21
2026,27,848,18.61
2026,27,918,21.36
2026,27,948,20.67
2026,27,1018,20.25
2026,27,1048,20.11
2026,27,1118,19.31
2026,27,1148,21.88
2026,27,1218,20.31
2026,27,1248,23.15
2026,27,1318,23.80
2026,27,1348,22.71
2026,27,1418,20.94
2026,27,1448,21.06
2026,27,1518,20.98
2026,27,1548,21.24
2026,27,1618,18.95
2026,27,1648,17.98
2026,27,1718,20.06
2026,27,1748,18.66
2026,27,1818,19.41
2026,27,1848,18.57
2026,27,1918,18.68
2026,27,1948,18.19
2026,27,2018,18.63
2026,27,2048,19.09
2026,27,2118,18.35
2026,27,2148,18.20
2026,27,2218,16.25
2026,27,2248,16.83
2026,27,2318,16.49
2026,27,2348,17.21
2026,28,18,16.63
2026,28,48,16.65
2026,28,118,15.70
2026,28,148,14.36
2026,28,218,12.63
2026,28,248,11.61
2026,28,318,12.43
2026,28,348,12.70
2026,28,418,12.71
2026,28,448,12.81
2026,28,518,12.32
2026,28,548,9.11
2026,28,618,7.61
2026,28,648,7.32
2026,28,718,5.74
2026,28,748,5.92
2026,28,818,6.95
2026,28,848,6.55
2026,28,918,6.37
2026,28,948,5.32
2026,28,1018,6.07
2026,28,1048,4.35
2026,28,1118,4.08
2026,28,1148,3.46
2026,28,1218,3.90
2026,28,1248,3.71
2026,28,1318,3.44
2026,28,1348,3.34
2026,28,1418,4.08
2026,28,1448,3.59
2026,28,1518,3.53
2026,28,1548,3.59
2026,28,1618,2.52
2026,28,1648,3.31
2026,28,1718,4.35
2026,28,1748,3.43
2026,28,1818,4.77
2026,28,1848,5.08
2026,28,1918,4.93
2026,28,1948,5.15
2026,28,2018,5.68
2026,28,2048,6.14
2026,28,2118,5.56
2026,28,2148,6.44
2026,28,2218,6.40
2026,28,2248,5.97
2026,28,2318,7.00
2026,28,2348,7.65
2026,29,18,7.28
2026,29,48,5.58
2026,29,118,6.82
2026,29,148,7.35
2026,29,218,7.88
2026,29,248,7.02
2026,29,318,8.28
2026,29,348,7.94
2026,29,418,7.73
2026,29,448,8.24
2026,29,518,8.13
2026,29,548,7.50
2026,29,618,8.48
2026,29,648,7.97
2026,29,718,6.93
2026,29,748,8.69
2026,29,818,9.35
2026,29,848,9.45
2026,29,918,10.08
2026,29,948,11.95
2026,29,1018,12.66
2026,29,1048,11.76
2026,29,1118,11.75
2026,29,1148,11.61
2026,29,1218,10.25
2026,29,1248,10.21
2026,29,1318,9.42
2026,29,1348,10.62
2026,29,1418,10.52
2026,29,1448,10.04
2026,29,1518,11.38
2026,29,1548,11.73
2026,29,1618,11.88
2026,29,1648,12.58
2026,29,1718,12.06
2026,29,1748,12.28
2026,29,1818,12.11
2026,29,1848,10.44
2026,29,1918,11.40
2026,29,1948,9.41
2026,29,2018,9.13
2026,29,2048,10.00
2026,29,2118,11.39
2026,29,2148,12.30
2026,29,2218,12.41
2026,29,2248,12.34
2026,29,2318,11.25
2026,29,2348,10.61
2026,30,18,12.30
2026,30,48,11.30
2026,30,118,11.76
2026,30,148,12.37
2026,30,218,13.73
2026,30,248,11.75
2026,30,318,10.32
2026,30,348,10.57
2026,30,418,12.61
2026,30,448,14.08
2026,30,518,13.06
2026,30,548,13.42
2026,30,618,12.75
2026,30,648,13.51
2026,30,718,12.97
2026,30,748,14.27
2026,30,818,14.46
2026,30,848,13.80
2026,30,918,13.31
2026,30,948,13.56
2026,30,1018,13.60
2026,30,1048,13.16
2026,30,1118,14.42
2026,30,1148,13.75
2026,30,1218,13.67
2026,30,1248,12.91
2026,30,1318,13.71
2026,30,1348,14.40
2026,30,1418,13.86
2026,30,1448,13.50
2026,30,1518,12.81
2026,30,1548,13.80
2026,30,1618,14.01
2026,30,1648,13.37
2026,30,1718,12.83
2026,30,1748,11.13
2026,30,1818,10.97
2026,30,1848,11.31
2026,30,1918,10.05
2026,30,1948,9.28
2026,30,2018,11.56
2026,30,2048,12.31
2026,30,2118,12.61
2026,30,2148,12.58
2026,30,2218,11.22
2026,30,2248,11.15
2026,30,2318,10.97
2026,30,2348,10.61
2026,31,18,10.09
2026,31,48,9.25
2026,31,118,9.89
2026,31,148,10.48
2026,31,218,10.59
2026,31,248,10.55
2026,31,318,9.03
2026,31,348,10.66
2026,31,418,9.51
2026,31,448,10.32
2026,31,518,10.09
2026,31,548,10.37
2026,31,618,11.04
2026,31,648,9.92
2026,31,718,10.28
2026,31,748,9.33
2026,31,818,11.35
2026,31,848,11.66
2026,31,918,10.08
2026,31,948,10.47
2026,31,1018,9.74
2026,31,1048,9.05
2026,31,1118,9.16
2026,31,1148,10.49
2026,31,1218,10.07
2026,31,1248,10.26
2026,31,1318,9.69
2026,31,1348,10.90
2026,31,1418,9.93
2026,31,1448,9.40
2026,31,1518,9.39
2026,31,1548,9.75
2026,31,1618,9.83
2026,31,1648,9.65
2026,31,1718,9.55
2026,31,1748,10.89
2026,31,1818,11.23
2026,31,1848,11.68
2026,31,1918,11.21
2026,31,1948,10.99
2026,31,2018,11.75
2026,31,2048,12.20
2026,31,2118,10.29
2026,31,2148,10.91
2026,31,2218,10.43
2026,31,2248,10.38
2026,31,2318,9.69
2026,31,2348,10.31
2026,32,18,10.22
2026,32,48,9.44
2026,32,118,9.64
2026,32,148,9.62
2026,32,218,8.58
2026,32,248,9.20
2026,32,318,8.61
2026,32,348,7.76
2026,32,418,8.88
2026,32,448,8.02
2026,32,518,7.37
2026,32,548,6.59
2026,32,618,8.77
2026,32,648,9.28
2026,32,718,8.46
2026,32,748,6.54
2026,32,818,6.83
2026,32,848,6.58
2026,32,1548,3.71
2026,32,1618,3.11
2026,32,1648,2.44
2026,32,1718,2.10
2026,32,1748,2.37
2026,32,1818,3.20
2026,32,1848,2.82
2026,32,1918,2.29
2026,32,1948,2.85
2026,32,2018,2.67
2026,32,2048,3.22
2026,32,2118,2.89
2026,32,2148,3.16
2026,32,2218,2.74
2026,32,2248,2.65
2026,32,2318,2.84
2026,32,2348,2.74
2026,33,18,2.54
2026,33,48,2.56
2026,33,118,2.96
2026,33,148,3.66
2026,33,218,2.57
2026,33,248,3.29
2026,33,318,4.09
2026,33,348,4.30
2026,33,418,4.86
2026,33,448,4.54
2026,33,518,4.43
2026,33,548,4.17
2026,33,618,4.87
2026,33,648,5.65
2026,33,718,5.00
2026,33,748,5.33
2026,33,818,6.26
2026,33,848,6.32
2026,33,918,6.50
2026,33,948,6.08
2026,33,1018,5.44
2026,33,1048,5.99
2026,33,1118,7.98
2026,33,1148,9.58
2026,33,1218,10.61
2026,33,1248,11.21
2026,33,1318,11.28
2026,33,1348,10.61
2026,33,1418,11.10
2026,33,1448,9.56
2026,33,1518,10.00
2026,33,1548,9.31
2026,33,1618,9.73
2026,33,1648,10.61
2026,33,1718,9.87
2026,33,1748,9.14
2026,33,1818,9.96
2026,33,1848,9.16
2026,33,1918,9.33
2026,33,1948,10.52
2026,33,2018,10.49
2026,33,2048,9.50
2026,33,2118,10.11
2026,33,2148,10.30
2026,33,2218,10.01
2026,33,2248,9.17
2026,33,2318,9.60
2026,33,2348,9.96
2026,34,18,10.06
2026,34,48,9.45
2026,34,118,8.94
2026,34,148,8.54
2026,34,218,8.47
2026,34,248,9.33
2026,34,318,8.16
2026,34,348,7.58
2026,34,418,7.58
2026,34,448,7.38
2026,34,518,8.21
2026,34,548,8.99
2026,34,618,8.22
2026,34,648,8.55
2026,34,718,10.80
2026,34,748,11.27
2026,34,818,10.64
2026,34,848,10.65
2026,34,918,9.87
2026,34,948,9.47
2026,34,1018,8.65
2026,34,1048,8.06
2026,34,1118,8.46
2026,34,1148,7.62
2026,34,1218,7.51
2026,34,1248,7.28
2026,34,1318,8.01
2026,34,1348,8.11
2026,34,1418,6.32
2026,34,1448,8.23
2026,34,1518,8.33
2026,34,1548,8.39
2026,34,1618,8.40
2026,34,1648,8.06
2026,34,1718,7.79
2026,34,1748,9.71
2026,34,1818,8.63
2026,34,1848,8.61
2026,34,1918,9.60
2026,34,1948,8.68
2026,34,2018,9.27
2026,34,2048,9.74
2026,34,2118,10.14
2026,34,2148,9.85
2026,34,2218,10.44
2026,34,2248,9.89
2026,34,2318,10.48
2026,34,2348,11.03
2026,35,18,10.46
2026,35,48,10.09
2026,35,118,10.56
2026,35,148,10.93
2026,35,218,11.40
2026,35,248,10.75
2026,35,318,10.55
2026,35,348,9.37
2026,35,418,10.81
2026,35,448,10.77
2026,35,518,10.81
2026,35,548,10.86
2026,35,618,11.14
2026,35,648,10.92
2026,35,718,10.75
2026,35,748,10.53
2026,35,818,11.75
2026,35,848,11.36
2026,35,918,11.29
2026,35,948,11.10
2026,35,1018,10.60
2026,35,1048,10.45
2026,35,1118,10.41
2026,35,1148,10.88
2026,35,1218,10.19
2026,35,1248,9.54
2026,35,1318,9.68
2026,35,1348,7.26
2026,35,1418,6.84
2026,35,1448,6.90
2026,35,1518,7.98
2026,35,1548,7.63
2026,35,1618,7.95
2026,35,1648,6.73
2026,35,1718,8.36
2026,35,1748,8.65
2026,35,1818,9.16
2026,35,1848,8.51
2026,35,1918,8.15
2026,35,1948,7.09
2026,35,2018,8.27
2026,35,2048,9.22
2026,35,2118,9.71
2026,35,2148,10.59
2026,35,2218,11.69
2026,35,2248,12.05
2026,35,2318,12.15
2026,35,2348,13.07
2026,36,18,11.82
2026,36,48,10.95
2026,36,118,11.20
2026,36,148,11.49
2026,36,218,10.68
2026,36,248,10.24
2026,36,318,9.48
2026,36,348,9.24
2026,36,418,9.24
2026,36,448,9.11
2026,36,518,10.12
2026,36,548,10.30
2026,36,618,11.15
2026,36,648,9.73
2026,36,718,10.23
2026,36,748,10.49
2026,36,818,11.25
2026,36,848,10.07
2026,36,918,10.47
2026,36,948,9.22
2026,36,1018,8.80
2026,36,1048,8.47
2026,36,1118,8.37
2026,36,1148,8.96
2026,36,1218,8.43
2026,36,1248,9.45
2026,36,1318,8.12
2026,36,1348,9.15
2026,36,1418,9.94
2026,36,1448,9.51
2026,36,1518,9.02
2026,36,1548,9.65
2026,36,1618,8.21
2026,36,1648,8.72
2026,36,1718,9.74
2026,36,1748,9.83
2026,36,1818,9.11
2026,36,1848,10.58
2026,36,1918,10.30
2026,36,1948,10.82
2026,36,2018,11.78
2026,36,2048,11.92
2026,36,2118,12.47
2026,36,2148,12.83
2026,36,2218,11.47
2026,36,2248,11.87
2026,36,2318,9.48
2026,36,2348,9.29
2026,37,18,10.83
2026,37,48,8.69
2026,37,118,9.71
2026,37,148,8.15
2026,37,218,7.08
2026,37,248,8.51
2026,37,318,7.83
2026,37,348,8.49
2026,37,418,9.28
2026,37,448,8.95
2026,37,518,11.38
2026,37,548,10.28
2026,37,618,9.71
2026,37,648,9.58
2026,37,718,9.74
2026,37,748,9.80
2026,37,818,10.30
2026,37,848,10.76
2026,37,918,9.15
2026,37,948,10.07
2026,37,1018,10.28
2026,37,1048,10.10
2026,37,1118,10.10
2026,37,1148,10.45
2026,37,1218,8.89
2026,37,1248,10.13
2026,37,1318,9.55
2026,37,1348,8.44
2026,37,1418,8.34
2026,37,1448,8.68
2026,37,1518,8.39
2026,37,1548,8.94
2026,37,1618,8.45
2026,37,1648,8.32
2026,37,1718,8.06
2026,37,1748,8.24
2026,37,1818,7.92
2026,37,1848,7.58
2026,37,1918,7.11
2026,37,1948,6.18
2026,37,2018,7.51
2026,37,2048,6.29
2026,37,2118,7.43
2026,37,2148,8.10
2026,37,2218,6.88
2026,37,2248,7.57
2026,37,2318,6.72
2026,37,2348,7.09
2026,38,18,6.28
2026,38,48,6.25
2026,38,118,8.16
2026,38,148,7.62
2026,38,218,8.00
2026,38,248,6.84
2026,38,318,8.11
2026,38,348,9.35
2026,38,418,9.66
2026,38,448,9.30
2026,38,518,8.52
2026,38,548,9.62
2026,38,618,9.60
2026,38,648,8.61
2026,38,718,8.48
2026,38,748,8.80
2026,38,818,8.49
2026,38,848,8.27
2026,38,918,8.42
2026,38,948,9.16
2026,38,1018,8.38
2026,38,1048,8.75
2026,38,1118,8.19
2026,38,1148,7.86
2026,38,1218,7.18
2026,38,1248,6.50
2026,38,1318,5.51
2026,38,1348,5.07
2026,38,1418,6.49
2026,38,1448,7.72
2026,38,1518,7.26
2026,38,1548,5.87
2026,38,1618,5.07
2026,38,1648,5.91
2026,38,1718,6.50
2026,38,1748,8.15
2026,38,1818,7.30
2026,38,1848,6.75
2026,38,1918,7.61
2026,38,1948,9.02
2026,38,2018,9.33
2026,38,2048,8.90
2026,38,2118,8.75
2026,38,2148,8.96
2026,38,2218,9.09
2026,38,2248,9.15
2026,38,2318,9.11
2026,38,2348,8.18
2026,39,18,7.12
2026,39,48,8.21
2026,39,118,8.88
2026,39,148,9.45
2026,39,218,9.47
2026,39,248,8.87
2026,39,318,8.65
2026,39,348,8.26
2026,39,418,7.75
2026,39,448,8.12
2026,39,518,7.64
2026,39,548,7.67
2026,39,618,7.78
2026,39,648,7.79
2026,39,718,8.51
2026,39,748,8.79
2026,39,818,8.99
2026,39,848,8.40
2026,39,918,8.55
2026,39,948,8.62
2026,39,1018,7.77
2026,39,1048,8.39
2026,39,1118,8.89
2026,39,1148,10.09
2026,39,1218,10.23
2026,39,1248,8.84
2026,39,1318,9.25
2026,39,1348,9.22
2026,39,1418,8.78
2026,39,1448,8.44
2026,39,1518,7.69
2026,39,1548,7.74
2026,39,1618,7.15
2026,39,1648,7.34
2026,39,1718,4.75
2026,39,1748,5.96
2026,39,1818,6.59
2026,39,1848,6.10
2026,39,1918,7.24
2026,39,1948,6.31
2026,39,2018,6.59
2026,39,2048,7.54
2026,39,2118,6.88
2026,39,2148,7.16
2026,39,2218,7.19
2026,39,2248,6.62
2026,39,2318,6.06
2026,39,2348,5.54
2026,40,18,5.75
2026,40,48,6.55
2026,40,118,7.31
2026,40,148,6.97
2026,40,218,6.32
2026,40,248,6.35
2026,40,318,7.47
2026,40,348,6.32
2026,40,418,6.77
2026,40,448,5.99
2026,40,518,6.16
2026,40,548,5.88
2026,40,618,5.57
2026,40,648,4.91
2026,40,718,5.49
2026,40,748,5.50
2026,40,818,6.62
2026,40,848,5.84
2026,40,918,6.70
2026,40,948,4.11
2026,40,1018,5.61
2026,40,1048,5.51
2026,40,1118,5.44
2026,40,1148,5.16
2026,40,1218,5.71
2026,40,1248,5.70
2026,40,1318,6.16
2026,40,1348,5.90
2026,40,1418,5.16
2026,40,1448,5.22
2026,40,1518,5.51
2026,40,1548,4.93
2026,40,1618,5.20
2026,40,1648,4.84
2026,40,1718,4.84
2026,40,1748,5.69
2026,40,1818,5.35
2026,40,1848,6.10
2026,40,1918,5.44
2026,40,1948,5.70
2026,40,2018,5.84
2026,40,2048,7.24
2026,40,2118,7.20
2026,40,2148,6.71
2026,40,2218,6.44
2026,40,2248,6.57
2026,40,2318,6.67
2026,40,2348,6.86
2026,41,18,7.92
2026,41,48,7.49
2026,41,118,7.47
2026,41,148,7.81
2026,41,218,7.63
2026,41,248,7.91
2026,41,318,7.40
2026,41,348,8.72
2026,41,418,8.30
2026,41,448,7.78
2026,41,518,7.85
2026,41,548,8.46
2026,41,618,9.59
2026,41,648,10.07
2026,41,718,10.88
2026,41,748,10.84
2026,41,818,10.21
2026,41,848,10.05
2026,41,918,9.51
2026,41,948,9.22
2026,41,1018,8.69
2026,41,1048,8.62
2026,41,1118,10.01
2026,41,1148,11.25
2026,41,1218,10.26
2026,41,1248,10.48
2026,41,1318,10.77
2026,41,1348,9.98
2026,41,1418,10.03
2026,41,1448,9.36
2026,41,1548,8.53
2026,41,1618,9.08
2026,41,1648,9.41
2026,41,1718,9.00
2026,41,1748,9.13
2026,41,1818,9.27
2026,41,1848,9.30
2026,41,1918,9.50
2026,41,1948,9.74
2026,41,2018,8.99
2026,41,2048,7.68
2026,41,2118,8.23
2026,41,2148,8.23
2026,41,2218,8.32
2026,41,2248,9.06
2026,41,2318,8.95
2026,41,2348,8.54
2026,42,18,7.90
2026,42,48,7.67
2026,42,118,7.49
2026,42,148,7.24
2026,42,218,7.67
2026,42,248,6.80
2026,42,318,7.54
2026,42,348,7.45
2026,42,418,7.08
2026,42,448,7.55
2026,42,518,7.39
2026,42,548,6.89
2026,42,618,6.85
2026,42,648,7.18
2026,42,718,8.71
2026,42,748,7.55
2026,42,818,7.31
2026,42,848,6.37
2026,42,918,6.02
2026,42,948,6.70
2026,42,1018,5.89
2026,42,1048,6.63
2026,42,1118,7.15
2026,42,1148,7.14
2026,42,1218,7.68
2026,42,1248,7.91
2026,42,1318,7.48
2026,42,1348,5.94
2026,42,1418,7.26
2026,42,1448,7.02
2026,42,1518,5.89
2026,42,1548,6.42
2026,42,1618,6.98
2026,42,1648,6.91
2026,42,1718,8.10
2026,42,1748,7.07
2026,42,1818,5.91
2026,42,1848,8.73
2026,42,1918,4.64
2026,42,1948,5.94
2026,42,2018,4.56
2026,42,2048,5.10
2026,42,2118,5.24
2026,42,2148,4.76
2026,42,2218,5.83
2026,42,2248,4.39
2026,42,2318,5.51
2026,42,2348,1.97
2026,43,18,2.80
2026,43,48,2.42
2026,43,118,1.93
2026,43,148,2.77
2026,43,218,2.21
2026,43,248,1.44
2026,43,318,2.08
2026,43,348,2.42
2026,43,418,3.86
2026,43,448,2.55
2026,43,518,1.35
2026,43,548,3.08
2026,43,618,2.22
2026,43,648,1.36
2026,43,718,3.00
2026,43,748,1.88
2026,43,818,3.12
2026,43,848,2.78
2026,43,918,2.71
2026,43,948,2.27
2026,43,1018,3.40
2026,43,1048,2.31
2026,43,1118,1.78
2026,43,1148,1.03
2026,43,1218,0.84
2026,43,1248,1.27
2026,43,1318,0.73
2026,43,1348,0.65
2026,43,1418,0.67
2026,43,1448,0.69
2026,43,1518,0.49
2026,43,1548,0.72
2026,43,1618,0.51
2026,43,1648,0.52
2026,43,1718,0.53
2026,43,1748,0.47
2026,43,1818,0.59
2026,43,1848,0.62
2026,43,1918,0.48
2026,43,1948,0.40
2026,43,2018,0.48
2026,43,2048,0.41
2026,43,2118,0.38
2026,43,2148,0.65
2026,43,2218,0.45
2026,43,2248,0.44
2026,43,2318,0.44
2026,43,2348,2.14
2026,44,18,3.04
2026,44,48,1.30
2026,44,118,2.29
2026,44,148,0.57
2026,44,218,0.65
2026,44,248,0.51
2026,44,318,0.69
2026,44,348,1.86
2026,44,418,3.29
2026,44,448,0.84
2026,44,518,0.69
2026,44,548,1.03
2026,44,618,1.07
2026,44,648,1.53
2026,44,718,4.26
2026,44,748,4.14
2026,44,818,3.20
2026,44,848,3.51
2026,44,918,3.58
2026,44,948,3.08
2026,44,1018,2.85
2026,44,1048,3.02
2026,44,1118,3.35
2026,44,1148,3.13
2026,44,1218,2.99
2026,44,1248,4.49
2026,44,1318,3.60
2026,44,1348,3.70
2026,44,1418,3.56
2026,44,1448,3.69
2026,44,1518,4.74
2026,44,1548,4.60
2026,44,1618,4.16
2026,44,1648,3.95
2026,44,1718,3.82
2026,44,1748,3.35
2026,44,1818,3.36
2026,44,1848,2.91
2026,44,1918,2.64
2026,44,1948,3.98
2026,44,2018,2.96
2026,44,2048,3.41
2026,44,1048,3.02
2026,44,1118,3.35
2026,44,1148,3.13
2026,44,1218,2.99
2026,44,1248,4.49
2026,44,1318,3.60
2026,44,1348,3.70
2026,44,1418,3.56
2026,44,1448,3.69
2026,44,1518,4.74
2026,44,1548,4.60
2026,44,1618,4.16
2026,44,1648,3.95
2026,44,1718,3.82
2026,44,1748,3.35
2026,44,1818,3.36
2026,44,1848,2.91
2026,44,1918,2.64
2026,44,1948,3.98
2026,44,2018,2.96
2026,44,2048,3.41
2026,44,2118,3.29
2026,44,2148,2.54
2026,44,2218,1.93
2026,44,2248,3.15
2026,44,2318,3.47
2026,44,2348,3.30
2026,45,18,2.60
2026,45,48,3.10
2026,45,118,1.89
2026,45,148,3.81
2026,45,218,3.23
2026,45,248,3.42
2026,45,318,3.40
2026,45,348,3.13
2026,45,418,3.05
2026,45,448,2.90
2026,45,518,3.31
2026,45,548,2.98
2026,45,618,2.52
2026,45,648,3.33
2026,45,718,2.96
2026,45,748,3.08
2026,45,818,3.51
2026,45,848,3.20
2026,45,918,1.62
2026,45,948,2.89
2026,45,1018,2.83
2026,45,1048,1.77
2026,45,1118,2.46
2026,45,1148,2.23
2026,45,1218,1.96
2026,45,1248,1.93
2026,45,1318,2.21
2026,45,1348,2.27
2026,45,1418,2.76
2026,45,1448,3.44
2026,45,1518,4.01
2026,45,1548,4.34
2026,45,1618,3.60
2026,45,1648,4.00
2026,45,1718,4.44
2026,45,1748,4.48
2026,45,1818,4.03
2026,45,1848,6.20
2026,45,1918,5.40
2026,45,1948,4.60
2026,45,2018,6.89
2026,45,2048,10.14
2026,45,2118,10.52
2026,45,2148,12.87
2026,45,2218,13.55
2026,45,2248,13.24
2026,45,2318,14.86
2026,45,2348,11.90
2026,46,18,12.95
2026,46,48,11.95
2026,46,118,11.92
2026,46,148,9.17
2026,46,218,10.75
2026,46,248,7.87
2026,46,318,7.38
2026,46,348,5.98
2026,46,418,5.75
2026,46,448,4.60
2026,46,518,3.18
2026,46,548,2.35
2026,46,618,4.64
2026,46,648,4.51
2026,46,718,4.62
2026,46,748,3.83
2026,46,818,4.03
2026,46,848,3.78
2026,46,918,4.72
2026,46,948,4.23
2026,46,1018,3.76
2026,46,1048,4.11
2026,46,1118,4.19
2026,46,1148,3.88
2026,46,1218,3.28
2026,46,1248,2.45
2026,46,1318,2.07
2026,46,1348,2.05
2026,46,1418,1.68
2026,46,1448,2.73
2026,46,1518,2.21
2026,46,1548,3.03
2026,46,1618,2.61
2026,46,1648,2.77
2026,46,1718,2.72
2026,46,1748,2.54
2026,46,1818,2.04
2026,46,1848,1.44
2026,46,1918,2.70
2026,46,1948,3.38
2026,46,2018,3.12
2026,46,2048,3.59
2026,46,2118,2.55
2026,46,2148,3.23
2026,46,2218,2.01
2026,46,2248,2.56
2026,46,2318,2.62
2026,46,2348,2.40
2026,47,18,2.98
2026,47,48,3.02
2026,47,118,2.49
2026,47,148,2.05
2026,47,218,1.80
2026,47,248,2.41
2026,47,318,2.39
2026,47,348,3.25
2026,47,418,3.44
2026,47,448,4.14
2026,47,518,4.01
2026,47,548,4.17
2026,47,618,4.05
2026,47,648,3.72
2026,47,718,3.67
2026,47,748,2.87
2026,47,818,3.20
2026,47,848,3.11
2026,47,918,3.06
2026,47,948,3.71
2026,47,1018,3.18
2026,47,1048,3.40
2026,47,1118,3.86
2026,47,1148,5.05
2026,47,1218,5.58
2026,47,1248,5.40
2026,47,1318,6.09
2026,47,1348,5.76
2026,47,1418,5.42
2026,47,1448,5.32
2026,47,1518,5.40
2026,47,1548,5.96
2026,47,1618,4.57
2026,47,1648,3.73
2026,47,1718,5.18
2026,47,1748,3.95
2026,47,1818,3.70
2026,47,1848,4.31
2026,47,1918,3.02
2026,47,1948,3.11
2026,47,2018,3.54
2026,47,2048,2.77
2026,47,2118,2.99
2026,47,2148,5.48
2026,47,2218,5.45
2026,47,2248,4.88
2026,47,2318,5.59
2026,47,2348,4.20
2026,48,18,5.01
2026,48,48,5.67
2026,48,118,4.94
2026,48,148,4.83
2026,48,218,5.35
2026,48,248,4.88
2026,48,318,3.74
2026,48,348,4.80
2026,48,418,7.28
2026,48,448,6.10
2026,48,518,2.84
2026,48,548,5.85
2026,48,618,5.89
2026,48,648,5.29
2026,48,718,5.98
2026,48,748,6.61
2026,48,818,5.14
2026,48,848,2.09
2026,48,918,2.84
2026,48,948,3.43
2026,48,1018,4.20
2026,48,1048,3.85
2026,48,1118,3.35
2026,48,1148,2.95
2026,48,1218,2.83
2026,48,1248,2.67
2026,48,1318,1.35
2026,48,1348,1.33
2026,48,1418,2.61
2026,48,1448,1.12
2026,48,1518,0.14
2026,48,1548,0.76
2026,48,1618,0.43
2026,48,1648,1.77
2026,48,1718,2.55
2026,48,1748,3.18
2026,48,1818,2.83
2026,48,1848,3.38
2026,48,1918,3.58
2026,48,1948,4.06
2026,48,2018,4.00
2026,48,2048,4.23
2026,48,2118,5.57
2026,48,2148,5.85
2026,48,2218,5.44
2026,48,2248,5.51
2026,48,2318,5.76
2026,48,2348,7.38
2026,49,18,7.80
2026,49,48,8.60
2026,49,118,8.45
2026,49,148,9.18
2026,49,218,9.58
2026,49,248,10.51
2026,49,318,10.92
2026,49,348,10.76
2026,49,418,9.50
2026,49,448,10.51
2026,49,518,11.56
2026,49,548,12.02
2026,49,618,11.34
2026,49,648,11.43
2026,49,718,12.24
2026,49,748,11.82
2026,49,818,12.11
2026,49,848,10.75
2026,49,918,12.37
2026,49,948,12.24
2026,49,1018,13.70
2026,49,1048,12.66
2026,49,1118,11.94
2026,49,1148,12.80
2026,49,1218,12.34
2026,49,1248,11.33
2026,49,1318,12.94
2026,49,1348,11.96
2026,49,1418,11.71
2026,49,1448,12.08
2026,49,1518,11.27
2026,49,1548,12.75
2026,49,1618,10.43
2026,49,1648,11.57
2026,49,1718,11.76
2026,49,1748,10.80
2026,49,1818,12.14
2026,49,1848,12.48
2026,49,1918,12.41
2026,49,1948,11.17
2026,49,2018,12.20
2026,49,2048,11.86
2026,49,2118,10.76
2026,49,2148,11.74
2026,49,2218,10.05
2026,49,2248,10.60
2026,49,2318,11.48
2026,49,2348,7.02
2026,50,18,11.44
2026,50,48,10.93
2026,50,118,6.96
2026,50,148,9.68
2026,50,218,8.27
2026,50,248,9.57
2026,50,318,9.80
2026,50,348,9.04
2026,50,418,9.33
2026,50,448,8.93
2026,50,518,6.63
2026,50,548,8.64
2026,50,1548,7.83
2026,50,1618,6.94
2026,50,1648,6.53
2026,50,1718,6.72
2026,50,1748,7.04
2026,50,1818,7.09
2026,50,1848,7.11
2026,50,1918,7.40
2026,50,1948,7.49
2026,50,2018,5.21
2026,50,2048,4.46
2026,50,2118,4.16
2026,50,2148,3.99
2026,50,2218,3.64
2026,50,2248,4.80
2026,50,2318,4.81
2026,50,2348,4.23
2026,51,18,4.03
2026,51,48,4.19
2026,51,118,4.27
2026,51,148,5.28
2026,51,218,5.04
2026,51,248,4.88
2026,51,318,5.89
2026,51,348,6.10
2026,51,418,5.95
2026,51,448,6.03
2026,51,518,6.10
2026,51,548,4.38
2026,51,618,5.96
2026,51,648,5.57
2026,51,718,5.66
2026,51,748,4.86
2026,51,818,6.49
2026,51,848,5.75
2026,51,918,6.29
2026,51,948,6.58
2026,51,1018,6.22
2026,51,1048,5.85
2026,51,1118,5.45
2026,51,1148,7.26
2026,51,1218,5.97
2026,51,1248,7.36
2026,51,1318,7.98
2026,51,1348,5.88
2026,51,1418,5.25
2026,51,1448,6.96
2026,51,1518,9.34
2026,51,1548,9.71
2026,51,1618,9.89
2026,51,1648,10.34
2026,51,1718,10.32
2026,51,1748,10.42
2026,51,1818,10.08
2026,51,1848,9.10
2026,51,1918,10.02
2026,51,1948,9.50
2026,51,2018,9.18
2026,51,2048,8.09
2026,51,2118,8.71
2026,51,2148,9.76
2026,51,2218,9.18
2026,51,2248,8.82
2026,51,2318,8.34
2026,51,2348,8.68
2026,52,18,8.51
2026,52,48,9.48
2026,52,118,8.10
2026,52,148,8.94
2026,52,218,8.97
2026,52,248,9.23
2026,52,318,8.27
2026,52,348,8.85
2026,52,418,9.12
2026,52,448,7.87
2026,52,518,8.43
2026,52,548,8.10
2026,52,618,8.03
2026,52,648,7.64
2026,52,718,8.72
2026,52,748,8.31
2026,52,818,6.49
2026,52,848,7.20
2026,52,918,5.40
2026,52,948,5.36
2026,52,1018,5.00
2026,52,1048,3.46
2026,52,1118,4.80
2026,52,1148,5.35
2026,52,1218,3.95
2026,52,1248,3.66
2026,52,1318,2.93
2026,52,1348,2.54
2026,52,1418,3.31
2026,52,1448,2.96
2026,52,1518,3.24
2026,52,1548,2.38
2026,52,1618,3.71
2026,52,1648,4.47
2026,52,1718,3.72
2026,52,1748,4.01
2026,52,1818,5.34
2026,52,1848,4.77
2026,52,1918,6.40
2026,52,1948,7.95
2026,52,2018,6.68
2026,52,2048,7.98
2026,52,2118,8.06
2026,52,2148,11.00
2026,52,2218,10.82
2026,52,2248,11.22
2026,52,2318,8.90
2026,52,2348,7.59
2026,53,18,7.92
2026,53,48,8.52
2026,53,118,9.96
2026,53,148,9.25
2026,53,218,7.81
2026,53,248,8.53
2026,53,318,6.26
2026,53,348,7.76
2026,53,418,6.23
2026,53,448,8.32
2026,53,518,9.03
2026,53,548,7.30
2026,53,618,8.94
2026,53,648,9.20
2026,53,718,9.77
2026,53,748,10.54
2026,53,818,10.02
2026,53,848,8.55
2026,53,918,11.14
2026,53,948,9.96
2026,53,1018,9.92
2026,53,1048,11.00
2026,53,1118,9.95
2026,53,1148,7.15
2026,53,1218,5.34
2026,53,1248,7.98
2026,53,1318,7.15
2026,53,1348,7.65
2026,53,1418,8.09
2026,53,1448,6.53
2026,53,1518,7.25
2026,53,1548,8.27
2026,53,1618,10.88
2026,53,1648,10.26
2026,53,1718,9.88
2026,53,1748,8.62
2026,53,1818,8.95
2026,53,1848,7.74
2026,53,1918,10.89
2026,53,1948,9.99
2026,53,2018,10.75
2026,53,2048,9.83
2026,53,2118,12.42
2026,53,2148,11.39
2026,53,2218,10.09
2026,53,2248,7.93
2026,53,2318,8.35
2026,53,2348,7.87
2026,54,18,8.89
2026,54,48,8.94
2026,54,118,8.44
2026,54,148,8.40
2026,54,218,8.43
2026,54,248,9.28
2026,54,318,6.96
2026,54,348,7.64
2026,54,418,8.92
2026,54,448,8.12
2026,54,518,11.40
2026,54,548,9.51
2026,54,618,10.10
2026,54,648,10.76
2026,54,718,9.00
2026,54,748,8.43
2026,54,818,8.23
2026,54,848,9.30
2026,54,918,7.09
2026,54,948,8.07
2026,54,1018,7.29
2026,54,1048,6.77
2026,54,1118,8.53
2026,54,1148,9.15
2026,54,1218,7.72
2026,54,1248,8.53
2026,54,1318,7.60
2026,54,1348,8.51
2026,54,1418,8.26
2026,54,1448,7.93
2026,54,1518,8.66
2026,54,1548,7.85
2026,54,1618,6.53
2026,54,1648,6.13
2026,54,1718,5.39
2026,54,1748,5.22
2026,54,1818,5.61
2026,54,1848,5.49
2026,54,1918,4.79
2026,54,1948,3.66
2026,54,2018,2.16
2026,54,2048,0.87
2026,54,2118,1.45
2026,54,2148,2.02
2026,54,2218,2.36
2026,54,2248,3.42
2026,54,2318,2.14
2026,54,2348,3.01
2026,55,18,5.18
2026,55,48,3.85
2026,55,118,5.00
2026,55,148,5.55
2026,55,218,5.72
2026,55,248,5.66
2026,55,318,5.12
2026,55,348,8.10
2026,55,418,7.63
2026,55,448,7.91
2026,55,518,6.81
2026,55,548,8.15
2026,55,618,7.29
2026,55,648,7.94
2026,55,718,7.39
2026,55,748,9.27
2026,55,818,8.44
2026,55,848,8.21
2026,55,918,8.91
2026,55,948,9.00
2026,55,1018,8.10
2026,55,1048,5.52
2026,55,1118,5.70
2026,55,1148,6.42
2026,55,1218,6.76
2026,55,1248,8.21
2026,55,1318,7.60
2026,55,1348,6.25
2026,55,1418,4.67
2026,55,1448,5.82
2026,55,1518,8.20
2026,55,1548,7.42
2026,55,1618,7.45
2026,55,1648,7.38
2026,55,1718,8.08
2026,55,1748,7.77
2026,55,1818,5.83
2026,55,1848,6.47
2026,55,1918,7.56
2026,55,1948,6.99
2026,55,2018,6.55
2026,55,2048,6.93
2026,55,2118,5.87
2026,55,2148,6.53
2026,55,2218,6.33
2026,55,2248,5.82
2026,55,2318,5.42
2026,55,2348,5.17
2026,56,18,4.82
2026,56,48,4.40
2026,56,118,4.63
2026,56,148,5.51
2026,56,218,5.40
2026,56,248,4.46
2026,56,318,5.91
2026,56,348,5.27
2026,56,418,5.03
2026,56,448,3.78
2026,56,518,4.77
2026,56,548,4.49
2026,56,618,4.41
2026,56,648,3.93
2026,56,718,4.35
2026,56,748,3.70
2026,56,818,4.01
2026,56,848,4.04
2026,56,918,4.14
2026,56,948,4.41
2026,56,1018,4.30
2026,56,1048,4.48
2026,56,1118,4.41
2026,56,1148,5.19
2026,56,1218,5.94
2026,56,1248,4.78
2026,56,1318,5.08
2026,56,1348,5.79
2026,56,1418,6.41
2026,56,1448,7.26
2026,56,1518,7.24
2026,56,1548,7.13
2026,56,1618,7.01
2026,56,1648,7.06
2026,56,1718,6.20
2026,56,1748,6.06
2026,56,1818,7.19
2026,56,1848,5.12
2026,56,1918,6.95
2026,56,1948,6.05
2026,56,2018,7.00
2026,56,2048,7.02
2026,56,2118,5.75
2026,56,2148,5.05
2026,56,2218,6.05
2026,56,2248,5.99
2026,56,2318,7.06
2026,56,2348,6.92
2026,57,18,8.04
2026,57,48,8.20
2026,57,118,8.08
2026,57,148,7.85
2026,57,218,7.60
2026,57,248,5.98
2026,57,318,4.49
2026,57,348,7.44
2026,57,418,7.26
2026,57,448,9.33
2026,57,518,6.97
2026,57,548,7.09
2026,57,618,7.09
2026,57,648,6.62
2026,57,718,7.17
2026,57,748,7.20
2026,57,818,9.04
2026,57,848,7.43
2026,57,918,8.23
2026,57,948,9.09
2026,57,1018,9.04
2026,57,1048,8.02
2026,57,1118,10.12
2026,57,1148,9.87
2026,57,1218,9.54
2026,57,1248,10.08
2026,57,1318,9.07
2026,57,1348,8.68
2026,57,1418,10.08
2026,57,1448,9.94
2026,57,1518,8.94
2026,57,1548,8.35
2026,57,1618,9.12
2026,57,1648,8.82
2026,57,1718,9.94
2026,57,1748,10.83
2026,57,1818,8.79
2026,57,1848,8.31
2026,57,1918,7.54
2026,57,1948,9.96
2026,57,2018,8.79
2026,57,2048,8.57
2026,57,2118,9.26
2026,57,2148,11.35
2026,57,2218,9.19
2026,57,2248,8.30
2026,57,2318,8.81
2026,57,2348,8.46
2026,58,18,10.63
2026,58,48,10.04
2026,58,118,11.57
2026,58,148,10.67
2026,58,218,9.63
2026,58,248,8.58
2026,58,318,8.02
2026,58,348,8.74
2026,58,418,9.10
2026,58,448,8.77
2026,58,518,9.43
2026,58,548,7.93
2026,58,618,7.98
2026,58,648,8.52
2026,58,718,7.65
2026,58,748,7.45
2026,58,818,7.38
2026,58,848,6.62
2026,58,918,6.15
2026,58,948,6.84
2026,58,1018,6.30
2026,58,1048,5.71
2026,58,1118,5.43
2026,58,1148,3.64
2026,58,1218,4.78
2026,58,1248,4.30
2026,58,1318,3.74
2026,58,1348,4.05
2026,58,1418,2.30
2026,58,1448,3.07
2026,58,1518,3.03
2026,58,1548,1.63
2026,58,1618,1.99
2026,58,1648,3.66
2026,58,1718,3.33
2026,58,1748,3.33
2026,58,1818,2.88
2026,58,1848,1.45
2026,58,1918,1.02
2026,58,1948,0.82
2026,58,2018,1.24
2026,58,2048,1.80
2026,58,2118,2.65
2026,58,2148,3.28
2026,58,2218,3.57
2026,58,2248,3.36
2026,58,2318,1.33
2026,58,2348,2.01
2026,59,18,1.29
2026,59,48,1.86
2026,59,118,1.42
2026,59,148,2.52
2026,59,218,2.45
2026,59,248,2.59
2026,59,318,1.77
2026,59,348,1.54
2026,59,418,0.28
2026,59,448,0.76
2026,59,518,0.84
2026,59,548,0.42
2026,59,618,0.88
2026,59,648,1.00
2026,59,718,0.37
2026,59,748,0.81
2026,59,818,0.82
2026,59,848,1.01
2026,59,918,1.75
2026,59,948,1.48
2026,59,1018,0.98
2026,59,1048,1.16
2026,59,1118,2.16
2026,59,1148,2.49
2026,59,1218,2.13
2026,59,1248,2.65
2026,59,1318,3.53
2026,59,1348,4.01
2026,59,1418,4.34
2026,59,1448,4.22
2026,59,1518,5.01
2026,59,1548,6.10
2026,59,1618,6.57
2026,59,1648,6.51
2026,59,1718,5.83
2026,59,1748,6.42
2026,59,1818,6.82
2026,59,1848,7.41
2026,59,1918,6.32
2026,59,1948,4.08
2026,59,2018,3.85
2026,59,2048,3.99
2026,59,2118,4.57
2026,59,2148,5.93
2026,59,2218,6.05
2026,59,2248,5.30
2026,59,2318,5.73
2026,59,2348,5.08
2026,60,18,5.01
2026,60,48,5.53
2026,60,118,4.44
2026,60,148,5.99
2026,60,218,6.08
2026,60,248,5.91
2026,60,318,8.11
2026,60,348,7.49
2026,60,418,8.05
2026,60,448,10.43
2026,60,518,11.29
2026,60,548,10.98
2026,60,618,8.79
2026,60,648,8.53
2026,60,718,9.60
2026,60,748,11.62
2026,60,818,10.81
2026,60,848,11.50
2026,60,918,12.41
2026,60,948,11.51
2026,60,1018,11.10
2026,60,1048,10.45
2026,60,1118,8.45
2026,60,1148,9.00
2026,60,1218,6.53
2026,60,1248,6.80
2026,60,1318,5.44
2026,60,1348,6.65
2026,60,1418,8.46
2026,60,1448,8.45
2026,60,1518,9.62
2026,60,1548,10.41
2026,60,1618,10.93
2026,60,1648,9.41
2026,60,1718,10.97
2026,60,1748,10.80
2026,60,1818,12.03
2026,60,1848,12.97
2026,60,1918,12.18
2026,60,1948,12.81
2026,60,2018,10.87
2026,60,2048,12.37
2026,60,2118,12.78
2026,60,2148,15.13
2026,60,2218,14.65
2026,60,2248,15.39
2026,60,2318,17.60
2026,60,2348,16.90
2026,61,18,16.08
2026,61,48,15.71
2026,61,118,15.12
2026,61,148,13.28
2026,61,218,14.42
2026,61,248,13.66
2026,61,318,13.29
2026,61,348,12.41
2026,61,418,8.49
2026,61,448,8.79
2026,61,518,7.31
2026,61,548,9.59
2026,61,618,9.11
2026,61,648,7.26
2026,61,718,7.56
2026,61,748,6.86
2026,61,818,6.60
2026,61,848,7.34
2026,61,918,6.64
2026,61,948,6.89
2026,61,1018,5.92
2026,61,1048,7.97
2026,61,1118,7.68
2026,61,1148,8.49
2026,61,1218,7.90
2026,61,1248,8.09
2026,61,1318,7.68
2026,61,1348,7.05
2026,61,1418,6.65
2026,61,1448,6.86
2026,61,1518,7.09
2026,61,1548,7.43
2026,61,1618,8.59
2026,61,1648,7.69
2026,61,1718,8.06
2026,61,1748,8.44
2026,61,1818,7.92
2026,61,1848,8.05
2026,61,1918,10.29
2026,61,1948,10.89
2026,61,2018,9.71
2026,61,2048,10.07
2026,61,2118,11.14
2026,61,2148,10.17
2026,61,2218,10.24
2026,61,2248,10.40
2026,61,2318,11.13
2026,61,2348,11.94
2026,62,18,11.19
2026,62,48,9.89
2026,62,118,9.55
2026,62,148,9.12
2026,62,218,11.29
2026,62,248,11.10
2026,62,318,9.94
2026,62,348,9.62
2026,62,418,9.64
2026,62,448,9.88
2026,62,518,9.85
2026,62,548,9.12
2026,62,618,8.91
2026,62,648,7.98
2026,62,718,8.25
2026,62,748,9.15
2026,62,818,7.83
2026,62,848,8.53
2026,62,918,7.13
2026,62,948,6.60
2026,62,1018,5.99
2026,62,1048,5.81
2026,62,1118,5.53
2026,62,1148,6.96
2026,62,1218,6.97
2026,62,1248,6.08
2026,62,1318,4.85
2026,62,1348,3.82
2026,62,1418,4.31
2026,62,1448,4.14
2026,62,1518,2.86
2026,62,1548,1.67
2026,62,1618,2.87
2026,62,1648,1.83
2026,62,1718,1.79
2026,62,1748,1.29
2026,62,1818,1.62
2026,62,1848,0.32
2026,62,1918,0.61
2026,62,1948,1.22
2026,62,2018,2.13
2026,62,2048,1.83
2026,62,2118,1.86
2026,62,2148,1.60
2026,62,2218,4.27
2026,62,2248,4.17
2026,62,2318,4.66
2026,62,2348,5.78
2026,63,18,6.23
2026,63,48,5.10
2026,63,118,5.36
2026,63,148,6.59
2026,63,218,6.59
2026,63,248,6.49
2026,63,318,6.72
2026,63,348,6.64
2026,63,418,6.86
2026,63,448,6.03
2026,63,518,6.10
2026,63,548,9.51
2026,63,618,8.32
2026,63,648,8.25
2026,63,718,10.13
2026,63,748,9.57
2026,63,818,8.83
2026,63,848,9.08
2026,63,918,7.89
2026,63,948,8.54
2026,63,1018,7.50
2026,63,1048,7.70
2026,63,1118,7.77
2026,63,1148,6.56
2026,63,1218,7.29
2026,63,1248,6.93
2026,63,1318,7.50
2026,63,1348,8.82
2026,63,1418,9.24
2026,63,1448,10.46
2026,63,1518,8.50
2026,63,1548,8.01
2026,63,1618,8.27
2026,63,1648,9.01
2026,63,1718,9.34
2026,63,1748,9.71
2026,63,1818,9.62
2026,63,1848,10.06
2026,63,1918,9.87
2026,63,1948,12.29
2026,63,2018,11.66
2026,63,2048,11.45
2026,63,2118,11.35
2026,63,2148,10.86
2026,63,2218,10.62
2026,63,2248,12.19
2026,63,2318,12.88
2026,63,2348,13.34
2026,64,18,12.70
2026,64,48,13.09
2026,64,118,11.88
2026,64,148,9.54
2026,64,218,9.14
2026,64,248,8.42
2026,64,318,8.55
2026,64,348,9.81
2026,64,418,10.99
2026,64,448,11.35
2026,64,518,10.05
2026,64,548,9.67
2026,64,618,10.73
2026,64,648,11.16
2026,64,718,10.44
2026,64,748,9.96
2026,64,818,9.14
2026,64,848,8.86
2026,64,918,8.65
2026,64,948,6.50
2026,64,1018,7.30
2026,64,1048,7.18
2026,64,1118,7.25
2026,64,1148,6.56
2026,64,1218,4.71
2026,64,1248,4.74
2026,64,1318,4.10
2026,64,1348,4.23
2026,64,1418,4.05
2026,64,1448,4.00
2026,64,1518,4.59
2026,64,1548,3.75
2026,64,1618,4.02
2026,64,1648,3.68
2026,64,1718,5.80
2026,64,1748,4.52
2026,64,1818,5.63
2026,64,1848,5.61
2026,64,1918,6.00
2026,64,1948,6.10
2026,64,2018,3.32
2026,64,2048,4.05
2026,64,2118,4.05
2026,64,2148,3.45
2026,64,2218,3.07
2026,64,2248,3.42
2026,64,2318,3.57
2026,64,2348,3.73
2026,65,18,4.43
2026,65,48,2.97
2026,65,118,3.24
2026,65,148,3.37
2026,65,218,3.30
2026,65,248,3.54
2026,65,318,3.83
2026,65,348,3.44
2026,65,418,3.20
2026,65,448,3.22
2026,65,518,2.13
2026,65,548,1.81
2026,65,618,1.73
2026,65,648,1.17
2026,65,718,0.37
2026,65,748,1.12
2026,65,818,0.84
2026,65,848,0.16
2026,65,918,0.33
2026,65,948,0.52
2026,65,1018,0.94
2026,65,1048,0.50
2026,65,1118,1.14
2026,65,1148,0.15
2026,65,1218,0.25
2026,65,1248,1.06
2026,65,1318,1.37
2026,65,1348,0.64
2026,65,1418,0.62
2026,65,1448,1.77
2026,65,1518,1.52
2026,65,1548,1.92
2026,65,1618,1.41
2026,65,1648,2.16
2026,65,1718,1.82
2026,65,1748,0.24
2026,65,1818,1.29
2026,65,1848,1.43
2026,65,1918,0.68
2026,65,1948,1.47
2026,65,2018,1.45
2026,65,2048,0.88
2026,65,2118,1.24
2026,65,2148,1.81
2026,65,2218,4.06
2026,65,2248,4.58
2026,65,2318,5.23
2026,65,2348,4.73
2026,66,18,3.65
2026,66,48,1.67
2026,66,118,3.83
2026,66,148,5.15
2026,66,218,6.82
2026,66,248,6.95
2026,66,318,7.05
2026,66,348,8.16
2026,66,418,8.00
2026,66,448,8.46
2026,66,518,8.82
2026,66,548,9.09
2026,66,618,9.73
2026,66,648,8.90
2026,66,718,9.65
2026,66,748,9.65
2026,66,818,9.28
2026,66,848,9.45
2026,66,918,10.10
2026,66,948,9.41
2026,66,1018,10.05
2026,66,1048,9.16
2026,66,1118,9.13
2026,66,1148,9.11
2026,66,1218,8.61
2026,66,1248,9.02
2026,66,1318,8.58
2026,66,1348,7.91
2026,66,1418,4.03
2026,66,1448,5.84
2026,66,1518,7.41
2026,66,1548,4.70
2026,66,1618,5.75
2026,66,1648,3.17
2026,66,1718,6.34
2026,66,1748,6.80
2026,66,1818,5.61
2026,66,1848,5.43
2026,66,1918,3.83
2026,66,1948,4.88
2026,66,2018,1.20
2026,66,2048,3.27
2026,66,2118,1.62
2026,66,2148,0.85
2026,66,2218,2.13
2026,66,2248,1.11
2026,66,2318,2.38
2026,66,2348,2.14
2026,67,18,3.78
2026,67,48,3.49
2026,67,118,2.89
2026,67,148,2.28
2026,67,218,3.71
2026,67,248,3.49
2026,67,318,3.49
2026,67,348,4.16
2026,67,418,3.51
2026,67,448,3.00
2026,67,518,2.52
2026,67,548,3.49
2026,67,618,2.79
2026,67,648,2.51
2026,67,718,2.60
2026,67,748,4.10
2026,67,818,3.54
2026,67,848,3.92
2026,67,918,4.03
2026,67,948,2.99
2026,67,1018,3.43
2026,67,1048,3.55
2026,67,1118,1.89
2026,67,1148,1.64
2026,67,1218,1.96
2026,67,1248,2.40
2026,67,1318,2.30
2026,67,1348,3.08
2026,67,1418,3.95
2026,67,1448,4.80
2026,67,1518,4.54
2026,67,1548,4.17
2026,67,1618,3.01
2026,67,1648,6.04
2026,67,1718,6.52
2026,67,1748,4.44
2026,67,1818,6.03
2026,67,1848,7.23
2026,67,1918,7.41
2026,67,1948,8.27
2026,67,2018,7.03
2026,67,2048,6.80
2026,67,2118,6.64
2026,67,2148,6.52
2026,67,2218,6.91
2026,67,2248,8.48
2026,67,2318,7.74
2026,67,2348,7.83
2026,68,18,7.57
2026,68,48,7.63
2026,68,118,7.29
2026,68,148,6.72
2026,68,218,6.51
2026,68,248,6.33
2026,68,318,5.99
2026,68,348,6.89
2026,68,418,6.76
2026,68,448,7.55
2026,68,518,7.51
2026,68,548,7.88
2026,68,618,7.37
2026,68,648,7.55
2026,68,718,5.67
2026,68,748,6.04
2026,68,818,4.12
2026,68,848,4.42
2026,68,918,4.85
2026,68,948,5.99
2026,68,1018,5.54
2026,68,1048,6.39
2026,68,1118,5.36
2026,68,1148,5.20
2026,68,1218,6.10
2026,68,1248,6.93
2026,68,1318,7.31
2026,68,1348,5.69
2026,68,1418,5.36
2026,68,1448,5.24
2026,68,1518,5.85
2026,68,1548,5.09
2026,68,1618,6.12
2026,68,1648,4.63
2026,68,1718,4.64
2026,68,1748,6.30
2026,68,1818,4.78
2026,68,1848,4.94
2026,68,1918,5.03
2026,68,1948,4.56
2026,68,2018,4.60
2026,68,2048,4.61
2026,68,2118,5.24
2026,68,2148,3.98
2026,68,2218,4.26
2026,68,2248,4.52
2026,68,2318,5.82
2026,68,2348,6.14
2026,69,18,6.55
2026,69,48,8.48
2026,69,118,9.33
2026,69,148,8.53
2026,69,218,8.72
2026,69,248,8.75
2026,69,318,8.80
2026,69,348,8.55
2026,69,418,7.09
2026,69,448,7.05
2026,69,518,7.89
2026,69,548,8.02
2026,69,618,8.10
2026,69,648,8.17
2026,69,718,8.63
2026,69,748,8.14
2026,69,818,7.68
2026,69,848,6.92
2026,69,918,8.27
2026,69,948,8.24
2026,69,1018,7.06
2026,69,1048,6.11
2026,69,1118,6.80
2026,69,1148,7.04
2026,69,1218,8.28
2026,69,1248,8.35
2026,69,1318,8.70
2026,69,1348,10.18
2026,69,1418,10.33
2026,69,1448,9.33
2026,69,1518,12.68
2026,69,1548,14.07
2026,69,1618,13.89
2026,69,1648,15.58
2026,69,1718,15.10
2026,69,1748,13.57
2026,69,1818,16.59
2026,69,1848,13.21
2026,69,1918,16.31
2026,69,1948,16.26
2026,69,2018,15.65
2026,69,2048,15.61
2026,69,2118,12.71
2026,69,2148,12.97
2026,69,2218,11.78
2026,69,2248,12.10
2026,69,2318,12.05
2026,69,2348,9.45
2026,70,18,10.12
2026,70,48,11.50
2026,70,118,10.37
2026,70,148,7.80
2026,70,218,9.53
2026,70,248,9.85
2026,70,318,11.42
2026,70,348,12.43
2026,70,418,14.27
2026,70,448,14.35
2026,70,518,14.37
2026,70,548,12.62
2026,70,618,14.02
2026,70,648,15.91
2026,70,718,16.60
2026,70,748,16.03
2026,70,818,14.77
2026,70,848,15.68
2026,70,918,15.80
2026,70,948,14.54
2026,70,1018,14.74
2026,70,1048,12.40
2026,70,1118,11.52
2026,70,1148,11.18
2026,70,1218,10.70
2026,70,1248,10.72
2026,70,1318,11.36
2026,70,1348,13.01
2026,70,1418,10.19
2026,70,1448,11.26
2026,70,1518,8.51
2026,70,1548,9.83
2026,70,1618,12.03
2026,70,1648,8.74
2026,70,1718,11.73
2026,70,1748,11.71
2026,70,1818,12.87
2026,70,1848,13.73
2026,70,1918,13.96
2026,70,1948,12.07
2026,70,2018,12.71
2026,70,2048,12.19
2026,70,2118,12.26
2026,70,2148,12.96
2026,70,2218,11.09
2026,70,2248,10.77
2026,70,2318,11.43
2026,70,2348,10.46
2026,71,18,10.74
2026,71,48,10.14
2026,71,118,10.94
2026,71,148,9.12
2026,71,218,10.72
2026,71,248,9.41
2026,71,318,9.78
2026,71,348,10.13
2026,71,418,9.87
2026,71,448,9.68
2026,71,518,11.93
2026,71,548,10.18
2026,71,618,10.95
2026,71,648,11.31
2026,71,718,12.25
2026,71,748,9.75
2026,71,818,9.13
2026,71,848,8.93
2026,71,918,8.77
2026,71,948,9.61
2026,71,1018,9.87
2026,71,1048,11.63
2026,71,1118,10.77
2026,71,1148,10.18
2026,71,1218,10.92
2026,71,1248,9.15
2026,71,1318,8.99
2026,71,1348,9.68
2026,71,1418,6.78
2026,71,1448,10.52
2026,71,1518,9.79
2026,71,1548,12.70
2026,71,1618,11.39
2026,71,1648,12.38
2026,71,1718,11.72
2026,71,1748,10.29
2026,71,1818,8.37
2026,71,1848,8.07
2026,71,1918,9.45
2026,71,1948,8.35
2026,71,2018,8.83
2026,71,2048,11.06
2026,71,2118,8.86
2026,71,2148,7.81
2026,71,2218,6.60
2026,71,2248,6.39
2026,71,2318,7.82
2026,71,2348,9.67
2026,72,18,6.71
2026,72,48,9.62
2026,72,118,8.51
2026,72,148,7.93
2026,72,218,7.73
2026,72,248,8.48
2026,72,318,9.65
2026,72,348,11.17
2026,72,418,11.12
2026,72,448,11.15
2026,72,518,10.38
2026,72,548,9.09
2026,72,618,9.25
2026,72,648,8.40
2026,72,718,9.29
2026,72,748,9.77
2026,72,818,11.06
2026,72,848,10.17
2026,72,918,9.73
2026,72,948,9.04
2026,72,1018,8.64
2026,72,1048,11.40
2026,72,1118,9.90
2026,72,1148,11.12
2026,72,1218,9.91
2026,72,1248,11.24
2026,72,1318,10.36
2026,72,1348,11.71
2026,72,1418,12.40
2026,72,1448,12.26
2026,72,1518,11.24
2026,72,1548,11.92
2026,72,1618,10.08
2026,72,1648,9.65
2026,72,1718,9.44
2026,72,1748,10.54
2026,72,1818,11.20
2026,72,1848,7.39
2026,72,1918,8.77
2026,72,1948,9.21
2026,72,2018,8.07
2026,72,2048,8.81
2026,72,2118,10.00
2026,72,2148,9.04
2026,72,2218,8.32
2026,72,2248,9.38
2026,72,2318,8.70
2026,72,2348,9.57
2026,73,18,10.64
2026,73,48,8.66
2026,73,118,8.96
2026,73,148,9.03
2026,73,218,8.34
2026,73,248,7.27
2026,73,318,7.76
2026,73,348,7.80
2026,73,418,7.45
2026,73,448,8.07
2026,73,518,8.51
2026,73,548,8.71
2026,73,618,8.30
2026,73,648,7.85
2026,73,718,7.56
2026,73,748,7.75
2026,73,818,7.71
2026,73,848,7.99
2026,73,918,8.17
2026,73,948,8.02
2026,73,1018,9.16
2026,73,1048,7.39
2026,73,1118,8.03
2026,73,1148,6.71
2026,73,1218,6.85
2026,73,1248,7.26
2026,73,1318,8.01
2026,73,1348,7.29
2026,73,1418,6.57
2026,73,1448,5.90
2026,73,1518,5.53
2026,73,1548,6.03
2026,73,1618,5.63
2026,73,1648,6.23
2026,73,1718,6.26
2026,73,1748,6.33
2026,73,1818,5.80
2026,73,1848,5.81
2026,73,1918,6.13
2026,73,1948,6.83
2026,73,2018,5.83
2026,73,2048,5.34
2026,73,2118,5.33
2026,73,2148,4.82
2026,73,2218,5.09
2026,73,2248,6.17
2026,73,2318,6.16
2026,73,2348,5.72
2026,74,18,6.28
2026,74,48,7.40
2026,74,118,5.45
2026,74,148,6.88
2026,74,218,6.61
2026,74,248,9.50
2026,74,318,8.88
2026,74,348,10.59
2026,74,418,10.91
2026,74,448,7.82
2026,74,518,9.47
2026,74,548,8.73
2026,74,618,7.60
2026,74,648,7.14
2026,74,718,7.64
2026,74,748,8.95
2026,74,818,9.08
2026,74,848,8.40
2026,74,918,8.95
2026,74,948,10.88
2026,74,1018,12.07
2026,74,1048,9.64
2026,74,1118,11.09
2026,74,1148,12.28
2026,74,1218,13.30
2026,74,1248,9.16
2026,74,1318,8.82
2026,74,1348,9.97
2026,74,1418,8.44
2026,74,1448,9.29
2026,74,1518,9.88
2026,74,1548,8.37
2026,74,1618,10.17
2026,74,1648,11.01
2026,74,1718,9.01
2026,74,1748,9.30
2026,74,1818,9.45
2026,74,1848,8.21
2026,74,1918,10.18
2026,74,1948,10.17
2026,74,2018,9.96
2026,74,2048,10.28
2026,74,2118,9.21
2026,74,2148,8.23
2026,74,2218,9.40
2026,74,2248,7.42
2026,74,2318,9.07
2026,74,2348,9.38
2026,75,18,9.72
2026,75,48,10.08
2026,75,118,9.57
2026,75,148,11.15
2026,75,218,8.74
2026,75,248,10.89
2026,75,318,9.65
2026,75,348,9.34
2026,75,418,9.97
2026,75,448,10.24
2026,75,518,7.87
2026,75,548,8.53
2026,75,618,9.41
2026,75,648,9.99
2026,75,718,10.35
2026,75,748,9.70
2026,75,818,10.52
2026,75,848,9.41
2026,75,918,10.20
2026,75,948,11.06
2026,75,1018,9.29
2026,75,1048,10.57
2026,75,1118,11.95
2026,75,1148,11.28
2026,75,1218,9.05
2026,75,1248,9.52
2026,75,1318,7.06
2026,75,1348,7.69
2026,75,1418,8.59
2026,75,1448,8.22
2026,75,1518,7.61
2026,75,1548,7.04
2026,75,1618,6.37
2026,75,1648,6.89
2026,75,1718,8.41
2026,75,1748,8.71
2026,75,1818,8.44
2026,75,1848,10.86
2026,75,1918,10.93
2026,75,1948,12.61
2026,75,2018,12.81
2026,75,2048,12.89
2026,75,2118,14.56
2026,75,2148,10.68
2026,75,2218,12.19
2026,75,2248,11.77
2026,75,2318,11.52
2026,75,2348,10.41
2026,76,18,10.65
2026,76,48,12.93
2026,76,118,10.10
2026,76,148,10.41
2026,76,218,9.98
2026,76,248,11.80
2026,76,318,10.66
2026,76,348,12.47
2026,76,418,13.64
2026,76,448,12.95
2026,76,518,12.28
2026,76,548,12.57
2026,76,618,12.87
2026,76,648,11.17
2026,76,718,12.22
2026,76,748,12.85
2026,76,818,11.47
2026,76,848,11.14
2026,76,918,10.20
2026,76,948,11.42
2026,76,1018,11.17
2026,76,1048,11.96
2026,76,1118,11.69
2026,76,1148,12.99
2026,76,1218,12.83
2026,76,1248,11.56
2026,76,1318,11.11
2026,76,1348,11.38
2026,76,1418,10.67
2026,76,1448,10.67
2026,76,1518,10.85
2026,76,1548,10.88
2026,76,1618,10.10
2026,76,1648,9.67
2026,76,1718,10.59
2026,76,1748,10.59
2026,76,1818,9.72
2026,76,1848,9.24
2026,76,1918,9.32
2026,76,1948,8.23
2026,76,2018,7.61
2026,76,2048,9.20
2026,76,2118,8.70
2026,76,2148,9.13
2026,76,2218,8.88
2026,76,2248,8.98
2026,76,2318,8.58
2026,76,2348,8.75
2026,77,18,10.32
2026,77,48,10.47
2026,77,118,11.07
2026,77,148,10.23
2026,77,218,9.79
2026,77,248,12.60
2026,77,318,12.00
2026,77,348,9.58
2026,77,418,8.55
2026,77,448,6.97
2026,77,518,6.50
2026,77,548,6.87
2026,77,618,6.66
2026,77,648,6.75
2026,77,718,6.48
2026,77,748,4.96
2026,77,818,3.22
2026,77,848,2.68
2026,77,918,1.45
2026,77,948,1.14
2026,77,1018,1.75
2026,77,1048,1.52
2026,77,1118,4.17
2026,77,1148,2.91
2026,77,1218,2.45
2026,77,1248,3.29
2026,77,1318,3.86
2026,77,1348,4.46
2026,77,1418,3.60
2026,77,1448,2.99
2026,77,1518,2.77
2026,77,1548,2.21
2026,77,1618,3.25
2026,77,1648,2.67
2026,77,1718,2.62
2026,77,1748,3.27
2026,77,1818,2.82
2026,77,1848,3.02
2026,77,1918,3.40
2026,77,1948,3.23
2026,77,2018,3.74
2026,77,2048,3.93
2026,77,2118,3.19
2026,77,2148,3.05
2026,77,2218,2.13
2026,77,2248,2.55
2026,77,2318,1.49
2026,77,2348,1.77
2026,78,18,1.52
2026,78,48,0.44
2026,78,118,1.04
2026,78,148,0.56
2026,78,218,1.16
2026,78,248,1.73
2026,78,318,1.30
2026,78,348,2.21
2026,78,418,2.08
2026,78,448,1.61
2026,78,518,1.72
2026,78,548,1.59
2026,78,618,1.73
2026,78,648,1.31
2026,78,718,1.64
2026,78,748,2.63
2026,78,818,2.26
2026,78,848,2.96
2026,78,918,3.36
2026,78,948,3.12
2026,78,1018,2.78
2026,78,1048,2.30
2026,78,1118,2.26
2026,78,1148,1.45
2026,78,1218,2.13
2026,78,1248,1.60
2026,78,1318,1.50
2026,78,1348,2.57
2026,78,1418,1.93
2026,78,1448,2.36
2026,78,1518,2.82
2026,78,1548,2.78
2026,78,1618,2.39
2026,78,1648,1.86
2026,78,1718,3.24
2026,78,1748,2.73
2026,78,1818,2.90
2026,78,1848,2.62
2026,78,1918,2.94
2026,78,1948,3.00
2026,78,2018,2.51
2026,78,2048,3.14
2026,78,2118,3.25
2026,78,2148,3.61
2026,78,2218,3.57
2026,78,2248,3.31
2026,78,2318,3.76
2026,78,2348,4.15
2026,79,18,4.30
2026,79,48,4.53
2026,79,118,5.02
2026,79,148,5.16
2026,79,218,5.60
2026,79,248,5.01
2026,79,318,4.77
2026,79,348,4.66
2026,79,418,4.37
2026,79,448,4.85
2026,79,518,5.77
2026,79,548,4.45
2026,79,618,4.58
2026,79,648,3.61
2026,79,718,6.35
2026,79,748,6.95
2026,79,818,6.75
2026,79,848,7.11
2026,79,918,6.93
2026,79,948,7.23
2026,79,1018,7.73
2026,79,1048,7.81
2026,79,1118,7.63
2026,79,1148,7.61
2026,79,1218,8.40
2026,79,1248,7.21
2026,79,1318,6.24
2026,79,1348,5.51
2026,79,1418,6.86
2026,79,1448,6.60
2026,79,1518,7.82
2026,79,1548,6.31
2026,79,1618,5.62
2026,79,1648,6.28
2026,79,1718,4.35
2026,79,1748,6.01
2026,79,1818,4.99
2026,79,1848,6.66
2026,79,1918,7.98
2026,79,1948,7.67
2026,79,2018,7.43
2026,79,2048,8.04
2026,79,2118,6.39
2026,79,2148,9.17
2026,79,2218,8.23
2026,79,2248,8.98
2026,79,2318,9.25
2026,79,2348,8.84
2026,80,18,7.59
2026,80,48,8.53
2026,80,118,4.55
2026,80,148,5.08
2026,80,218,4.64
2026,80,248,4.42
2026,80,318,4.46
2026,80,348,3.65
2026,80,418,3.28
2026,80,448,4.27
2026,80,518,3.51
2026,80,548,4.27
2026,80,618,3.09
2026,80,648,3.62
2026,80,718,3.82
2026,80,748,3.81
2026,80,818,4.43
2026,80,848,3.48
2026,80,918,3.44
2026,80,948,3.33
2026,80,1018,2.65
2026,80,1048,1.47
2026,80,1118,1.10
2026,80,1148,1.63
2026,80,1218,1.56
2026,80,1248,2.07
2026,80,1318,2.54
2026,80,1348,1.60
2026,80,1418,2.99
2026,80,1448,4.29
2026,80,1518,2.57
2026,80,1548,3.51
2026,80,1618,3.64
2026,80,1648,5.01
2026,80,1718,5.11
2026,80,1748,4.93
2026,80,1818,5.74
2026,80,1848,6.21
2026,80,1918,5.61
2026,80,1948,7.13
2026,80,2018,6.94
2026,80,2048,7.79
2026,80,2118,7.98
2026,80,2148,10.14
2026,80,2218,10.30
2026,80,2248,11.27
2026,80,2318,9.91
2026,80,2348,9.78
2026,81,18,9.75
2026,81,48,8.03
2026,81,118,9.15
2026,81,148,9.62
2026,81,218,10.32
2026,81,248,9.41
2026,81,318,8.39
2026,81,348,6.59
2026,81,418,7.45
2026,81,448,5.08
2026,81,518,6.42
2026,81,548,7.90
2026,81,618,6.99
2026,81,648,7.89
2026,81,718,6.41
2026,81,748,8.28
2026,81,818,6.51
2026,81,848,8.07
2026,81,918,6.44
2026,81,948,5.03
2026,81,1018,5.70
2026,81,1048,5.87
2026,81,1118,7.81
2026,81,1148,9.18
2026,81,1218,8.58
2026,81,1248,6.80
2026,81,1318,7.43
2026,81,1348,9.27
2026,81,1418,8.99
2026,81,1448,7.65
2026,81,1518,7.89
2026,81,1548,8.37
2026,81,1618,7.80
2026,81,1648,8.50
2026,81,1718,6.16
2026,81,1748,7.26
2026,81,1818,7.83
2026,81,1848,8.87
2026,81,1918,6.35
2026,81,1948,5.88
2026,81,2018,5.92
2026,81,2048,5.93
2026,81,2118,6.81
2026,81,2148,6.03
2026,81,2218,6.19
2026,81,2248,7.45
2026,81,2318,6.82
2026,81,2348,7.74
2026,82,18,6.96
2026,82,48,6.19
2026,82,118,6.88
2026,82,148,7.09
2026,82,218,7.33
2026,82,248,6.96
2026,82,318,6.21
2026,82,348,6.34
2026,82,418,6.31
2026,82,448,5.32
2026,82,518,5.52
2026,82,548,4.94
2026,82,618,3.80
2026,82,648,3.65
2026,82,718,4.46
2026,82,748,4.64
2026,82,818,3.80
2026,82,848,2.07
2026,82,918,4.66
2026,82,948,4.04
2026,82,1018,4.51
2026,82,1048,5.25
2026,82,1118,8.21
2026,82,1148,8.36
2026,82,1218,7.47
2026,82,1248,8.66
2026,82,1318,8.31
2026,82,1348,9.16
2026,82,1418,8.88
2026,82,1448,9.62
2026,82,1518,9.70
2026,82,1548,6.78
2026,82,1618,7.60
2026,82,1648,9.36
2026,82,1718,10.89
2026,82,1748,9.13
2026,82,1818,12.14
2026,82,1848,11.46
2026,82,1918,12.58
2026,82,1948,12.66
2026,82,2018,13.68
2026,82,2048,14.03
2026,82,2118,13.15
2026,82,2148,12.98
2026,82,2218,14.07
2026,82,2248,12.66
2026,82,2318,15.86
2026,82,2348,15.07
2026,83,18,15.95
2026,83,48,15.39
2026,83,118,16.46
2026,83,148,15.73
2026,83,218,16.10
2026,83,248,11.84
2026,83,318,9.51
2026,83,348,14.43
2026,83,418,12.24
2026,83,448,11.85
2026,83,518,11.38
2026,83,548,10.70
2026,83,618,12.66
2026,83,648,11.01
2026,83,718,11.40
2026,83,748,9.81
2026,83,818,10.42
2026,83,848,11.56
2026,83,918,8.88
2026,83,948,10.39
2026,83,1018,13.76
2026,83,1048,11.66
2026,83,1118,9.43
2026,83,1148,8.98
2026,83,1218,9.49
2026,83,1248,6.24
2026,83,1318,7.15
2026,83,1348,5.43
2026,83,1418,4.84
2026,83,1448,4.04
2026,83,1518,3.89
2026,83,1548,4.64
2026,83,1618,4.60
2026,83,1648,7.48
2026,83,1718,7.34
2026,83,1748,7.79
2026,83,1818,7.63
2026,83,1848,6.01
2026,83,1918,7.06
2026,83,1948,7.81
2026,83,2018,8.81
2026,83,2048,8.16
2026,83,2118,7.74
2026,83,2148,8.48
2026,83,2218,8.94
2026,83,2248,7.95
2026,83,2318,7.67
2026,83,2348,9.08
2026,84,18,8.30
2026,84,48,7.94
2026,84,118,8.92
2026,84,148,8.87
2026,84,218,8.72
2026,84,248,8.44
2026,84,318,8.47
2026,84,348,7.64
2026,84,418,9.29
2026,84,448,7.81
2026,84,518,7.69
2026,84,548,8.18
2026,84,618,7.25
2026,84,648,7.32
2026,84,718,7.15
2026,84,748,7.29
2026,84,818,8.03
2026,84,848,7.01
2026,84,918,9.13
2026,84,948,9.31
2026,84,1018,8.13
2026,84,1048,6.59
2026,84,1118,6.84
2026,84,1148,5.77
2026,84,1218,6.00
2026,84,1248,5.08
2026,84,1318,8.01
2026,84,1348,6.95
2026,84,1418,10.07
2026,84,1448,9.82
2026,84,1518,6.77
2026,84,1548,5.70
2026,84,1618,8.34
2026,84,1648,5.34
2026,84,1718,5.36
2026,84,1748,5.54
2026,84,1818,3.99
2026,84,1848,3.42
2026,84,1918,3.10
2026,84,1948,2.93
2026,84,2018,2.52
2026,84,2048,3.08
2026,84,2118,2.29
2026,84,2148,3.41
2026,84,2218,2.52
2026,84,2248,3.05
2026,84,2318,4.47
2026,84,2348,3.60
2026,85,18,3.44
2026,85,48,3.79
2026,85,118,5.36
2026,85,148,5.76
2026,85,218,5.33
2026,85,248,6.25
2026,85,318,5.76
2026,85,348,4.87
2026,85,418,6.10
2026,85,448,4.68
2026,85,518,5.99
2026,85,548,6.84
2026,85,618,6.02
2026,85,648,5.99
2026,85,718,6.44
2026,85,748,6.15
2026,85,818,6.95
2026,85,848,6.91
2026,85,918,7.14
2026,85,948,6.87
2026,85,1018,5.95
2026,85,1048,6.45
2026,85,1118,5.61
2026,85,1148,5.33
2026,85,1218,4.26
2026,85,1248,3.16
2026,85,1318,4.39
2026,85,1348,5.24
2026,85,1418,7.31
2026,85,1448,5.10
2026,85,1518,5.25
2026,85,1548,6.29
2026,85,1618,7.85
2026,85,1648,7.81
2026,85,1718,7.67
2026,85,1748,7.40
2026,85,1818,8.32
2026,85,1848,7.91
2026,85,1918,7.67
2026,85,1948,8.39
2026,85,2018,8.21
2026,85,2048,9.17
2026,85,2118,9.14
2026,85,2148,10.15
2026,85,2218,11.38
2026,85,2248,10.26
2026,85,2318,9.70
2026,85,2348,8.74
2026,86,18,8.79
2026,86,48,7.89
2026,86,118,7.11
2026,86,148,6.16
2026,86,218,6.58
2026,86,248,6.16
2026,86,318,6.87
2026,86,348,7.23
2026,86,418,7.58
2026,86,448,8.23
2026,86,518,8.23
2026,86,548,10.36
2026,86,618,8.02
2026,86,648,10.47
2026,86,718,6.80
2026,86,748,7.06
2026,86,818,10.34
2026,86,848,7.66
2026,86,918,8.32
2026,86,948,8.29
2026,86,1018,9.39
2026,86,1048,9.98
2026,86,1118,9.79
2026,86,1148,8.46
2026,86,1218,8.09
2026,86,1248,10.38
2026,86,1318,10.46
2026,86,1348,11.08
2026,86,1418,7.40
2026,86,1448,8.86
2026,86,1518,9.76
2026,86,1548,8.97
2026,86,1618,9.08
2026,86,1648,10.27
2026,86,1718,9.17
2026,86,1748,9.06
2026,86,1818,9.56
2026,86,1848,9.60
2026,86,1918,9.16
2026,86,1948,9.24
2026,86,2018,7.27
2026,86,2048,9.91
2026,86,2118,10.21
2026,86,2148,9.00
2026,86,2218,7.01
2026,86,2248,8.44
2026,86,2318,10.00
2026,86,2348,10.42
2026,87,18,11.91
2026,87,48,11.87
2026,87,118,12.60
2026,87,148,11.53
2026,87,218,13.64
2026,87,248,13.44
2026,87,318,13.06
2026,87,348,11.05
2026,87,418,13.03
2026,87,448,13.29
2026,87,518,12.81
2026,87,548,11.18
2026,87,618,11.85
2026,87,648,10.48
2026,87,718,10.17
2026,87,748,9.43
2026,87,818,9.26
2026,87,848,7.16
2026,87,918,8.52
2026,87,948,8.67
2026,87,1018,10.40
2026,87,1048,10.18
2026,87,1118,8.93
2026,87,1148,10.88
2026,87,1218,8.68
2026,87,1248,10.64
2026,87,1318,9.07
2026,87,1348,11.66
2026,87,1418,7.77
2026,87,1448,9.11
2026,87,1518,9.84
2026,87,1548,6.93
2026,87,1618,8.86
2026,87,1648,8.39
2026,87,1718,8.59
2026,87,1748,9.24
2026,87,1818,9.95
2026,87,1848,8.69
2026,87,1918,8.71
2026,87,1948,9.52
2026,87,2018,8.68
2026,87,2048,7.44
2026,87,2118,8.01
2026,87,2148,7.45
2026,87,2218,8.41
2026,87,2248,6.42
2026,87,2318,7.39
2026,87,2348,7.33
2026,88,18,7.09
2026,88,48,6.71
2026,88,118,7.31
2026,88,148,10.14
2026,88,218,10.75
2026,88,248,10.43
2026,88,318,9.83
2026,88,348,8.73
2026,88,418,9.24
2026,88,448,9.92
2026,88,518,10.64
2026,88,548,11.20
2026,88,618,13.03
2026,88,648,12.71
2026,88,718,12.64
2026,88,748,11.85
2026,88,818,11.44
2026,88,848,9.97
2026,88,918,16.56
2026,88,948,11.85
2026,88,1018,13.21
2026,88,1048,11.48
2026,88,1118,13.80
2026,88,1148,9.34
2026,88,1218,11.02
2026,88,1248,10.43
2026,88,1318,12.63
2026,88,1348,9.40
2026,88,1418,13.02
2026,88,1448,10.86
2026,88,1518,12.07
2026,88,1548,12.39
2026,88,1618,11.30
2026,88,1648,10.17
2026,88,1718,9.98
2026,88,1748,10.29
2026,88,1818,11.20
2026,88,1848,12.54
2026,88,1918,11.58
2026,88,1948,10.47
2026,88,2018,9.59
2026,88,2048,9.95
2026,88,2118,10.39
2026,88,2148,10.55
2026,88,2218,8.86
2026,88,2248,9.80
2026,88,2318,8.97
2026,88,2348,10.05
2026,89,18,8.37
2026,89,48,10.44
2026,89,118,10.00
2026,89,148,11.42
2026,89,218,9.76
2026,89,248,9.04
2026,89,318,10.43
2026,89,348,10.25
2026,89,418,11.14
2026,89,448,11.65
2026,89,518,9.60
2026,89,548,10.64
2026,89,618,10.67
2026,89,648,8.03
2026,89,718,8.41
2026,89,748,9.92
2026,89,818,8.55
2026,89,848,10.43
2026,89,918,11.02
2026,89,948,10.94
2026,89,1018,11.32
2026,89,1048,11.18
2026,89,1118,10.33
2026,89,1148,11.28
2026,89,1218,12.21
2026,89,1248,12.44
2026,89,1318,11.09
2026,89,1348,11.61
2026,89,1418,12.70
2026,89,1448,13.13
2026,89,1518,14.19
2026,89,1548,14.83
2026,89,1618,14.52
2026,89,1648,10.85
2026,89,1718,10.39
2026,89,1748,11.85
2026,89,1818,12.17
2026,89,1848,10.00
2026,89,1918,10.80
2026,89,1948,9.87
2026,89,2018,9.27
2026,89,2048,9.55
2026,89,2118,10.14
2026,89,2148,9.20
2026,89,2218,8.92
2026,89,2248,8.18
2026,89,2318,8.63
2026,89,2348,11.19
2026,90,18,10.04
2026,90,48,9.71
2026,90,118,10.01
2026,90,148,9.57
2026,90,218,10.11
2026,90,248,9.60
2026,90,318,10.01
2026,90,348,11.13
2026,90,418,10.04
2026,90,448,10.75
2026,90,518,10.46
2026,90,548,10.58
2026,90,618,9.67
2026,90,648,9.24
2026,90,718,9.73
2026,90,748,9.09
2026,90,818,9.37
2026,90,848,6.80
2026,90,918,6.71
2026,90,948,8.55
2026,90,1018,8.32
2026,90,1048,8.59
2026,90,1118,7.02
2026,90,1148,6.75
2026,90,1218,6.88
2026,90,1248,6.91
2026,90,1318,7.21
2026,90,1348,5.05
2026,90,1418,5.53
2026,90,1448,5.06
2026,90,1518,5.08
2026,90,1548,4.98
2026,90,1618,3.70
2026,90,1648,7.94
2026,90,1718,7.97
2026,90,1748,8.88
2026,90,1818,8.14
2026,90,1848,8.63
2026,90,1918,7.21
2026,90,1948,6.87
2026,90,2018,6.46
2026,90,2048,2.14
2026,90,2118,4.23
2026,90,2148,3.78
2026,90,2218,5.99
2026,90,2248,6.31
2026,90,2318,3.21
2026,90,2348,4.94
2026,91,18,7.71
2026,91,48,8.29
2026,91,118,5.82
2026,91,148,7.96
2026,91,218,12.14
2026,91,248,10.82
2026,91,318,10.75
2026,91,348,11.06
2026,91,418,9.33
2026,91,448,10.84
2026,91,518,8.27
2026,91,548,10.85
2026,91,618,12.10
2026,91,648,11.62
2026,91,718,5.96
2026,91,748,10.36
2026,91,818,9.35
2026,91,848,8.75
2026,91,918,8.04
2026,91,948,7.97
2026,91,1018,7.43
2026,91,1048,7.47
2026,91,1118,7.48
2026,91,1148,6.41
2026,91,1218,5.04
2026,91,1248,5.19
2026,91,1318,4.78
2026,91,1348,4.34
2026,91,1418,4.18
2026,91,1448,5.57
2026,91,1518,4.60
2026,91,1548,4.89
2026,91,1618,5.52
2026,91,1648,5.87
2026,91,1718,6.36
2026,91,1748,6.71
2026,91,1818,5.58
2026,91,1848,5.87
2026,91,1918,6.21
2026,91,1948,5.90
2026,91,2018,5.11
2026,91,2048,5.44
2026,91,2118,6.55
2026,91,2148,5.81
2026,91,2218,4.70
2026,91,2248,4.63
2026,91,2318,4.11
2026,91,2348,3.65
2026,92,18,3.57
2026,92,48,3.58
2026,92,118,3.18
2026,92,148,4.34
2026,92,218,4.06
2026,92,248,4.40
2026,92,318,3.75
2026,92,348,2.78
2026,92,418,3.84
2026,92,448,3.58
2026,92,518,3.21
2026,92,548,3.10
2026,92,618,2.75
2026,92,648,2.87
2026,92,718,1.81
2026,92,748,0.22
2026,92,818,0.27
2026,92,848,0.28
2026,92,918,0.46
2026,92,948,1.13
2026,92,1018,1.50
2026,92,1048,2.64
2026,92,1118,3.79
2026,92,1148,3.79
2026,92,1218,3.56
2026,92,1248,4.53
2026,92,1318,5.09
2026,92,1348,7.05
2026,92,1418,6.42
2026,92,1448,6.47
2026,92,1518,7.20
2026,92,1548,7.73
2026,92,1618,8.35
2026,92,1648,9.45
2026,92,1718,8.99
2026,92,1748,10.27
2026,92,1818,11.01
2026,92,1848,10.75
2026,92,1918,10.34
2026,92,1948,10.00
2026,92,2018,9.80
2026,92,2048,11.39
2026,92,2118,11.35
2026,92,2148,9.92
2026,92,2218,10.74
2026,92,2248,10.29
2026,92,2318,10.07
2026,92,2348,10.81
2026,93,18,12.13
2026,93,48,10.19
2026,93,118,9.94
2026,93,148,8.91
2026,93,218,6.76
2026,93,248,5.90
2026,93,318,6.30
2026,93,348,7.47
2026,93,418,10.46
2026,93,448,10.86
2026,93,518,10.72
2026,93,548,10.23
2026,93,618,8.93
2026,93,648,8.79
2026,93,718,10.26
2026,93,748,8.08
2026,93,818,7.40
2026,93,848,6.68
2026,93,918,6.30
2026,93,948,6.60
2026,93,1018,6.56
2026,93,1048,5.59
2026,93,1118,4.78
2026,93,1148,3.94
2026,93,1218,3.85
2026,93,1248,2.91
2026,93,1318,3.08
2026,93,1348,6.10
2026,93,1418,5.83
2026,93,1448,7.93
2026,93,1518,6.76
2026,93,1548,7.79
2026,93,1618,7.75
2026,93,1648,8.73
2026,93,1718,6.11
2026,93,1748,9.31
2026,93,1818,8.84
2026,93,1848,9.36
2026,93,1918,9.89
2026,93,1948,9.24
2026,93,2018,7.13
2026,93,2048,8.48
2026,93,2118,7.92
2026,93,2148,7.07
2026,93,2218,7.06
2026,93,2248,8.16
2026,93,2318,6.84
2026,93,2348,9.18
2026,94,18,7.07
2026,94,48,7.54
2026,94,118,9.15
2026,94,148,5.94
2026,94,218,5.54
2026,94,248,4.71
2026,94,318,5.36
2026,94,348,6.00
2026,94,418,5.07
2026,94,448,6.33
2026,94,518,5.57
2026,94,548,5.97
2026,94,618,4.36
2026,94,648,6.68
2026,94,718,5.43
2026,94,748,6.24
2026,94,818,7.10
2026,94,848,5.51
2026,94,918,5.39
2026,94,948,3.83
2026,94,1018,3.62
2026,94,1048,3.05
2026,94,1118,3.38
2026,94,1148,5.42
2026,94,1218,5.83
2026,94,1248,6.25
2026,94,1318,4.90
2026,94,1348,5.36
2026,94,1418,6.43
2026,94,1448,7.96
2026,94,1518,8.42
2026,94,1548,9.07
2026,94,1618,9.15
2026,94,1648,9.87
2026,94,1718,11.04
2026,94,1748,11.31
2026,94,1818,10.59
2026,94,1848,11.80
2026,94,1918,10.41
2026,94,1948,11.58
2026,94,2018,10.01
2026,94,2048,8.49
2026,94,2118,8.36
2026,94,2148,7.52
2026,94,2218,5.71
2026,94,2248,5.39
2026,94,2318,6.43
2026,94,2348,5.27
2026,95,18,10.14
2026,95,48,8.48
2026,95,118,15.06
2026,95,148,15.87
2026,95,218,16.50
2026,95,248,14.75
2026,95,318,12.15
2026,95,348,10.91
2026,95,418,12.54
2026,95,448,11.95
2026,95,518,9.22
2026,95,548,10.05
2026,95,618,7.07
2026,95,648,7.97
2026,95,718,9.64
2026,95,748,7.30
2026,95,818,7.09
2026,95,848,6.79
2026,95,918,9.83
2026,95,948,9.67
2026,95,1018,10.09
2026,95,1048,8.08
2026,95,1118,8.69
2026,95,1148,9.88
2026,95,1218,9.67
2026,95,1248,8.46
2026,95,1318,9.20
2026,95,1348,9.88
2026,95,1418,10.70
2026,95,1448,8.64
2026,95,1518,10.21
2026,95,1548,10.75
2026,95,1618,10.25
2026,95,1648,10.93
2026,95,1718,8.17
2026,95,1748,8.36
2026,95,1818,8.28
2026,95,1848,8.77
2026,95,1918,8.06
2026,95,1948,9.84
2026,95,2018,9.43
2026,95,2048,8.10
2026,95,2118,10.12
2026,95,2148,10.25
2026,95,2218,9.71
2026,95,2248,10.67
2026,95,2318,10.28
2026,95,2348,10.16
2026,96,18,8.46
2026,96,48,9.79
2026,96,118,8.30
2026,96,148,7.80
2026,96,218,8.85
2026,96,248,8.84
2026,96,318,8.16
2026,96,348,8.14
2026,96,418,5.73
2026,96,448,6.31
2026,96,518,5.81
2026,96,548,7.25
2026,96,618,5.14
2026,96,648,4.65
2026,96,718,3.55
2026,96,748,2.76
2026,96,818,4.17
2026,96,848,2.81
2026,96,918,3.39
2026,96,948,4.80
2026,96,1018,2.90
2026,96,1048,4.48
2026,96,1118,3.65
2026,96,1148,4.09
2026,96,1218,3.48
2026,96,1248,5.14
2026,96,1318,5.53
2026,96,1348,5.40
2026,96,1418,4.92
2026,96,1448,4.99
2026,96,1518,5.14
2026,96,1548,6.01
2026,96,1618,6.57
2026,96,1648,5.12
2026,96,1718,5.83
2026,96,1748,5.87
2026,96,1818,6.44
2026,96,1848,4.45
2026,96,1918,6.35
2026,96,1948,4.56
2026,96,2018,6.37
2026,96,2048,6.54
2026,96,2118,7.85
2026,96,2148,9.65
2026,96,2218,8.29
2026,96,2248,8.15
2026,96,2318,8.40
2026,96,2348,9.16
2026,97,18,7.34
2026,97,48,7.83
2026,97,118,5.56
2026,97,148,5.83
2026,97,218,4.92
2026,97,248,5.60
2026,97,318,5.57
2026,97,348,7.54
2026,97,418,8.04
2026,97,448,7.93
2026,97,518,8.02
2026,97,548,7.32
2026,97,618,6.67
2026,97,648,6.95
2026,97,718,5.52
2026,97,748,6.25
2026,97,818,7.08
2026,97,848,7.65
2026,97,918,6.95
2026,97,948,7.53
2026,97,1018,7.58
2026,97,1048,7.72
2026,97,1118,8.31
2026,97,1148,8.48
2026,97,1218,8.16
2026,97,1248,7.70
2026,97,1318,9.05
2026,97,1348,9.53
2026,97,1418,9.24
2026,97,1448,10.14
2026,97,1518,8.90
2026,97,1548,8.16
2026,97,1618,8.52
2026,97,1648,9.94
2026,97,1718,8.68
2026,97,1748,7.43
2026,97,1818,7.93
2026,97,1848,7.16
2026,97,1918,7.82
2026,97,1948,8.13
2026,97,2018,11.07
2026,97,2048,11.80
2026,97,2118,9.08
2026,97,2148,8.36
2026,97,2218,8.64
2026,97,2248,8.62
2026,97,2318,8.64
2026,97,2348,7.30
2026,98,18,7.20
2026,98,48,7.09
2026,98,118,6.62
2026,98,148,7.13
2026,98,218,7.88
2026,98,248,6.10
2026,98,318,5.69
2026,98,348,3.88
2026,98,418,5.20
2026,98,448,6.45
2026,98,518,6.13
2026,98,548,4.74
2026,98,618,4.30
2026,98,648,5.99
2026,98,718,4.77
2026,98,748,2.93
2026,98,818,3.29
2026,98,848,2.49
2026,98,918,2.91
2026,98,948,2.76
2026,98,1018,5.11
2026,98,1048,6.21
2026,98,1118,6.50
2026,98,1148,6.47
2026,98,1218,5.23
2026,98,1248,7.25
2026,98,1318,6.21
2026,98,1348,5.94
2026,98,1418,6.00
2026,98,1448,6.32
2026,98,1518,5.67
2026,98,1548,4.44
2026,98,1618,4.97
2026,98,1648,6.10
2026,98,1718,4.68
2026,98,1748,4.90
2026,98,1818,5.23
2026,98,1848,6.17
2026,98,1918,6.67
2026,98,1948,6.18
2026,98,2018,5.34
2026,98,2048,6.17
2026,98,2118,6.77
2026,98,2148,7.85
2026,98,2218,7.90
2026,98,2248,7.72
2026,98,2318,7.41
2026,98,2348,8.64
2026,99,18,8.68
2026,99,48,8.39
2026,99,118,8.27
2026,99,148,8.10
2026,99,218,5.88
2026,99,248,6.30
2026,99,318,5.19
2026,99,348,5.81
2026,99,418,4.79
2026,99,448,4.73
2026,99,518,4.53
2026,99,548,3.97
2026,99,618,3.90
2026,99,648,4.35
2026,99,718,5.15
2026,99,748,3.62
2026,99,818,4.93
2026,99,848,3.77
2026,99,918,4.77
2026,99,948,3.51
2026,99,1018,4.69
2026,99,1048,4.60
2026,99,1118,2.86
2026,99,1148,4.42
2026,99,1218,5.66
2026,99,1248,5.90
2026,99,1318,5.86
2026,99,1348,6.29
2026,99,1418,6.41
2026,99,1448,8.34
2026,99,1518,6.66
2026,99,1548,5.52
2026,99,1618,5.29
2026,99,1648,6.54
2026,99,1718,5.99
2026,99,1748,7.29
2026,99,1818,7.79
2026,99,1848,8.48
2026,99,1918,7.12
2026,99,1948,6.38
2026,99,2018,6.97
2026,99,2048,8.68
2026,99,2118,7.79
2026,99,2148,8.50
2026,99,2218,8.59
2026,99,2248,8.32
2026,99,2318,9.39
2026,99,2348,8.98
2026,100,18,9.35
2026,100,48,8.95
2026,100,118,9.20
2026,100,148,10.17
2026,100,218,9.13
2026,100,248,9.79
2026,100,318,9.80
2026,100,348,6.19
2026,100,418,7.89
2026,100,448,8.08
2026,100,518,8.18
2026,100,548,7.91
2026,100,618,7.23
2026,100,648,5.87
2026,100,718,5.31
2026,100,748,5.33
2026,100,818,4.85
2026,100,848,6.19
2026,100,918,4.55
2026,100,948,4.59
2026,100,1018,4.37
2026,100,1048,1.38
2026,100,1118,0.12
2026,100,1148,2.25
2026,100,1218,3.05
2026,100,1248,3.52
2026,100,1318,4.28
2026,100,1348,4.69
2026,100,1418,5.94
2026,100,1448,5.76
2026,100,1518,6.88
2026,100,1548,6.72
2026,100,1618,7.81
2026,100,1648,9.31
2026,100,1718,11.55
2026,100,1748,12.52
2026,100,1818,12.45
2026,100,1848,15.67
2026,100,1918,14.34
2026,100,1948,15.62
2026,100,2018,16.38
2026,100,2048,14.68
2026,100,2118,15.95
2026,100,2148,17.64
2026,100,2218,21.00
2026,100,2248,17.47
2026,100,2318,18.37
2026,100,2348,15.92
2026,101,18,14.33
2026,101,48,14.80
2026,101,118,12.92
2026,101,148,14.01
2026,101,218,14.36
2026,101,248,14.66
2026,101,318,13.27
2026,101,348,11.80
2026,101,418,12.81
2026,101,448,10.14
2026,101,518,10.08
2026,101,548,6.73
2026,101,618,7.38
2026,101,648,4.87
2026,101,718,8.35
2026,101,748,8.05
2026,101,818,6.82
2026,101,848,6.71
2026,101,918,11.25
2026,101,948,8.96
2026,101,1018,11.47
2026,101,1048,10.29
2026,101,1118,11.96
2026,101,1148,12.72
2026,101,1218,12.92
2026,101,1248,13.50
2026,101,1318,11.94
2026,101,1348,11.25
2026,101,1418,11.32
2026,101,1448,11.06
2026,101,1518,12.12
2026,101,1548,12.99
2026,101,1618,11.76
2026,101,1648,11.77
2026,101,1718,13.03
2026,101,1748,12.10
2026,101,1818,13.65
2026,101,1848,11.94
2026,101,1918,12.06
2026,101,1948,13.50
2026,101,2018,11.42
2026,101,2048,11.22
2026,101,2118,11.52
2026,101,2148,13.16
2026,101,2218,14.30
2026,101,2248,13.80
2026,101,2318,11.87
2026,101,2348,10.77
2026,102,18,11.85
2026,102,48,12.31
2026,102,118,9.29
2026,102,148,10.55
2026,102,218,10.11
2026,102,248,9.49
2026,102,318,5.98
2026,102,348,6.10
2026,102,418,7.78
2026,102,448,8.50
2026,102,518,7.20
2026,102,548,8.68
2026,102,618,7.84
2026,102,648,7.25
2026,102,718,6.54
2026,102,748,5.92
2026,102,818,9.50
2026,102,848,10.87
2026,102,918,11.82
2026,102,948,10.64
2026,102,1018,8.21
2026,102,1048,9.47
2026,102,1118,11.22
2026,102,1148,9.89
2026,102,1218,9.90
2026,102,1248,10.04
2026,102,1318,7.93
2026,102,1348,9.66
2026,102,1418,9.74
2026,102,1448,9.24
2026,102,1518,9.92
2026,102,1548,11.44
2026,102,1618,10.45
2026,102,1648,10.45
2026,102,1718,12.87
2026,102,1748,11.68
2026,102,1818,12.37
2026,102,1848,10.96
2026,102,1918,11.95
2026,102,1948,9.83
2026,102,2018,9.68
2026,102,2048,10.74
2026,102,2118,9.60
2026,102,2148,9.93
2026,102,2218,8.50
2026,102,2248,8.66
2026,102,2318,8.45
2026,102,2348,8.97
2026,103,18,7.35
2026,103,48,8.25
2026,103,118,6.81
2026,103,148,7.69
2026,103,218,6.71
2026,103,248,7.51
2026,103,318,8.57
2026,103,348,8.84
2026,103,418,6.53
2026,103,448,6.20
2026,103,518,6.78
2026,103,548,6.99
2026,103,618,8.22
2026,103,648,6.52
2026,103,718,6.44
2026,103,748,5.61
2026,103,818,5.87
2026,103,848,5.37
2026,103,918,5.36
2026,103,948,5.45
2026,103,1018,5.05
2026,103,1048,5.17
2026,103,1118,5.59
2026,103,1148,5.36
2026,103,1218,4.70
2026,103,1248,6.00
2026,103,1318,4.19
2026,103,1348,5.82
2026,103,1418,6.39
2026,103,1448,5.94
2026,103,1518,8.24
2026,103,1548,7.01
2026,103,1618,8.15
2026,103,1648,7.89
2026,103,1718,7.42
2026,103,1748,8.40
2026,103,1818,6.78
2026,103,1848,6.55
2026,103,1918,7.57
2026,103,1948,6.21
2026,103,2018,6.02
2026,103,2048,6.23
2026,103,2118,6.03
2026,103,2148,5.82
2026,103,2218,4.23
2026,103,2248,4.64
2026,103,2318,6.18
2026,103,2348,5.84
2026,104,18,5.36
2026,104,48,4.77
2026,104,118,4.81
2026,104,148,4.65
2026,104,218,4.01
2026,104,248,4.64
2026,104,318,3.49
2026,104,348,2.43
2026,104,418,2.91
2026,104,448,3.10
2026,104,518,2.91
2026,104,548,2.36
2026,104,618,2.51
2026,104,648,1.56
2026,104,718,1.18
2026,104,748,1.58
2026,104,818,2.48
2026,104,848,3.95
2026,104,918,3.89
2026,104,948,4.87
2026,104,1018,5.15
2026,104,1048,5.28
2026,104,1118,5.95
2026,104,1148,6.54
2026,104,1218,5.99
2026,104,1248,5.05
2026,104,1318,5.33
2026,104,1348,6.04
2026,104,1418,6.67
2026,104,1448,5.70
2026,104,1518,6.51
2026,104,1548,6.80
2026,104,1618,6.93
2026,104,1648,7.43
2026,104,1718,5.61
2026,104,1748,6.50
2026,104,1818,7.17
2026,104,1848,8.65
2026,104,1918,8.17
2026,104,1948,11.24
2026,104,2018,12.08
2026,104,2048,10.28
2026,104,2118,10.42
2026,104,2148,8.95
2026,104,2218,10.31
2026,104,2248,8.52
2026,104,2318,10.18
2026,104,2348,9.25
2026,105,18,9.78
2026,105,48,11.21
2026,105,118,10.96
2026,105,148,11.86
2026,105,218,12.41
2026,105,248,13.11
2026,105,318,11.31
2026,105,348,9.74
2026,105,418,7.77
2026,105,448,7.74
2026,105,518,8.78
2026,105,548,10.74
2026,105,618,10.20
2026,105,648,8.44
2026,105,718,8.07
2026,105,748,8.72
2026,105,818,8.50
2026,105,848,10.04
2026,105,918,10.99
2026,105,948,9.46
2026,105,1018,9.04
2026,105,1048,10.43
2026,105,1118,10.52
2026,105,1148,11.62
2026,105,1218,9.58
2026,105,1248,9.48
2026,105,1318,9.96
2026,105,1348,7.51
2026,105,1418,10.13
2026,105,1448,8.30
2026,105,1518,11.32
2026,105,1548,10.72
2026,105,1618,10.81
2026,105,1648,10.58
2026,105,1718,9.96
2026,105,1748,10.85
2026,105,1818,10.59
2026,105,1848,10.93
2026,105,1918,11.55
2026,105,1948,11.27
2026,105,2018,9.99
2026,105,2048,8.23
2026,105,2118,7.77
2026,105,2148,8.31
2026,105,2218,9.64
2026,105,2248,10.96
2026,105,2318,9.71
2026,105,2348,8.75
2026,106,18,6.04
2026,106,48,6.88
2026,106,118,8.88
2026,106,148,6.57
2026,106,218,4.80
2026,106,248,5.33
2026,106,318,5.51
2026,106,348,5.67
2026,106,418,6.25
2026,106,448,6.80
2026,106,518,7.04
2026,106,548,6.85
2026,106,618,5.70
2026,106,648,7.90
2026,106,718,7.58
2026,106,748,7.23
2026,106,818,7.64
2026,106,848,8.80
2026,106,918,7.94
2026,106,948,8.86
2026,106,1018,9.20
2026,106,1048,9.21
2026,106,1118,6.74
2026,106,1148,6.39
2026,106,1218,6.58
2026,106,1248,5.03
2026,106,1318,4.72
2026,106,1348,5.25
2026,106,1418,5.63
2026,106,1448,6.45
2026,106,1518,5.56
2026,106,1548,6.69
2026,106,1618,5.92
2026,106,1648,3.61
2026,106,1718,4.33
2026,106,1748,6.26
2026,106,1818,6.55
2026,106,1848,7.18
2026,106,1918,7.69
2026,106,1948,7.54
2026,106,2018,8.94
2026,106,2048,9.39
2026,106,2118,9.54
2026,106,2148,10.73
2026,106,2218,10.88
2026,106,2248,10.03
2026,106,2318,10.34
2026,106,2348,10.43
2026,107,18,11.77
2026,107,48,9.73
2026,107,118,10.64
2026,107,148,10.83
2026,107,218,10.00
2026,107,248,10.35
2026,107,318,10.46
2026,107,348,10.26
2026,107,418,11.62
2026,107,448,12.34
2026,107,518,13.15
2026,107,548,13.05
2026,107,618,11.29
2026,107,648,12.26
2026,107,718,14.00
2026,107,748,13.38
2026,107,818,11.79
2026,107,848,12.62
2026,107,918,12.00
2026,107,948,13.06
2026,107,1018,12.91
2026,107,1048,12.81
2026,107,1118,12.20
2026,107,1148,12.39
2026,107,1218,12.54
2026,107,1248,8.57
2026,107,1318,7.54
2026,107,1348,7.24
2026,107,1418,6.77
2026,107,1448,6.48
2026,107,1518,5.78
2026,107,1548,7.10
2026,107,1618,7.54
2026,107,1648,7.53
2026,107,1718,7.43
2026,107,1748,8.27
2026,107,1818,7.59
2026,107,1848,7.57
2026,107,1918,7.89
2026,107,1948,7.70
2026,107,2018,6.23
2026,107,2048,6.31
2026,107,2118,7.01
2026,107,2148,6.81
2026,107,2218,7.43
2026,107,2248,8.39
2026,107,2318,7.34
2026,107,2348,6.98
2026,108,18,7.43
2026,108,48,8.35
2026,108,118,7.78
2026,108,148,6.47
2026,108,218,8.34
2026,108,248,9.58
2026,108,318,9.33
2026,108,348,10.16
2026,108,418,8.46
2026,108,448,8.69
2026,108,518,9.36
2026,108,548,9.02
2026,108,618,7.89
2026,108,648,7.72
2026,108,718,9.75
2026,108,748,7.40
2026,108,818,7.96
2026,108,848,7.23
2026,108,918,9.03
2026,108,948,8.05
2026,108,1018,8.11
2026,108,1048,7.26
2026,108,1118,7.10
2026,108,1148,8.44
2026,108,1218,8.76
2026,108,1248,7.18
2026,108,1318,7.60
2026,108,1348,6.95
2026,108,1418,8.01
2026,108,1448,7.72
2026,108,1518,8.12
2026,108,1548,9.45
2026,108,1618,8.61
2026,108,1648,8.05
2026,108,1718,8.30
2026,108,1748,6.20
2026,108,1818,8.38
2026,108,1848,8.17
2026,108,1918,7.98
2026,108,1948,7.17
2026,108,2018,6.61
2026,108,2048,6.12
2026,108,2118,6.72
2026,108,2148,6.72
2026,108,2218,7.09
2026,108,2248,6.50
2026,108,2318,6.33
2026,108,2348,6.75
2026,109,18,6.17
2026,109,48,7.02
2026,109,118,6.59
2026,109,148,7.08
2026,109,218,6.80
2026,109,248,7.92
2026,109,318,7.75
2026,109,348,6.80
2026,109,418,6.91
2026,109,448,7.32
2026,109,518,7.17
2026,109,548,7.09
2026,109,618,6.78
2026,109,648,7.80
2026,109,718,6.94
2026,109,748,7.36
2026,109,818,6.77
2026,109,848,5.70
2026,109,918,6.90
2026,109,948,6.07
2026,109,1018,4.42
2026,109,1048,4.67
2026,109,1118,4.81
2026,109,1148,5.04
2026,109,1218,6.48
2026,109,1248,3.99
2026,109,1318,4.84
2026,109,1348,5.47
2026,109,1418,4.28
2026,109,1448,4.60
2026,109,1518,4.46
2026,109,1548,4.79
2026,109,1618,4.37
2026,109,1648,4.02
2026,109,1718,4.48
2026,109,1748,3.81
2026,109,1818,3.88
2026,109,1848,3.41
2026,109,1918,4.12
2026,109,1948,3.86
2026,109,2018,3.33
2026,109,2048,3.84
2026,109,2118,4.01
2026,109,2148,4.03
2026,109,2218,3.56
2026,109,2248,4.06
2026,109,2318,4.06
2026,109,2348,5.27
2026,110,18,2.77
2026,110,48,2.48
2026,110,118,2.74
2026,110,148,3.56
2026,110,218,3.11
2026,110,248,3.16
2026,110,318,2.29
2026,110,348,2.55
2026,110,418,2.38
2026,110,448,2.29
2026,110,518,2.30
2026,110,548,2.01
2026,110,618,1.96
2026,110,648,2.38
2026,110,718,2.42
2026,110,748,1.95
2026,110,818,2.35
2026,110,848,2.01
2026,110,918,1.85
2026,110,948,2.35
2026,110,1018,1.77
2026,110,1048,2.21
2026,110,1118,2.51
2026,110,1148,1.52
2026,110,1218,1.38
2026,110,1248,2.64
2026,110,1318,1.01
2026,110,1348,2.30
2026,110,1418,2.27
2026,110,1448,3.11
2026,110,1518,3.33
2026,110,1548,2.73
2026,110,1618,3.04
2026,110,1648,3.69
2026,110,1718,4.95
2026,110,1748,4.38
2026,110,1818,5.20
2026,110,1848,5.11
2026,110,1918,5.09
2026,110,1948,4.68
2026,110,2018,3.86
2026,110,2048,4.76
2026,110,2118,2.83
2026,110,2148,2.58
2026,110,2218,3.38
2026,110,2248,4.42
2026,110,2318,5.89
2026,110,2348,6.56
2026,111,18,5.88
2026,111,48,7.22
2026,111,118,7.17
2026,111,148,6.96
2026,111,218,5.89
2026,111,248,5.37
2026,111,318,5.15
2026,111,348,5.83
2026,111,418,4.40
2026,111,448,4.34
2026,111,518,5.02
2026,111,548,5.70
2026,111,618,4.21
2026,111,648,4.98
2026,111,718,6.30
2026,111,748,5.72
2026,111,818,4.84
2026,111,848,5.13
2026,111,918,5.40
2026,111,948,5.68
2026,111,1018,4.92
2026,111,1048,5.14
2026,111,1118,5.44
2026,111,1148,4.94
2026,111,1218,4.82
2026,111,1248,3.90
2026,111,1318,4.41
2026,111,1348,4.76
2026,111,1418,3.42
2026,111,1448,3.69
2026,111,1518,4.17
2026,111,1548,4.09
2026,111,1618,3.43
2026,111,1648,3.56
2026,111,1718,3.40
2026,111,1748,3.31
2026,111,1818,3.36
2026,111,1848,4.72
2026,111,1918,4.11
2026,111,1948,3.95
2026,111,2018,4.35
2026,111,2048,3.53
2026,111,2118,3.95
2026,111,2148,3.75
2026,111,2218,3.84
2026,111,2248,3.94
2026,111,2318,4.60
2026,111,2348,5.23
2026,112,18,4.19
2026,112,48,4.04
2026,112,118,4.32
2026,112,148,4.14
2026,112,218,4.27
2026,112,248,4.01
2026,112,318,3.84
2026,112,348,3.26
2026,112,418,3.05
2026,112,448,2.17
2026,112,518,1.97
2026,112,548,2.44
2026,112,618,2.10
2026,112,648,2.10
2026,112,718,2.05
2026,112,748,2.87
2026,112,818,1.79
2026,112,848,2.80
2026,112,918,2.23
2026,112,948,2.28
2026,112,1018,2.27
2026,112,1048,1.83
2026,112,1118,1.51
2026,112,1148,0.82
2026,112,1218,0.40
2026,112,1248,0.81
2026,112,1318,1.34
2026,112,1348,1.91
2026,112,1418,2.41
2026,112,1448,2.61
2026,112,1518,3.86
2026,112,1548,3.65
2026,112,1618,3.20
2026,112,1648,2.70
2026,112,1718,3.17
2026,112,1748,2.45
2026,112,1818,3.42
2026,112,1848,3.39
2026,112,1918,3.62
2026,112,1948,3.88
2026,112,2018,3.08
2026,112,2048,3.56
2026,112,2118,3.72
2026,112,2148,3.98
2026,112,2218,3.58
2026,112,2248,3.74
2026,112,2318,3.86
2026,112,2348,4.64
2026,113,18,4.48
2026,113,48,4.35
2026,113,118,4.17
2026,113,148,3.58
2026,113,218,3.74
2026,113,248,3.59
2026,113,318,3.55
2026,113,348,2.66
2026,113,418,2.89
2026,113,448,3.02
2026,113,518,1.30
2026,113,548,2.03
2026,113,618,1.99
2026,113,648,2.23
2026,113,718,2.06
2026,113,748,2.36
2026,113,818,1.86
2026,113,848,1.33
2026,113,918,0.98
2026,113,948,2.14
2026,113,1018,2.67
2026,113,1048,2.41
2026,113,1118,3.07
2026,113,1148,3.08
2026,113,1218,2.64
2026,113,1248,2.60
2026,113,1318,2.08
2026,113,1348,0.87
2026,113,1418,2.43
2026,113,1448,2.86
2026,113,1518,2.01
2026,113,1548,1.77
2026,113,1618,1.98
2026,113,1648,2.27
2026,113,1718,1.98
2026,113,1748,0.38
2026,113,1818,0.62
2026,113,1848,0.45
2026,113,1918,1.03
2026,113,1948,1.23
2026,113,2018,0.95
2026,113,2048,0.40
2026,113,2118,0.73
2026,113,2148,0.89
2026,113,2218,0.66
2026,113,2248,1.83
2026,113,2318,2.14
2026,113,2348,1.70
2026,114,18,2.17
2026,114,48,1.99
2026,114,118,1.42
2026,114,148,0.60
2026,114,218,0.22
2026,114,248,0.14
2026,114,318,0.18
2026,114,348,0.40
2026,114,418,0.01
2026,114,448,0.28
2026,114,518,0.20
2026,114,548,0.25
2026,114,618,0.41
2026,114,648,1.00
2026,114,718,0.13
2026,114,748,0.48
2026,114,818,0.33
2026,114,848,0.28
2026,114,918,0.39
2026,114,948,0.88
2026,114,1018,0.81
2026,114,1048,0.40
2026,114,1118,0.64
2026,114,1148,1.18
2026,114,1218,0.78
2026,114,1248,1.86
2026,114,1318,1.17
2026,114,1348,1.23
2026,114,1418,1.98
2026,114,1448,2.37
2026,114,1518,1.88
2026,114,1548,2.69
2026,114,1618,1.72
2026,114,1648,1.69
2026,114,1718,0.41
2026,114,1748,2.01
2026,114,1818,2.20
2026,114,1848,1.54
2026,114,1918,1.24
2026,114,1948,0.75
2026,114,2018,0.57
2026,114,2048,0.25
2026,114,2118,0.34
2026,114,2148,0.44
2026,114,2218,0.41
2026,114,2248,0.49
2026,114,2318,1.19
2026,114,2348,1.12
2026,115,18,0.97
2026,115,48,1.74
2026,115,118,2.04
2026,115,148,2.13
2026,115,218,2.51
2026,115,248,2.90
2026,115,318,2.95
2026,115,348,2.84
2026,115,418,2.16
2026,115,448,2.61
2026,115,518,2.63
2026,115,548,2.80
2026,115,618,1.96
2026,115,648,0.58
2026,115,718,1.03
2026,115,748,0.87
2026,115,818,0.30
2026,115,848,0.16
2026,115,918,0.58
2026,115,948,1.05
2026,115,1018,0.22
2026,115,1048,0.47
2026,115,1118,0.34
2026,115,1148,0.67
2026,115,1218,0.87
2026,115,1248,1.33
2026,115,1318,1.66
2026,115,1348,0.89
2026,115,1418,0.63
2026,115,1448,1.41
2026,115,1518,1.35
2026,115,1548,2.29
2026,115,1618,1.76
2026,115,1648,3.20
2026,115,1718,3.10
2026,115,1748,2.64
2026,115,1818,3.05
2026,115,1848,2.12
2026,115,1918,2.23
2026,115,1948,2.14
2026,115,2018,2.73
2026,115,2048,3.29
2026,115,2118,3.61
2026,115,2148,3.66
2026,115,2218,3.94
2026,115,2248,4.57
2026,115,2318,3.59
2026,115,2348,2.97
2026,116,18,3.72
2026,116,48,3.61
2026,116,118,3.13
2026,116,148,2.96
2026,116,218,2.43
2026,116,248,3.29
2026,116,318,3.32
2026,116,348,3.38
2026,116,418,3.42
2026,116,448,3.10
2026,116,518,2.64
2026,116,548,2.76
2026,116,618,3.05
2026,116,648,2.38
2026,116,718,2.44
2026,116,748,1.60
2026,116,818,2.38
2026,116,848,1.98
2026,116,918,1.83
2026,116,948,0.69
2026,116,1018,1.76
2026,116,1048,1.73
2026,116,1118,2.28
2026,116,1148,1.18
2026,116,1218,1.89
2026,116,1248,1.22
2026,116,1318,0.54
2026,116,1348,1.22
2026,116,1418,2.65
2026,116,1448,2.80
2026,116,1518,1.91
2026,116,1548,2.39
2026,116,1618,3.42
2026,116,1648,3.67
2026,116,1718,3.38
2026,116,1748,3.82
2026,116,1818,2.15
2026,116,1848,2.82
2026,116,1918,1.79
2026,116,1948,1.86
2026,116,2018,3.06
2026,116,2048,2.49
2026,116,2118,2.81
2026,116,2148,3.12
2026,116,2218,3.28
2026,116,2248,3.47
2026,116,2318,3.01
2026,116,2348,3.04
2026,117,18,3.41
2026,117,48,2.26
2026,117,118,2.62
2026,117,148,2.55
2026,117,218,2.83
2026,117,248,4.13
2026,117,318,3.97
2026,117,348,4.01
2026,117,418,4.06
2026,117,448,3.42
2026,117,518,3.42
2026,117,548,4.28
2026,117,618,4.37
2026,117,648,4.46
2026,117,718,4.17
2026,117,748,4.79
2026,117,818,4.78
2026,117,848,3.09
2026,117,918,3.36
2026,117,948,4.08
2026,117,1018,2.66
2026,117,1048,2.80
2026,117,1118,3.38
2026,117,1148,2.45
2026,117,1218,3.31
2026,117,1248,2.70
2026,117,1318,1.30
2026,117,1348,1.86
2026,117,1418,1.97
2026,117,1448,3.19
2026,117,1518,3.42
2026,117,1548,3.33
2026,117,1618,2.29
2026,117,1648,2.08
2026,117,1718,3.28
2026,117,1748,3.83
2026,117,1818,3.69
2026,117,1848,3.16
2026,117,1918,3.17
2026,117,1948,2.58
2026,117,2018,2.48
2026,117,2048,1.91
2026,117,2118,1.65
2026,117,2148,1.87
2026,117,2218,2.45
2026,117,2248,1.61
2026,117,2318,0.98
2026,117,2348,1.22
2026,118,18,0.75
2026,118,48,1.30
2026,118,118,1.01
2026,118,148,1.10
2026,118,218,1.33
2026,118,248,0.62
2026,118,318,1.01
2026,118,348,0.95
2026,118,418,1.26
2026,118,448,1.03
2026,118,518,1.25
2026,118,548,1.73
2026,118,618,1.71
2026,118,648,1.60
2026,118,718,1.45
2026,118,748,1.50
2026,118,818,1.59
2026,118,848,0.88
2026,118,918,1.26
2026,118,948,1.30
2026,118,1018,0.71
2026,118,1048,0.45
2026,118,1118,0.34
2026,118,1148,0.83
2026,118,1218,0.54
2026,118,1248,1.07
2026,118,1318,0.72
2026,118,1348,0.85
2026,118,1418,1.45
2026,118,1448,1.85
2026,118,1518,1.27
2026,118,1548,1.19
2026,118,1618,1.77
2026,118,1648,2.49
2026,118,1718,1.97
2026,118,1748,1.72
2026,118,1818,1.28
2026,118,1848,0.68
2026,118,1918,0.84
2026,118,1948,0.47
2026,118,2018,0.39
2026,118,2048,0.83
2026,118,2118,0.12
2026,118,2148,0.88
2026,118,2218,1.05
2026,118,2248,1.02
2026,118,2318,0.60
2026,118,2348,0.59
2026,119,18,0.52
2026,119,48,0.55
2026,119,118,0.59
2026,119,148,0.77
2026,119,218,0.63
2026,119,248,0.46
2026,119,318,0.78
2026,119,348,0.76
2026,119,418,0.75
2026,119,448,0.69
2026,119,518,1.27
2026,119,548,0.97
2026,119,618,0.82
2026,119,648,1.42
2026,119,718,1.57
2026,119,748,1.55
2026,119,818,0.19
2026,119,848,1.54
2026,119,918,2.74
2026,119,948,2.20
2026,119,1018,2.42
2026,119,1048,1.86
2026,119,1118,2.35
2026,119,1148,1.49
2026,119,1218,1.90
2026,119,1248,2.16
2026,119,1318,2.83
2026,119,1348,3.08
2026,119,1418,3.13
2026,119,1448,2.84
2026,119,1518,3.08
2026,119,1548,3.13
2026,119,1618,3.00
2026,119,1648,2.92
2026,119,1718,2.73
2026,119,1748,2.52
2026,119,1818,2.99
2026,119,1848,3.95
2026,119,1918,3.48
2026,119,1948,3.77
2026,119,2018,4.26
2026,119,2048,3.55
2026,119,2118,3.51
2026,119,2148,3.78
2026,119,2218,4.85
2026,119,2248,4.56
2026,119,2318,5.43
2026,119,2348,5.72
2026,120,18,6.11
2026,120,48,6.22
2026,120,118,6.79
2026,120,148,7.67
2026,120,218,7.46
2026,120,248,7.50
2026,120,318,7.30
2026,120,348,8.01
2026,120,418,7.19
2026,120,448,7.59
2026,120,518,8.20
2026,120,548,8.27
2026,120,618,7.20
2026,120,648,6.27
2026,120,718,5.50
2026,120,748,6.12
2026,120,818,7.33
2026,120,848,5.99
2026,120,918,5.80
2026,120,948,7.79
2026,120,1018,6.50
2026,120,1048,7.33
2026,120,1118,6.06
2026,120,1148,6.97
2026,120,1218,8.86
2026,120,1248,7.89
2026,120,1318,6.16
2026,120,1348,5.87
2026,120,1418,6.57
2026,120,1448,7.16
2026,120,1518,7.49
2026,120,1548,6.97
2026,120,1618,6.25
2026,120,1648,5.12
2026,120,1718,3.48
2026,120,1748,1.78
2026,120,1818,1.52
2026,120,1848,2.04
2026,120,1918,0.34
2026,120,1948,2.12
2026,120,2018,3.25
2026,120,2048,3.58
2026,120,2118,1.88
2026,120,2148,1.83
2026,120,2218,2.60
2026,120,2248,1.89
2026,120,2318,1.22
2026,120,2348,1.37
2026,121,18,1.61
2026,121,48,1.84
2026,121,118,2.37
2026,121,148,2.19
2026,121,218,3.18
2026,121,248,3.08
2026,121,318,2.82
2026,121,348,1.57
2026,121,418,2.60
2026,121,448,2.08
2026,121,518,0.42
2026,121,548,1.51
2026,121,618,1.99
2026,121,648,1.25
2026,121,718,2.12
2026,121,748,0.78
2026,121,818,1.95
2026,121,848,3.24
2026,121,918,3.76
2026,121,948,3.30
2026,121,1018,4.56
2026,121,1048,3.40
2026,121,1118,2.42
2026,121,1148,3.00
2026,121,1218,2.89
2026,121,1248,3.19
2026,121,1318,2.99
2026,121,1348,3.27
2026,121,1418,3.63
2026,121,1448,2.84
2026,121,1518,3.39
2026,121,1548,3.28
2026,121,1618,2.07
2026,121,1648,2.78
2026,121,1718,3.30
2026,121,1748,2.64
2026,121,1818,2.45
2026,121,1848,2.61
2026,121,1918,2.82
2026,121,1948,3.57
2026,121,2018,4.05
2026,121,2048,2.56
2026,121,2118,2.20
2026,121,2148,2.29
2026,121,2218,3.05
2026,121,2248,3.42
2026,121,2318,2.02
2026,121,2348,4.02
2026,122,18,4.39
2026,122,48,4.60
2026,122,118,3.01
2026,122,148,1.99
2026,122,218,2.42
2026,122,248,1.91
2026,122,318,1.90
2026,122,348,1.55
2026,122,418,1.55
2026,122,448,2.13
2026,122,518,2.05
2026,122,548,1.91
2026,122,618,1.80
2026,122,648,1.76
2026,122,718,2.11
2026,122,748,2.22
2026,122,818,1.59
2026,122,848,1.72
2026,122,918,2.17
2026,122,948,2.38
2026,122,1018,1.47
2026,122,1048,0.76
2026,122,1118,2.03
2026,122,1148,1.75
2026,122,1218,2.44
2026,122,1248,0.69
2026,122,1318,1.01
2026,122,1348,1.72
2026,122,1418,2.22
2026,122,1448,1.29
2026,122,1518,1.70
2026,122,1548,1.72
2026,122,1618,2.95
2026,122,1648,2.66
2026,122,1718,2.26
2026,122,1748,2.05
2026,122,1818,1.83
2026,122,1848,1.65
2026,122,1918,1.94
2026,122,1948,2.83
2026,122,2018,2.86
2026,122,2048,3.23
2026,122,2118,2.62
2026,122,2148,3.25
2026,122,2218,3.66
2026,122,2248,3.35
2026,122,2318,3.17
2026,122,2348,2.43
2026,123,18,1.84
2026,123,48,2.10
2026,123,118,1.88
2026,123,148,1.35
2026,123,218,1.14
2026,123,248,0.86
2026,123,318,0.63
2026,123,348,0.53
2026,123,418,0.83
2026,123,448,0.33
2026,123,518,0.23
2026,123,548,0.80
2026,123,618,0.99
2026,123,648,0.63
2026,123,718,0.37
2026,123,748,0.77
2026,123,818,0.29
2026,123,848,0.87
2026,123,918,0.62
2026,123,948,0.34
2026,123,1018,0.51
2026,123,1048,0.46
2026,123,1118,0.73
2026,123,1148,0.46
2026,123,1218,0.63
2026,123,1248,0.87
2026,123,1318,1.85
2026,123,1348,2.38
2026,123,1418,2.21
2026,123,1448,2.21
2026,123,1518,1.32
2026,123,1548,2.17
2026,123,1618,2.24
2026,123,1648,2.86
2026,123,1718,3.05
2026,123,1748,3.23
2026,123,1818,2.43
2026,123,1848,1.94
2026,123,1918,2.39
2026,123,1948,2.26
2026,123,2018,2.09
2026,123,2048,3.00
2026,123,2118,2.07
2026,123,2148,1.83
2026,123,2218,2.08
2026,123,2248,1.88
2026,123,2318,2.03
2026,123,2348,2.17
2026,124,18,3.30
2026,124,48,3.65
2026,124,118,3.60
2026,124,148,4.28
2026,124,218,3.92
2026,124,248,4.62
2026,124,318,4.89
2026,124,348,4.09
2026,124,418,4.27
2026,124,448,4.34
2026,124,518,5.02
2026,124,548,5.13
2026,124,618,4.35
2026,124,648,5.09
2026,124,718,4.53
2026,124,748,6.05
2026,124,818,5.79
2026,124,848,5.81
2026,124,918,5.00
2026,124,948,5.37
2026,124,1018,5.95
2026,124,1048,6.27
2026,124,1118,5.81
2026,124,1148,5.40
2026,124,1218,6.29
2026,124,1248,5.93
2026,124,1318,4.95
2026,124,1348,4.81
2026,124,1418,5.38
2026,124,1448,3.54
2026,124,1518,4.07
2026,124,1548,4.83
2026,124,1618,4.94
2026,124,1648,5.18
2026,124,1718,5.41
2026,124,1748,3.32
2026,124,748,6.05
2026,124,818,5.79
2026,124,848,5.81
2026,124,918,5.00
2026,124,948,5.37
2026,124,1018,5.95
2026,124,1048,6.27
2026,124,1118,5.81
2026,124,1148,5.40
2026,124,1218,6.29
2026,124,1248,5.93
2026,124,1318,4.95
2026,124,1348,4.81
2026,124,1418,5.38
2026,124,1448,3.54
2026,124,1518,4.07
2026,124,1548,4.83
2026,124,1618,4.94
2026,124,1648,5.18
2026,124,1718,5.41
2026,124,1748,3.32
2026,124,1818,5.13
2026,124,1848,5.70
2026,124,1918,6.08
2026,124,1948,5.56
2026,124,2018,5.55
2026,124,2048,5.56
2026,124,2118,5.13
2026,124,2148,5.21
2026,124,2218,5.44
2026,124,2248,4.60
2026,124,2318,5.38
2026,124,2348,5.54
2026,125,18,5.65
2026,125,48,5.09
2026,125,118,5.35
2026,125,148,5.31
2026,125,218,5.10
2026,125,248,4.25
2026,125,318,4.83
2026,125,348,5.62
2026,125,418,4.21
2026,125,448,4.21
2026,125,518,3.62
2026,125,548,3.53
2026,125,618,3.91
2026,125,648,4.35
2026,125,718,3.70
2026,125,748,5.44
2026,125,818,4.12
2026,125,848,3.68
2026,125,918,4.00
2026,125,948,3.39
2026,125,1018,4.39
2026,125,1048,4.13
2026,125,1118,3.43
2026,125,1148,1.51
2026,125,1218,1.69
2026,125,1248,3.00
2026,125,1318,2.86
2026,125,1348,3.99
2026,125,1418,2.39
2026,125,1448,1.98
2026,125,1518,2.10
2026,125,1548,2.85
2026,125,1618,2.87
2026,125,1648,2.92
2026,125,1718,2.46
2026,125,1748,3.65
2026,125,1818,3.08
2026,125,1848,2.66
2026,125,1918,2.80
2026,125,1948,1.90
2026,125,2018,1.49
2026,125,2048,0.73
2026,125,2118,0.65
2026,125,2148,0.35
2026,125,2218,0.46
2026,125,2248,0.33
2026,125,2318,0.23
2026,125,2348,0.64
2026,126,18,0.88
2026,126,48,0.24
2026,126,118,0.39
2026,126,148,0.56
2026,126,218,0.81
2026,126,248,0.29
2026,126,318,0.40
2026,126,348,0.23
2026,126,418,0.40
2026,126,448,0.32
2026,126,518,0.19
2026,126,548,0.75
2026,126,618,0.22
2026,126,648,1.06
2026,126,718,0.67
2026,126,748,1.38
2026,126,818,1.13
2026,126,848,1.35
2026,126,918,2.21
2026,126,948,1.86
2026,126,1018,0.49
2026,126,1048,1.58
2026,126,1118,1.33
2026,126,1148,1.89
2026,126,1218,1.61
2026,126,1248,2.03
2026,126,1318,2.42
2026,126,1348,2.70
2026,126,1418,2.85
2026,126,1448,3.45
2026,126,1518,2.82
2026,126,1548,2.78
2026,126,1618,3.42
2026,126,1648,2.45
2026,126,1718,3.74
2026,126,1748,4.50
2026,126,1818,4.16
2026,126,1848,4.80
2026,126,1918,4.51
2026,126,1948,4.37
2026,126,2018,3.39
2026,126,2048,3.91
2026,126,2118,4.23
2026,126,2148,3.70
2026,126,2218,3.38
2026,126,2248,3.59
2026,126,2318,4.68
2026,126,2348,5.36
2026,127,18,4.64
2026,127,48,6.30
2026,127,118,5.92
2026,127,148,6.44
2026,127,218,5.98
2026,127,248,6.16
2026,127,318,5.91
2026,127,348,6.06
2026,127,418,5.54
2026,127,448,5.58
2026,127,518,5.31
2026,127,548,5.09
2026,127,618,5.90
2026,127,648,4.39
2026,127,718,4.73
2026,127,748,4.56
2026,127,818,4.68
2026,127,848,4.73
2026,127,918,5.91
2026,127,948,6.33
2026,127,1018,7.28
2026,127,1048,9.51
2026,127,1118,9.31
2026,127,1148,10.05
2026,127,1218,8.50
2026,127,1248,6.88
2026,127,1318,6.83
2026,127,1348,5.99
2026,127,1418,6.64
2026,127,1448,6.54
2026,127,1518,6.36
2026,127,1548,5.93
2026,127,1618,6.14
2026,127,1648,4.47
2026,127,1718,5.63
2026,127,1748,7.29
2026,127,1818,5.87
2026,127,1848,6.16
2026,127,1918,7.00
2026,127,1948,6.97
2026,127,2018,6.21
2026,127,2048,5.66
2026,127,2118,7.24
2026,127,2148,7.91
2026,127,2218,7.31
2026,127,2248,6.50
2026,127,2318,7.45
2026,127,2348,8.88
2026,128,18,7.47
2026,128,48,6.38
2026,128,118,6.04
2026,128,148,4.57
2026,128,218,5.65
2026,128,248,4.90
2026,128,318,5.66
2026,128,348,5.66
2026,128,418,8.01
2026,128,448,6.75
2026,128,518,7.74
2026,128,548,7.89
2026,128,618,6.36
2026,128,648,5.52
2026,128,718,6.55
2026,128,748,6.74
2026,128,818,5.90
2026,128,848,6.93
2026,128,918,6.84
2026,128,948,6.41
2026,128,1018,5.54
2026,128,1048,6.37
2026,128,1118,5.18
2026,128,1148,5.52
2026,128,1218,4.27
2026,128,1248,5.70
2026,128,1318,4.28
2026,128,1348,5.18
2026,128,1418,4.68
2026,128,1448,4.55
2026,128,1518,3.99
2026,128,1548,4.33
2026,128,1618,4.43
2026,128,1648,4.33
2026,128,1718,2.61
2026,128,1748,2.08
2026,128,1818,2.87
2026,128,1848,2.62
2026,128,1918,2.23
2026,128,1948,2.58
2026,128,2018,2.68
2026,128,2048,3.00
2026,128,2118,2.71
2026,128,2148,2.96
2026,128,2218,2.39
2026,128,2248,2.74
2026,128,2318,2.50
2026,128,2348,2.64
2026,129,18,2.33
2026,129,48,1.85
2026,129,118,2.02
2026,129,148,1.94
2026,129,218,1.87
2026,129,248,1.84
2026,129,318,2.32
2026,129,348,1.98
2026,129,418,1.71
2026,129,448,1.78
2026,129,518,1.92
2026,129,548,2.08
2026,129,618,1.99
2026,129,648,2.57
2026,129,718,2.43
2026,129,748,2.14
2026,129,818,2.44
2026,129,848,2.50
2026,129,918,2.79
2026,129,948,1.39
2026,129,1018,1.53
2026,129,1048,1.53
2026,129,1118,3.24
2026,129,1148,2.54
2026,129,1218,2.49
2026,129,1248,0.68
2026,129,1318,1.68
2026,129,1348,3.03
2026,129,1418,3.03
2026,129,1448,2.63
2026,129,1518,3.13
2026,129,1548,2.58
2026,129,1618,3.69
2026,129,1648,3.36
2026,129,1718,2.96
2026,129,1748,2.63
2026,129,1818,2.95
2026,129,1848,2.68
2026,129,1918,2.29
2026,129,1948,1.61
2026,129,2018,1.74
2026,129,2048,1.77
2026,129,2118,1.69
2026,129,2148,1.13
2026,129,2218,1.88
2026,129,2248,2.13
2026,129,2318,1.99
2026,129,2348,2.09
2026,130,18,1.85
2026,130,48,3.44
2026,130,118,3.01
2026,130,148,4.70
2026,130,218,4.07
2026,130,248,4.04
2026,130,318,4.07
2026,130,348,3.85
2026,130,418,3.74
2026,130,448,3.98
2026,130,518,4.98
2026,130,548,4.65
2026,130,618,4.86
2026,130,648,5.42
2026,130,718,5.80
2026,130,748,6.12
2026,130,818,6.30
2026,130,848,5.80
2026,130,918,6.68
2026,130,948,4.77
2026,130,1018,6.01
2026,130,1048,5.18
2026,130,1118,5.54
2026,130,1148,6.71
2026,130,1218,6.70
2026,130,1248,6.20
2026,130,1318,6.16
2026,130,1348,7.74
2026,130,1418,8.97
2026,130,1448,7.96
2026,130,1518,9.22
2026,130,1548,10.64
2026,130,1618,9.89
2026,130,1648,9.52
2026,130,1718,9.42
2026,130,1748,10.55
2026,130,1818,9.89
2026,130,1848,9.64
2026,130,1918,7.92
2026,130,1948,7.50
2026,130,2018,6.64
2026,130,2048,5.22
2026,130,2118,6.09
2026,130,2148,6.01
2026,130,2218,5.25
2026,130,2248,5.48
2026,130,2318,6.34
2026,130,2348,5.82
2026,131,18,5.94
2026,131,48,5.27
2026,131,118,6.57
2026,131,148,5.32
2026,131,218,6.92
2026,131,248,6.03
2026,131,318,5.45
2026,131,348,5.95
2026,131,418,5.90
2026,131,448,5.42
2026,131,518,5.22
2026,131,548,5.18
2026,131,618,4.66
2026,131,648,4.99
2026,131,718,4.30
2026,131,748,4.36
2026,131,818,4.20
2026,131,848,3.93
2026,131,918,4.70
2026,131,948,3.60
2026,131,1018,4.12
2026,131,1048,3.60
2026,131,1118,3.67
2026,131,1148,4.09
2026,131,1218,3.21
2026,131,1248,3.88
2026,131,1318,4.45
2026,131,1348,4.02
2026,131,1418,3.82
2026,131,1448,3.51
2026,131,1518,3.56
2026,131,1548,3.80
2026,131,1618,3.79
2026,131,1648,5.34
2026,131,1718,4.21
2026,131,1748,4.49
2026,131,1818,4.20
2026,131,1848,4.36
2026,131,1918,4.81
2026,131,1948,4.03
2026,131,2018,3.93
2026,131,2048,3.79
2026,131,2118,3.25
2026,131,2148,3.22
2026,131,2218,5.64
2026,131,2248,6.23
2026,131,2318,7.17
2026,131,2348,7.74
2026,132,18,9.17
2026,132,48,8.20
2026,132,118,8.58
2026,132,148,8.86
2026,132,218,8.93
2026,132,248,10.89
2026,132,318,9.10
2026,132,348,10.62
2026,132,418,9.73
2026,132,448,8.31
2026,132,518,9.50
2026,132,548,8.68
2026,132,618,8.36
2026,132,648,8.60
2026,132,718,8.86
2026,132,748,8.99
2026,132,818,9.61
2026,132,848,7.39
2026,132,918,8.09
2026,132,948,8.10
2026,132,1018,10.84
2026,132,1048,7.17
2026,132,1118,9.10
2026,132,1148,8.06
2026,132,1218,7.12
2026,132,1248,8.80
2026,132,1318,4.81
2026,132,1348,6.11
2026,132,1418,6.12
2026,132,1448,6.64
2026,132,1518,7.89
2026,132,1548,7.02
2026,132,1618,6.42
2026,132,1648,6.76
2026,132,1718,7.03
2026,132,1748,6.91
2026,132,1818,5.54
2026,132,1848,7.09
2026,132,1918,6.02
2026,132,1948,6.32
2026,132,2018,6.14
2026,132,2048,5.84
2026,132,2118,5.05
2026,132,2148,3.56
2026,132,2218,4.95
2026,132,2248,5.60
2026,132,2318,3.12
2026,132,2348,2.35
2026,133,18,3.17
2026,133,48,2.53
2026,133,118,3.04
2026,133,148,2.73
2026,133,218,2.18
2026,133,248,3.42
2026,133,318,3.29
2026,133,348,2.44
2026,133,418,1.98
2026,133,448,2.82
2026,133,518,2.00
2026,133,548,1.88
2026,133,618,2.14
2026,133,648,2.48
2026,133,718,2.41
2026,133,748,2.74
2026,133,818,3.26
2026,133,848,3.25
2026,133,918,4.80
2026,133,948,3.74
2026,133,1018,5.00
2026,133,1048,3.58
2026,133,1118,4.48
2026,133,1148,3.29
2026,133,1218,3.46
2026,133,1248,2.71
2026,133,1318,3.33
2026,133,1348,4.67
2026,133,1418,5.06
2026,133,1448,4.53
2026,133,1518,4.24
2026,133,1548,3.95
2026,133,1618,3.61
2026,133,1648,4.02
2026,133,1718,2.83
2026,133,1748,3.58
2026,133,1818,3.20
2026,133,1848,2.67
2026,133,1918,2.86
2026,133,1948,3.18
2026,133,2018,3.36
2026,133,2048,3.99
2026,133,2118,3.76
2026,133,2148,4.04
2026,133,2218,3.38
2026,133,2248,3.36
2026,133,2318,4.35
2026,133,2348,4.01
2026,134,18,4.58
2026,134,48,4.42
2026,134,118,5.19
2026,134,148,4.89
2026,134,218,4.35
2026,134,248,4.72
2026,134,318,4.48
2026,134,348,4.93
2026,134,418,4.30
2026,134,448,5.52
2026,134,518,6.33
2026,134,548,6.42
2026,134,618,5.83
2026,134,648,6.98
2026,134,718,7.08
2026,134,748,6.28
2026,134,818,6.77
2026,134,848,7.03
2026,134,918,8.58
2026,134,948,8.70
2026,134,1018,5.36
2026,134,1048,7.67
2026,134,1118,6.35
2026,134,1148,8.19
2026,134,1218,6.69
2026,134,1248,5.71
2026,134,1318,7.77
2026,134,1348,8.10
2026,134,1418,7.74
2026,134,1448,8.39
2026,134,1518,7.39
2026,134,1548,7.98
2026,134,1618,7.60
2026,134,1648,8.02
2026,134,1718,7.92
2026,134,1748,8.83
2026,134,1818,7.98
2026,134,1848,8.07
2026,134,1918,7.76
2026,134,1948,8.57
2026,134,2018,8.73
2026,134,2048,8.10
2026,134,2118,6.99
2026,134,2148,7.06
2026,134,2218,6.22
2026,134,2248,6.95
2026,134,2318,6.55
2026,134,2348,6.55
2026,135,18,7.52
2026,135,48,8.34
2026,135,118,7.51
2026,135,148,8.29
2026,135,218,7.44
2026,135,248,6.62
2026,135,318,6.93
2026,135,348,5.86
2026,135,418,6.47
2026,135,448,6.41
2026,135,518,6.66
2026,135,548,6.91
2026,135,618,7.58
2026,135,648,7.17
2026,135,718,7.22
2026,135,748,7.17
2026,135,818,6.99
2026,135,848,8.70
2026,135,918,5.81
2026,135,948,6.41
2026,135,1018,5.20
2026,135,1048,5.37
2026,135,1118,4.30
2026,135,1148,4.64
2026,135,1218,5.52
2026,135,1248,5.52
2026,135,1318,4.82
2026,135,1348,5.21
2026,135,1418,6.87
2026,135,1448,5.13
2026,135,1518,5.15
2026,135,1548,4.60
2026,135,1618,6.53
2026,135,1648,6.10
2026,135,1718,5.51
2026,135,1748,5.41
2026,135,1818,5.10
2026,135,1848,4.84
2026,135,1918,5.30
2026,135,1948,4.44
2026,135,2018,4.52
2026,135,2048,3.99
2026,135,2118,4.23
2026,135,2148,4.77
2026,135,2218,4.66
2026,135,2248,4.82
2026,135,2318,4.50
2026,135,2348,4.19
2026,136,18,3.88
2026,136,48,3.96
2026,136,118,4.41
2026,136,148,3.39
2026,136,218,3.65
2026,136,248,2.68
2026,136,318,3.42
2026,136,348,4.01
2026,136,418,3.75
2026,136,448,3.20
2026,136,518,3.00
2026,136,548,2.72
2026,136,618,2.65
2026,136,648,3.08
2026,136,718,2.05
2026,136,748,0.36
2026,136,818,0.56
2026,136,848,0.43
2026,136,918,0.46
2026,136,948,0.62
2026,136,1018,0.82
2026,136,1048,0.73
2026,136,1118,1.07
2026,136,1148,0.52
2026,136,1218,0.26
2026,136,1248,2.21
2026,136,1318,0.59
2026,136,1348,1.03
2026,136,1418,1.60
2026,136,1448,1.68
2026,136,1518,0.85
2026,136,1548,1.13
2026,136,1618,0.74
2026,136,1648,1.49
2026,136,1718,1.04
2026,136,1748,3.06
2026,136,1818,2.44
2026,136,1848,3.55
2026,136,1918,3.33
2026,136,1948,2.64
2026,136,2018,2.36
2026,136,2048,2.05
2026,136,2118,1.83
2026,136,2148,3.18
2026,136,2218,2.77
2026,136,2248,2.87
2026,136,2318,2.20
2026,136,2348,1.80
2026,137,18,1.79
2026,137,48,2.18
2026,137,118,3.29
2026,137,148,4.62
2026,137,218,4.22
2026,137,248,5.11
2026,137,318,5.57
2026,137,348,6.28
2026,137,418,6.55
2026,137,448,6.88
2026,137,518,6.29
2026,137,548,6.01
2026,137,618,5.76
2026,137,648,5.33
2026,137,718,5.46
2026,137,748,5.42
2026,137,818,4.78
2026,137,848,3.43
2026,137,918,3.04
2026,137,948,2.85
2026,137,1018,2.19
2026,137,1048,2.02
2026,137,1118,2.23
2026,137,1148,3.82
2026,137,1218,2.61
2026,137,1248,3.31
2026,137,1318,3.02
2026,137,1348,3.46
2026,137,1418,3.63
2026,137,1448,4.84
2026,137,1518,3.49
2026,137,1548,4.88
2026,137,1618,3.54
2026,137,1648,5.54
2026,137,1718,5.40
2026,137,1748,4.85
2026,137,1818,4.02
2026,137,1848,3.38
2026,137,1918,3.30
2026,137,1948,2.97
2026,137,2018,1.82
2026,137,2048,1.61
2026,137,2118,2.44
2026,137,2148,2.86
2026,137,2218,1.13
2026,137,2248,0.28
2026,137,2318,0.92
2026,137,2348,1.37
2026,138,18,0.99
2026,138,48,2.17
2026,138,118,2.27
2026,138,148,2.79
2026,138,218,2.50
2026,138,248,3.02
2026,138,318,2.93
2026,138,348,3.54
2026,138,418,2.65
2026,138,448,3.11
2026,138,518,2.82
2026,138,548,3.45
2026,138,618,4.53
2026,138,648,3.91
2026,138,718,4.49
2026,138,748,5.15
2026,138,818,4.65
2026,138,848,4.91
2026,138,918,3.46
2026,138,948,4.50
2026,138,1018,5.34
2026,138,1048,4.69
2026,138,1118,6.01
2026,138,1148,4.98
2026,138,1218,5.80
2026,138,1248,6.37
2026,138,1318,5.61
2026,138,1348,6.28
2026,138,1418,5.51
2026,138,1448,5.98
2026,138,1518,6.46
2026,138,1548,7.44
2026,138,1618,7.18
2026,138,1648,7.09
2026,138,1718,8.74
2026,138,1748,9.03
2026,138,1818,8.54
2026,138,1848,9.45
2026,138,1918,10.05
2026,138,1948,10.50
2026,138,2018,10.36
2026,138,2048,8.19
2026,138,2118,8.99
2026,138,2148,9.47
2026,138,2218,10.23
2026,138,2248,9.36
2026,138,2318,12.73
2026,138,2348,12.90
2026,139,18,11.99
2026,139,48,12.34
2026,139,118,12.41
2026,139,148,13.55
2026,139,218,14.70
2026,139,248,12.89
2026,139,318,12.72
2026,139,348,13.53
2026,139,418,13.31
2026,139,448,13.53
2026,139,518,13.61
2026,139,548,12.28
2026,139,618,11.25
2026,139,648,11.16
2026,139,718,12.00
2026,139,748,11.86
2026,139,818,11.07
2026,139,848,11.56
2026,139,918,10.53
2026,139,948,11.50
2026,139,1018,12.12
2026,139,1048,11.40
2026,139,1118,11.18
2026,139,1148,9.99
2026,139,1218,10.06
2026,139,1248,8.14
2026,139,1318,8.06
2026,139,1348,9.50
2026,139,1548,10.26
2026,139,1618,11.41
2026,139,1648,10.04
2026,139,1718,9.71
2026,139,1748,9.41
2026,139,1818,8.19
2026,139,1848,8.81
2026,139,1918,7.15
2026,139,1948,8.16
2026,139,2018,8.74
2026,139,2048,5.88
2026,139,2118,5.62
2026,139,2148,6.74
2026,139,2218,6.80
2026,139,2248,6.46
2026,139,2318,6.21
2026,139,2348,5.98
2026,140,18,5.89
2026,140,48,5.06
2026,140,118,5.44
2026,140,148,4.35
2026,140,218,5.07
2026,140,248,3.58
2026,140,318,3.45
2026,140,348,2.48
2026,140,418,2.87
2026,140,448,3.53
2026,140,518,4.28
2026,140,548,4.39
2026,140,618,3.59
2026,140,648,3.34
2026,140,718,4.00
2026,140,748,4.28
2026,140,818,4.05
2026,140,848,4.55
2026,140,918,5.02
2026,140,948,5.20
2026,140,1018,5.85
2026,140,1048,5.53
2026,140,1118,6.36
2026,140,1148,6.52
2026,140,1218,7.17
2026,140,1248,6.81
2026,140,1318,6.34
2026,140,1348,7.05
2026,140,1418,6.64
2026,140,1448,7.38
2026,140,1518,6.37
2026,140,1548,7.01
2026,140,1618,5.62
2026,140,1648,5.61
2026,140,1718,7.27
2026,140,1748,5.95
2026,140,1818,6.16
2026,140,1848,6.46
2026,140,1918,5.98
2026,140,1948,6.42
2026,140,2018,6.07
2026,140,2048,7.13
2026,140,2118,7.81
2026,140,2148,6.45
2026,140,2218,8.51
2026,140,2248,9.71
2026,140,2318,9.74
2026,140,2348,7.72
2026,141,18,8.43
2026,141,48,8.45
2026,141,118,7.84
2026,141,148,8.93
2026,141,218,10.37
2026,141,248,10.26
2026,141,318,8.98
2026,141,348,9.03
2026,141,418,9.06
2026,141,448,8.11
2026,141,518,8.37
2026,141,548,6.69
2026,141,618,5.46
2026,141,648,5.50
2026,141,718,5.38
2026,141,748,5.61
2026,141,818,5.54
2026,141,848,5.98
2026,141,918,7.43
2026,141,948,6.68
2026,141,1018,7.39
2026,141,1048,6.97
2026,141,1118,6.73
2026,141,1148,6.87
2026,141,1218,7.60
2026,141,1248,5.19
2026,141,1318,6.66
2026,141,1348,9.37
2026,141,1418,7.99
2026,141,1448,8.44
2026,141,1518,7.68
2026,141,1548,6.38
2026,141,1618,4.82
2026,141,1648,6.90
2026,141,1718,4.47
2026,141,1748,6.38
2026,141,1818,4.33
2026,141,1848,4.26
2026,141,1918,3.89
2026,141,1948,3.16
2026,141,2018,3.16
2026,141,2048,4.79
2026,141,2118,4.65
2026,141,2148,4.18
2026,141,2218,4.74
2026,141,2248,4.55
2026,141,2318,5.36
2026,141,2348,5.87
2026,142,18,5.22
2026,142,48,5.94
2026,142,118,7.20
2026,142,148,5.55
2026,142,1548,5.32
2026,142,1618,4.03
2026,142,1648,4.59
2026,142,1718,5.97
2026,142,1748,4.46
2026,142,1818,3.71
2026,142,1848,4.35
2026,142,1918,4.34
2026,142,1948,4.20
2026,142,2018,5.21
2026,142,2048,5.32
2026,142,2118,5.83
2026,142,2148,4.89
2026,142,2218,6.87
2026,142,2248,7.26
2026,142,2318,6.95
2026,142,2348,8.79
2026,143,18,9.92
2026,143,48,7.96
2026,143,118,7.84
2026,143,148,7.36
2026,143,218,9.01
2026,143,248,8.52
2026,143,318,7.84
2026,143,348,9.18
2026,143,418,7.88
2026,143,448,6.62
2026,143,518,7.31
2026,143,548,7.03
2026,143,618,9.39
2026,143,648,9.12
2026,143,718,10.34
2026,143,748,10.17
2026,143,818,10.03
2026,143,848,11.18
2026,143,918,8.38
2026,143,1548,7.98
2026,143,1618,8.05
2026,143,1648,6.75
2026,143,1718,6.91
2026,143,1748,6.48
2026,143,1818,7.03
2026,143,1848,6.46
2026,143,1918,7.72
2026,143,1948,8.61
2026,143,2018,8.93
2026,143,2048,9.44
2026,143,2118,9.22
2026,143,2148,9.48
2026,143,2218,9.89
2026,143,2248,7.56
2026,143,2318,9.01
2026,143,2348,9.88
2026,144,18,9.38
2026,144,48,8.59
2026,144,118,7.22
2026,144,148,6.76
2026,144,218,6.84
2026,144,248,5.37
2026,144,318,4.92
2026,144,348,5.91
2026,144,418,8.16
2026,144,448,8.55
2026,144,518,7.73
2026,144,548,7.90
2026,144,618,8.23
2026,144,648,7.02
2026,144,718,6.87
2026,144,748,8.23
2026,144,818,8.44
2026,144,848,6.14
2026,144,918,7.01
2026,144,948,7.07
2026,144,1018,5.83
2026,144,1048,4.92
2026,144,1118,5.90
2026,144,1148,5.06
2026,144,1218,5.51
2026,144,1248,4.14
2026,144,1318,5.66
2026,144,1348,5.71
2026,144,1418,6.73
2026,144,1448,6.18
2026,144,1518,6.80
2026,144,1548,7.51
2026,144,1618,7.46
2026,144,1648,6.66
2026,144,1718,6.53
2026,144,1748,6.90
2026,144,1818,8.67
2026,144,1848,7.52
2026,144,1918,8.10
2026,144,1948,8.09
2026,144,2018,7.15
2026,144,2048,9.17
2026,144,2118,8.07
2026,144,2148,8.75
2026,144,2218,9.58
2026,144,2248,10.15
2026,144,2318,10.05
2026,144,2348,10.51
2026,145,18,9.24
2026,145,48,9.33
2026,145,118,8.85
2026,145,148,9.63
2026,145,218,10.34
2026,145,248,11.49
2026,145,318,11.94
2026,145,348,11.37
2026,145,418,10.34
2026,145,448,11.64
2026,145,518,10.41
2026,145,548,8.86
2026,145,618,10.37
2026,145,648,8.53
2026,145,718,6.55
2026,145,748,5.59
2026,145,818,3.71
2026,145,848,5.53
2026,145,918,4.62
2026,145,948,1.75
2026,145,1018,0.80
2026,145,1048,5.21
2026,145,1118,4.98
2026,145,1148,6.35
2026,145,1218,4.81
2026,145,1248,3.43
2026,145,1318,4.51
2026,145,1348,5.32
2026,145,1418,5.03
2026,145,1448,5.24
2026,145,1518,4.37
2026,145,1548,4.32
2026,145,1618,4.02
2026,145,1648,2.23
2026,145,1718,3.04
2026,145,1748,4.45
2026,145,1818,5.36
2026,145,1848,5.57
2026,145,1918,5.31
2026,145,1948,6.55
2026,145,2018,5.05
2026,145,2048,3.94
2026,145,2118,5.89
2026,145,2148,4.62
2026,145,2218,4.62
2026,145,2248,6.17
2026,145,2318,5.82
2026,145,2348,5.63
2026,146,18,6.01
2026,146,48,5.66
2026,146,118,5.81
2026,146,148,5.33
2026,146,218,4.94
2026,146,248,4.45
2026,146,318,4.91
2026,146,348,4.64
2026,146,418,4.42
2026,146,448,3.74
2026,146,518,3.74
2026,146,548,3.20
2026,146,618,3.36
2026,146,648,3.38
2026,146,718,3.57
2026,146,748,2.21
2026,146,818,2.02
2026,146,848,1.51
2026,146,918,2.02
2026,146,948,3.02
2026,146,1018,1.68
2026,146,1048,1.64
2026,146,1118,1.75
2026,146,1148,0.58
2026,146,1218,1.24
2026,146,1248,1.57
2026,146,1318,0.97
2026,146,1348,1.90
2026,146,1418,0.98
2026,146,1448,2.32
2026,146,1518,2.25
2026,146,1548,2.89
2026,146,1618,3.16
2026,146,1648,1.85
2026,146,1718,2.04
2026,146,1748,2.05
2026,146,1818,1.66
2026,146,1848,1.77
2026,146,1918,1.57
2026,146,1948,1.00
2026,146,2018,1.25
2026,146,2048,0.85
2026,146,2118,0.83
2026,146,2148,1.08
2026,146,2218,0.18
2026,146,2248,1.41
2026,146,2318,1.22
2026,146,2348,0.84
2026,147,18,0.29
2026,147,48,0.56
2026,147,118,1.14
2026,147,148,1.62
2026,147,218,0.53
2026,147,248,1.26
2026,147,318,1.66
2026,147,348,1.71
2026,147,418,2.23
2026,147,448,1.69
2026,147,518,0.50
2026,147,548,1.53
2026,147,618,0.35
2026,147,648,1.65
2026,147,718,1.12
2026,147,748,1.76
2026,147,818,1.87
2026,147,848,2.45
2026,147,918,2.91
2026,147,948,2.59
2026,147,1018,1.66
2026,147,1048,1.97
2026,147,1118,2.40
2026,147,1148,2.24
2026,147,1218,2.07
2026,147,1248,1.52
2026,147,1318,1.19
2026,147,1348,1.08
2026,147,1418,1.44
2026,147,1448,0.50
2026,147,1518,0.27
2026,147,1548,0.42
2026,147,1618,1.34
2026,147,1648,0.32
2026,147,1718,1.17
2026,147,1748,1.44
2026,147,1818,1.68
2026,147,1848,0.54
2026,147,1918,1.46
2026,147,1948,0.72
2026,147,2018,1.01
2026,147,2048,1.33
2026,147,2118,1.57
2026,147,2148,1.61
2026,147,2218,1.78
2026,147,2248,1.82
2026,147,2318,1.65
2026,147,2348,1.78
2026,148,18,2.33
2026,148,48,2.03
2026,148,118,1.25
2026,148,148,0.64
2026,148,218,0.37
2026,148,248,0.76
2026,148,318,1.11
2026,148,348,2.09
2026,148,418,0.95
2026,148,448,1.45
2026,148,518,3.08
2026,148,548,4.33
2026,148,618,4.51
2026,148,648,4.73
2026,148,718,4.28
2026,148,748,3.58
2026,148,818,3.84
2026,148,848,3.94
2026,148,918,3.59
2026,148,948,3.63
2026,148,1018,4.79
2026,148,1048,4.50
2026,148,1118,4.42
2026,148,1148,6.25
2026,148,1218,7.18
2026,148,1248,7.56
2026,148,1318,6.14
2026,148,1348,6.27
2026,148,1418,7.33
2026,148,1448,8.78
2026,148,1518,8.97
2026,148,1548,8.36
2026,148,1618,7.12
2026,148,1648,6.78
2026,148,1718,7.16
2026,148,1748,5.35
2026,148,1818,5.78
2026,148,1848,6.23
2026,148,1918,7.83
2026,148,1948,8.86
2026,148,2018,8.31
2026,148,2048,9.28
2026,148,2118,10.57
2026,148,2148,9.91
2026,148,2218,9.04
2026,148,2248,7.82
2026,148,2318,7.36
2026,148,2348,3.94
2026,149,18,3.65
2026,149,48,8.42
2026,149,118,8.41
2026,149,148,7.18
2026,149,218,7.61
2026,149,248,6.16
2026,149,318,6.88
2026,149,348,8.04
2026,149,418,7.33
2026,149,448,7.26
2026,149,518,5.41
2026,149,548,7.37
2026,149,618,6.85
2026,149,648,8.18
2026,149,718,6.87
2026,149,748,6.44
2026,149,818,8.31
2026,149,848,6.80
2026,149,918,7.12
2026,149,948,7.96
2026,149,1018,7.45
2026,149,1048,6.79
2026,149,1118,8.79
2026,149,1148,8.61
2026,149,1218,8.25
2026,149,1248,11.45
2026,149,1318,9.01
2026,149,1348,7.48
2026,149,1418,9.88
2026,149,1448,10.50
2026,149,1518,13.56
2026,149,1548,10.50
2026,149,1618,8.72
2026,149,1648,10.83
2026,149,1718,10.68
2026,149,1748,12.05
2026,149,1818,9.73
2026,149,1848,8.21
2026,149,1918,10.32
2026,149,1948,9.70
2026,149,2018,10.93
2026,149,2048,9.52
2026,149,2118,9.44
2026,149,2148,8.62
2026,149,2218,9.02
2026,149,2248,8.97
2026,149,2318,8.96
2026,149,2348,8.21
2026,150,18,6.50
2026,150,48,6.86
2026,150,118,6.38
2026,150,148,8.11
2026,150,218,8.22
2026,150,248,7.17
2026,150,318,7.03
2026,150,348,6.95
2026,150,418,5.44
2026,150,448,3.26
2026,150,518,1.89
2026,150,548,3.17
2026,150,618,0.35
2026,150,648,1.50
2026,150,718,0.37
2026,150,748,2.12
2026,150,818,1.89
2026,150,848,3.00
2026,150,918,3.80
2026,150,948,3.07
2026,150,1018,3.11
2026,150,1048,2.60
2026,150,1118,3.30
2026,150,1148,3.47
2026,150,1218,3.69
2026,150,1248,4.48
2026,150,1318,3.55
2026,150,1348,4.46
2026,150,1418,3.79
2026,150,1448,5.38
2026,150,1518,5.20
2026,150,1548,5.54
2026,150,1618,5.84
2026,150,1648,5.83
2026,150,1718,5.49
2026,150,1748,4.52
2026,150,1818,3.37
2026,150,1848,3.58
2026,150,1918,3.78
2026,150,1948,4.09
2026,150,2018,4.73
2026,150,2048,4.73
2026,150,2118,4.42
2026,150,2148,3.43
2026,150,2218,2.22
2026,150,2248,2.56
2026,150,2318,2.54
2026,150,2348,2.17
2026,151,18,1.83
2026,151,48,1.75
2026,151,118,2.04
2026,151,148,0.99
2026,151,218,2.91
2026,151,248,3.62
2026,151,318,2.06
2026,151,348,4.09
2026,151,418,4.24
2026,151,448,3.57
2026,151,518,4.43
2026,151,548,3.09
2026,151,618,4.57
2026,151,648,4.26
2026,151,718,3.99
2026,151,748,3.95
2026,151,818,3.56
2026,151,848,3.71
2026,151,918,3.01
2026,151,948,3.41
2026,151,1018,4.37
2026,151,1048,4.20
2026,151,1118,4.06
2026,151,1148,3.31
2026,151,1218,3.17
2026,151,1248,4.57
2026,151,1318,3.92
2026,151,1348,4.01
2026,151,1418,4.65
2026,151,1448,2.54
2026,151,1518,4.40
2026,151,1548,3.33
2026,151,1618,3.64
2026,151,1648,3.74
2026,151,1718,2.48
2026,151,1748,3.69
2026,151,1818,6.34
2026,151,1848,5.10
2026,151,1918,5.61
2026,151,1948,3.27
2026,151,2018,4.19
2026,151,2048,3.71
2026,151,2118,4.34
2026,151,2148,7.13
2026,151,2218,5.53
2026,151,2248,5.23
2026,151,2318,3.11
2026,151,2348,3.63
2026,152,18,4.87
2026,152,48,5.66
2026,152,118,5.29
2026,152,148,4.36
2026,152,218,4.72
2026,152,248,4.40
2026,152,318,4.50
2026,152,348,5.09
2026,152,418,4.10
2026,152,448,4.86
2026,152,518,3.88
2026,152,548,4.43
2026,152,618,4.14
2026,152,648,3.25
2026,152,718,2.67
2026,152,748,3.66
2026,152,818,4.28
2026,152,848,3.83
2026,152,918,3.29
2026,152,948,2.52
2026,152,1018,2.82
2026,152,1048,2.23
2026,152,1118,3.25
2026,152,1148,3.85
2026,152,1218,3.93
2026,152,1248,3.60
2026,152,1318,3.56
2026,152,1348,3.31
2026,152,1418,3.01
2026,152,1448,2.43
2026,152,1518,2.73
2026,152,1548,2.83
2026,152,1618,2.74
2026,152,1648,2.03
2026,152,1718,1.63
2026,152,1748,2.52
2026,152,1818,1.69
2026,152,1848,2.02
2026,152,1918,2.32
2026,152,1948,2.35
2026,152,2018,2.50
2026,152,2048,1.87
2026,152,2118,1.54
2026,152,2148,0.38
2026,152,2218,0.98
2026,152,2248,0.21
2026,152,2318,0.38
2026,152,2348,0.44
2026,153,18,0.22
2026,153,48,1.29
2026,153,118,0.91
2026,153,148,1.62
2026,153,218,1.06
2026,153,248,1.33
2026,153,318,1.10
2026,153,348,0.75
2026,153,418,0.40
2026,153,448,0.82
2026,153,518,0.12
2026,153,548,0.87
2026,153,618,0.73
2026,153,648,0.72
2026,153,718,0.44
2026,153,748,0.37
2026,153,818,0.41
2026,153,848,0.71
2026,153,918,0.66
2026,153,948,0.28
2026,153,1018,1.35
2026,153,1048,0.80
2026,153,1118,0.57
2026,153,1148,0.41
2026,153,1218,2.33
2026,153,1248,1.88
2026,153,1318,2.12
2026,153,1348,1.60
2026,153,1418,2.07
2026,153,1448,2.17
2026,153,1518,1.93
2026,153,1548,3.98
2026,153,1618,2.73
2026,153,1648,2.86
2026,153,1718,2.75
2026,153,1748,2.57
2026,153,1818,1.52
2026,153,1848,2.66
2026,153,1918,3.50
2026,153,1948,2.67
2026,153,2018,2.76
2026,153,2048,3.09
2026,153,2118,2.10
2026,153,2148,2.82
2026,153,2218,2.70
2026,153,2248,2.52
2026,153,2318,2.95
2026,153,2348,2.14
2026,154,18,3.33
2026,154,48,2.63
2026,154,118,2.27
2026,154,148,1.14
2026,154,218,0.35
2026,154,248,1.24
2026,154,318,1.73
2026,154,348,1.77
2026,154,418,2.59
2026,154,448,2.60
2026,154,518,2.71
2026,154,548,2.43
2026,154,618,1.80
2026,154,648,2.29
2026,154,718,2.92
2026,154,748,2.64
2026,154,818,3.09
2026,154,848,3.76
2026,154,918,4.95
2026,154,948,5.99
2026,154,1018,8.35
2026,154,1048,6.10
2026,154,1118,5.38
2026,154,1148,5.50
2026,154,1218,7.28
2026,154,1248,9.04
2026,154,1318,9.99
2026,154,1348,9.71
2026,154,1418,8.87
2026,154,1448,10.34
2026,154,1518,9.63
2026,154,1548,8.77
2026,154,1618,7.69
2026,154,1648,8.16
2026,154,1718,5.38
2026,154,1748,4.43
2026,154,1818,5.28
2026,154,1848,4.78
2026,154,1918,3.83
2026,154,1948,3.86
2026,154,2018,2.01
2026,154,2048,2.95
2026,154,2118,3.29
2026,154,2148,3.27
2026,154,2218,2.86
2026,154,2248,3.09
2026,154,2318,3.31
2026,154,2348,1.99
2026,155,18,2.30
2026,155,48,2.52
2026,155,118,2.26
2026,155,148,3.46
2026,155,218,3.11
2026,155,248,2.49
2026,155,318,0.81
2026,155,348,1.10
2026,155,418,0.45
2026,155,448,0.43
2026,155,518,0.84
2026,155,548,1.79
2026,155,618,1.85
2026,155,648,2.13
2026,155,718,1.91
2026,155,748,2.25
2026,155,818,2.70
2026,155,848,2.54
2026,155,918,3.31
2026,155,948,3.61
2026,155,1018,4.94
2026,155,1048,5.70
2026,155,1118,5.72
2026,155,1148,4.15
2026,155,1218,5.37
2026,155,1248,5.42
2026,155,1318,5.81
2026,155,1348,6.07
2026,155,1418,8.46
2026,155,1448,8.00
2026,155,1518,6.83
2026,155,1548,7.78
2026,155,1618,7.98
2026,155,1648,7.23
2026,155,1718,7.31
2026,155,1748,8.19
2026,155,1818,8.13
2026,155,1848,7.54
2026,155,1918,9.00
2026,155,1948,7.94
2026,155,2018,9.08
2026,155,2048,8.88
2026,155,2118,7.59
2026,155,2148,7.74
2026,155,2218,8.26
2026,155,2248,6.53
2026,155,2318,6.88
2026,155,2348,7.76
2026,156,18,7.69
2026,156,48,8.61
2026,156,118,8.85
2026,156,148,9.50
2026,156,218,10.68
2026,156,248,10.24
2026,156,318,10.22
2026,156,348,9.83
2026,156,418,10.90
2026,156,448,9.44
2026,156,518,10.69
2026,156,548,9.95
2026,156,618,9.98
2026,156,648,9.30
2026,156,718,8.09
2026,156,748,7.87
2026,156,818,8.59
2026,156,848,6.67
2026,156,918,6.83
2026,156,948,6.62
2026,156,1018,7.49
2026,156,1048,4.46
2026,156,1118,4.30
2026,156,1148,3.21
2026,156,1218,4.54
2026,156,1248,3.04
2026,156,1318,4.91
2026,156,1348,4.30
2026,156,1418,5.09
2026,156,1448,4.19
2026,156,1518,5.24
2026,156,1548,3.04
2026,156,1618,3.69
2026,156,1648,5.55
2026,156,1718,2.67
2026,156,1748,2.92
2026,156,1818,1.65
2026,156,1848,2.70
2026,156,1918,2.53
2026,156,1948,3.26
2026,156,2018,3.51
2026,156,2048,5.07
2026,156,2118,5.56
2026,156,2148,4.80
2026,156,2218,5.08
2026,156,2248,4.64
2026,156,2318,3.53
2026,156,2348,5.47
2026,157,18,4.38
2026,157,48,5.14
2026,157,118,6.61
2026,157,148,7.72
2026,157,218,6.10
2026,157,248,6.07
2026,157,318,5.44
2026,157,348,5.70
2026,157,418,6.41
2026,157,448,8.84
2026,157,518,8.21
2026,157,548,9.08
2026,157,618,8.04
2026,157,648,8.86
2026,157,718,8.72
2026,157,748,7.58
2026,157,818,7.99
2026,157,848,8.65
2026,157,918,8.07
2026,157,948,9.98
2026,157,1018,10.23
2026,157,1048,8.83
2026,157,1118,8.75
2026,157,1148,8.12
2026,157,1218,9.83
2026,157,1248,8.01
2026,157,1318,8.27
2026,157,1348,6.63
2026,157,1418,6.98
2026,157,1448,6.22
2026,157,1518,6.32
2026,157,1548,6.41
2026,157,1618,6.51
2026,157,1648,4.62
2026,157,1718,5.14
2026,157,1748,6.78
2026,157,1818,4.73
2026,157,1848,5.17
2026,157,1918,4.83
2026,157,1948,5.49
2026,157,2018,5.65
2026,157,2048,4.66
2026,157,2118,3.75
2026,157,2148,3.81
2026,157,2218,4.10
2026,157,2248,4.86
2026,157,2318,5.20
2026,157,2348,5.00
2026,158,18,4.63
2026,158,48,4.01
2026,158,118,4.47
2026,158,148,3.37
2026,158,218,4.48
2026,158,248,5.87
2026,158,318,6.60
2026,158,348,6.26
2026,158,418,5.95
2026,158,448,6.01
2026,158,518,5.68
2026,158,548,5.70
2026,158,618,5.06
2026,158,648,4.68
2026,158,718,4.85
2026,158,748,5.84
2026,158,818,6.95
2026,158,848,7.01
2026,158,918,7.24
2026,158,948,6.62
2026,158,1018,7.37
2026,158,1048,6.79
2026,158,1118,6.82
2026,158,1148,5.61
2026,158,1218,6.46
2026,158,1248,5.95
2026,158,1318,5.39
2026,158,1348,4.75
2026,158,1418,5.22
2026,158,1448,5.87
2026,158,1518,7.19
2026,158,1548,6.08
2026,158,1618,6.50
2026,158,1648,5.47
2026,158,1718,5.02
2026,158,1748,5.02
2026,158,1818,4.62
2026,158,1848,5.97
2026,158,1918,4.30
2026,158,1948,3.25
2026,158,2018,4.09
2026,158,2048,2.91
2026,158,2118,3.56
2026,158,2148,3.30
2026,158,2218,3.01
2026,158,2248,4.05
2026,158,2318,4.85
2026,158,2348,5.41
2026,159,18,6.58
2026,159,48,5.21
2026,159,118,5.54
2026,159,148,4.65
2026,159,218,6.05
2026,159,248,6.04
2026,159,318,5.59
2026,159,348,6.21
2026,159,418,3.90
2026,159,448,5.23
2026,159,518,5.36
2026,159,548,3.74
2026,159,618,5.61
2026,159,648,5.48
2026,159,718,5.76
2026,159,748,6.33
2026,159,818,4.39
2026,159,848,4.04
2026,159,918,3.63
2026,159,948,3.17
2026,159,1018,4.43
2026,159,1048,5.15
2026,159,1118,3.57
2026,159,1148,3.86
2026,159,1218,4.04
2026,159,1248,4.08
2026,159,1318,4.29
2026,159,1348,3.72
2026,159,1418,4.09
2026,159,1448,4.50
2026,159,1518,3.19
2026,159,1548,3.57
2026,159,1618,3.61
2026,159,1648,3.85
2026,159,1718,3.42
2026,159,1748,3.89
2026,159,1818,3.95
2026,159,1848,3.35
2026,159,1918,3.66
2026,159,1948,4.71
2026,159,2018,5.31
2026,159,2048,5.07
2026,159,2118,4.92
2026,159,2148,4.56
2026,159,2218,4.88
2026,159,2248,3.48
2026,159,2318,3.48
2026,159,2348,3.11
2026,160,18,5.11
2026,160,48,4.30
2026,160,118,4.37
2026,160,148,5.11
2026,160,218,5.04
2026,160,248,4.17
2026,160,318,3.65
2026,160,348,4.14
2026,160,418,4.92
2026,160,448,4.06
2026,160,518,4.42
2026,160,548,4.18
2026,160,618,3.21
2026,160,648,2.51
2026,160,718,3.45
2026,160,748,3.31
2026,160,818,3.43
2026,160,848,4.22
2026,160,918,4.22
2026,160,948,3.06
2026,160,1018,3.67
2026,160,1048,3.32
2026,160,1118,2.07
2026,160,1148,3.16
2026,160,1218,3.61
2026,160,1248,2.88
2026,160,1318,2.97
2026,160,1348,3.22
2026,160,1418,2.25
2026,160,1448,3.08
2026,160,1518,3.75
2026,160,1548,2.49
2026,160,1618,3.47
2026,160,1648,3.71
2026,160,1718,3.97
2026,160,1748,4.08
2026,160,1818,3.82
2026,160,1848,4.39
2026,160,1918,5.44
2026,160,1948,4.16
2026,160,2018,2.20
2026,160,2048,3.23
2026,160,2118,3.46
2026,160,2148,4.55
2026,160,2218,4.04
2026,160,2248,4.31
2026,160,2318,4.53
2026,160,2348,3.91
2026,161,18,4.17
2026,161,48,4.26
2026,161,118,4.47
2026,161,148,4.87
2026,161,218,5.38
2026,161,248,6.17
2026,161,318,5.65
2026,161,348,5.32
2026,161,418,5.05
2026,161,448,4.83
2026,161,518,4.16
2026,161,548,4.23
2026,161,618,3.95
2026,161,648,3.63
2026,161,718,3.60
2026,161,748,3.29
2026,161,818,3.39
2026,161,848,2.88
2026,161,918,3.96
2026,161,948,2.77
2026,161,1018,3.16
2026,161,1048,3.17
2026,161,1118,3.27
2026,161,1148,3.99
2026,161,1218,4.19
2026,161,1248,4.01
2026,161,1318,3.82
2026,161,1348,4.20
2026,161,1418,5.06
2026,161,1448,5.04
2026,161,1518,5.40
2026,161,1548,4.89
2026,161,1618,4.91
2026,161,1648,5.18
2026,161,1718,4.13
2026,161,1748,7.06
2026,161,1818,6.26
2026,161,1848,5.56
2026,161,1918,5.80
2026,161,1948,6.55
2026,161,2018,5.31
2026,161,2048,5.27
2026,161,2118,5.93
2026,161,2148,6.08
2026,161,2218,4.52
2026,161,2248,5.19
2026,161,2318,5.90
2026,161,2348,5.49
2026,162,18,4.96
2026,162,48,5.11
2026,162,118,5.00
2026,162,148,4.86
2026,162,218,5.24
2026,162,248,3.39
2026,162,318,3.20
2026,162,348,4.14
2026,162,418,4.27
2026,162,448,2.22
2026,162,518,4.47
2026,162,548,3.39
2026,162,618,2.88
2026,162,648,2.43
2026,162,718,2.55
2026,162,748,3.84
2026,162,818,4.39
2026,162,848,4.52
2026,162,918,3.39
2026,162,948,3.60
2026,162,1018,5.52
2026,162,1048,5.93
2026,162,1118,5.78
2026,162,1148,6.12
2026,162,1218,6.58
2026,162,1248,5.43
2026,162,1318,4.30
2026,162,1348,4.84
2026,162,1418,5.74
2026,162,1448,5.11
2026,162,1518,4.98
2026,162,1548,5.60
2026,162,1618,5.69
2026,162,1648,6.53
2026,162,1718,7.56
2026,162,1748,7.56
2026,162,1818,7.01
2026,162,1848,8.31
2026,162,1918,7.52
2026,162,1948,6.08
2026,162,2018,7.96
2026,162,2048,8.61
2026,162,2118,7.85
2026,162,2148,9.00
2026,162,2218,9.08
2026,162,2248,9.22
2026,162,2318,10.74
2026,162,2348,11.04
2026,163,18,10.68
2026,163,48,9.01
2026,163,118,10.84
2026,163,148,8.72
2026,163,218,9.27
2026,163,248,9.99
2026,163,318,10.40
2026,163,348,10.30
2026,163,418,11.06
2026,163,448,11.31
2026,163,518,9.67
2026,163,548,8.99
2026,163,618,7.85
2026,163,648,7.31
2026,163,718,8.41
2026,163,748,6.88
2026,163,818,9.02
2026,163,848,10.14
2026,163,918,7.43
2026,163,948,6.04
2026,163,1018,7.75
2026,163,1048,7.64
2026,163,1118,6.82
2026,163,1148,6.35
2026,163,1218,6.40
2026,163,1248,6.31
2026,163,1318,7.64
2026,163,1348,7.12
2026,163,1418,9.00
2026,163,1448,7.93
2026,163,1518,9.17
2026,163,1548,10.43
2026,163,1618,9.84
2026,163,1648,8.01
2026,163,1718,10.59
2026,163,1748,9.86
2026,163,1818,10.77
2026,163,1848,11.01
2026,163,1918,8.65
2026,163,1948,8.66
2026,163,2018,10.86
2026,163,2048,8.86
2026,163,2118,10.73
2026,163,2148,10.72
2026,163,2218,8.71
2026,163,2248,11.52
2026,163,2318,9.95
2026,163,2348,11.81
2026,164,18,10.09
2026,164,48,11.01
2026,164,118,10.64
2026,164,148,10.72
2026,164,218,8.59
2026,164,248,11.18
2026,164,318,10.55
2026,164,348,10.82
2026,164,418,10.59
2026,164,448,9.60
2026,164,518,9.33
2026,164,548,8.55
2026,164,618,11.16
2026,164,648,11.07
2026,164,718,10.36
2026,164,748,9.41
2026,164,818,11.05
2026,164,848,9.33
2026,164,918,9.17
2026,164,948,10.49
2026,164,1018,10.10
2026,164,1048,9.92
2026,164,1118,9.86
2026,164,1148,9.35
2026,164,1218,9.40
2026,164,1248,9.27
2026,164,1318,7.95
2026,164,1348,10.07
2026,164,1418,8.54
2026,164,1448,9.80
2026,164,1518,7.58
2026,164,1548,10.50
2026,164,1618,9.99
2026,164,1648,6.66
2026,164,1718,9.68
2026,164,1748,7.68
2026,164,1818,8.35
2026,164,1848,7.41
2026,164,1918,7.77
2026,164,1948,7.22
2026,164,2018,6.59
2026,164,2048,5.62
2026,164,2118,5.99
2026,164,2148,4.89
2026,164,2218,4.98
2026,164,2248,5.64
2026,164,2318,5.01
2026,164,2348,5.37
2026,165,18,4.81
2026,165,48,4.68
2026,165,118,5.24
2026,165,148,4.91
2026,165,218,4.84
2026,165,248,4.89
2026,165,318,4.61
2026,165,348,4.73
2026,165,418,5.06
2026,165,448,4.89
2026,165,518,5.20
2026,165,548,5.72
2026,165,618,6.09
2026,165,648,4.81
2026,165,718,4.54
2026,165,748,4.26
2026,165,818,5.19
2026,165,848,5.41
2026,165,918,6.17
2026,165,948,5.25
2026,165,1018,3.29
2026,165,1048,4.80
2026,165,1118,5.40
2026,165,1148,3.58
2026,165,1218,4.51
2026,165,1248,2.39
2026,165,1318,3.78
2026,165,1348,3.33
2026,165,1418,2.57
2026,165,1448,3.44
2026,165,1518,3.11
2026,165,1548,3.50
2026,165,1618,3.45
2026,165,1648,3.16
2026,165,1718,3.01
2026,165,1748,3.13
2026,165,1818,2.55
2026,165,1848,2.83
2026,165,1918,2.99
2026,165,1948,2.66
2026,165,2018,2.95
2026,165,2048,2.15
2026,165,2118,2.42
2026,165,2148,2.31
2026,165,2218,1.73
2026,165,2248,2.50
2026,165,2318,2.35
2026,165,2348,3.03
2026,166,18,2.13
2026,166,48,2.16
2026,166,118,1.96
2026,166,148,2.31
2026,166,218,2.29
2026,166,248,2.11
2026,166,318,1.88
2026,166,348,2.32
2026,166,418,1.80
2026,166,448,1.46
2026,166,518,0.52
2026,166,548,1.14
2026,166,618,1.44
2026,166,648,0.88
2026,166,718,0.58
2026,166,748,1.10
2026,166,818,0.27
2026,166,848,0.51
2026,166,918,0.26
2026,166,948,0.88
2026,166,1018,1.27
2026,166,1048,1.19
2026,166,1118,1.07
2026,166,1148,0.56
2026,166,1218,0.85
2026,166,1248,0.57
2026,166,1318,1.18
2026,166,1348,0.35
2026,166,1418,0.46
2026,166,1448,1.88
2026,166,1518,2.84
2026,166,1548,3.42
2026,166,1618,2.01
2026,166,1648,1.71
2026,166,1718,2.60
2026,166,1748,3.30
2026,166,1818,2.24
2026,166,1848,2.27
2026,166,1918,1.52
2026,166,1948,0.90
2026,166,2018,1.10
2026,166,2048,0.19
2026,166,2118,1.11
2026,166,2148,0.20
2026,166,2218,0.64
2026,166,2248,0.47
2026,166,2318,0.45
2026,166,2348,1.13
2026,167,18,0.43
2026,167,48,0.37
2026,167,118,0.32
2026,167,148,0.30
2026,167,218,1.20
2026,167,248,2.58
2026,167,318,1.37
2026,167,348,1.90
2026,167,418,1.79
2026,167,448,1.66
2026,167,518,1.54
2026,167,548,2.67
2026,167,618,2.80
2026,167,648,1.92
2026,167,718,3.30
2026,167,748,3.47
2026,167,818,3.33
2026,167,848,3.71
2026,167,918,4.05
2026,167,948,2.13
2026,167,1018,4.01
2026,167,1048,4.02
2026,167,1118,1.98
2026,167,1148,1.96
2026,167,1218,2.60
2026,167,1248,2.84
2026,167,1318,2.29
2026,167,1348,3.73
2026,167,1418,2.82
2026,167,1448,4.26
2026,167,1518,3.13
2026,167,1548,4.02
2026,167,1618,5.54
2026,167,1648,5.15
2026,167,1718,4.35
2026,167,1748,4.87
2026,167,1818,3.37
2026,167,1848,4.36
2026,167,1918,3.72
2026,167,1948,5.23
2026,167,2018,6.19
2026,167,2048,3.70
2026,167,2118,4.96
2026,167,2148,5.70
2026,167,2218,5.74
2026,167,2248,4.58
2026,167,2318,4.29
2026,167,2348,3.50
2026,168,18,3.03
2026,168,48,2.71
2026,168,118,2.81
2026,168,148,3.09
2026,168,218,2.25
2026,168,248,3.19
2026,168,318,3.49
2026,168,348,3.22
2026,168,418,3.01
2026,168,448,3.49
2026,168,518,3.44
2026,168,548,3.13
2026,168,618,3.21
2026,168,648,2.32
2026,168,718,2.86
2026,168,748,3.27
2026,168,818,3.19
2026,168,848,3.20
2026,168,918,3.66
2026,168,948,3.63
2026,168,1018,4.55
2026,168,1048,4.83
2026,168,1118,5.61
2026,168,1148,4.19
2026,168,1218,4.54
2026,168,1248,4.56
2026,168,1318,6.88
2026,168,1348,7.41
2026,168,1418,6.35
2026,168,1448,8.21
2026,168,1518,4.82
2026,168,1548,4.71
2026,168,1618,5.42
2026,168,1648,3.86
2026,168,1718,3.20
2026,168,1748,3.72
2026,168,1818,4.85
2026,168,1848,5.03
2026,168,1918,6.12
2026,168,1948,6.21
2026,168,2018,6.95
2026,168,2048,6.84
2026,168,2118,6.84
2026,168,2148,4.71
2026,168,2218,4.00
2026,168,2248,4.60
2026,168,2318,5.33
2026,168,2348,3.54
2026,169,18,5.40
2026,169,48,4.56
2026,169,118,5.78
2026,169,148,5.33
2026,169,218,5.17
2026,169,248,5.98
2026,169,318,7.12
2026,169,348,5.33
2026,169,418,3.36
2026,169,448,5.38
2026,169,518,5.63
2026,169,548,6.76
2026,169,618,5.62
2026,169,648,4.87
2026,169,718,7.11
2026,169,748,5.79
2026,169,818,5.78
2026,169,848,4.26
2026,169,918,4.53
2026,169,948,7.88
2026,169,1018,6.32
2026,169,1048,7.86
2026,169,1118,6.24
2026,169,1148,7.82
2026,169,1218,9.03
2026,169,1248,7.47
2026,169,1318,8.11
2026,169,1348,7.89
2026,169,1418,7.16
2026,169,1448,4.83
2026,169,1518,5.41
2026,169,1548,6.01
2026,169,1618,4.04
2026,169,1648,4.07
2026,169,1718,4.70
2026,169,1748,4.66
2026,169,1818,4.96
2026,169,1848,4.87
2026,169,1918,5.03
2026,169,1948,5.23
2026,169,2018,4.47
2026,169,2048,5.11
2026,169,2118,4.43
2026,169,2148,4.46
2026,169,2218,4.08
2026,169,2248,3.64
2026,169,2318,6.23
2026,169,2348,5.45
2026,170,18,4.32
2026,170,48,5.14
2026,170,118,4.98
2026,170,148,4.79
2026,170,218,5.61
2026,170,248,5.77
2026,170,318,8.51
2026,170,348,9.30
2026,170,418,9.29
2026,170,448,9.91
2026,170,518,12.50
2026,170,548,11.00
2026,170,618,11.58
2026,170,648,11.13
2026,170,718,9.02
2026,170,748,8.57
2026,170,818,7.17
2026,170,848,7.47
2026,170,918,7.00
2026,170,948,7.78
2026,170,1018,8.17
2026,170,1048,6.14
2026,170,1118,5.14
2026,170,1148,5.06
2026,170,1218,5.78
2026,170,1248,4.60
2026,170,1318,3.80
2026,170,1348,5.57
2026,170,1418,4.01
2026,170,1448,4.01
2026,170,1518,5.87
2026,170,1548,4.88
2026,170,1618,3.69
2026,170,1648,4.08
2026,170,1718,4.07
2026,170,1748,4.17
2026,170,1818,3.05
2026,170,1848,4.10
2026,170,1918,4.62
2026,170,1948,3.01
2026,170,2018,4.50
2026,170,2048,2.98
2026,170,2118,4.25
2026,170,2148,4.13
2026,170,2218,3.75
2026,170,2248,4.44
2026,170,2318,4.65
2026,170,2348,4.22
2026,171,18,4.25
2026,171,48,3.45
2026,171,118,4.56
2026,171,148,4.30
2026,171,218,3.19
2026,171,248,4.32
2026,171,318,5.94
2026,171,348,4.80
2026,171,418,7.43
2026,171,448,6.27
2026,171,518,6.28
2026,171,548,7.03
2026,171,618,6.74
2026,171,648,7.00
2026,171,718,8.70
2026,171,748,7.22
2026,171,818,7.49
2026,171,848,5.44
2026,171,918,4.41
2026,171,948,4.32
2026,171,1018,5.12
2026,171,1048,6.65
2026,171,1118,6.09
2026,171,1148,7.74
2026,171,1218,6.34
2026,171,1248,6.08
2026,171,1318,4.46
2026,171,1348,6.36
2026,171,1418,5.13
2026,171,1448,4.63
2026,171,1518,5.76
2026,171,1548,3.88
2026,171,1618,4.09
2026,171,1648,3.92
2026,171,1718,4.96
2026,171,1748,4.65
2026,171,1818,3.99
2026,171,1848,3.33
2026,171,1918,3.95
2026,171,1948,5.32
2026,171,2018,3.14
2026,171,2048,2.57
2026,171,2118,1.64
2026,171,2148,2.82
2026,171,2218,4.39
2026,171,2248,2.95
2026,171,2318,4.20
2026,171,2348,5.32
2026,172,18,6.18
2026,172,48,5.23
2026,172,118,5.19
2026,172,148,5.62
2026,172,218,5.20
2026,172,248,6.24
2026,172,318,5.71
2026,172,348,7.31
2026,172,418,6.19
2026,172,448,6.52
2026,172,518,6.70
2026,172,548,5.65
2026,172,618,6.02
2026,172,648,5.94
2026,172,718,6.97
2026,172,748,4.45
2026,172,818,3.13
2026,172,848,2.77
2026,172,1548,1.35
2026,172,1618,0.62
2026,172,1648,0.62
2026,172,1718,0.88
2026,172,1748,1.49
2026,172,1818,1.04
2026,172,1848,1.30
2026,172,1918,0.35
2026,172,1948,1.07
2026,172,2018,1.49
2026,172,2048,1.81
2026,172,2118,1.53
2026,172,2148,1.85
2026,172,2218,1.25
2026,172,2248,1.88
2026,172,2318,2.88
2026,172,2348,3.36
2026,173,18,3.75
2026,173,48,3.77
2026,173,118,3.40
2026,173,148,3.87
2026,173,218,4.08
2026,173,248,3.67
2026,173,318,4.32
2026,173,348,4.54
2026,173,418,4.54
2026,173,448,3.67
2026,173,518,2.30
2026,173,548,2.54
2026,173,618,2.59
2026,173,648,2.21
2026,173,718,2.40
2026,173,748,1.85
2026,173,818,1.95
2026,173,848,1.54
2026,173,918,1.30
2026,173,948,0.85
2026,173,1018,1.72
2026,173,1048,1.91
2026,173,1118,1.51
2026,173,1148,0.80
2026,173,1218,1.49
2026,173,1248,2.23
2026,173,1318,2.89
2026,173,1348,2.71
2026,173,1418,2.50
2026,173,1448,4.44
2026,173,1518,3.13
2026,173,1548,2.64
2026,173,1618,1.93
2026,173,1648,3.29
2026,173,1718,2.68
2026,173,1748,3.25
2026,173,1818,1.90
2026,173,1848,1.56
2026,173,1918,2.40
2026,173,1948,2.42
2026,173,2018,0.85
2026,173,2048,2.01
2026,173,2118,3.15
2026,173,2148,3.59
2026,173,2218,5.12
2026,173,2248,5.09
2026,173,2318,5.09
2026,173,2348,5.31
2026,174,18,5.37
2026,174,48,5.26
2026,174,118,5.04
2026,174,148,4.12
2026,174,218,5.04
2026,174,248,3.71
2026,174,318,3.49
2026,174,348,3.83
2026,174,418,4.35
2026,174,448,4.08
2026,174,518,4.96
2026,174,548,5.48
2026,174,618,5.06
2026,174,648,4.47
2026,174,718,4.08
2026,174,748,4.51
2026,174,818,4.14
2026,174,848,3.50
2026,174,918,5.10
2026,174,948,4.08
2026,174,1018,4.32
2026,174,1048,4.30
2026,174,1118,4.70
2026,174,1148,3.97
2026,174,1218,5.40
2026,174,1248,6.06
2026,174,1318,6.50
2026,174,1348,6.42
2026,174,1418,5.35
2026,174,1448,5.18
2026,174,1518,6.67
2026,174,1548,6.25
2026,174,1618,7.06
2026,174,1648,6.46
2026,174,1718,5.05
2026,174,1748,4.74
2026,174,1818,3.64
2026,174,1848,1.30
2026,174,1918,3.17
2026,174,1948,4.80
2026,174,2018,4.48
2026,174,2048,3.14
2026,174,2118,3.60
2026,174,2148,2.98
2026,174,2218,5.24
2026,174,2248,4.76
2026,174,2318,6.10
2026,174,2348,5.09
2026,175,18,3.57
2026,175,48,3.36
2026,175,1548,3.29
2026,175,1618,3.00
2026,175,1648,2.85
2026,175,1718,2.59
2026,175,1748,0.89
2026,175,1818,2.23
2026,175,1848,2.84
2026,175,1918,3.63
2026,175,1948,2.47
2026,175,2018,3.30
2026,175,2048,4.39
2026,175,2118,3.27
2026,175,2148,1.94
2026,175,2218,4.41
2026,175,2248,4.43
2026,175,2318,2.76
2026,175,2348,2.76
2026,176,18,3.03
2026,176,48,3.25
2026,176,118,3.25
2026,176,148,4.56
2026,176,218,4.10
2026,176,248,5.10
2026,176,318,5.23
2026,176,348,5.05
2026,176,418,3.69
2026,176,448,3.86
2026,176,518,3.56
2026,176,548,3.08
2026,176,618,2.40
2026,176,648,0.80
2026,176,718,0.81
2026,176,748,0.44
2026,176,818,0.34
2026,176,848,1.42
2026,176,918,0.72
2026,176,948,2.37
2026,176,1018,2.48
2026,176,1048,2.20
2026,176,1118,1.52
2026,176,1148,1.73
2026,176,1218,0.50
2026,176,1248,2.57
2026,176,1318,2.68
2026,176,1348,2.60
2026,176,1418,4.22
2026,176,1448,5.46
2026,176,1518,5.24
2026,176,1548,4.09
2026,176,1618,4.10
2026,176,1648,3.55
2026,176,1718,5.71
2026,176,1748,4.95
2026,176,1818,5.11
2026,176,1848,7.98
2026,176,1918,9.17
2026,176,1948,6.48
2026,176,2018,5.49
2026,176,2048,6.33
2026,176,2118,5.06
2026,176,2148,5.03
2026,176,2218,6.01
2026,176,2248,5.08
2026,176,2318,4.22
2026,176,2348,3.91
2026,177,18,5.73
2026,177,48,5.15
2026,177,118,5.71
2026,177,148,6.88
2026,177,218,6.49
2026,177,248,4.43
2026,177,318,4.50
2026,177,348,5.00
2026,177,418,3.81
2026,177,448,3.72
2026,177,518,3.59
2026,177,548,2.35
2026,177,618,0.75
2026,177,648,1.31
2026,177,718,1.19
2026,177,748,1.49
2026,177,818,0.76
2026,177,848,1.17
2026,177,918,0.60
2026,177,948,0.85
2026,177,1018,1.65
2026,177,1048,0.84
2026,177,1118,1.00
2026,177,1148,0.81
2026,177,1218,2.21
2026,177,1248,1.92
2026,177,1318,1.43
2026,177,1348,2.37
2026,177,1418,2.52
2026,177,1448,3.28
2026,177,1518,2.54
2026,177,1548,1.71
2026,177,1618,2.41
2026,177,1648,2.10
2026,177,1718,3.03
2026,177,1748,3.34
2026,177,1818,2.88
2026,177,1848,3.16
2026,177,1918,2.54
2026,177,1948,3.89
2026,177,2018,4.53
2026,177,2048,6.20
2026,177,2118,6.10
2026,177,2148,6.94
2026,177,2218,7.05
2026,177,2248,6.13
2026,177,2318,7.16
2026,177,2348,7.86
2026,178,18,7.82
2026,178,48,7.47
2026,178,118,6.61
2026,178,148,6.51
2026,178,218,7.60
2026,178,248,8.25
2026,178,318,7.19
2026,178,348,6.80
2026,178,418,6.80
2026,178,448,6.51
2026,178,518,6.74
2026,178,548,6.97
2026,178,618,6.68
2026,178,648,6.48
2026,178,718,6.61
2026,178,748,6.68
2026,178,818,5.47
2026,178,848,6.32
2026,178,918,7.93
2026,178,948,7.58
2026,178,1548,9.01
2026,178,1618,10.42
2026,178,1648,9.38
2026,178,1718,8.61
2026,178,1748,8.10
2026,178,1818,9.74
2026,178,1848,11.22
2026,178,1918,10.66
2026,178,1948,10.05
2026,178,2018,11.52
2026,178,2048,10.26
2026,178,2118,10.76
2026,178,2148,11.20
2026,178,2218,12.06
2026,178,2248,11.45
2026,178,2318,11.66
2026,178,2348,10.62
2026,179,18,10.03
2026,179,48,8.34
2026,179,118,7.04
2026,179,148,5.50
2026,179,218,5.14
2026,179,248,4.98
2026,179,318,5.62
2026,179,348,5.17
2026,179,418,6.85
2026,179,448,5.74
2026,179,518,4.24
2026,179,548,4.64
2026,179,618,5.39
2026,179,648,4.23
2026,179,718,4.50
2026,179,748,5.74
2026,179,818,6.52
2026,179,848,5.53
2026,179,918,7.00
2026,179,948,6.23
2026,179,1018,7.03
2026,179,1048,6.33
2026,179,1118,6.55
2026,179,1148,5.49
2026,179,1218,5.83
2026,179,1248,4.93
2026,179,1318,6.07
2026,179,1348,6.07
2026,179,1418,5.76
2026,179,1448,8.46
2026,179,1518,7.51
2026,179,1548,7.31
2026,179,1618,5.53
2026,179,1648,5.83
2026,179,1718,6.05
2026,179,1748,7.30
2026,179,1818,7.98
2026,179,1848,6.64
2026,179,1918,6.23
2026,179,1948,6.95
2026,179,2018,7.80
2026,179,2048,9.93
2026,179,2118,10.55
2026,179,2148,8.94
2026,179,2218,9.42
2026,179,2248,10.68
2026,179,2318,10.66
2026,179,2348,10.01
2026,180,18,9.29
2026,180,48,8.93
2026,180,118,10.13
2026,180,148,9.26
2026,180,218,9.24
2026,180,248,9.34
2026,180,318,10.29
2026,180,348,9.96
2026,180,418,8.06
2026,180,448,8.30
2026,180,518,8.04
2026,180,548,8.13
2026,180,618,9.26
2026,180,648,10.19
2026,180,718,9.68
2026,180,748,9.17
2026,180,818,7.26
2026,180,848,9.77
2026,180,918,9.54
2026,180,948,9.04
2026,180,1018,8.04
2026,180,1048,8.00
2026,180,1118,10.06
2026,180,1148,9.21
2026,180,1218,5.68
2026,180,1248,6.25
2026,180,1318,5.39
2026,180,1348,6.98
2026,180,1418,8.04
2026,180,1448,7.04
2026,180,1548,8.74
2026,180,1618,5.38
2026,180,1648,5.31
2026,180,1718,5.27
2026,180,1748,4.82
2026,180,1818,6.12
2026,180,1848,5.10
2026,180,1918,4.83
2026,180,1948,5.29
2026,180,2018,4.56
2026,180,2048,4.71
2026,180,2118,4.05
2026,180,2148,5.29
2026,180,2218,2.97
2026,180,2248,3.27
2026,180,2318,2.57
2026,180,2348,3.72
2026,181,18,4.12
2026,181,48,5.78
2026,181,118,4.87
2026,181,148,5.36
2026,181,218,5.60
2026,181,248,3.98
2026,181,318,4.16
2026,181,348,5.61
2026,181,418,4.15
2026,181,448,3.48
2026,181,518,3.90
2026,181,548,2.75
2026,181,618,2.94
2026,181,648,3.17
2026,181,718,3.63
2026,181,748,4.32
2026,181,818,4.60
2026,181,848,4.51
2026,181,918,5.78
2026,181,948,5.28
2026,181,1018,5.22
2026,181,1048,5.22
2026,181,1118,5.57
2026,181,1148,5.20
2026,181,1218,4.19
2026,181,1248,4.19
2026,181,1318,4.31
2026,181,1348,3.26
2026,181,1418,3.82
2026,181,1448,2.97
2026,181,1518,2.36
2026,181,1548,3.01
2026,181,1618,2.99
2026,181,1648,2.78
2026,181,1718,2.36
2026,181,1748,2.96
2026,181,1818,1.66
2026,181,1848,1.55
2026,181,1918,1.51
2026,181,1948,1.51
2026,181,2018,0.24
2026,181,2048,1.35
2026,181,2118,1.37
2026,181,2148,1.81
2026,181,2218,1.38
2026,181,2248,1.19
2026,181,2318,1.77
2026,181,2348,1.41
2026,182,18,1.07
2026,182,48,1.15
2026,182,118,1.29
2026,182,148,1.27
2026,182,218,1.63
2026,182,248,1.61
2026,182,318,1.82
2026,182,348,1.94
2026,182,418,1.85
2026,182,448,1.54
2026,182,518,0.47
2026,182,548,0.32
2026,182,618,0.45
2026,182,648,0.45
2026,182,718,0.35
2026,182,748,1.47
2026,182,818,1.36
2026,182,848,2.10
2026,182,918,3.00
2026,182,948,2.13
2026,182,1018,3.53
2026,182,1048,4.12
2026,182,1118,4.02
2026,182,1148,4.26
2026,182,1218,5.44
2026,182,1248,3.80
2026,182,1318,4.99
2026,182,1348,6.85
2026,182,1418,7.66
2026,182,1448,5.09
2026,182,1518,4.91
2026,182,1548,4.80
2026,182,1618,9.62
2026,182,1648,10.72
2026,182,1718,10.58
2026,182,1748,11.96
2026,182,1818,11.31
2026,182,1848,9.28
2026,182,1918,9.37
2026,182,1948,6.96
2026,182,2018,7.20
2026,182,2048,6.38
2026,182,2118,8.37
2026,182,2148,7.67
2026,182,2218,6.12
2026,182,2248,10.32
2026,182,2318,10.06
2026,182,2348,8.83
2026,183,18,8.00
2026,183,48,10.38
2026,183,118,9.75
2026,183,148,10.70
2026,183,218,12.81
2026,183,248,12.50
2026,183,318,13.48
2026,183,348,13.22
2026,183,418,13.64
2026,183,448,15.56
2026,183,518,14.57
2026,183,548,12.69
2026,183,618,13.15
2026,183,648,11.67
2026,183,718,11.91
2026,183,748,10.55
2026,183,818,11.94
2026,183,848,12.80
2026,183,918,12.55
2026,183,948,13.32
2026,183,1018,13.51
2026,183,1048,11.81
2026,183,1118,12.43
2026,183,1148,9.69
2026,183,1218,11.06
2026,183,1248,11.10
2026,183,1318,9.99
2026,183,1348,10.38
2026,183,1418,9.97
2026,183,1448,10.76
2026,183,1518,10.49
2026,183,1548,10.50
2026,183,1618,9.20
2026,183,1648,10.95
2026,183,1718,10.71
2026,183,1748,11.01
2026,183,1818,10.56
2026,183,1848,11.06
2026,183,1918,11.90
2026,183,1948,9.03
2026,183,2018,9.29
2026,183,2048,10.27
2026,183,2118,9.19
2026,183,2148,9.67
2026,183,2218,8.16
2026,183,2248,8.07
2026,183,2318,8.10
2026,183,2348,9.08
2026,184,18,9.69
2026,184,48,9.47
2026,184,118,7.45
2026,184,148,7.97
2026,184,218,10.02
2026,184,248,9.14
2026,184,318,9.29
2026,184,348,9.62
2026,184,418,8.39
2026,184,448,9.61
2026,184,518,9.07
2026,184,548,7.68
2026,184,618,6.82
2026,184,648,6.79
2026,184,718,5.94
2026,184,748,7.16
2026,184,818,6.82
2026,184,848,7.69
2026,184,918,5.44
2026,184,948,5.65
2026,184,1018,4.62
2026,184,1048,4.93
2026,184,1118,6.16
2026,184,1148,5.19
2026,184,1218,6.60
2026,184,1248,6.32
2026,184,1318,7.65
2026,184,1348,7.82
2026,184,1418,7.53
2026,184,1448,5.72
2026,184,1518,4.19
2026,184,1548,4.64
2026,184,1618,5.68
2026,184,1648,2.67
2026,184,1718,3.55
2026,184,1748,4.40
2026,184,1818,1.83
2026,184,1848,3.29
2026,184,1918,2.92
2026,184,1948,1.65
2026,184,2018,3.32
2026,184,2048,1.80
2026,184,2118,1.37
2026,184,2148,1.93
2026,184,2218,3.96
2026,184,2248,3.58
2026,184,2318,5.50
2026,184,2348,5.80
2026,185,18,5.94
2026,185,48,5.65
2026,185,118,5.68
2026,185,148,6.41
2026,185,218,5.29
2026,185,248,6.73
2026,185,318,5.04
2026,185,348,4.69
2026,185,418,5.12
2026,185,448,4.60
2026,185,518,4.58
2026,185,548,6.34
2026,185,618,6.75
2026,185,648,6.51
2026,185,718,5.99
2026,185,748,5.96
2026,185,818,8.77
2026,185,848,6.89
2026,185,918,7.47
2026,185,948,7.26
2026,185,1018,7.09
2026,185,1048,7.00
2026,185,1118,7.44
2026,185,1148,6.90
2026,185,1218,7.80
2026,185,1248,7.61
2026,185,1318,7.01
2026,185,1348,7.62
2026,185,1418,8.20
2026,185,1448,8.66
2026,185,1518,8.61
2026,185,1548,7.58
2026,185,1618,8.00
2026,185,1648,8.08
2026,185,1718,6.44
2026,185,1748,6.23
2026,185,1818,7.03
2026,185,1848,7.32
2026,185,1918,7.14
2026,185,1948,5.94
2026,185,2018,5.70
2026,185,2048,5.93
2026,185,2118,5.50
2026,185,2148,5.95
2026,185,2218,5.85
2026,185,2248,5.38
2026,185,2318,5.72
2026,185,2348,6.04
2026,186,18,4.89
2026,186,48,5.23
2026,186,118,5.16
2026,186,148,4.93
2026,186,218,4.64
2026,186,248,5.09
2026,186,318,4.30
2026,186,348,5.46
2026,186,418,5.58
2026,186,448,6.66
2026,186,518,5.37
2026,186,548,6.17
2026,186,618,6.06
2026,186,648,6.11
2026,186,718,5.31
2026,186,748,6.42
2026,186,818,7.82
2026,186,848,6.63
2026,186,918,5.00
2026,186,1548,7.74
2026,186,1618,7.98
2026,186,1648,7.98
2026,186,1718,8.75
2026,186,1748,8.72
2026,186,1818,6.97
2026,186,1848,6.86
2026,186,1918,9.49
2026,186,1948,10.21
2026,186,2018,9.22
2026,186,2048,9.40
2026,186,2118,10.83
2026,186,2148,10.30
2026,186,2218,11.70
2026,186,2248,9.95
2026,186,2318,11.87
2026,186,2348,11.57
2026,187,18,10.00
2026,187,48,12.02
2026,187,118,9.89
2026,187,148,7.46
2026,187,218,10.17
2026,187,248,10.95
2026,187,318,10.94
2026,187,348,10.87
2026,187,418,12.21
2026,187,448,12.01
2026,187,518,13.23
2026,187,548,14.25
2026,187,618,13.83
2026,187,648,12.58
2026,187,718,12.90
2026,187,748,12.87
2026,187,818,11.94
2026,187,848,9.91
2026,187,918,10.04
2026,187,948,10.91
2026,187,1018,13.26
2026,187,1048,11.96
2026,187,1118,13.32
2026,187,1148,10.50
2026,187,1218,11.80
2026,187,1248,11.21
2026,187,1318,12.79
2026,187,1348,11.56
2026,187,1418,13.12
2026,187,1448,14.01
2026,187,1518,12.71
2026,187,1548,11.92
2026,187,1618,13.29
2026,187,1648,12.85
2026,187,1718,13.14
2026,187,1748,13.55
2026,187,1818,13.94
2026,187,1848,13.38
2026,187,1918,12.14
2026,187,1948,11.22
2026,187,2018,12.43
2026,187,2048,11.28
2026,187,2118,10.38
2026,187,2148,11.89
2026,187,2218,12.25
2026,187,2248,11.07
2026,187,2318,12.28
2026,187,2348,11.15
2026,188,18,11.48
2026,188,48,10.33
2026,188,118,11.03
2026,188,148,9.79
2026,188,218,10.94
2026,188,248,9.86
2026,188,318,9.39
2026,188,348,9.70
2026,188,418,8.27
2026,188,448,9.41
2026,188,518,8.73
2026,188,548,8.95
2026,188,618,8.82
2026,188,648,8.91
2026,188,718,8.64
2026,188,748,8.99
2026,188,818,8.48
2026,188,848,8.64
2026,188,918,8.92
2026,188,948,7.85
2026,188,1018,7.87
2026,188,1048,5.97
2026,188,1118,6.71
2026,188,1148,6.69
2026,188,1218,6.76
2026,188,1248,6.45
2026,188,1318,7.22
2026,188,1348,7.24
2026,188,1418,6.98
2026,188,1448,6.87
2026,188,1518,6.88
2026,188,1548,7.44
2026,188,1618,7.32
2026,188,1648,7.10
2026,188,1718,7.90
2026,188,1748,7.57
2026,188,1818,7.91
2026,188,1848,8.03
2026,188,1918,7.87
2026,188,1948,8.23
2026,188,2018,7.72
2026,188,2048,7.97
2026,188,2118,7.17
2026,188,2148,5.47
2026,188,2218,5.34
2026,188,2248,6.59
2026,188,2318,6.25
2026,188,2348,6.31
2026,189,18,7.39
2026,189,48,7.02
2026,189,118,6.18
2026,189,148,5.74
2026,189,218,6.66
2026,189,248,6.96
2026,189,318,7.38
2026,189,348,7.40
2026,189,418,6.25
2026,189,448,6.44
2026,189,518,5.50
2026,189,548,6.20
2026,189,618,5.67
2026,189,648,5.76
2026,189,718,6.99
2026,189,748,6.35
2026,189,818,5.87
2026,189,848,5.61
2026,189,918,4.24
2026,189,948,4.90
2026,189,1018,4.77
2026,189,1048,3.70
2026,189,1118,2.99
2026,189,1148,5.41
2026,189,1218,3.26
2026,189,1248,4.44
2026,189,1318,3.45
2026,189,1348,4.56
2026,189,1418,4.17
2026,189,1448,3.37
2026,189,1518,3.84
2026,189,1548,3.50
2026,189,1618,3.77
2026,189,1648,3.12
2026,189,1718,3.05
2026,189,1748,3.71
2026,189,1818,3.47
2026,189,1848,2.94
2026,189,1918,5.15
2026,189,1948,4.26
2026,189,2018,3.27
2026,189,2048,3.33
2026,189,2118,3.71
2026,189,2148,4.72
2026,189,2218,3.62
2026,189,2248,1.87
2026,189,2318,0.44
2026,189,2348,0.65
2026,190,18,2.92
2026,190,48,5.80
2026,190,118,4.17
2026,190,148,5.75
2026,190,218,5.56
2026,190,248,5.53
2026,190,318,6.60
2026,190,348,4.99
2026,190,418,3.92
2026,190,448,3.27
2026,190,518,3.93
2026,190,548,3.88
2026,190,618,3.21
2026,190,648,1.85
2026,190,718,1.51
2026,190,748,1.13
2026,190,818,0.68
2026,190,848,1.04
2026,190,918,1.67
2026,190,948,1.75
2026,190,1018,1.14
2026,190,1048,1.35
2026,190,1118,1.45
2026,190,1148,1.91
2026,190,1218,1.27
2026,190,1248,1.96
2026,190,1318,0.97
2026,190,1348,1.85
2026,190,1418,2.75
2026,190,1448,2.21
2026,190,1518,2.98
2026,190,1548,1.67
2026,190,1618,2.31
2026,190,1648,2.09
2026,190,1718,1.83
2026,190,1748,1.13
2026,190,1818,0.62
2026,190,1848,1.01
2026,190,1918,1.20
2026,190,1948,1.10
2026,190,2018,2.17
2026,190,2048,1.76
2026,190,2118,1.51
2026,190,2148,2.07
2026,190,2218,2.10
2026,190,2248,2.67
2026,190,2318,2.36
2026,190,2348,1.97
2026,191,18,2.04
2026,191,48,0.60
2026,191,118,1.00
2026,191,148,2.48
2026,191,218,1.35
2026,191,248,2.60
2026,191,318,2.55
2026,191,348,2.48
2026,191,418,3.24
2026,191,448,2.23
2026,191,518,1.86
2026,191,548,1.49
2026,191,618,0.26
2026,191,648,0.34
2026,191,718,0.77
2026,191,748,0.98
2026,191,818,0.70
2026,191,848,0.76
2026,191,918,0.49
2026,191,948,0.48
2026,191,1018,1.45
2026,191,1048,0.91
2026,191,1118,2.02
2026,191,1148,1.32
2026,191,1218,1.82
2026,191,1248,1.19
2026,191,1318,1.20
2026,191,1348,1.37
2026,191,1418,2.46
2026,191,1448,2.20
2026,191,1518,3.06
2026,191,1548,3.87
2026,191,1618,3.05
2026,191,1648,3.26
2026,191,1718,3.33
2026,191,1748,2.45
2026,191,1818,2.57
2026,191,1848,3.07
2026,191,1918,3.53
2026,191,1948,3.43
2026,191,2018,3.29
2026,191,2048,3.09
2026,191,2118,2.45
2026,191,2148,3.50
2026,191,2218,3.18
2026,191,2248,2.86
2026,191,2318,2.88
2026,191,2348,2.51
2026,192,18,2.42
2026,192,48,1.93
2026,192,118,2.41
2026,192,148,2.26
2026,192,218,2.37
2026,192,248,2.33
2026,192,318,2.22
2026,192,348,2.24
2026,192,418,1.81
2026,192,448,1.76
2026,192,518,1.06
2026,192,548,2.06
2026,192,618,1.63
2026,192,648,1.58
2026,192,718,1.57
2026,192,748,1.41
2026,192,818,1.06
2026,192,848,0.86
2026,192,918,1.22
2026,192,948,0.91
2026,192,1018,1.48
2026,192,1048,1.29
2026,192,1118,1.48
2026,192,1148,1.33
2026,192,1218,1.36
2026,192,1248,1.45
2026,192,1318,1.10
2026,192,1348,1.15
2026,192,1418,0.81
2026,192,1448,1.28
2026,192,1518,1.16
2026,192,1548,1.34
2026,192,1618,1.32
2026,192,1648,1.03
2026,192,1718,1.47
2026,192,1748,1.58
2026,192,1818,1.91
2026,192,1848,2.13
2026,192,1918,2.68
2026,192,1948,2.33
2026,192,2018,1.91
2026,192,2048,1.46
2026,192,2118,1.72
2026,192,2148,1.94
2026,192,2218,1.43
2026,192,2248,0.32
2026,192,2318,0.75
2026,192,2348,0.34
2026,193,18,0.60
2026,193,48,0.55
2026,193,118,0.84
2026,193,148,0.23
2026,193,218,0.52
2026,193,248,0.51
2026,193,318,0.31
2026,193,348,1.24
2026,193,418,1.42
2026,193,448,1.29
2026,193,518,0.84
2026,193,548,1.12
2026,193,618,0.90
2026,193,648,1.50
2026,193,718,0.51
2026,193,748,0.69
2026,193,818,0.73
2026,193,848,0.62
2026,193,918,1.66
2026,193,948,1.38
2026,193,1018,2.16
2026,193,1048,1.71
2026,193,1118,2.16
2026,193,1148,0.67
2026,193,1218,1.14
2026,193,1248,0.47
2026,193,1318,0.28
2026,193,1348,0.47
2026,193,1418,0.51
2026,193,1448,1.64
2026,193,1518,1.44
2026,193,1548,0.21
2026,193,1618,1.35
2026,193,1648,0.40
2026,193,1718,0.82
2026,193,1748,1.82
2026,193,1818,1.96
2026,193,1848,1.84
2026,193,1918,1.95
2026,193,1948,0.69
2026,193,2018,0.24
2026,193,2048,0.91
2026,193,2118,1.15
2026,193,2148,2.07
2026,193,2218,2.36
2026,193,2248,2.60
2026,193,2318,2.57
2026,193,2348,2.11
2026,194,18,1.39
2026,194,48,1.06
2026,194,118,2.34
2026,194,148,2.50
2026,194,218,3.07
2026,194,248,3.30
2026,194,318,2.93
2026,194,348,2.42
2026,194,418,1.96
2026,194,448,1.67
2026,194,518,1.37
2026,194,548,1.67
2026,194,618,1.47
2026,194,648,1.89
2026,194,718,2.38
2026,194,748,2.02
2026,194,818,2.21
2026,194,848,1.80
2026,194,918,1.95
2026,194,948,2.17
2026,194,1018,1.87
2026,194,1048,1.33
2026,194,1118,0.92
2026,194,1148,0.56
2026,194,1218,0.51
2026,194,1248,0.60
2026,194,1318,0.81
2026,194,1348,1.19
2026,194,1418,1.29
2026,194,1448,2.04
2026,194,1518,2.29
2026,194,1548,2.50
2026,194,1618,1.40
2026,194,1648,1.75
2026,194,1718,1.71
2026,194,1748,2.31
2026,194,1818,1.55
2026,194,1848,1.38
2026,194,1918,1.11
2026,194,1948,0.73
2026,194,2018,0.83
2026,194,2048,2.23
2026,194,2118,1.83
2026,194,2148,1.82
2026,194,2218,1.94
2026,194,2248,2.24
2026,194,2318,2.53
2026,194,2348,2.13
2026,195,18,2.23
2026,195,48,2.57
2026,195,118,2.24
2026,195,148,2.35
2026,195,218,2.41
2026,195,248,2.14
2026,195,318,2.80
2026,195,348,2.34
2026,195,418,2.58
2026,195,448,2.46
2026,195,518,2.39
2026,195,548,1.75
2026,195,618,1.88
2026,195,648,2.05
2026,195,718,2.24
2026,195,748,1.80
2026,195,818,2.15
2026,195,848,2.02
2026,195,918,2.29
2026,195,948,2.51
2026,195,1018,2.22
2026,195,1048,2.17
2026,195,1118,1.63
2026,195,1148,1.43
2026,195,1218,1.04
2026,195,1248,1.34
2026,195,1318,1.63
2026,195,1348,1.42
2026,195,1418,2.46
2026,195,1448,1.85
2026,195,1518,2.33
2026,195,1548,1.51
2026,195,1618,2.27
2026,195,1648,1.97
2026,195,1718,1.20
2026,195,1748,1.43
2026,195,1818,1.49
2026,195,1848,1.12
2026,195,1918,0.55
2026,195,1948,1.00
2026,195,2018,1.06
2026,195,2048,0.81
2026,195,2118,1.04
2026,195,2148,0.98
2026,195,2218,1.82
2026,195,2248,1.68
2026,195,2318,1.80
2026,195,2348,2.18
2026,196,18,2.11
2026,196,48,1.55
2026,196,118,1.63
2026,196,148,1.91
2026,196,218,1.51
2026,196,248,1.33
2026,196,318,1.30
2026,196,348,1.13
2026,196,418,1.78
2026,196,448,1.69
2026,196,518,1.05
2026,196,548,0.63
2026,196,618,0.82
2026,196,648,0.94
2026,196,718,1.03
2026,196,748,1.23
2026,196,818,1.20
2026,196,848,1.31
2026,196,918,1.25
2026,196,948,1.11
2026,196,1018,0.84
2026,196,1048,0.96
2026,196,1118,0.88
2026,196,1148,0.71
2026,196,1218,0.78
2026,196,1248,0.71
2026,196,1318,0.87
2026,196,1348,0.34
2026,196,1418,1.83
2026,196,1448,2.54
2026,196,1518,1.66
2026,196,1548,1.30
2026,196,1618,1.74
2026,196,1648,1.70
2026,196,1718,1.92
2026,196,1748,2.11
2026,196,1818,1.18
2026,196,1848,0.89
2026,196,1918,0.76
2026,196,1948,0.78
2026,196,2018,0.39
2026,196,2048,1.62
2026,196,2118,1.57
2026,196,2148,1.62
2026,196,2218,2.25
2026,196,2248,2.32
2026,196,2318,2.07
2026,196,2348,1.94
2026,197,18,2.00
2026,197,48,2.07
2026,197,118,1.52
2026,197,148,1.51
2026,197,218,1.72
2026,197,248,1.61
2026,197,318,1.15
2026,197,348,1.25
2026,197,418,1.13
2026,197,448,1.33
2026,197,518,1.25
2026,197,548,0.79
2026,197,618,0.77
2026,197,648,0.77
2026,197,718,0.40
2026,197,748,0.78
2026,197,818,0.83
2026,197,848,0.97
2026,197,918,0.28
2026,197,948,0.45
2026,197,1018,1.50
2026,197,1048,1.03
2026,197,1118,1.45
2026,197,1148,1.59
2026,197,1218,1.21
2026,197,1248,1.77
2026,197,1318,2.58
2026,197,1348,2.37
2026,197,1418,2.12
2026,197,1448,2.23
2026,197,1518,2.59
2026,197,1548,2.25
2026,197,1618,2.64
2026,197,1648,1.83
2026,197,1718,2.73
2026,197,1748,2.30
2026,197,1818,1.41
2026,197,1848,1.50
2026,199,318,0.00
2026,199,348,0.00
2026,199,418,0.00
2026,199,448,0.00
2026,199,518,0.00
2026,199,548,0.00
2026,199,618,0.00
2026,199,648,0.00
2026,199,718,0.00
2026,199,748,0.00
2026,199,818,0.00
2026,199,848,0.00
2026,199,918,0.00
2026,199,948,0.00
2026,199,1018,0.00
2026,199,1048,0.00
2026,199,1118,0.01
2026,199,1148,0.01
2026,199,1218,0.00
2026,199,1248,0.00
2026,199,1318,0.00
2026,199,1348,4.11
2026,199,1418,4.62
2026,199,1448,4.85
2026,199,1518,5.02
2026,199,1548,5.78
2026,199,1618,5.30
2026,199,1648,4.98
2026,199,1718,4.76
2026,199,1748,4.79
2026,199,1818,5.43
2026,199,1848,6.01
2026,199,1918,5.82
2026,199,1948,5.87
2026,199,2018,6.00
2026,199,2048,5.54
2026,199,2118,6.55
2026,199,2148,6.04
2026,199,2218,5.74
2026,199,2248,5.86
2026,199,2318,5.19
2026,199,2348,4.55
2026,200,18,4.64
2026,200,48,5.02
2026,200,118,3.69
2026,200,148,3.88
2026,200,218,4.20
2026,200,248,3.79
2026,200,318,4.27
2026,200,348,4.46
2026,200,418,3.09
2026,200,448,4.36
2026,200,518,4.36
2026,200,548,4.52
2026,200,618,4.56
2026,200,648,4.85
2026,200,718,4.84
2026,200,748,4.43
2026,200,818,4.70
2026,200,848,3.35
2026,200,918,4.38
2026,200,948,4.29
2026,200,1018,2.43
2026,200,1048,1.98
2026,200,1118,3.79
2026,200,1148,1.86
2026,200,1218,2.33
2026,200,1248,3.20
2026,200,1318,2.82
2026,200,1348,4.10
2026,200,1418,3.17
2026,200,1448,4.28
2026,200,1518,4.90
2026,200,1548,3.42
2026,200,1618,3.54
2026,200,1648,3.61
2026,200,1718,4.98
2026,200,1748,4.75
2026,200,1818,4.94
2026,200,1848,4.71
2026,200,1918,5.51
2026,200,1948,5.26
2026,200,2018,5.11
2026,200,2048,4.94
2026,200,2118,5.39
2026,200,2148,4.73
2026,200,2218,4.85
2026,200,2248,4.98
2026,200,2318,4.88
2026,200,2348,4.35
2026,201,18,4.22
2026,201,48,4.62
2026,201,118,4.30
2026,201,148,3.85
2026,201,218,4.11
2026,201,248,3.33
2026,201,318,4.09
2026,201,348,4.84
2026,201,418,3.66
2026,201,448,4.81
2026,201,518,5.24
2026,201,548,4.77
2026,201,618,4.18
2026,201,648,2.89
2026,201,718,3.27
2026,201,748,2.84
2026,201,818,3.50
2026,201,848,2.75
2026,201,918,2.78
2026,201,948,2.96
2026,201,1018,2.44
2026,201,1048,2.21
2026,201,1118,2.28
2026,201,1148,2.92
2026,201,1218,1.80
2026,201,1248,2.52
2026,201,1318,2.51
2026,201,1348,2.42
2026,201,1418,2.57
2026,201,1448,2.37
2026,201,1518,2.59
2026,201,1548,2.72
2026,201,1618,2.93
2026,201,1648,1.77
2026,201,1718,2.43
2026,201,1748,1.80
2026,201,1818,2.74
2026,201,1848,2.58
2026,201,1918,2.30
2026,201,1948,1.81
2026,201,2018,2.18
2026,201,2048,2.84
2026,201,2118,3.03
2026,201,2148,2.53
2026,201,2218,2.26
2026,201,2248,2.59
2026,201,2318,2.15
2026,201,2348,2.87
2026,202,18,2.93
2026,202,48,3.64
2026,202,118,3.83
2026,202,148,3.14
2026,202,218,3.52
2026,202,248,3.59
2026,202,318,2.90
2026,202,348,2.21
2026,202,418,2.98
2026,202,448,3.13
2026,202,518,3.80
2026,202,548,3.78
2026,202,618,3.65
2026,202,648,4.31
2026,202,718,3.40
2026,202,748,3.99
2026,202,818,3.87
2026,202,848,3.63
2026,202,918,3.64
2026,202,948,3.25
2026,202,1018,3.27
2026,202,1048,2.83
2026,202,1118,3.13
2026,202,1148,3.47
2026,202,1218,3.28
2026,202,1248,3.56
2026,202,1318,3.56
2026,202,1348,5.18
2026,202,1418,5.01
2026,202,1448,4.41
2026,202,1518,4.65
2026,202,1548,5.49
2026,202,1618,4.59
2026,202,1648,5.25
2026,202,1718,5.06
2026,202,1748,4.64
2026,202,1818,4.23
2026,202,1848,5.59
2026,202,1918,4.90
2026,202,1948,5.02
2026,202,2018,5.11
2026,202,2048,5.53
2026,202,2118,5.17
2026,202,2148,5.59
2026,202,2218,4.96
2026,202,2248,6.15
2026,202,2318,5.65
2026,202,2348,5.44
2026,203,18,5.97
2026,203,48,5.04
2026,203,118,4.93
2026,203,148,5.30
2026,203,218,5.45
2026,203,248,5.39
2026,203,318,6.31
2026,203,348,5.42
2026,203,418,5.31
2026,203,448,5.06
2026,203,518,4.84
2026,203,548,4.96
2026,203,618,4.57
2026,203,648,5.28
2026,203,718,5.26
2026,203,748,5.14
2026,203,818,5.37
2026,203,848,4.60
2026,203,918,5.53
2026,203,948,5.56
2026,203,1018,5.45
2026,203,1048,4.19
2026,203,1118,4.88
2026,203,1148,5.27
2026,203,1218,4.92
2026,203,1248,5.48
2026,203,1318,5.80
2026,203,1348,4.48
2026,203,1418,5.00
2026,203,1448,4.96
2026,203,1518,7.23
2026,203,1548,5.70
2026,203,1618,5.61
2026,203,1648,6.59
2026,203,1718,5.57
2026,203,1748,5.40
2026,203,1818,5.24
2026,203,1848,4.75
2026,203,1918,5.62
2026,203,1948,4.95
2026,203,2018,5.29
2026,203,2048,6.13
2026,203,2118,6.33
2026,203,2148,5.16
2026,203,2218,5.84
2026,203,2248,6.21
2026,203,2318,5.61
2026,203,2348,5.45
2026,204,18,5.68
2026,204,48,5.79
2026,204,118,5.02
2026,204,148,5.58
2026,204,218,4.83
2026,204,248,5.24
2026,204,318,5.27
2026,204,348,5.06
2026,204,418,4.31
2026,204,448,4.19
2026,204,518,4.28
2026,204,548,4.14
2026,204,618,4.66
2026,204,648,4.39
2026,204,718,3.04
2026,204,1548,4.24
2026,204,1618,4.95
2026,204,1648,5.70
2026,204,1718,3.86
2026,204,1748,3.81
2026,204,1818,3.94
2026,204,1848,6.24
2026,204,1918,4.71
2026,204,1948,4.50
2026,204,2018,6.04
2026,204,2048,5.90
2026,204,2118,6.43
2026,204,2148,7.58
2026,204,2218,7.56
2026,204,2248,9.09
2026,204,2318,8.20
2026,204,2348,8.13
2026,205,18,8.89
2026,205,48,9.54
2026,205,118,10.39
2026,205,148,10.14
2026,205,218,9.42
2026,205,248,7.91
2026,205,318,9.40
2026,205,348,8.79
2026,205,418,10.80
2026,205,448,7.96
2026,205,518,7.46
2026,205,548,8.86
2026,205,618,8.08
2026,205,648,11.02
2026,205,718,7.74
2026,205,748,7.39
2026,205,818,5.73
2026,205,848,7.98
2026,205,918,6.46
2026,205,948,8.85
2026,205,1018,8.02
2026,205,1048,7.52
2026,205,1118,8.25
2026,205,1148,6.58
2026,205,1218,5.78
2026,205,1248,6.88
2026,205,1318,6.78
2026,205,1348,5.96
2026,205,1418,8.25
2026,205,1448,7.28
2026,205,1518,7.75
2026,205,1548,9.33
2026,205,1618,8.78
2026,205,1648,8.63
2026,205,1718,9.58
2026,205,1748,8.40
2026,205,1818,9.16
2026,205,1848,9.96
2026,205,1918,8.86
2026,205,1948,9.20
2026,205,2018,10.64
2026,205,2048,10.97
2026,205,2118,11.34
2026,205,2148,9.89
2026,205,2218,9.67
2026,205,2248,9.91
2026,205,2318,8.57
2026,205,2348,11.64
2026,206,18,11.48
2026,206,48,11.08
2026,206,118,10.79
2026,206,148,10.10
2026,206,218,10.42
2026,206,248,13.38
2026,206,318,12.15
2026,206,348,11.25
2026,206,418,9.80
2026,206,448,10.86
2026,206,518,9.07
2026,206,548,12.03
2026,206,618,12.23
2026,206,648,12.37
2026,206,718,9.74
2026,206,748,9.49
2026,206,818,11.11
2026,206,848,11.05
2026,206,918,9.68
2026,206,948,11.09
2026,206,1018,9.97
2026,206,1048,10.48
2026,206,1118,10.14
2026,206,1148,7.93
2026,206,1218,10.07
2026,206,1248,8.36
2026,206,1318,7.92
2026,206,1348,8.15
2026,206,1418,8.06
2026,206,1448,7.15
2026,206,1518,7.95
2026,206,1548,7.93
2026,206,1618,6.72
2026,206,1648,7.62
2026,206,1718,7.11
2026,206,1748,8.28
2026,206,1818,5.91
2026,206,1848,6.97
2026,206,1918,6.72
2026,206,1948,5.76
2026,206,2018,5.37
2026,206,2048,5.84
2026,206,2118,4.74
2026,206,2148,3.25
2026,206,2218,3.67
2026,206,2248,3.60
2026,206,2318,3.67
2026,206,2348,4.19
2026,207,18,5.22
2026,207,48,3.59
2026,207,118,4.06
2026,207,148,4.30
2026,207,218,3.29
2026,207,248,2.29
2026,207,318,1.73
2026,207,348,2.39
2026,207,1548,3.70
2026,207,1618,5.32
2026,207,1648,3.93
2026,207,1718,5.96
2026,207,1748,3.90
2026,207,1818,4.06
2026,207,1848,2.94
2026,207,1918,2.89
2026,207,1948,4.39
2026,207,2018,4.36
2026,207,2048,5.18
2026,207,2118,4.00
2026,207,2148,4.35
2026,207,2218,3.21
2026,207,2248,4.29
2026,207,2318,3.89
2026,207,2348,4.10
2026,208,18,4.67
2026,208,48,4.98
2026,208,118,4.75
2026,208,148,5.95
2026,208,218,5.89
2026,208,248,5.78
2026,208,318,5.99
2026,208,348,6.41
2026,208,418,6.36
2026,208,448,6.71
2026,208,518,4.94
2026,208,548,5.26
2026,208,618,5.06
2026,208,648,3.95
2026,208,718,6.51
2026,208,748,8.21
2026,208,818,4.85
2026,208,848,4.60
2026,208,918,5.72
2026,208,948,4.77
2026,208,1018,6.80
2026,208,1048,7.60
2026,208,1118,6.27
2026,208,1148,6.52
2026,208,1218,5.80
2026,208,1248,5.06
2026,208,1318,5.00
2026,208,1348,6.93
2026,208,1418,5.86
2026,208,1448,7.05
2026,208,1518,5.76
2026,208,1548,5.04
2026,208,1618,5.53
2026,208,1648,5.80
2026,208,1718,4.93
2026,208,1748,5.64
2026,208,1818,6.90
2026,208,1848,4.99
2026,208,1918,5.28
2026,208,1948,5.64
2026,208,2018,5.44
2026,208,2048,5.59
2026,208,2118,4.77
2026,208,2148,6.77
2026,208,2218,6.02
2026,208,2248,7.60
2026,208,2318,6.68
2026,208,2348,5.29
2026,209,18,4.52
2026,209,48,4.68
2026,209,118,6.16
2026,209,148,6.05
2026,209,218,5.60
2026,209,248,4.99
2026,209,318,5.48
2026,209,348,5.59
2026,209,418,5.50
2026,209,448,5.43
2026,209,518,4.89
2026,209,548,5.57
2026,209,618,3.94
2026,209,648,4.82
2026,209,718,4.22
2026,209,748,5.08
2026,209,818,5.71
2026,209,848,6.64
2026,209,918,6.95
2026,209,948,8.15
2026,209,1018,7.27
2026,209,1048,9.06
2026,209,1118,10.89
2026,209,1148,8.40
2026,209,1218,7.27
2026,209,1248,8.33
2026,209,1318,9.88
2026,209,1348,10.97
2026,209,1418,9.74
2026,209,1448,10.41
2026,209,1518,8.68
2026,209,1548,10.64
2026,209,1618,10.36
2026,209,1648,8.73
2026,209,1718,8.41
2026,209,1748,9.51
2026,209,1818,6.12
2026,209,1848,5.46
2026,209,1918,9.50
2026,209,1948,9.71
2026,209,2018,10.52
2026,209,2048,9.20
2026,209,2118,7.81
2026,209,2148,7.94
2026,209,2218,7.32
2026,209,2248,8.41
2026,209,2318,7.48
2026,209,2348,7.66
2026,210,18,5.88
2026,210,48,6.25
2026,210,118,7.54
2026,210,148,6.68
2026,210,218,6.96
2026,210,1548,3.33
2026,210,1618,3.22
2026,210,1648,3.02
2026,210,1718,3.27
2026,210,1748,3.85
2026,210,1818,4.31
2026,210,1848,3.03
2026,210,1918,3.99
2026,210,1948,3.88
2026,210,2018,3.63
2026,210,2048,3.48
2026,210,2118,3.57
2026,210,2148,2.74
2026,210,2218,2.43
2026,210,2248,2.54
2026,210,2318,3.02
2026,210,2348,3.45
2026,211,18,3.12
2026,211,48,3.84
2026,211,118,3.39
2026,211,148,4.19
2026,211,218,4.74
2026,211,248,5.00
2026,211,318,5.20
2026,211,348,5.28
2026,211,418,5.20
2026,211,448,5.61
2026,211,518,5.23
2026,211,548,5.33
2026,211,618,5.78
2026,211,648,6.48
2026,211,718,8.61
2026,211,748,5.80
2026,211,818,3.59
2026,211,848,5.53
2026,211,918,3.73
2026,211,948,5.26
2026,211,1018,5.86
2026,211,1048,6.50
2026,211,1118,7.11
2026,211,1148,7.60
2026,211,1218,7.72
2026,211,1248,10.46
2026,211,1318,9.79
2026,211,1348,11.65
2026,211,1418,10.48
2026,211,1448,11.18
2026,211,1518,10.05
2026,211,1548,8.93
2026,211,1618,6.97
2026,211,1648,6.39
2026,211,1718,8.25
2026,211,1748,7.89
2026,211,1818,7.21
2026,211,1848,8.58
2026,211,1918,7.27
2026,211,1948,5.95
2026,211,2018,6.63
2026,211,2048,6.37
2026,211,2118,5.87
2026,211,2148,6.49
2026,211,2218,6.51
2026,211,2248,6.03
2026,211,2318,5.81
2026,211,2348,5.69
2026,212,18,5.52
2026,212,48,6.16
2026,212,118,5.37
2026,212,148,5.83
2026,212,218,5.99
2026,212,248,5.60
2026,212,318,6.08
2026,212,348,6.19
2026,212,418,5.74
2026,212,448,5.53
2026,212,518,3.32
2026,212,548,3.18
2026,212,618,3.11
2026,212,648,3.97
2026,212,718,3.46
2026,212,748,2.98
2026,212,818,2.27
2026,212,848,3.99
2026,212,918,3.74
2026,212,948,2.60
2026,212,1018,2.39
2026,212,1048,2.46
2026,212,1118,3.64
2026,212,1148,4.52
2026,212,1218,3.67
2026,212,1248,4.23
2026,212,1318,4.36
2026,212,1348,4.52
2026,212,1418,4.37
2026,212,1448,4.71
2026,212,1518,5.60
2026,212,1548,6.71
2026,212,1618,5.42
2026,212,1648,5.81
2026,212,1718,6.33
2026,212,1748,6.03
2026,212,1818,5.67
2026,212,1848,6.22
2026,212,1918,5.75
2026,212,1948,5.44
2026,212,2018,6.46
2026,212,2048,5.63
2026,212,2118,6.47
2026,212,2148,5.55
2026,212,2218,5.29
2026,212,2248,6.06
2026,212,2318,6.01
2026,212,2348,6.72
2026,213,18,6.46
2026,213,48,6.50
2026,213,118,6.37
2026,213,148,6.48
2026,213,218,7.65
2026,213,248,7.75
2026,213,318,6.66
2026,213,348,6.14
2026,213,418,6.32
2026,213,448,6.55
2026,213,518,5.57
2026,213,548,6.25
2026,213,618,6.09
2026,213,648,5.58
2026,213,718,4.91
2026,213,748,5.28
2026,213,818,5.73
2026,213,848,4.87
2026,213,918,5.17
2026,213,948,5.74
2026,213,1018,5.90
2026,213,1048,5.67
2026,213,1118,5.89
2026,213,1148,5.29
2026,213,1218,5.35
2026,213,1248,7.52
2026,213,1318,7.15
2026,213,1348,7.56
2026,213,1418,7.46
2026,213,1448,7.51
2026,213,1518,7.04
2026,213,1548,7.21
2026,213,1618,6.61
2026,213,1648,6.41
2026,213,1718,6.84
2026,213,1748,6.43
2026,213,1818,6.82
2026,213,1848,6.31
2026,213,1918,7.09
2026,213,1948,4.94
2026,213,2018,6.71
2026,213,2048,7.12
2026,213,2118,7.60
2026,213,2148,7.26
2026,213,2218,6.37
2026,213,2248,7.17
2026,213,2318,6.24
2026,213,2348,5.70
2026,214,18,6.41
2026,214,48,6.36
2026,214,118,6.29
2026,214,148,5.50
2026,214,218,5.52
2026,214,248,6.14
2026,214,318,5.98
2026,214,348,5.62
2026,214,418,5.46
2026,214,448,4.25
2026,214,518,4.41
2026,214,548,4.54
2026,214,618,4.12
2026,214,648,4.05
2026,214,718,3.50
2026,214,748,3.75
2026,214,818,2.85
2026,214,848,2.80
2026,214,918,1.22
2026,214,948,1.65
2026,214,1018,0.98
2026,214,1048,1.26
2026,214,1118,0.72
2026,214,1148,0.62
2026,214,1218,1.87
2026,214,1248,0.39
2026,214,1318,1.01
2026,214,1348,0.29
2026,214,1418,0.57
2026,214,1448,0.39
2026,214,1518,0.99
2026,214,1548,1.85
2026,214,1618,1.44
2026,214,1648,0.44
2026,214,1718,0.37
2026,214,1748,0.79
2026,214,1818,1.17
2026,214,1848,0.53
2026,214,1918,1.04
2026,214,1948,0.95
2026,214,2018,1.17
2026,214,2048,0.97
2026,214,2118,0.84
2026,214,2148,0.42
2026,214,2218,1.91
2026,214,2248,1.33
2026,214,2318,1.74
2026,214,2348,2.48
2026,215,18,2.16
2026,215,48,1.95
2026,215,118,1.29
2026,215,148,1.07
2026,215,218,1.68
2026,215,248,2.81
2026,215,318,3.33
2026,215,348,2.37
2026,215,418,2.16
2026,215,448,2.87
2026,215,518,2.66
2026,215,548,2.99
2026,215,618,3.11
2026,215,648,2.74
2026,215,718,2.89
2026,215,748,4.17
2026,215,818,3.58
2026,215,848,3.97
2026,215,918,4.18
2026,215,948,3.60
2026,215,1018,4.35
2026,215,1048,5.36
2026,215,1118,5.67
2026,215,1148,4.90
2026,215,1218,4.11
2026,215,1248,4.62
2026,215,1318,3.90
2026,215,1348,3.93
2026,215,1418,4.80
2026,215,1448,4.47
2026,215,1518,5.05
2026,215,1548,4.95
2026,215,1618,5.02
2026,215,1648,5.18
2026,215,1718,5.57
2026,215,1748,5.95
2026,215,1818,5.80
2026,215,1848,5.45
2026,215,1918,6.12
2026,215,1948,5.61
2026,215,2018,5.14
2026,215,2048,5.78
2026,215,2118,5.57
2026,215,2148,5.36
2026,215,2218,4.96
2026,215,2248,5.55
2026,215,2318,5.91
2026,215,2348,6.63
2026,216,18,7.85
2026,216,48,9.22
2026,216,118,9.77
2026,216,148,10.67
2026,216,218,11.10
2026,216,248,11.44
2026,216,318,10.98
2026,216,348,11.00
2026,216,418,11.17
2026,216,448,10.26
2026,216,518,11.41
2026,216,548,10.34
2026,216,618,10.87
2026,216,648,10.61
2026,216,718,11.02
2026,216,748,12.01
2026,216,818,11.39
2026,216,848,10.86
2026,216,918,8.65
2026,216,948,8.49
2026,216,1018,7.78
2026,216,1048,8.34
2026,216,1118,9.10
2026,216,1148,8.93
2026,216,1218,6.64
2026,216,1248,7.36
2026,216,1318,7.30
2026,216,1348,6.80
2026,216,1418,5.71
2026,216,1448,5.64
2026,216,1518,5.17
2026,216,1548,4.77
2026,216,1618,4.55
2026,216,1648,4.51
2026,216,1718,5.33
2026,216,1748,6.90
2026,216,1818,5.74
2026,216,1848,5.42
2026,216,1918,4.89
2026,216,1948,5.67
2026,216,2018,4.71
2026,216,2048,6.52
2026,216,2118,4.81
2026,216,2148,3.58
2026,216,2218,6.37
2026,216,2248,6.61
2026,216,2318,4.30
2026,216,2348,4.52
2026,217,18,4.94
2026,217,48,4.01
2026,217,118,5.16
2026,217,148,4.46
2026,217,218,5.20
2026,217,248,1.07
2026,217,318,1.07
2026,217,348,2.44
2026,217,418,0.70
2026,217,448,1.31
2026,217,518,2.98
2026,217,548,3.70
2026,217,618,2.27
2026,217,648,2.73
2026,217,718,1.38
2026,217,748,2.68
2026,217,818,1.73
2026,217,848,1.91
2026,217,918,1.32
2026,217,948,1.05
2026,217,1018,1.11
2026,217,1048,1.93
2026,217,1118,1.07
2026,217,1148,2.52
2026,217,1218,2.87
2026,217,1248,2.42
2026,217,1318,2.72
2026,217,1348,4.60
2026,217,1418,3.96
2026,217,1448,4.18
2026,217,1518,4.87
2026,217,1548,5.81
2026,217,1618,5.69
2026,217,1648,5.38
2026,217,1718,5.60
2026,217,1748,5.41
2026,217,1818,6.08
2026,217,1848,6.03
2026,217,1918,5.15
2026,217,1948,3.86
2026,217,2018,4.93
2026,217,2048,4.73
2026,217,2118,4.20
2026,217,2148,5.02
2026,217,2218,4.84
2026,217,2248,4.92
2026,217,2318,5.44
2026,217,2348,5.88
2026,218,18,5.15
2026,218,48,4.31
2026,218,118,4.55
2026,218,148,5.57
2026,218,218,5.20
2026,218,248,5.61
2026,218,318,6.04
2026,218,348,5.13
2026,218,418,6.00
2026,218,448,4.85
2026,218,518,5.67
2026,218,548,4.77
2026,218,618,5.44
2026,218,648,5.41
2026,218,718,3.76
2026,218,748,4.15
2026,218,818,3.75
2026,218,848,4.55
2026,218,918,4.39
2026,218,948,4.07
2026,218,1018,3.53
2026,218,1048,5.13
2026,218,1118,3.46
2026,218,1148,2.71
2026,218,1218,3.88
2026,218,1248,3.46
2026,218,1318,3.25
2026,218,1348,2.97
2026,218,1418,3.25
2026,218,1448,2.96
2026,218,1518,2.62
2026,218,1548,3.49
2026,218,1618,3.31
2026,218,1648,2.80
2026,218,1718,4.29
2026,218,1748,5.19
2026,218,1818,4.12
2026,218,1848,3.79
2026,218,1918,3.54
2026,218,1948,3.15
2026,218,2018,4.60
2026,218,2048,2.97
2026,218,2118,3.76
2026,218,2148,4.18
2026,218,2218,5.96
2026,218,2248,5.20
2026,218,2318,5.51
2026,218,2348,5.90
2026,219,18,5.62
2026,219,48,6.38
2026,219,118,5.39
2026,219,148,6.31
2026,219,218,6.09
2026,219,248,5.95
2026,219,318,7.51
2026,219,348,6.19
2026,219,418,6.68
2026,219,448,7.36
2026,219,518,8.79
2026,219,548,9.22
2026,219,618,9.12
2026,219,648,7.16
2026,219,718,9.21
2026,219,748,8.18
2026,219,818,10.06
2026,219,848,8.35
2026,219,918,9.12
2026,219,948,9.65
2026,219,1018,10.07
2026,219,1048,9.79
2026,219,1118,10.83
2026,219,1148,8.61
2026,219,1218,8.11
2026,219,1248,8.47
2026,219,1318,8.26
2026,219,1348,9.28
2026,219,1418,10.51
2026,219,1448,9.99
2026,219,1518,9.77
2026,219,1548,8.86
2026,219,1618,8.18
2026,219,1648,9.20
2026,219,1718,8.21
2026,219,1748,9.06
2026,219,1818,8.40
2026,219,1848,10.97
2026,219,1918,8.89
2026,219,1948,9.60
2026,219,2018,9.67
2026,219,2048,10.64
2026,219,2118,9.76
2026,219,2148,11.34
2026,219,2218,11.77
2026,219,2248,10.67
2026,219,2318,9.24
2026,219,2348,11.22
2026,220,18,11.18
2026,220,48,11.73
2026,220,118,12.78
2026,220,148,12.61
2026,220,218,12.46
2026,220,248,13.34
2026,220,318,12.83
2026,220,348,13.01
2026,220,418,13.23
2026,220,448,11.89
2026,220,518,11.30
2026,220,548,12.25
2026,220,618,11.47
2026,220,648,10.87
2026,220,718,10.54
2026,220,748,10.89
2026,220,818,9.41
2026,220,848,8.10
2026,220,918,9.41
2026,220,948,5.10
2026,220,1018,7.17
2026,220,1048,8.44
2026,220,1118,6.83
2026,220,1148,6.75
2026,220,1218,6.57
2026,220,1248,6.69
2026,220,1318,6.86
2026,220,1348,7.22
2026,220,1418,6.43
2026,220,1448,5.91
2026,220,1518,5.95
2026,220,1548,7.07
2026,220,1618,7.43
2026,220,1648,8.48
2026,220,1718,7.61
2026,220,1748,7.54
2026,220,1818,8.06
2026,220,1848,8.50
2026,220,1918,8.29
2026,220,1948,9.56
2026,220,2018,12.20
2026,220,2048,9.46
2026,220,2118,9.78
2026,220,2148,8.57
2026,220,2218,9.71
2026,220,2248,10.52
2026,220,2318,8.19
2026,220,2348,7.70
2026,221,18,9.47
2026,221,48,7.53
2026,221,118,7.47
2026,221,148,7.77
2026,221,218,8.55
2026,221,248,7.86
2026,221,318,7.88
2026,221,348,7.47
2026,221,418,6.61
2026,221,448,6.29
2026,221,518,8.30
2026,221,548,7.04
2026,221,618,6.21
2026,221,648,6.41
2026,221,718,4.86
2026,221,748,6.70
2026,221,818,6.40
2026,221,848,6.54
2026,221,918,7.83
2026,221,948,7.60
2026,221,1018,7.24
2026,221,1048,6.78
2026,221,1118,6.36
2026,221,1148,6.05
2026,221,1218,6.56
2026,221,1248,6.71
2026,221,1318,6.75
2026,221,1348,6.95
2026,221,1418,7.51
2026,221,1448,7.15
2026,221,1518,7.48
2026,221,1548,7.87
2026,221,1618,7.53
2026,221,1648,7.46
2026,221,1718,5.97
2026,221,1748,6.20
2026,221,1818,7.09
2026,221,1848,6.67
2026,221,1918,7.11
2026,221,1948,7.74
2026,221,2018,7.33
2026,221,2048,7.91
2026,221,2118,8.57
2026,221,2148,6.59
2026,221,2218,7.10
2026,221,2248,7.96
2026,221,2318,7.96
2026,221,2348,6.20
2026,222,18,7.89
2026,222,48,7.19
2026,222,118,6.46
2026,222,148,4.41
2026,222,218,6.25
2026,222,248,5.68
2026,222,318,4.90
2026,222,348,5.91
2026,222,418,6.60
2026,222,448,5.61
2026,222,518,6.58
2026,222,548,5.27
2026,222,618,5.27
2026,222,648,4.63
2026,222,718,3.69
2026,222,748,4.30
2026,222,818,2.62
2026,222,848,3.97
2026,222,918,3.40
2026,222,948,4.68
2026,222,1018,3.40
2026,222,1048,4.01
2026,222,1118,3.94
2026,222,1148,2.90
2026,222,1218,2.82
2026,222,1248,3.52
2026,222,1318,2.91
2026,222,1348,2.38
2026,222,1418,3.08
2026,222,1448,2.38
2026,222,1518,2.31
2026,222,1548,1.90
2026,222,1618,1.04
2026,222,1648,1.64
2026,222,1718,1.59
2026,222,1748,1.43
2026,222,1818,1.62
2026,222,1848,0.75
2026,222,1918,0.45
2026,222,1948,0.76
2026,222,2018,0.38
2026,222,2048,1.26
2026,222,2118,1.37
2026,222,2148,1.47
2026,222,2218,2.16
2026,222,2248,2.06
2026,222,2318,1.57
2026,222,2348,1.33
2026,223,18,2.07
2026,223,48,2.07
2026,223,118,1.79
2026,223,148,1.92
2026,223,218,2.57
2026,223,248,2.86
2026,223,318,2.57
2026,223,348,2.23
2026,223,418,2.65
2026,223,448,3.14
2026,223,518,3.16
2026,223,548,3.39
2026,223,618,3.20
2026,223,648,2.87
2026,223,718,3.03
2026,223,748,3.67
2026,223,818,3.46
2026,223,848,2.79
2026,223,918,2.81
2026,223,948,3.51
2026,223,1018,3.80
2026,223,1048,3.29
2026,223,1118,3.69
2026,223,1148,3.58
2026,223,1218,2.79
2026,223,1248,3.81
2026,223,1318,3.50
2026,223,1348,3.83
2026,223,1418,2.70
2026,223,1448,3.85
2026,223,1518,2.60
2026,223,1548,3.04
2026,223,1618,3.11
2026,223,1648,3.27
2026,223,1718,2.00
2026,223,1748,4.28
2026,223,1818,3.87
2026,223,1848,3.94
2026,223,1918,3.49
2026,223,1948,4.57
2026,223,2018,4.58
2026,223,2048,4.71
2026,223,2118,4.00
2026,223,2148,3.89
2026,223,2218,5.23
2026,223,2248,4.48
2026,223,2318,4.12
2026,223,2348,3.23
2026,224,18,4.39
2026,224,48,4.75
2026,224,118,4.12
2026,224,148,4.34
2026,224,218,5.04
2026,224,248,4.77
2026,224,318,4.66
2026,224,348,4.21
2026,224,418,5.00
2026,224,448,4.55
2026,224,518,5.41
2026,224,548,3.79
2026,224,618,4.22
2026,224,648,5.34
2026,224,718,4.76
2026,224,748,4.39
2026,224,818,4.87
2026,224,848,4.79
2026,224,918,5.36
2026,224,948,3.86
2026,224,1018,4.39
2026,224,1048,5.70
2026,224,1118,4.93
2026,224,1148,6.24
2026,224,1218,5.94
2026,224,1248,5.31
2026,224,1318,6.92
2026,224,1348,5.05
2026,224,1418,4.56
2026,224,1448,5.29
2026,224,1518,3.54
2026,224,1548,4.46
2026,224,1618,4.45
2026,224,1648,4.68
2026,224,1718,4.76
2026,224,1748,4.87
2026,224,1818,4.25
2026,224,1848,3.66
2026,224,1918,4.95
2026,224,1948,5.22
2026,224,2018,4.97
2026,224,2048,4.27
2026,224,2118,5.33
2026,224,2148,5.76
2026,224,2218,6.29
2026,224,2248,7.71
2026,224,2318,6.60
2026,224,2348,6.87
2026,225,18,6.38
2026,225,48,7.06
2026,225,118,6.63
2026,225,148,6.67
2026,225,218,5.97
2026,225,248,5.13
2026,225,318,4.51
2026,225,348,4.45
2026,225,418,4.57
2026,225,448,3.88
2026,225,518,4.46
2026,225,548,4.66
2026,225,618,4.71
2026,225,648,4.86
2026,225,718,3.93
2026,225,748,4.03
2026,225,818,3.83
2026,225,848,3.47
2026,225,918,4.19
2026,225,948,4.61
2026,225,1018,4.66
2026,225,1048,4.19
2026,225,1118,3.85
2026,225,1148,3.16
2026,225,1218,3.30
2026,225,1248,3.93
2026,225,1318,4.14
2026,225,1348,4.84
2026,225,1418,5.33
2026,225,1448,5.73
2026,225,1518,5.75
2026,225,1548,5.07
2026,225,1618,3.80
2026,225,1648,4.80
2026,225,1718,4.75
2026,225,1748,4.46
2026,225,1818,3.95
2026,225,1848,3.21
2026,225,1918,4.21
2026,225,1948,5.06
2026,225,2018,5.02
2026,225,2048,4.94
2026,225,2118,5.62
2026,225,2148,5.06
2026,225,2218,4.22
2026,225,2248,4.71
2026,225,2318,5.38
2026,225,2348,5.97
2026,226,18,4.70
2026,226,48,4.82
2026,226,118,4.43
2026,226,148,5.45
2026,226,218,6.18
2026,226,248,6.18
2026,226,318,4.94
2026,226,348,4.72
2026,226,418,5.31
2026,226,448,4.12
2026,226,518,4.35
2026,226,548,5.78
2026,226,618,4.77
2026,226,648,4.04
2026,226,718,4.20
2026,226,748,3.68
2026,226,818,4.31
2026,226,848,4.52
2026,226,918,4.25
2026,226,948,3.60
2026,226,1018,1.95
2026,226,1048,3.81
2026,226,1118,3.67
2026,226,1148,4.56
2026,226,1218,6.30
2026,226,1248,5.70
2026,226,1318,6.44
2026,226,1348,3.74
2026,226,1418,4.63
2026,226,1448,5.14
2026,226,1518,6.65
2026,226,1548,6.12
2026,226,1618,6.23
2026,226,1648,5.85
2026,226,1718,5.90
2026,226,1748,6.10
2026,226,1818,5.45
2026,226,1848,6.48
2026,226,1918,6.37
2026,226,1948,5.49
2026,226,2018,5.83
2026,226,2048,5.15
2026,226,2118,5.05
2026,226,2148,5.02
2026,226,2218,5.23
2026,226,2248,5.27
2026,226,2318,4.81
2026,226,2348,5.34
2026,227,18,5.22
2026,227,48,5.72
2026,227,118,5.28
2026,227,148,5.70
2026,227,218,5.45
2026,227,248,5.11
2026,227,318,5.67
2026,227,348,5.72
2026,227,418,5.04
2026,227,448,5.47
2026,227,518,4.95
2026,227,548,5.25
2026,227,618,5.80
2026,227,648,5.65
2026,227,718,5.94
2026,227,748,5.13
2026,227,818,4.63
2026,227,848,5.22
2026,227,918,5.43
2026,227,948,5.20
2026,227,1018,6.37
2026,227,1048,4.45
2026,227,1118,4.75
2026,227,1148,4.60
2026,227,1218,4.88
2026,227,1248,5.14
2026,227,1318,4.18
2026,227,1348,4.49
2026,227,1418,4.33
2026,227,1448,5.02
2026,227,1518,5.33
2026,227,1548,4.91
2026,227,1618,4.67
2026,227,1648,5.37
2026,227,1718,5.37
2026,227,1748,5.68
2026,227,1818,5.29
2026,227,1848,4.67
2026,227,1918,4.64
2026,227,1948,3.39
2026,227,2018,3.96
2026,227,2048,3.97
2026,227,2118,3.52
2026,227,2148,2.62
2026,227,2218,2.79
2026,227,2248,2.79
2026,227,2318,3.65
2026,227,2348,3.66
2026,228,18,3.45
2026,228,48,3.46
2026,228,118,3.40
2026,228,148,3.64
2026,228,218,2.90
2026,228,248,2.19
2026,228,318,1.20
2026,228,348,2.38
2026,228,418,2.51
2026,228,448,2.01
2026,228,518,2.23
2026,228,548,2.49
2026,228,618,1.69
2026,228,648,2.01
2026,228,718,2.55
2026,228,748,2.72
2026,228,818,1.60
2026,228,848,1.72
2026,228,918,1.62
2026,228,948,1.83
2026,228,1018,1.47
2026,228,1048,0.93
2026,228,1118,1.18
2026,228,1148,1.88
2026,228,1218,2.37
2026,228,1248,2.33
2026,228,1318,2.33
2026,228,1348,3.37
2026,228,1418,1.77
2026,228,1448,2.68
2026,228,1518,2.28
2026,228,1548,1.31
2026,228,1618,1.98
2026,228,1648,2.11
2026,228,1718,1.58
2026,228,1748,1.50
2026,228,1818,1.29
2026,228,1848,1.26
2026,228,1918,0.89
2026,228,1948,0.51
2026,228,2018,0.97
2026,228,2048,1.20
2026,228,2118,2.08
2026,228,2148,1.96
2026,228,2218,1.32
2026,228,2248,0.54
2026,228,2318,0.63
2026,228,2348,1.02
2026,229,18,1.25
2026,229,48,0.81
2026,229,118,0.10
2026,229,148,0.13
2026,229,218,1.06
2026,229,248,0.67
2026,229,318,0.62
2026,229,348,0.99
2026,229,418,0.58
2026,229,448,0.66
2026,228,1948,0.51
2026,228,2018,0.97
2026,228,2048,1.20
2026,228,2118,2.08
2026,228,2148,1.96
2026,228,2218,1.32
2026,228,2248,0.54
2026,228,2318,0.63
2026,228,2348,1.02
2026,229,18,1.25
2026,229,48,0.81
2026,229,118,0.10
2026,229,148,0.13
2026,229,218,1.06
2026,229,248,0.67
2026,229,318,0.62
2026,229,348,0.99
2026,229,418,0.58
2026,229,448,0.66
2026,229,518,0.41
2026,229,548,0.78
2026,229,618,0.44
2026,229,648,0.57
2026,229,718,1.25
2026,229,748,0.69
2026,229,818,1.03
2026,229,848,0.98
2026,229,918,1.25
2026,229,948,0.92
2026,229,1018,1.92
2026,229,1048,2.23
2026,229,1118,1.57
2026,229,1148,0.98
2026,229,1218,1.55
2026,229,1248,2.32
2026,229,1318,2.20
2026,229,1348,2.27
2026,229,1418,2.01
2026,229,1448,1.38
2026,229,1518,3.05
2026,229,1548,3.82
2026,229,1618,4.32
2026,229,1648,4.44
2026,229,548,0.78
2026,229,718,1.25
2026,229,748,0.69
2026,229,818,1.03
2026,229,848,0.98
2026,229,918,1.25
2026,229,948,0.92
2026,229,1018,1.92
2026,229,1048,2.23
2026,229,1118,1.57
2026,229,1148,0.98
2026,229,1218,1.55
2026,229,1248,2.32
2026,229,1318,2.20
2026,229,1348,2.27
2026,229,1418,2.01
2026,229,1448,1.38
2026,229,1518,3.05
2026,229,1548,3.82
2026,229,1618,4.32
2026,229,1648,4.44
2026,229,1718,4.73
2026,229,1748,3.83
2026,229,1818,3.17
2026,229,1848,3.41
2026,229,1918,2.79
2026,229,1948,3.43
2026,229,2018,3.76
2026,229,2048,3.60
2026,229,2118,5.53
2026,229,2148,5.14
2026,229,2218,5.27
2026,229,2248,4.91
2026,229,2318,3.92
2026,229,2348,4.17
2026,230,18,3.94
2026,230,48,3.87
2026,230,118,3.85
2026,230,148,5.14
2026,230,218,6.37
2026,230,248,6.41
2026,230,318,6.41
2026,230,348,6.34
2026,230,418,7.26
2026,230,448,7.12
2026,230,518,7.01
2026,230,548,6.40
2026,230,618,6.14
2026,230,648,6.93
2026,230,718,5.86
2026,230,748,6.23
2026,230,818,7.40
2026,230,848,6.31
2026,230,918,6.92
2026,230,948,7.76
2026,230,1018,5.75
2026,230,1048,7.11
2026,230,1118,6.75
2026,230,1148,6.95
2026,230,1218,7.02
2026,230,1248,6.13
2026,230,1318,6.54
2026,230,1348,6.17
2026,230,1418,5.29
2026,230,1448,6.84
2026,230,1518,5.91
2026,230,1548,4.39
2026,230,1618,5.41
2026,230,1648,5.96
2026,230,1718,5.15
2026,230,1748,5.29
2026,230,1818,6.01
2026,230,1848,4.35
2026,230,1918,6.70
2026,230,1948,5.58
2026,230,2018,5.39
2026,230,2048,4.44
2026,230,2118,3.80
2026,230,2148,4.28
2026,230,2218,4.20
2026,230,2248,3.66
2026,230,2318,4.59
2026,230,2348,3.69
2026,231,18,4.06
2026,231,48,3.67
2026,231,118,3.22
2026,231,148,3.86
2026,231,218,3.36
2026,231,248,4.01
2026,231,318,3.25
2026,231,348,2.94
2026,231,418,3.14
2026,231,448,3.02
2026,231,518,3.23
2026,231,548,2.56
2026,231,618,2.30
2026,231,648,1.41
2026,231,718,0.95
2026,231,748,0.95
2026,231,818,0.22
2026,231,848,0.36
2026,231,918,0.60
2026,231,948,0.47
2026,231,1018,0.75
2026,231,1048,0.79
2026,231,1118,0.97
2026,231,1148,1.69
2026,231,1218,2.12
2026,231,1248,1.26
2026,231,1318,1.36
2026,231,1348,0.80
2026,231,1418,2.70
2026,231,1448,3.12
2026,231,1518,2.72
2026,231,1548,3.34
2026,231,1618,2.72
2026,231,1648,3.05
2026,231,1718,2.88
2026,231,1748,3.54
2026,231,1818,2.83
2026,231,1848,2.80
2026,231,1918,2.64
2026,231,1948,2.90
2026,231,2018,3.42
2026,231,2048,3.32
2026,231,2118,2.73
2026,231,2148,2.94
2026,231,2218,2.77
2026,231,2248,2.53
2026,231,2318,2.40
2026,231,2348,2.99
2026,232,18,3.29
2026,232,48,3.63
2026,232,118,3.47
2026,232,148,3.84
2026,232,218,5.27
2026,232,248,4.97
2026,232,318,6.26
2026,232,348,5.96
2026,232,418,6.03
2026,232,448,5.12
2026,232,518,5.20
2026,232,548,4.43
2026,232,618,5.42
2026,232,648,4.68
2026,232,718,5.34
2026,232,748,5.26
2026,232,818,4.95
2026,232,848,5.85
2026,232,918,4.84
2026,232,948,4.50
2026,232,1018,4.68
2026,232,1048,3.76
2026,232,1118,3.58
2026,232,1148,4.10
2026,232,1218,2.99
2026,232,1248,3.80
2026,232,1318,2.71
2026,232,1348,3.85
2026,232,1418,5.56
2026,232,1448,4.39
2026,232,1518,4.08
2026,232,1548,4.30
2026,232,1618,4.38
2026,232,1648,3.97
2026,232,1718,4.13
2026,232,1748,4.87
2026,232,1818,5.66
2026,232,1848,4.51
2026,232,1918,4.82
2026,232,1948,4.21
2026,232,2018,4.64
2026,232,2048,4.79
2026,232,2118,4.39
2026,232,2148,4.25
2026,232,2218,3.93
2026,232,2248,3.50
2026,232,2318,3.33
2026,232,2348,3.23
2026,233,18,2.82
2026,233,48,2.42
2026,233,118,3.03
2026,233,148,3.53
2026,233,218,3.42
2026,233,248,2.80
2026,233,318,2.86
2026,233,348,3.22
2026,233,418,3.95
2026,233,448,5.04
2026,233,518,4.60
2026,233,548,4.86
2026,233,618,4.81
2026,233,648,4.79
2026,233,718,4.69
2026,233,748,4.62
2026,233,818,4.46
2026,233,848,3.35
2026,233,918,4.94
2026,233,948,3.93
2026,233,1018,4.02
2026,233,1048,4.65
2026,233,1118,4.29
2026,233,1148,3.49
2026,233,1218,3.42
2026,233,1248,3.44
2026,233,1318,3.59
2026,233,1348,3.03
2026,233,1418,3.43
2026,233,1448,3.08
2026,233,1518,3.06
2026,233,1548,2.57
2026,233,1618,3.01
2026,233,1648,3.52
2026,233,1718,3.65
2026,233,1748,3.21
2026,233,1818,3.58
2026,233,1848,4.37
2026,233,1918,4.48
2026,233,1948,3.92
2026,233,2018,4.00
2026,233,2048,4.77
2026,233,2118,5.48
2026,233,2148,5.40
2026,233,2218,4.38
2026,233,2248,5.18
2026,233,2318,5.70
2026,233,2348,5.48
2026,234,18,4.85
2026,234,48,5.07
2026,234,118,4.14
2026,234,148,4.79
2026,234,218,4.86
2026,234,248,4.34
2026,234,318,4.11
2026,234,348,4.52
2026,234,418,4.24
2026,234,448,5.09
2026,234,518,5.75
2026,234,548,4.38
2026,234,618,4.89
2026,234,648,4.81
2026,234,718,5.24
2026,234,748,5.09
2026,234,818,4.86
2026,234,848,5.43
2026,234,918,5.24
2026,234,948,5.28
2026,234,1018,4.39
2026,234,1048,4.19
2026,234,1118,4.85
2026,234,1148,4.08
2026,234,1218,4.36
2026,234,1248,4.22
2026,234,1318,4.20
2026,234,1348,4.31
2026,234,1418,3.46
2026,234,1448,3.48
2026,234,1518,3.72
2026,234,1548,4.54
2026,234,1618,3.37
2026,234,1648,3.82
2026,234,1718,4.22
2026,234,1748,4.26
2026,234,1818,3.45
2026,234,1848,3.60
2026,234,1918,3.69
2026,234,1948,3.72
2026,234,2018,2.96
2026,234,2048,2.89
2026,234,2118,2.80
2026,234,2148,2.86
2026,234,2218,3.11
2026,234,2248,2.03
2026,234,2318,2.21
2026,234,2348,3.18
2026,235,18,3.22
2026,235,48,2.94
2026,235,118,3.03
2026,235,148,2.84
2026,235,218,3.46
2026,235,248,3.26
2026,235,318,3.39
2026,235,348,3.70
2026,235,418,4.22
2026,235,448,3.97
2026,235,518,3.83
2026,235,548,3.79
2026,235,618,4.08
2026,235,648,4.74
2026,235,718,4.60
2026,235,748,4.70
2026,235,818,4.29
2026,235,848,3.80
2026,235,918,3.88
2026,235,948,3.02
2026,235,1018,3.11
2026,235,1048,2.97
2026,235,1118,1.58
2026,235,1148,1.23
2026,235,1218,2.11
2026,235,1248,1.00
2026,235,1318,1.59
2026,235,1348,0.97
2026,235,1418,0.85
2026,235,1448,0.40
2026,235,1518,1.54
2026,235,1548,1.14
2026,235,1618,0.37
2026,235,1648,0.29
2026,235,1718,1.48
2026,235,1748,1.13
2026,235,1818,0.88
2026,235,1848,0.92
2026,235,1918,0.72
2026,235,1948,0.24
2026,235,2018,0.42
2026,235,2048,0.69
2026,235,2118,0.94
2026,235,2148,1.40
2026,235,2218,2.05
2026,235,2248,2.14
2026,235,2318,2.23
2026,235,2348,2.14
2026,236,18,2.84
2026,236,48,2.92
2026,236,118,3.63
2026,236,148,4.22
2026,236,218,4.30
2026,236,248,4.83
2026,236,318,4.45
2026,236,348,4.64
2026,236,418,4.67
2026,236,448,4.93
2026,236,518,4.65
2026,236,548,4.23
2026,236,618,4.76
2026,236,648,4.43
2026,236,718,4.28
2026,236,748,4.89
2026,236,818,5.18
2026,236,848,4.52
2026,236,918,4.00
2026,236,948,4.13
2026,236,1018,5.69
2026,236,1048,5.36
2026,236,1118,4.33
2026,236,1148,4.32
2026,236,1218,4.10
2026,236,1248,4.73
2026,236,1318,5.00
2026,236,1348,4.46
2026,236,1418,4.91
2026,236,1448,4.48
2026,236,1518,4.35
2026,236,1548,4.74
2026,236,1618,4.44
2026,236,1648,4.44
2026,236,1718,3.22
2026,236,1748,4.04
2026,236,1818,3.55
2026,236,1848,3.38
2026,236,1918,3.13
2026,236,1948,2.62
2026,236,2018,2.87
2026,236,2048,2.41
2026,236,2118,2.52
2026,236,2148,2.99
2026,236,2218,1.59
2026,236,2248,1.70
2026,236,2318,1.66
2026,236,2348,1.66
2026,237,18,1.99
2026,237,48,1.63
2026,237,118,1.84
2026,237,148,1.44
2026,237,218,1.55
2026,237,248,1.60
2026,237,318,1.42
2026,237,348,1.90
2026,237,418,2.12
2026,237,448,2.61
2026,237,518,2.51
2026,237,548,2.82
2026,237,618,3.00
2026,237,648,2.77
2026,237,718,2.74
2026,237,748,3.17
2026,237,818,4.07
2026,237,848,4.01
2026,237,918,3.97
2026,237,948,4.08
2026,237,1018,5.13
2026,237,1048,4.67
2026,237,1118,5.45
2026,237,1148,6.45
2026,237,1218,6.43
2026,237,1248,5.85
2026,237,1318,4.90
2026,237,1348,5.83
2026,237,1418,6.50
2026,237,1448,5.96
2026,237,1518,5.84
2026,237,1548,5.79
2026,237,1618,6.25
2026,237,1648,5.30
2026,237,1718,5.10
2026,237,1748,4.57
2026,237,1818,4.43
2026,237,1848,4.28
2026,237,1918,5.28
2026,237,1948,5.54
2026,237,2018,5.94
2026,237,2048,5.01
2026,237,2118,5.19
2026,237,2148,4.46
2026,237,2218,4.80
2026,237,2248,4.02
2026,237,2318,3.54
2026,237,2348,3.71
2026,238,18,4.77
2026,238,48,4.71
2026,238,118,5.49
2026,238,148,5.14
2026,238,218,5.85
2026,238,248,6.55
2026,238,318,5.95
2026,238,348,5.78
2026,238,418,6.95
2026,238,448,6.21
2026,238,518,7.09
2026,238,548,8.65
2026,238,618,7.53
2026,238,648,6.55
2026,238,718,8.36
2026,238,748,8.40
2026,238,818,9.73
2026,238,848,8.52
2026,238,918,8.92
2026,238,948,8.69
2026,238,1018,7.93
2026,238,1048,9.18
2026,238,1118,9.19
2026,238,1148,8.98
2026,238,1218,7.26
2026,238,1248,8.82
2026,238,1318,7.63
2026,238,1348,7.43
2026,238,1418,7.68
2026,238,1448,7.12
2026,238,1518,7.06
2026,238,1548,6.29
2026,238,1618,5.49
2026,238,1648,5.83
2026,238,1718,6.02
2026,238,1748,6.32
2026,238,1818,5.89
2026,238,1848,6.43
2026,238,1918,5.20
2026,238,1948,4.60
2026,238,2018,4.93
2026,238,2048,4.67
2026,238,2118,6.13
2026,238,2148,5.80
2026,238,2218,6.43
2026,238,2248,6.95
2026,238,2318,7.36
2026,238,2348,6.10
2026,239,18,5.31
2026,239,48,5.66
2026,239,118,5.55
2026,239,148,5.84
2026,239,218,5.77
2026,239,248,4.43
2026,239,318,4.93
2026,239,348,4.59
2026,239,418,4.01
2026,239,448,3.07
2026,239,518,3.63
2026,239,548,3.25
2026,239,618,3.52
2026,239,648,3.58
2026,239,718,4.11
2026,239,748,4.14
2026,239,818,6.24
2026,239,848,6.44
2026,239,918,6.94
2026,239,948,7.26
2026,239,1018,7.74
2026,239,1048,6.37
2026,239,1118,7.26
2026,239,1148,6.71
2026,239,1218,6.87
2026,239,1248,5.86
2026,239,1318,6.16
2026,239,1348,6.11
2026,239,1418,5.81
2026,239,1448,4.95
2026,239,1518,6.02
2026,239,1548,4.35
2026,239,1618,4.54
2026,239,1648,3.59
2026,239,1718,3.05
2026,239,1748,3.31
2026,239,1818,3.69
2026,239,1848,4.76
2026,239,1918,4.02
2026,239,1948,3.03
2026,239,2018,2.93
2026,239,2048,3.45
2026,239,2118,2.80
2026,239,2148,4.26
2026,239,2218,4.05
2026,239,2248,3.72
2026,239,2318,3.23
2026,239,2348,2.02
2026,240,18,2.36
2026,240,48,1.99
2026,240,118,1.92
2026,240,148,2.52
2026,240,218,1.65
2026,240,248,1.38
2026,240,318,2.23
2026,240,348,2.24
2026,240,418,1.44
2026,240,448,1.49
2026,240,518,1.77
2026,240,548,1.79
2026,240,618,2.17
2026,240,648,1.77
2026,240,718,1.94
2026,240,748,1.41
2026,240,818,2.02
2026,240,848,2.33
2026,240,918,2.78
2026,240,948,3.47
2026,240,1018,4.73
2026,240,1048,4.86
2026,240,1118,4.73
2026,240,1148,5.06
2026,240,1218,5.72
2026,240,1248,5.02
2026,240,1318,4.05
2026,240,1348,5.03
2026,240,1418,6.19
2026,240,1448,5.37
2026,240,1518,5.54
2026,240,1548,5.90
2026,240,1618,5.82
2026,240,1648,5.03
2026,240,1718,5.05
2026,240,1748,4.83
2026,240,1818,5.06
2026,240,1848,5.25
2026,240,1918,4.67
2026,240,1948,4.91
2026,240,2018,4.77
2026,240,2048,5.20
2026,240,2118,5.33
2026,240,2148,4.77
2026,240,2218,5.11
2026,240,2248,4.85
2026,240,2318,4.69
2026,240,2348,4.60
2026,241,18,4.26
2026,241,48,4.13
2026,241,118,4.76
2026,241,148,4.29
2026,241,218,3.71
2026,241,248,3.82
2026,241,318,4.12
2026,241,348,4.41
2026,241,418,3.11
2026,241,448,4.15
2026,241,518,3.63
2026,241,548,4.90
2026,241,618,4.10
2026,241,648,3.49
2026,241,718,3.35
2026,241,748,3.12
2026,241,818,2.95
2026,241,848,2.14
2026,241,918,1.75
2026,241,948,1.42
2026,241,1018,2.03
2026,241,1048,1.31
2026,241,1118,0.12
2026,241,1148,0.23
2026,241,1218,0.46
2026,241,1248,0.88
2026,241,1318,0.32
2026,241,1348,0.97
2026,241,1418,0.60
2026,241,1448,0.66
2026,241,1518,0.78
2026,241,1548,0.63
2026,241,1618,0.20
2026,241,1648,0.15
2026,241,1718,0.58
2026,241,1748,0.40
2026,241,1818,0.12
2026,241,1848,0.62
2026,241,1918,0.33
2026,241,1948,0.07
2026,241,2018,0.23
2026,241,2048,0.40
2026,241,2118,0.48
2026,241,2148,0.56
2026,241,2218,0.93
2026,241,2248,0.40
2026,241,2318,0.41
2026,241,2348,0.68
2026,242,18,0.66
2026,242,48,1.27
2026,242,118,0.41
2026,242,148,0.28
2026,242,218,0.46
2026,242,248,0.20
2026,242,318,0.71
2026,242,348,1.03
2026,242,418,0.33
2026,242,448,0.48
2026,242,518,0.21
2026,242,548,1.10
2026,242,618,1.71
2026,242,648,2.00
2026,242,718,1.57
2026,242,748,2.40
2026,242,818,2.07
2026,242,848,2.71
2026,242,918,2.67
2026,242,948,2.19
2026,242,1018,2.75
2026,242,1048,2.70
2026,242,1118,3.18
2026,242,1148,3.55
2026,242,1218,3.36
2026,242,1248,3.06
2026,242,1318,2.84
2026,242,1348,3.20
2026,242,1418,4.34
2026,242,1448,4.68
2026,242,1518,3.57
2026,242,1548,3.48
2026,242,1618,3.42
2026,242,1648,3.02
2026,242,1718,3.37
2026,242,1748,2.70
2026,242,1818,2.68
2026,242,1848,1.87
2026,242,1918,1.94
2026,242,1948,2.08
2026,242,2018,1.78
2026,242,2048,0.26
2026,242,2118,0.53
2026,242,2148,0.64
2026,242,2218,0.21
2026,242,2248,0.44
2026,242,2318,0.16
2026,242,2348,0.40
2026,243,18,0.28
2026,243,48,1.16
2026,243,118,1.50
2026,243,148,1.45
2026,243,218,1.00
2026,243,248,2.78
2026,243,318,3.17
2026,243,348,3.08
2026,243,418,3.16
2026,243,448,3.43
2026,243,518,3.40
2026,243,548,4.43
2026,243,618,3.99
2026,243,648,4.23
2026,243,718,4.08
2026,243,748,4.11
2026,243,818,4.96
2026,243,848,4.27
2026,243,918,4.28
2026,243,948,4.71
2026,243,1018,3.33
2026,243,1048,3.96
2026,243,1118,5.65
