Entity,Code,Year,Coal
Afghanistan,AFG,1900,0
Afghanistan,AFG,1901,0
Afghanistan,AFG,1902,0
Afghanistan,AFG,1903,0
Afghanistan,AFG,1904,0
Afghanistan,AFG,1905,0
Afghanistan,AFG,1906,0
Afghanistan,AFG,1907,0
Afghanistan,AFG,1908,0
Afghanistan,AFG,1909,0
Afghanistan,AFG,1910,0
Afghanistan,AFG,1911,0
Afghanistan,AFG,1912,0
Afghanistan,AFG,1913,0
Afghanistan,AFG,1914,0
Afghanistan,AFG,1915,0
Afghanistan,AFG,1916,0
Afghanistan,AFG,1917,0
Afghanistan,AFG,1918,0
Afghanistan,AFG,1919,0
Afghanistan,AFG,1920,0
Afghanistan,AFG,1921,0
Afghanistan,AFG,1922,0
Afghanistan,AFG,1923,0
Afghanistan,AFG,1924,0
Afghanistan,AFG,1925,0
Afghanistan,AFG,1926,0
Afghanistan,AFG,1927,0
Afghanistan,AFG,1928,0
Afghanistan,AFG,1929,0
Afghanistan,AFG,1930,0
Afghanistan,AFG,1931,0
Afghanistan,AFG,1932,0
Afghanistan,AFG,1933,0
Afghanistan,AFG,1934,0
Afghanistan,AFG,1935,0
Afghanistan,AFG,1936,0
Afghanistan,AFG,1937,0
Afghanistan,AFG,1938,0
Afghanistan,AFG,1939,0
Afghanistan,AFG,1940,0
Afghanistan,AFG,1941,0
Afghanistan,AFG,1942,0
Afghanistan,AFG,1943,0
Afghanistan,AFG,1944,0
Afghanistan,AFG,1945,0
Afghanistan,AFG,1946,0
Afghanistan,AFG,1947,0
Afghanistan,AFG,1948,0
Afghanistan,AFG,1949,0.040705003
Afghanistan,AFG,1950,0.113974005
Afghanistan,AFG,1951,0.122115
Afghanistan,AFG,1952,0.13839701
Afghanistan,AFG,1953,0.130256
Afghanistan,AFG,1954,0.122115
Afghanistan,AFG,1955,0.187243
Afghanistan,AFG,1956,0.187243
Afghanistan,AFG,1957,0.236089
Afghanistan,AFG,1958,0.27679402
Afghanistan,AFG,1959,0.333781
Afghanistan,AFG,1960,0.390768
Afghanistan,AFG,1961,0.537306
Afghanistan,AFG,1962,0.91179204
Afghanistan,AFG,1963,0.80595905
Afghanistan,AFG,1964,0.91993296
Afghanistan,AFG,1965,1.172304
Afghanistan,AFG,1966,1.3188419
Afghanistan,AFG,1967,1.229291
Afghanistan,AFG,1968,1.017625
Afghanistan,AFG,1969,1.1071761
Afghanistan,AFG,1970,1.335124
Afghanistan,AFG,1971,1.099035
Afghanistan,AFG,1972,0.578011
Afghanistan,AFG,1973,0.952497
Afghanistan,AFG,1974,0.936215
Afghanistan,AFG,1975,1.2211499
Afghanistan,AFG,1976,1.3025601
Afghanistan,AFG,1977,1.38397
Afghanistan,AFG,1978,1.7747381
Afghanistan,AFG,1979,1.074612
Afghanistan,AFG,1980,0.6902662
Afghanistan,AFG,1981,0.72506946
Afghanistan,AFG,1982,0.8410806
Afghanistan,AFG,1983,0.8410806
Afghanistan,AFG,1984,0.85848224
Afghanistan,AFG,1985,0.87588394
Afghanistan,AFG,1986,0.92808896
Afghanistan,AFG,1987,0.96869284
Afghanistan,AFG,1988,0.80047673
Afghanistan,AFG,1989,0.73667055
Afghanistan,AFG,1990,0.6090583
Afghanistan,AFG,1991,0.54525226
Afghanistan,AFG,1992,0.046404444
Afghanistan,AFG,1993,0.040603895
Afghanistan,AFG,1994,0.034803342
Afghanistan,AFG,1995,0.029002795
Afghanistan,AFG,1996,0.017401647
Afghanistan,AFG,1997,0.011601097
Afghanistan,AFG,1998,0.011601097
Afghanistan,AFG,1999,0.0058005485
Afghanistan,AFG,2000,0.0058005485
Afghanistan,AFG,2001,0.15081447
Afghanistan,AFG,2002,0.12181168
Afghanistan,AFG,2003,0.20301947
Afghanistan,AFG,2004,0.19721892
Afghanistan,AFG,2005,0.19141832
Afghanistan,AFG,2006,0.20301947
Afghanistan,AFG,2007,1.409535
Afghanistan,AFG,2008,2.0127928
Afghanistan,AFG,2009,2.9002779
Afghanistan,AFG,2010,4.337739
Afghanistan,AFG,2011,7.13136
Afghanistan,AFG,2012,10.111218
Afghanistan,AFG,2013,10.822867
Afghanistan,AFG,2014,13.919391
Afghanistan,AFG,2015,12.176143
Afghanistan,AFG,2016,13.455068
Afghanistan,AFG,2017,12.101208
Afghanistan,AFG,2018,16.652205
Afghanistan,AFG,2019,17.662186
Afghanistan,AFG,2020,10.3544035
Afghanistan,AFG,2021,15.816573
Afghanistan,AFG,2022,27.377752
Afghanistan,AFG,2023,4.4405103
Afghanistan,AFG,2024,6.811552
Africa,OWID_AFR,1980,774.90717
Africa,OWID_AFR,1981,909.9034
Africa,OWID_AFR,1982,998.71216
Africa,OWID_AFR,1983,1011.8728
Africa,OWID_AFR,1984,1128.4529
Africa,OWID_AFR,1985,1198.9108
Africa,OWID_AFR,1986,1229.4912
Africa,OWID_AFR,1987,1230.7749
Africa,OWID_AFR,1988,1264.9315
Africa,OWID_AFR,1989,1228.4504
Africa,OWID_AFR,1990,1221.226
Africa,OWID_AFR,1991,1245.4105
Africa,OWID_AFR,1992,1273.735
Africa,OWID_AFR,1993,1297.0951
Africa,OWID_AFR,1994,1348.1089
Africa,OWID_AFR,1995,1416.6951
Africa,OWID_AFR,1996,1412.351
Africa,OWID_AFR,1997,1502.2733
Africa,OWID_AFR,1998,1522.4474
Africa,OWID_AFR,1999,1519.8279
Africa,OWID_AFR,2000,1518.354
Africa,OWID_AFR,2001,1414.8053
Africa,OWID_AFR,2002,1397.1062
Africa,OWID_AFR,2003,1494.5215
Africa,OWID_AFR,2004,1536.9963
Africa,OWID_AFR,2005,1646.2493
Africa,OWID_AFR,2006,1635.4047
Africa,OWID_AFR,2007,1653.6631
Africa,OWID_AFR,2008,1682.2019
Africa,OWID_AFR,2009,1664.4828
Africa,OWID_AFR,2010,1725.5802
Africa,OWID_AFR,2011,1685.0098
Africa,OWID_AFR,2012,1769.7893
Africa,OWID_AFR,2013,1773.6799
Africa,OWID_AFR,2014,1832.9509
Africa,OWID_AFR,2015,1758.3575
Africa,OWID_AFR,2016,1762.886
Africa,OWID_AFR,2017,1800.9305
Africa,OWID_AFR,2018,1864.1843
Africa,OWID_AFR,2019,1827.1305
Africa,OWID_AFR,2020,1731.0869
Africa,OWID_AFR,2021,1690.3275
Africa,OWID_AFR,2022,1713.9115
Africa,OWID_AFR,2023,1752.3147
Africa,OWID_AFR,2024,1790.8204
Africa,OWID_AFR,2025,1823.0548
Africa (EI),,1981,909.9034
Africa (EI),,1982,998.71216
Africa (EI),,1983,1011.8728
Africa (EI),,1984,1128.4529
Africa (EI),,1985,1198.9108
Africa (EI),,1986,1229.4912
Africa (EI),,1987,1230.7749
Africa (EI),,1988,1264.9315
Africa (EI),,1989,1228.4504
Africa (EI),,1990,1221.226
Africa (EI),,1991,1245.4105
Africa (EI),,1992,1273.735
Africa (EI),,1993,1297.0951
Africa (EI),,1994,1348.1089
Africa (EI),,1995,1416.6951
Africa (EI),,1996,1412.351
Africa (EI),,1997,1502.2733
Africa (EI),,1998,1522.4474
Africa (EI),,1999,1519.8279
Africa (EI),,2000,1518.354
Africa (EI),,2001,1414.8053
Africa (EI),,2002,1397.1062
Africa (EI),,2003,1494.5215
Africa (EI),,2004,1536.9963
Africa (EI),,2005,1646.2493
Africa (EI),,2006,1635.4047
Africa (EI),,2007,1653.6631
Africa (EI),,2008,1682.2019
Africa (EI),,2009,1664.4828
Africa (EI),,2010,1725.5802
Africa (EI),,2011,1685.0098
Africa (EI),,2012,1769.7893
Africa (EI),,2013,1773.6799
Africa (EI),,2014,1832.9509
Africa (EI),,2015,1758.3575
Africa (EI),,2016,1762.886
Africa (EI),,2017,1800.9305
Africa (EI),,2018,1864.1843
Africa (EI),,2019,1827.1305
Africa (EI),,2020,1731.0869
Africa (EI),,2021,1690.3275
Africa (EI),,2022,1713.9115
Africa (EI),,2023,1752.3147
Africa (EI),,2024,1790.8204
Africa (EI),,2025,1823.0548
Albania,ALB,1900,0
Albania,ALB,1901,0
Albania,ALB,1902,0
Albania,ALB,1903,0
Albania,ALB,1904,0
Albania,ALB,1905,0
Albania,ALB,1906,0
Albania,ALB,1907,0
Albania,ALB,1908,0
Albania,ALB,1909,0
Albania,ALB,1910,0
Albania,ALB,1911,0
Albania,ALB,1912,0
Albania,ALB,1913,0
Albania,ALB,1914,0
Albania,ALB,1915,0
Albania,ALB,1916,0
Albania,ALB,1917,0
Albania,ALB,1918,0
Albania,ALB,1919,0
Albania,ALB,1920,0
Albania,ALB,1921,0
Albania,ALB,1922,0
Albania,ALB,1923,0
Albania,ALB,1924,0
Albania,ALB,1925,0
Albania,ALB,1926,0
Albania,ALB,1927,0
Albania,ALB,1928,0
Albania,ALB,1929,0
Albania,ALB,1930,0
Albania,ALB,1931,0
Albania,ALB,1932,0
Albania,ALB,1933,0
Albania,ALB,1934,0
Albania,ALB,1935,0
Albania,ALB,1936,0
Albania,ALB,1937,0
Albania,ALB,1938,0
Albania,ALB,1939,0
Albania,ALB,1940,0
Albania,ALB,1941,0
Albania,ALB,1942,0
Albania,ALB,1943,0
Albania,ALB,1944,0
Albania,ALB,1945,0
Albania,ALB,1946,0.065128
Albania,ALB,1947,0
Albania,ALB,1948,0.016282
Albania,ALB,1949,0
Albania,ALB,1950,0.1668905
Albania,ALB,1951,0.211666
Albania,ALB,1952,0.3215695
Albania,ALB,1953,0.4274025
Albania,ALB,1954,0.6065045
Albania,ALB,1955,0.7937475
Albania,ALB,1956,0.91179204
Albania,ALB,1957,0.960638
Albania,ALB,1958,1.042048
Albania,ALB,1959,1.0583299
Albania,ALB,1960,1.1845155
Albania,ALB,1961,1.1763744
Albania,ALB,1962,1.2252206
Albania,ALB,1963,1.025766
Albania,ALB,1964,1.188586
Albania,ALB,1965,1.3473356
Albania,ALB,1966,1.6037769
Albania,ALB,1967,1.6282
Albania,ALB,1968,1.7665969
Albania,ALB,1969,2.4097362
Albania,ALB,1970,2.466723
Albania,ALB,1971,2.7475874
Albania,ALB,1972,3.01217
Albania,ALB,1973,3.3011756
Albania,ALB,1974,3.4599252
Albania,ALB,1975,3.4599252
Albania,ALB,1976,3.66345
Albania,ALB,1977,3.866975
Albania,ALB,1978,4.15191
Albania,ALB,1979,5.6987
Albania,ALB,1980,3.8770485
Albania,ALB,1981,4.2106166
Albania,ALB,1982,4.648083
Albania,ALB,1983,5.0582085
Albania,ALB,1984,5.495675
Albania,ALB,1985,5.8784585
Albania,ALB,1986,5.9249396
Albania,ALB,1987,5.834712
Albania,ALB,1988,5.9714203
Albania,ALB,1989,5.996028
Albania,ALB,1990,5.662452
Albania,ALB,1991,2.9720356
Albania,ALB,1992,1.0007038
Albania,ALB,1993,0.58511096
Albania,ALB,1994,0.46207362
Albania,ALB,1995,0.21873307
Albania,ALB,1996,0.30896047
Albania,ALB,1997,0.106632374
Albania,ALB,1998,0.133974
Albania,ALB,1999,0.133974
Albania,ALB,2000,0.0820249
Albania,ALB,2001,0.05741743
Albania,ALB,2002,0.04101245
Albania,ALB,2003,0.15858148
Albania,ALB,2004,0.15858148
Albania,ALB,2005,0.12303735
Albania,ALB,2006,0.12303735
Albania,ALB,2007,0.12303735
Albania,ALB,2008,0.16678397
Albania,ALB,2009,0.027341634
Albania,ALB,2010,0.027341634
Albania,ALB,2011,0.013670817
Albania,ALB,2012,0.019139143
Albania,ALB,2013,0.02460747
Albania,ALB,2014,0.045523815
Albania,ALB,2015,0.066440165
Albania,ALB,2016,0.038278285
Albania,ALB,2017,0.12577152
Albania,ALB,2018,0.267948
Albania,ALB,2019,0.33279848
Albania,ALB,2020,0.34723875
Albania,ALB,2021,0.6582471
Albania,ALB,2022,1.8562036
Albania,ALB,2023,2.1865292
Albania,ALB,2024,1.3852084
Algeria,DZA,1900,0
Algeria,DZA,1901,0
Algeria,DZA,1902,0
Algeria,DZA,1903,0
Algeria,DZA,1904,0
Algeria,DZA,1905,0
Algeria,DZA,1906,0
Algeria,DZA,1907,0
Algeria,DZA,1908,0
Algeria,DZA,1909,0
Algeria,DZA,1910,0
Algeria,DZA,1911,0
Algeria,DZA,1912,0
Algeria,DZA,1913,0
Algeria,DZA,1914,0
Algeria,DZA,1915,0
Algeria,DZA,1916,0
Algeria,DZA,1917,0.016282
Algeria,DZA,1918,0.046973567
Algeria,DZA,1919,0.051980283
Algeria,DZA,1920,0.05511457
Algeria,DZA,1921,0.073269
Algeria,DZA,1922,0.073269
Algeria,DZA,1923,0.032564
Algeria,DZA,1924,0.073269
Algeria,DZA,1925,0.081410006
Algeria,DZA,1926,0.113974005
Algeria,DZA,1927,0.17096101
Algeria,DZA,1928,0.13839701
Algeria,DZA,1929,0.130256
Algeria,DZA,1930,0.13839701
Algeria,DZA,1931,0.17096101
Algeria,DZA,1932,0.203525
Algeria,DZA,1933,0.24423
Algeria,DZA,1934,0.27679402
Algeria,DZA,1935,0.309358
Algeria,DZA,1936,0.056987002
Algeria,DZA,1937,0.113974005
Algeria,DZA,1938,0.105833
Algeria,DZA,1939,0.154679
Algeria,DZA,1940,0.447755
Algeria,DZA,1941,0.65128005
Algeria,DZA,1942,1.2048681
Algeria,DZA,1943,0.952497
Algeria,DZA,1944,0.97692
Algeria,DZA,1945,1.3188419
Algeria,DZA,1946,1.750315
Algeria,DZA,1947,1.677046
Algeria,DZA,1948,1.8398659
Algeria,DZA,1949,2.1573648
Algeria,DZA,1950,2.100378
Algeria,DZA,1951,2.010827
Algeria,DZA,1952,2.189929
Algeria,DZA,1953,2.4015949
Algeria,DZA,1954,2.466723
Algeria,DZA,1955,2.4504411
Algeria,DZA,1956,2.417877
Algeria,DZA,1957,1.921276
Algeria,DZA,1958,1.245573
Algeria,DZA,1959,0.99320203
Algeria,DZA,1960,0.968779
Algeria,DZA,1961,0.537306
Algeria,DZA,1962,0.431473
Algeria,DZA,1963,0.309358
Algeria,DZA,1964,0.374486
Algeria,DZA,1965,0.36634502
Algeria,DZA,1966,0.032564
Algeria,DZA,1967,0.13839701
Algeria,DZA,1968,0
Algeria,DZA,1969,0.154679
Algeria,DZA,1970,0.105833
Algeria,DZA,1971,0.113974005
Algeria,DZA,1972,0.097692
Algeria,DZA,1973,0.105833
Algeria,DZA,1974,0.105833
Algeria,DZA,1975,0.097692
Algeria,DZA,1976,0.065128
Algeria,DZA,1977,0.048846
Algeria,DZA,1978,0.040705003
Algeria,DZA,1979,0.040705003
Algeria,DZA,1980,0.022249974
Algeria,DZA,1981,0.07045825
Algeria,DZA,1982,0.11866652
Algeria,DZA,1983,0.1668748
Algeria,DZA,1984,0.16872896
Algeria,DZA,1985,0.17058313
Algeria,DZA,1986,0.08158324
Algeria,DZA,1987,0.07045825
Algeria,DZA,1988,0.07416664
Algeria,DZA,1989,0.06674995
Algeria,DZA,1990,0.07972914
Algeria,DZA,1991,0.09270832
Algeria,DZA,1992,0.111250006
Algeria,DZA,1993,0.14833336
Algeria,DZA,1994,0.17058313
Algeria,DZA,1995,0.16316667
Algeria,DZA,1996,0.08900003
Algeria,DZA,1997,0.08158324
Algeria,DZA,1998,0.040791683
Algeria,DZA,1999,0.0066750525
Algeria,DZA,2000,0
Algeria,DZA,2001,0
Algeria,DZA,2002,0
Algeria,DZA,2003,0
Algeria,DZA,2004,0
Algeria,DZA,2005,0
Algeria,DZA,2006,0
Algeria,DZA,2007,0
Algeria,DZA,2008,0
Algeria,DZA,2009,0
Algeria,DZA,2010,0
Algeria,DZA,2011,0
Algeria,DZA,2012,0
Algeria,DZA,2013,0
Algeria,DZA,2014,0
Algeria,DZA,2015,0
Algeria,DZA,2016,0
Algeria,DZA,2017,0
Algeria,DZA,2018,0
Algeria,DZA,2019,0
Algeria,DZA,2020,0
Algeria,DZA,2021,0
Algeria,DZA,2022,0
Algeria,DZA,2023,0
Algeria,DZA,2024,0
American Samoa,ASM,1980,0
American Samoa,ASM,1981,0
American Samoa,ASM,1982,0
American Samoa,ASM,1983,0
American Samoa,ASM,1984,0
American Samoa,ASM,1985,0
American Samoa,ASM,1986,0
American Samoa,ASM,1987,0
American Samoa,ASM,1988,0
American Samoa,ASM,1989,0
American Samoa,ASM,1990,0
American Samoa,ASM,1991,0
American Samoa,ASM,1992,0
American Samoa,ASM,1993,0
American Samoa,ASM,1994,0
American Samoa,ASM,1995,0
American Samoa,ASM,1996,0
American Samoa,ASM,1997,0
American Samoa,ASM,1998,0
American Samoa,ASM,1999,0
American Samoa,ASM,2000,0
American Samoa,ASM,2001,0
American Samoa,ASM,2002,0
American Samoa,ASM,2003,0
American Samoa,ASM,2004,0
American Samoa,ASM,2005,0
American Samoa,ASM,2006,0
American Samoa,ASM,2007,0
American Samoa,ASM,2008,0
American Samoa,ASM,2009,0
American Samoa,ASM,2010,0
American Samoa,ASM,2011,0
American Samoa,ASM,2012,0
American Samoa,ASM,2013,0
American Samoa,ASM,2014,0
American Samoa,ASM,2015,0
American Samoa,ASM,2016,0
American Samoa,ASM,2017,0
American Samoa,ASM,2018,0
American Samoa,ASM,2019,0
American Samoa,ASM,2020,0
American Samoa,ASM,2021,0
American Samoa,ASM,2022,0
American Samoa,ASM,2023,0
American Samoa,ASM,2024,0
Angola,AGO,1980,0
Angola,AGO,1981,0
Angola,AGO,1982,0
Angola,AGO,1983,0
Angola,AGO,1984,0
Angola,AGO,1985,0
Angola,AGO,1986,0
Angola,AGO,1987,0
Angola,AGO,1988,0
Angola,AGO,1989,0
Angola,AGO,1990,0
Angola,AGO,1991,0
Angola,AGO,1992,0
Angola,AGO,1993,0
Angola,AGO,1994,0
Angola,AGO,1995,0
Angola,AGO,1996,0
Angola,AGO,1997,0
Angola,AGO,1998,0
Angola,AGO,1999,0
Angola,AGO,2000,0
Angola,AGO,2001,0
Angola,AGO,2002,0
Angola,AGO,2003,0
Angola,AGO,2004,0
Angola,AGO,2005,0
Angola,AGO,2006,0
Angola,AGO,2007,0
Angola,AGO,2008,0
Angola,AGO,2009,0
Angola,AGO,2010,0
Angola,AGO,2011,0
Angola,AGO,2012,0
Angola,AGO,2013,0
Angola,AGO,2014,0
Angola,AGO,2015,0
Angola,AGO,2016,0
Angola,AGO,2017,0
Angola,AGO,2018,0
Angola,AGO,2019,0
Angola,AGO,2020,0
Angola,AGO,2021,0
Angola,AGO,2022,0
Angola,AGO,2023,0
Angola,AGO,2024,0
Antarctica,ATA,1980,0
Antarctica,ATA,1981,0
Antarctica,ATA,1982,0
Antarctica,ATA,1983,0
Antarctica,ATA,1984,0
Antarctica,ATA,1985,0
Antarctica,ATA,1986,0
Antarctica,ATA,1987,0
Antarctica,ATA,1988,0
Antarctica,ATA,1989,0
Antarctica,ATA,1990,0
Antarctica,ATA,1991,0
Antarctica,ATA,1992,0
Antarctica,ATA,1993,0
Antarctica,ATA,1994,0
Antarctica,ATA,1995,0
Antarctica,ATA,1996,0
Antarctica,ATA,1997,0
Antarctica,ATA,1998,0
Antarctica,ATA,1999,0
Antarctica,ATA,2000,0
Antarctica,ATA,2001,0
Antarctica,ATA,2002,0
Antarctica,ATA,2003,0
Antarctica,ATA,2004,0
Antarctica,ATA,2005,0
Antarctica,ATA,2006,0
Antarctica,ATA,2007,0
Antarctica,ATA,2008,0
Antarctica,ATA,2009,0
Antarctica,ATA,2010,0
Antarctica,ATA,2011,0
Antarctica,ATA,2012,0
Antarctica,ATA,2013,0
Antarctica,ATA,2014,0
Antarctica,ATA,2015,0
Antarctica,ATA,2016,0
Antarctica,ATA,2017,0
Antarctica,ATA,2018,0
Antarctica,ATA,2019,0
Antarctica,ATA,2020,0
Antarctica,ATA,2021,0
Antarctica,ATA,2022,0
Antarctica,ATA,2023,0
Antarctica,ATA,2024,0
Antigua and Barbuda,ATG,1980,0
Antigua and Barbuda,ATG,1981,0
Antigua and Barbuda,ATG,1982,0
Antigua and Barbuda,ATG,1983,0
Antigua and Barbuda,ATG,1984,0
Antigua and Barbuda,ATG,1985,0
Antigua and Barbuda,ATG,1986,0
Antigua and Barbuda,ATG,1987,0
Antigua and Barbuda,ATG,1988,0
Antigua and Barbuda,ATG,1989,0
Antigua and Barbuda,ATG,1990,0
Antigua and Barbuda,ATG,1991,0
Antigua and Barbuda,ATG,1992,0
Antigua and Barbuda,ATG,1993,0
Antigua and Barbuda,ATG,1994,0
Antigua and Barbuda,ATG,1995,0
Antigua and Barbuda,ATG,1996,0
Antigua and Barbuda,ATG,1997,0
Antigua and Barbuda,ATG,1998,0
Antigua and Barbuda,ATG,1999,0
Antigua and Barbuda,ATG,2000,0
Antigua and Barbuda,ATG,2001,0
Antigua and Barbuda,ATG,2002,0
Antigua and Barbuda,ATG,2003,0
Antigua and Barbuda,ATG,2004,0
Antigua and Barbuda,ATG,2005,0
Antigua and Barbuda,ATG,2006,0
Antigua and Barbuda,ATG,2007,0
Antigua and Barbuda,ATG,2008,0
Antigua and Barbuda,ATG,2009,0
Antigua and Barbuda,ATG,2010,0
Antigua and Barbuda,ATG,2011,0
Antigua and Barbuda,ATG,2012,0
Antigua and Barbuda,ATG,2013,0
Antigua and Barbuda,ATG,2014,0
Antigua and Barbuda,ATG,2015,0
Antigua and Barbuda,ATG,2016,0
Antigua and Barbuda,ATG,2017,0
Antigua and Barbuda,ATG,2018,0
Antigua and Barbuda,ATG,2019,0
Antigua and Barbuda,ATG,2020,0
Antigua and Barbuda,ATG,2021,0
Antigua and Barbuda,ATG,2022,0
Antigua and Barbuda,ATG,2023,0
Antigua and Barbuda,ATG,2024,0
Argentina,ARG,1900,0
Argentina,ARG,1901,0
Argentina,ARG,1902,0
Argentina,ARG,1903,0
Argentina,ARG,1904,0
Argentina,ARG,1905,0
Argentina,ARG,1906,0
Argentina,ARG,1907,0
Argentina,ARG,1908,0
Argentina,ARG,1909,0
Argentina,ARG,1910,0
Argentina,ARG,1911,0
Argentina,ARG,1912,0
Argentina,ARG,1913,0
Argentina,ARG,1914,0
Argentina,ARG,1915,0
Argentina,ARG,1916,0
Argentina,ARG,1917,0
Argentina,ARG,1918,0
Argentina,ARG,1919,0
Argentina,ARG,1920,0
Argentina,ARG,1921,0
Argentina,ARG,1922,0
Argentina,ARG,1923,0
Argentina,ARG,1924,0
Argentina,ARG,1925,0
Argentina,ARG,1926,0
Argentina,ARG,1927,0
Argentina,ARG,1928,0
Argentina,ARG,1929,0
Argentina,ARG,1930,0
Argentina,ARG,1931,0
Argentina,ARG,1932,0
Argentina,ARG,1933,0
Argentina,ARG,1934,0
Argentina,ARG,1935,0
Argentina,ARG,1936,0
Argentina,ARG,1937,0
Argentina,ARG,1938,0
Argentina,ARG,1939,0.006862863
Argentina,ARG,1940,0.006862863
Argentina,ARG,1941,0.006862863
Argentina,ARG,1942,0.027451452
Argentina,ARG,1943,0.061765768
Argentina,ARG,1944,0.034314316
Argentina,ARG,1945,0.020588588
Argentina,ARG,1946,0.020588588
Argentina,ARG,1947,0.09608009
Argentina,ARG,1948,0.123531535
Argentina,ARG,1949,0.123531535
Argentina,ARG,1950,0.17843443
Argentina,ARG,1951,0.27451453
Argentina,ARG,1952,0.7686407
Argentina,ARG,1953,0.5696176
Argentina,ARG,1954,0.63824624
Argentina,ARG,1955,0.9333494
Argentina,ARG,1956,1.1117839
Argentina,ARG,1957,1.5853213
Argentina,ARG,1958,1.7912073
Argentina,ARG,1959,2.0657218
Argentina,ARG,1960,1.8598359
Argentina,ARG,1961,2.3333735
Argentina,ARG,1962,1.9627788
Argentina,ARG,1963,1.4206126
Argentina,ARG,1964,2.2784705
Argentina,ARG,1965,2.5667107
Argentina,ARG,1966,2.450042
Argentina,ARG,1967,2.7794595
Argentina,ARG,1968,3.2392714
Argentina,ARG,1969,3.5206487
Argentina,ARG,1970,4.227524
Argentina,ARG,1971,4.3373294
Argentina,ARG,1972,4.762827
Argentina,ARG,1973,3.108877
Argentina,ARG,1974,4.296152
Argentina,ARG,1975,3.4451573
Argentina,ARG,1976,4.2206607
Argentina,ARG,1977,3.657906
Argentina,ARG,1978,2.9784825
Argentina,ARG,1979,4.989301
Argentina,ARG,1980,2.559901
Argentina,ARG,1981,3.2687967
Argentina,ARG,1982,3.380382
Argentina,ARG,1983,3.1900303
Argentina,ARG,1984,3.3409991
Argentina,ARG,1985,2.6255393
Argentina,ARG,1986,2.3892407
Argentina,ARG,1987,2.4483156
Argentina,ARG,1988,3.3606906
Argentina,ARG,1989,3.3738182
Argentina,ARG,1990,1.8116223
Argentina,ARG,1991,1.9166439
Argentina,ARG,1992,1.3258975
Argentina,ARG,1993,1.1027266
Argentina,ARG,1994,2.2776554
Argentina,ARG,1995,2.0019739
Argentina,ARG,1996,2.0347931
Argentina,ARG,1997,1.647526
Argentina,ARG,1998,1.903516
Argentina,ARG,1999,2.2054532
Argentina,ARG,2000,1.7000368
Argentina,ARG,2001,1.2208759
Argentina,ARG,2002,0.63669294
Argentina,ARG,2003,0.5907464
Argentina,ARG,2004,0.6104379
Argentina,ARG,2005,0.6301295
Argentina,ARG,2006,0.5513633
Argentina,ARG,2007,0.68920416
Argentina,ARG,2008,0.5973102
Argentina,ARG,2009,0.4988525
Argentina,ARG,2010,0.5283898
Argentina,ARG,2011,0.55792713
Argentina,ARG,2012,0.6235656
Argentina,ARG,2013,0.518544
Argentina,ARG,2014,0.3741394
Argentina,ARG,2015,0.22317085
Argentina,ARG,2016,0.15096852
Argentina,ARG,2017,0.12930782
Argentina,ARG,2018,0.1556457
Argentina,ARG,2019,0.14440466
Argentina,ARG,2020,0.13011546
Argentina,ARG,2021,0.1811608
Argentina,ARG,2022,0.17728405
Argentina,ARG,2023,0.15340114
Argentina,ARG,2024,0.015
Armenia,ARM,1992,0
Armenia,ARM,1993,0
Armenia,ARM,1994,0
Armenia,ARM,1995,0
Armenia,ARM,1996,0
Armenia,ARM,1997,0
Armenia,ARM,1998,0
Armenia,ARM,1999,0
Armenia,ARM,2000,0
Armenia,ARM,2001,0
Armenia,ARM,2002,0
Armenia,ARM,2003,0
Armenia,ARM,2004,0
Armenia,ARM,2005,0
Armenia,ARM,2006,0
Armenia,ARM,2007,0
Armenia,ARM,2008,0
Armenia,ARM,2009,0
Armenia,ARM,2010,0
Armenia,ARM,2011,0
Armenia,ARM,2012,0
Armenia,ARM,2013,0
Armenia,ARM,2014,0
Armenia,ARM,2015,0
Armenia,ARM,2016,0
Armenia,ARM,2017,0
Armenia,ARM,2018,0
Armenia,ARM,2019,0
Armenia,ARM,2020,0
Armenia,ARM,2021,0
Armenia,ARM,2022,0.0001983331
Armenia,ARM,2023,0.0001983331
Armenia,ARM,2024,0.00019833333
Aruba,ABW,1986,0
Aruba,ABW,1987,0
Aruba,ABW,1988,0
Aruba,ABW,1989,0
Aruba,ABW,1990,0
Aruba,ABW,1991,0
Aruba,ABW,1992,0
Aruba,ABW,1993,0
Aruba,ABW,1994,0
Aruba,ABW,1995,0
Aruba,ABW,1996,0
Aruba,ABW,1997,0
Aruba,ABW,1998,0
Aruba,ABW,1999,0
Aruba,ABW,2000,0
Aruba,ABW,2001,0
Aruba,ABW,2002,0
Aruba,ABW,2003,0
Aruba,ABW,2004,0
Aruba,ABW,2005,0
Aruba,ABW,2006,0
Aruba,ABW,2007,0
Aruba,ABW,2008,0
Aruba,ABW,2009,0
Aruba,ABW,2010,0
Aruba,ABW,2011,0
Aruba,ABW,2012,0
Aruba,ABW,2013,0
Aruba,ABW,2014,0
Aruba,ABW,2015,0
Aruba,ABW,2016,0
Aruba,ABW,2017,0
Aruba,ABW,2018,0
Aruba,ABW,2019,0
Aruba,ABW,2020,0
Aruba,ABW,2021,0
Aruba,ABW,2022,0
Aruba,ABW,2023,0
Aruba,ABW,2024,0
Asia,OWID_ASI,1980,5255.8843
Asia,OWID_ASI,1981,5055.756
Asia,OWID_ASI,1982,5342.6367
Asia,OWID_ASI,1983,5669.1685
Asia,OWID_ASI,1984,6169.882
Asia,OWID_ASI,1985,7457.1567
Asia,OWID_ASI,1986,7704.5225
Asia,OWID_ASI,1987,8003.7295
Asia,OWID_ASI,1988,8357.626
Asia,OWID_ASI,1989,8873.167
Asia,OWID_ASI,1990,9032.34
Asia,OWID_ASI,1991,9152.218
Asia,OWID_ASI,1992,9375.101
Asia,OWID_ASI,1993,9537.97
Asia,OWID_ASI,1994,10054.304
Asia,OWID_ASI,1995,10777.662
Asia,OWID_ASI,1996,11118.562
Asia,OWID_ASI,1997,11134.822
Asia,OWID_ASI,1998,10818.367
Asia,OWID_ASI,1999,10987.737
Asia,OWID_ASI,2000,11495.782
Asia,OWID_ASI,2001,12153.367
Asia,OWID_ASI,2002,12864.133
Asia,OWID_ASI,2003,14771.648
Asia,OWID_ASI,2004,17021.541
Asia,OWID_ASI,2005,18907.746
Asia,OWID_ASI,2006,20377.385
Asia,OWID_ASI,2007,22009.557
Asia,OWID_ASI,2008,23084.463
Asia,OWID_ASI,2009,23919.635
Asia,OWID_ASI,2010,25647.502
Asia,OWID_ASI,2011,28343.885
Asia,OWID_ASI,2012,28780.469
Asia,OWID_ASI,2013,29547.01
Asia,OWID_ASI,2014,29228.08
Asia,OWID_ASI,2015,28802.227
Asia,OWID_ASI,2016,27333.418
Asia,OWID_ASI,2017,28064.102
Asia,OWID_ASI,2018,29857.93
Asia,OWID_ASI,2019,30684.734
Asia,OWID_ASI,2020,30465.125
Asia,OWID_ASI,2021,31771.82
Asia,OWID_ASI,2022,34900.37
Asia,OWID_ASI,2023,36744.89
Asia,OWID_ASI,2024,37810.242
Asia,OWID_ASI,2025,37985.742
Asia Pacific (EI),,1981,5778.169
Asia Pacific (EI),,1982,6075.3813
Asia Pacific (EI),,1983,6432.73
Asia Pacific (EI),,1984,6965.0835
Asia Pacific (EI),,1985,7707.847
Asia Pacific (EI),,1986,7978.2266
Asia Pacific (EI),,1987,8299.098
Asia Pacific (EI),,1988,8641.3125
Asia Pacific (EI),,1989,9265.139
Asia Pacific (EI),,1990,9534.356
Asia Pacific (EI),,1991,9721.668
Asia Pacific (EI),,1992,10056.542
Asia Pacific (EI),,1993,10320.05
Asia Pacific (EI),,1994,10900.783
Asia Pacific (EI),,1995,11816.567
Asia Pacific (EI),,1996,12238.855
Asia Pacific (EI),,1997,12411.14
Asia Pacific (EI),,1998,12140.54
Asia Pacific (EI),,1999,12476.039
Asia Pacific (EI),,2000,12979.81
Asia Pacific (EI),,2001,13782.474
Asia Pacific (EI),,2002,14601.624
Asia Pacific (EI),,2003,16544.697
Asia Pacific (EI),,2004,18873.4
Asia Pacific (EI),,2005,20865.648
Asia Pacific (EI),,2006,22322.791
Asia Pacific (EI),,2007,24001.566
Asia Pacific (EI),,2008,25066.523
Asia Pacific (EI),,2009,26045.436
Asia Pacific (EI),,2010,27822.436
Asia Pacific (EI),,2011,30418.553
Asia Pacific (EI),,2012,31081.824
Asia Pacific (EI),,2013,32097.568
Asia Pacific (EI),,2014,32013.209
Asia Pacific (EI),,2015,31742.945
Asia Pacific (EI),,2016,30215.922
Asia Pacific (EI),,2017,30809.53
Asia Pacific (EI),,2018,32809.58
Asia Pacific (EI),,2019,33738.02
Asia Pacific (EI),,2020,33236.76
Asia Pacific (EI),,2021,34408.332
Asia Pacific (EI),,2022,37272.492
Asia Pacific (EI),,2023,39154.605
Asia Pacific (EI),,2024,40281.67
Asia Pacific (EI),,2025,40202.72
Australia,AUS,1900,42.51914
Australia,AUS,1901,45.84177
Australia,AUS,1902,45.67793
Australia,AUS,1903,47.355625
Australia,AUS,1904,45.638607
Australia,AUS,1905,49.904938
Australia,AUS,1906,57.23831
Australia,AUS,1907,64.46027
Australia,AUS,1908,67.87466
Australia,AUS,1909,54.505497
Australia,AUS,1910,64.833824
Australia,AUS,1911,70.266685
Australia,AUS,1912,78.104675
Australia,AUS,1913,82.66591
Australia,AUS,1914,82.84941
Australia,AUS,1915,75.994446
Australia,AUS,1916,65.32667
Australia,AUS,1917,68.00342
Australia,AUS,1918,72.753624
Australia,AUS,1919,70.2073
Australia,AUS,1920,85.68971
Australia,AUS,1921,85.42296
Australia,AUS,1922,81.53289
Australia,AUS,1923,83.65513
Australia,AUS,1924,91.945404
Australia,AUS,1925,93.04986
Australia,AUS,1926,90.91278
Australia,AUS,1927,93.87115
Australia,AUS,1928,83.0249
Australia,AUS,1929,73.592995
Australia,AUS,1930,68.28146
Australia,AUS,1931,61.709938
Australia,AUS,1932,64.04378
Australia,AUS,1933,67.3255
Australia,AUS,1934,70.6694
Australia,AUS,1935,78.34427
Australia,AUS,1936,83.71305
Australia,AUS,1937,89.32307
Australia,AUS,1938,87.67068
Australia,AUS,1939,99.724266
Australia,AUS,1940,89.327644
Australia,AUS,1941,106.63911
Australia,AUS,1942,112.20734
Australia,AUS,1943,107.89773
Australia,AUS,1944,104.788124
Australia,AUS,1945,99.90664
Australia,AUS,1946,107.44399
Australia,AUS,1947,114.90016
Australia,AUS,1948,116.03055
Australia,AUS,1949,113.31378
Australia,AUS,1950,129.30002
Australia,AUS,1951,137.74245
Australia,AUS,1952,150.36143
Australia,AUS,1953,143.5549
Australia,AUS,1954,154.72165
Australia,AUS,1955,153.43958
Australia,AUS,1956,154.3948
Australia,AUS,1957,158.05576
Australia,AUS,1958,162.60599
Australia,AUS,1959,164.16
Australia,AUS,1960,182.89124
Australia,AUS,1961,194.67726
Australia,AUS,1962,199.0764
Australia,AUS,1963,204.81227
Australia,AUS,1964,222.0632
Australia,AUS,1965,251.3352
Australia,AUS,1966,264.69122
Australia,AUS,1967,277.45648
Australia,AUS,1968,309.33588
Australia,AUS,1969,340.26578
Australia,AUS,1970,360.237
Australia,AUS,1971,338.35754
Australia,AUS,1972,410.2104
Australia,AUS,1973,418.62344
Australia,AUS,1974,441.07773
Australia,AUS,1975,462.0402
Australia,AUS,1976,514.5785
Australia,AUS,1977,546.087
Australia,AUS,1978,549.1309
Australia,AUS,1979,574.37634
Australia,AUS,1980,695.8834
Australia,AUS,1981,788.57117
Australia,AUS,1982,804.9543
Australia,AUS,1983,838.7407
Australia,AUS,1984,880.9173
Australia,AUS,1985,1074.3456
Australia,AUS,1986,1142.8596
Australia,AUS,1987,1193.6675
Australia,AUS,1988,1173.2935
Australia,AUS,1989,1274.6781
Australia,AUS,1990,1334.6012
Australia,AUS,1991,1384.4242
Australia,AUS,1992,1477.2354
Australia,AUS,1993,1484.1
Australia,AUS,1994,1516.9104
Australia,AUS,1995,1591.818
Australia,AUS,1996,1640.6823
Australia,AUS,1997,1789.1144
Australia,AUS,1998,1832.1017
Australia,AUS,1999,1931.918
Australia,AUS,2000,1996.8198
Australia,AUS,2001,2157.921
Australia,AUS,2002,2224.0464
Australia,AUS,2003,2299.0476
Australia,AUS,2004,2388.831
Australia,AUS,2005,2501.2886
Australia,AUS,2006,2556.8406
Australia,AUS,2007,2640.8552
Australia,AUS,2008,2720.6213
Australia,AUS,2009,2822.8337
Australia,AUS,2010,2914.7896
Australia,AUS,2011,2850.8132
Australia,AUS,2012,3091.9092
Australia,AUS,2013,3323.7434
Australia,AUS,2014,3559.4495
Australia,AUS,2015,3555.7026
Australia,AUS,2016,3563.0557
Australia,AUS,2017,3473.3135
Australia,AUS,2018,3716.8325
Australia,AUS,2019,3803.6514
Australia,AUS,2020,3494.2944
Australia,AUS,2021,3406.9924
Australia,AUS,2022,3180.4482
Australia,AUS,2023,3188.7532
Australia,AUS,2024,3252.4995
Australia,AUS,2025,3024.478
Austria,AUT,1900,172.52562
Austria,AUT,1901,182.19916
Austria,AUT,1902,175.26181
Austria,AUT,1903,179.01907
Austria,AUT,1904,181.37593
Austria,AUT,1905,189.93063
Austria,AUT,1906,202.84561
Austria,AUT,1907,213.98665
Austria,AUT,1908,215.99034
Austria,AUT,1909,212.031
Austria,AUT,1910,209.01591
Austria,AUT,1911,214.45818
Austria,AUT,1912,229.93011
Austria,AUT,1913,239.53656
Austria,AUT,1914,217.45915
Austria,AUT,1915,217.66838
Austria,AUT,1916,152.85423
Austria,AUT,1917,9.689032
Austria,AUT,1918,9.371215
Austria,AUT,1919,8.477342
Austria,AUT,1920,10.368878
Austria,AUT,1921,10.679417
Austria,AUT,1922,13.439945
Austria,AUT,1923,11.640173
Austria,AUT,1924,12.139623
Austria,AUT,1925,12.84496
Austria,AUT,1926,12.680527
Austria,AUT,1927,13.243812
Austria,AUT,1928,14.222575
Austria,AUT,1929,15.281369
Austria,AUT,1930,13.565597
Austria,AUT,1931,13.351053
Austria,AUT,1932,13.764347
Austria,AUT,1933,13.567812
Austria,AUT,1934,13.033322
Austria,AUT,1935,13.577303
Austria,AUT,1936,13.153654
Austria,AUT,1937,14.369574
Austria,AUT,1938,14.722918
Austria,AUT,1939,15.385476
Austria,AUT,1940,15.787263
Austria,AUT,1941,15.474164
Austria,AUT,1942,15.412056
Austria,AUT,1943,16.304375
Austria,AUT,1944,15.76146
Austria,AUT,1945,8.550094
Austria,AUT,1946,10.157643
Austria,AUT,1947,12.392772
Austria,AUT,1948,14.316299
Austria,AUT,1949,16.199581
Austria,AUT,1950,18.096125
Austria,AUT,1951,20.827051
Austria,AUT,1952,21.51061
Austria,AUT,1953,22.805294
Austria,AUT,1954,25.668144
Austria,AUT,1955,26.906792
Austria,AUT,1956,27.293964
Austria,AUT,1957,27.746641
Austria,AUT,1958,26.180716
Austria,AUT,1959,25.071379
Austria,AUT,1960,24.099115
Austria,AUT,1961,22.684761
Austria,AUT,1962,22.824368
Austria,AUT,1963,24.179546
Austria,AUT,1964,22.698887
Austria,AUT,1965,21.480639
Austria,AUT,1966,20.535677
Austria,AUT,1967,17.861305
Austria,AUT,1968,16.101347
Austria,AUT,1969,14.806147
Austria,AUT,1970,14.146982
Austria,AUT,1971,14.532459
Austria,AUT,1972,14.478492
Austria,AUT,1973,14.008211
Austria,AUT,1974,13.988937
Austria,AUT,1975,13.094632
Austria,AUT,1976,12.3930645
Austria,AUT,1977,12.0577
Austria,AUT,1978,11.857252
Austria,AUT,1979,10.565907
Austria,AUT,1980,11.53957
Austria,AUT,1981,12.329014
Austria,AUT,1982,13.279567
Austria,AUT,1983,12.248458
Austria,AUT,1984,11.793319
Austria,AUT,1985,12.409569
Austria,AUT,1986,11.958459
Austria,AUT,1987,11.221375
Austria,AUT,1988,8.575129
Austria,AUT,1989,8.321379
Austria,AUT,1990,9.859988
Austria,AUT,1991,8.381796
Austria,AUT,1992,7.133186
Austria,AUT,1993,6.810964
Austria,AUT,1994,5.5140214
Austria,AUT,1995,5.2240214
Austria,AUT,1996,4.4627724
Austria,AUT,1997,4.5513835
Austria,AUT,1998,4.591661
Austria,AUT,1999,4.579578
Austria,AUT,2000,5.030689
Austria,AUT,2001,4.8574944
Austria,AUT,2002,5.6872153
Austria,AUT,2003,4.639994
Austria,AUT,2004,0.94652665
Austria,AUT,2005,0
Austria,AUT,2006,0
Austria,AUT,2007,0
Austria,AUT,2008,0
Austria,AUT,2009,0
Austria,AUT,2010,0
Austria,AUT,2011,0
Austria,AUT,2012,0
Austria,AUT,2013,0
Austria,AUT,2014,0
Austria,AUT,2015,0
Austria,AUT,2016,0
Austria,AUT,2017,0
Austria,AUT,2018,0
Austria,AUT,2019,0
Austria,AUT,2020,0
Austria,AUT,2021,0
Austria,AUT,2022,0
Austria,AUT,2023,0
Austria,AUT,2024,0
Azerbaijan,AZE,1992,0
Azerbaijan,AZE,1993,0
Azerbaijan,AZE,1994,0
Azerbaijan,AZE,1995,0
Azerbaijan,AZE,1996,0
Azerbaijan,AZE,1997,0
Azerbaijan,AZE,1998,0
Azerbaijan,AZE,1999,0
Azerbaijan,AZE,2000,0
Azerbaijan,AZE,2001,0
Azerbaijan,AZE,2002,0
Azerbaijan,AZE,2003,0
Azerbaijan,AZE,2004,0
Azerbaijan,AZE,2005,0
Azerbaijan,AZE,2006,0
Azerbaijan,AZE,2007,0
Azerbaijan,AZE,2008,0
Azerbaijan,AZE,2009,0
Azerbaijan,AZE,2010,0
Azerbaijan,AZE,2011,0
Azerbaijan,AZE,2012,0
Azerbaijan,AZE,2013,0
Azerbaijan,AZE,2014,0
Azerbaijan,AZE,2015,0
Azerbaijan,AZE,2016,0
Azerbaijan,AZE,2017,0
Azerbaijan,AZE,2018,0
Azerbaijan,AZE,2019,0
Azerbaijan,AZE,2020,0
Azerbaijan,AZE,2021,0
Azerbaijan,AZE,2022,0
Azerbaijan,AZE,2023,0
Azerbaijan,AZE,2024,0
Bahamas,BHS,1980,0
Bahamas,BHS,1981,0
Bahamas,BHS,1982,0
Bahamas,BHS,1983,0
Bahamas,BHS,1984,0
Bahamas,BHS,1985,0
Bahamas,BHS,1986,0
Bahamas,BHS,1987,0
Bahamas,BHS,1988,0
Bahamas,BHS,1989,0
Bahamas,BHS,1990,0
Bahamas,BHS,1991,0
Bahamas,BHS,1992,0
Bahamas,BHS,1993,0
Bahamas,BHS,1994,0
Bahamas,BHS,1995,0
Bahamas,BHS,1996,0
Bahamas,BHS,1997,0
Bahamas,BHS,1998,0
Bahamas,BHS,1999,0
Bahamas,BHS,2000,0
Bahamas,BHS,2001,0
Bahamas,BHS,2002,0
Bahamas,BHS,2003,0
Bahamas,BHS,2004,0
Bahamas,BHS,2005,0
Bahamas,BHS,2006,0
Bahamas,BHS,2007,0
Bahamas,BHS,2008,0
Bahamas,BHS,2009,0
Bahamas,BHS,2010,0
Bahamas,BHS,2011,0
Bahamas,BHS,2012,0
Bahamas,BHS,2013,0
Bahamas,BHS,2014,0
Bahamas,BHS,2015,0
Bahamas,BHS,2016,0
Bahamas,BHS,2017,0
Bahamas,BHS,2018,0
Bahamas,BHS,2019,0
Bahamas,BHS,2020,0
Bahamas,BHS,2021,0
Bahamas,BHS,2022,0
Bahamas,BHS,2023,0
Bahamas,BHS,2024,0
Bahrain,BHR,1980,0
Bahrain,BHR,1981,0
Bahrain,BHR,1982,0
Bahrain,BHR,1983,0
Bahrain,BHR,1984,0
Bahrain,BHR,1985,0
Bahrain,BHR,1986,0
Bahrain,BHR,1987,0
Bahrain,BHR,1988,0
Bahrain,BHR,1989,0
Bahrain,BHR,1990,0
Bahrain,BHR,1991,0
Bahrain,BHR,1992,0
Bahrain,BHR,1993,0
Bahrain,BHR,1994,0
Bahrain,BHR,1995,0
Bahrain,BHR,1996,0
Bahrain,BHR,1997,0
Bahrain,BHR,1998,0
Bahrain,BHR,1999,0
Bahrain,BHR,2000,0
Bahrain,BHR,2001,0
Bahrain,BHR,2002,0
Bahrain,BHR,2003,0
Bahrain,BHR,2004,0
Bahrain,BHR,2005,0
Bahrain,BHR,2006,0
Bahrain,BHR,2007,0
Bahrain,BHR,2008,0
Bahrain,BHR,2009,0
Bahrain,BHR,2010,0
Bahrain,BHR,2011,0
Bahrain,BHR,2012,0
Bahrain,BHR,2013,0
Bahrain,BHR,2014,0
Bahrain,BHR,2015,0
Bahrain,BHR,2016,0
Bahrain,BHR,2017,0
Bahrain,BHR,2018,0
Bahrain,BHR,2019,0
Bahrain,BHR,2020,0
Bahrain,BHR,2021,0
Bahrain,BHR,2022,0
Bahrain,BHR,2023,0
Bahrain,BHR,2024,0
Bangladesh,BGD,1980,0
Bangladesh,BGD,1981,0
Bangladesh,BGD,1982,0
Bangladesh,BGD,1983,0
Bangladesh,BGD,1984,0
Bangladesh,BGD,1985,0
Bangladesh,BGD,1986,0
Bangladesh,BGD,1987,0
Bangladesh,BGD,1988,0
Bangladesh,BGD,1989,0
Bangladesh,BGD,1990,0
Bangladesh,BGD,1991,0
Bangladesh,BGD,1992,0
Bangladesh,BGD,1993,0
Bangladesh,BGD,1994,0
Bangladesh,BGD,1995,0
Bangladesh,BGD,1996,0
Bangladesh,BGD,1997,0
Bangladesh,BGD,1998,0
Bangladesh,BGD,1999,0
Bangladesh,BGD,2000,0
Bangladesh,BGD,2001,0
Bangladesh,BGD,2002,0
Bangladesh,BGD,2003,0.13658176
Bangladesh,BGD,2004,0.39529902
Bangladesh,BGD,2005,1.0891297
Bangladesh,BGD,2006,1.8539679
Bangladesh,BGD,2007,2.374058
Bangladesh,BGD,2008,4.142364
Bangladesh,BGD,2009,5.066289
Bangladesh,BGD,2010,4.313688
Bangladesh,BGD,2011,4.081177
Bangladesh,BGD,2012,5.1091194
Bangladesh,BGD,2013,5.231494
Bangladesh,BGD,2014,5.7944145
Bangladesh,BGD,2015,4.1362453
Bangladesh,BGD,2016,6.253318
Bangladesh,BGD,2017,7.103818
Bangladesh,BGD,2018,5.647566
Bangladesh,BGD,2019,5.7291484
Bangladesh,BGD,2020,6.2166057
Bangladesh,BGD,2021,6.43348
Bangladesh,BGD,2022,4.319839
Bangladesh,BGD,2023,4.46018
Bangladesh,BGD,2024,5.2729506
Barbados,BRB,1980,0
Barbados,BRB,1981,0
Barbados,BRB,1982,0
Barbados,BRB,1983,0
Barbados,BRB,1984,0
Barbados,BRB,1985,0
Barbados,BRB,1986,0
Barbados,BRB,1987,0
Barbados,BRB,1988,0
Barbados,BRB,1989,0
Barbados,BRB,1990,0
Barbados,BRB,1991,0
Barbados,BRB,1992,0
Barbados,BRB,1993,0
Barbados,BRB,1994,0
Barbados,BRB,1995,0
Barbados,BRB,1996,0
Barbados,BRB,1997,0
Barbados,BRB,1998,0
Barbados,BRB,1999,0
Barbados,BRB,2000,0
Barbados,BRB,2001,0
Barbados,BRB,2002,0
Barbados,BRB,2003,0
Barbados,BRB,2004,0
Barbados,BRB,2005,0
Barbados,BRB,2006,0
Barbados,BRB,2007,0
Barbados,BRB,2008,0
Barbados,BRB,2009,0
Barbados,BRB,2010,0
Barbados,BRB,2011,0
Barbados,BRB,2012,0
Barbados,BRB,2013,0
Barbados,BRB,2014,0
Barbados,BRB,2015,0
Barbados,BRB,2016,0
Barbados,BRB,2017,0
Barbados,BRB,2018,0
Barbados,BRB,2019,0
Barbados,BRB,2020,0
Barbados,BRB,2021,0
Barbados,BRB,2022,0
Barbados,BRB,2023,0
Barbados,BRB,2024,0
Belarus,BLR,1992,0
Belarus,BLR,1993,0
Belarus,BLR,1994,0
Belarus,BLR,1995,0
Belarus,BLR,1996,0
Belarus,BLR,1997,0
Belarus,BLR,1998,0
Belarus,BLR,1999,0
Belarus,BLR,2000,0
Belarus,BLR,2001,0
Belarus,BLR,2002,0
Belarus,BLR,2003,0
Belarus,BLR,2004,0
Belarus,BLR,2005,0
Belarus,BLR,2006,0
Belarus,BLR,2007,0
Belarus,BLR,2008,0
Belarus,BLR,2009,0
Belarus,BLR,2010,0
Belarus,BLR,2011,0
Belarus,BLR,2012,0
Belarus,BLR,2013,0
Belarus,BLR,2014,0
Belarus,BLR,2015,0
Belarus,BLR,2016,0
Belarus,BLR,2017,0
Belarus,BLR,2018,0
Belarus,BLR,2019,0
Belarus,BLR,2020,0
Belarus,BLR,2021,0
Belarus,BLR,2022,0
Belarus,BLR,2023,0
Belarus,BLR,2024,0
Belgium,BEL,1900,174.77625
Belgium,BEL,1901,165.47243
Belgium,BEL,1902,170.41112
Belgium,BEL,1903,177.2642
Belgium,BEL,1904,169.54703
Belgium,BEL,1905,162.2023
Belgium,BEL,1906,175.57329
Belgium,BEL,1907,176.57889
Belgium,BEL,1908,175.55838
Belgium,BEL,1909,175.18594
Belgium,BEL,1910,178.15808
Belgium,BEL,1911,171.72958
Belgium,BEL,1912,171.11877
Belgium,BEL,1913,170.1504
Belgium,BEL,1914,124.50283
Belgium,BEL,1915,105.61214
Belgium,BEL,1916,140.51077
Belgium,BEL,1917,111.221245
Belgium,BEL,1918,103.474266
Belgium,BEL,1919,137.68015
Belgium,BEL,1920,166.776
Belgium,BEL,1921,162.02353
Belgium,BEL,1922,157.97871
Belgium,BEL,1923,170.75377
Belgium,BEL,1924,174.02388
Belgium,BEL,1925,172.0499
Belgium,BEL,1926,187.93864
Belgium,BEL,1927,205.22781
Belgium,BEL,1928,205.42894
Belgium,BEL,1929,200.67647
Belgium,BEL,1930,204.21474
Belgium,BEL,1931,201.43625
Belgium,BEL,1932,159.58769
Belgium,BEL,1933,188.46008
Belgium,BEL,1934,196.57207
Belgium,BEL,1935,197.44359
Belgium,BEL,1936,207.58171
Belgium,BEL,1937,222.42014
Belgium,BEL,1938,220.3791
Belgium,BEL,1939,222.3084
Belgium,BEL,1940,190.24039
Belgium,BEL,1941,199.05257
Belgium,BEL,1942,186.63507
Belgium,BEL,1943,176.81726
Belgium,BEL,1944,100.77772
Belgium,BEL,1945,117.94025
Belgium,BEL,1946,170.2249
Belgium,BEL,1947,182.02414
Belgium,BEL,1948,198.73228
Belgium,BEL,1949,207.48486
Belgium,BEL,1950,203.51453
Belgium,BEL,1951,220.87073
Belgium,BEL,1952,226.33089
Belgium,BEL,1953,223.91739
Belgium,BEL,1954,217.87624
Belgium,BEL,1955,222.87453
Belgium,BEL,1956,219.45543
Belgium,BEL,1957,216.02888
Belgium,BEL,1958,201.58525
Belgium,BEL,1959,169.51723
Belgium,BEL,1960,167.37192
Belgium,BEL,1961,160.44434
Belgium,BEL,1962,157.94891
Belgium,BEL,1963,159.5281
Belgium,BEL,1964,158.70126
Belgium,BEL,1965,147.3862
Belgium,BEL,1966,130.35031
Belgium,BEL,1967,122.42455
Belgium,BEL,1968,110.290115
Belgium,BEL,1969,98.327
Belgium,BEL,1970,84.635704
Belgium,BEL,1971,81.611404
Belgium,BEL,1972,78.21465
Belgium,BEL,1973,65.86419
Belgium,BEL,1974,60.41896
Belgium,BEL,1975,55.71118
Belgium,BEL,1976,53.915974
Belgium,BEL,1977,52.649635
Belgium,BEL,1978,49.08901
Belgium,BEL,1979,45.625217
Belgium,BEL,1980,49.481495
Belgium,BEL,1981,48.313606
Belgium,BEL,1982,51.10133
Belgium,BEL,1983,47.586052
Belgium,BEL,1984,49.215694
Belgium,BEL,1985,48.483578
Belgium,BEL,1986,43.62195
Belgium,BEL,1987,33.703907
Belgium,BEL,1988,18.712921
Belgium,BEL,1989,14.039733
Belgium,BEL,1990,7.683657
Belgium,BEL,1991,4.7021613
Belgium,BEL,1992,1.6168314
Belgium,BEL,1993,0
Belgium,BEL,1994,0
Belgium,BEL,1995,0
Belgium,BEL,1996,0
Belgium,BEL,1997,0
Belgium,BEL,1998,0
Belgium,BEL,1999,0
Belgium,BEL,2000,0
Belgium,BEL,2001,0
Belgium,BEL,2002,0
Belgium,BEL,2003,0
Belgium,BEL,2004,0
Belgium,BEL,2005,0
Belgium,BEL,2006,0
Belgium,BEL,2007,0
Belgium,BEL,2008,0
Belgium,BEL,2009,0
Belgium,BEL,2010,0
Belgium,BEL,2011,0
Belgium,BEL,2012,0
Belgium,BEL,2013,0
Belgium,BEL,2014,0
Belgium,BEL,2015,0
Belgium,BEL,2016,0
Belgium,BEL,2017,0
Belgium,BEL,2018,0
Belgium,BEL,2019,0
Belgium,BEL,2020,0
Belgium,BEL,2021,0
Belgium,BEL,2022,0
Belgium,BEL,2023,0
Belgium,BEL,2024,0
Belize,BLZ,1980,0
Belize,BLZ,1981,0
Belize,BLZ,1982,0
Belize,BLZ,1983,0
Belize,BLZ,1984,0
Belize,BLZ,1985,0
Belize,BLZ,1986,0
Belize,BLZ,1987,0
Belize,BLZ,1988,0
Belize,BLZ,1989,0
Belize,BLZ,1990,0
Belize,BLZ,1991,0
Belize,BLZ,1992,0
Belize,BLZ,1993,0
Belize,BLZ,1994,0
Belize,BLZ,1995,0
Belize,BLZ,1996,0
Belize,BLZ,1997,0
Belize,BLZ,1998,0
Belize,BLZ,1999,0
Belize,BLZ,2000,0
Belize,BLZ,2001,0
Belize,BLZ,2002,0
Belize,BLZ,2003,0
Belize,BLZ,2004,0
Belize,BLZ,2005,0
Belize,BLZ,2006,0
Belize,BLZ,2007,0
Belize,BLZ,2008,0
Belize,BLZ,2009,0
Belize,BLZ,2010,0
Belize,BLZ,2011,0
Belize,BLZ,2012,0
Belize,BLZ,2013,0
Belize,BLZ,2014,0
Belize,BLZ,2015,0
Belize,BLZ,2016,0
Belize,BLZ,2017,0
Belize,BLZ,2018,0
Belize,BLZ,2019,0
Belize,BLZ,2020,0
Belize,BLZ,2021,0
Belize,BLZ,2022,0
Belize,BLZ,2023,0
Belize,BLZ,2024,0
Benin,BEN,1980,0
Benin,BEN,1981,0
Benin,BEN,1982,0
Benin,BEN,1983,0
Benin,BEN,1984,0
Benin,BEN,1985,0
Benin,BEN,1986,0
Benin,BEN,1987,0
Benin,BEN,1988,0
Benin,BEN,1989,0
Benin,BEN,1990,0
Benin,BEN,1991,0
Benin,BEN,1992,0
Benin,BEN,1993,0
Benin,BEN,1994,0
Benin,BEN,1995,0
Benin,BEN,1996,0
Benin,BEN,1997,0
Benin,BEN,1998,0
Benin,BEN,1999,0
Benin,BEN,2000,0
Benin,BEN,2001,0
Benin,BEN,2002,0
Benin,BEN,2003,0
Benin,BEN,2004,0
Benin,BEN,2005,0
Benin,BEN,2006,0
Benin,BEN,2007,0
Benin,BEN,2008,0
Benin,BEN,2009,0
Benin,BEN,2010,0
Benin,BEN,2011,0
Benin,BEN,2012,0
Benin,BEN,2013,0
Benin,BEN,2014,0
Benin,BEN,2015,0
Benin,BEN,2016,0
Benin,BEN,2017,0
Benin,BEN,2018,0
Benin,BEN,2019,0
Benin,BEN,2020,0
Benin,BEN,2021,0
Benin,BEN,2022,0
Benin,BEN,2023,0
Benin,BEN,2024,0
Bermuda,BMU,1980,0
Bermuda,BMU,1981,0
Bermuda,BMU,1982,0
Bermuda,BMU,1983,0
Bermuda,BMU,1984,0
Bermuda,BMU,1985,0
Bermuda,BMU,1986,0
Bermuda,BMU,1987,0
Bermuda,BMU,1988,0
Bermuda,BMU,1989,0
Bermuda,BMU,1990,0
Bermuda,BMU,1991,0
Bermuda,BMU,1992,0
Bermuda,BMU,1993,0
Bermuda,BMU,1994,0
Bermuda,BMU,1995,0
Bermuda,BMU,1996,0
Bermuda,BMU,1997,0
Bermuda,BMU,1998,0
Bermuda,BMU,1999,0
Bermuda,BMU,2000,0
Bermuda,BMU,2001,0
Bermuda,BMU,2002,0
Bermuda,BMU,2003,0
Bermuda,BMU,2004,0
Bermuda,BMU,2005,0
Bermuda,BMU,2006,0
Bermuda,BMU,2007,0
Bermuda,BMU,2008,0
Bermuda,BMU,2009,0
Bermuda,BMU,2010,0
Bermuda,BMU,2011,0
Bermuda,BMU,2012,0
Bermuda,BMU,2013,0
Bermuda,BMU,2014,0
Bermuda,BMU,2015,0
Bermuda,BMU,2016,0
Bermuda,BMU,2017,0
Bermuda,BMU,2018,0
Bermuda,BMU,2019,0
Bermuda,BMU,2020,0
Bermuda,BMU,2021,0
Bermuda,BMU,2022,0
Bermuda,BMU,2023,0
Bermuda,BMU,2024,0
Bhutan,BTN,1980,0.00024308973
Bhutan,BTN,1981,0.00043753505
Bhutan,BTN,1982,0.00063198037
Bhutan,BTN,1983,0.0008264257
Bhutan,BTN,1984,0.0019445415
Bhutan,BTN,1985,0.0019542526
Bhutan,BTN,1986,0.0038891272
Bhutan,BTN,1987,0.0088963695
Bhutan,BTN,1988,0.008927485
Bhutan,BTN,1989,0.010735933
Bhutan,BTN,1990,0.01254438
Bhutan,BTN,1991,0.014352828
Bhutan,BTN,1992,0.015450342
Bhutan,BTN,1993,0.22362429
Bhutan,BTN,1994,0.31112945
Bhutan,BTN,1995,0.3078885
Bhutan,BTN,1996,0.31112945
Bhutan,BTN,1997,0.2625155
Bhutan,BTN,1998,0.29970032
Bhutan,BTN,1999,0.33688512
Bhutan,BTN,2000,0.37406996
Bhutan,BTN,2001,0.35735828
Bhutan,BTN,2002,0.3564413
Bhutan,BTN,2003,0.32242733
Bhutan,BTN,2004,0.36455762
Bhutan,BTN,2005,0.41457516
Bhutan,BTN,2006,0.44460186
Bhutan,BTN,2007,0.4178365
Bhutan,BTN,2008,0.40691844
Bhutan,BTN,2009,0.38183847
Bhutan,BTN,2010,0.4268988
Bhutan,BTN,2011,0.4808117
Bhutan,BTN,2012,0.47997066
Bhutan,BTN,2013,0.3779445
Bhutan,BTN,2014,0.39810473
Bhutan,BTN,2015,0.4140161
Bhutan,BTN,2016,0.57257545
Bhutan,BTN,2017,0.78754646
Bhutan,BTN,2018,0.9090814
Bhutan,BTN,2019,0.8993586
Bhutan,BTN,2020,0.7647271
Bhutan,BTN,2021,0.90422
Bhutan,BTN,2022,1.0113931
Bhutan,BTN,2023,0.024552332
Bhutan,BTN,2024,0.9569055
Bolivia,BOL,1980,0
Bolivia,BOL,1981,0
Bolivia,BOL,1982,0
Bolivia,BOL,1983,0
Bolivia,BOL,1984,0
Bolivia,BOL,1985,0
Bolivia,BOL,1986,0
Bolivia,BOL,1987,0
Bolivia,BOL,1988,0
Bolivia,BOL,1989,0
Bolivia,BOL,1990,0
Bolivia,BOL,1991,0
Bolivia,BOL,1992,0
Bolivia,BOL,1993,0
Bolivia,BOL,1994,0
Bolivia,BOL,1995,0
Bolivia,BOL,1996,0
Bolivia,BOL,1997,0
Bolivia,BOL,1998,0
Bolivia,BOL,1999,0
Bolivia,BOL,2000,0
Bolivia,BOL,2001,0
Bolivia,BOL,2002,0
Bolivia,BOL,2003,0
Bolivia,BOL,2004,0
Bolivia,BOL,2005,0
Bolivia,BOL,2006,0
Bolivia,BOL,2007,0
Bolivia,BOL,2008,0
Bolivia,BOL,2009,0
Bolivia,BOL,2010,0
Bolivia,BOL,2011,0
Bolivia,BOL,2012,0
Bolivia,BOL,2013,0
Bolivia,BOL,2014,0
Bolivia,BOL,2015,0
Bolivia,BOL,2016,0
Bolivia,BOL,2017,0
Bolivia,BOL,2018,0
Bolivia,BOL,2019,0
Bolivia,BOL,2020,0
Bolivia,BOL,2021,0
Bolivia,BOL,2022,0
Bolivia,BOL,2023,0
Bolivia,BOL,2024,0
Bosnia and Herzegovina,BIH,1992,6.3739457
Bosnia and Herzegovina,BIH,1993,5.5240865
Bosnia and Herzegovina,BIH,1994,5.949016
Bosnia and Herzegovina,BIH,1995,6.9688478
Bosnia and Herzegovina,BIH,1996,7.1813126
Bosnia and Herzegovina,BIH,1997,23.171417
Bosnia and Herzegovina,BIH,1998,29.893808
Bosnia and Herzegovina,BIH,1999,28.776241
Bosnia and Herzegovina,BIH,2000,31.610523
Bosnia and Herzegovina,BIH,2001,32.09069
Bosnia and Herzegovina,BIH,2002,33.885715
Bosnia and Herzegovina,BIH,2003,30.476013
Bosnia and Herzegovina,BIH,2004,23.963573
Bosnia and Herzegovina,BIH,2005,24.500591
Bosnia and Herzegovina,BIH,2006,25.052212
Bosnia and Herzegovina,BIH,2007,26.062742
Bosnia and Herzegovina,BIH,2008,28.728178
Bosnia and Herzegovina,BIH,2009,28.488304
Bosnia and Herzegovina,BIH,2010,27.167229
Bosnia and Herzegovina,BIH,2011,30.17961
Bosnia and Herzegovina,BIH,2012,29.619875
Bosnia and Herzegovina,BIH,2013,26.502472
Bosnia and Herzegovina,BIH,2014,26.544052
Bosnia and Herzegovina,BIH,2015,26.06063
Bosnia and Herzegovina,BIH,2016,27.575983
Bosnia and Herzegovina,BIH,2017,30.562376
Bosnia and Herzegovina,BIH,2018,30.501877
Bosnia and Herzegovina,BIH,2019,28.394138
Bosnia and Herzegovina,BIH,2020,27.158138
Bosnia and Herzegovina,BIH,2021,28.838503
Bosnia and Herzegovina,BIH,2022,59.692337
Bosnia and Herzegovina,BIH,2023,54.53992
Bosnia and Herzegovina,BIH,2024,55.03111
Botswana,BWA,1900,0
Botswana,BWA,1901,0
Botswana,BWA,1902,0
Botswana,BWA,1903,0
Botswana,BWA,1904,0
Botswana,BWA,1905,0
Botswana,BWA,1906,0
Botswana,BWA,1907,0
Botswana,BWA,1908,0
Botswana,BWA,1909,0
Botswana,BWA,1910,0
Botswana,BWA,1911,0
Botswana,BWA,1912,0
Botswana,BWA,1913,0
Botswana,BWA,1914,0
Botswana,BWA,1915,0
Botswana,BWA,1916,0
Botswana,BWA,1917,0
Botswana,BWA,1918,0
Botswana,BWA,1919,0
Botswana,BWA,1920,0
Botswana,BWA,1921,0
Botswana,BWA,1922,0
Botswana,BWA,1923,0
Botswana,BWA,1924,0
Botswana,BWA,1925,0
Botswana,BWA,1926,0
Botswana,BWA,1927,0
Botswana,BWA,1928,0
Botswana,BWA,1929,0
Botswana,BWA,1930,0
Botswana,BWA,1931,0
Botswana,BWA,1932,0
Botswana,BWA,1933,0
Botswana,BWA,1934,0
Botswana,BWA,1935,0
Botswana,BWA,1936,0
Botswana,BWA,1937,0
Botswana,BWA,1938,0
Botswana,BWA,1939,0
Botswana,BWA,1940,0
Botswana,BWA,1941,0
Botswana,BWA,1942,0
Botswana,BWA,1943,0
Botswana,BWA,1944,0
Botswana,BWA,1945,0
Botswana,BWA,1946,0
Botswana,BWA,1947,0
Botswana,BWA,1948,0
Botswana,BWA,1949,0
Botswana,BWA,1950,0
Botswana,BWA,1951,0
Botswana,BWA,1952,0
Botswana,BWA,1953,0
Botswana,BWA,1954,0
Botswana,BWA,1955,0
Botswana,BWA,1956,0
Botswana,BWA,1957,0
Botswana,BWA,1958,0
Botswana,BWA,1959,0
Botswana,BWA,1960,0
Botswana,BWA,1961,0
Botswana,BWA,1962,0
Botswana,BWA,1963,0
Botswana,BWA,1964,0
Botswana,BWA,1965,0
Botswana,BWA,1966,0
Botswana,BWA,1967,0
Botswana,BWA,1968,0
Botswana,BWA,1969,0
Botswana,BWA,1970,0
Botswana,BWA,1971,0
Botswana,BWA,1972,0
Botswana,BWA,1973,0.130256
Botswana,BWA,1974,0.211666
Botswana,BWA,1975,0.578011
Botswana,BWA,1976,1.8235841
Botswana,BWA,1977,2.393454
Botswana,BWA,1978,2.556274
Botswana,BWA,1979,2.890055
Botswana,BWA,1980,2.4213698
Botswana,BWA,1981,2.4866328
Botswana,BWA,1982,2.708537
Botswana,BWA,1983,2.5780053
Botswana,BWA,1984,2.5649521
Botswana,BWA,1985,2.8521223
Botswana,BWA,1986,3.198032
Botswana,BWA,1987,3.178452
Botswana,BWA,1988,3.9746969
Botswana,BWA,1989,4.3271327
Botswana,BWA,1990,5.182117
Botswana,BWA,1991,5.116851
Botswana,BWA,1992,5.880463
Botswana,BWA,1993,5.80867
Botswana,BWA,1994,5.880463
Botswana,BWA,1995,5.939202
Botswana,BWA,1996,4.7513614
Botswana,BWA,1997,5.064638
Botswana,BWA,1998,6.0305743
Botswana,BWA,1999,4.692622
Botswana,BWA,2000,6.1349998
Botswana,BWA,2001,5.971835
Botswana,BWA,2002,6.2198453
Botswana,BWA,2003,5.371388
Botswana,BWA,2004,5.945729
Botswana,BWA,2005,6.4286966
Botswana,BWA,2006,6.278585
Botswana,BWA,2007,5.4040213
Botswana,BWA,2008,5.939202
Botswana,BWA,2009,4.8166275
Botswana,BWA,2010,6.4482765
Botswana,BWA,2011,5.1429577
Botswana,BWA,2012,9.600622
Botswana,BWA,2013,9.763787
Botswana,BWA,2014,11.198925
Botswana,BWA,2015,13.637831
Botswana,BWA,2016,12.285667
Botswana,BWA,2017,14.538706
Botswana,BWA,2018,14.182639
Botswana,BWA,2019,13.826567
Botswana,BWA,2020,12.291143
Botswana,BWA,2021,12.994792
Botswana,BWA,2022,17.243755
Botswana,BWA,2023,14.565588
Botswana,BWA,2024,16.088953
Brazil,BRA,1900,0
Brazil,BRA,1901,0
Brazil,BRA,1902,0
Brazil,BRA,1903,0
Brazil,BRA,1904,0
Brazil,BRA,1905,0
Brazil,BRA,1906,0
Brazil,BRA,1907,0
Brazil,BRA,1908,0
Brazil,BRA,1909,0.093845375
Brazil,BRA,1910,0
Brazil,BRA,1911,0
Brazil,BRA,1912,0.06256358
Brazil,BRA,1913,0.093845375
Brazil,BRA,1914,0.06256358
Brazil,BRA,1915,0.15640897
Brazil,BRA,1916,0.4692269
Brazil,BRA,1917,0.9384538
Brazil,BRA,1918,1.8143439
Brazil,BRA,1919,1.7517804
Brazil,BRA,1920,1.9207021
Brazil,BRA,1921,1.8769076
Brazil,BRA,1922,1.8956767
Brazil,BRA,1923,2.058342
Brazil,BRA,1924,2.3085964
Brazil,BRA,1925,2.4524925
Brazil,BRA,1926,2.2272637
Brazil,BRA,1927,2.1396747
Brazil,BRA,1928,2.0333164
Brazil,BRA,1929,2.3336217
Brazil,BRA,1930,2.408698
Brazil,BRA,1931,3.0906413
Brazil,BRA,1932,3.3846898
Brazil,BRA,1933,4.0416074
Brazil,BRA,1934,4.573398
Brazil,BRA,1935,5.255341
Brazil,BRA,1936,4.1417093
Brazil,BRA,1937,4.7736015
Brazil,BRA,1938,5.655748
Brazil,BRA,1939,6.5504074
Brazil,BRA,1940,8.358495
Brazil,BRA,1941,8.808952
Brazil,BRA,1942,11.105036
Brazil,BRA,1943,13.000712
Brazil,BRA,1944,11.937132
Brazil,BRA,1945,12.969431
Brazil,BRA,1946,11.868312
Brazil,BRA,1947,12.506461
Brazil,BRA,1948,12.6691265
Brazil,BRA,1949,13.319787
Brazil,BRA,1950,12.2562065
Brazil,BRA,1951,12.281232
Brazil,BRA,1952,12.262463
Brazil,BRA,1953,12.662869
Brazil,BRA,1954,12.856816
Brazil,BRA,1955,14.189421
Brazil,BRA,1956,13.976706
Brazil,BRA,1957,12.969431
Brazil,BRA,1958,14.014243
Brazil,BRA,1959,14.577314
Brazil,BRA,1960,14.577314
Brazil,BRA,1961,14.952696
Brazil,BRA,1962,15.690947
Brazil,BRA,1963,17.692982
Brazil,BRA,1964,18.706512
Brazil,BRA,1965,19.626196
Brazil,BRA,1966,22.93581
Brazil,BRA,1967,27.14634
Brazil,BRA,1968,30.205698
Brazil,BRA,1969,32.07635
Brazil,BRA,1970,32.357887
Brazil,BRA,1971,35.44853
Brazil,BRA,1972,36.64975
Brazil,BRA,1973,34.82289
Brazil,BRA,1974,34.35992
Brazil,BRA,1975,39.471367
Brazil,BRA,1976,49.275078
Brazil,BRA,1977,62.845123
Brazil,BRA,1978,73.92513
Brazil,BRA,1979,87.23241
Brazil,BRA,1980,24.477667
Brazil,BRA,1981,33.744057
Brazil,BRA,1982,37.195045
Brazil,BRA,1983,39.683975
Brazil,BRA,1984,44.539185
Brazil,BRA,1985,45.453854
Brazil,BRA,1986,43.101746
Brazil,BRA,1987,39.264877
Brazil,BRA,1988,42.773262
Brazil,BRA,1989,38.603477
Brazil,BRA,1990,19.62071
Brazil,BRA,1991,23.470465
Brazil,BRA,1992,21.972292
Brazil,BRA,1993,21.837795
Brazil,BRA,1994,24.35495
Brazil,BRA,1995,23.892641
Brazil,BRA,1996,22.26761
Brazil,BRA,1997,26.055893
Brazil,BRA,1998,25.497108
Brazil,BRA,1999,26.124039
Brazil,BRA,2000,31.227255
Brazil,BRA,2001,26.808805
Brazil,BRA,2002,29.793072
Brazil,BRA,2003,27.196241
Brazil,BRA,2004,31.53805
Brazil,BRA,2005,33.071194
Brazil,BRA,2006,33.04171
Brazil,BRA,2007,34.01415
Brazil,BRA,2008,37.866035
Brazil,BRA,2009,35.40279
Brazil,BRA,2010,31.785671
Brazil,BRA,2011,31.81142
Brazil,BRA,2012,33.947872
Brazil,BRA,2013,42.165073
Brazil,BRA,2014,41.826893
Brazil,BRA,2015,33.800484
Brazil,BRA,2016,31.147717
Brazil,BRA,2017,25.328682
Brazil,BRA,2018,27.44856
Brazil,BRA,2019,25.144266
Brazil,BRA,2020,27.919014
Brazil,BRA,2021,33.79059
Brazil,BRA,2022,30.290945
Brazil,BRA,2023,30.168175
Brazil,BRA,2024,29.57457
Brazil,BRA,2025,32.180573
British Virgin Islands,VGB,1980,0
British Virgin Islands,VGB,1981,0
British Virgin Islands,VGB,1982,0
British Virgin Islands,VGB,1983,0
British Virgin Islands,VGB,1984,0
British Virgin Islands,VGB,1985,0
British Virgin Islands,VGB,1986,0
British Virgin Islands,VGB,1987,0
British Virgin Islands,VGB,1988,0
British Virgin Islands,VGB,1989,0
British Virgin Islands,VGB,1990,0
British Virgin Islands,VGB,1991,0
British Virgin Islands,VGB,1992,0
British Virgin Islands,VGB,1993,0
British Virgin Islands,VGB,1994,0
British Virgin Islands,VGB,1995,0
British Virgin Islands,VGB,1996,0
British Virgin Islands,VGB,1997,0
British Virgin Islands,VGB,1998,0
British Virgin Islands,VGB,1999,0
British Virgin Islands,VGB,2000,0
British Virgin Islands,VGB,2001,0
British Virgin Islands,VGB,2002,0
British Virgin Islands,VGB,2003,0
British Virgin Islands,VGB,2004,0
British Virgin Islands,VGB,2005,0
British Virgin Islands,VGB,2006,0
British Virgin Islands,VGB,2007,0
British Virgin Islands,VGB,2008,0
British Virgin Islands,VGB,2009,0
British Virgin Islands,VGB,2010,0
British Virgin Islands,VGB,2011,0
British Virgin Islands,VGB,2012,0
British Virgin Islands,VGB,2013,0
British Virgin Islands,VGB,2014,0
British Virgin Islands,VGB,2015,0
British Virgin Islands,VGB,2016,0
British Virgin Islands,VGB,2017,0
British Virgin Islands,VGB,2018,0
British Virgin Islands,VGB,2019,0
British Virgin Islands,VGB,2020,0
British Virgin Islands,VGB,2021,0
British Virgin Islands,VGB,2022,0
British Virgin Islands,VGB,2023,0
British Virgin Islands,VGB,2024,0
Brunei,BRN,1980,0
Brunei,BRN,1981,0
Brunei,BRN,1982,0
Brunei,BRN,1983,0
Brunei,BRN,1984,0
Brunei,BRN,1985,0
Brunei,BRN,1986,0
Brunei,BRN,1987,0
Brunei,BRN,1988,0
Brunei,BRN,1989,0
Brunei,BRN,1990,0
Brunei,BRN,1991,0
Brunei,BRN,1992,0
Brunei,BRN,1993,0
Brunei,BRN,1994,0
Brunei,BRN,1995,0
Brunei,BRN,1996,0
Brunei,BRN,1997,0
Brunei,BRN,1998,0
Brunei,BRN,1999,0
Brunei,BRN,2000,0
Brunei,BRN,2001,0
Brunei,BRN,2002,0
Brunei,BRN,2003,0
Brunei,BRN,2004,0
Brunei,BRN,2005,0
Brunei,BRN,2006,0
Brunei,BRN,2007,0
Brunei,BRN,2008,0
Brunei,BRN,2009,0
Brunei,BRN,2010,0
Brunei,BRN,2011,0
Brunei,BRN,2012,0
Brunei,BRN,2013,0
Brunei,BRN,2014,0
Brunei,BRN,2015,0
Brunei,BRN,2016,0
Brunei,BRN,2017,0
Brunei,BRN,2018,0
Brunei,BRN,2019,0
Brunei,BRN,2020,0
Brunei,BRN,2021,0
Brunei,BRN,2022,0
Brunei,BRN,2023,0
Brunei,BRN,2024,0
Bulgaria,BGR,1900,0.5006715
Bulgaria,BGR,1901,0.586152
Bulgaria,BGR,1902,0.5495175
Bulgaria,BGR,1903,0.4762485
Bulgaria,BGR,1904,0.5983635
Bulgaria,BGR,1905,0.73269004
Bulgaria,BGR,1906,0.586152
Bulgaria,BGR,1907,0.73269004
Bulgaria,BGR,1908,0.7123375
Bulgaria,BGR,1909,0.90365094
Bulgaria,BGR,1910,0.97692
Bulgaria,BGR,1911,1.2089385
Bulgaria,BGR,1912,1.408393
Bulgaria,BGR,1913,1.4816619
Bulgaria,BGR,1914,1.7788086
Bulgaria,BGR,1915,2.255057
Bulgaria,BGR,1916,2.6783888
Bulgaria,BGR,1917,3.183131
Bulgaria,BGR,1918,2.792363
Bulgaria,BGR,1919,2.4545116
Bulgaria,BGR,1920,3.2360475
Bulgaria,BGR,1921,4.0013013
Bulgaria,BGR,1922,4.4002104
Bulgaria,BGR,1923,4.6362996
Bulgaria,BGR,1924,5.2712975
Bulgaria,BGR,1925,5.2102404
Bulgaria,BGR,1926,5.169535
Bulgaria,BGR,1927,5.316073
Bulgaria,BGR,1928,6.1098204
Bulgaria,BGR,1929,7.0460353
Bulgaria,BGR,1930,6.773312
Bulgaria,BGR,1931,6.549434
Bulgaria,BGR,1932,7.56706
Bulgaria,BGR,1933,6.728536
Bulgaria,BGR,1934,7.025683
Bulgaria,BGR,1935,7.131516
Bulgaria,BGR,1936,7.24549
Bulgaria,BGR,1937,8.027025
Bulgaria,BGR,1938,9.093497
Bulgaria,BGR,1939,10.021571
Bulgaria,BGR,1940,12.13009
Bulgaria,BGR,1941,13.062234
Bulgaria,BGR,1942,15.826104
Bulgaria,BGR,1943,17.173439
Bulgaria,BGR,1944,12.78137
Bulgaria,BGR,1945,15.024215
Bulgaria,BGR,1946,14.678223
Bulgaria,BGR,1947,17.446163
Bulgaria,BGR,1948,17.885777
Bulgaria,BGR,1949,21.996983
Bulgaria,BGR,1950,24.768993
Bulgaria,BGR,1951,26.88158
Bulgaria,BGR,1952,31.127113
Bulgaria,BGR,1953,35.067356
Bulgaria,BGR,1954,37.53001
Bulgaria,BGR,1955,42.10525
Bulgaria,BGR,1956,45.536686
Bulgaria,BGR,1957,49.949104
Bulgaria,BGR,1958,53.368324
Bulgaria,BGR,1959,64.57034
Bulgaria,BGR,1960,72.11705
Bulgaria,BGR,1961,73.87144
Bulgaria,BGR,1962,82.940506
Bulgaria,BGR,1963,87.88616
Bulgaria,BGR,1964,101.636314
Bulgaria,BGR,1965,104.180374
Bulgaria,BGR,1966,105.17358
Bulgaria,BGR,1967,114.853226
Bulgaria,BGR,1968,128.81505
Bulgaria,BGR,1969,129.4704
Bulgaria,BGR,1970,130.49208
Bulgaria,BGR,1971,111.51542
Bulgaria,BGR,1972,112.59817
Bulgaria,BGR,1973,110.9252
Bulgaria,BGR,1974,100.18314
Bulgaria,BGR,1975,114.68634
Bulgaria,BGR,1976,104.91306
Bulgaria,BGR,1977,103.639
Bulgaria,BGR,1978,106.14643
Bulgaria,BGR,1979,116.02147
Bulgaria,BGR,1980,61.810932
Bulgaria,BGR,1981,54.998016
Bulgaria,BGR,1982,60.48164
Bulgaria,BGR,1983,60.815742
Bulgaria,BGR,1984,60.702023
Bulgaria,BGR,1985,57.954987
Bulgaria,BGR,1986,65.98148
Bulgaria,BGR,1987,68.92223
Bulgaria,BGR,1988,63.966427
Bulgaria,BGR,1989,64.21583
Bulgaria,BGR,1990,59.206818
Bulgaria,BGR,1991,54.24859
Bulgaria,BGR,1992,62.57489
Bulgaria,BGR,1993,60.6359
Bulgaria,BGR,1994,58.66628
Bulgaria,BGR,1995,61.48518
Bulgaria,BGR,1996,62.819492
Bulgaria,BGR,1997,58.28521
Bulgaria,BGR,1998,58.922813
Bulgaria,BGR,1999,49.729588
Bulgaria,BGR,2000,49.948257
Bulgaria,BGR,2001,52.30418
Bulgaria,BGR,2002,51.501152
Bulgaria,BGR,2003,54.025444
Bulgaria,BGR,2004,52.780746
Bulgaria,BGR,2005,48.58942
Bulgaria,BGR,2006,50.09491
Bulgaria,BGR,2007,56.339363
Bulgaria,BGR,2008,56.53614
Bulgaria,BGR,2009,53.578606
Bulgaria,BGR,2010,57.516132
Bulgaria,BGR,2011,72.23262
Bulgaria,BGR,2012,65.2704
Bulgaria,BGR,2013,55.695232
Bulgaria,BGR,2014,59.645885
Bulgaria,BGR,2015,68.23731
Bulgaria,BGR,2016,59.52442
Bulgaria,BGR,2017,66.27609
Bulgaria,BGR,2018,59.474857
Bulgaria,BGR,2019,55.068783
Bulgaria,BGR,2020,43.987392
Bulgaria,BGR,2021,54.900787
Bulgaria,BGR,2022,68.70899
Bulgaria,BGR,2023,40.82317
Bulgaria,BGR,2024,29.93213
Bulgaria,BGR,2025,34.297043
Burkina Faso,BFA,1980,0
Burkina Faso,BFA,1981,0
Burkina Faso,BFA,1982,0
Burkina Faso,BFA,1983,0
Burkina Faso,BFA,1984,0
Burkina Faso,BFA,1985,0
Burkina Faso,BFA,1986,0
Burkina Faso,BFA,1987,0
Burkina Faso,BFA,1988,0
Burkina Faso,BFA,1989,0
Burkina Faso,BFA,1990,0
Burkina Faso,BFA,1991,0
Burkina Faso,BFA,1992,0
Burkina Faso,BFA,1993,0
Burkina Faso,BFA,1994,0
Burkina Faso,BFA,1995,0
Burkina Faso,BFA,1996,0
Burkina Faso,BFA,1997,0
Burkina Faso,BFA,1998,0
Burkina Faso,BFA,1999,0
Burkina Faso,BFA,2000,0
Burkina Faso,BFA,2001,0
Burkina Faso,BFA,2002,0
Burkina Faso,BFA,2003,0
Burkina Faso,BFA,2004,0
Burkina Faso,BFA,2005,0
Burkina Faso,BFA,2006,0
Burkina Faso,BFA,2007,0
Burkina Faso,BFA,2008,0
Burkina Faso,BFA,2009,0
Burkina Faso,BFA,2010,0
Burkina Faso,BFA,2011,0
Burkina Faso,BFA,2012,0
Burkina Faso,BFA,2013,0
Burkina Faso,BFA,2014,0
Burkina Faso,BFA,2015,0
Burkina Faso,BFA,2016,0
Burkina Faso,BFA,2017,0
Burkina Faso,BFA,2018,0
Burkina Faso,BFA,2019,0
Burkina Faso,BFA,2020,0
Burkina Faso,BFA,2021,0
Burkina Faso,BFA,2022,0
Burkina Faso,BFA,2023,0
Burkina Faso,BFA,2024,0
Burundi,BDI,1900,0
Burundi,BDI,1901,0
Burundi,BDI,1902,0
Burundi,BDI,1903,0
Burundi,BDI,1904,0
Burundi,BDI,1905,0
Burundi,BDI,1906,0
Burundi,BDI,1907,0
Burundi,BDI,1908,0
Burundi,BDI,1909,0
Burundi,BDI,1910,0
Burundi,BDI,1911,0
Burundi,BDI,1912,0
Burundi,BDI,1913,0
Burundi,BDI,1914,0
Burundi,BDI,1915,0
Burundi,BDI,1916,0
Burundi,BDI,1917,0
Burundi,BDI,1918,0
Burundi,BDI,1919,0
Burundi,BDI,1920,0
Burundi,BDI,1921,0
Burundi,BDI,1922,0
Burundi,BDI,1923,0
Burundi,BDI,1924,0
Burundi,BDI,1925,0
Burundi,BDI,1926,0
Burundi,BDI,1927,0
Burundi,BDI,1928,0
Burundi,BDI,1929,0
Burundi,BDI,1930,0
Burundi,BDI,1931,0
Burundi,BDI,1932,0
Burundi,BDI,1933,0
Burundi,BDI,1934,0
Burundi,BDI,1935,0
Burundi,BDI,1936,0
Burundi,BDI,1937,0
Burundi,BDI,1938,0
Burundi,BDI,1939,0
Burundi,BDI,1940,0
Burundi,BDI,1941,0
Burundi,BDI,1942,0
Burundi,BDI,1943,0
Burundi,BDI,1944,0
Burundi,BDI,1945,0
Burundi,BDI,1946,0
Burundi,BDI,1947,0
Burundi,BDI,1948,0
Burundi,BDI,1949,0
Burundi,BDI,1950,0
Burundi,BDI,1951,0
Burundi,BDI,1952,0
Burundi,BDI,1953,0
Burundi,BDI,1954,0
Burundi,BDI,1955,0
Burundi,BDI,1956,0
Burundi,BDI,1957,0
Burundi,BDI,1958,0
Burundi,BDI,1959,0
Burundi,BDI,1960,0
Burundi,BDI,1961,0
Burundi,BDI,1962,0
Burundi,BDI,1963,0
Burundi,BDI,1964,0
Burundi,BDI,1965,0
Burundi,BDI,1966,0
Burundi,BDI,1967,0
Burundi,BDI,1968,0
Burundi,BDI,1969,0
Burundi,BDI,1970,0
Burundi,BDI,1971,0
Burundi,BDI,1972,0
Burundi,BDI,1973,0.015671425
Burundi,BDI,1974,0.021939995
Burundi,BDI,1975,0.028208565
Burundi,BDI,1976,0.0031342849
Burundi,BDI,1977,0.0031342849
Burundi,BDI,1978,0.0062685697
Burundi,BDI,1979,0.009402855
Burundi,BDI,1980,0
Burundi,BDI,1981,0
Burundi,BDI,1982,0
Burundi,BDI,1983,0
Burundi,BDI,1984,0
Burundi,BDI,1985,0
Burundi,BDI,1986,0
Burundi,BDI,1987,0
Burundi,BDI,1988,0
Burundi,BDI,1989,0
Burundi,BDI,1990,0
Burundi,BDI,1991,0
Burundi,BDI,1992,0
Burundi,BDI,1993,0
Burundi,BDI,1994,0
Burundi,BDI,1995,0
Burundi,BDI,1996,0
Burundi,BDI,1997,0
Burundi,BDI,1998,0
Burundi,BDI,1999,0
Burundi,BDI,2000,0
Burundi,BDI,2001,0
Burundi,BDI,2002,0
Burundi,BDI,2003,0
Burundi,BDI,2004,0
Burundi,BDI,2005,0
Burundi,BDI,2006,0
Burundi,BDI,2007,0
Burundi,BDI,2008,0
Burundi,BDI,2009,0
Burundi,BDI,2010,0
Burundi,BDI,2011,0
Burundi,BDI,2012,0
Burundi,BDI,2013,0
Burundi,BDI,2014,0
Burundi,BDI,2015,0
Burundi,BDI,2016,0
Burundi,BDI,2017,0
Burundi,BDI,2018,0
Burundi,BDI,2019,0
Burundi,BDI,2020,0
Burundi,BDI,2021,0
Burundi,BDI,2022,0
Burundi,BDI,2023,0
Burundi,BDI,2024,0
CIS (EI),,1981,4027.8452
CIS (EI),,1982,4061.56
CIS (EI),,1983,4057.7874
CIS (EI),,1984,4013.748
CIS (EI),,1985,2876.8977
CIS (EI),,1986,2988.7083
CIS (EI),,1987,3023.9238
CIS (EI),,1988,3102.548
CIS (EI),,1989,2989.7112
CIS (EI),,1990,2871.7485
CIS (EI),,1991,2689.8616
CIS (EI),,1992,2578.7498
CIS (EI),,1993,2307.5056
CIS (EI),,1994,2078.6777
CIS (EI),,1995,1889.2559
CIS (EI),,1996,1809.5308
CIS (EI),,1997,1734.601
CIS (EI),,1998,1635.7421
CIS (EI),,1999,1684.7194
CIS (EI),,2000,1806.2083
CIS (EI),,2001,1908.6847
CIS (EI),,2002,1813.0691
CIS (EI),,2003,1979.3899
CIS (EI),,2004,2047.3529
CIS (EI),,2005,2028.61
CIS (EI),,2006,2139.6582
CIS (EI),,2007,2180.3328
CIS (EI),,2008,2311.7812
CIS (EI),,2009,2175.5146
CIS (EI),,2010,2329.9133
CIS (EI),,2011,2436.4731
CIS (EI),,2012,2585.0698
CIS (EI),,2013,2640.284
CIS (EI),,2014,2666.7373
CIS (EI),,2015,2657.0266
CIS (EI),,2016,2776.5059
CIS (EI),,2017,2966.0095
CIS (EI),,2018,3157.6328
CIS (EI),,2019,3132.9824
CIS (EI),,2020,2895.3086
CIS (EI),,2021,3145.8892
CIS (EI),,2022,3190.367
CIS (EI),,2023,3172.7825
CIS (EI),,2024,3138.3638
CIS (EI),,2025,3191.3179
Cambodia,KHM,1980,0
Cambodia,KHM,1981,0
Cambodia,KHM,1982,0
Cambodia,KHM,1983,0
Cambodia,KHM,1984,0
Cambodia,KHM,1985,0
Cambodia,KHM,1986,0
Cambodia,KHM,1987,0
Cambodia,KHM,1988,0
Cambodia,KHM,1989,0
Cambodia,KHM,1990,0
Cambodia,KHM,1991,0
Cambodia,KHM,1992,0
Cambodia,KHM,1993,0
Cambodia,KHM,1994,0
Cambodia,KHM,1995,0
Cambodia,KHM,1996,0
Cambodia,KHM,1997,0
Cambodia,KHM,1998,0
Cambodia,KHM,1999,0
Cambodia,KHM,2000,0
Cambodia,KHM,2001,0
Cambodia,KHM,2002,0
Cambodia,KHM,2003,0
Cambodia,KHM,2004,0
Cambodia,KHM,2005,0
Cambodia,KHM,2006,0
Cambodia,KHM,2007,0
Cambodia,KHM,2008,0
Cambodia,KHM,2009,0
Cambodia,KHM,2010,0
Cambodia,KHM,2011,0
Cambodia,KHM,2012,0
Cambodia,KHM,2013,0
Cambodia,KHM,2014,0
Cambodia,KHM,2015,0
Cambodia,KHM,2016,0
Cambodia,KHM,2017,0
Cambodia,KHM,2018,0
Cambodia,KHM,2019,0
Cambodia,KHM,2020,0
Cambodia,KHM,2021,0
Cambodia,KHM,2022,0.40789813
Cambodia,KHM,2023,0.08845987
Cambodia,KHM,2024,0.095249586
Cameroon,CMR,1980,0
Cameroon,CMR,1981,0
Cameroon,CMR,1982,0
Cameroon,CMR,1983,0
Cameroon,CMR,1984,0
Cameroon,CMR,1985,0
Cameroon,CMR,1986,0
Cameroon,CMR,1987,0
Cameroon,CMR,1988,0
Cameroon,CMR,1989,0
Cameroon,CMR,1990,0
Cameroon,CMR,1991,0
Cameroon,CMR,1992,0
Cameroon,CMR,1993,0
Cameroon,CMR,1994,0
Cameroon,CMR,1995,0
Cameroon,CMR,1996,0
Cameroon,CMR,1997,0
Cameroon,CMR,1998,0
Cameroon,CMR,1999,0
Cameroon,CMR,2000,0
Cameroon,CMR,2001,0
Cameroon,CMR,2002,0
Cameroon,CMR,2003,0
Cameroon,CMR,2004,0
Cameroon,CMR,2005,0
Cameroon,CMR,2006,0
Cameroon,CMR,2007,0
Cameroon,CMR,2008,0
Cameroon,CMR,2009,0
Cameroon,CMR,2010,0
Cameroon,CMR,2011,0
Cameroon,CMR,2012,0
Cameroon,CMR,2013,0
Cameroon,CMR,2014,0
Cameroon,CMR,2015,0
Cameroon,CMR,2016,0
Cameroon,CMR,2017,0
Cameroon,CMR,2018,0
Cameroon,CMR,2019,0
Cameroon,CMR,2020,0
Cameroon,CMR,2021,0
Cameroon,CMR,2022,0
Cameroon,CMR,2023,0
Cameroon,CMR,2024,0
Canada,CAN,1900,42.66698
Canada,CAN,1901,47.901646
Canada,CAN,1902,55.147133
Canada,CAN,1903,58.78616
Canada,CAN,1904,60.96795
Canada,CAN,1905,64.15922
Canada,CAN,1906,72.104836
Canada,CAN,1907,77.624435
Canada,CAN,1908,80.39237
Canada,CAN,1909,77.55116
Canada,CAN,1910,95.33925
Canada,CAN,1911,83.62435
Canada,CAN,1912,107.1844
Canada,CAN,1913,110.86414
Canada,CAN,1914,100.72046
Canada,CAN,1915,97.976944
Canada,CAN,1916,106.95646
Canada,CAN,1917,103.74077
Canada,CAN,1918,124.95288
Canada,CAN,1919,115.866
Canada,CAN,1920,141.57875
Canada,CAN,1921,125.77083
Canada,CAN,1922,127.42737
Canada,CAN,1923,141.40001
Canada,CAN,1924,116.55185
Canada,CAN,1925,113.11377
Canada,CAN,1926,137.66017
Canada,CAN,1927,145.68811
Canada,CAN,1928,146.82
Canada,CAN,1929,146.85062
Canada,CAN,1930,125.24521
Canada,CAN,1931,93.36672
Canada,CAN,1932,90.64034
Canada,CAN,1933,92.04433
Canada,CAN,1934,106.049904
Canada,CAN,1935,106.67688
Canada,CAN,1936,117.02195
Canada,CAN,1937,121.63006
Canada,CAN,1938,110.12163
Canada,CAN,1939,120.16529
Canada,CAN,1940,134.6171
Canada,CAN,1941,140.48436
Canada,CAN,1942,145.1131
Canada,CAN,1943,139.29631
Canada,CAN,1944,131.83427
Canada,CAN,1945,128.72293
Canada,CAN,1946,137.53627
Canada,CAN,1947,124.1758
Canada,CAN,1948,143.31712
Canada,CAN,1949,149.51553
Canada,CAN,1950,151.13277
Canada,CAN,1951,147.14227
Canada,CAN,1952,139.0795
Canada,CAN,1953,126.40978
Canada,CAN,1954,119.541466
Canada,CAN,1955,119.63462
Canada,CAN,1956,120.5567
Canada,CAN,1957,107.40635
Canada,CAN,1958,96.32486
Canada,CAN,1959,87.131905
Canada,CAN,1960,89.23313
Canada,CAN,1961,86.13833
Canada,CAN,1962,85.43863
Canada,CAN,1963,85.458786
Canada,CAN,1964,91.82681
Canada,CAN,1965,94.314095
Canada,CAN,1966,91.82589
Canada,CAN,1967,91.154106
Canada,CAN,1968,91.15202
Canada,CAN,1969,87.78398
Canada,CAN,1970,139.59534
Canada,CAN,1971,150.79485
Canada,CAN,1972,167.53256
Canada,CAN,1973,184.5555
Canada,CAN,1974,190.21632
Canada,CAN,1975,223.2891
Canada,CAN,1976,230.28297
Canada,CAN,1977,260.31674
Canada,CAN,1978,272.88947
Canada,CAN,1979,294.8436
Canada,CAN,1980,228.58818
Canada,CAN,1981,269.31723
Canada,CAN,1982,285.6331
Canada,CAN,1983,296.1142
Canada,CAN,1984,387.88895
Canada,CAN,1985,413.09222
Canada,CAN,1986,383.92166
Canada,CAN,1987,387.20447
Canada,CAN,1988,448.3875
Canada,CAN,1989,477.33334
Canada,CAN,1990,464.7503
Canada,CAN,1991,485.54883
Canada,CAN,1992,431.53613
Canada,CAN,1993,458.69806
Canada,CAN,1994,482.01917
Canada,CAN,1995,500.22507
Canada,CAN,1996,508.94858
Canada,CAN,1997,527.2064
Canada,CAN,1998,498.6286
Canada,CAN,1999,479.27606
Canada,CAN,2000,454.52444
Canada,CAN,2001,462.9014
Canada,CAN,2002,398.45804
Canada,CAN,2003,369.9703
Canada,CAN,2004,394.3739
Canada,CAN,2005,418.35196
Canada,CAN,2006,407.6139
Canada,CAN,2007,418.77777
Canada,CAN,2008,420.17862
Canada,CAN,2009,391.37137
Canada,CAN,2010,415.0936
Canada,CAN,2011,414.22137
Canada,CAN,2012,416.84637
Canada,CAN,2013,419.49026
Canada,CAN,2014,416.65555
Canada,CAN,2015,375.61917
Canada,CAN,2016,381.34
Canada,CAN,2017,369.53778
Canada,CAN,2018,340.3583
Canada,CAN,2019,334.60724
Canada,CAN,2020,318.4625
Canada,CAN,2021,336.04694
Canada,CAN,2022,337.71054
Canada,CAN,2023,352.49915
Canada,CAN,2024,318.3414
Canada,CAN,2025,302.63715
Cape Verde,CPV,1980,0
Cape Verde,CPV,1981,0
Cape Verde,CPV,1982,0
Cape Verde,CPV,1983,0
Cape Verde,CPV,1984,0
Cape Verde,CPV,1985,0
Cape Verde,CPV,1986,0
Cape Verde,CPV,1987,0
Cape Verde,CPV,1988,0
Cape Verde,CPV,1989,0
Cape Verde,CPV,1990,0
Cape Verde,CPV,1991,0
Cape Verde,CPV,1992,0
Cape Verde,CPV,1993,0
Cape Verde,CPV,1994,0
Cape Verde,CPV,1995,0
Cape Verde,CPV,1996,0
Cape Verde,CPV,1997,0
Cape Verde,CPV,1998,0
Cape Verde,CPV,1999,0
Cape Verde,CPV,2000,0
Cape Verde,CPV,2001,0
Cape Verde,CPV,2002,0
Cape Verde,CPV,2003,0
Cape Verde,CPV,2004,0
Cape Verde,CPV,2005,0
Cape Verde,CPV,2006,0
Cape Verde,CPV,2007,0
Cape Verde,CPV,2008,0
Cape Verde,CPV,2009,0
Cape Verde,CPV,2010,0
Cape Verde,CPV,2011,0
Cape Verde,CPV,2012,0
Cape Verde,CPV,2013,0
Cape Verde,CPV,2014,0
Cape Verde,CPV,2015,0
Cape Verde,CPV,2016,0
Cape Verde,CPV,2017,0
Cape Verde,CPV,2018,0
Cape Verde,CPV,2019,0
Cape Verde,CPV,2020,0
Cape Verde,CPV,2021,0
Cape Verde,CPV,2022,0
Cape Verde,CPV,2023,0
Cape Verde,CPV,2024,0
Cayman Islands,CYM,1980,0
Cayman Islands,CYM,1981,0
Cayman Islands,CYM,1982,0
Cayman Islands,CYM,1983,0
Cayman Islands,CYM,1984,0
Cayman Islands,CYM,1985,0
Cayman Islands,CYM,1986,0
Cayman Islands,CYM,1987,0
Cayman Islands,CYM,1988,0
Cayman Islands,CYM,1989,0
Cayman Islands,CYM,1990,0
Cayman Islands,CYM,1991,0
Cayman Islands,CYM,1992,0
Cayman Islands,CYM,1993,0
Cayman Islands,CYM,1994,0
Cayman Islands,CYM,1995,0
Cayman Islands,CYM,1996,0
Cayman Islands,CYM,1997,0
Cayman Islands,CYM,1998,0
Cayman Islands,CYM,1999,0
Cayman Islands,CYM,2000,0
Cayman Islands,CYM,2001,0
Cayman Islands,CYM,2002,0
Cayman Islands,CYM,2003,0
Cayman Islands,CYM,2004,0
Cayman Islands,CYM,2005,0
Cayman Islands,CYM,2006,0
Cayman Islands,CYM,2007,0
Cayman Islands,CYM,2008,0
Cayman Islands,CYM,2009,0
Cayman Islands,CYM,2010,0
Cayman Islands,CYM,2011,0
Cayman Islands,CYM,2012,0
Cayman Islands,CYM,2013,0
Cayman Islands,CYM,2014,0
Cayman Islands,CYM,2015,0
Cayman Islands,CYM,2016,0
Cayman Islands,CYM,2017,0
Cayman Islands,CYM,2018,0
Cayman Islands,CYM,2019,0
Cayman Islands,CYM,2020,0
Cayman Islands,CYM,2021,0
Cayman Islands,CYM,2022,0
Cayman Islands,CYM,2023,0
Cayman Islands,CYM,2024,0
Central African Republic,CAF,1980,0
Central African Republic,CAF,1981,0
Central African Republic,CAF,1982,0
Central African Republic,CAF,1983,0
Central African Republic,CAF,1984,0
Central African Republic,CAF,1985,0
Central African Republic,CAF,1986,0
Central African Republic,CAF,1987,0
Central African Republic,CAF,1988,0
Central African Republic,CAF,1989,0
Central African Republic,CAF,1990,0
Central African Republic,CAF,1991,0
Central African Republic,CAF,1992,0
Central African Republic,CAF,1993,0
Central African Republic,CAF,1994,0
Central African Republic,CAF,1995,0
Central African Republic,CAF,1996,0
Central African Republic,CAF,1997,0
Central African Republic,CAF,1998,0
Central African Republic,CAF,1999,0
Central African Republic,CAF,2000,0
Central African Republic,CAF,2001,0
Central African Republic,CAF,2002,0
Central African Republic,CAF,2003,0
Central African Republic,CAF,2004,0
Central African Republic,CAF,2005,0
Central African Republic,CAF,2006,0
Central African Republic,CAF,2007,0
Central African Republic,CAF,2008,0
Central African Republic,CAF,2009,0
Central African Republic,CAF,2010,0
Central African Republic,CAF,2011,0
Central African Republic,CAF,2012,0
Central African Republic,CAF,2013,0
Central African Republic,CAF,2014,0
Central African Republic,CAF,2015,0
Central African Republic,CAF,2016,0
Central African Republic,CAF,2017,0
Central African Republic,CAF,2018,0
Central African Republic,CAF,2019,0
Central African Republic,CAF,2020,0
Central African Republic,CAF,2021,0
Central African Republic,CAF,2022,0
Central African Republic,CAF,2023,0
Central African Republic,CAF,2024,0
Chad,TCD,1980,0
Chad,TCD,1981,0
Chad,TCD,1982,0
Chad,TCD,1983,0
Chad,TCD,1984,0
Chad,TCD,1985,0
Chad,TCD,1986,0
Chad,TCD,1987,0
Chad,TCD,1988,0
Chad,TCD,1989,0
Chad,TCD,1990,0
Chad,TCD,1991,0
Chad,TCD,1992,0
Chad,TCD,1993,0
Chad,TCD,1994,0
Chad,TCD,1995,0
Chad,TCD,1996,0
Chad,TCD,1997,0
Chad,TCD,1998,0
Chad,TCD,1999,0
Chad,TCD,2000,0
Chad,TCD,2001,0
Chad,TCD,2002,0
Chad,TCD,2003,0
Chad,TCD,2004,0
Chad,TCD,2005,0
Chad,TCD,2006,0
Chad,TCD,2007,0
Chad,TCD,2008,0
Chad,TCD,2009,0
Chad,TCD,2010,0
Chad,TCD,2011,0
Chad,TCD,2012,0
Chad,TCD,2013,0
Chad,TCD,2014,0
Chad,TCD,2015,0
Chad,TCD,2016,0
Chad,TCD,2017,0
Chad,TCD,2018,0
Chad,TCD,2019,0
Chad,TCD,2020,0
Chad,TCD,2021,0
Chad,TCD,2022,0
Chad,TCD,2023,0
Chad,TCD,2024,0
Chile,CHL,1900,2.6087835
Chile,CHL,1901,4.8162155
Chile,CHL,1902,6.0202694
Chile,CHL,1903,6.6383505
Chile,CHL,1904,6.0363235
Chile,CHL,1905,6.373459
Chile,CHL,1906,7.4892154
Chile,CHL,1907,6.686513
Chile,CHL,1908,7.545404
Chile,CHL,1909,7.216296
Chile,CHL,1910,8.621026
Chile,CHL,1911,9.536107
Chile,CHL,1912,10.627783
Chile,CHL,1913,10.298675
Chile,CHL,1914,8.725377
Chile,CHL,1915,9.407675
Chile,CHL,1916,11.382323
Chile,CHL,1917,12.353594
Chile,CHL,1918,12.176999
Chile,CHL,1919,11.920135
Chile,CHL,1920,8.532728
Chile,CHL,1921,10.234458
Chile,CHL,1922,8.452458
Chile,CHL,1923,9.343458
Chile,CHL,1924,12.353594
Chile,CHL,1925,11.663268
Chile,CHL,1926,11.968296
Chile,CHL,1927,11.896052
Chile,CHL,1928,11.045188
Chile,CHL,1929,12.104754
Chile,CHL,1930,11.574971
Chile,CHL,1931,8.829729
Chile,CHL,1932,8.709323
Chile,CHL,1933,12.345566
Chile,CHL,1934,14.512863
Chile,CHL,1935,15.251349
Chile,CHL,1936,15.0506735
Chile,CHL,1937,15.716917
Chile,CHL,1938,16.40724
Chile,CHL,1939,14.849998
Chile,CHL,1940,15.556376
Chile,CHL,1941,16.535675
Chile,CHL,1942,17.266132
Chile,CHL,1943,18.181213
Chile,CHL,1944,18.293592
Chile,CHL,1945,16.688187
Chile,CHL,1946,15.781134
Chile,CHL,1947,16.591862
Chile,CHL,1948,18.229376
Chile,CHL,1949,17.185863
Chile,CHL,1950,19.012426
Chile,CHL,1951,16.926914
Chile,CHL,1952,18.753136
Chile,CHL,1953,17.961945
Chile,CHL,1954,17.525911
Chile,CHL,1955,17.665026
Chile,CHL,1956,16.14406
Chile,CHL,1957,14.85656
Chile,CHL,1958,14.158893
Chile,CHL,1959,13.661608
Chile,CHL,1960,11.3099165
Chile,CHL,1961,13.453963
Chile,CHL,1962,14.23607
Chile,CHL,1963,13.204522
Chile,CHL,1964,13.866826
Chile,CHL,1965,13.495841
Chile,CHL,1966,13.545973
Chile,CHL,1967,12.199256
Chile,CHL,1968,13.208235
Chile,CHL,1969,14.002455
Chile,CHL,1970,12.421358
Chile,CHL,1971,12.51117
Chile,CHL,1972,11.016629
Chile,CHL,1973,10.798385
Chile,CHL,1974,11.513702
Chile,CHL,1975,11.393069
Chile,CHL,1976,10.351981
Chile,CHL,1977,10.3454685
Chile,CHL,1978,8.892577
Chile,CHL,1979,7.5117006
Chile,CHL,1980,5.9663677
Chile,CHL,1981,5.812727
Chile,CHL,1982,5.2493796
Chile,CHL,1983,5.274986
Chile,CHL,1984,6.268527
Chile,CHL,1985,6.7909045
Chile,CHL,1986,8.542404
Chile,CHL,1987,8.178788
Chile,CHL,1988,10.042959
Chile,CHL,1989,10.176113
Chile,CHL,1990,11.179897
Chile,CHL,1991,11.307931
Chile,CHL,1992,8.327308
Chile,CHL,1993,6.9394236
Chile,CHL,1994,6.0534306
Chile,CHL,1995,5.315957
Chile,CHL,1996,5.141831
Chile,CHL,1997,5.346685
Chile,CHL,1998,4.819186
Chile,CHL,1999,2.4838526
Chile,CHL,2000,1.8744125
Chile,CHL,2001,2.9498951
Chile,CHL,2002,2.2175426
Chile,CHL,2003,2.9498951
Chile,CHL,2004,1.1932735
Chile,CHL,2005,2.786012
Chile,CHL,2006,3.451787
Chile,CHL,2007,1.2444869
Chile,CHL,2008,3.4159374
Chile,CHL,2009,3.257176
Chile,CHL,2010,3.1701128
Chile,CHL,2011,3.3493602
Chile,CHL,2012,3.646398
Chile,CHL,2013,15.507434
Chile,CHL,2014,16.59509
Chile,CHL,2015,16.848082
Chile,CHL,2016,13.502476
Chile,CHL,2017,12.9303665
Chile,CHL,2018,12.051219
Chile,CHL,2019,7.684444
Chile,CHL,2020,2.8002748
Chile,CHL,2021,0.2510448
Chile,CHL,2022,0.089035444
Chile,CHL,2023,0.724016
Chile,CHL,2024,0.14454132
China,CHN,1900,0
China,CHN,1901,0
China,CHN,1902,0.2906337
China,CHN,1903,6.0219307
China,CHN,1904,6.41138
China,CHN,1905,7.050773
China,CHN,1906,52.505882
China,CHN,1907,51.67467
China,CHN,1908,69.75209
China,CHN,1909,63.93941
China,CHN,1910,57.533848
China,CHN,1911,85.44631
China,CHN,1912,30.028275
China,CHN,1913,33.004364
China,CHN,1914,46.35026
China,CHN,1915,49.367043
China,CHN,1916,55.12159
China,CHN,1917,60.91101
China,CHN,1918,64.57299
China,CHN,1919,74.43129
China,CHN,1920,82.13889
China,CHN,1921,77.5992
China,CHN,1922,81.7262
China,CHN,1923,98.658516
China,CHN,1924,107.67979
China,CHN,1925,101.94268
China,CHN,1926,90.77653
China,CHN,1927,102.84945
China,CHN,1928,104.51189
China,CHN,1929,109.592155
China,CHN,1930,115.62571
China,CHN,1931,122.60673
China,CHN,1932,117.49158
China,CHN,1933,128.31477
China,CHN,1934,149.97281
China,CHN,1935,174.9208
China,CHN,1936,196.43352
China,CHN,1937,182.4424
China,CHN,1938,167.10857
China,CHN,1939,201.63004
China,CHN,1940,257.6991
China,CHN,1941,322.15582
China,CHN,1942,339.30902
China,CHN,1943,293.30173
China,CHN,1944,296.6033
China,CHN,1945,152.78613
China,CHN,1946,94.990715
China,CHN,1947,101.94268
China,CHN,1948,72.19341
China,CHN,1949,180.1929
China,CHN,1950,249.47997
China,CHN,1951,308.59485
China,CHN,1952,386.48468
China,CHN,1953,405.02713
China,CHN,1954,486.2883
China,CHN,1955,571.38586
China,CHN,1956,641.4867
China,CHN,1957,759.89087
China,CHN,1958,1569.422
China,CHN,1959,2021.6481
China,CHN,1960,2441.323
China,CHN,1961,1453.1685
China,CHN,1962,1453.1685
China,CHN,1963,1453.1685
China,CHN,1964,1685.6754
China,CHN,1965,1737.9895
China,CHN,1966,1900.7444
China,CHN,1967,1319.4769
China,CHN,1968,1743.8022
China,CHN,1969,1889.119
China,CHN,1970,2092.5625
China,CHN,1971,2266.9429
China,CHN,1972,2325.0696
China,CHN,1973,2499.45
China,CHN,1974,2615.7034
China,CHN,1975,2731.9568
China,CHN,1976,2790.0835
China,CHN,1977,3063.279
China,CHN,1978,3446.9158
China,CHN,1979,3545.731
China,CHN,1980,4047.6938
China,CHN,1981,3614.604
China,CHN,1982,3874.5344
China,CHN,1983,4154.8174
China,CHN,1984,4589.1978
China,CHN,1985,5072.425
China,CHN,1986,5198.61
China,CHN,1987,5396.9014
China,CHN,1988,5698.1187
China,CHN,1989,6130.173
China,CHN,1990,6279.5195
China,CHN,1991,6323.266
China,CHN,1992,6491.7495
China,CHN,1993,6691.146
China,CHN,1994,7210.0244
China,CHN,1995,7912.651
China,CHN,1996,8121.8066
China,CHN,1997,8068.494
China,CHN,1998,7745.7466
China,CHN,1999,7931.644
China,CHN,2000,8226.111
China,CHN,2001,8715.2295
China,CHN,2002,9307.322
China,CHN,2003,10994.302
China,CHN,2004,12873.73
China,CHN,2005,14440.99
China,CHN,2006,15449.555
China,CHN,2007,16738.865
China,CHN,2008,17349.283
China,CHN,2009,17885.352
China,CHN,2010,19367.25
China,CHN,2011,21535.068
China,CHN,2012,21789.303
China,CHN,2013,22034.137
China,CHN,2014,21680.762
China,CHN,2015,21273.959
China,CHN,2016,19671.232
China,CHN,2017,20326.11
China,CHN,2018,21352.951
China,CHN,2019,21770.871
China,CHN,2020,21988.465
China,CHN,2021,22825.744
China,CHN,2022,25015.523
China,CHN,2023,25608.953
China,CHN,2024,25916.26
China,CHN,2025,26295.787
Colombia,COL,1900,0
Colombia,COL,1901,0
Colombia,COL,1902,0
Colombia,COL,1903,0
Colombia,COL,1904,0
Colombia,COL,1905,0
Colombia,COL,1906,0
Colombia,COL,1907,0
Colombia,COL,1908,0
Colombia,COL,1909,0
Colombia,COL,1910,0
Colombia,COL,1911,0
Colombia,COL,1912,0
Colombia,COL,1913,0
Colombia,COL,1914,0
Colombia,COL,1915,0
Colombia,COL,1916,0
Colombia,COL,1917,0
Colombia,COL,1918,0
Colombia,COL,1919,0
Colombia,COL,1920,0
Colombia,COL,1921,0
Colombia,COL,1922,0
Colombia,COL,1923,0
Colombia,COL,1924,0
Colombia,COL,1925,0
Colombia,COL,1926,0
Colombia,COL,1927,0
Colombia,COL,1928,0.8141
Colombia,COL,1929,0.8141
Colombia,COL,1930,0.8141
Colombia,COL,1931,0
Colombia,COL,1932,0
Colombia,COL,1933,0.73269004
Colombia,COL,1934,2.043391
Colombia,COL,1935,3.0772982
Colombia,COL,1936,3.1994128
Colombia,COL,1937,2.751658
Colombia,COL,1938,2.6946712
Colombia,COL,1939,2.841209
Colombia,COL,1940,4.249602
Colombia,COL,1941,3.272682
Colombia,COL,1942,4.7054977
Colombia,COL,1943,3.932103
Colombia,COL,1944,4.200756
Colombia,COL,1945,4.355435
Colombia,COL,1946,4.510114
Colombia,COL,1947,4.119346
Colombia,COL,1948,4.184474
Colombia,COL,1949,4.241461
Colombia,COL,1950,8.22241
Colombia,COL,1951,9.077215
Colombia,COL,1952,7.864206
Colombia,COL,1953,10.01343
Colombia,COL,1954,12.211499
Colombia,COL,1955,15.060849
Colombia,COL,1956,16.282
Colombia,COL,1957,16.282
Colombia,COL,1958,19.864038
Colombia,COL,1959,20.18968
Colombia,COL,1960,21.166601
Colombia,COL,1961,22.7948
Colombia,COL,1962,24.422998
Colombia,COL,1963,26.0512
Colombia,COL,1964,24.422998
Colombia,COL,1965,25.009151
Colombia,COL,1966,20.3525
Colombia,COL,1967,25.2371
Colombia,COL,1968,25.2371
Colombia,COL,1969,27.003696
Colombia,COL,1970,18.463787
Colombia,COL,1971,20.67814
Colombia,COL,1972,21.41897
Colombia,COL,1973,24.813768
Colombia,COL,1974,26.588507
Colombia,COL,1975,28.062027
Colombia,COL,1976,29.470419
Colombia,COL,1977,34.224766
Colombia,COL,1978,38.702316
Colombia,COL,1979,39.768787
Colombia,COL,1980,40.04729
Colombia,COL,1981,32.021763
Colombia,COL,1982,35.48201
Colombia,COL,1983,40.550415
Colombia,COL,1984,53.259933
Colombia,COL,1985,72.013664
Colombia,COL,1986,86.1612
Colombia,COL,1987,117.11247
Colombia,COL,1988,121.18099
Colombia,COL,1989,151.68288
Colombia,COL,1990,164.24956
Colombia,COL,1991,160.74277
Colombia,COL,1992,175.74094
Colombia,COL,1993,174.24031
Colombia,COL,1994,181.87984
Colombia,COL,1995,206.55577
Colombia,COL,1996,237.24223
Colombia,COL,1997,262.74472
Colombia,COL,1998,269.31696
Colombia,COL,1999,262.84103
Colombia,COL,2000,306.88058
Colombia,COL,2001,352.37653
Colombia,COL,2002,316.85098
Colombia,COL,2003,401.46042
Colombia,COL,2004,432.4318
Colombia,COL,2005,478.87476
Colombia,COL,2006,528.8039
Colombia,COL,2007,558.44556
Colombia,COL,2008,587.2049
Colombia,COL,2009,581.6551
Colombia,COL,2010,593.97986
Colombia,COL,2011,685.4781
Colombia,COL,2012,711.21136
Colombia,COL,2013,683.0242
Colombia,COL,2014,707.6454
Colombia,COL,2015,692.6424
Colombia,COL,2016,730.9894
Colombia,COL,2017,733.3861
Colombia,COL,2018,702.2291
Colombia,COL,2019,707.02246
Colombia,COL,2020,453.77264
Colombia,COL,2021,508.89645
Colombia,COL,2022,535.334
Colombia,COL,2023,553.3347
Colombia,COL,2024,459.49573
Colombia,COL,2025,383.04053
Comoros,COM,1980,0
Comoros,COM,1981,0
Comoros,COM,1982,0
Comoros,COM,1983,0
Comoros,COM,1984,0
Comoros,COM,1985,0
Comoros,COM,1986,0
Comoros,COM,1987,0
Comoros,COM,1988,0
Comoros,COM,1989,0
Comoros,COM,1990,0
Comoros,COM,1991,0
Comoros,COM,1992,0
Comoros,COM,1993,0
Comoros,COM,1994,0
Comoros,COM,1995,0
Comoros,COM,1996,0
Comoros,COM,1997,0
Comoros,COM,1998,0
Comoros,COM,1999,0
Comoros,COM,2000,0
Comoros,COM,2001,0
Comoros,COM,2002,0
Comoros,COM,2003,0
Comoros,COM,2004,0
Comoros,COM,2005,0
Comoros,COM,2006,0
Comoros,COM,2007,0
Comoros,COM,2008,0
Comoros,COM,2009,0
Comoros,COM,2010,0
Comoros,COM,2011,0
Comoros,COM,2012,0
Comoros,COM,2013,0
Comoros,COM,2014,0
Comoros,COM,2015,0
Comoros,COM,2016,0
Comoros,COM,2017,0
Comoros,COM,2018,0
Comoros,COM,2019,0
Comoros,COM,2020,0
Comoros,COM,2021,0
Comoros,COM,2022,0
Comoros,COM,2023,0
Comoros,COM,2024,0
Congo,COG,1980,0
Congo,COG,1981,0
Congo,COG,1982,0
Congo,COG,1983,0
Congo,COG,1984,0
Congo,COG,1985,0
Congo,COG,1986,0
Congo,COG,1987,0
Congo,COG,1988,0
Congo,COG,1989,0
Congo,COG,1990,0
Congo,COG,1991,0
Congo,COG,1992,0
Congo,COG,1993,0
Congo,COG,1994,0
Congo,COG,1995,0
Congo,COG,1996,0
Congo,COG,1997,0
Congo,COG,1998,0
Congo,COG,1999,0
Congo,COG,2000,0
Congo,COG,2001,0
Congo,COG,2002,0
Congo,COG,2003,0
Congo,COG,2004,0
Congo,COG,2005,0
Congo,COG,2006,0
Congo,COG,2007,0
Congo,COG,2008,0
Congo,COG,2009,0
Congo,COG,2010,0
Congo,COG,2011,0
Congo,COG,2012,0
Congo,COG,2013,0
Congo,COG,2014,0
Congo,COG,2015,0
Congo,COG,2016,0
Congo,COG,2017,0
Congo,COG,2018,0
Congo,COG,2019,0
Congo,COG,2020,0
Congo,COG,2021,0
Congo,COG,2022,0
Congo,COG,2023,0
Congo,COG,2024,0
Cook Islands,COK,1980,0
Cook Islands,COK,1981,0
Cook Islands,COK,1982,0
Cook Islands,COK,1983,0
Cook Islands,COK,1984,0
Cook Islands,COK,1985,0
Cook Islands,COK,1986,0
Cook Islands,COK,1987,0
Cook Islands,COK,1988,0
Cook Islands,COK,1989,0
Cook Islands,COK,1990,0
Cook Islands,COK,1991,0
Cook Islands,COK,1992,0
Cook Islands,COK,1993,0
Cook Islands,COK,1994,0
Cook Islands,COK,1995,0
Cook Islands,COK,1996,0
Cook Islands,COK,1997,0
Cook Islands,COK,1998,0
Cook Islands,COK,1999,0
Cook Islands,COK,2000,0
Cook Islands,COK,2001,0
Cook Islands,COK,2002,0
Cook Islands,COK,2003,0
Cook Islands,COK,2004,0
Cook Islands,COK,2005,0
Cook Islands,COK,2006,0
Cook Islands,COK,2007,0
Cook Islands,COK,2008,0
Cook Islands,COK,2009,0
Cook Islands,COK,2010,0
Cook Islands,COK,2011,0
Cook Islands,COK,2012,0
Cook Islands,COK,2013,0
Cook Islands,COK,2014,0
Cook Islands,COK,2015,0
Cook Islands,COK,2016,0
Cook Islands,COK,2017,0
Cook Islands,COK,2018,0
Cook Islands,COK,2019,0
Cook Islands,COK,2020,0
Cook Islands,COK,2021,0
Cook Islands,COK,2022,0
Cook Islands,COK,2023,0
Cook Islands,COK,2024,0
Costa Rica,CRI,1980,0
Costa Rica,CRI,1981,0
Costa Rica,CRI,1982,0
Costa Rica,CRI,1983,0
Costa Rica,CRI,1984,0
Costa Rica,CRI,1985,0
Costa Rica,CRI,1986,0
Costa Rica,CRI,1987,0
Costa Rica,CRI,1988,0
Costa Rica,CRI,1989,0
Costa Rica,CRI,1990,0
Costa Rica,CRI,1991,0
Costa Rica,CRI,1992,0
Costa Rica,CRI,1993,0
Costa Rica,CRI,1994,0
Costa Rica,CRI,1995,0
Costa Rica,CRI,1996,0
Costa Rica,CRI,1997,0
Costa Rica,CRI,1998,0
Costa Rica,CRI,1999,0
Costa Rica,CRI,2000,0
Costa Rica,CRI,2001,0
Costa Rica,CRI,2002,0
Costa Rica,CRI,2003,0
Costa Rica,CRI,2004,0
Costa Rica,CRI,2005,0
Costa Rica,CRI,2006,0
Costa Rica,CRI,2007,0
Costa Rica,CRI,2008,0
Costa Rica,CRI,2009,0
Costa Rica,CRI,2010,0
Costa Rica,CRI,2011,0
Costa Rica,CRI,2012,0
Costa Rica,CRI,2013,0
Costa Rica,CRI,2014,0
Costa Rica,CRI,2015,0
Costa Rica,CRI,2016,0
Costa Rica,CRI,2017,0
Costa Rica,CRI,2018,0
Costa Rica,CRI,2019,0
Costa Rica,CRI,2020,0
Costa Rica,CRI,2021,0
Costa Rica,CRI,2022,0
Costa Rica,CRI,2023,0
Costa Rica,CRI,2024,0
Cote d'Ivoire,CIV,1980,0
Cote d'Ivoire,CIV,1981,0
Cote d'Ivoire,CIV,1982,0
Cote d'Ivoire,CIV,1983,0
Cote d'Ivoire,CIV,1984,0
Cote d'Ivoire,CIV,1985,0
Cote d'Ivoire,CIV,1986,0
Cote d'Ivoire,CIV,1987,0
Cote d'Ivoire,CIV,1988,0
Cote d'Ivoire,CIV,1989,0
Cote d'Ivoire,CIV,1990,0
Cote d'Ivoire,CIV,1991,0
Cote d'Ivoire,CIV,1992,0
Cote d'Ivoire,CIV,1993,0
Cote d'Ivoire,CIV,1994,0
Cote d'Ivoire,CIV,1995,0
Cote d'Ivoire,CIV,1996,0
Cote d'Ivoire,CIV,1997,0
Cote d'Ivoire,CIV,1998,0
Cote d'Ivoire,CIV,1999,0
Cote d'Ivoire,CIV,2000,0
Cote d'Ivoire,CIV,2001,0
Cote d'Ivoire,CIV,2002,0
Cote d'Ivoire,CIV,2003,0
Cote d'Ivoire,CIV,2004,0
Cote d'Ivoire,CIV,2005,0
Cote d'Ivoire,CIV,2006,0
Cote d'Ivoire,CIV,2007,0
Cote d'Ivoire,CIV,2008,0
Cote d'Ivoire,CIV,2009,0
Cote d'Ivoire,CIV,2010,0
Cote d'Ivoire,CIV,2011,0
Cote d'Ivoire,CIV,2012,0
Cote d'Ivoire,CIV,2013,0
Cote d'Ivoire,CIV,2014,0
Cote d'Ivoire,CIV,2015,0
Cote d'Ivoire,CIV,2016,0
Cote d'Ivoire,CIV,2017,0
Cote d'Ivoire,CIV,2018,0
Cote d'Ivoire,CIV,2019,0
Cote d'Ivoire,CIV,2020,0
Cote d'Ivoire,CIV,2021,0
Cote d'Ivoire,CIV,2022,0
Cote d'Ivoire,CIV,2023,0
Cote d'Ivoire,CIV,2024,0
Croatia,HRV,1992,0.8899989
Croatia,HRV,1993,0.8603323
Croatia,HRV,1994,0.7639157
Croatia,HRV,1995,0.6081659
Croatia,HRV,1996,0.48949942
Croatia,HRV,1997,0.36341625
Croatia,HRV,1998,0.37824956
Croatia,HRV,1999,0.111249864
Croatia,HRV,2000,0
Croatia,HRV,2001,0
Croatia,HRV,2002,0
Croatia,HRV,2003,0
Croatia,HRV,2004,0
Croatia,HRV,2005,0
Croatia,HRV,2006,0
Croatia,HRV,2007,0
Croatia,HRV,2008,0
Croatia,HRV,2009,0
Croatia,HRV,2010,0
Croatia,HRV,2011,0
Croatia,HRV,2012,0
Croatia,HRV,2013,0
Croatia,HRV,2014,0
Croatia,HRV,2015,0
Croatia,HRV,2016,0
Croatia,HRV,2017,0
Croatia,HRV,2018,0
Croatia,HRV,2019,0
Croatia,HRV,2020,0
Croatia,HRV,2021,0
Croatia,HRV,2022,0
Croatia,HRV,2023,0
Croatia,HRV,2024,0
Cuba,CUB,1980,0
Cuba,CUB,1981,0
Cuba,CUB,1982,0
Cuba,CUB,1983,0
Cuba,CUB,1984,0
Cuba,CUB,1985,0
Cuba,CUB,1986,0
Cuba,CUB,1987,0
Cuba,CUB,1988,0
Cuba,CUB,1989,0
Cuba,CUB,1990,0
Cuba,CUB,1991,0
Cuba,CUB,1992,0
Cuba,CUB,1993,0
Cuba,CUB,1994,0
Cuba,CUB,1995,0
Cuba,CUB,1996,0
Cuba,CUB,1997,0
Cuba,CUB,1998,0
Cuba,CUB,1999,0
Cuba,CUB,2000,0
Cuba,CUB,2001,0
Cuba,CUB,2002,0
Cuba,CUB,2003,0
Cuba,CUB,2004,0
Cuba,CUB,2005,0
Cuba,CUB,2006,0
Cuba,CUB,2007,0
Cuba,CUB,2008,0
Cuba,CUB,2009,0
Cuba,CUB,2010,0
Cuba,CUB,2011,0
Cuba,CUB,2012,0
Cuba,CUB,2013,0
Cuba,CUB,2014,0
Cuba,CUB,2015,0
Cuba,CUB,2016,0
Cuba,CUB,2017,0
Cuba,CUB,2018,0
Cuba,CUB,2019,0
Cuba,CUB,2020,0
Cuba,CUB,2021,0
Cuba,CUB,2022,0
Cuba,CUB,2023,0
Cuba,CUB,2024,0
Cyprus,CYP,1980,0
Cyprus,CYP,1981,0
Cyprus,CYP,1982,0
Cyprus,CYP,1983,0
Cyprus,CYP,1984,0
Cyprus,CYP,1985,0
Cyprus,CYP,1986,0
Cyprus,CYP,1987,0
Cyprus,CYP,1988,0
Cyprus,CYP,1989,0
Cyprus,CYP,1990,0
Cyprus,CYP,1991,0
Cyprus,CYP,1992,0
Cyprus,CYP,1993,0
Cyprus,CYP,1994,0
Cyprus,CYP,1995,0
Cyprus,CYP,1996,0
Cyprus,CYP,1997,0
Cyprus,CYP,1998,0
Cyprus,CYP,1999,0
Cyprus,CYP,2000,0
Cyprus,CYP,2001,0
Cyprus,CYP,2002,0
Cyprus,CYP,2003,0
Cyprus,CYP,2004,0
Cyprus,CYP,2005,0
Cyprus,CYP,2006,0
Cyprus,CYP,2007,0
Cyprus,CYP,2008,0
Cyprus,CYP,2009,0
Cyprus,CYP,2010,0
Cyprus,CYP,2011,0
Cyprus,CYP,2012,0
Cyprus,CYP,2013,0
Cyprus,CYP,2014,0
Cyprus,CYP,2015,0
Cyprus,CYP,2016,0
Cyprus,CYP,2017,0
Cyprus,CYP,2018,0
Cyprus,CYP,2019,0
Cyprus,CYP,2020,0
Cyprus,CYP,2021,0
Cyprus,CYP,2022,0
Cyprus,CYP,2023,0
Cyprus,CYP,2024,0
Czechia,CZE,1981,496.22098
Czechia,CZE,1982,501.44598
Czechia,CZE,1983,509.62076
Czechia,CZE,1984,517.12714
Czechia,CZE,1985,510.80017
Czechia,CZE,1986,509.7306
Czechia,CZE,1987,506.90396
Czechia,CZE,1988,494.7815
Czechia,CZE,1989,473.74078
Czechia,CZE,1990,422.0585
Czechia,CZE,1991,394.43753
Czechia,CZE,1992,365.37872
Czechia,CZE,1993,357.6968
Czechia,CZE,1994,326.8422
Czechia,CZE,1995,316.6454
Czechia,CZE,1996,320.43347
Czechia,CZE,1997,325.27686
Czechia,CZE,1998,303.55847
Czechia,CZE,1999,269.04248
Czechia,CZE,2000,291.31522
Czechia,CZE,2001,294.7865
Czechia,CZE,2002,282.084
Czechia,CZE,2003,283.60004
Czechia,CZE,2004,272.2294
Czechia,CZE,2005,274.1188
Czechia,CZE,2006,277.50995
Czechia,CZE,2007,276.84058
Czechia,CZE,2008,264.99173
Czechia,CZE,2009,242.52397
Czechia,CZE,2010,242.34268
Czechia,CZE,2011,244.40384
Czechia,CZE,2012,235.90388
Czechia,CZE,2013,206.7583
Czechia,CZE,2014,197.64938
Czechia,CZE,2015,196.75519
Czechia,CZE,2016,187.35568
Czechia,CZE,2017,177.73419
Czechia,CZE,2018,171.0091
Czechia,CZE,2019,156.24455
Czechia,CZE,2020,118.740425
Czechia,CZE,2021,122.445816
Czechia,CZE,2022,132.67432
Czechia,CZE,2023,113.92237
Czechia,CZE,2024,95.28993
Czechia,CZE,2025,96.88002
Czechoslovakia,OWID_CZS,1900,130.94717
Czechoslovakia,OWID_CZS,1901,66.61945
Czechoslovakia,OWID_CZS,1902,66.278
Czechoslovakia,OWID_CZS,1903,66.67696
Czechoslovakia,OWID_CZS,1904,65.900604
Czechoslovakia,OWID_CZS,1905,147.08688
Czechoslovakia,OWID_CZS,1906,72.84829
Czechoslovakia,OWID_CZS,1907,79.13823
Czechoslovakia,OWID_CZS,1908,80.77721
Czechoslovakia,OWID_CZS,1909,78.59909
Czechoslovakia,OWID_CZS,1910,161.59229
Czechoslovakia,OWID_CZS,1911,163.7223
Czechoslovakia,OWID_CZS,1912,174.30708
Czechoslovakia,OWID_CZS,1913,182.32
Czechoslovakia,OWID_CZS,1914,166.5186
Czechoslovakia,OWID_CZS,1915,166.60583
Czechoslovakia,OWID_CZS,1916,177.35619
Czechoslovakia,OWID_CZS,1917,166.74069
Czechoslovakia,OWID_CZS,1918,141.92714
Czechoslovakia,OWID_CZS,1919,133.51512
Czechoslovakia,OWID_CZS,1920,150.80623
Czechoslovakia,OWID_CZS,1921,160.22328
Czechoslovakia,OWID_CZS,1922,141.63058
Czechoslovakia,OWID_CZS,1923,144.2553
Czechoslovakia,OWID_CZS,1924,173.76346
Czechoslovakia,OWID_CZS,1925,156.15157
Czechoslovakia,OWID_CZS,1926,169.78261
Czechoslovakia,OWID_CZS,1927,173.95956
Czechoslovakia,OWID_CZS,1928,174.67392
Czechoslovakia,OWID_CZS,1929,195.8835
Czechoslovakia,OWID_CZS,1930,169.2874
Czechoslovakia,OWID_CZS,1931,155.49626
Czechoslovakia,OWID_CZS,1932,133.15843
Czechoslovakia,OWID_CZS,1933,127.32016
Czechoslovakia,OWID_CZS,1934,128.78893
Czechoslovakia,OWID_CZS,1935,130.1266
Czechoslovakia,OWID_CZS,1936,142.3238
Czechoslovakia,OWID_CZS,1937,180.54626
Czechoslovakia,OWID_CZS,1938,167.63904
Czechoslovakia,OWID_CZS,1939,200.35301
Czechoslovakia,OWID_CZS,1940,225.76607
Czechoslovakia,OWID_CZS,1941,227.06354
Czechoslovakia,OWID_CZS,1942,244.93948
Czechoslovakia,OWID_CZS,1943,270.18762
Czechoslovakia,OWID_CZS,1944,257.971
Czechoslovakia,OWID_CZS,1945,136.60011
Czechoslovakia,OWID_CZS,1946,168.38826
Czechoslovakia,OWID_CZS,1947,193.049
Czechoslovakia,OWID_CZS,1948,208.09729
Czechoslovakia,OWID_CZS,1949,213.4838
Czechoslovakia,OWID_CZS,1950,227.18837
Czechoslovakia,OWID_CZS,1951,231.7397
Czechoslovakia,OWID_CZS,1952,255.17607
Czechoslovakia,OWID_CZS,1953,259.09473
Czechoslovakia,OWID_CZS,1954,279.87143
Czechoslovakia,OWID_CZS,1955,289.904
Czechoslovakia,OWID_CZS,1956,329.07794
Czechoslovakia,OWID_CZS,1957,340.00778
Czechoslovakia,OWID_CZS,1958,370.57782
Czechoslovakia,OWID_CZS,1959,367.5923
Czechoslovakia,OWID_CZS,1960,392.05896
Czechoslovakia,OWID_CZS,1961,416.9913
Czechoslovakia,OWID_CZS,1962,438.37634
Czechoslovakia,OWID_CZS,1963,459.27374
Czechoslovakia,OWID_CZS,1964,467.7006
Czechoslovakia,OWID_CZS,1965,455.84122
Czechoslovakia,OWID_CZS,1966,452.09894
Czechoslovakia,OWID_CZS,1967,436.77826
Czechoslovakia,OWID_CZS,1968,449.30524
Czechoslovakia,OWID_CZS,1969,474.2702
Czechoslovakia,OWID_CZS,1970,490.16293
Czechoslovakia,OWID_CZS,1971,505.52182
Czechoslovakia,OWID_CZS,1972,501.46704
Czechoslovakia,OWID_CZS,1973,487.05563
Czechoslovakia,OWID_CZS,1974,491.4755
Czechoslovakia,OWID_CZS,1975,507.30505
Czechoslovakia,OWID_CZS,1976,520.02905
Czechoslovakia,OWID_CZS,1977,532.12695
Czechoslovakia,OWID_CZS,1978,543.5632
Czechoslovakia,OWID_CZS,1979,546.2397
Czechoslovakia,OWID_CZS,1980,579.66754
Czechoslovakia,OWID_CZS,1981,569.113
Czechoslovakia,OWID_CZS,1982,579.2532
Czechoslovakia,OWID_CZS,1983,597.87616
Czechoslovakia,OWID_CZS,1984,610.8866
Czechoslovakia,OWID_CZS,1985,597.8295
Czechoslovakia,OWID_CZS,1986,595.86487
Czechoslovakia,OWID_CZS,1987,594.8406
Czechoslovakia,OWID_CZS,1988,584.16034
Czechoslovakia,OWID_CZS,1989,556.9382
Czechoslovakia,OWID_CZS,1990,494.0665
Czechoslovakia,OWID_CZS,1991,466.98874
Czechoslovakia,OWID_CZS,1992,419.3047
Democratic Republic of Congo,COD,1900,0
Democratic Republic of Congo,COD,1901,0
Democratic Republic of Congo,COD,1902,0
Democratic Republic of Congo,COD,1903,0
Democratic Republic of Congo,COD,1904,0
Democratic Republic of Congo,COD,1905,0
Democratic Republic of Congo,COD,1906,0
Democratic Republic of Congo,COD,1907,0
Democratic Republic of Congo,COD,1908,0
Democratic Republic of Congo,COD,1909,0
Democratic Republic of Congo,COD,1910,0
Democratic Republic of Congo,COD,1911,0
Democratic Republic of Congo,COD,1912,0
Democratic Republic of Congo,COD,1913,0
Democratic Republic of Congo,COD,1914,0
Democratic Republic of Congo,COD,1915,0
Democratic Republic of Congo,COD,1916,0
Democratic Republic of Congo,COD,1917,0
Democratic Republic of Congo,COD,1918,0
Democratic Republic of Congo,COD,1919,0
Democratic Republic of Congo,COD,1920,0.016282
Democratic Republic of Congo,COD,1921,0.024423
Democratic Republic of Congo,COD,1922,0.24423
Democratic Republic of Congo,COD,1923,0.49660102
Democratic Republic of Congo,COD,1924,0.65942097
Democratic Republic of Congo,COD,1925,0.52916497
Democratic Republic of Congo,COD,1926,0.73269004
Democratic Republic of Congo,COD,1927,0.708267
Democratic Republic of Congo,COD,1928,0.797818
Democratic Republic of Congo,COD,1929,0.846664
Democratic Republic of Congo,COD,1930,1.090894
Democratic Republic of Congo,COD,1931,0.700126
Democratic Republic of Congo,COD,1932,0.13839701
Democratic Republic of Congo,COD,1933,0
Democratic Republic of Congo,COD,1934,0.040705003
Democratic Republic of Congo,COD,1935,0.089551
Democratic Republic of Congo,COD,1936,0.113974005
Democratic Republic of Congo,COD,1937,0.293076
Democratic Republic of Congo,COD,1938,0.34192201
Democratic Republic of Congo,COD,1939,0.219807
Democratic Republic of Congo,COD,1940,0.195384
Democratic Republic of Congo,COD,1941,0.252371
Democratic Republic of Congo,COD,1942,0.34192201
Democratic Republic of Congo,COD,1943,0.56987
Democratic Republic of Congo,COD,1944,0.398909
Democratic Republic of Congo,COD,1945,0.40705
Democratic Republic of Congo,COD,1946,0.830382
Democratic Republic of Congo,COD,1947,0.830382
Democratic Republic of Congo,COD,1948,0.952497
Democratic Republic of Congo,COD,1949,1.237432
Democratic Republic of Congo,COD,1950,1.3025601
Democratic Republic of Congo,COD,1951,1.7747381
Democratic Republic of Congo,COD,1952,2.059673
Democratic Republic of Congo,COD,1953,2.564415
Democratic Republic of Congo,COD,1954,3.085439
Democratic Republic of Congo,COD,1955,3.90768
Democratic Republic of Congo,COD,1956,3.41922
Democratic Republic of Congo,COD,1957,3.5250528
Democratic Republic of Congo,COD,1958,2.393454
Democratic Republic of Congo,COD,1959,2.1736472
Democratic Republic of Congo,COD,1960,1.326983
Democratic Republic of Congo,COD,1961,0.594293
Democratic Republic of Congo,COD,1962,0.618716
Democratic Republic of Congo,COD,1963,0.748972
Democratic Republic of Congo,COD,1964,0.8141
Democratic Republic of Congo,COD,1965,0.928074
Democratic Republic of Congo,COD,1966,0.91993296
Democratic Republic of Congo,COD,1967,1.082753
Democratic Republic of Congo,COD,1968,0.578011
Democratic Republic of Congo,COD,1969,0.52916497
Democratic Republic of Congo,COD,1970,0.830382
Democratic Republic of Congo,COD,1971,0.91179204
Democratic Republic of Congo,COD,1972,1.042048
Democratic Republic of Congo,COD,1973,0.936215
Democratic Republic of Congo,COD,1974,0.716408
Democratic Republic of Congo,COD,1975,0.781536
Democratic Republic of Congo,COD,1976,0.88736904
Democratic Republic of Congo,COD,1977,1.042048
Democratic Republic of Congo,COD,1978,0.871087
Democratic Republic of Congo,COD,1979,0.8141
Democratic Republic of Congo,COD,1980,1.0410597
Democratic Republic of Congo,COD,1981,1.0561159
Democratic Republic of Congo,COD,1982,0.9278654
Democratic Republic of Congo,COD,1983,0.8524481
Democratic Republic of Congo,COD,1984,0.9128093
Democratic Republic of Congo,COD,1985,0.82000905
Democratic Republic of Congo,COD,1986,0.8977532
Democratic Republic of Congo,COD,1987,0.9203373
Democratic Republic of Congo,COD,1988,0.92789364
Democratic Republic of Congo,COD,1989,0.9429813
Democratic Republic of Congo,COD,1990,0.95052516
Democratic Republic of Congo,COD,1991,0
Democratic Republic of Congo,COD,1992,0
Democratic Republic of Congo,COD,1993,0
Democratic Republic of Congo,COD,1994,0
Democratic Republic of Congo,COD,1995,0
Democratic Republic of Congo,COD,1996,0
Democratic Republic of Congo,COD,1997,0
Democratic Republic of Congo,COD,1998,0
Democratic Republic of Congo,COD,1999,0
Democratic Republic of Congo,COD,2000,0
Democratic Republic of Congo,COD,2001,0
Democratic Republic of Congo,COD,2002,0
Democratic Republic of Congo,COD,2003,0
Democratic Republic of Congo,COD,2004,0
Democratic Republic of Congo,COD,2005,0
Democratic Republic of Congo,COD,2006,0
Democratic Republic of Congo,COD,2007,0
Democratic Republic of Congo,COD,2008,0
Democratic Republic of Congo,COD,2009,0
Democratic Republic of Congo,COD,2010,0
Democratic Republic of Congo,COD,2011,0
Democratic Republic of Congo,COD,2012,0
Democratic Republic of Congo,COD,2013,0
Democratic Republic of Congo,COD,2014,0
Democratic Republic of Congo,COD,2015,0
Democratic Republic of Congo,COD,2016,0
Democratic Republic of Congo,COD,2017,0
Democratic Republic of Congo,COD,2018,0
Democratic Republic of Congo,COD,2019,0
Democratic Republic of Congo,COD,2020,0
Democratic Republic of Congo,COD,2021,0
Democratic Republic of Congo,COD,2022,0
Democratic Republic of Congo,COD,2023,0
Democratic Republic of Congo,COD,2024,0
Denmark,DNK,1900,0
Denmark,DNK,1901,0
Denmark,DNK,1902,0
Denmark,DNK,1903,0
Denmark,DNK,1904,0
Denmark,DNK,1905,0
Denmark,DNK,1906,0
Denmark,DNK,1907,0
Denmark,DNK,1908,0
Denmark,DNK,1909,0
Denmark,DNK,1910,0
Denmark,DNK,1911,0
Denmark,DNK,1912,0
Denmark,DNK,1913,0
Denmark,DNK,1914,0
Denmark,DNK,1915,0
Denmark,DNK,1916,0
Denmark,DNK,1917,0
Denmark,DNK,1918,0
Denmark,DNK,1919,0
Denmark,DNK,1920,0
Denmark,DNK,1921,0
Denmark,DNK,1922,0
Denmark,DNK,1923,0
Denmark,DNK,1924,0
Denmark,DNK,1925,0
Denmark,DNK,1926,0
Denmark,DNK,1927,0
Denmark,DNK,1928,0
Denmark,DNK,1929,0
Denmark,DNK,1930,0
Denmark,DNK,1931,0
Denmark,DNK,1932,0
Denmark,DNK,1933,0
Denmark,DNK,1934,0
Denmark,DNK,1935,0
Denmark,DNK,1936,0
Denmark,DNK,1937,0
Denmark,DNK,1938,0
Denmark,DNK,1939,0
Denmark,DNK,1940,0.5795578
Denmark,DNK,1941,2.564415
Denmark,DNK,1942,4.615947
Denmark,DNK,1943,6.667479
Denmark,DNK,1944,5.641713
Denmark,DNK,1945,5.8981543
Denmark,DNK,1946,5.8981543
Denmark,DNK,1947,7.1803617
Denmark,DNK,1948,6.1545963
Denmark,DNK,1949,4.103064
Denmark,DNK,1950,1.9745995
Denmark,DNK,1951,4.0569043
Denmark,DNK,1952,4.1056285
Denmark,DNK,1953,2.0464032
Denmark,DNK,1954,1.7412379
Denmark,DNK,1955,2.0540965
Denmark,DNK,1956,3.5799234
Denmark,DNK,1957,6.5649023
Denmark,DNK,1958,6.2699947
Denmark,DNK,1959,6.8905835
Denmark,DNK,1960,6.854681
Denmark,DNK,1961,6.395651
Denmark,DNK,1962,6.5546446
Denmark,DNK,1963,6.4418106
Denmark,DNK,1964,5.628891
Denmark,DNK,1965,5.4596395
Denmark,DNK,1966,5.0826707
Denmark,DNK,1967,3.3388681
Denmark,DNK,1968,1.9489553
Denmark,DNK,1969,1.1052629
Denmark,DNK,1970,0.34619603
Denmark,DNK,1971,0
Denmark,DNK,1972,0
Denmark,DNK,1973,0
Denmark,DNK,1974,0
Denmark,DNK,1975,0
Denmark,DNK,1976,0
Denmark,DNK,1977,0
Denmark,DNK,1978,0
Denmark,DNK,1979,0
Denmark,DNK,1980,0
Denmark,DNK,1981,0
Denmark,DNK,1982,0
Denmark,DNK,1983,0
Denmark,DNK,1984,0
Denmark,DNK,1985,0
Denmark,DNK,1986,0
Denmark,DNK,1987,0
Denmark,DNK,1988,0
Denmark,DNK,1989,0
Denmark,DNK,1990,0
Denmark,DNK,1991,0
Denmark,DNK,1992,0
Denmark,DNK,1993,0
Denmark,DNK,1994,0
Denmark,DNK,1995,0
Denmark,DNK,1996,0
Denmark,DNK,1997,0
Denmark,DNK,1998,0
Denmark,DNK,1999,0
Denmark,DNK,2000,0
Denmark,DNK,2001,0
Denmark,DNK,2002,0
Denmark,DNK,2003,0
Denmark,DNK,2004,0
Denmark,DNK,2005,0
Denmark,DNK,2006,0
Denmark,DNK,2007,0
Denmark,DNK,2008,0
Denmark,DNK,2009,0
Denmark,DNK,2010,0
Denmark,DNK,2011,0
Denmark,DNK,2012,0
Denmark,DNK,2013,0
Denmark,DNK,2014,0
Denmark,DNK,2015,0
Denmark,DNK,2016,0
Denmark,DNK,2017,0
Denmark,DNK,2018,0
Denmark,DNK,2019,0
Denmark,DNK,2020,0
Denmark,DNK,2021,0
Denmark,DNK,2022,0
Denmark,DNK,2023,0
Denmark,DNK,2024,0
Djibouti,DJI,1980,0
Djibouti,DJI,1981,0
Djibouti,DJI,1982,0
Djibouti,DJI,1983,0
Djibouti,DJI,1984,0
Djibouti,DJI,1985,0
Djibouti,DJI,1986,0
Djibouti,DJI,1987,0
Djibouti,DJI,1988,0
Djibouti,DJI,1989,0
Djibouti,DJI,1990,0
Djibouti,DJI,1991,0
Djibouti,DJI,1992,0
Djibouti,DJI,1993,0
Djibouti,DJI,1994,0
Djibouti,DJI,1995,0
Djibouti,DJI,1996,0
Djibouti,DJI,1997,0
Djibouti,DJI,1998,0
Djibouti,DJI,1999,0
Djibouti,DJI,2000,0
Djibouti,DJI,2001,0
Djibouti,DJI,2002,0
Djibouti,DJI,2003,0
Djibouti,DJI,2004,0
Djibouti,DJI,2005,0
Djibouti,DJI,2006,0
Djibouti,DJI,2007,0
Djibouti,DJI,2008,0
Djibouti,DJI,2009,0
Djibouti,DJI,2010,0
Djibouti,DJI,2011,0
Djibouti,DJI,2012,0
Djibouti,DJI,2013,0
Djibouti,DJI,2014,0
Djibouti,DJI,2015,0
Djibouti,DJI,2016,0
Djibouti,DJI,2017,0
Djibouti,DJI,2018,0
Djibouti,DJI,2019,0
Djibouti,DJI,2020,0
Djibouti,DJI,2021,0
Djibouti,DJI,2022,0
Djibouti,DJI,2023,0
Djibouti,DJI,2024,0
Dominica,DMA,1980,0
Dominica,DMA,1981,0
Dominica,DMA,1982,0
Dominica,DMA,1983,0
Dominica,DMA,1984,0
Dominica,DMA,1985,0
Dominica,DMA,1986,0
Dominica,DMA,1987,0
Dominica,DMA,1988,0
Dominica,DMA,1989,0
Dominica,DMA,1990,0
Dominica,DMA,1991,0
Dominica,DMA,1992,0
Dominica,DMA,1993,0
Dominica,DMA,1994,0
Dominica,DMA,1995,0
Dominica,DMA,1996,0
Dominica,DMA,1997,0
Dominica,DMA,1998,0
Dominica,DMA,1999,0
Dominica,DMA,2000,0
Dominica,DMA,2001,0
Dominica,DMA,2002,0
Dominica,DMA,2003,0
Dominica,DMA,2004,0
Dominica,DMA,2005,0
Dominica,DMA,2006,0
Dominica,DMA,2007,0
Dominica,DMA,2008,0
Dominica,DMA,2009,0
Dominica,DMA,2010,0
Dominica,DMA,2011,0
Dominica,DMA,2012,0
Dominica,DMA,2013,0
Dominica,DMA,2014,0
Dominica,DMA,2015,0
Dominica,DMA,2016,0
Dominica,DMA,2017,0
Dominica,DMA,2018,0
Dominica,DMA,2019,0
Dominica,DMA,2020,0
Dominica,DMA,2021,0
Dominica,DMA,2022,0
Dominica,DMA,2023,0
Dominica,DMA,2024,0
Dominican Republic,DOM,1980,0
Dominican Republic,DOM,1981,0
Dominican Republic,DOM,1982,0
Dominican Republic,DOM,1983,0
Dominican Republic,DOM,1984,0
Dominican Republic,DOM,1985,0
Dominican Republic,DOM,1986,0
Dominican Republic,DOM,1987,0
Dominican Republic,DOM,1988,0
Dominican Republic,DOM,1989,0
Dominican Republic,DOM,1990,0
Dominican Republic,DOM,1991,0
Dominican Republic,DOM,1992,0
Dominican Republic,DOM,1993,0
Dominican Republic,DOM,1994,0
Dominican Republic,DOM,1995,0
Dominican Republic,DOM,1996,0
Dominican Republic,DOM,1997,0
Dominican Republic,DOM,1998,0
Dominican Republic,DOM,1999,0
Dominican Republic,DOM,2000,0
Dominican Republic,DOM,2001,0
Dominican Republic,DOM,2002,0
Dominican Republic,DOM,2003,0
Dominican Republic,DOM,2004,0
Dominican Republic,DOM,2005,0
Dominican Republic,DOM,2006,0
Dominican Republic,DOM,2007,0
Dominican Republic,DOM,2008,0
Dominican Republic,DOM,2009,0
Dominican Republic,DOM,2010,0
Dominican Republic,DOM,2011,0
Dominican Republic,DOM,2012,0
Dominican Republic,DOM,2013,0
Dominican Republic,DOM,2014,0
Dominican Republic,DOM,2015,0
Dominican Republic,DOM,2016,0
Dominican Republic,DOM,2017,0
Dominican Republic,DOM,2018,0
Dominican Republic,DOM,2019,0
Dominican Republic,DOM,2020,0
Dominican Republic,DOM,2021,0
Dominican Republic,DOM,2022,0
Dominican Republic,DOM,2023,0
Dominican Republic,DOM,2024,0
East Germany,OWID_GDR,1980,1384.9225
East Germany,OWID_GDR,1981,1411.4971
East Germany,OWID_GDR,1982,1429.1315
East Germany,OWID_GDR,1983,1395.0234
East Germany,OWID_GDR,1984,1423.4907
East Germany,OWID_GDR,1985,1465.2084
East Germany,OWID_GDR,1986,1440.0071
East Germany,OWID_GDR,1987,1397.8716
East Germany,OWID_GDR,1988,1386.9543
East Germany,OWID_GDR,1989,1359.1948
East Germany,OWID_GDR,1990,1222.6289
East Timor,TLS,2003,0
East Timor,TLS,2004,0
East Timor,TLS,2005,0
East Timor,TLS,2006,0
East Timor,TLS,2007,0
East Timor,TLS,2008,0
East Timor,TLS,2009,0
East Timor,TLS,2010,0
East Timor,TLS,2011,0
East Timor,TLS,2012,0
East Timor,TLS,2013,0
East Timor,TLS,2014,0
East Timor,TLS,2015,0
East Timor,TLS,2016,0
East Timor,TLS,2017,0
East Timor,TLS,2018,0
East Timor,TLS,2019,0
East Timor,TLS,2020,0
East Timor,TLS,2021,0
East Timor,TLS,2022,0
East Timor,TLS,2023,0
East Timor,TLS,2024,0
Ecuador,ECU,1980,0
Ecuador,ECU,1981,0
Ecuador,ECU,1982,0
Ecuador,ECU,1983,0
Ecuador,ECU,1984,0
Ecuador,ECU,1985,0
Ecuador,ECU,1986,0
Ecuador,ECU,1987,0
Ecuador,ECU,1988,0
Ecuador,ECU,1989,0
Ecuador,ECU,1990,0
Ecuador,ECU,1991,0
Ecuador,ECU,1992,0
Ecuador,ECU,1993,0
Ecuador,ECU,1994,0
Ecuador,ECU,1995,0
Ecuador,ECU,1996,0
Ecuador,ECU,1997,0
Ecuador,ECU,1998,0
Ecuador,ECU,1999,0
Ecuador,ECU,2000,0
Ecuador,ECU,2001,0
Ecuador,ECU,2002,0
Ecuador,ECU,2003,0
Ecuador,ECU,2004,0
Ecuador,ECU,2005,0
Ecuador,ECU,2006,0
Ecuador,ECU,2007,0
Ecuador,ECU,2008,0
Ecuador,ECU,2009,0
Ecuador,ECU,2010,0
Ecuador,ECU,2011,0
Ecuador,ECU,2012,0
Ecuador,ECU,2013,0
Ecuador,ECU,2014,0
Ecuador,ECU,2015,0
Ecuador,ECU,2016,0
Ecuador,ECU,2017,0
Ecuador,ECU,2018,0
Ecuador,ECU,2019,0
Ecuador,ECU,2020,0
Ecuador,ECU,2021,0
Ecuador,ECU,2022,0
Ecuador,ECU,2023,0
Ecuador,ECU,2024,0
Egypt,EGY,1980,0
Egypt,EGY,1981,0
Egypt,EGY,1982,0
Egypt,EGY,1983,0
Egypt,EGY,1984,0
Egypt,EGY,1985,0
Egypt,EGY,1986,0
Egypt,EGY,1987,0
Egypt,EGY,1988,0
Egypt,EGY,1989,0
Egypt,EGY,1990,0
Egypt,EGY,1991,0
Egypt,EGY,1992,0
Egypt,EGY,1993,0
Egypt,EGY,1994,0
Egypt,EGY,1995,0
Egypt,EGY,1996,0
Egypt,EGY,1997,0
Egypt,EGY,1998,0
Egypt,EGY,1999,0.23833305
Egypt,EGY,2000,0.354444
Egypt,EGY,2001,0.30759224
Egypt,EGY,2002,0.2607404
Egypt,EGY,2003,0.2312034
Egypt,EGY,2004,0.20166643
Egypt,EGY,2005,0.20567262
Egypt,EGY,2006,0.18853241
Egypt,EGY,2007,0.1713922
Egypt,EGY,2008,0.15425201
Egypt,EGY,2009,0.19990988
Egypt,EGY,2010,0.23222195
Egypt,EGY,2011,0.22131714
Egypt,EGY,2012,0.12833318
Egypt,EGY,2013,0.019356122
Egypt,EGY,2014,0
Egypt,EGY,2015,0
Egypt,EGY,2016,0
Egypt,EGY,2017,0
Egypt,EGY,2018,0
Egypt,EGY,2019,0
Egypt,EGY,2020,0
Egypt,EGY,2021,0
Egypt,EGY,2022,0
Egypt,EGY,2023,0
Egypt,EGY,2024,0
El Salvador,SLV,1980,0
El Salvador,SLV,1981,0
El Salvador,SLV,1982,0
El Salvador,SLV,1983,0
El Salvador,SLV,1984,0
El Salvador,SLV,1985,0
El Salvador,SLV,1986,0
El Salvador,SLV,1987,0
El Salvador,SLV,1988,0
El Salvador,SLV,1989,0
El Salvador,SLV,1990,0
El Salvador,SLV,1991,0
El Salvador,SLV,1992,0
El Salvador,SLV,1993,0
El Salvador,SLV,1994,0
El Salvador,SLV,1995,0
El Salvador,SLV,1996,0
El Salvador,SLV,1997,0
El Salvador,SLV,1998,0
El Salvador,SLV,1999,0
El Salvador,SLV,2000,0
El Salvador,SLV,2001,0
El Salvador,SLV,2002,0
El Salvador,SLV,2003,0
El Salvador,SLV,2004,0
El Salvador,SLV,2005,0
El Salvador,SLV,2006,0
El Salvador,SLV,2007,0
El Salvador,SLV,2008,0
El Salvador,SLV,2009,0
El Salvador,SLV,2010,0
El Salvador,SLV,2011,0
El Salvador,SLV,2012,0
El Salvador,SLV,2013,0
El Salvador,SLV,2014,0
El Salvador,SLV,2015,0
El Salvador,SLV,2016,0
El Salvador,SLV,2017,0
El Salvador,SLV,2018,0
El Salvador,SLV,2019,0
El Salvador,SLV,2020,0
El Salvador,SLV,2021,0
El Salvador,SLV,2022,0
El Salvador,SLV,2023,0
El Salvador,SLV,2024,0
Equatorial Guinea,GNQ,1980,0
Equatorial Guinea,GNQ,1981,0
Equatorial Guinea,GNQ,1982,0
Equatorial Guinea,GNQ,1983,0
Equatorial Guinea,GNQ,1984,0
Equatorial Guinea,GNQ,1985,0
Equatorial Guinea,GNQ,1986,0
Equatorial Guinea,GNQ,1987,0
Equatorial Guinea,GNQ,1988,0
Equatorial Guinea,GNQ,1989,0
Equatorial Guinea,GNQ,1990,0
Equatorial Guinea,GNQ,1991,0
Equatorial Guinea,GNQ,1992,0
Equatorial Guinea,GNQ,1993,0
Equatorial Guinea,GNQ,1994,0
Equatorial Guinea,GNQ,1995,0
Equatorial Guinea,GNQ,1996,0
Equatorial Guinea,GNQ,1997,0
Equatorial Guinea,GNQ,1998,0
Equatorial Guinea,GNQ,1999,0
Equatorial Guinea,GNQ,2000,0
Equatorial Guinea,GNQ,2001,0
Equatorial Guinea,GNQ,2002,0
Equatorial Guinea,GNQ,2003,0
Equatorial Guinea,GNQ,2004,0
Equatorial Guinea,GNQ,2005,0
Equatorial Guinea,GNQ,2006,0
Equatorial Guinea,GNQ,2007,0
Equatorial Guinea,GNQ,2008,0
Equatorial Guinea,GNQ,2009,0
Equatorial Guinea,GNQ,2010,0
Equatorial Guinea,GNQ,2011,0
Equatorial Guinea,GNQ,2012,0
Equatorial Guinea,GNQ,2013,0
Equatorial Guinea,GNQ,2014,0
Equatorial Guinea,GNQ,2015,0
Equatorial Guinea,GNQ,2016,0
Equatorial Guinea,GNQ,2017,0
Equatorial Guinea,GNQ,2018,0
Equatorial Guinea,GNQ,2019,0
Equatorial Guinea,GNQ,2020,0
Equatorial Guinea,GNQ,2021,0
Equatorial Guinea,GNQ,2022,0
Equatorial Guinea,GNQ,2023,0
Equatorial Guinea,GNQ,2024,0
Eritrea,ERI,1994,0
Eritrea,ERI,1995,0
Eritrea,ERI,1996,0
Eritrea,ERI,1997,0
Eritrea,ERI,1998,0
Eritrea,ERI,1999,0
Eritrea,ERI,2000,0
Eritrea,ERI,2001,0
Eritrea,ERI,2002,0
Eritrea,ERI,2003,0
Eritrea,ERI,2004,0
Eritrea,ERI,2005,0
Eritrea,ERI,2006,0
Eritrea,ERI,2007,0
Eritrea,ERI,2008,0
Eritrea,ERI,2009,0
Eritrea,ERI,2010,0
Eritrea,ERI,2011,0
Eritrea,ERI,2012,0
Eritrea,ERI,2013,0
Eritrea,ERI,2014,0
Eritrea,ERI,2015,0
Eritrea,ERI,2016,0
Eritrea,ERI,2017,0
Eritrea,ERI,2018,0
Eritrea,ERI,2019,0
Eritrea,ERI,2020,0
Eritrea,ERI,2021,0
Eritrea,ERI,2022,0
Eritrea,ERI,2023,0
Eritrea,ERI,2024,0
Estonia,EST,1992,0
Estonia,EST,1993,0
Estonia,EST,1994,0
Estonia,EST,1995,0
Estonia,EST,1996,0
Estonia,EST,1997,0
Estonia,EST,1998,0
Estonia,EST,1999,0
Estonia,EST,2000,0
Estonia,EST,2001,0
Estonia,EST,2002,0
Estonia,EST,2003,0
Estonia,EST,2004,0
Estonia,EST,2005,0
Estonia,EST,2006,0
Estonia,EST,2007,0
Estonia,EST,2008,0
Estonia,EST,2009,0
Estonia,EST,2010,0
Estonia,EST,2011,0
Estonia,EST,2012,0
Estonia,EST,2013,0
Estonia,EST,2014,0
Estonia,EST,2015,0
Estonia,EST,2016,0
Estonia,EST,2017,0
Estonia,EST,2018,0
Estonia,EST,2019,0
Estonia,EST,2020,0
Estonia,EST,2021,0
Estonia,EST,2022,0
Estonia,EST,2023,0
Estonia,EST,2024,0
Eswatini,SWZ,1900,0
Eswatini,SWZ,1901,0
Eswatini,SWZ,1902,0
Eswatini,SWZ,1903,0
Eswatini,SWZ,1904,0
Eswatini,SWZ,1905,0
Eswatini,SWZ,1906,0
Eswatini,SWZ,1907,0
Eswatini,SWZ,1908,0
Eswatini,SWZ,1909,0
Eswatini,SWZ,1910,0
Eswatini,SWZ,1911,0
Eswatini,SWZ,1912,0
Eswatini,SWZ,1913,0
Eswatini,SWZ,1914,0
Eswatini,SWZ,1915,0
Eswatini,SWZ,1916,0
Eswatini,SWZ,1917,0
Eswatini,SWZ,1918,0
Eswatini,SWZ,1919,0
Eswatini,SWZ,1920,0
Eswatini,SWZ,1921,0
Eswatini,SWZ,1922,0
Eswatini,SWZ,1923,0
Eswatini,SWZ,1924,0
Eswatini,SWZ,1925,0
Eswatini,SWZ,1926,0
Eswatini,SWZ,1927,0
Eswatini,SWZ,1928,0
Eswatini,SWZ,1929,0
Eswatini,SWZ,1930,0
Eswatini,SWZ,1931,0
Eswatini,SWZ,1932,0
Eswatini,SWZ,1933,0
Eswatini,SWZ,1934,0
Eswatini,SWZ,1935,0
Eswatini,SWZ,1936,0
Eswatini,SWZ,1937,0
Eswatini,SWZ,1938,0
Eswatini,SWZ,1939,0
Eswatini,SWZ,1940,0
Eswatini,SWZ,1941,0
Eswatini,SWZ,1942,0
Eswatini,SWZ,1943,0
Eswatini,SWZ,1944,0
Eswatini,SWZ,1945,0
Eswatini,SWZ,1946,0
Eswatini,SWZ,1947,0
Eswatini,SWZ,1948,0
Eswatini,SWZ,1949,0
Eswatini,SWZ,1950,0
Eswatini,SWZ,1951,0
Eswatini,SWZ,1952,0
Eswatini,SWZ,1953,0
Eswatini,SWZ,1954,0
Eswatini,SWZ,1955,0
Eswatini,SWZ,1956,0
Eswatini,SWZ,1957,0
Eswatini,SWZ,1958,0
Eswatini,SWZ,1959,0.008141
Eswatini,SWZ,1960,0.097692
Eswatini,SWZ,1961,0.008141
Eswatini,SWZ,1962,0
Eswatini,SWZ,1963,0
Eswatini,SWZ,1964,0.032564
Eswatini,SWZ,1965,0.24423
Eswatini,SWZ,1966,0.545447
Eswatini,SWZ,1967,0.634998
Eswatini,SWZ,1968,0.724549
Eswatini,SWZ,1969,0.846664
Eswatini,SWZ,1970,1.001343
Eswatini,SWZ,1971,1.2048681
Eswatini,SWZ,1972,1.025766
Eswatini,SWZ,1973,1.156022
Eswatini,SWZ,1974,1.13974
Eswatini,SWZ,1975,1.033907
Eswatini,SWZ,1976,1.025766
Eswatini,SWZ,1977,1.050189
Eswatini,SWZ,1978,1.351406
Eswatini,SWZ,1979,1.3676881
Eswatini,SWZ,1980,1.2143487
Eswatini,SWZ,1981,1.1315521
Eswatini,SWZ,1982,0.91766113
Eswatini,SWZ,1983,0.7037702
Eswatini,SWZ,1984,0.8624635
Eswatini,SWZ,1985,1.1453515
Eswatini,SWZ,1986,1.1867497
Eswatini,SWZ,1987,1.1384518
Eswatini,SWZ,1988,1.0073574
Eswatini,SWZ,1989,1.0556546
Eswatini,SWZ,1990,1.1039519
Eswatini,SWZ,1991,0.84866303
Eswatini,SWZ,1992,0.6830702
Eswatini,SWZ,1993,0.38638318
Eswatini,SWZ,1994,1.2005477
Eswatini,SWZ,1995,1.1867483
Eswatini,SWZ,1996,0.8900612
Eswatini,SWZ,1997,1.4465169
Eswatini,SWZ,1998,2.3540428
Eswatini,SWZ,1999,2.4879644
Eswatini,SWZ,2000,2.6218858
Eswatini,SWZ,2001,2.1734052
Eswatini,SWZ,2002,2.9254725
Eswatini,SWZ,2003,3.0956466
Eswatini,SWZ,2004,3.3692198
Eswatini,SWZ,2005,3.1117647
Eswatini,SWZ,2006,3.0634665
Eswatini,SWZ,2007,3.1876612
Eswatini,SWZ,2008,3.1048648
Eswatini,SWZ,2009,2.0476153
Eswatini,SWZ,2010,0.9903659
Eswatini,SWZ,2011,0.96595794
Eswatini,SWZ,2012,1.0336791
Eswatini,SWZ,2013,0.87626183
Eswatini,SWZ,2014,0.9152451
Eswatini,SWZ,2015,0.8909994
Eswatini,SWZ,2016,1.0929123
Eswatini,SWZ,2017,1.1902331
Eswatini,SWZ,2018,0.8900612
Eswatini,SWZ,2019,0.758277
Eswatini,SWZ,2020,0.7458591
Eswatini,SWZ,2021,0.7982676
Eswatini,SWZ,2022,1.5989565
Eswatini,SWZ,2023,1.8777124
Eswatini,SWZ,2024,2.6259673
Ethiopia,ETH,1980,0
Ethiopia,ETH,1981,0
Ethiopia,ETH,1982,0
Ethiopia,ETH,1983,0
Ethiopia,ETH,1984,0
Ethiopia,ETH,1985,0
Ethiopia,ETH,1986,0
Ethiopia,ETH,1987,0
Ethiopia,ETH,1988,0
Ethiopia,ETH,1989,0
Ethiopia,ETH,1990,0
Ethiopia,ETH,1991,0
Ethiopia,ETH,1992,0
Ethiopia,ETH,1993,0
Ethiopia,ETH,1994,0
Ethiopia,ETH,1995,0
Ethiopia,ETH,1996,0
Ethiopia,ETH,1997,0
Ethiopia,ETH,1998,0
Ethiopia,ETH,1999,0
Ethiopia,ETH,2000,0
Ethiopia,ETH,2001,0
Ethiopia,ETH,2002,0
Ethiopia,ETH,2003,0
Ethiopia,ETH,2004,0
Ethiopia,ETH,2005,0
Ethiopia,ETH,2006,0
Ethiopia,ETH,2007,0
Ethiopia,ETH,2008,0
Ethiopia,ETH,2009,0
Ethiopia,ETH,2010,0
Ethiopia,ETH,2011,0
Ethiopia,ETH,2012,0
Ethiopia,ETH,2013,0
Ethiopia,ETH,2014,0
Ethiopia,ETH,2015,0
Ethiopia,ETH,2016,0
Ethiopia,ETH,2017,0
Ethiopia,ETH,2018,0
Ethiopia,ETH,2019,0
Ethiopia,ETH,2020,0
Ethiopia,ETH,2021,0
Ethiopia,ETH,2022,0.05733327
Ethiopia,ETH,2023,3.2655523
Ethiopia,ETH,2024,7.692621
Europe,OWID_EUR,1981,9185.581
Europe,OWID_EUR,1982,9452.504
Europe,OWID_EUR,1983,9373.403
Europe,OWID_EUR,1984,8879.375
Europe,OWID_EUR,1985,8563.076
Europe,OWID_EUR,1986,8753.919
Europe,OWID_EUR,1987,8659.7295
Europe,OWID_EUR,1988,8660.382
Europe,OWID_EUR,1989,8298.3545
Europe,OWID_EUR,1990,7741.939
Europe,OWID_EUR,1991,7048.305
Europe,OWID_EUR,1992,6678.213
Europe,OWID_EUR,1993,6049.1323
Europe,OWID_EUR,1994,5450.521
Europe,OWID_EUR,1995,5334.813
Europe,OWID_EUR,1996,5080.8022
Europe,OWID_EUR,1997,5019.489
Europe,OWID_EUR,1998,4605.9297
Europe,OWID_EUR,1999,4575.3604
Europe,OWID_EUR,2000,4508.885
Europe,OWID_EUR,2001,4567.657
Europe,OWID_EUR,2002,4482.035
Europe,OWID_EUR,2003,4579.5234
Europe,OWID_EUR,2004,4531.669
Europe,OWID_EUR,2005,4440.2573
Europe,OWID_EUR,2006,4472.398
Europe,OWID_EUR,2007,4426.835
Europe,OWID_EUR,2008,4399.186
Europe,OWID_EUR,2009,4148.3066
Europe,OWID_EUR,2010,4232.071
Europe,OWID_EUR,2011,4399.5464
Europe,OWID_EUR,2012,4539.48
Europe,OWID_EUR,2013,4458.116
Europe,OWID_EUR,2014,4244.431
Europe,OWID_EUR,2015,4206.487
Europe,OWID_EUR,2016,4182.5244
Europe,OWID_EUR,2017,4239.2705
Europe,OWID_EUR,2018,4335.699
Europe,OWID_EUR,2019,4128.0728
Europe,OWID_EUR,2020,3671.9878
Europe,OWID_EUR,2021,3958.6387
Europe,OWID_EUR,2022,3987.2112
Europe,OWID_EUR,2023,3729.8225
Europe,OWID_EUR,2024,3588.5566
Europe,OWID_EUR,2025,3532.9465
Europe (EI),,1981,5238.3667
Europe (EI),,1982,5477.7856
Europe (EI),,1983,5407.0225
Europe (EI),,1984,4968.0938
Europe (EI),,1985,6525.848
Europe (EI),,1986,6651.0654
Europe (EI),,1987,6548.6294
Europe (EI),,1988,6463.7847
Europe (EI),,1989,6209.8857
Europe (EI),,1990,5720.1987
Europe (EI),,1991,5191.6963
Europe (EI),,1992,4916.071
Europe (EI),,1993,4467.136
Europe (EI),,1994,4063.8418
Europe (EI),,1995,4024.9175
Europe (EI),,1996,3818.6638
Europe (EI),,1997,3823.093
Europe (EI),,1998,3502.183
Europe (EI),,1999,3359.73
Europe (EI),,2000,3240.845
Europe (EI),,2001,3216.617
Europe (EI),,2002,3188.6665
Europe (EI),,2003,3163.7678
Europe (EI),,2004,3059.337
Europe (EI),,2005,2993.7646
Europe (EI),,2006,2985.8516
Europe (EI),,2007,2930.0188
Europe (EI),,2008,2860.6997
Europe (EI),,2009,2702.1392
Europe (EI),,2010,2680.5938
Europe (EI),,2011,2774.824
Europe (EI),,2012,2780.2915
Europe (EI),,2013,2624.5457
Europe (EI),,2014,2380.712
Europe (EI),,2015,2188.1501
Europe (EI),,2016,2106.4512
Europe (EI),,2017,2021.2716
Europe (EI),,2018,1965.3575
Europe (EI),,2019,1766.2448
Europe (EI),,2020,1518.3508
Europe (EI),,2021,1602.8009
Europe (EI),,2022,1623.4979
Europe (EI),,2023,1354.3481
Europe (EI),,2024,1248.8671
Europe (EI),,2025,1167.4691
European Union (27),OWID_EU27,1980,4681.654
European Union (27),OWID_EU27,1981,4110.3745
European Union (27),OWID_EU27,1982,4352.656
European Union (27),OWID_EU27,1983,4299.36
European Union (27),OWID_EU27,1984,4325.908
European Union (27),OWID_EU27,1985,4449.041
European Union (27),OWID_EU27,1986,4432.538
European Union (27),OWID_EU27,1987,4359.9985
European Union (27),OWID_EU27,1988,4302.674
European Union (27),OWID_EU27,1989,4119.9116
European Union (27),OWID_EU27,1990,3725.3977
European Union (27),OWID_EU27,1991,3362.7454
European Union (27),OWID_EU27,1992,3197.9827
European Union (27),OWID_EU27,1993,3005.7256
European Union (27),OWID_EU27,1994,2883.963
European Union (27),OWID_EU27,1995,2880.8528
European Union (27),OWID_EU27,1996,2812.401
European Union (27),OWID_EU27,1997,2779.8555
European Union (27),OWID_EU27,1998,2481.939
European Union (27),OWID_EU27,1999,2385.5344
European Union (27),OWID_EU27,2000,2297.782
European Union (27),OWID_EU27,2001,2265.3838
European Union (27),OWID_EU27,2002,2255.8274
European Union (27),OWID_EU27,2003,2248.7666
European Union (27),OWID_EU27,2004,2183.8396
European Union (27),OWID_EU27,2005,2152.8328
European Union (27),OWID_EU27,2006,2113.7695
European Union (27),OWID_EU27,2007,2051.062
European Union (27),OWID_EU27,2008,1945.0383
European Union (27),OWID_EU27,2009,1817.2467
European Union (27),OWID_EU27,2010,1799.9937
European Union (27),OWID_EU27,2011,1827.8954
European Union (27),OWID_EU27,2012,1831.7051
European Union (27),OWID_EU27,2013,1727.2512
European Union (27),OWID_EU27,2014,1658.2555
European Union (27),OWID_EU27,2015,1616.1904
European Union (27),OWID_EU27,2016,1519.0339
European Union (27),OWID_EU27,2017,1505.8618
European Union (27),OWID_EU27,2018,1432.2089
European Union (27),OWID_EU27,2019,1226.5939
European Union (27),OWID_EU27,2020,1019.6346
European Union (27),OWID_EU27,2021,1100.7244
European Union (27),OWID_EU27,2022,1123.109
European Union (27),OWID_EU27,2023,920.73615
European Union (27),OWID_EU27,2024,821.77423
European Union (27),OWID_EU27,2025,787.47906
Falkland Islands,FLK,1980,0
Falkland Islands,FLK,1981,0
Falkland Islands,FLK,1982,0
Falkland Islands,FLK,1983,0
Falkland Islands,FLK,1984,0
Falkland Islands,FLK,1985,0
Falkland Islands,FLK,1986,0
Falkland Islands,FLK,1987,0
Falkland Islands,FLK,1988,0
Falkland Islands,FLK,1989,0
Falkland Islands,FLK,1990,0
Falkland Islands,FLK,1991,0
Falkland Islands,FLK,1992,0
Falkland Islands,FLK,1993,0
Falkland Islands,FLK,1994,0
Falkland Islands,FLK,1995,0
Falkland Islands,FLK,1996,0
Falkland Islands,FLK,1997,0
Falkland Islands,FLK,1998,0
Falkland Islands,FLK,1999,0
Falkland Islands,FLK,2000,0
Falkland Islands,FLK,2001,0
Falkland Islands,FLK,2002,0
Falkland Islands,FLK,2003,0
Falkland Islands,FLK,2004,0
Falkland Islands,FLK,2005,0
Falkland Islands,FLK,2006,0
Falkland Islands,FLK,2007,0
Falkland Islands,FLK,2008,0
Falkland Islands,FLK,2009,0
Falkland Islands,FLK,2010,0
Falkland Islands,FLK,2011,0
Falkland Islands,FLK,2012,0
Falkland Islands,FLK,2013,0
Falkland Islands,FLK,2014,0
Falkland Islands,FLK,2015,0
Falkland Islands,FLK,2016,0
Falkland Islands,FLK,2017,0
Falkland Islands,FLK,2018,0
Falkland Islands,FLK,2019,0
Falkland Islands,FLK,2020,0
Falkland Islands,FLK,2021,0
Falkland Islands,FLK,2022,0
Falkland Islands,FLK,2023,0
Falkland Islands,FLK,2024,0
Faroe Islands,FRO,1980,0
Faroe Islands,FRO,1981,0
Faroe Islands,FRO,1982,0
Faroe Islands,FRO,1983,0
Faroe Islands,FRO,1984,0
Faroe Islands,FRO,1985,0
Faroe Islands,FRO,1986,0
Faroe Islands,FRO,1987,0
Faroe Islands,FRO,1988,0
Faroe Islands,FRO,1989,0
Faroe Islands,FRO,1990,0
Faroe Islands,FRO,1991,0
Faroe Islands,FRO,1992,0
Faroe Islands,FRO,1993,0
Faroe Islands,FRO,1994,0
Faroe Islands,FRO,1995,0
Faroe Islands,FRO,1996,0
Faroe Islands,FRO,1997,0
Faroe Islands,FRO,1998,0
Faroe Islands,FRO,1999,0
Faroe Islands,FRO,2000,0
Faroe Islands,FRO,2001,0
Faroe Islands,FRO,2002,0
Faroe Islands,FRO,2003,0
Faroe Islands,FRO,2004,0
Faroe Islands,FRO,2005,0
Faroe Islands,FRO,2006,0
Faroe Islands,FRO,2007,0
Faroe Islands,FRO,2008,0
Faroe Islands,FRO,2009,0
Faroe Islands,FRO,2010,0
Faroe Islands,FRO,2011,0
Faroe Islands,FRO,2012,0
Faroe Islands,FRO,2013,0
Faroe Islands,FRO,2014,0
Faroe Islands,FRO,2015,0
Faroe Islands,FRO,2016,0
Faroe Islands,FRO,2017,0
Faroe Islands,FRO,2018,0
Faroe Islands,FRO,2019,0
Faroe Islands,FRO,2020,0
Faroe Islands,FRO,2021,0
Faroe Islands,FRO,2022,0
Faroe Islands,FRO,2023,0
Faroe Islands,FRO,2024,0
Fiji,FJI,1980,0
Fiji,FJI,1981,0
Fiji,FJI,1982,0
Fiji,FJI,1983,0
Fiji,FJI,1984,0
Fiji,FJI,1985,0
Fiji,FJI,1986,0
Fiji,FJI,1987,0
Fiji,FJI,1988,0
Fiji,FJI,1989,0
Fiji,FJI,1990,0
Fiji,FJI,1991,0
Fiji,FJI,1992,0
Fiji,FJI,1993,0
Fiji,FJI,1994,0
Fiji,FJI,1995,0
Fiji,FJI,1996,0
Fiji,FJI,1997,0
Fiji,FJI,1998,0
Fiji,FJI,1999,0
Fiji,FJI,2000,0
Fiji,FJI,2001,0
Fiji,FJI,2002,0
Fiji,FJI,2003,0
Fiji,FJI,2004,0
Fiji,FJI,2005,0
Fiji,FJI,2006,0
Fiji,FJI,2007,0
Fiji,FJI,2008,0
Fiji,FJI,2009,0
Fiji,FJI,2010,0
Fiji,FJI,2011,0
Fiji,FJI,2012,0
Fiji,FJI,2013,0
Fiji,FJI,2014,0
Fiji,FJI,2015,0
Fiji,FJI,2016,0
Fiji,FJI,2017,0
Fiji,FJI,2018,0
Fiji,FJI,2019,0
Fiji,FJI,2020,0
Fiji,FJI,2021,0
Fiji,FJI,2022,0
Fiji,FJI,2023,0
Fiji,FJI,2024,0
Finland,FIN,1980,0
Finland,FIN,1981,0
Finland,FIN,1982,0
Finland,FIN,1983,0
Finland,FIN,1984,0
Finland,FIN,1985,0
Finland,FIN,1986,0
Finland,FIN,1987,0
Finland,FIN,1988,0
Finland,FIN,1989,0
Finland,FIN,1990,0
Finland,FIN,1991,0
Finland,FIN,1992,0
Finland,FIN,1993,0
Finland,FIN,1994,0
Finland,FIN,1995,0
Finland,FIN,1996,0
Finland,FIN,1997,0
Finland,FIN,1998,0
Finland,FIN,1999,0
Finland,FIN,2000,0
Finland,FIN,2001,0
Finland,FIN,2002,0
Finland,FIN,2003,0
Finland,FIN,2004,0
Finland,FIN,2005,0
Finland,FIN,2006,0
Finland,FIN,2007,0
Finland,FIN,2008,0
Finland,FIN,2009,0
Finland,FIN,2010,0
Finland,FIN,2011,0
Finland,FIN,2012,0
Finland,FIN,2013,0
Finland,FIN,2014,0
Finland,FIN,2015,0
Finland,FIN,2016,0
Finland,FIN,2017,0
Finland,FIN,2018,0
Finland,FIN,2019,0
Finland,FIN,2020,0
Finland,FIN,2021,0
Finland,FIN,2022,0
Finland,FIN,2023,0
Finland,FIN,2024,0
France,FRA,1900,269.72598
France,FRA,1901,260.91254
France,FRA,1902,242.14754
France,FRA,1903,281.9261
France,FRA,1904,275.99292
France,FRA,1905,290.1729
France,FRA,1906,275.98315
France,FRA,1907,296.72318
France,FRA,1908,301.90247
France,FRA,1909,305.69455
France,FRA,1910,309.87903
France,FRA,1911,317.06265
France,FRA,1912,332.5159
France,FRA,1913,329.92868
France,FRA,1914,221.86015
France,FRA,1915,156.80542
France,FRA,1916,170.9838
France,FRA,1917,231.6261
France,FRA,1918,209.48259
France,FRA,1919,179.77771
France,FRA,1920,202.4976
France,FRA,1921,233.32433
France,FRA,1922,257.2898
France,FRA,1923,311.02853
France,FRA,1924,363.05768
France,FRA,1925,388.2671
France,FRA,1926,423.56485
France,FRA,1927,426.9238
France,FRA,1928,423.40363
France,FRA,1929,443.66983
France,FRA,1930,444.44647
France,FRA,1931,412.1821
France,FRA,1932,381.59796
France,FRA,1933,387.04593
France,FRA,1934,392.7788
France,FRA,1935,380.63733
France,FRA,1936,372.79916
France,FRA,1937,365.9982
France,FRA,1938,383.757
France,FRA,1939,405.4886
France,FRA,1940,327.5092
France,FRA,1941,350.50098
France,FRA,1942,350.41467
France,FRA,1943,337.7587
France,FRA,1944,212.0128
France,FRA,1945,279.5245
France,FRA,1946,394.31262
France,FRA,1947,378.4409
France,FRA,1948,361.40503
France,FRA,1949,425.82315
France,FRA,1950,422.14832
France,FRA,1951,441.02893
France,FRA,1952,460.44684
France,FRA,1953,437.63412
France,FRA,1954,452.2407
France,FRA,1955,460.5103
France,FRA,1956,459.80533
France,FRA,1957,473.57333
France,FRA,1958,481.2292
France,FRA,1959,479.59448
France,FRA,1960,466.69586
France,FRA,1961,440.44113
France,FRA,1962,440.33203
France,FRA,1963,400.8547
France,FRA,1964,442.7125
France,FRA,1965,431.1669
France,FRA,1966,422.32578
France,FRA,1967,402.027
France,FRA,1968,356.9275
France,FRA,1969,344.79578
France,FRA,1970,317.7025
France,FRA,1971,282.20938
France,FRA,1972,256.76877
France,FRA,1973,222.5782
France,FRA,1974,199.87294
France,FRA,1975,198.01028
France,FRA,1976,193.68906
France,FRA,1977,188.39088
France,FRA,1978,173.62474
France,FRA,1979,163.49081
France,FRA,1980,157.6229
France,FRA,1981,158.47086
France,FRA,1982,151.92958
France,FRA,1983,149.34111
France,FRA,1984,144.75195
France,FRA,1985,129.0762
France,FRA,1986,125.837746
France,FRA,1987,120.25243
France,FRA,1988,104.88029
France,FRA,1989,103.783485
France,FRA,1990,97.49238
France,FRA,1991,91.94255
France,FRA,1992,83.9825
France,FRA,1993,77.91095
France,FRA,1994,68.762436
France,FRA,1995,64.04143
France,FRA,1996,61.705658
France,FRA,1997,51.819138
France,FRA,1998,42.603657
France,FRA,1999,38.72487
France,FRA,2000,26.280365
France,FRA,2001,17.44279
France,FRA,2002,12.314299
France,FRA,2003,13.204673
France,FRA,2004,1.2583138
France,FRA,2005,0
France,FRA,2006,0
France,FRA,2007,0
France,FRA,2008,0
France,FRA,2009,0
France,FRA,2010,0
France,FRA,2011,0
France,FRA,2012,0
France,FRA,2013,0
France,FRA,2014,0
France,FRA,2015,0
France,FRA,2016,0
France,FRA,2017,0
France,FRA,2018,0
France,FRA,2019,0
France,FRA,2020,0
France,FRA,2021,0
France,FRA,2022,0
France,FRA,2023,0
France,FRA,2024,0
French Guiana,GUF,1980,0
French Guiana,GUF,1981,0
French Guiana,GUF,1982,0
French Guiana,GUF,1983,0
French Guiana,GUF,1984,0
French Guiana,GUF,1985,0
French Guiana,GUF,1986,0
French Guiana,GUF,1987,0
French Guiana,GUF,1988,0
French Guiana,GUF,1989,0
French Guiana,GUF,1990,0
French Guiana,GUF,1991,0
French Guiana,GUF,1992,0
French Guiana,GUF,1993,0
French Guiana,GUF,1994,0
French Guiana,GUF,1995,0
French Guiana,GUF,1996,0
French Guiana,GUF,1997,0
French Guiana,GUF,1998,0
French Guiana,GUF,1999,0
French Guiana,GUF,2000,0
French Guiana,GUF,2001,0
French Guiana,GUF,2002,0
French Guiana,GUF,2003,0
French Guiana,GUF,2004,0
French Guiana,GUF,2005,0
French Guiana,GUF,2006,0
French Guiana,GUF,2007,0
French Guiana,GUF,2008,0
French Guiana,GUF,2009,0
French Guiana,GUF,2010,0
French Guiana,GUF,2011,0
French Guiana,GUF,2012,0
French Guiana,GUF,2013,0
French Guiana,GUF,2014,0
French Guiana,GUF,2015,0
French Guiana,GUF,2016,0
French Guiana,GUF,2017,0
French Guiana,GUF,2018,0
French Guiana,GUF,2019,0
French Guiana,GUF,2020,0
French Guiana,GUF,2021,0
French Guiana,GUF,2022,0
French Guiana,GUF,2023,0
French Guiana,GUF,2024,0
French Polynesia,PYF,1980,0
French Polynesia,PYF,1981,0
French Polynesia,PYF,1982,0
French Polynesia,PYF,1983,0
French Polynesia,PYF,1984,0
French Polynesia,PYF,1985,0
French Polynesia,PYF,1986,0
French Polynesia,PYF,1987,0
French Polynesia,PYF,1988,0
French Polynesia,PYF,1989,0
French Polynesia,PYF,1990,0
French Polynesia,PYF,1991,0
French Polynesia,PYF,1992,0
French Polynesia,PYF,1993,0
French Polynesia,PYF,1994,0
French Polynesia,PYF,1995,0
French Polynesia,PYF,1996,0
French Polynesia,PYF,1997,0
French Polynesia,PYF,1998,0
French Polynesia,PYF,1999,0
French Polynesia,PYF,2000,0
French Polynesia,PYF,2001,0
French Polynesia,PYF,2002,0
French Polynesia,PYF,2003,0
French Polynesia,PYF,2004,0
French Polynesia,PYF,2005,0
French Polynesia,PYF,2006,0
French Polynesia,PYF,2007,0
French Polynesia,PYF,2008,0
French Polynesia,PYF,2009,0
French Polynesia,PYF,2010,0
French Polynesia,PYF,2011,0
French Polynesia,PYF,2012,0
French Polynesia,PYF,2013,0
French Polynesia,PYF,2014,0
French Polynesia,PYF,2015,0
French Polynesia,PYF,2016,0
French Polynesia,PYF,2017,0
French Polynesia,PYF,2018,0
French Polynesia,PYF,2019,0
French Polynesia,PYF,2020,0
French Polynesia,PYF,2021,0
French Polynesia,PYF,2022,0
French Polynesia,PYF,2023,0
French Polynesia,PYF,2024,0
Gabon,GAB,1980,0
Gabon,GAB,1981,0
Gabon,GAB,1982,0
Gabon,GAB,1983,0
Gabon,GAB,1984,0
Gabon,GAB,1985,0
Gabon,GAB,1986,0
Gabon,GAB,1987,0
Gabon,GAB,1988,0
Gabon,GAB,1989,0
Gabon,GAB,1990,0
Gabon,GAB,1991,0
Gabon,GAB,1992,0
Gabon,GAB,1993,0
Gabon,GAB,1994,0
Gabon,GAB,1995,0
Gabon,GAB,1996,0
Gabon,GAB,1997,0
Gabon,GAB,1998,0
Gabon,GAB,1999,0
Gabon,GAB,2000,0
Gabon,GAB,2001,0
Gabon,GAB,2002,0
Gabon,GAB,2003,0
Gabon,GAB,2004,0
Gabon,GAB,2005,0
Gabon,GAB,2006,0
Gabon,GAB,2007,0
Gabon,GAB,2008,0
Gabon,GAB,2009,0
Gabon,GAB,2010,0
Gabon,GAB,2011,0
Gabon,GAB,2012,0
Gabon,GAB,2013,0
Gabon,GAB,2014,0
Gabon,GAB,2015,0
Gabon,GAB,2016,0
Gabon,GAB,2017,0
Gabon,GAB,2018,0
Gabon,GAB,2019,0
Gabon,GAB,2020,0
Gabon,GAB,2021,0
Gabon,GAB,2022,0
Gabon,GAB,2023,0
Gabon,GAB,2024,0
Gambia,GMB,1980,0
Gambia,GMB,1981,0
Gambia,GMB,1982,0
Gambia,GMB,1983,0
Gambia,GMB,1984,0
Gambia,GMB,1985,0
Gambia,GMB,1986,0
Gambia,GMB,1987,0
Gambia,GMB,1988,0
Gambia,GMB,1989,0
Gambia,GMB,1990,0
Gambia,GMB,1991,0
Gambia,GMB,1992,0
Gambia,GMB,1993,0
Gambia,GMB,1994,0
Gambia,GMB,1995,0
Gambia,GMB,1996,0
Gambia,GMB,1997,0
Gambia,GMB,1998,0
Gambia,GMB,1999,0
Gambia,GMB,2000,0
Gambia,GMB,2001,0
Gambia,GMB,2002,0
Gambia,GMB,2003,0
Gambia,GMB,2004,0
Gambia,GMB,2005,0
Gambia,GMB,2006,0
Gambia,GMB,2007,0
Gambia,GMB,2008,0
Gambia,GMB,2009,0
Gambia,GMB,2010,0
Gambia,GMB,2011,0
Gambia,GMB,2012,0
Gambia,GMB,2013,0
Gambia,GMB,2014,0
Gambia,GMB,2015,0
Gambia,GMB,2016,0
Gambia,GMB,2017,0
Gambia,GMB,2018,0
Gambia,GMB,2019,0
Gambia,GMB,2020,0
Gambia,GMB,2021,0
Gambia,GMB,2022,0
Gambia,GMB,2023,0
Gambia,GMB,2024,0
Georgia,GEO,1992,0.7173676
Georgia,GEO,1993,0.763157
Georgia,GEO,1994,0.9361392
Georgia,GEO,1995,0.17298225
Georgia,GEO,1996,0.08140341
Georgia,GEO,1997,0.025438566
Georgia,GEO,1998,0.0763157
Georgia,GEO,1999,0.08140341
Georgia,GEO,2000,0.03561399
Georgia,GEO,2001,0.0050877132
Georgia,GEO,2002,0.03052628
Georgia,GEO,2003,0.040701706
Georgia,GEO,2004,0.040701706
Georgia,GEO,2005,0.025438566
Georgia,GEO,2006,0.04578942
Georgia,GEO,2007,0.07122798
Georgia,GEO,2008,0.055964846
Georgia,GEO,2009,0.7733324
Georgia,GEO,2010,0.5342099
Georgia,GEO,2011,0.7122798
Georgia,GEO,2012,1.2922791
Georgia,GEO,2013,2.0564537
Georgia,GEO,2014,1.5140011
Georgia,GEO,2015,1.5294982
Georgia,GEO,2016,1.4738287
Georgia,GEO,2017,1.3321623
Georgia,GEO,2018,0.6909349
Georgia,GEO,2019,0.07605254
Georgia,GEO,2020,0.4935959
Georgia,GEO,2021,0.8033137
Georgia,GEO,2022,1.2464719
Georgia,GEO,2023,0.6984159
Georgia,GEO,2024,0.839545
Germany,DEU,1900,647.41095
Germany,DEU,1901,653.5058
Germany,DEU,1902,644.8227
Germany,DEU,1903,697.369
Germany,DEU,1904,725.2563
Germany,DEU,1905,767.30994
Germany,DEU,1906,826.1351
Germany,DEU,1907,871.4566
Germany,DEU,1908,899.59155
Germany,DEU,1909,909.968
Germany,DEU,1910,923.5813
Germany,DEU,1911,971.21967
Germany,DEU,1912,1075.8499
Germany,DEU,1913,1167.7114
Germany,DEU,1914,1015.1325
Germany,DEU,1915,952.9805
Germany,DEU,1916,1029.9965
Germany,DEU,1917,1076.315
Germany,DEU,1918,1041.3015
Germany,DEU,1919,816.0847
Germany,DEU,1920,934.5697
Germany,DEU,1921,986.73663
Germany,DEU,1922,936.21466
Germany,DEU,1923,605.97516
Germany,DEU,1924,903.1022
Germany,DEU,1925,1009.8009
Germany,DEU,1926,1071.8354
Germany,DEU,1927,1140.0013
Germany,DEU,1928,1165.1257
Germany,DEU,1929,1250.0574
Germany,DEU,1930,1075.8081
Germany,DEU,1931,923.9233
Germany,DEU,1932,827.943
Germany,DEU,1933,862.997
Germany,DEU,1934,964.8579
Germany,DEU,1935,1079.9585
Germany,DEU,1936,1191.9135
Germany,DEU,1937,1380.9337
Germany,DEU,1938,1415.8331
Germany,DEU,1939,1399.549
Germany,DEU,1940,1423.261
Germany,DEU,1941,1445.9127
Germany,DEU,1942,1472.9379
Germany,DEU,1943,1500.0629
Germany,DEU,1944,1337.0035
Germany,DEU,1945,335.02963
Germany,DEU,1946,819.83826
Germany,DEU,1947,954.3815
Germany,DEU,1948,1112.9807
Germany,DEU,1949,1301.1158
Germany,DEU,1950,1389.4547
Germany,DEU,1951,1507.061
Germany,DEU,1952,1569.0897
Germany,DEU,1953,1613.14
Germany,DEU,1954,1669.967
Germany,DEU,1955,1743.6753
Germany,DEU,1956,1793.1765
Germany,DEU,1957,1809.2178
Germany,DEU,1958,1801.692
Germany,DEU,1959,1871.4434
Germany,DEU,1960,1907.4668
Germany,DEU,1961,1940.8274
Germany,DEU,1962,1961.7964
Germany,DEU,1963,1998.7456
Germany,DEU,1964,2014.4003
Germany,DEU,1965,1921.3152
Germany,DEU,1966,1836.1697
Germany,DEU,1967,1706.1151
Germany,DEU,1968,1727.8558
Germany,DEU,1969,1756.0779
Germany,DEU,1970,1771.7628
Germany,DEU,1971,1761.4868
Germany,DEU,1972,1672.1328
Germany,DEU,1973,1646.1097
Germany,DEU,1974,1637.155
Germany,DEU,1975,1652.6821
Germany,DEU,1976,1669.9165
Germany,DEU,1977,1626.112
Germany,DEU,1978,1616.6312
Germany,DEU,1979,1663.4852
Germany,DEU,1981,1731.1663
Germany,DEU,1982,1738.7163
Germany,DEU,1983,1642.8706
Germany,DEU,1984,1662.8279
Germany,DEU,1985,1728.6155
Germany,DEU,1986,1669.0494
Germany,DEU,1987,1616.0663
Germany,DEU,1988,1603.5989
Germany,DEU,1989,1530.1111
Germany,DEU,1990,1454.1819
Germany,DEU,1991,1234.5308
Germany,DEU,1992,1135.4911
Germany,DEU,1993,1021.6924
Germany,DEU,1994,941.4317
Germany,DEU,1995,919.34607
Germany,DEU,1996,860.474
Germany,DEU,1997,824.1913
Germany,DEU,1998,756.04755
Germany,DEU,1999,735.9455
Germany,DEU,2000,706.0867
Germany,DEU,2001,677.5281
Germany,DEU,2002,679.46185
Germany,DEU,2003,672.2004
Germany,DEU,2004,679.34467
Germany,DEU,2005,657.9308
Germany,DEU,2006,620.4535
Germany,DEU,2007,632.8359
Germany,DEU,2008,582.6158
Germany,DEU,2009,539.80273
Germany,DEU,2010,533.795
Germany,DEU,2011,543.4825
Germany,DEU,2012,555.5953
Germany,DEU,2013,524.7561
Germany,DEU,2014,513.27655
Germany,DEU,2015,497.90945
Germany,DEU,2016,460.97223
Germany,DEU,2017,458.4445
Germany,DEU,2018,439.40762
Germany,DEU,2019,330.5278
Germany,DEU,2020,271.94455
Germany,DEU,2021,320.33334
Germany,DEU,2022,331.344
Germany,DEU,2023,254.48016
Germany,DEU,2024,229.32445
Germany,DEU,2025,213.29419
Ghana,GHA,1980,0
Ghana,GHA,1981,0
Ghana,GHA,1982,0
Ghana,GHA,1983,0
Ghana,GHA,1984,0
Ghana,GHA,1985,0
Ghana,GHA,1986,0
Ghana,GHA,1987,0
Ghana,GHA,1988,0
Ghana,GHA,1989,0
Ghana,GHA,1990,0
Ghana,GHA,1991,0
Ghana,GHA,1992,0
Ghana,GHA,1993,0
Ghana,GHA,1994,0
Ghana,GHA,1995,0
Ghana,GHA,1996,0
Ghana,GHA,1997,0
Ghana,GHA,1998,0
Ghana,GHA,1999,0
Ghana,GHA,2000,0
Ghana,GHA,2001,0
Ghana,GHA,2002,0
Ghana,GHA,2003,0
Ghana,GHA,2004,0
Ghana,GHA,2005,0
Ghana,GHA,2006,0
Ghana,GHA,2007,0
Ghana,GHA,2008,0
Ghana,GHA,2009,0
Ghana,GHA,2010,0
Ghana,GHA,2011,0
Ghana,GHA,2012,0
Ghana,GHA,2013,0
Ghana,GHA,2014,0
Ghana,GHA,2015,0
Ghana,GHA,2016,0
Ghana,GHA,2017,0
Ghana,GHA,2018,0
Ghana,GHA,2019,0
Ghana,GHA,2020,0
Ghana,GHA,2021,0
Ghana,GHA,2022,0
Ghana,GHA,2023,0
Ghana,GHA,2024,0
Gibraltar,GIB,1980,0
Gibraltar,GIB,1981,0
Gibraltar,GIB,1982,0
Gibraltar,GIB,1983,0
Gibraltar,GIB,1984,0
Gibraltar,GIB,1985,0
Gibraltar,GIB,1986,0
Gibraltar,GIB,1987,0
Gibraltar,GIB,1988,0
Gibraltar,GIB,1989,0
Gibraltar,GIB,1990,0
Gibraltar,GIB,1991,0
Gibraltar,GIB,1992,0
Gibraltar,GIB,1993,0
Gibraltar,GIB,1994,0
Gibraltar,GIB,1995,0
Gibraltar,GIB,1996,0
Gibraltar,GIB,1997,0
Gibraltar,GIB,1998,0
Gibraltar,GIB,1999,0
Gibraltar,GIB,2000,0
Gibraltar,GIB,2001,0
Gibraltar,GIB,2002,0
Gibraltar,GIB,2003,0
Gibraltar,GIB,2004,0
Gibraltar,GIB,2005,0
Gibraltar,GIB,2006,0
Gibraltar,GIB,2007,0
Gibraltar,GIB,2008,0
Gibraltar,GIB,2009,0
Gibraltar,GIB,2010,0
Gibraltar,GIB,2011,0
Gibraltar,GIB,2012,0
Gibraltar,GIB,2013,0
Gibraltar,GIB,2014,0
Gibraltar,GIB,2015,0
Gibraltar,GIB,2016,0
Gibraltar,GIB,2017,0
Gibraltar,GIB,2018,0
Gibraltar,GIB,2019,0
Gibraltar,GIB,2020,0
Gibraltar,GIB,2021,0
Gibraltar,GIB,2022,0
Gibraltar,GIB,2023,0
Gibraltar,GIB,2024,0
Greece,GRC,1900,0.020743268
Greece,GRC,1901,0.020743268
Greece,GRC,1902,0.014360724
Greece,GRC,1903,0.015956359
Greece,GRC,1904,0.020743268
Greece,GRC,1905,0.01914763
Greece,GRC,1906,0.01914763
Greece,GRC,1907,0.01914763
Greece,GRC,1908,0.014360724
Greece,GRC,1909,0.006382544
Greece,GRC,1910,0.001595636
Greece,GRC,1911,0
Greece,GRC,1912,0
Greece,GRC,1913,0
Greece,GRC,1914,0.031912718
Greece,GRC,1915,0.063825436
Greece,GRC,1916,0.18668942
Greece,GRC,1917,0.25211048
Greece,GRC,1918,0.33987048
Greece,GRC,1919,0.2920014
Greece,GRC,1920,0.3143403
Greece,GRC,1921,0.26966247
Greece,GRC,1922,0.21062395
Greece,GRC,1923,0.18988068
Greece,GRC,1924,0.2090283
Greece,GRC,1925,0.22658032
Greece,GRC,1926,0.2441323
Greece,GRC,1927,0.22817595
Greece,GRC,1928,0.19307195
Greece,GRC,1929,0.25051484
Greece,GRC,1930,0.20743269
Greece,GRC,1931,0.16754179
Greece,GRC,1932,0.22019777
Greece,GRC,1933,0.15796795
Greece,GRC,1934,0.16115923
Greece,GRC,1935,0.14839415
Greece,GRC,1936,0.16913742
Greece,GRC,1937,0.2090283
Greece,GRC,1938,0.1723287
Greece,GRC,1939,0.22179341
Greece,GRC,1940,0.398909
Greece,GRC,1941,0.2872145
Greece,GRC,1942,0.5824072
Greece,GRC,1943,0.5903853
Greece,GRC,1944,0.30317083
Greece,GRC,1945,0.111694515
Greece,GRC,1946,0.1994545
Greece,GRC,1947,0.21062395
Greece,GRC,1948,0.1994545
Greece,GRC,1949,0.28083193
Greece,GRC,1950,0.26008865
Greece,GRC,1951,0.3063621
Greece,GRC,1952,0.40050462
Greece,GRC,1953,0.71005803
Greece,GRC,1954,1.1169453
Greece,GRC,1955,1.2477874
Greece,GRC,1956,1.2733175
Greece,GRC,1957,1.5924447
Greece,GRC,1958,1.9035938
Greece,GRC,1959,2.5673783
Greece,GRC,1960,4.0704675
Greece,GRC,1961,3.9954727
Greece,GRC,1962,4.300239
Greece,GRC,1963,5.6262126
Greece,GRC,1964,6.15756
Greece,GRC,1965,8.105831
Greece,GRC,1966,7.9271193
Greece,GRC,1967,8.496761
Greece,GRC,1968,9.139803
Greece,GRC,1969,10.746609
Greece,GRC,1970,12.538507
Greece,GRC,1971,17.438705
Greece,GRC,1972,18.48704
Greece,GRC,1973,21.081543
Greece,GRC,1974,22.512829
Greece,GRC,1975,28.917713
Greece,GRC,1976,35.58747
Greece,GRC,1977,37.61233
Greece,GRC,1978,34.8088
Greece,GRC,1979,37.690517
Greece,GRC,1980,35.434566
Greece,GRC,1981,40.44723
Greece,GRC,1982,42.382046
Greece,GRC,1983,46.24902
Greece,GRC,1984,50.27067
Greece,GRC,1985,56.265614
Greece,GRC,1986,58.799767
Greece,GRC,1987,69.42046
Greece,GRC,1988,73.115746
Greece,GRC,1989,82.81958
Greece,GRC,1990,82.788155
Greece,GRC,1991,80.28654
Greece,GRC,1992,81.35301
Greece,GRC,1993,83.306854
Greece,GRC,1994,85.6061
Greece,GRC,1995,87.34246
Greece,GRC,1996,83.6104
Greece,GRC,1997,89.62311
Greece,GRC,1998,94.50539
Greece,GRC,1999,93.4389
Greece,GRC,2000,95.6172
Greece,GRC,2001,97.59896
Greece,GRC,2002,99.809814
Greece,GRC,2003,95.086876
Greece,GRC,2004,99.39928
Greece,GRC,2005,99.29694
Greece,GRC,2006,95.02059
Greece,GRC,2007,97.56523
Greece,GRC,2008,94.54609
Greece,GRC,2009,95.08572
Greece,GRC,2010,85.078094
Greece,GRC,2011,87.28199
Greece,GRC,2012,93.55986
Greece,GRC,2013,78.25013
Greece,GRC,2014,74.248245
Greece,GRC,2015,66.00332
Greece,GRC,2016,46.20091
Greece,GRC,2017,53.11735
Greece,GRC,2018,49.715996
Greece,GRC,2019,35.90746
Greece,GRC,2020,18.960646
Greece,GRC,2021,16.737257
Greece,GRC,2022,19.2901
Greece,GRC,2023,15.25057
Greece,GRC,2024,9.481823
Greece,GRC,2025,7.9548974
Greenland,GRL,1900,0
Greenland,GRL,1901,0
Greenland,GRL,1902,0
Greenland,GRL,1903,0
Greenland,GRL,1904,0
Greenland,GRL,1905,0
Greenland,GRL,1906,0
Greenland,GRL,1907,0
Greenland,GRL,1908,0
Greenland,GRL,1909,0
Greenland,GRL,1910,0
Greenland,GRL,1911,0
Greenland,GRL,1912,0
Greenland,GRL,1913,0
Greenland,GRL,1914,0
Greenland,GRL,1915,0
Greenland,GRL,1916,0
Greenland,GRL,1917,0
Greenland,GRL,1918,0
Greenland,GRL,1919,0
Greenland,GRL,1920,0
Greenland,GRL,1921,0
Greenland,GRL,1922,0
Greenland,GRL,1923,0
Greenland,GRL,1924,0
Greenland,GRL,1925,0
Greenland,GRL,1926,0
Greenland,GRL,1927,0
Greenland,GRL,1928,0
Greenland,GRL,1929,0
Greenland,GRL,1930,0
Greenland,GRL,1931,0
Greenland,GRL,1932,0
Greenland,GRL,1933,0
Greenland,GRL,1934,0
Greenland,GRL,1935,0
Greenland,GRL,1936,0
Greenland,GRL,1937,0
Greenland,GRL,1938,0
Greenland,GRL,1939,0
Greenland,GRL,1940,0
Greenland,GRL,1941,0
Greenland,GRL,1942,0
Greenland,GRL,1943,0
Greenland,GRL,1944,0
Greenland,GRL,1945,0
Greenland,GRL,1946,0
Greenland,GRL,1947,0
Greenland,GRL,1948,0
Greenland,GRL,1949,0
Greenland,GRL,1950,0
Greenland,GRL,1951,0.040705003
Greenland,GRL,1952,0.048846
Greenland,GRL,1953,0.048846
Greenland,GRL,1954,0.105833
Greenland,GRL,1955,0.130256
Greenland,GRL,1956,0.130256
Greenland,GRL,1957,0.13839701
Greenland,GRL,1958,0.260512
Greenland,GRL,1959,0.219807
Greenland,GRL,1960,0.22794801
Greenland,GRL,1961,0.24423
Greenland,GRL,1962,0.211666
Greenland,GRL,1963,0.317499
Greenland,GRL,1964,0.27679402
Greenland,GRL,1965,0.16282001
Greenland,GRL,1966,0.27679402
Greenland,GRL,1967,0.260512
Greenland,GRL,1968,0
Greenland,GRL,1969,0
Greenland,GRL,1970,0.146538
Greenland,GRL,1971,0
Greenland,GRL,1972,0
Greenland,GRL,1973,0
Greenland,GRL,1974,0
Greenland,GRL,1975,0
Greenland,GRL,1976,0
Greenland,GRL,1977,0
Greenland,GRL,1978,0
Greenland,GRL,1979,0
Greenland,GRL,1980,0
Greenland,GRL,1981,0
Greenland,GRL,1982,0
Greenland,GRL,1983,0
Greenland,GRL,1984,0
Greenland,GRL,1985,0
Greenland,GRL,1986,0
Greenland,GRL,1987,0
Greenland,GRL,1988,0
Greenland,GRL,1989,0
Greenland,GRL,1990,0
Greenland,GRL,1991,0
Greenland,GRL,1992,0
Greenland,GRL,1993,0
Greenland,GRL,1994,0
Greenland,GRL,1995,0
Greenland,GRL,1996,0
Greenland,GRL,1997,0
Greenland,GRL,1998,0
Greenland,GRL,1999,0
Greenland,GRL,2000,0
Greenland,GRL,2001,0
Greenland,GRL,2002,0
Greenland,GRL,2003,0
Greenland,GRL,2004,0
Greenland,GRL,2005,0
Greenland,GRL,2006,0
Greenland,GRL,2007,0
Greenland,GRL,2008,0
Greenland,GRL,2009,0
Greenland,GRL,2010,0
Greenland,GRL,2011,0
Greenland,GRL,2012,0
Greenland,GRL,2013,0
Greenland,GRL,2014,0
Greenland,GRL,2015,0
Greenland,GRL,2016,0
Greenland,GRL,2017,0
Greenland,GRL,2018,0
Greenland,GRL,2019,0
Greenland,GRL,2020,0
Greenland,GRL,2021,0
Greenland,GRL,2022,0
Greenland,GRL,2023,0
Greenland,GRL,2024,0
Grenada,GRD,1980,0
Grenada,GRD,1981,0
Grenada,GRD,1982,0
Grenada,GRD,1983,0
Grenada,GRD,1984,0
Grenada,GRD,1985,0
Grenada,GRD,1986,0
Grenada,GRD,1987,0
Grenada,GRD,1988,0
Grenada,GRD,1989,0
Grenada,GRD,1990,0
Grenada,GRD,1991,0
Grenada,GRD,1992,0
Grenada,GRD,1993,0
Grenada,GRD,1994,0
Grenada,GRD,1995,0
Grenada,GRD,1996,0
Grenada,GRD,1997,0
Grenada,GRD,1998,0
Grenada,GRD,1999,0
Grenada,GRD,2000,0
Grenada,GRD,2001,0
Grenada,GRD,2002,0
Grenada,GRD,2003,0
Grenada,GRD,2004,0
Grenada,GRD,2005,0
Grenada,GRD,2006,0
Grenada,GRD,2007,0
Grenada,GRD,2008,0
Grenada,GRD,2009,0
Grenada,GRD,2010,0
Grenada,GRD,2011,0
Grenada,GRD,2012,0
Grenada,GRD,2013,0
Grenada,GRD,2014,0
Grenada,GRD,2015,0
Grenada,GRD,2016,0
Grenada,GRD,2017,0
Grenada,GRD,2018,0
Grenada,GRD,2019,0
Grenada,GRD,2020,0
Grenada,GRD,2021,0
Grenada,GRD,2022,0
Grenada,GRD,2023,0
Grenada,GRD,2024,0
Guadeloupe,GLP,1980,0
Guadeloupe,GLP,1981,0
Guadeloupe,GLP,1982,0
Guadeloupe,GLP,1983,0
Guadeloupe,GLP,1984,0
Guadeloupe,GLP,1985,0
Guadeloupe,GLP,1986,0
Guadeloupe,GLP,1987,0
Guadeloupe,GLP,1988,0
Guadeloupe,GLP,1989,0
Guadeloupe,GLP,1990,0
Guadeloupe,GLP,1991,0
Guadeloupe,GLP,1992,0
Guadeloupe,GLP,1993,0
Guadeloupe,GLP,1994,0
Guadeloupe,GLP,1995,0
Guadeloupe,GLP,1996,0
Guadeloupe,GLP,1997,0
Guadeloupe,GLP,1998,0
Guadeloupe,GLP,1999,0
Guadeloupe,GLP,2000,0
Guadeloupe,GLP,2001,0
Guadeloupe,GLP,2002,0
Guadeloupe,GLP,2003,0
Guadeloupe,GLP,2004,0
Guadeloupe,GLP,2005,0
Guadeloupe,GLP,2006,0
Guadeloupe,GLP,2007,0
Guadeloupe,GLP,2008,0
Guadeloupe,GLP,2009,0
Guadeloupe,GLP,2010,0
Guadeloupe,GLP,2011,0
Guadeloupe,GLP,2012,0
Guadeloupe,GLP,2013,0
Guadeloupe,GLP,2014,0
Guadeloupe,GLP,2015,0
Guadeloupe,GLP,2016,0
Guadeloupe,GLP,2017,0
Guadeloupe,GLP,2018,0
Guadeloupe,GLP,2019,0
Guadeloupe,GLP,2020,0
Guadeloupe,GLP,2021,0
Guadeloupe,GLP,2022,0
Guadeloupe,GLP,2023,0
Guadeloupe,GLP,2024,0
Guam,GUM,1980,0
Guam,GUM,1981,0
Guam,GUM,1982,0
Guam,GUM,1983,0
Guam,GUM,1984,0
Guam,GUM,1985,0
Guam,GUM,1986,0
Guam,GUM,1987,0
Guam,GUM,1988,0
Guam,GUM,1989,0
Guam,GUM,1990,0
Guam,GUM,1991,0
Guam,GUM,1992,0
Guam,GUM,1993,0
Guam,GUM,1994,0
Guam,GUM,1995,0
Guam,GUM,1996,0
Guam,GUM,1997,0
Guam,GUM,1998,0
Guam,GUM,1999,0
Guam,GUM,2000,0
Guam,GUM,2001,0
Guam,GUM,2002,0
Guam,GUM,2003,0
Guam,GUM,2004,0
Guam,GUM,2005,0
Guam,GUM,2006,0
Guam,GUM,2007,0
Guam,GUM,2008,0
Guam,GUM,2009,0
Guam,GUM,2010,0
Guam,GUM,2011,0
Guam,GUM,2012,0
Guam,GUM,2013,0
Guam,GUM,2014,0
Guam,GUM,2015,0
Guam,GUM,2016,0
Guam,GUM,2017,0
Guam,GUM,2018,0
Guam,GUM,2019,0
Guam,GUM,2020,0
Guam,GUM,2021,0
Guam,GUM,2022,0
Guam,GUM,2023,0
Guam,GUM,2024,0
Guatemala,GTM,1980,0
Guatemala,GTM,1981,0
Guatemala,GTM,1982,0
Guatemala,GTM,1983,0
Guatemala,GTM,1984,0
Guatemala,GTM,1985,0
Guatemala,GTM,1986,0
Guatemala,GTM,1987,0
Guatemala,GTM,1988,0
Guatemala,GTM,1989,0
Guatemala,GTM,1990,0
Guatemala,GTM,1991,0
Guatemala,GTM,1992,0
Guatemala,GTM,1993,0
Guatemala,GTM,1994,0
Guatemala,GTM,1995,0
Guatemala,GTM,1996,0
Guatemala,GTM,1997,0
Guatemala,GTM,1998,0
Guatemala,GTM,1999,0
Guatemala,GTM,2000,0
Guatemala,GTM,2001,0
Guatemala,GTM,2002,0
Guatemala,GTM,2003,0
Guatemala,GTM,2004,0
Guatemala,GTM,2005,0
Guatemala,GTM,2006,0
Guatemala,GTM,2007,0
Guatemala,GTM,2008,0
Guatemala,GTM,2009,0
Guatemala,GTM,2010,0
Guatemala,GTM,2011,0
Guatemala,GTM,2012,0
Guatemala,GTM,2013,0
Guatemala,GTM,2014,0
Guatemala,GTM,2015,0
Guatemala,GTM,2016,0
Guatemala,GTM,2017,0
Guatemala,GTM,2018,0
Guatemala,GTM,2019,0
Guatemala,GTM,2020,0
Guatemala,GTM,2021,0
Guatemala,GTM,2022,0
Guatemala,GTM,2023,0
Guatemala,GTM,2024,0
Guinea,GIN,1980,0
Guinea,GIN,1981,0
Guinea,GIN,1982,0
Guinea,GIN,1983,0
Guinea,GIN,1984,0
Guinea,GIN,1985,0
Guinea,GIN,1986,0
Guinea,GIN,1987,0
Guinea,GIN,1988,0
Guinea,GIN,1989,0
Guinea,GIN,1990,0
Guinea,GIN,1991,0
Guinea,GIN,1992,0
Guinea,GIN,1993,0
Guinea,GIN,1994,0
Guinea,GIN,1995,0
Guinea,GIN,1996,0
Guinea,GIN,1997,0
Guinea,GIN,1998,0
Guinea,GIN,1999,0
Guinea,GIN,2000,0
Guinea,GIN,2001,0
Guinea,GIN,2002,0
Guinea,GIN,2003,0
Guinea,GIN,2004,0
Guinea,GIN,2005,0
Guinea,GIN,2006,0
Guinea,GIN,2007,0
Guinea,GIN,2008,0
Guinea,GIN,2009,0
Guinea,GIN,2010,0
Guinea,GIN,2011,0
Guinea,GIN,2012,0
Guinea,GIN,2013,0
Guinea,GIN,2014,0
Guinea,GIN,2015,0
Guinea,GIN,2016,0
Guinea,GIN,2017,0
Guinea,GIN,2018,0
Guinea,GIN,2019,0
Guinea,GIN,2020,0
Guinea,GIN,2021,0
Guinea,GIN,2022,0
Guinea,GIN,2023,0
Guinea,GIN,2024,0
Guinea-Bissau,GNB,1980,0
Guinea-Bissau,GNB,1981,0
Guinea-Bissau,GNB,1982,0
Guinea-Bissau,GNB,1983,0
Guinea-Bissau,GNB,1984,0
Guinea-Bissau,GNB,1985,0
Guinea-Bissau,GNB,1986,0
Guinea-Bissau,GNB,1987,0
Guinea-Bissau,GNB,1988,0
Guinea-Bissau,GNB,1989,0
Guinea-Bissau,GNB,1990,0
Guinea-Bissau,GNB,1991,0
Guinea-Bissau,GNB,1992,0
Guinea-Bissau,GNB,1993,0
Guinea-Bissau,GNB,1994,0
Guinea-Bissau,GNB,1995,0
Guinea-Bissau,GNB,1996,0
Guinea-Bissau,GNB,1997,0
Guinea-Bissau,GNB,1998,0
Guinea-Bissau,GNB,1999,0
Guinea-Bissau,GNB,2000,0
Guinea-Bissau,GNB,2001,0
Guinea-Bissau,GNB,2002,0
Guinea-Bissau,GNB,2003,0
Guinea-Bissau,GNB,2004,0
Guinea-Bissau,GNB,2005,0
Guinea-Bissau,GNB,2006,0
Guinea-Bissau,GNB,2007,0
Guinea-Bissau,GNB,2008,0
Guinea-Bissau,GNB,2009,0
Guinea-Bissau,GNB,2010,0
Guinea-Bissau,GNB,2011,0
Guinea-Bissau,GNB,2012,0
Guinea-Bissau,GNB,2013,0
Guinea-Bissau,GNB,2014,0
Guinea-Bissau,GNB,2015,0
Guinea-Bissau,GNB,2016,0
Guinea-Bissau,GNB,2017,0
Guinea-Bissau,GNB,2018,0
Guinea-Bissau,GNB,2019,0
Guinea-Bissau,GNB,2020,0
Guinea-Bissau,GNB,2021,0
Guinea-Bissau,GNB,2022,0
Guinea-Bissau,GNB,2023,0
Guinea-Bissau,GNB,2024,0
Guyana,GUY,1980,0
Guyana,GUY,1981,0
Guyana,GUY,1982,0
Guyana,GUY,1983,0
Guyana,GUY,1984,0
Guyana,GUY,1985,0
Guyana,GUY,1986,0
Guyana,GUY,1987,0
Guyana,GUY,1988,0
Guyana,GUY,1989,0
Guyana,GUY,1990,0
Guyana,GUY,1991,0
Guyana,GUY,1992,0
Guyana,GUY,1993,0
Guyana,GUY,1994,0
Guyana,GUY,1995,0
Guyana,GUY,1996,0
Guyana,GUY,1997,0
Guyana,GUY,1998,0
Guyana,GUY,1999,0
Guyana,GUY,2000,0
Guyana,GUY,2001,0
Guyana,GUY,2002,0
Guyana,GUY,2003,0
Guyana,GUY,2004,0
Guyana,GUY,2005,0
Guyana,GUY,2006,0
Guyana,GUY,2007,0
Guyana,GUY,2008,0
Guyana,GUY,2009,0
Guyana,GUY,2010,0
Guyana,GUY,2011,0
Guyana,GUY,2012,0
Guyana,GUY,2013,0
Guyana,GUY,2014,0
Guyana,GUY,2015,0
Guyana,GUY,2016,0
Guyana,GUY,2017,0
Guyana,GUY,2018,0
Guyana,GUY,2019,0
Guyana,GUY,2020,0
Guyana,GUY,2021,0
Guyana,GUY,2022,0
Guyana,GUY,2023,0
Guyana,GUY,2024,0
Haiti,HTI,1980,0
Haiti,HTI,1981,0
Haiti,HTI,1982,0
Haiti,HTI,1983,0
Haiti,HTI,1984,0
Haiti,HTI,1985,0
Haiti,HTI,1986,0
Haiti,HTI,1987,0
Haiti,HTI,1988,0
Haiti,HTI,1989,0
Haiti,HTI,1990,0
Haiti,HTI,1991,0
Haiti,HTI,1992,0
Haiti,HTI,1993,0
Haiti,HTI,1994,0
Haiti,HTI,1995,0
Haiti,HTI,1996,0
Haiti,HTI,1997,0
Haiti,HTI,1998,0
Haiti,HTI,1999,0
Haiti,HTI,2000,0
Haiti,HTI,2001,0
Haiti,HTI,2002,0
Haiti,HTI,2003,0
Haiti,HTI,2004,0
Haiti,HTI,2005,0
Haiti,HTI,2006,0
Haiti,HTI,2007,0
Haiti,HTI,2008,0
Haiti,HTI,2009,0
Haiti,HTI,2010,0
Haiti,HTI,2011,0
Haiti,HTI,2012,0
Haiti,HTI,2013,0
Haiti,HTI,2014,0
Haiti,HTI,2015,0
Haiti,HTI,2016,0
Haiti,HTI,2017,0
Haiti,HTI,2018,0
Haiti,HTI,2019,0
Haiti,HTI,2020,0
Haiti,HTI,2021,0
Haiti,HTI,2022,0
Haiti,HTI,2023,0
Haiti,HTI,2024,0
High-income countries,OWID_HIC,1980,9458.709
High-income countries,OWID_HIC,1981,11163.188
High-income countries,OWID_HIC,1982,11483.287
High-income countries,OWID_HIC,1983,11056.567
High-income countries,OWID_HIC,1984,11424.959
High-income countries,OWID_HIC,1985,14072.213
High-income countries,OWID_HIC,1986,14327.721
High-income countries,OWID_HIC,1987,14489.681
High-income countries,OWID_HIC,1988,14736.445
High-income countries,OWID_HIC,1989,14710.29
High-income countries,OWID_HIC,1990,14502.397
High-income countries,OWID_HIC,1991,13832.571
High-income countries,OWID_HIC,1992,13571.175
High-income countries,OWID_HIC,1993,12748.835
High-income countries,OWID_HIC,1994,12864.923
High-income countries,OWID_HIC,1995,12885.831
High-income countries,OWID_HIC,1996,12997.885
High-income countries,OWID_HIC,1997,13198.945
High-income countries,OWID_HIC,1998,13017.101
High-income countries,OWID_HIC,1999,12855.6875
High-income countries,OWID_HIC,2000,12667.778
High-income countries,OWID_HIC,2001,13124.074
High-income countries,OWID_HIC,2002,12796.827
High-income countries,OWID_HIC,2003,12759.766
High-income countries,OWID_HIC,2004,13066.344
High-income countries,OWID_HIC,2005,13203.947
High-income countries,OWID_HIC,2006,13421.145
High-income countries,OWID_HIC,2007,13405.301
High-income countries,OWID_HIC,2008,13554.514
High-income countries,OWID_HIC,2009,12784.81
High-income countries,OWID_HIC,2010,13091.034
High-income countries,OWID_HIC,2011,13189.192
High-income countries,OWID_HIC,2012,13137.716
High-income countries,OWID_HIC,2013,13088.118
High-income countries,OWID_HIC,2014,13367.582
High-income countries,OWID_HIC,2015,12727.252
High-income countries,OWID_HIC,2016,11787.512
High-income countries,OWID_HIC,2017,12061.769
High-income countries,OWID_HIC,2018,12293.49
High-income countries,OWID_HIC,2019,11876.766
High-income countries,OWID_HIC,2020,10134.483
High-income countries,OWID_HIC,2021,10621.086
High-income countries,OWID_HIC,2022,10565.637
High-income countries,OWID_HIC,2023,10268.776
High-income countries,OWID_HIC,2024,9857.319
High-income countries,OWID_HIC,2025,9715.383
Honduras,HND,1980,0
Honduras,HND,1981,0
Honduras,HND,1982,0
Honduras,HND,1983,0
Honduras,HND,1984,0
Honduras,HND,1985,0
Honduras,HND,1986,0
Honduras,HND,1987,0
Honduras,HND,1988,0
Honduras,HND,1989,0
Honduras,HND,1990,0
Honduras,HND,1991,0
Honduras,HND,1992,0
Honduras,HND,1993,0
Honduras,HND,1994,0
Honduras,HND,1995,0
Honduras,HND,1996,0
Honduras,HND,1997,0
Honduras,HND,1998,0
Honduras,HND,1999,0
Honduras,HND,2000,0
Honduras,HND,2001,0
Honduras,HND,2002,0
Honduras,HND,2003,0
Honduras,HND,2004,0
Honduras,HND,2005,0
Honduras,HND,2006,0
Honduras,HND,2007,0
Honduras,HND,2008,0
Honduras,HND,2009,0
Honduras,HND,2010,0
Honduras,HND,2011,0
Honduras,HND,2012,0
Honduras,HND,2013,0
Honduras,HND,2014,0
Honduras,HND,2015,0
Honduras,HND,2016,0
Honduras,HND,2017,0
Honduras,HND,2018,0
Honduras,HND,2019,0
Honduras,HND,2020,0
Honduras,HND,2021,0
Honduras,HND,2022,0
Honduras,HND,2023,0
Honduras,HND,2024,0
Hong Kong,HKG,1980,0
Hong Kong,HKG,1981,0
Hong Kong,HKG,1982,0
Hong Kong,HKG,1983,0
Hong Kong,HKG,1984,0
Hong Kong,HKG,1985,0
Hong Kong,HKG,1986,0
Hong Kong,HKG,1987,0
Hong Kong,HKG,1988,0
Hong Kong,HKG,1989,0
Hong Kong,HKG,1990,0
Hong Kong,HKG,1991,0
Hong Kong,HKG,1992,0
Hong Kong,HKG,1993,0
Hong Kong,HKG,1994,0
Hong Kong,HKG,1995,0
Hong Kong,HKG,1996,0
Hong Kong,HKG,1997,0
Hong Kong,HKG,1998,0
Hong Kong,HKG,1999,0
Hong Kong,HKG,2000,0
Hong Kong,HKG,2001,0
Hong Kong,HKG,2002,0
Hong Kong,HKG,2003,0
Hong Kong,HKG,2004,0
Hong Kong,HKG,2005,0
Hong Kong,HKG,2006,0
Hong Kong,HKG,2007,0
Hong Kong,HKG,2008,0
Hong Kong,HKG,2009,0
Hong Kong,HKG,2010,0
Hong Kong,HKG,2011,0
Hong Kong,HKG,2012,0
Hong Kong,HKG,2013,0
Hong Kong,HKG,2014,0
Hong Kong,HKG,2015,0
Hong Kong,HKG,2016,0
Hong Kong,HKG,2017,0
Hong Kong,HKG,2018,0
Hong Kong,HKG,2019,0
Hong Kong,HKG,2020,0
Hong Kong,HKG,2021,0
Hong Kong,HKG,2022,0
Hong Kong,HKG,2023,0
Hong Kong,HKG,2024,0
Hungary,HUN,1900,23.712803
Hungary,HUN,1901,23.836832
Hungary,HUN,1902,22.390505
Hungary,HUN,1903,23.127768
Hungary,HUN,1904,23.652857
Hungary,HUN,1905,24.663797
Hungary,HUN,1906,26.243988
Hungary,HUN,1907,26.56431
Hungary,HUN,1908,28.416512
Hungary,HUN,1909,30.938066
Hungary,HUN,1910,30.741821
Hungary,HUN,1911,31.877874
Hungary,HUN,1912,32.590446
Hungary,HUN,1913,34.775856
Hungary,HUN,1914,31.036139
Hungary,HUN,1915,31.464275
Hungary,HUN,1916,31.289095
Hungary,HUN,1917,30.742893
Hungary,HUN,1918,28.650663
Hungary,HUN,1919,13.434123
Hungary,HUN,1920,17.176517
Hungary,HUN,1921,22.0816
Hungary,HUN,1922,24.950134
Hungary,HUN,1923,27.076271
Hungary,HUN,1924,24.971712
Hungary,HUN,1925,22.454527
Hungary,HUN,1926,23.589989
Hungary,HUN,1927,24.831467
Hungary,HUN,1928,25.72179
Hungary,HUN,1929,27.734222
Hungary,HUN,1930,24.719723
Hungary,HUN,1931,24.333502
Hungary,HUN,1932,24.268095
Hungary,HUN,1933,23.75033
Hungary,HUN,1934,24.540771
Hungary,HUN,1935,26.612417
Hungary,HUN,1936,27.946142
Hungary,HUN,1937,31.588306
Hungary,HUN,1938,33.01536
Hungary,HUN,1939,37.43324
Hungary,HUN,1940,40.07786
Hungary,HUN,1941,43.208168
Hungary,HUN,1942,43.922283
Hungary,HUN,1943,42.974545
Hungary,HUN,1944,34.32901
Hungary,HUN,1945,15.412126
Hungary,HUN,1946,22.454103
Hungary,HUN,1947,31.204842
Hungary,HUN,1948,37.555485
Hungary,HUN,1949,41.87248
Hungary,HUN,1950,46.765892
Hungary,HUN,1951,53.83162
Hungary,HUN,1952,65.15236
Hungary,HUN,1953,73.783775
Hungary,HUN,1954,76.10213
Hungary,HUN,1955,79.05975
Hungary,HUN,1956,72.81047
Hungary,HUN,1957,74.778465
Hungary,HUN,1958,85.523865
Hungary,HUN,1959,89.442406
Hungary,HUN,1960,93.54706
Hungary,HUN,1961,99.42574
Hungary,HUN,1962,101.36562
Hungary,HUN,1963,108.018845
Hungary,HUN,1964,112.14718
Hungary,HUN,1965,112.05257
Hungary,HUN,1966,108.348816
Hungary,HUN,1967,79.942764
Hungary,HUN,1968,97.55603
Hungary,HUN,1969,94.99245
Hungary,HUN,1970,99.54121
Hungary,HUN,1971,97.910805
Hungary,HUN,1972,92.21178
Hungary,HUN,1973,95.09203
Hungary,HUN,1974,91.38546
Hungary,HUN,1975,88.19403
Hungary,HUN,1976,89.34445
Hungary,HUN,1977,90.003296
Hungary,HUN,1978,90.77203
Hungary,HUN,1979,90.79309
Hungary,HUN,1980,51.920574
Hungary,HUN,1981,83.507416
Hungary,HUN,1982,83.701775
Hungary,HUN,1983,80.292694
Hungary,HUN,1984,78.43279
Hungary,HUN,1985,76.24481
Hungary,HUN,1986,72.13165
Hungary,HUN,1987,71.60768
Hungary,HUN,1988,65.99191
Hungary,HUN,1989,63.114994
Hungary,HUN,1990,57.0943
Hungary,HUN,1991,55.172295
Hungary,HUN,1992,50.173683
Hungary,HUN,1993,43.224224
Hungary,HUN,1994,41.212894
Hungary,HUN,1995,41.927776
Hungary,HUN,1996,44.78288
Hungary,HUN,1997,46.77155
Hungary,HUN,1998,42.749775
Hungary,HUN,1999,39.516582
Hungary,HUN,2000,38.56221
Hungary,HUN,2001,35.136055
Hungary,HUN,2002,34.42073
Hungary,HUN,2003,35.545143
Hungary,HUN,2004,27.068296
Hungary,HUN,2005,20.330936
Hungary,HUN,2006,20.429245
Hungary,HUN,2007,20.617804
Hungary,HUN,2008,19.696161
Hungary,HUN,2009,18.096804
Hungary,HUN,2010,18.529766
Hungary,HUN,2011,19.136538
Hungary,HUN,2012,18.683224
Hungary,HUN,2013,18.744303
Hungary,HUN,2014,18.467918
Hungary,HUN,2015,17.657642
Hungary,HUN,2016,17.008642
Hungary,HUN,2017,14.92314
Hungary,HUN,2018,13.27083
Hungary,HUN,2019,11.554312
Hungary,HUN,2020,10.846358
Hungary,HUN,2021,8.990874
Hungary,HUN,2022,9.058839
Hungary,HUN,2023,7.720959
Hungary,HUN,2024,7.403972
Hungary,HUN,2025,4.0577493
Iceland,ISL,1980,0
Iceland,ISL,1981,0
Iceland,ISL,1982,0
Iceland,ISL,1983,0
Iceland,ISL,1984,0
Iceland,ISL,1985,0
Iceland,ISL,1986,0
Iceland,ISL,1987,0
Iceland,ISL,1988,0
Iceland,ISL,1989,0
Iceland,ISL,1990,0
Iceland,ISL,1991,0
Iceland,ISL,1992,0
Iceland,ISL,1993,0
Iceland,ISL,1994,0
Iceland,ISL,1995,0
Iceland,ISL,1996,0
Iceland,ISL,1997,0
Iceland,ISL,1998,0
Iceland,ISL,1999,0
Iceland,ISL,2000,0
Iceland,ISL,2001,0
Iceland,ISL,2002,0
Iceland,ISL,2003,0
Iceland,ISL,2004,0
Iceland,ISL,2005,0
Iceland,ISL,2006,0
Iceland,ISL,2007,0
Iceland,ISL,2008,0
Iceland,ISL,2009,0
Iceland,ISL,2010,0
Iceland,ISL,2011,0
Iceland,ISL,2012,0
Iceland,ISL,2013,0
Iceland,ISL,2014,0
Iceland,ISL,2015,0
Iceland,ISL,2016,0
Iceland,ISL,2017,0
Iceland,ISL,2018,0
Iceland,ISL,2019,0
Iceland,ISL,2020,0
Iceland,ISL,2021,0
Iceland,ISL,2022,0
Iceland,ISL,2023,0
Iceland,ISL,2024,0
India,IND,1900,39.547382
India,IND,1901,42.88753
India,IND,1902,47.99001
India,IND,1903,48.072716
India,IND,1904,53.111576
India,IND,1905,54.415825
India,IND,1906,63.24018
India,IND,1907,72.05818
India,IND,1908,82.54944
India,IND,1909,76.72803
India,IND,1910,77.87322
India,IND,1911,82.19952
India,IND,1912,95.06386
India,IND,1913,104.772575
India,IND,1914,106.42674
India,IND,1915,110.562164
India,IND,1916,111.53558
India,IND,1917,117.73235
India,IND,1918,133.95595
India,IND,1919,146.27315
India,IND,1920,116.10999
India,IND,1921,124.78166
India,IND,1922,122.8921
India,IND,1923,127.0657
India,IND,1924,136.89528
India,IND,1925,135.12659
India,IND,1926,135.74371
India,IND,1927,142.74213
India,IND,1928,145.726
India,IND,1929,151.38835
India,IND,1930,153.8696
India,IND,1931,140.3754
India,IND,1932,130.27223
India,IND,1933,127.92459
India,IND,1934,142.58307
India,IND,1935,148.78621
India,IND,1936,146.16498
India,IND,1937,161.84143
India,IND,1938,183.2184
India,IND,1939,179.50923
India,IND,1940,189.97504
India,IND,1941,190.46492
India,IND,1942,190.26132
India,IND,1943,164.91437
India,IND,1944,168.89073
India,IND,1945,188.54353
India,IND,1946,186.80031
India,IND,1947,191.78825
India,IND,1948,191.65465
India,IND,1949,201.64964
India,IND,1950,208.8453
India,IND,1951,222.3713
India,IND,1952,234.66942
India,IND,1953,232.58263
India,IND,1954,238.39767
India,IND,1955,247.10117
India,IND,1956,254.72305
India,IND,1957,281.2343
India,IND,1958,293.08707
India,IND,1959,304.24637
India,IND,1960,334.60672
India,IND,1961,356.69626
India,IND,1962,390.44772
India,IND,1963,419.6247
India,IND,1964,397.25525
India,IND,1965,427.2975
India,IND,1966,432.4636
India,IND,1967,434.0478
India,IND,1968,450.53226
India,IND,1969,479.7792
India,IND,1970,468.88077
India,IND,1971,456.95807
India,IND,1972,481.3507
India,IND,1973,495.4239
India,IND,1974,535.07306
India,IND,1975,610.20416
India,IND,1976,641.7924
India,IND,1977,637.9942
India,IND,1978,646.0233
India,IND,1979,658.19415
India,IND,1980,548.95984
India,IND,1981,741.7438
India,IND,1982,734.24493
India,IND,1983,776.837
India,IND,1984,815.0646
India,IND,1985,841.7091
India,IND,1986,905.42584
India,IND,1987,992.4843
India,IND,1988,1055.1355
India,IND,1989,1147.4272
India,IND,1990,1236.1667
India,IND,1991,1321.8241
India,IND,1992,1395.0984
India,IND,1993,1441.3691
India,IND,1994,1466.0952
India,IND,1995,1547.9033
India,IND,1996,1658.9543
India,IND,1997,1713.9055
India,IND,1998,1703.4462
India,IND,1999,1666.2043
India,IND,2000,1771.1918
India,IND,2001,1793.7572
India,IND,2002,1873.2715
India,IND,2003,1954.7339
India,IND,2004,2110.9717
India,IND,2005,2207.1597
India,IND,2006,2303.6853
India,IND,2007,2446.755
India,IND,2008,2647.5125
India,IND,2009,2857.771
India,IND,2010,2937.1091
India,IND,2011,2915.2168
India,IND,2012,2966.2107
India,IND,2013,2974.1167
India,IND,2014,3133.7236
India,IND,2015,3268.103
India,IND,2016,3301.831
India,IND,2017,3329.753
India,IND,2018,3555.3447
India,IND,2019,3498.8784
India,IND,2020,3497.081
India,IND,2021,3716.6062
India,IND,2022,4180.3755
India,IND,2023,4674.3823
India,IND,2024,4990.1763
India,IND,2025,4991.563
Indonesia,IDN,1900,1.652623
Indonesia,IDN,1901,1.668905
Indonesia,IDN,1902,1.563072
Indonesia,IDN,1903,1.7177509
Indonesia,IDN,1904,1.8805709
Indonesia,IDN,1905,2.4830048
Indonesia,IDN,1906,3.028452
Indonesia,IDN,1907,3.272682
Indonesia,IDN,1908,3.484348
Indonesia,IDN,1909,4.021654
Indonesia,IDN,1910,4.420563
Indonesia,IDN,1911,4.9090233
Indonesia,IDN,1912,4.957869
Indonesia,IDN,1913,4.624088
Indonesia,IDN,1914,5.039279
Indonesia,IDN,1915,5.071843
Indonesia,IDN,1916,6.0976086
Indonesia,IDN,1917,6.7000427
Indonesia,IDN,1918,6.781453
Indonesia,IDN,1919,7.73395
Indonesia,IDN,1920,0.862946
Indonesia,IDN,1921,9.866892
Indonesia,IDN,1922,8.474781
Indonesia,IDN,1923,9.4109955
Indonesia,IDN,1924,11.780027
Indonesia,IDN,1925,11.405541
Indonesia,IDN,1926,11.934707
Indonesia,IDN,1927,13.188419
Indonesia,IDN,1928,13.872265
Indonesia,IDN,1929,14.914312
Indonesia,IDN,1930,15.231812
Indonesia,IDN,1931,11.429964
Indonesia,IDN,1932,8.54805
Indonesia,IDN,1933,8.425935
Indonesia,IDN,1934,8.409653
Indonesia,IDN,1935,9.044651
Indonesia,IDN,1936,9.337728
Indonesia,IDN,1937,11.177593
Indonesia,IDN,1938,11.861437
Indonesia,IDN,1939,14.499122
Indonesia,IDN,1940,16.355268
Indonesia,IDN,1941,16.20059
Indonesia,IDN,1942,0
Indonesia,IDN,1943,0
Indonesia,IDN,1944,0
Indonesia,IDN,1945,0
Indonesia,IDN,1946,1.278137
Indonesia,IDN,1947,1.815443
Indonesia,IDN,1948,4.39614
Indonesia,IDN,1949,5.3893423
Indonesia,IDN,1950,6.545364
Indonesia,IDN,1951,7.0663877
Indonesia,IDN,1952,7.8886294
Indonesia,IDN,1953,7.302477
Indonesia,IDN,1954,7.3269
Indonesia,IDN,1955,6.6267743
Indonesia,IDN,1956,6.740748
Indonesia,IDN,1957,5.837097
Indonesia,IDN,1958,4.9090233
Indonesia,IDN,1959,5.193958
Indonesia,IDN,1960,5.3567777
Indonesia,IDN,1961,4.469409
Indonesia,IDN,1962,3.842552
Indonesia,IDN,1963,4.8113313
Indonesia,IDN,1964,3.6471682
Indonesia,IDN,1965,2.206211
Indonesia,IDN,1966,2.6051202
Indonesia,IDN,1967,1.685187
Indonesia,IDN,1968,1.432816
Indonesia,IDN,1969,1.563072
Indonesia,IDN,1970,1.400252
Indonesia,IDN,1971,1.6119181
Indonesia,IDN,1972,1.457239
Indonesia,IDN,1973,1.213009
Indonesia,IDN,1974,1.269996
Indonesia,IDN,1975,1.677046
Indonesia,IDN,1976,1.5712131
Indonesia,IDN,1977,1.8805709
Indonesia,IDN,1978,2.149224
Indonesia,IDN,1979,2.271339
Indonesia,IDN,1980,3.5511985
Indonesia,IDN,1981,2.7412376
Indonesia,IDN,1982,4.0433254
Indonesia,IDN,1983,4.454511
Indonesia,IDN,1984,10.074048
Indonesia,IDN,1985,13.706187
Indonesia,IDN,1986,17.749512
Indonesia,IDN,1987,20.764874
Indonesia,IDN,1988,30.770391
Indonesia,IDN,1989,59.621918
Indonesia,IDN,1990,73.5337
Indonesia,IDN,1991,94.84682
Indonesia,IDN,1992,153.23518
Indonesia,IDN,1993,189.00833
Indonesia,IDN,1994,225.2612
Indonesia,IDN,1995,286.73343
Indonesia,IDN,1996,345.05328
Indonesia,IDN,1997,375.68658
Indonesia,IDN,1998,426.46802
Indonesia,IDN,1999,504.93594
Indonesia,IDN,2000,527.9636
Indonesia,IDN,2001,634.1885
Indonesia,IDN,2002,708.12396
Indonesia,IDN,2003,783.1579
Indonesia,IDN,2004,907.42126
Indonesia,IDN,2005,1047.9841
Indonesia,IDN,2006,1308.1743
Indonesia,IDN,2007,1472.8837
Indonesia,IDN,2008,1644.7201
Indonesia,IDN,2009,1721.6206
Indonesia,IDN,2010,1759.6871
Indonesia,IDN,2011,2203.6328
Indonesia,IDN,2012,2376.853
Indonesia,IDN,2013,2901.0986
Indonesia,IDN,2014,2820.6782
Indonesia,IDN,2015,2829.951
Indonesia,IDN,2016,2742.3064
Indonesia,IDN,2017,2691.0933
Indonesia,IDN,2018,3178.2073
Indonesia,IDN,2019,3566.6284
Indonesia,IDN,2020,3271.4934
Indonesia,IDN,2021,3522.2769
Indonesia,IDN,2022,3875.8389
Indonesia,IDN,2023,4370.5825
Indonesia,IDN,2024,4714.16
Indonesia,IDN,2025,4454.129
Iran,IRN,1900,0
Iran,IRN,1901,0
Iran,IRN,1902,0
Iran,IRN,1903,0
Iran,IRN,1904,0
Iran,IRN,1905,0
Iran,IRN,1906,0
Iran,IRN,1907,0
Iran,IRN,1908,0
Iran,IRN,1909,0
Iran,IRN,1910,0
Iran,IRN,1911,0
Iran,IRN,1912,0
Iran,IRN,1913,0
Iran,IRN,1914,0
Iran,IRN,1915,0
Iran,IRN,1916,0
Iran,IRN,1917,0
Iran,IRN,1918,0
Iran,IRN,1919,0
Iran,IRN,1920,0
Iran,IRN,1921,0
Iran,IRN,1922,0
Iran,IRN,1923,0
Iran,IRN,1924,0
Iran,IRN,1925,0
Iran,IRN,1926,0
Iran,IRN,1927,0
Iran,IRN,1928,0
Iran,IRN,1929,0
Iran,IRN,1930,0
Iran,IRN,1931,0
Iran,IRN,1932,0
Iran,IRN,1933,0
Iran,IRN,1934,0
Iran,IRN,1935,0
Iran,IRN,1936,0
Iran,IRN,1937,0
Iran,IRN,1938,0
Iran,IRN,1939,0.61057496
Iran,IRN,1940,0.748972
Iran,IRN,1941,0.73269004
Iran,IRN,1942,0.667562
Iran,IRN,1943,0.561729
Iran,IRN,1944,0.8141
Iran,IRN,1945,1.2211499
Iran,IRN,1946,1.2211499
Iran,IRN,1947,1.530508
Iran,IRN,1948,1.2211499
Iran,IRN,1949,1.38397
Iran,IRN,1950,1.6282
Iran,IRN,1951,1.6282
Iran,IRN,1952,1.38397
Iran,IRN,1953,1.261855
Iran,IRN,1954,0.179102
Iran,IRN,1955,1.994545
Iran,IRN,1956,1.54679
Iran,IRN,1957,1.432816
Iran,IRN,1958,1.497944
Iran,IRN,1959,1.9294171
Iran,IRN,1960,1.87243
Iran,IRN,1961,1.6119181
Iran,IRN,1962,1.668905
Iran,IRN,1963,1.856148
Iran,IRN,1964,2.230634
Iran,IRN,1965,2.320185
Iran,IRN,1966,2.320185
Iran,IRN,1967,2.36089
Iran,IRN,1968,3.1424263
Iran,IRN,1969,3.98909
Iran,IRN,1970,4.3147297
Iran,IRN,1971,4.8845997
Iran,IRN,1972,8.141
Iran,IRN,1973,0.8141
Iran,IRN,1974,9.769199
Iran,IRN,1975,8.141
Iran,IRN,1976,7.3269
Iran,IRN,1977,7.3269
Iran,IRN,1978,7.3269
Iran,IRN,1979,7.3269
Iran,IRN,1980,7.3637
Iran,IRN,1981,7.3882365
Iran,IRN,1982,8.311043
Iran,IRN,1983,8.401124
Iran,IRN,1984,8.499372
Iran,IRN,1985,9.05617
Iran,IRN,1986,10.340703
Iran,IRN,1987,9.049462
Iran,IRN,1988,8.681218
Iran,IRN,1989,8.861919
Iran,IRN,1990,9.417708
Iran,IRN,1991,7.0199914
Iran,IRN,1992,7.9538603
Iran,IRN,1993,9.295778
Iran,IRN,1994,9.115437
Iran,IRN,1995,9.295778
Iran,IRN,1996,9.115437
Iran,IRN,1997,9.918353
Iran,IRN,1998,10.082049
Iran,IRN,1999,8.514181
Iran,IRN,2000,9.403022
Iran,IRN,2001,9.119979
Iran,IRN,2002,8.442095
Iran,IRN,2003,9.356697
Iran,IRN,2004,10.023002
Iran,IRN,2005,11.109833
Iran,IRN,2006,10.877367
Iran,IRN,2007,11.74981
Iran,IRN,2008,11.393661
Iran,IRN,2009,9.425954
Iran,IRN,2010,8.905779
Iran,IRN,2011,9.519287
Iran,IRN,2012,8.510692
Iran,IRN,2013,9.03666
Iran,IRN,2014,8.768817
Iran,IRN,2015,9.867707
Iran,IRN,2016,10.922969
Iran,IRN,2017,12.9096775
Iran,IRN,2018,14.015424
Iran,IRN,2019,12.395006
Iran,IRN,2020,12.613404
Iran,IRN,2021,13.431156
Iran,IRN,2022,12.794318
Iran,IRN,2023,14.145891
Iran,IRN,2024,15.320914
Iraq,IRQ,1980,0
Iraq,IRQ,1981,0
Iraq,IRQ,1982,0
Iraq,IRQ,1983,0
Iraq,IRQ,1984,0
Iraq,IRQ,1985,0
Iraq,IRQ,1986,0
Iraq,IRQ,1987,0
Iraq,IRQ,1988,0
Iraq,IRQ,1989,0
Iraq,IRQ,1990,0
Iraq,IRQ,1991,0
Iraq,IRQ,1992,0
Iraq,IRQ,1993,0
Iraq,IRQ,1994,0
Iraq,IRQ,1995,0
Iraq,IRQ,1996,0
Iraq,IRQ,1997,0
Iraq,IRQ,1998,0
Iraq,IRQ,1999,0
Iraq,IRQ,2000,0
Iraq,IRQ,2001,0
Iraq,IRQ,2002,0
Iraq,IRQ,2003,0
Iraq,IRQ,2004,0
Iraq,IRQ,2005,0
Iraq,IRQ,2006,0
Iraq,IRQ,2007,0
Iraq,IRQ,2008,0
Iraq,IRQ,2009,0
Iraq,IRQ,2010,0
Iraq,IRQ,2011,0
Iraq,IRQ,2012,0
Iraq,IRQ,2013,0
Iraq,IRQ,2014,0
Iraq,IRQ,2015,0
Iraq,IRQ,2016,0
Iraq,IRQ,2017,0
Iraq,IRQ,2018,0
Iraq,IRQ,2019,0
Iraq,IRQ,2020,0
Iraq,IRQ,2021,0
Iraq,IRQ,2022,0
Iraq,IRQ,2023,0
Iraq,IRQ,2024,0
Ireland,IRL,1900,0
Ireland,IRL,1901,0
Ireland,IRL,1902,0
Ireland,IRL,1903,0
Ireland,IRL,1904,0
Ireland,IRL,1905,0
Ireland,IRL,1906,0
Ireland,IRL,1907,0
Ireland,IRL,1908,0
Ireland,IRL,1909,0
Ireland,IRL,1910,0.65942097
Ireland,IRL,1911,0
Ireland,IRL,1912,0
Ireland,IRL,1913,0.68384403
Ireland,IRL,1914,0.765254
Ireland,IRL,1915,0.700126
Ireland,IRL,1916,0.74083096
Ireland,IRL,1917,0.789677
Ireland,IRL,1918,0.757113
Ireland,IRL,1919,0.765254
Ireland,IRL,1920,0.89551
Ireland,IRL,1921,0.73269004
Ireland,IRL,1922,0
Ireland,IRL,1923,0
Ireland,IRL,1924,0
Ireland,IRL,1925,0
Ireland,IRL,1926,0.65128005
Ireland,IRL,1927,0
Ireland,IRL,1928,0
Ireland,IRL,1929,0.708267
Ireland,IRL,1930,0
Ireland,IRL,1931,0.757113
Ireland,IRL,1932,0.667562
Ireland,IRL,1933,0.871087
Ireland,IRL,1934,0.91993296
Ireland,IRL,1935,0.936215
Ireland,IRL,1936,1.033907
Ireland,IRL,1937,1.042048
Ireland,IRL,1938,0.97692
Ireland,IRL,1939,0.97692
Ireland,IRL,1940,0.960638
Ireland,IRL,1941,1.261855
Ireland,IRL,1942,1.359547
Ireland,IRL,1943,1.514226
Ireland,IRL,1944,1.677046
Ireland,IRL,1945,1.758456
Ireland,IRL,1946,1.750315
Ireland,IRL,1947,1.799161
Ireland,IRL,1948,1.400252
Ireland,IRL,1949,1.050189
Ireland,IRL,1950,1.400252
Ireland,IRL,1951,1.457239
Ireland,IRL,1952,1.351406
Ireland,IRL,1953,1.359547
Ireland,IRL,1954,1.668905
Ireland,IRL,1955,1.636341
Ireland,IRL,1956,1.95384
Ireland,IRL,1957,1.9619809
Ireland,IRL,1958,1.95384
Ireland,IRL,1959,1.8968531
Ireland,IRL,1960,1.693328
Ireland,IRL,1961,1.636341
Ireland,IRL,1962,1.693328
Ireland,IRL,1963,1.8968531
Ireland,IRL,1964,1.8805709
Ireland,IRL,1965,1.449098
Ireland,IRL,1966,1.660764
Ireland,IRL,1967,1.457239
Ireland,IRL,1968,1.351406
Ireland,IRL,1969,1.253714
Ireland,IRL,1970,1.269996
Ireland,IRL,1971,0.73269004
Ireland,IRL,1972,0.667562
Ireland,IRL,1973,0.521024
Ireland,IRL,1974,0.55358803
Ireland,IRL,1975,0.464037
Ireland,IRL,1976,0.472178
Ireland,IRL,1977,0.439614
Ireland,IRL,1978,0.17096101
Ireland,IRL,1979,0.512883
Ireland,IRL,1980,0.44499946
Ireland,IRL,1981,0.5117494
Ireland,IRL,1982,0.4598328
Ireland,IRL,1983,0.5562493
Ireland,IRL,1984,0.51916605
Ireland,IRL,1985,0.4227495
Ireland,IRL,1986,0.40049952
Ireland,IRL,1987,0.3337496
Ireland,IRL,1988,0.3337496
Ireland,IRL,1989,0.3189163
Ireland,IRL,1990,0.18541645
Ireland,IRL,1991,0
Ireland,IRL,1992,0
Ireland,IRL,1993,0
Ireland,IRL,1994,0
Ireland,IRL,1995,0
Ireland,IRL,1996,0
Ireland,IRL,1997,0
Ireland,IRL,1998,0
Ireland,IRL,1999,0
Ireland,IRL,2000,0
Ireland,IRL,2001,0
Ireland,IRL,2002,0
Ireland,IRL,2003,0
Ireland,IRL,2004,0
Ireland,IRL,2005,0
Ireland,IRL,2006,0
Ireland,IRL,2007,0
Ireland,IRL,2008,0
Ireland,IRL,2009,0
Ireland,IRL,2010,0
Ireland,IRL,2011,0
Ireland,IRL,2012,0
Ireland,IRL,2013,0
Ireland,IRL,2014,0
Ireland,IRL,2015,0
Ireland,IRL,2016,0
Ireland,IRL,2017,0
Ireland,IRL,2018,0
Ireland,IRL,2019,0
Ireland,IRL,2020,0
Ireland,IRL,2021,0
Ireland,IRL,2022,0
Ireland,IRL,2023,0
Ireland,IRL,2024,0
Israel,ISR,1980,0
Israel,ISR,1981,0
Israel,ISR,1982,0
Israel,ISR,1983,0
Israel,ISR,1984,0
Israel,ISR,1985,0
Israel,ISR,1986,0
Israel,ISR,1987,0
Israel,ISR,1988,0
Israel,ISR,1989,0
Israel,ISR,1990,0
Israel,ISR,1991,0
Israel,ISR,1992,0
Israel,ISR,1993,0
Israel,ISR,1994,0
Israel,ISR,1995,0
Israel,ISR,1996,0
Israel,ISR,1997,0
Israel,ISR,1998,0
Israel,ISR,1999,0
Israel,ISR,2000,0
Israel,ISR,2001,0
Israel,ISR,2002,0
Israel,ISR,2003,0
Israel,ISR,2004,0
Israel,ISR,2005,0
Israel,ISR,2006,0
Israel,ISR,2007,0
Israel,ISR,2008,0
Israel,ISR,2009,0
Israel,ISR,2010,0
Israel,ISR,2011,0
Israel,ISR,2012,0
Israel,ISR,2013,0
Israel,ISR,2014,0
Israel,ISR,2015,0
Israel,ISR,2016,0
Israel,ISR,2017,0
Israel,ISR,2018,0
Israel,ISR,2019,0
Israel,ISR,2020,0
Israel,ISR,2021,0
Israel,ISR,2022,0
Israel,ISR,2023,0
Israel,ISR,2024,0
Italy,ITA,1900,1.1703501
Italy,ITA,1901,1.0386858
Italy,ITA,1902,1.0208325
Italy,ITA,1903,0.86317396
Italy,ITA,1904,0.6640654
Italy,ITA,1905,1.0183944
Italy,ITA,1906,1.1760937
Italy,ITA,1907,1.1330318
Italy,ITA,1908,1.1793175
Italy,ITA,1909,1.364623
Italy,ITA,1910,1.3873934
Italy,ITA,1911,1.3776404
Italy,ITA,1912,1.63039
Italy,ITA,1913,1.7075869
Italy,ITA,1914,1.9050837
Italy,ITA,1915,2.3627665
Italy,ITA,1916,3.2829275
Italy,ITA,1917,4.4064913
Italy,ITA,1918,5.422244
Italy,ITA,1919,2.9335158
Italy,ITA,1920,5.0703287
Italy,ITA,1921,3.437012
Italy,ITA,1922,3.4186056
Italy,ITA,1923,3.754796
Italy,ITA,1924,3.2770782
Italy,ITA,1925,4.240207
Italy,ITA,1926,4.6078386
Italy,ITA,1927,1.4367847
Italy,ITA,1928,2.7585616
Italy,ITA,1929,3.7245765
Italy,ITA,1930,3.2898679
Italy,ITA,1931,2.81123
Italy,ITA,1932,2.9951675
Italy,ITA,1933,3.655374
Italy,ITA,1934,4.473443
Italy,ITA,1935,5.5670314
Italy,ITA,1936,9.722963
Italy,ITA,1937,12.939876
Italy,ITA,1938,15.313469
Italy,ITA,1939,21.380665
Italy,ITA,1940,26.894564
Italy,ITA,1941,27.400782
Italy,ITA,1942,29.160498
Italy,ITA,1943,16.704855
Italy,ITA,1944,7.3018746
Italy,ITA,1945,9.769705
Italy,ITA,1946,13.433411
Italy,ITA,1947,15.548267
Italy,ITA,1948,10.118037
Italy,ITA,1949,11.091856
Italy,ITA,1950,10.297628
Italy,ITA,1951,11.64375
Italy,ITA,1952,10.945359
Italy,ITA,1953,11.055649
Italy,ITA,1954,10.313654
Italy,ITA,1955,10.261653
Italy,ITA,1956,9.752902
Italy,ITA,1957,9.297047
Italy,ITA,1958,7.9202523
Italy,ITA,1959,8.995715
Italy,ITA,1960,7.935871
Italy,ITA,1961,9.758923
Italy,ITA,1962,9.972009
Italy,ITA,1963,8.101248
Italy,ITA,1964,6.767601
Italy,ITA,1965,5.8196425
Italy,ITA,1966,6.026473
Italy,ITA,1967,8.704353
Italy,ITA,1968,7.1871634
Italy,ITA,1969,7.1798205
Italy,ITA,1970,5.997984
Italy,ITA,1971,7.4628305
Italy,ITA,1972,4.6436386
Italy,ITA,1973,5.285337
Italy,ITA,1974,4.787897
Italy,ITA,1975,5.0146527
Italy,ITA,1976,4.9528704
Italy,ITA,1977,4.504236
Italy,ITA,1978,4.5546126
Italy,ITA,1979,3.4427803
Italy,ITA,1980,5.179716
Italy,ITA,1981,4.8897166
Italy,ITA,1982,7.672908
Italy,ITA,1983,7.0486026
Italy,ITA,1984,7.165408
Italy,ITA,1985,7.620547
Italy,ITA,1986,4.1768007
Italy,ITA,1987,3.919023
Italy,ITA,1988,4.188884
Italy,ITA,1989,4.325828
Italy,ITA,1990,3.850551
Italy,ITA,1991,3.7861066
Italy,ITA,1992,2.87583
Italy,ITA,1993,2.4972193
Italy,ITA,1994,1.0754154
Italy,ITA,1995,0.692777
Italy,ITA,1996,0.5518049
Italy,ITA,1997,0.869999
Italy,ITA,1998,0.76124907
Italy,ITA,1999,0.4631939
Italy,ITA,2000,0.5638882
Italy,ITA,2001,0.55986047
Italy,ITA,2002,0.656527
Italy,ITA,2003,0.686064
Italy,ITA,2004,0.69877845
Italy,ITA,2005,0.71149296
Italy,ITA,2006,0.67394054
Italy,ITA,2007,0.6363881
Italy,ITA,2008,0.47124946
Italy,ITA,2009,0.28999963
Italy,ITA,2010,0.4068051
Italy,ITA,2011,0.37055513
Italy,ITA,2012,0.32222185
Italy,ITA,2013,0.29402745
Italy,ITA,2014,0.3463885
Italy,ITA,2015,0.3262496
Italy,ITA,2016,0
Italy,ITA,2017,0
Italy,ITA,2018,0
Italy,ITA,2019,0
Italy,ITA,2020,0
Italy,ITA,2021,0
Italy,ITA,2022,0
Italy,ITA,2023,0
Italy,ITA,2024,0
Jamaica,JAM,1980,0
Jamaica,JAM,1981,0
Jamaica,JAM,1982,0
Jamaica,JAM,1983,0
Jamaica,JAM,1984,0
Jamaica,JAM,1985,0
Jamaica,JAM,1986,0
Jamaica,JAM,1987,0
Jamaica,JAM,1988,0
Jamaica,JAM,1989,0
Jamaica,JAM,1990,0
Jamaica,JAM,1991,0
Jamaica,JAM,1992,0
Jamaica,JAM,1993,0
Jamaica,JAM,1994,0
Jamaica,JAM,1995,0
Jamaica,JAM,1996,0
Jamaica,JAM,1997,0
Jamaica,JAM,1998,0
Jamaica,JAM,1999,0
Jamaica,JAM,2000,0
Jamaica,JAM,2001,0
Jamaica,JAM,2002,0
Jamaica,JAM,2003,0
Jamaica,JAM,2004,0
Jamaica,JAM,2005,0
Jamaica,JAM,2006,0
Jamaica,JAM,2007,0
Jamaica,JAM,2008,0
Jamaica,JAM,2009,0
Jamaica,JAM,2010,0
Jamaica,JAM,2011,0
Jamaica,JAM,2012,0
Jamaica,JAM,2013,0
Jamaica,JAM,2014,0
Jamaica,JAM,2015,0
Jamaica,JAM,2016,0
Jamaica,JAM,2017,0
Jamaica,JAM,2018,0
Jamaica,JAM,2019,0
Jamaica,JAM,2020,0
Jamaica,JAM,2021,0
Jamaica,JAM,2022,0
Jamaica,JAM,2023,0
Jamaica,JAM,2024,0
Japan,JPN,1900,57.462296
Japan,JPN,1901,69.22101
Japan,JPN,1902,74.55255
Japan,JPN,1903,77.546135
Japan,JPN,1904,82.413055
Japan,JPN,1905,88.69754
Japan,JPN,1906,99.78489
Japan,JPN,1907,106.10736
Japan,JPN,1908,113.97362
Japan,JPN,1909,115.727646
Japan,JPN,1910,120.58728
Japan,JPN,1911,135.5567
Japan,JPN,1912,150.98575
Japan,JPN,1913,163.82404
Japan,JPN,1914,171.33388
Japan,JPN,1915,157.4939
Japan,JPN,1916,176.01741
Japan,JPN,1917,202.67616
Japan,JPN,1918,215.52826
Japan,JPN,1919,240.44946
Japan,JPN,1920,224.87193
Japan,JPN,1921,201.58583
Japan,JPN,1922,213.00044
Japan,JPN,1923,222.52823
Japan,JPN,1924,231.51399
Japan,JPN,1925,241.83556
Japan,JPN,1926,241.56853
Japan,JPN,1927,257.76065
Japan,JPN,1928,260.20175
Japan,JPN,1929,263.23138
Japan,JPN,1930,241.09125
Japan,JPN,1931,215.05826
Japan,JPN,1932,215.5378
Japan,JPN,1933,249.86479
Japan,JPN,1934,275.9845
Japan,JPN,1935,290.0366
Japan,JPN,1936,321.04276
Japan,JPN,1937,347.58484
Japan,JPN,1938,373.92862
Japan,JPN,1939,392.6777
Japan,JPN,1940,432.8147
Japan,JPN,1941,434.2009
Japan,JPN,1942,415.12393
Japan,JPN,1943,429.73557
Japan,JPN,1944,412.43106
Japan,JPN,1945,233.68
Japan,JPN,1946,163.2073
Japan,JPN,1947,216.87807
Japan,JPN,1948,265.6938
Japan,JPN,1949,296.11252
Japan,JPN,1950,298.54935
Japan,JPN,1951,336.09753
Japan,JPN,1952,336.82352
Japan,JPN,1953,361.01953
Japan,JPN,1954,331.64996
Japan,JPN,1955,329.18228
Japan,JPN,1956,361.381
Japan,JPN,1957,401.3991
Japan,JPN,1958,385.39334
Japan,JPN,1959,366.55206
Japan,JPN,1960,395.61694
Japan,JPN,1961,421.56656
Japan,JPN,1962,420.38242
Japan,JPN,1963,401.84488
Japan,JPN,1964,392.62915
Japan,JPN,1965,381.60843
Japan,JPN,1966,395.1943
Japan,JPN,1967,365.30756
Japan,JPN,1968,358.21124
Japan,JPN,1969,343.57587
Japan,JPN,1970,305.09705
Japan,JPN,1971,256.88013
Japan,JPN,1972,215.86697
Japan,JPN,1973,172.21126
Japan,JPN,1974,156.21442
Japan,JPN,1975,145.94116
Japan,JPN,1976,141.29292
Japan,JPN,1977,140.15273
Japan,JPN,1978,145.82068
Japan,JPN,1979,135.44347
Japan,JPN,1980,136.55411
Japan,JPN,1981,113.17466
Japan,JPN,1982,114.60849
Japan,JPN,1983,111.02901
Japan,JPN,1984,108.360664
Japan,JPN,1985,106.60346
Japan,JPN,1986,104.19545
Japan,JPN,1987,84.93133
Japan,JPN,1988,73.0865
Japan,JPN,1989,66.31803
Japan,JPN,1990,53.7573
Japan,JPN,1991,52.39059
Japan,JPN,1992,49.461926
Japan,JPN,1993,46.98883
Japan,JPN,1994,45.101463
Japan,JPN,1995,40.74101
Japan,JPN,1996,42.1728
Japan,JPN,1997,27.789793
Japan,JPN,1998,23.81982
Japan,JPN,1999,25.446857
Japan,JPN,2000,18.878025
Japan,JPN,2001,19.300219
Japan,JPN,2002,8.259577
Japan,JPN,2003,8.069427
Japan,JPN,2004,8.073004
Japan,JPN,2005,6.716301
Japan,JPN,2006,8.201802
Japan,JPN,2007,8.584544
Japan,JPN,2008,7.4049506
Japan,JPN,2009,7.724134
Japan,JPN,2010,5.5307794
Japan,JPN,2011,7.668947
Japan,JPN,2012,7.967745
Japan,JPN,2013,8.15816
Japan,JPN,2014,8.862289
Japan,JPN,2015,7.9357557
Japan,JPN,2016,9.085345
Japan,JPN,2017,9.411325
Japan,JPN,2018,6.714966
Japan,JPN,2019,4.8931074
Japan,JPN,2020,4.9812713
Japan,JPN,2021,4.54733
Japan,JPN,2022,4.6985197
Japan,JPN,2023,4.46592
Japan,JPN,2024,3.6518202
Japan,JPN,2025,3.16336
Jordan,JOR,1980,0
Jordan,JOR,1981,0
Jordan,JOR,1982,0
Jordan,JOR,1983,0
Jordan,JOR,1984,0
Jordan,JOR,1985,0
Jordan,JOR,1986,0
Jordan,JOR,1987,0
Jordan,JOR,1988,0
Jordan,JOR,1989,0
Jordan,JOR,1990,0
Jordan,JOR,1991,0
Jordan,JOR,1992,0
Jordan,JOR,1993,0
Jordan,JOR,1994,0
Jordan,JOR,1995,0
Jordan,JOR,1996,0
Jordan,JOR,1997,0
Jordan,JOR,1998,0
Jordan,JOR,1999,0
Jordan,JOR,2000,0
Jordan,JOR,2001,0
Jordan,JOR,2002,0
Jordan,JOR,2003,0
Jordan,JOR,2004,0
Jordan,JOR,2005,0
Jordan,JOR,2006,0
Jordan,JOR,2007,0
Jordan,JOR,2008,0
Jordan,JOR,2009,0
Jordan,JOR,2010,0
Jordan,JOR,2011,0
Jordan,JOR,2012,0
Jordan,JOR,2013,0
Jordan,JOR,2014,0
Jordan,JOR,2015,0
Jordan,JOR,2016,0
Jordan,JOR,2017,0
Jordan,JOR,2018,0
Jordan,JOR,2019,0
Jordan,JOR,2020,0
Jordan,JOR,2021,0
Jordan,JOR,2022,0
Jordan,JOR,2023,0
Jordan,JOR,2024,0
Kazakhstan,KAZ,1985,666.0592
Kazakhstan,KAZ,1986,699.6717
Kazakhstan,KAZ,1987,722.75964
Kazakhstan,KAZ,1988,725.01624
Kazakhstan,KAZ,1989,699.64404
Kazakhstan,KAZ,1990,663.75806
Kazakhstan,KAZ,1991,657.50616
Kazakhstan,KAZ,1992,637.49243
Kazakhstan,KAZ,1993,561.884
Kazakhstan,KAZ,1994,524.65326
Kazakhstan,KAZ,1995,417.73364
Kazakhstan,KAZ,1996,385.17813
Kazakhstan,KAZ,1997,365.8395
Kazakhstan,KAZ,1998,352.5381
Kazakhstan,KAZ,1999,294.3863
Kazakhstan,KAZ,2000,377.23193
Kazakhstan,KAZ,2001,398.2389
Kazakhstan,KAZ,2002,370.43228
Kazakhstan,KAZ,2003,425.06433
Kazakhstan,KAZ,2004,435.73383
Kazakhstan,KAZ,2005,433.2806
Kazakhstan,KAZ,2006,481.79077
Kazakhstan,KAZ,2007,490.80515
Kazakhstan,KAZ,2008,557.57513
Kazakhstan,KAZ,2009,504.95688
Kazakhstan,KAZ,2010,552.4007
Kazakhstan,KAZ,2011,578.6068
Kazakhstan,KAZ,2012,600.4887
Kazakhstan,KAZ,2013,597.50604
Kazakhstan,KAZ,2014,580.8007
Kazakhstan,KAZ,2015,460.30402
Kazakhstan,KAZ,2016,487.20987
Kazakhstan,KAZ,2017,534.19403
Kazakhstan,KAZ,2018,549.04486
Kazakhstan,KAZ,2019,522.38556
Kazakhstan,KAZ,2020,515.37787
Kazakhstan,KAZ,2021,533.34015
Kazakhstan,KAZ,2022,540.9845
Kazakhstan,KAZ,2023,558.4353
Kazakhstan,KAZ,2024,532.89703
Kazakhstan,KAZ,2025,568.4669
Kenya,KEN,1980,0
Kenya,KEN,1981,0
Kenya,KEN,1982,0
Kenya,KEN,1983,0
Kenya,KEN,1984,0
Kenya,KEN,1985,0
Kenya,KEN,1986,0
Kenya,KEN,1987,0
Kenya,KEN,1988,0
Kenya,KEN,1989,0
Kenya,KEN,1990,0
Kenya,KEN,1991,0
Kenya,KEN,1992,0
Kenya,KEN,1993,0
Kenya,KEN,1994,0
Kenya,KEN,1995,0
Kenya,KEN,1996,0
Kenya,KEN,1997,0
Kenya,KEN,1998,0
Kenya,KEN,1999,0
Kenya,KEN,2000,0
Kenya,KEN,2001,0
Kenya,KEN,2002,0
Kenya,KEN,2003,0
Kenya,KEN,2004,0
Kenya,KEN,2005,0
Kenya,KEN,2006,0
Kenya,KEN,2007,0
Kenya,KEN,2008,0
Kenya,KEN,2009,0
Kenya,KEN,2010,0
Kenya,KEN,2011,0
Kenya,KEN,2012,0
Kenya,KEN,2013,0
Kenya,KEN,2014,0
Kenya,KEN,2015,0
Kenya,KEN,2016,0
Kenya,KEN,2017,0
Kenya,KEN,2018,0
Kenya,KEN,2019,0
Kenya,KEN,2020,0
Kenya,KEN,2021,0
Kenya,KEN,2022,0
Kenya,KEN,2023,0
Kenya,KEN,2024,0
Kiribati,KIR,1980,0
Kiribati,KIR,1981,0
Kiribati,KIR,1982,0
Kiribati,KIR,1983,0
Kiribati,KIR,1984,0
Kiribati,KIR,1985,0
Kiribati,KIR,1986,0
Kiribati,KIR,1987,0
Kiribati,KIR,1988,0
Kiribati,KIR,1989,0
Kiribati,KIR,1990,0
Kiribati,KIR,1991,0
Kiribati,KIR,1992,0
Kiribati,KIR,1993,0
Kiribati,KIR,1994,0
Kiribati,KIR,1995,0
Kiribati,KIR,1996,0
Kiribati,KIR,1997,0
Kiribati,KIR,1998,0
Kiribati,KIR,1999,0
Kiribati,KIR,2000,0
Kiribati,KIR,2001,0
Kiribati,KIR,2002,0
Kiribati,KIR,2003,0
Kiribati,KIR,2004,0
Kiribati,KIR,2005,0
Kiribati,KIR,2006,0
Kiribati,KIR,2007,0
Kiribati,KIR,2008,0
Kiribati,KIR,2009,0
Kiribati,KIR,2010,0
Kiribati,KIR,2011,0
Kiribati,KIR,2012,0
Kiribati,KIR,2013,0
Kiribati,KIR,2014,0
Kiribati,KIR,2015,0
Kiribati,KIR,2016,0
Kiribati,KIR,2017,0
Kiribati,KIR,2018,0
Kiribati,KIR,2019,0
Kiribati,KIR,2020,0
Kiribati,KIR,2021,0
Kiribati,KIR,2022,0
Kiribati,KIR,2023,0
Kiribati,KIR,2024,0
Kosovo,OWID_KOS,2008,17.607718
Kosovo,OWID_KOS,2009,19.598621
Kosovo,OWID_KOS,2010,19.731073
Kosovo,OWID_KOS,2011,18.917742
Kosovo,OWID_KOS,2012,19.809717
Kosovo,OWID_KOS,2013,18.749872
Kosovo,OWID_KOS,2014,16.434368
Kosovo,OWID_KOS,2015,18.80006
Kosovo,OWID_KOS,2016,20.07758
Kosovo,OWID_KOS,2017,17.280035
Kosovo,OWID_KOS,2018,17.476385
Kosovo,OWID_KOS,2019,18.393991
Kosovo,OWID_KOS,2020,19.120623
Kosovo,OWID_KOS,2021,19.471752
Kosovo,OWID_KOS,2022,19.665752
Kosovo,OWID_KOS,2023,15.00509
Kosovo,OWID_KOS,2024,17.48669
Kuwait,KWT,1980,0
Kuwait,KWT,1981,0
Kuwait,KWT,1982,0
Kuwait,KWT,1983,0
Kuwait,KWT,1984,0
Kuwait,KWT,1985,0
Kuwait,KWT,1986,0
Kuwait,KWT,1987,0
Kuwait,KWT,1988,0
Kuwait,KWT,1989,0
Kuwait,KWT,1990,0
Kuwait,KWT,1991,0
Kuwait,KWT,1992,0
Kuwait,KWT,1993,0
Kuwait,KWT,1994,0
Kuwait,KWT,1995,0
Kuwait,KWT,1996,0
Kuwait,KWT,1997,0
Kuwait,KWT,1998,0
Kuwait,KWT,1999,0
Kuwait,KWT,2000,0
Kuwait,KWT,2001,0
Kuwait,KWT,2002,0
Kuwait,KWT,2003,0
Kuwait,KWT,2004,0
Kuwait,KWT,2005,0
Kuwait,KWT,2006,0
Kuwait,KWT,2007,0
Kuwait,KWT,2008,0
Kuwait,KWT,2009,0
Kuwait,KWT,2010,0
Kuwait,KWT,2011,0
Kuwait,KWT,2012,0
Kuwait,KWT,2013,0
Kuwait,KWT,2014,0
Kuwait,KWT,2015,0
Kuwait,KWT,2016,0
Kuwait,KWT,2017,0
Kuwait,KWT,2018,0
Kuwait,KWT,2019,0
Kuwait,KWT,2020,0
Kuwait,KWT,2021,0
Kuwait,KWT,2022,0
Kuwait,KWT,2023,0
Kuwait,KWT,2024,0
Kyrgyzstan,KGZ,1992,9.902874
Kyrgyzstan,KGZ,1993,7.9232197
Kyrgyzstan,KGZ,1994,3.89025
Kyrgyzstan,KGZ,1995,2.1315808
Kyrgyzstan,KGZ,1996,1.8829731
Kyrgyzstan,KGZ,1997,2.4032075
Kyrgyzstan,KGZ,1998,1.9888616
Kyrgyzstan,KGZ,1999,1.9198039
Kyrgyzstan,KGZ,2000,1.9566346
Kyrgyzstan,KGZ,2001,2.1914308
Kyrgyzstan,KGZ,2002,2.1131654
Kyrgyzstan,KGZ,2003,1.9152
Kyrgyzstan,KGZ,2004,2.122373
Kyrgyzstan,KGZ,2005,1.5422884
Kyrgyzstan,KGZ,2006,1.4778346
Kyrgyzstan,KGZ,2007,1.8185192
Kyrgyzstan,KGZ,2008,2.2328653
Kyrgyzstan,KGZ,2009,2.7945347
Kyrgyzstan,KGZ,2010,2.6472116
Kyrgyzstan,KGZ,2011,3.8257961
Kyrgyzstan,KGZ,2012,5.3588767
Kyrgyzstan,KGZ,2013,6.4822154
Kyrgyzstan,KGZ,2014,8.258826
Kyrgyzstan,KGZ,2015,8.360417
Kyrgyzstan,KGZ,2016,8.375009
Kyrgyzstan,KGZ,2017,8.458914
Kyrgyzstan,KGZ,2018,10.843466
Kyrgyzstan,KGZ,2019,11.754904
Kyrgyzstan,KGZ,2020,12.407719
Kyrgyzstan,KGZ,2021,9.662138
Kyrgyzstan,KGZ,2022,15.869646
Kyrgyzstan,KGZ,2023,16.414377
Kyrgyzstan,KGZ,2024,19.864952
Laos,LAO,1980,0
Laos,LAO,1981,0
Laos,LAO,1982,0
Laos,LAO,1983,0
Laos,LAO,1984,0
Laos,LAO,1985,0
Laos,LAO,1986,0
Laos,LAO,1987,0
Laos,LAO,1988,0
Laos,LAO,1989,0
Laos,LAO,1990,0.021217957
Laos,LAO,1991,0.03536326
Laos,LAO,1992,0.06365387
Laos,LAO,1993,0.099017136
Laos,LAO,1994,0.1343804
Laos,LAO,1995,0.162671
Laos,LAO,1996,0.33566657
Laos,LAO,1997,0.60605
Laos,LAO,1998,0.97360003
Laos,LAO,1999,1.3008168
Laos,LAO,2000,1.008176
Laos,LAO,2001,1.1028168
Laos,LAO,2002,1.2216331
Laos,LAO,2003,1.3574411
Laos,LAO,2004,1.6172975
Laos,LAO,2005,1.7409085
Laos,LAO,2006,1.9218036
Laos,LAO,2007,2.193529
Laos,LAO,2008,2.5089197
Laos,LAO,2009,2.8019943
Laos,LAO,2010,3.891924
Laos,LAO,2011,4.4078264
Laos,LAO,2012,4.8373647
Laos,LAO,2013,5.3533764
Laos,LAO,2014,5.8693886
Laos,LAO,2015,20.388384
Laos,LAO,2016,55.338463
Laos,LAO,2017,56.709373
Laos,LAO,2018,66.98485
Laos,LAO,2019,64.48871
Laos,LAO,2020,62.073196
Laos,LAO,2021,62.065037
Laos,LAO,2022,55.718098
Laos,LAO,2023,64.95215
Laos,LAO,2024,69.94283
Latvia,LVA,1992,0
Latvia,LVA,1993,0
Latvia,LVA,1994,0
Latvia,LVA,1995,0
Latvia,LVA,1996,0
Latvia,LVA,1997,0
Latvia,LVA,1998,0
Latvia,LVA,1999,0
Latvia,LVA,2000,0
Latvia,LVA,2001,0
Latvia,LVA,2002,0
Latvia,LVA,2003,0
Latvia,LVA,2004,0
Latvia,LVA,2005,0
Latvia,LVA,2006,0
Latvia,LVA,2007,0
Latvia,LVA,2008,0
Latvia,LVA,2009,0
Latvia,LVA,2010,0
Latvia,LVA,2011,0
Latvia,LVA,2012,0
Latvia,LVA,2013,0
Latvia,LVA,2014,0
Latvia,LVA,2015,0
Latvia,LVA,2016,0
Latvia,LVA,2017,0
Latvia,LVA,2018,0
Latvia,LVA,2019,0
Latvia,LVA,2020,0
Latvia,LVA,2021,0
Latvia,LVA,2022,0
Latvia,LVA,2023,0
Latvia,LVA,2024,0
Lebanon,LBN,1980,0
Lebanon,LBN,1981,0
Lebanon,LBN,1982,0
Lebanon,LBN,1983,0
Lebanon,LBN,1984,0
Lebanon,LBN,1985,0
Lebanon,LBN,1986,0
Lebanon,LBN,1987,0
Lebanon,LBN,1988,0
Lebanon,LBN,1989,0
Lebanon,LBN,1990,0
Lebanon,LBN,1991,0
Lebanon,LBN,1992,0
Lebanon,LBN,1993,0
Lebanon,LBN,1994,0
Lebanon,LBN,1995,0
Lebanon,LBN,1996,0
Lebanon,LBN,1997,0
Lebanon,LBN,1998,0
Lebanon,LBN,1999,0
Lebanon,LBN,2000,0
Lebanon,LBN,2001,0
Lebanon,LBN,2002,0
Lebanon,LBN,2003,0
Lebanon,LBN,2004,0
Lebanon,LBN,2005,0
Lebanon,LBN,2006,0
Lebanon,LBN,2007,0
Lebanon,LBN,2008,0
Lebanon,LBN,2009,0
Lebanon,LBN,2010,0
Lebanon,LBN,2011,0
Lebanon,LBN,2012,0
Lebanon,LBN,2013,0
Lebanon,LBN,2014,0
Lebanon,LBN,2015,0
Lebanon,LBN,2016,0
Lebanon,LBN,2017,0
Lebanon,LBN,2018,0
Lebanon,LBN,2019,0
Lebanon,LBN,2020,0
Lebanon,LBN,2021,0
Lebanon,LBN,2022,0
Lebanon,LBN,2023,0
Lebanon,LBN,2024,0
Lesotho,LSO,1980,0
Lesotho,LSO,1981,0
Lesotho,LSO,1982,0
Lesotho,LSO,1983,0
Lesotho,LSO,1984,0
Lesotho,LSO,1985,0
Lesotho,LSO,1986,0
Lesotho,LSO,1987,0
Lesotho,LSO,1988,0
Lesotho,LSO,1989,0
Lesotho,LSO,1990,0
Lesotho,LSO,1991,0
Lesotho,LSO,1992,0
Lesotho,LSO,1993,0
Lesotho,LSO,1994,0
Lesotho,LSO,1995,0
Lesotho,LSO,1996,0
Lesotho,LSO,1997,0
Lesotho,LSO,1998,0
Lesotho,LSO,1999,0
Lesotho,LSO,2000,0
Lesotho,LSO,2001,0
Lesotho,LSO,2002,0
Lesotho,LSO,2003,0
Lesotho,LSO,2004,0
Lesotho,LSO,2005,0
Lesotho,LSO,2006,0
Lesotho,LSO,2007,0
Lesotho,LSO,2008,0
Lesotho,LSO,2009,0
Lesotho,LSO,2010,0
Lesotho,LSO,2011,0
Lesotho,LSO,2012,0
Lesotho,LSO,2013,0
Lesotho,LSO,2014,0
Lesotho,LSO,2015,0
Lesotho,LSO,2016,0
Lesotho,LSO,2017,0
Lesotho,LSO,2018,0
Lesotho,LSO,2019,0
Lesotho,LSO,2020,0
Lesotho,LSO,2021,0
Lesotho,LSO,2022,0
Lesotho,LSO,2023,0.40070948
Lesotho,LSO,2024,0
Liberia,LBR,1980,0
Liberia,LBR,1981,0
Liberia,LBR,1982,0
Liberia,LBR,1983,0
Liberia,LBR,1984,0
Liberia,LBR,1985,0
Liberia,LBR,1986,0
Liberia,LBR,1987,0
Liberia,LBR,1988,0
Liberia,LBR,1989,0
Liberia,LBR,1990,0
Liberia,LBR,1991,0
Liberia,LBR,1992,0
Liberia,LBR,1993,0
Liberia,LBR,1994,0
Liberia,LBR,1995,0
Liberia,LBR,1996,0
Liberia,LBR,1997,0
Liberia,LBR,1998,0
Liberia,LBR,1999,0
Liberia,LBR,2000,0
Liberia,LBR,2001,0
Liberia,LBR,2002,0
Liberia,LBR,2003,0
Liberia,LBR,2004,0
Liberia,LBR,2005,0
Liberia,LBR,2006,0
Liberia,LBR,2007,0
Liberia,LBR,2008,0
Liberia,LBR,2009,0
Liberia,LBR,2010,0
Liberia,LBR,2011,0
Liberia,LBR,2012,0
Liberia,LBR,2013,0
Liberia,LBR,2014,0
Liberia,LBR,2015,0
Liberia,LBR,2016,0
Liberia,LBR,2017,0
Liberia,LBR,2018,0
Liberia,LBR,2019,0
Liberia,LBR,2020,0
Liberia,LBR,2021,0
Liberia,LBR,2022,0
Liberia,LBR,2023,0
Liberia,LBR,2024,0
Libya,LBY,1980,0
Libya,LBY,1981,0
Libya,LBY,1982,0
Libya,LBY,1983,0
Libya,LBY,1984,0
Libya,LBY,1985,0
Libya,LBY,1986,0
Libya,LBY,1987,0
Libya,LBY,1988,0
Libya,LBY,1989,0
Libya,LBY,1990,0
Libya,LBY,1991,0
Libya,LBY,1992,0
Libya,LBY,1993,0
Libya,LBY,1994,0
Libya,LBY,1995,0
Libya,LBY,1996,0
Libya,LBY,1997,0
Libya,LBY,1998,0
Libya,LBY,1999,0
Libya,LBY,2000,0
Libya,LBY,2001,0
Libya,LBY,2002,0
Libya,LBY,2003,0
Libya,LBY,2004,0
Libya,LBY,2005,0
Libya,LBY,2006,0
Libya,LBY,2007,0
Libya,LBY,2008,0
Libya,LBY,2009,0
Libya,LBY,2010,0
Libya,LBY,2011,0
Libya,LBY,2012,0
Libya,LBY,2013,0
Libya,LBY,2014,0
Libya,LBY,2015,0
Libya,LBY,2016,0
Libya,LBY,2017,0
Libya,LBY,2018,0
Libya,LBY,2019,0
Libya,LBY,2020,0
Libya,LBY,2021,0
Libya,LBY,2022,0
Libya,LBY,2023,0
Libya,LBY,2024,0
Lithuania,LTU,1992,0
Lithuania,LTU,1993,0
Lithuania,LTU,1994,0
Lithuania,LTU,1995,0
Lithuania,LTU,1996,0
Lithuania,LTU,1997,0
Lithuania,LTU,1998,0
Lithuania,LTU,1999,0
Lithuania,LTU,2000,0
Lithuania,LTU,2001,0
Lithuania,LTU,2002,0
Lithuania,LTU,2003,0
Lithuania,LTU,2004,0
Lithuania,LTU,2005,0
Lithuania,LTU,2006,0
Lithuania,LTU,2007,0
Lithuania,LTU,2008,0
Lithuania,LTU,2009,0
Lithuania,LTU,2010,0
Lithuania,LTU,2011,0
Lithuania,LTU,2012,0
Lithuania,LTU,2013,0
Lithuania,LTU,2014,0
Lithuania,LTU,2015,0
Lithuania,LTU,2016,0
Lithuania,LTU,2017,0
Lithuania,LTU,2018,0
Lithuania,LTU,2019,0
Lithuania,LTU,2020,0
Lithuania,LTU,2021,0
Lithuania,LTU,2022,0
Lithuania,LTU,2023,0
Lithuania,LTU,2024,0
Low-income countries,OWID_LIC,1980,235.01678
Low-income countries,OWID_LIC,1981,244.64288
Low-income countries,OWID_LIC,1982,257.04678
Low-income countries,OWID_LIC,1983,260.40485
Low-income countries,OWID_LIC,1984,267.15167
Low-income countries,OWID_LIC,1985,211.54861
Low-income countries,OWID_LIC,1986,210.04558
Low-income countries,OWID_LIC,1987,208.87338
Low-income countries,OWID_LIC,1988,251.1377
Low-income countries,OWID_LIC,1989,194.76424
Low-income countries,OWID_LIC,1990,258.19022
Low-income countries,OWID_LIC,1991,269.5918
Low-income countries,OWID_LIC,1992,277.78012
Low-income countries,OWID_LIC,1993,254.70404
Low-income countries,OWID_LIC,1994,238.84122
Low-income countries,OWID_LIC,1995,222.74762
Low-income countries,OWID_LIC,1996,197.91553
Low-income countries,OWID_LIC,1997,194.06258
Low-income countries,OWID_LIC,1998,175.48512
Low-income countries,OWID_LIC,1999,197.88351
Low-income countries,OWID_LIC,2000,212.00363
Low-income countries,OWID_LIC,2001,217.60364
Low-income countries,OWID_LIC,2002,209.77248
Low-income countries,OWID_LIC,2003,216.41702
Low-income countries,OWID_LIC,2004,227.59357
Low-income countries,OWID_LIC,2005,248.66544
Low-income countries,OWID_LIC,2006,251.94627
Low-income countries,OWID_LIC,2007,219.83464
Low-income countries,OWID_LIC,2008,234.07117
Low-income countries,OWID_LIC,2009,184.19724
Low-income countries,OWID_LIC,2010,186.79591
Low-income countries,OWID_LIC,2011,198.34045
Low-income countries,OWID_LIC,2012,235.35086
Low-income countries,OWID_LIC,2013,287.0006
Low-income countries,OWID_LIC,2014,295.53052
Low-income countries,OWID_LIC,2015,294.43213
Low-income countries,OWID_LIC,2016,321.94
Low-income countries,OWID_LIC,2017,345.89948
Low-income countries,OWID_LIC,2018,319.88144
Low-income countries,OWID_LIC,2019,305.1347
Low-income countries,OWID_LIC,2020,259.46967
Low-income countries,OWID_LIC,2021,254.19188
Low-income countries,OWID_LIC,2022,247.33354
Low-income countries,OWID_LIC,2023,237.10915
Low-income countries,OWID_LIC,2024,300.6863
Lower-middle-income countries,OWID_LMC,1980,589.28265
Lower-middle-income countries,OWID_LMC,1981,771.80756
Lower-middle-income countries,OWID_LMC,1982,764.6515
Lower-middle-income countries,OWID_LMC,1983,811.6183
Lower-middle-income countries,OWID_LMC,1984,850.83057
Lower-middle-income countries,OWID_LMC,1985,894.0711
Lower-middle-income countries,OWID_LMC,1986,966.56384
Lower-middle-income countries,OWID_LMC,1987,1059.6078
Lower-middle-income countries,OWID_LMC,1988,1134.247
Lower-middle-income countries,OWID_LMC,1989,1238.0577
Lower-middle-income countries,OWID_LMC,1990,1331.5613
Lower-middle-income countries,OWID_LMC,1991,1418.4907
Lower-middle-income countries,OWID_LMC,1992,1488.5596
Lower-middle-income countries,OWID_LMC,1993,1543.4797
Lower-middle-income countries,OWID_LMC,1994,1573.0784
Lower-middle-income countries,OWID_LMC,1995,1652.8451
Lower-middle-income countries,OWID_LMC,1996,1760.4786
Lower-middle-income countries,OWID_LMC,1997,1824.5193
Lower-middle-income countries,OWID_LMC,1998,1826.2241
Lower-middle-income countries,OWID_LMC,1999,1786.3726
Lower-middle-income countries,OWID_LMC,2000,1896.1355
Lower-middle-income countries,OWID_LMC,2001,1918.6904
Lower-middle-income countries,OWID_LMC,2002,1998.6663
Lower-middle-income countries,OWID_LMC,2003,2059.2178
Lower-middle-income countries,OWID_LMC,2004,2234.7532
Lower-middle-income countries,OWID_LMC,2005,2321.4692
Lower-middle-income countries,OWID_LMC,2006,2411.3413
Lower-middle-income countries,OWID_LMC,2007,2550.4617
Lower-middle-income countries,OWID_LMC,2008,2734.1917
Lower-middle-income countries,OWID_LMC,2009,2928.2993
Lower-middle-income countries,OWID_LMC,2010,3008.8232
Lower-middle-income countries,OWID_LMC,2011,2985.9453
Lower-middle-income countries,OWID_LMC,2012,3022.4553
Lower-middle-income countries,OWID_LMC,2013,3036.801
Lower-middle-income countries,OWID_LMC,2014,3215.8413
Lower-middle-income countries,OWID_LMC,2015,3336.1162
Lower-middle-income countries,OWID_LMC,2016,3362.4075
Lower-middle-income countries,OWID_LMC,2017,3392.7126
Lower-middle-income countries,OWID_LMC,2018,3622.771
Lower-middle-income countries,OWID_LMC,2019,3572.0457
Lower-middle-income countries,OWID_LMC,2020,3581.907
Lower-middle-income countries,OWID_LMC,2021,3811.1873
Lower-middle-income countries,OWID_LMC,2022,4281.5786
Lower-middle-income countries,OWID_LMC,2023,4839.452
Lower-middle-income countries,OWID_LMC,2024,5162.396
Lower-middle-income countries,OWID_LMC,2025,5185.0996
Luxembourg,LUX,1980,0
Luxembourg,LUX,1981,0
Luxembourg,LUX,1982,0
Luxembourg,LUX,1983,0
Luxembourg,LUX,1984,0
Luxembourg,LUX,1985,0
Luxembourg,LUX,1986,0
Luxembourg,LUX,1987,0
Luxembourg,LUX,1988,0
Luxembourg,LUX,1989,0
Luxembourg,LUX,1990,0
Luxembourg,LUX,1991,0
Luxembourg,LUX,1992,0
Luxembourg,LUX,1993,0
Luxembourg,LUX,1994,0
Luxembourg,LUX,1995,0
Luxembourg,LUX,1996,0
Luxembourg,LUX,1997,0
Luxembourg,LUX,1998,0
Luxembourg,LUX,1999,0
Luxembourg,LUX,2000,0
Luxembourg,LUX,2001,0
Luxembourg,LUX,2002,0
Luxembourg,LUX,2003,0
Luxembourg,LUX,2004,0
Luxembourg,LUX,2005,0
Luxembourg,LUX,2006,0
Luxembourg,LUX,2007,0
Luxembourg,LUX,2008,0
Luxembourg,LUX,2009,0
Luxembourg,LUX,2010,0
Luxembourg,LUX,2011,0
Luxembourg,LUX,2012,0
Luxembourg,LUX,2013,0
Luxembourg,LUX,2014,0
Luxembourg,LUX,2015,0
Luxembourg,LUX,2016,0
Luxembourg,LUX,2017,0
Luxembourg,LUX,2018,0
Luxembourg,LUX,2019,0
Luxembourg,LUX,2020,0
Luxembourg,LUX,2021,0
Luxembourg,LUX,2022,0
Luxembourg,LUX,2023,0
Luxembourg,LUX,2024,0
Macao,MAC,1980,0
Macao,MAC,1981,0
Macao,MAC,1982,0
Macao,MAC,1983,0
Macao,MAC,1984,0
Macao,MAC,1985,0
Macao,MAC,1986,0
Macao,MAC,1987,0
Macao,MAC,1988,0
Macao,MAC,1989,0
Macao,MAC,1990,0
Macao,MAC,1991,0
Macao,MAC,1992,0
Macao,MAC,1993,0
Macao,MAC,1994,0
Macao,MAC,1995,0
Macao,MAC,1996,0
Macao,MAC,1997,0
Macao,MAC,1998,0
Macao,MAC,1999,0
Macao,MAC,2000,0
Macao,MAC,2001,0
Macao,MAC,2002,0
Macao,MAC,2003,0
Macao,MAC,2004,0
Macao,MAC,2005,0
Macao,MAC,2006,0
Macao,MAC,2007,0
Macao,MAC,2008,0
Macao,MAC,2009,0
Macao,MAC,2010,0
Macao,MAC,2011,0
Macao,MAC,2012,0
Macao,MAC,2013,0
Macao,MAC,2014,0
Macao,MAC,2015,0
Macao,MAC,2016,0
Macao,MAC,2017,0
Macao,MAC,2018,0
Macao,MAC,2019,0
Macao,MAC,2020,0
Macao,MAC,2021,0
Macao,MAC,2022,0
Macao,MAC,2023,0
Macao,MAC,2024,0
Madagascar,MDG,1900,0
Madagascar,MDG,1901,0
Madagascar,MDG,1902,0
Madagascar,MDG,1903,0
Madagascar,MDG,1904,0
Madagascar,MDG,1905,0
Madagascar,MDG,1906,0
Madagascar,MDG,1907,0
Madagascar,MDG,1908,0
Madagascar,MDG,1909,0
Madagascar,MDG,1910,0
Madagascar,MDG,1911,0
Madagascar,MDG,1912,0
Madagascar,MDG,1913,0
Madagascar,MDG,1914,0
Madagascar,MDG,1915,0
Madagascar,MDG,1916,0
Madagascar,MDG,1917,0
Madagascar,MDG,1918,0
Madagascar,MDG,1919,0
Madagascar,MDG,1920,0
Madagascar,MDG,1921,0
Madagascar,MDG,1922,0
Madagascar,MDG,1923,0
Madagascar,MDG,1924,0
Madagascar,MDG,1925,0
Madagascar,MDG,1926,0
Madagascar,MDG,1927,0
Madagascar,MDG,1928,0
Madagascar,MDG,1929,0
Madagascar,MDG,1930,0
Madagascar,MDG,1931,0
Madagascar,MDG,1932,0
Madagascar,MDG,1933,0
Madagascar,MDG,1934,0
Madagascar,MDG,1935,0
Madagascar,MDG,1936,0
Madagascar,MDG,1937,0
Madagascar,MDG,1938,0
Madagascar,MDG,1939,0
Madagascar,MDG,1940,0
Madagascar,MDG,1941,0
Madagascar,MDG,1942,0
Madagascar,MDG,1943,0
Madagascar,MDG,1944,0
Madagascar,MDG,1945,0.024423
Madagascar,MDG,1946,0
Madagascar,MDG,1947,0
Madagascar,MDG,1948,0
Madagascar,MDG,1949,0
Madagascar,MDG,1950,0.016282
Madagascar,MDG,1951,0.040705003
Madagascar,MDG,1952,0.032564
Madagascar,MDG,1953,0.040705003
Madagascar,MDG,1954,0.008141
Madagascar,MDG,1955,0
Madagascar,MDG,1956,0
Madagascar,MDG,1957,0.008141
Madagascar,MDG,1958,0
Madagascar,MDG,1959,0
Madagascar,MDG,1960,0
Madagascar,MDG,1961,0
Madagascar,MDG,1962,0
Madagascar,MDG,1963,0.016282
Madagascar,MDG,1964,0
Madagascar,MDG,1965,0.016282
Madagascar,MDG,1966,0
Madagascar,MDG,1967,0.016282
Madagascar,MDG,1968,0
Madagascar,MDG,1969,0
Madagascar,MDG,1970,0
Madagascar,MDG,1971,0
Madagascar,MDG,1972,0
Madagascar,MDG,1973,0
Madagascar,MDG,1974,0
Madagascar,MDG,1975,0
Madagascar,MDG,1976,0
Madagascar,MDG,1977,0
Madagascar,MDG,1978,0
Madagascar,MDG,1979,0
Madagascar,MDG,1980,0
Madagascar,MDG,1981,0
Madagascar,MDG,1982,0
Madagascar,MDG,1983,0
Madagascar,MDG,1984,0
Madagascar,MDG,1985,0
Madagascar,MDG,1986,0
Madagascar,MDG,1987,0
Madagascar,MDG,1988,0
Madagascar,MDG,1989,0
Madagascar,MDG,1990,0
Madagascar,MDG,1991,0
Madagascar,MDG,1992,0
Madagascar,MDG,1993,0
Madagascar,MDG,1994,0
Madagascar,MDG,1995,0
Madagascar,MDG,1996,0
Madagascar,MDG,1997,0
Madagascar,MDG,1998,0
Madagascar,MDG,1999,0
Madagascar,MDG,2000,0
Madagascar,MDG,2001,0
Madagascar,MDG,2002,0
Madagascar,MDG,2003,0
Madagascar,MDG,2004,0
Madagascar,MDG,2005,0
Madagascar,MDG,2006,0
Madagascar,MDG,2007,0
Madagascar,MDG,2008,0
Madagascar,MDG,2009,0
Madagascar,MDG,2010,0
Madagascar,MDG,2011,0
Madagascar,MDG,2012,0
Madagascar,MDG,2013,0
Madagascar,MDG,2014,0
Madagascar,MDG,2015,0
Madagascar,MDG,2016,0
Madagascar,MDG,2017,0
Madagascar,MDG,2018,0
Madagascar,MDG,2019,0
Madagascar,MDG,2020,0
Madagascar,MDG,2021,0
Madagascar,MDG,2022,0
Madagascar,MDG,2023,0
Madagascar,MDG,2024,0
Malawi,MWI,1980,0
Malawi,MWI,1981,0
Malawi,MWI,1982,0
Malawi,MWI,1983,0.07308477
Malawi,MWI,1984,0.08039321
Malawi,MWI,1985,0.20829146
Malawi,MWI,1986,0.22656263
Malawi,MWI,1987,0.23432787
Malawi,MWI,1988,0.3361896
Malawi,MWI,1989,0.387349
Malawi,MWI,1990,0.3663371
Malawi,MWI,1991,0.372732
Malawi,MWI,1992,0.38004047
Malawi,MWI,1993,0.38004047
Malawi,MWI,1994,0.372732
Malawi,MWI,1995,0.35811508
Malawi,MWI,1996,0.38734895
Malawi,MWI,1997,0.4019659
Malawi,MWI,1998,0.41658285
Malawi,MWI,1999,0.46218768
Malawi,MWI,2000,0.57517666
Malawi,MWI,2001,0.35299915
Malawi,MWI,2002,0.45970282
Malawi,MWI,2003,0.59490955
Malawi,MWI,2004,0.37857878
Malawi,MWI,2005,0.37930962
Malawi,MWI,2006,0.44143164
Malawi,MWI,2007,0.42827636
Malawi,MWI,2008,0.44289333
Malawi,MWI,2009,0.43119976
Malawi,MWI,2010,0.5773692
Malawi,MWI,2011,0.56275225
Malawi,MWI,2012,0.5189014
Malawi,MWI,2013,0.48966756
Malawi,MWI,2014,0.4655496
Malawi,MWI,2015,0.4297381
Malawi,MWI,2016,0.3164568
Malawi,MWI,2017,0.43850824
Malawi,MWI,2018,0.36396185
Malawi,MWI,2019,0.35424158
Malawi,MWI,2020,0.3445213
Malawi,MWI,2021,0.37530825
Malawi,MWI,2022,0.35010394
Malawi,MWI,2023,0.018207842
Malawi,MWI,2024,0.22859304
Malaysia,MYS,1900,0.179102
Malaysia,MYS,1901,0.146538
Malaysia,MYS,1902,0.154679
Malaysia,MYS,1903,0.154679
Malaysia,MYS,1904,0.105833
Malaysia,MYS,1905,0.122115
Malaysia,MYS,1906,0.113974005
Malaysia,MYS,1907,0.268653
Malaysia,MYS,1908,0.27679402
Malaysia,MYS,1909,0.512883
Malaysia,MYS,1910,0.716408
Malaysia,MYS,1911,0
Malaysia,MYS,1912,0
Malaysia,MYS,1913,0
Malaysia,MYS,1914,0.016282
Malaysia,MYS,1915,0.097692
Malaysia,MYS,1916,0.830382
Malaysia,MYS,1917,1.261855
Malaysia,MYS,1918,1.375829
Malaysia,MYS,1919,1.5549309
Malaysia,MYS,1920,2.018968
Malaysia,MYS,1921,2.434159
Malaysia,MYS,1922,2.295762
Malaysia,MYS,1923,2.5888379
Malaysia,MYS,1924,3.036593
Malaysia,MYS,1925,3.321528
Malaysia,MYS,1926,3.720437
Malaysia,MYS,1927,3.66345
Malaysia,MYS,1928,4.607806
Malaysia,MYS,1929,5.4707522
Malaysia,MYS,1930,4.681075
Malaysia,MYS,1931,3.329669
Malaysia,MYS,1932,2.295762
Malaysia,MYS,1933,1.8073019
Malaysia,MYS,1934,2.662107
Malaysia,MYS,1935,3.118003
Malaysia,MYS,1936,4.160051
Malaysia,MYS,1937,5.193958
Malaysia,MYS,1938,3.956526
Malaysia,MYS,1939,3.6471682
Malaysia,MYS,1940,6.4639544
Malaysia,MYS,1941,5.682418
Malaysia,MYS,1942,2.027109
Malaysia,MYS,1943,4.0460773
Malaysia,MYS,1944,3.386656
Malaysia,MYS,1945,1.87243
Malaysia,MYS,1946,1.856148
Malaysia,MYS,1947,1.87243
Malaysia,MYS,1948,3.101721
Malaysia,MYS,1949,3.1994128
Malaysia,MYS,1950,3.4355018
Malaysia,MYS,1951,3.1668491
Malaysia,MYS,1952,2.6051202
Malaysia,MYS,1953,2.369031
Malaysia,MYS,1954,1.864289
Malaysia,MYS,1955,1.7014691
Malaysia,MYS,1956,1.506085
Malaysia,MYS,1957,1.261855
Malaysia,MYS,1958,0.55358803
Malaysia,MYS,1959,0.626857
Malaysia,MYS,1960,0.056987002
Malaysia,MYS,1961,0
Malaysia,MYS,1962,0
Malaysia,MYS,1963,0
Malaysia,MYS,1964,0
Malaysia,MYS,1965,0
Malaysia,MYS,1966,0
Malaysia,MYS,1967,0
Malaysia,MYS,1968,0
Malaysia,MYS,1969,0
Malaysia,MYS,1970,0
Malaysia,MYS,1971,0
Malaysia,MYS,1972,0
Malaysia,MYS,1973,0
Malaysia,MYS,1974,0
Malaysia,MYS,1975,0
Malaysia,MYS,1976,0
Malaysia,MYS,1977,0
Malaysia,MYS,1978,0
Malaysia,MYS,1979,0
Malaysia,MYS,1980,0
Malaysia,MYS,1981,0
Malaysia,MYS,1982,0
Malaysia,MYS,1983,0
Malaysia,MYS,1984,0
Malaysia,MYS,1985,0
Malaysia,MYS,1986,0.13774444
Malaysia,MYS,1987,0.55964917
Malaysia,MYS,1988,0.57251465
Malaysia,MYS,1989,0.69791466
Malaysia,MYS,1990,0.71403515
Malaysia,MYS,1991,1.1570714
Malaysia,MYS,1992,1.1411465
Malaysia,MYS,1993,1.274783
Malaysia,MYS,1994,1.4084195
Malaysia,MYS,1995,1.542056
Malaysia,MYS,1996,1.6756924
Malaysia,MYS,1997,1.8093289
Malaysia,MYS,1998,2.026316
Malaysia,MYS,1999,2.1432822
Malaysia,MYS,2000,2.2935889
Malaysia,MYS,2001,3.5122807
Malaysia,MYS,2002,3.6004095
Malaysia,MYS,2003,4.066784
Malaysia,MYS,2004,4.5678916
Malaysia,MYS,2005,5.069
Malaysia,MYS,2006,5.7958994
Malaysia,MYS,2007,6.9151964
Malaysia,MYS,2008,8.066668
Malaysia,MYS,2009,13.753218
Malaysia,MYS,2010,15.419298
Malaysia,MYS,2011,18.75848
Malaysia,MYS,2012,18.977705
Malaysia,MYS,2013,18.617897
Malaysia,MYS,2014,17.043608
Malaysia,MYS,2015,16.462297
Malaysia,MYS,2016,14.532245
Malaysia,MYS,2017,19.227493
Malaysia,MYS,2018,17.065147
Malaysia,MYS,2019,22.252008
Malaysia,MYS,2020,20.995394
Malaysia,MYS,2021,20.064459
Malaysia,MYS,2022,24.839022
Malaysia,MYS,2023,23.99832
Malaysia,MYS,2024,22.217505
Maldives,MDV,1980,0
Maldives,MDV,1981,0
Maldives,MDV,1982,0
Maldives,MDV,1983,0
Maldives,MDV,1984,0
Maldives,MDV,1985,0
Maldives,MDV,1986,0
Maldives,MDV,1987,0
Maldives,MDV,1988,0
Maldives,MDV,1989,0
Maldives,MDV,1990,0
Maldives,MDV,1991,0
Maldives,MDV,1992,0
Maldives,MDV,1993,0
Maldives,MDV,1994,0
Maldives,MDV,1995,0
Maldives,MDV,1996,0
Maldives,MDV,1997,0
Maldives,MDV,1998,0
Maldives,MDV,1999,0
Maldives,MDV,2000,0
Maldives,MDV,2001,0
Maldives,MDV,2002,0
Maldives,MDV,2003,0
Maldives,MDV,2004,0
Maldives,MDV,2005,0
Maldives,MDV,2006,0
Maldives,MDV,2007,0
Maldives,MDV,2008,0
Maldives,MDV,2009,0
Maldives,MDV,2010,0
Maldives,MDV,2011,0
Maldives,MDV,2012,0
Maldives,MDV,2013,0
Maldives,MDV,2014,0
Maldives,MDV,2015,0
Maldives,MDV,2016,0
Maldives,MDV,2017,0
Maldives,MDV,2018,0
Maldives,MDV,2019,0
Maldives,MDV,2020,0
Maldives,MDV,2021,0
Maldives,MDV,2022,0
Maldives,MDV,2023,0
Maldives,MDV,2024,0
Mali,MLI,1980,0
Mali,MLI,1981,0
Mali,MLI,1982,0
Mali,MLI,1983,0
Mali,MLI,1984,0
Mali,MLI,1985,0
Mali,MLI,1986,0
Mali,MLI,1987,0
Mali,MLI,1988,0
Mali,MLI,1989,0
Mali,MLI,1990,0
Mali,MLI,1991,0
Mali,MLI,1992,0
Mali,MLI,1993,0
Mali,MLI,1994,0
Mali,MLI,1995,0
Mali,MLI,1996,0
Mali,MLI,1997,0
Mali,MLI,1998,0
Mali,MLI,1999,0
Mali,MLI,2000,0
Mali,MLI,2001,0
Mali,MLI,2002,0
Mali,MLI,2003,0
Mali,MLI,2004,0
Mali,MLI,2005,0
Mali,MLI,2006,0
Mali,MLI,2007,0
Mali,MLI,2008,0
Mali,MLI,2009,0
Mali,MLI,2010,0
Mali,MLI,2011,0
Mali,MLI,2012,0
Mali,MLI,2013,0
Mali,MLI,2014,0
Mali,MLI,2015,0
Mali,MLI,2016,0
Mali,MLI,2017,0
Mali,MLI,2018,0
Mali,MLI,2019,0
Mali,MLI,2020,0
Mali,MLI,2021,0
Mali,MLI,2022,0
Mali,MLI,2023,0
Mali,MLI,2024,0
Malta,MLT,1980,0
Malta,MLT,1981,0
Malta,MLT,1982,0
Malta,MLT,1983,0
Malta,MLT,1984,0
Malta,MLT,1985,0
Malta,MLT,1986,0
Malta,MLT,1987,0
Malta,MLT,1988,0
Malta,MLT,1989,0
Malta,MLT,1990,0
Malta,MLT,1991,0
Malta,MLT,1992,0
Malta,MLT,1993,0
Malta,MLT,1994,0
Malta,MLT,1995,0
Malta,MLT,1996,0
Malta,MLT,1997,0
Malta,MLT,1998,0
Malta,MLT,1999,0
Malta,MLT,2000,0
Malta,MLT,2001,0
Malta,MLT,2002,0
Malta,MLT,2003,0
Malta,MLT,2004,0
Malta,MLT,2005,0
Malta,MLT,2006,0
Malta,MLT,2007,0
Malta,MLT,2008,0
Malta,MLT,2009,0
Malta,MLT,2010,0
Malta,MLT,2011,0
Malta,MLT,2012,0
Malta,MLT,2013,0
Malta,MLT,2014,0
Malta,MLT,2015,0
Malta,MLT,2016,0
Malta,MLT,2017,0
Malta,MLT,2018,0
Malta,MLT,2019,0
Malta,MLT,2020,0
Malta,MLT,2021,0
Malta,MLT,2022,0
Malta,MLT,2023,0
Malta,MLT,2024,0
Martinique,MTQ,1980,0
Martinique,MTQ,1981,0
Martinique,MTQ,1982,0
Martinique,MTQ,1983,0
Martinique,MTQ,1984,0
Martinique,MTQ,1985,0
Martinique,MTQ,1986,0
Martinique,MTQ,1987,0
Martinique,MTQ,1988,0
Martinique,MTQ,1989,0
Martinique,MTQ,1990,0
Martinique,MTQ,1991,0
Martinique,MTQ,1992,0
Martinique,MTQ,1993,0
Martinique,MTQ,1994,0
Martinique,MTQ,1995,0
Martinique,MTQ,1996,0
Martinique,MTQ,1997,0
Martinique,MTQ,1998,0
Martinique,MTQ,1999,0
Martinique,MTQ,2000,0
Martinique,MTQ,2001,0
Martinique,MTQ,2002,0
Martinique,MTQ,2003,0
Martinique,MTQ,2004,0
Martinique,MTQ,2005,0
Martinique,MTQ,2006,0
Martinique,MTQ,2007,0
Martinique,MTQ,2008,0
Martinique,MTQ,2009,0
Martinique,MTQ,2010,0
Martinique,MTQ,2011,0
Martinique,MTQ,2012,0
Martinique,MTQ,2013,0
Martinique,MTQ,2014,0
Martinique,MTQ,2015,0
Martinique,MTQ,2016,0
Martinique,MTQ,2017,0
Martinique,MTQ,2018,0
Martinique,MTQ,2019,0
Martinique,MTQ,2020,0
Martinique,MTQ,2021,0
Martinique,MTQ,2022,0
Martinique,MTQ,2023,0
Martinique,MTQ,2024,0
Mauritania,MRT,1980,0
Mauritania,MRT,1981,0
Mauritania,MRT,1982,0
Mauritania,MRT,1983,0
Mauritania,MRT,1984,0
Mauritania,MRT,1985,0
Mauritania,MRT,1986,0
Mauritania,MRT,1987,0
Mauritania,MRT,1988,0
Mauritania,MRT,1989,0
Mauritania,MRT,1990,0
Mauritania,MRT,1991,0
Mauritania,MRT,1992,0
Mauritania,MRT,1993,0
Mauritania,MRT,1994,0
Mauritania,MRT,1995,0
Mauritania,MRT,1996,0
Mauritania,MRT,1997,0
Mauritania,MRT,1998,0
Mauritania,MRT,1999,0
Mauritania,MRT,2000,0
Mauritania,MRT,2001,0
Mauritania,MRT,2002,0
Mauritania,MRT,2003,0
Mauritania,MRT,2004,0
Mauritania,MRT,2005,0
Mauritania,MRT,2006,0
Mauritania,MRT,2007,0
Mauritania,MRT,2008,0
Mauritania,MRT,2009,0
Mauritania,MRT,2010,0
Mauritania,MRT,2011,0
Mauritania,MRT,2012,0
Mauritania,MRT,2013,0
Mauritania,MRT,2014,0
Mauritania,MRT,2015,0
Mauritania,MRT,2016,0
Mauritania,MRT,2017,0
Mauritania,MRT,2018,0
Mauritania,MRT,2019,0
Mauritania,MRT,2020,0
Mauritania,MRT,2021,0
Mauritania,MRT,2022,0
Mauritania,MRT,2023,0
Mauritania,MRT,2024,0
Mauritius,MUS,1980,0
Mauritius,MUS,1981,0
Mauritius,MUS,1982,0
Mauritius,MUS,1983,0
Mauritius,MUS,1984,0
Mauritius,MUS,1985,0
Mauritius,MUS,1986,0
Mauritius,MUS,1987,0
Mauritius,MUS,1988,0
Mauritius,MUS,1989,0
Mauritius,MUS,1990,0
Mauritius,MUS,1991,0
Mauritius,MUS,1992,0
Mauritius,MUS,1993,0
Mauritius,MUS,1994,0
Mauritius,MUS,1995,0
Mauritius,MUS,1996,0
Mauritius,MUS,1997,0
Mauritius,MUS,1998,0
Mauritius,MUS,1999,0
Mauritius,MUS,2000,0
Mauritius,MUS,2001,0
Mauritius,MUS,2002,0
Mauritius,MUS,2003,0
Mauritius,MUS,2004,0
Mauritius,MUS,2005,0
Mauritius,MUS,2006,0
Mauritius,MUS,2007,0
Mauritius,MUS,2008,0
Mauritius,MUS,2009,0
Mauritius,MUS,2010,0
Mauritius,MUS,2011,0
Mauritius,MUS,2012,0
Mauritius,MUS,2013,0
Mauritius,MUS,2014,0
Mauritius,MUS,2015,0
Mauritius,MUS,2016,0
Mauritius,MUS,2017,0
Mauritius,MUS,2018,0
Mauritius,MUS,2019,0
Mauritius,MUS,2020,0
Mauritius,MUS,2021,0
Mauritius,MUS,2022,0
Mauritius,MUS,2023,0
Mauritius,MUS,2024,0
Mexico,MEX,1900,3.069092
Mexico,MEX,1901,4.0049324
Mexico,MEX,1902,4.330442
Mexico,MEX,1903,4.685015
Mexico,MEX,1904,5.0919023
Mexico,MEX,1905,4.9058967
Mexico,MEX,1906,5.208156
Mexico,MEX,1907,5.4929767
Mexico,MEX,1908,6.2951264
Mexico,MEX,1909,7.568102
Mexico,MEX,1910,7.858735
Mexico,MEX,1911,8.137744
Mexico,MEX,1912,5.708046
Mexico,MEX,1913,3.4876044
Mexico,MEX,1914,4.533886
Mexico,MEX,1915,2.6157033
Mexico,MEX,1916,1.7438022
Mexico,MEX,1917,2.5052624
Mexico,MEX,1918,4.539698
Mexico,MEX,1919,4.033996
Mexico,MEX,1920,4.1560616
Mexico,MEX,1921,4.2723155
Mexico,MEX,1922,0.54057866
Mexico,MEX,1923,7.3355947
Mexico,MEX,1924,7.132151
Mexico,MEX,1925,8.399314
Mexico,MEX,1926,7.6087904
Mexico,MEX,1927,5.9928665
Mexico,MEX,1928,5.9463654
Mexico,MEX,1929,6.1265583
Mexico,MEX,1930,7.5216002
Mexico,MEX,1931,5.3592854
Mexico,MEX,1932,4.0165577
Mexico,MEX,1933,3.7608001
Mexico,MEX,1934,4.5455112
Mexico,MEX,1935,7.2949057
Mexico,MEX,1936,7.6029773
Mexico,MEX,1937,7.2193413
Mexico,MEX,1938,6.353253
Mexico,MEX,1939,5.097715
Mexico,MEX,1940,4.743142
Mexico,MEX,1941,4.975649
Mexico,MEX,1942,5.312784
Mexico,MEX,1943,6.1265583
Mexico,MEX,1944,5.2546573
Mexico,MEX,1945,5.318597
Mexico,MEX,1946,5.6847954
Mexico,MEX,1947,6.0451813
Mexico,MEX,1948,6.1439962
Mexico,MEX,1949,6.2486243
Mexico,MEX,1950,5.301159
Mexico,MEX,1951,6.5043826
Mexico,MEX,1952,7.655292
Mexico,MEX,1953,8.32375
Mexico,MEX,1954,7.6378536
Mexico,MEX,1955,7.8006086
Mexico,MEX,1956,9.027082
Mexico,MEX,1957,8.980581
Mexico,MEX,1958,8.550444
Mexico,MEX,1959,9.218902
Mexico,MEX,1960,10.294246
Mexico,MEX,1961,10.567441
Mexico,MEX,1962,11.003392
Mexico,MEX,1963,12.038048
Mexico,MEX,1964,12.427497
Mexico,MEX,1965,11.660224
Mexico,MEX,1966,12.212428
Mexico,MEX,1967,13.880666
Mexico,MEX,1968,15.142015
Mexico,MEX,1969,14.287552
Mexico,MEX,1970,17.159014
Mexico,MEX,1971,20.646618
Mexico,MEX,1972,18.972569
Mexico,MEX,1973,24.77943
Mexico,MEX,1974,30.028275
Mexico,MEX,1975,30.185215
Mexico,MEX,1976,32.841606
Mexico,MEX,1977,38.421776
Mexico,MEX,1978,39.270428
Mexico,MEX,1979,42.763844
Mexico,MEX,1980,41.770576
Mexico,MEX,1981,19.762499
Mexico,MEX,1982,23.763056
Mexico,MEX,1983,30.176666
Mexico,MEX,1984,32.878056
Mexico,MEX,1985,33.733334
Mexico,MEX,1986,36.53528
Mexico,MEX,1987,40.55139
Mexico,MEX,1988,36.204723
Mexico,MEX,1989,38.895275
Mexico,MEX,1990,39.37694
Mexico,MEX,1991,35.756386
Mexico,MEX,1992,33.211666
Mexico,MEX,1993,35.948612
Mexico,MEX,1994,48.61111
Mexico,MEX,1995,47.974167
Mexico,MEX,1996,53.108612
Mexico,MEX,1997,52.69694
Mexico,MEX,1998,55.391945
Mexico,MEX,1999,56.623886
Mexico,MEX,2000,62.97278
Mexico,MEX,2001,48.404804
Mexico,MEX,2002,39.43668
Mexico,MEX,2003,51.32849
Mexico,MEX,2004,68.34698
Mexico,MEX,2005,70.61392
Mexico,MEX,2006,78.71961
Mexico,MEX,2007,84.94326
Mexico,MEX,2008,80.50447
Mexico,MEX,2009,70.74123
Mexico,MEX,2010,85.13548
Mexico,MEX,2011,108.96731
Mexico,MEX,2012,86.33483
Mexico,MEX,2013,83.29921
Mexico,MEX,2014,84.3694
Mexico,MEX,2015,79.91293
Mexico,MEX,2016,70.601425
Mexico,MEX,2017,85.62223
Mexico,MEX,2018,77.66055
Mexico,MEX,2019,64.01667
Mexico,MEX,2020,53.413887
Mexico,MEX,2021,38.211388
Mexico,MEX,2022,38.219444
Mexico,MEX,2023,4.16126
Mexico,MEX,2024,4.1628294
Mexico,MEX,2025,4.1914754
Micronesia (country),FSM,1980,0
Micronesia (country),FSM,1981,0
Micronesia (country),FSM,1982,0
Micronesia (country),FSM,1983,0
Micronesia (country),FSM,1984,0
Micronesia (country),FSM,1985,0
Micronesia (country),FSM,1986,0
Micronesia (country),FSM,1987,0
Micronesia (country),FSM,1988,0
Micronesia (country),FSM,1989,0
Micronesia (country),FSM,1990,0
Micronesia (country),FSM,1991,0
Micronesia (country),FSM,1992,0
Micronesia (country),FSM,1993,0
Micronesia (country),FSM,1994,0
Micronesia (country),FSM,1995,0
Micronesia (country),FSM,1996,0
Micronesia (country),FSM,1997,0
Micronesia (country),FSM,1998,0
Micronesia (country),FSM,1999,0
Micronesia (country),FSM,2000,0
Micronesia (country),FSM,2001,0
Micronesia (country),FSM,2002,0
Micronesia (country),FSM,2003,0
Micronesia (country),FSM,2004,0
Micronesia (country),FSM,2005,0
Micronesia (country),FSM,2006,0
Micronesia (country),FSM,2007,0
Micronesia (country),FSM,2008,0
Micronesia (country),FSM,2009,0
Micronesia (country),FSM,2010,0
Micronesia (country),FSM,2011,0
Micronesia (country),FSM,2012,0
Micronesia (country),FSM,2013,0
Micronesia (country),FSM,2014,0
Micronesia (country),FSM,2015,0
Micronesia (country),FSM,2016,0
Micronesia (country),FSM,2017,0
Micronesia (country),FSM,2018,0
Micronesia (country),FSM,2019,0
Micronesia (country),FSM,2020,0
Micronesia (country),FSM,2021,0
Micronesia (country),FSM,2022,0
Micronesia (country),FSM,2023,0
Micronesia (country),FSM,2024,0
Middle East (EI),,1981,6.4586625
Middle East (EI),,1982,7.2597365
Middle East (EI),,1983,7.2597365
Middle East (EI),,1984,7.4242435
Middle East (EI),,1985,7.9106092
Middle East (EI),,1986,7.5887494
Middle East (EI),,1987,7.7461033
Middle East (EI),,1988,8.23247
Middle East (EI),,1989,6.136802
Middle East (EI),,1990,6.3063607
Middle East (EI),,1991,6.5072503
Middle East (EI),,1992,5.233605
Middle East (EI),,1993,8.550786
Middle East (EI),,1994,8.373586
Middle East (EI),,1995,8.271442
Middle East (EI),,1996,7.759661
Middle East (EI),,1997,7.5011826
Middle East (EI),,1998,9.316802
Middle East (EI),,1999,7.9842973
Middle East (EI),,2000,8.640997
Middle East (EI),,2001,8.425377
Middle East (EI),,2002,7.8862844
Middle East (EI),,2003,8.657053
Middle East (EI),,2004,9.238607
Middle East (EI),,2005,11.602195
Middle East (EI),,2006,12.307035
Middle East (EI),,2007,12.381811
Middle East (EI),,2008,11.843173
Middle East (EI),,2009,8.729142
Middle East (EI),,2010,8.265308
Middle East (EI),,2011,8.784102
Middle East (EI),,2012,7.912068
Middle East (EI),,2013,8.367495
Middle East (EI),,2014,8.124992
Middle East (EI),,2015,9.089024
Middle East (EI),,2016,10.014966
Middle East (EI),,2017,10.30518
Middle East (EI),,2018,12.970583
Middle East (EI),,2019,11.784618
Middle East (EI),,2020,12.374402
Middle East (EI),,2021,11.6278715
Middle East (EI),,2022,17.59689
Middle East (EI),,2023,20.272163
Middle East (EI),,2024,21.493103
Middle East (EI),,2025,22.208765
Moldova,MDA,1992,0
Moldova,MDA,1993,0
Moldova,MDA,1994,0
Moldova,MDA,1995,0
Moldova,MDA,1996,0
Moldova,MDA,1997,0
Moldova,MDA,1998,0
Moldova,MDA,1999,0
Moldova,MDA,2000,0
Moldova,MDA,2001,0
Moldova,MDA,2002,0
Moldova,MDA,2003,0
Moldova,MDA,2004,0
Moldova,MDA,2005,0
Moldova,MDA,2006,0
Moldova,MDA,2007,0
Moldova,MDA,2008,0
Moldova,MDA,2009,0
Moldova,MDA,2010,0
Moldova,MDA,2011,0
Moldova,MDA,2012,0
Moldova,MDA,2013,0
Moldova,MDA,2014,0
Moldova,MDA,2015,0
Moldova,MDA,2016,0
Moldova,MDA,2017,0
Moldova,MDA,2018,0
Moldova,MDA,2019,0
Moldova,MDA,2020,0
Moldova,MDA,2021,0
Moldova,MDA,2022,0
Moldova,MDA,2023,0
Moldova,MDA,2024,0
Mongolia,MNG,1900,0
Mongolia,MNG,1901,0
Mongolia,MNG,1902,0
Mongolia,MNG,1903,0
Mongolia,MNG,1904,0
Mongolia,MNG,1905,0
Mongolia,MNG,1906,0
Mongolia,MNG,1907,0
Mongolia,MNG,1908,0
Mongolia,MNG,1909,0
Mongolia,MNG,1910,0
Mongolia,MNG,1911,0
Mongolia,MNG,1912,0
Mongolia,MNG,1913,0
Mongolia,MNG,1914,0
Mongolia,MNG,1915,0
Mongolia,MNG,1916,0
Mongolia,MNG,1917,0
Mongolia,MNG,1918,0
Mongolia,MNG,1919,0
Mongolia,MNG,1920,0
Mongolia,MNG,1921,0
Mongolia,MNG,1922,0
Mongolia,MNG,1923,0
Mongolia,MNG,1924,0
Mongolia,MNG,1925,0
Mongolia,MNG,1926,0
Mongolia,MNG,1927,0
Mongolia,MNG,1928,0
Mongolia,MNG,1929,0
Mongolia,MNG,1930,0
Mongolia,MNG,1931,0
Mongolia,MNG,1932,0
Mongolia,MNG,1933,0
Mongolia,MNG,1934,0
Mongolia,MNG,1935,0
Mongolia,MNG,1936,0
Mongolia,MNG,1937,0
Mongolia,MNG,1938,0
Mongolia,MNG,1939,0
Mongolia,MNG,1940,0
Mongolia,MNG,1941,0
Mongolia,MNG,1942,0
Mongolia,MNG,1943,0
Mongolia,MNG,1944,0
Mongolia,MNG,1945,0
Mongolia,MNG,1946,0
Mongolia,MNG,1947,0
Mongolia,MNG,1948,0
Mongolia,MNG,1949,0
Mongolia,MNG,1950,0.7253631
Mongolia,MNG,1951,0.73879576
Mongolia,MNG,1952,0.75491494
Mongolia,MNG,1953,0.7710341
Mongolia,MNG,1954,0.79252636
Mongolia,MNG,1955,0.81401855
Mongolia,MNG,1956,0.97789687
Mongolia,MNG,1957,1.0987908
Mongolia,MNG,1958,1.2707287
Mongolia,MNG,1959,1.6199776
Mongolia,MNG,1960,1.6602755
Mongolia,MNG,1961,2.0446937
Mongolia,MNG,1962,2.4087589
Mongolia,MNG,1963,2.409166
Mongolia,MNG,1964,1.8973414
Mongolia,MNG,1965,2.9051158
Mongolia,MNG,1966,3.4190571
Mongolia,MNG,1967,3.671754
Mongolia,MNG,1968,4.380021
Mongolia,MNG,1969,4.83958
Mongolia,MNG,1970,5.8366904
Mongolia,MNG,1971,6.155003
Mongolia,MNG,1972,6.6309257
Mongolia,MNG,1973,6.887123
Mongolia,MNG,1974,7.393738
Mongolia,MNG,1975,8.256195
Mongolia,MNG,1976,8.965521
Mongolia,MNG,1977,10.451822
Mongolia,MNG,1978,11.948872
Mongolia,MNG,1979,13.127769
Mongolia,MNG,1980,12.767062
Mongolia,MNG,1981,22.754095
Mongolia,MNG,1982,26.040209
Mongolia,MNG,1983,26.320665
Mongolia,MNG,1984,28.73895
Mongolia,MNG,1985,34.517433
Mongolia,MNG,1986,37.385506
Mongolia,MNG,1987,41.08966
Mongolia,MNG,1988,45.53994
Mongolia,MNG,1989,42.571327
Mongolia,MNG,1990,37.87234
Mongolia,MNG,1991,37.23734
Mongolia,MNG,1992,33.059055
Mongolia,MNG,1993,29.723198
Mongolia,MNG,1994,27.29433
Mongolia,MNG,1995,26.55879
Mongolia,MNG,1996,27.040333
Mongolia,MNG,1997,26.056086
Mongolia,MNG,1998,26.759874
Mongolia,MNG,1999,26.26775
Mongolia,MNG,2000,27.437206
Mongolia,MNG,2001,27.204372
Mongolia,MNG,2002,29.339025
Mongolia,MNG,2003,29.983017
Mongolia,MNG,2004,36.327175
Mongolia,MNG,2005,39.777863
Mongolia,MNG,2006,42.72531
Mongolia,MNG,2007,48.882145
Mongolia,MNG,2008,53.29697
Mongolia,MNG,2009,76.42254
Mongolia,MNG,2010,133.14796
Mongolia,MNG,2011,174.5927
Mongolia,MNG,2012,164.77669
Mongolia,MNG,2013,176.42625
Mongolia,MNG,2014,129.37714
Mongolia,MNG,2015,127.77271
Mongolia,MNG,2016,185.71838
Mongolia,MNG,2017,261.83243
Mongolia,MNG,2018,288.77753
Mongolia,MNG,2019,302.30563
Mongolia,MNG,2020,227.95898
Mongolia,MNG,2021,171.01343
Mongolia,MNG,2022,208.17351
Mongolia,MNG,2023,440.4494
Mongolia,MNG,2024,563.77716
Mongolia,MNG,2025,558.486
Montenegro,MNE,2006,4.0717845
Montenegro,MNE,2007,3.239654
Montenegro,MNE,2008,4.685784
Montenegro,MNE,2009,2.577181
Montenegro,MNE,2010,5.2189937
Montenegro,MNE,2011,5.313248
Montenegro,MNE,2012,4.809661
Montenegro,MNE,2013,4.556521
Montenegro,MNE,2014,4.4568806
Montenegro,MNE,2015,4.7746525
Montenegro,MNE,2016,3.764785
Montenegro,MNE,2017,3.9716058
Montenegro,MNE,2018,4.2977257
Montenegro,MNE,2019,4.32277
Montenegro,MNE,2020,4.4848876
Montenegro,MNE,2021,4.555623
Montenegro,MNE,2022,4.8667126
Montenegro,MNE,2023,5.2250166
Montenegro,MNE,2024,4.558918
Montserrat,MSR,1980,0
Montserrat,MSR,1981,0
Montserrat,MSR,1982,0
Montserrat,MSR,1983,0
Montserrat,MSR,1984,0
Montserrat,MSR,1985,0
Montserrat,MSR,1986,0
Montserrat,MSR,1987,0
Montserrat,MSR,1988,0
Montserrat,MSR,1989,0
Montserrat,MSR,1990,0
Montserrat,MSR,1991,0
Montserrat,MSR,1992,0
Montserrat,MSR,1993,0
Montserrat,MSR,1994,0
Montserrat,MSR,1995,0
Montserrat,MSR,1996,0
Montserrat,MSR,1997,0
Montserrat,MSR,1998,0
Montserrat,MSR,1999,0
Montserrat,MSR,2000,0
Montserrat,MSR,2001,0
Montserrat,MSR,2002,0
Montserrat,MSR,2003,0
Montserrat,MSR,2004,0
Montserrat,MSR,2005,0
Montserrat,MSR,2006,0
Montserrat,MSR,2007,0
Montserrat,MSR,2008,0
Montserrat,MSR,2009,0
Montserrat,MSR,2010,0
Montserrat,MSR,2011,0
Montserrat,MSR,2012,0
Montserrat,MSR,2013,0
Montserrat,MSR,2014,0
Montserrat,MSR,2015,0
Montserrat,MSR,2016,0
Montserrat,MSR,2017,0
Montserrat,MSR,2018,0
Montserrat,MSR,2019,0
Montserrat,MSR,2020,0
Montserrat,MSR,2021,0
Montserrat,MSR,2022,0
Montserrat,MSR,2023,0
Montserrat,MSR,2024,0
Morocco,MAR,1900,0
Morocco,MAR,1901,0
Morocco,MAR,1902,0
Morocco,MAR,1903,0
Morocco,MAR,1904,0
Morocco,MAR,1905,0
Morocco,MAR,1906,0
Morocco,MAR,1907,0
Morocco,MAR,1908,0
Morocco,MAR,1909,0
Morocco,MAR,1910,0
Morocco,MAR,1911,0
Morocco,MAR,1912,0
Morocco,MAR,1913,0
Morocco,MAR,1914,0
Morocco,MAR,1915,0
Morocco,MAR,1916,0
Morocco,MAR,1917,0
Morocco,MAR,1918,0
Morocco,MAR,1919,0
Morocco,MAR,1920,0
Morocco,MAR,1921,0
Morocco,MAR,1922,0
Morocco,MAR,1923,0
Morocco,MAR,1924,0
Morocco,MAR,1925,0
Morocco,MAR,1926,0
Morocco,MAR,1927,0
Morocco,MAR,1928,0
Morocco,MAR,1929,0
Morocco,MAR,1930,0.008141
Morocco,MAR,1931,0.048846
Morocco,MAR,1932,0.122115
Morocco,MAR,1933,0.22794801
Morocco,MAR,1934,0.293076
Morocco,MAR,1935,0.431473
Morocco,MAR,1936,0.40705
Morocco,MAR,1937,0.871087
Morocco,MAR,1938,1.147881
Morocco,MAR,1939,0.936215
Morocco,MAR,1940,1.164163
Morocco,MAR,1941,1.13974
Morocco,MAR,1942,0.960638
Morocco,MAR,1943,0.854805
Morocco,MAR,1944,1.090894
Morocco,MAR,1945,1.457239
Morocco,MAR,1946,1.8073019
Morocco,MAR,1947,2.189929
Morocco,MAR,1948,2.36089
Morocco,MAR,1949,2.776081
Morocco,MAR,1950,2.995888
Morocco,MAR,1951,3.2075539
Morocco,MAR,1952,3.74486
Morocco,MAR,1953,4.599665
Morocco,MAR,1954,3.956526
Morocco,MAR,1955,3.801847
Morocco,MAR,1956,3.9239619
Morocco,MAR,1957,4.241461
Morocco,MAR,1958,4.15191
Morocco,MAR,1959,3.7855651
Morocco,MAR,1960,3.362233
Morocco,MAR,1961,3.33781
Morocco,MAR,1962,3.01217
Morocco,MAR,1963,3.2889638
Morocco,MAR,1964,3.2564
Morocco,MAR,1965,3.411079
Morocco,MAR,1966,3.671591
Morocco,MAR,1967,3.9239619
Morocco,MAR,1968,3.671591
Morocco,MAR,1969,3.2319772
Morocco,MAR,1970,3.5250528
Morocco,MAR,1971,3.866975
Morocco,MAR,1972,4.453127
Morocco,MAR,1973,0.45589602
Morocco,MAR,1974,4.672934
Morocco,MAR,1975,5.307932
Morocco,MAR,1976,5.714982
Morocco,MAR,1977,5.7556868
Morocco,MAR,1978,5.8615203
Morocco,MAR,1979,5.78011
Morocco,MAR,1980,5.0433273
Morocco,MAR,1981,5.2139106
Morocco,MAR,1982,5.451244
Morocco,MAR,1983,5.5699105
Morocco,MAR,1984,6.215159
Morocco,MAR,1985,5.74791
Morocco,MAR,1986,5.74791
Morocco,MAR,1987,4.7021613
Morocco,MAR,1988,4.716995
Morocco,MAR,1989,3.7379956
Morocco,MAR,1990,3.901162
Morocco,MAR,1991,4.0865784
Morocco,MAR,1992,4.271995
Morocco,MAR,1993,4.4796615
Morocco,MAR,1994,4.820828
Morocco,MAR,1995,4.820828
Morocco,MAR,1996,3.7528288
Morocco,MAR,1997,2.7886634
Morocco,MAR,1998,1.995081
Morocco,MAR,1999,0.9567489
Morocco,MAR,2000,0.2299164
Morocco,MAR,2001,0.21693724
Morocco,MAR,2002,0.20395808
Morocco,MAR,2003,0.19097893
Morocco,MAR,2004,0.1779998
Morocco,MAR,2005,0.0889999
Morocco,MAR,2006,0.050680496
Morocco,MAR,2007,0
Morocco,MAR,2008,0
Morocco,MAR,2009,0
Morocco,MAR,2010,0
Morocco,MAR,2011,0
Morocco,MAR,2012,0
Morocco,MAR,2013,0
Morocco,MAR,2014,0
Morocco,MAR,2015,0
Morocco,MAR,2016,0
Morocco,MAR,2017,0
Morocco,MAR,2018,0
Morocco,MAR,2019,0
Morocco,MAR,2020,0
Morocco,MAR,2021,0
Morocco,MAR,2022,0
Morocco,MAR,2023,0
Morocco,MAR,2024,0
Mozambique,MOZ,1900,0
Mozambique,MOZ,1901,0
Mozambique,MOZ,1902,0
Mozambique,MOZ,1903,0
Mozambique,MOZ,1904,0
Mozambique,MOZ,1905,0
Mozambique,MOZ,1906,0
Mozambique,MOZ,1907,0
Mozambique,MOZ,1908,0
Mozambique,MOZ,1909,0
Mozambique,MOZ,1910,0
Mozambique,MOZ,1911,0
Mozambique,MOZ,1912,0
Mozambique,MOZ,1913,0
Mozambique,MOZ,1914,0
Mozambique,MOZ,1915,0
Mozambique,MOZ,1916,0
Mozambique,MOZ,1917,0
Mozambique,MOZ,1918,0
Mozambique,MOZ,1919,0
Mozambique,MOZ,1920,0
Mozambique,MOZ,1921,0
Mozambique,MOZ,1922,0
Mozambique,MOZ,1923,0
Mozambique,MOZ,1924,0
Mozambique,MOZ,1925,0
Mozambique,MOZ,1926,0
Mozambique,MOZ,1927,0.130256
Mozambique,MOZ,1928,0.048846
Mozambique,MOZ,1929,0
Mozambique,MOZ,1930,0
Mozambique,MOZ,1931,0
Mozambique,MOZ,1932,0.154679
Mozambique,MOZ,1933,0.130256
Mozambique,MOZ,1934,0.179102
Mozambique,MOZ,1935,0.122115
Mozambique,MOZ,1936,0.13839701
Mozambique,MOZ,1937,0.154679
Mozambique,MOZ,1938,0.081410006
Mozambique,MOZ,1939,0.154679
Mozambique,MOZ,1940,0.16282001
Mozambique,MOZ,1941,0.13839701
Mozambique,MOZ,1942,0.056987002
Mozambique,MOZ,1943,0.105833
Mozambique,MOZ,1944,0.130256
Mozambique,MOZ,1945,0.097692
Mozambique,MOZ,1946,0.130256
Mozambique,MOZ,1947,0.130256
Mozambique,MOZ,1948,0.073269
Mozambique,MOZ,1949,0.105833
Mozambique,MOZ,1950,0.45589602
Mozambique,MOZ,1951,0.634998
Mozambique,MOZ,1952,0.122115
Mozambique,MOZ,1953,1.3188419
Mozambique,MOZ,1954,1.156022
Mozambique,MOZ,1955,1.400252
Mozambique,MOZ,1956,1.7747381
Mozambique,MOZ,1957,2.19807
Mozambique,MOZ,1958,2.010827
Mozambique,MOZ,1959,2.092237
Mozambique,MOZ,1960,2.19807
Mozambique,MOZ,1961,2.613261
Mozambique,MOZ,1962,2.426018
Mozambique,MOZ,1963,2.303903
Mozambique,MOZ,1964,1.994545
Mozambique,MOZ,1965,1.9294171
Mozambique,MOZ,1966,2.4015949
Mozambique,MOZ,1967,2.295762
Mozambique,MOZ,1968,3.370374
Mozambique,MOZ,1969,2.255057
Mozambique,MOZ,1970,2.857491
Mozambique,MOZ,1971,2.629543
Mozambique,MOZ,1972,2.7353761
Mozambique,MOZ,1973,3.2075539
Mozambique,MOZ,1974,3.4680662
Mozambique,MOZ,1975,4.681075
Mozambique,MOZ,1976,3.020311
Mozambique,MOZ,1977,4.501973
Mozambique,MOZ,1978,2.52371
Mozambique,MOZ,1979,0.960638
Mozambique,MOZ,1980,0
Mozambique,MOZ,1981,0
Mozambique,MOZ,1982,0
Mozambique,MOZ,1983,0
Mozambique,MOZ,1984,0
Mozambique,MOZ,1985,0
Mozambique,MOZ,1986,0
Mozambique,MOZ,1987,0
Mozambique,MOZ,1988,0
Mozambique,MOZ,1989,0
Mozambique,MOZ,1990,0
Mozambique,MOZ,1991,0
Mozambique,MOZ,1992,0
Mozambique,MOZ,1993,0
Mozambique,MOZ,1994,0
Mozambique,MOZ,1995,0
Mozambique,MOZ,1996,0.16860841
Mozambique,MOZ,1997,0.16017796
Mozambique,MOZ,1998,0.15174752
Mozambique,MOZ,1999,0.17703861
Mozambique,MOZ,2000,0.20233342
Mozambique,MOZ,2001,0.24248716
Mozambique,MOZ,2002,0.2534087
Mozambique,MOZ,2003,0.2676226
Mozambique,MOZ,2004,0.26165417
Mozambique,MOZ,2005,0.25822812
Mozambique,MOZ,2006,0.2322953
Mozambique,MOZ,2007,0.20092157
Mozambique,MOZ,2008,0.30502254
Mozambique,MOZ,2009,0.45643857
Mozambique,MOZ,2010,0.58687687
Mozambique,MOZ,2011,5.0221105
Mozambique,MOZ,2012,36.424946
Mozambique,MOZ,2013,48.363407
Mozambique,MOZ,2014,50.7611
Mozambique,MOZ,2015,53.02557
Mozambique,MOZ,2016,58.12515
Mozambique,MOZ,2017,112.595856
Mozambique,MOZ,2018,118.43681
Mozambique,MOZ,2019,81.113396
Mozambique,MOZ,2020,54.847992
Mozambique,MOZ,2021,78.47828
Mozambique,MOZ,2022,62.750267
Mozambique,MOZ,2023,70.794556
Mozambique,MOZ,2024,120.91542
Myanmar,MMR,1900,0
Myanmar,MMR,1901,0
Myanmar,MMR,1902,0
Myanmar,MMR,1903,0
Myanmar,MMR,1904,0
Myanmar,MMR,1905,0
Myanmar,MMR,1906,0
Myanmar,MMR,1907,0
Myanmar,MMR,1908,0
Myanmar,MMR,1909,0
Myanmar,MMR,1910,0
Myanmar,MMR,1911,0
Myanmar,MMR,1912,0
Myanmar,MMR,1913,0
Myanmar,MMR,1914,0
Myanmar,MMR,1915,0
Myanmar,MMR,1916,0
Myanmar,MMR,1917,0
Myanmar,MMR,1918,0
Myanmar,MMR,1919,0
Myanmar,MMR,1920,0
Myanmar,MMR,1921,0
Myanmar,MMR,1922,0
Myanmar,MMR,1923,0
Myanmar,MMR,1924,0
Myanmar,MMR,1925,0
Myanmar,MMR,1926,0
Myanmar,MMR,1927,0
Myanmar,MMR,1928,0
Myanmar,MMR,1929,0
Myanmar,MMR,1930,0
Myanmar,MMR,1931,0
Myanmar,MMR,1932,0
Myanmar,MMR,1933,0
Myanmar,MMR,1934,0
Myanmar,MMR,1935,0
Myanmar,MMR,1936,0
Myanmar,MMR,1937,0
Myanmar,MMR,1938,0
Myanmar,MMR,1939,0
Myanmar,MMR,1940,0
Myanmar,MMR,1941,0
Myanmar,MMR,1942,0
Myanmar,MMR,1943,0
Myanmar,MMR,1944,0
Myanmar,MMR,1945,0
Myanmar,MMR,1946,0
Myanmar,MMR,1947,0
Myanmar,MMR,1948,0
Myanmar,MMR,1949,0
Myanmar,MMR,1950,0
Myanmar,MMR,1951,0
Myanmar,MMR,1952,0
Myanmar,MMR,1953,0
Myanmar,MMR,1954,0.016282
Myanmar,MMR,1955,0.056987002
Myanmar,MMR,1956,0.008141
Myanmar,MMR,1957,0.008141
Myanmar,MMR,1958,0
Myanmar,MMR,1959,0.008141
Myanmar,MMR,1960,0.008141
Myanmar,MMR,1961,0.016282
Myanmar,MMR,1962,0.024423
Myanmar,MMR,1963,0.024423
Myanmar,MMR,1964,0.081410006
Myanmar,MMR,1965,0.130256
Myanmar,MMR,1966,0.122115
Myanmar,MMR,1967,0.130256
Myanmar,MMR,1968,0.073269
Myanmar,MMR,1969,0.065128
Myanmar,MMR,1970,0.089551
Myanmar,MMR,1971,0.122115
Myanmar,MMR,1972,0.130256
Myanmar,MMR,1973,0.122115
Myanmar,MMR,1974,0.105833
Myanmar,MMR,1975,0.122115
Myanmar,MMR,1976,0.105833
Myanmar,MMR,1977,0.146538
Myanmar,MMR,1978,0.18036385
Myanmar,MMR,1979,0.13530342
Myanmar,MMR,1980,0.26957884
Myanmar,MMR,1981,0.3972741
Myanmar,MMR,1982,0.47531006
Myanmar,MMR,1983,0.5036868
Myanmar,MMR,1984,0.6171937
Myanmar,MMR,1985,0.61009955
Myanmar,MMR,1986,0.69522965
Myanmar,MMR,1987,0.5249693
Myanmar,MMR,1988,0.4611217
Myanmar,MMR,1989,0.4611217
Myanmar,MMR,1990,0.4894984
Myanmar,MMR,1991,0.5320635
Myanmar,MMR,1992,0.51787513
Myanmar,MMR,1993,0.5398827
Myanmar,MMR,1994,0.48817182
Myanmar,MMR,1995,0.5276453
Myanmar,MMR,1996,0.48817182
Myanmar,MMR,1997,0.44925064
Myanmar,MMR,1998,0.47538215
Myanmar,MMR,1999,0.9394825
Myanmar,MMR,2000,3.5994701
Myanmar,MMR,2001,4.242043
Myanmar,MMR,2002,3.4513884
Myanmar,MMR,2003,2.7899969
Myanmar,MMR,2004,2.094997
Myanmar,MMR,2005,1.8759744
Myanmar,MMR,2006,3.2018402
Myanmar,MMR,2007,2.7662287
Myanmar,MMR,2008,2.2269716
Myanmar,MMR,2009,2.1247115
Myanmar,MMR,2010,4.227977
Myanmar,MMR,2011,4.2368584
Myanmar,MMR,2012,4.7435884
Myanmar,MMR,2013,4.307581
Myanmar,MMR,2014,4.122897
Myanmar,MMR,2015,3.3396897
Myanmar,MMR,2016,2.7503598
Myanmar,MMR,2017,3.785497
Myanmar,MMR,2018,6.705685
Myanmar,MMR,2019,10.843967
Myanmar,MMR,2020,10.499093
Myanmar,MMR,2021,8.1163645
Myanmar,MMR,2022,6.5681033
Myanmar,MMR,2023,4.0399675
Myanmar,MMR,2024,10.593723
Namibia,NAM,1990,0
Namibia,NAM,1991,0
Namibia,NAM,1992,0
Namibia,NAM,1993,0
Namibia,NAM,1994,0
Namibia,NAM,1995,0
Namibia,NAM,1996,0
Namibia,NAM,1997,0
Namibia,NAM,1998,0
Namibia,NAM,1999,0
Namibia,NAM,2000,0
Namibia,NAM,2001,0
Namibia,NAM,2002,0
Namibia,NAM,2003,0
Namibia,NAM,2004,0
Namibia,NAM,2005,0
Namibia,NAM,2006,0
Namibia,NAM,2007,0
Namibia,NAM,2008,0
Namibia,NAM,2009,0
Namibia,NAM,2010,0
Namibia,NAM,2011,0
Namibia,NAM,2012,0
Namibia,NAM,2013,0
Namibia,NAM,2014,0
Namibia,NAM,2015,0
Namibia,NAM,2016,0
Namibia,NAM,2017,0
Namibia,NAM,2018,0
Namibia,NAM,2019,0
Namibia,NAM,2020,0
Namibia,NAM,2021,0
Namibia,NAM,2022,0
Namibia,NAM,2023,0
Namibia,NAM,2024,0
Nauru,NRU,1980,0
Nauru,NRU,1981,0
Nauru,NRU,1982,0
Nauru,NRU,1983,0
Nauru,NRU,1984,0
Nauru,NRU,1985,0
Nauru,NRU,1986,0
Nauru,NRU,1987,0
Nauru,NRU,1988,0
Nauru,NRU,1989,0
Nauru,NRU,1990,0
Nauru,NRU,1991,0
Nauru,NRU,1992,0
Nauru,NRU,1993,0
Nauru,NRU,1994,0
Nauru,NRU,1995,0
Nauru,NRU,1996,0
Nauru,NRU,1997,0
Nauru,NRU,1998,0
Nauru,NRU,1999,0
Nauru,NRU,2000,0
Nauru,NRU,2001,0
Nauru,NRU,2002,0
Nauru,NRU,2003,0
Nauru,NRU,2004,0
Nauru,NRU,2005,0
Nauru,NRU,2006,0
Nauru,NRU,2007,0
Nauru,NRU,2008,0
Nauru,NRU,2009,0
Nauru,NRU,2010,0
Nauru,NRU,2011,0
Nauru,NRU,2012,0
Nauru,NRU,2013,0
Nauru,NRU,2014,0
Nauru,NRU,2015,0
Nauru,NRU,2016,0
Nauru,NRU,2017,0
Nauru,NRU,2018,0
Nauru,NRU,2019,0
Nauru,NRU,2020,0
Nauru,NRU,2021,0
Nauru,NRU,2022,0
Nauru,NRU,2023,0
Nauru,NRU,2024,0
Nepal,NPL,1900,0
Nepal,NPL,1901,0
Nepal,NPL,1902,0
Nepal,NPL,1903,0
Nepal,NPL,1904,0
Nepal,NPL,1905,0
Nepal,NPL,1906,0
Nepal,NPL,1907,0
Nepal,NPL,1908,0
Nepal,NPL,1909,0
Nepal,NPL,1910,0
Nepal,NPL,1911,0
Nepal,NPL,1912,0
Nepal,NPL,1913,0
Nepal,NPL,1914,0
Nepal,NPL,1915,0
Nepal,NPL,1916,0
Nepal,NPL,1917,0
Nepal,NPL,1918,0
Nepal,NPL,1919,0
Nepal,NPL,1920,0
Nepal,NPL,1921,0
Nepal,NPL,1922,0
Nepal,NPL,1923,0
Nepal,NPL,1924,0
Nepal,NPL,1925,0
Nepal,NPL,1926,0
Nepal,NPL,1927,0
Nepal,NPL,1928,0
Nepal,NPL,1929,0
Nepal,NPL,1930,0
Nepal,NPL,1931,0
Nepal,NPL,1932,0
Nepal,NPL,1933,0
Nepal,NPL,1934,0
Nepal,NPL,1935,0
Nepal,NPL,1936,0
Nepal,NPL,1937,0
Nepal,NPL,1938,0
Nepal,NPL,1939,0
Nepal,NPL,1940,0
Nepal,NPL,1941,0
Nepal,NPL,1942,0
Nepal,NPL,1943,0
Nepal,NPL,1944,0
Nepal,NPL,1945,0
Nepal,NPL,1946,0
Nepal,NPL,1947,0
Nepal,NPL,1948,0
Nepal,NPL,1949,0
Nepal,NPL,1950,0
Nepal,NPL,1951,0
Nepal,NPL,1952,0
Nepal,NPL,1953,0
Nepal,NPL,1954,0
Nepal,NPL,1955,0
Nepal,NPL,1956,0
Nepal,NPL,1957,0
Nepal,NPL,1958,0
Nepal,NPL,1959,0
Nepal,NPL,1960,0
Nepal,NPL,1961,0
Nepal,NPL,1962,0
Nepal,NPL,1963,0
Nepal,NPL,1964,0
Nepal,NPL,1965,0
Nepal,NPL,1966,0.01880571
Nepal,NPL,1967,0
Nepal,NPL,1968,0
Nepal,NPL,1969,0
Nepal,NPL,1970,0
Nepal,NPL,1971,0
Nepal,NPL,1972,0
Nepal,NPL,1973,0
Nepal,NPL,1974,0
Nepal,NPL,1975,0
Nepal,NPL,1976,0
Nepal,NPL,1977,0
Nepal,NPL,1978,0
Nepal,NPL,1979,0
Nepal,NPL,1980,0
Nepal,NPL,1981,0
Nepal,NPL,1982,0
Nepal,NPL,1983,0
Nepal,NPL,1984,0
Nepal,NPL,1985,0
Nepal,NPL,1986,0
Nepal,NPL,1987,0
Nepal,NPL,1988,0
Nepal,NPL,1989,0
Nepal,NPL,1990,0
Nepal,NPL,1991,0.01026805
Nepal,NPL,1992,0.011376299
Nepal,NPL,1993,0.012484547
Nepal,NPL,1994,0.028587656
Nepal,NPL,1995,0.028643364
Nepal,NPL,1996,0.028699076
Nepal,NPL,1997,0.0371995
Nepal,NPL,1998,0.052819233
Nepal,NPL,1999,0.08643148
Nepal,NPL,2000,0.08162972
Nepal,NPL,2001,0.04801749
Nepal,NPL,2002,0.057620984
Nepal,NPL,2003,0.052819233
Nepal,NPL,2004,0.04321574
Nepal,NPL,2005,0.04445939
Nepal,NPL,2006,0.057443317
Nepal,NPL,2007,0.06722448
Nepal,NPL,2008,0.06648021
Nepal,NPL,2009,0.07115711
Nepal,NPL,2010,0.056660634
Nepal,NPL,2011,0.06319101
Nepal,NPL,2012,0.07721212
Nepal,NPL,2013,0.09123322
Nepal,NPL,2014,0.100437604
Nepal,NPL,2015,0.09018601
Nepal,NPL,2016,0.098920934
Nepal,NPL,2017,0.10834198
Nepal,NPL,2018,0.11776302
Nepal,NPL,2019,0.12803666
Nepal,NPL,2020,0.13189457
Nepal,NPL,2021,0.13950679
Nepal,NPL,2022,0.09030823
Nepal,NPL,2023,0.06336765
Nepal,NPL,2024,0.020020042
Netherlands,NLD,1900,2.6051202
Netherlands,NLD,1901,2.548133
Netherlands,NLD,1902,3.248259
Netherlands,NLD,1903,3.9728081
Netherlands,NLD,1904,3.801847
Netherlands,NLD,1905,4.029795
Netherlands,NLD,1906,4.591524
Netherlands,NLD,1907,5.885943
Netherlands,NLD,1908,7.392028
Netherlands,NLD,1909,9.1260605
Netherlands,NLD,1910,10.518172
Netherlands,NLD,1911,12.024258
Netherlands,NLD,1912,14.043224
Netherlands,NLD,1913,15.248093
Netherlands,NLD,1914,16.143604
Netherlands,NLD,1915,18.992954
Netherlands,NLD,1916,21.622496
Netherlands,NLD,1917,25.572264
Netherlands,NLD,1918,33.535545
Netherlands,NLD,1919,34.717865
Netherlands,NLD,1920,37.883816
Netherlands,NLD,1921,34.924644
Netherlands,NLD,1922,39.705
Netherlands,NLD,1923,45.718147
Netherlands,NLD,1924,50.910027
Netherlands,NLD,1925,58.59143
Netherlands,NLD,1926,72.6522
Netherlands,NLD,1927,77.871796
Netherlands,NLD,1928,89.51717
Netherlands,NLD,1929,94.773
Netherlands,NLD,1930,99.861084
Netherlands,NLD,1931,105.722855
Netherlands,NLD,1932,104.235245
Netherlands,NLD,1933,102.66896
Netherlands,NLD,1934,100.75644
Netherlands,NLD,1935,96.968346
Netherlands,NLD,1936,104.50818
Netherlands,NLD,1937,117.03546
Netherlands,NLD,1938,110.34177
Netherlands,NLD,1939,105.31886
Netherlands,NLD,1940,99.49617
Netherlands,NLD,1941,109.35491
Netherlands,NLD,1942,101.25927
Netherlands,NLD,1943,102.93851
Netherlands,NLD,1944,68.406425
Netherlands,NLD,1945,41.902134
Netherlands,NLD,1946,69.198135
Netherlands,NLD,1947,83.74232
Netherlands,NLD,1948,90.68598
Netherlands,NLD,1949,95.93294
Netherlands,NLD,1950,100.31088
Netherlands,NLD,1951,101.924225
Netherlands,NLD,1952,102.75957
Netherlands,NLD,1953,100.89971
Netherlands,NLD,1954,98.809105
Netherlands,NLD,1955,97.63644
Netherlands,NLD,1956,97.20314
Netherlands,NLD,1957,93.514694
Netherlands,NLD,1958,97.51433
Netherlands,NLD,1959,98.13662
Netherlands,NLD,1960,101.746216
Netherlands,NLD,1961,102.74756
Netherlands,NLD,1962,94.21579
Netherlands,NLD,1963,93.69477
Netherlands,NLD,1964,93.45868
Netherlands,NLD,1965,93.18189
Netherlands,NLD,1966,81.83333
Netherlands,NLD,1967,65.657166
Netherlands,NLD,1968,54.243484
Netherlands,NLD,1969,4.591524
Netherlands,NLD,1970,35.283092
Netherlands,NLD,1971,29.380869
Netherlands,NLD,1972,22.892492
Netherlands,NLD,1973,14.018802
Netherlands,NLD,1974,6.170878
Netherlands,NLD,1975,0
Netherlands,NLD,1976,0
Netherlands,NLD,1977,0
Netherlands,NLD,1978,0
Netherlands,NLD,1979,0
Netherlands,NLD,1980,0
Netherlands,NLD,1981,0
Netherlands,NLD,1982,0
Netherlands,NLD,1983,0
Netherlands,NLD,1984,0
Netherlands,NLD,1985,0
Netherlands,NLD,1986,0
Netherlands,NLD,1987,0
Netherlands,NLD,1988,0
Netherlands,NLD,1989,0
Netherlands,NLD,1990,0
Netherlands,NLD,1991,0
Netherlands,NLD,1992,0
Netherlands,NLD,1993,0
Netherlands,NLD,1994,0
Netherlands,NLD,1995,0
Netherlands,NLD,1996,0
Netherlands,NLD,1997,0
Netherlands,NLD,1998,0
Netherlands,NLD,1999,0
Netherlands,NLD,2000,0
Netherlands,NLD,2001,0
Netherlands,NLD,2002,0
Netherlands,NLD,2003,0
Netherlands,NLD,2004,0
Netherlands,NLD,2005,0
Netherlands,NLD,2006,0
Netherlands,NLD,2007,0
Netherlands,NLD,2008,0
Netherlands,NLD,2009,0
Netherlands,NLD,2010,0
Netherlands,NLD,2011,0
Netherlands,NLD,2012,0
Netherlands,NLD,2013,0
Netherlands,NLD,2014,0
Netherlands,NLD,2015,0
Netherlands,NLD,2016,0
Netherlands,NLD,2017,0
Netherlands,NLD,2018,0
Netherlands,NLD,2019,0
Netherlands,NLD,2020,0
Netherlands,NLD,2021,0
Netherlands,NLD,2022,0
Netherlands,NLD,2023,0
Netherlands,NLD,2024,0
Netherlands Antilles,ANT,1980,0
Netherlands Antilles,ANT,1981,0
Netherlands Antilles,ANT,1982,0
Netherlands Antilles,ANT,1983,0
Netherlands Antilles,ANT,1984,0
Netherlands Antilles,ANT,1985,0
Netherlands Antilles,ANT,1986,0
Netherlands Antilles,ANT,1987,0
Netherlands Antilles,ANT,1988,0
Netherlands Antilles,ANT,1989,0
Netherlands Antilles,ANT,1990,0
Netherlands Antilles,ANT,1991,0
Netherlands Antilles,ANT,1992,0
Netherlands Antilles,ANT,1993,0
Netherlands Antilles,ANT,1994,0
Netherlands Antilles,ANT,1995,0
Netherlands Antilles,ANT,1996,0
Netherlands Antilles,ANT,1997,0
Netherlands Antilles,ANT,1998,0
Netherlands Antilles,ANT,1999,0
Netherlands Antilles,ANT,2000,0
Netherlands Antilles,ANT,2001,0
Netherlands Antilles,ANT,2002,0
Netherlands Antilles,ANT,2003,0
Netherlands Antilles,ANT,2004,0
Netherlands Antilles,ANT,2005,0
Netherlands Antilles,ANT,2006,0
Netherlands Antilles,ANT,2007,0
Netherlands Antilles,ANT,2008,0
Netherlands Antilles,ANT,2009,0
Netherlands Antilles,ANT,2010,0
Netherlands Antilles,ANT,2011,0
Netherlands Antilles,ANT,2012,0
Netherlands Antilles,ANT,2013,0
Netherlands Antilles,ANT,2014,0
Netherlands Antilles,ANT,2015,0
Netherlands Antilles,ANT,2016,0
Netherlands Antilles,ANT,2017,0
Netherlands Antilles,ANT,2018,0
Netherlands Antilles,ANT,2019,0
Netherlands Antilles,ANT,2020,0
Netherlands Antilles,ANT,2021,0
Netherlands Antilles,ANT,2022,0
Netherlands Antilles,ANT,2023,0
Netherlands Antilles,ANT,2024,0
New Caledonia,NCL,1980,0
New Caledonia,NCL,1981,0
New Caledonia,NCL,1982,0
New Caledonia,NCL,1983,0
New Caledonia,NCL,1984,0
New Caledonia,NCL,1985,0
New Caledonia,NCL,1986,0
New Caledonia,NCL,1987,0
New Caledonia,NCL,1988,0
New Caledonia,NCL,1989,0
New Caledonia,NCL,1990,0
New Caledonia,NCL,1991,0
New Caledonia,NCL,1992,0
New Caledonia,NCL,1993,0
New Caledonia,NCL,1994,0
New Caledonia,NCL,1995,0
New Caledonia,NCL,1996,0
New Caledonia,NCL,1997,0
New Caledonia,NCL,1998,0
New Caledonia,NCL,1999,0
New Caledonia,NCL,2000,0
New Caledonia,NCL,2001,0
New Caledonia,NCL,2002,0
New Caledonia,NCL,2003,0
New Caledonia,NCL,2004,0
New Caledonia,NCL,2005,0
New Caledonia,NCL,2006,0
New Caledonia,NCL,2007,0
New Caledonia,NCL,2008,0
New Caledonia,NCL,2009,0
New Caledonia,NCL,2010,0
New Caledonia,NCL,2011,0
New Caledonia,NCL,2012,0
New Caledonia,NCL,2013,0
New Caledonia,NCL,2014,0
New Caledonia,NCL,2015,0
New Caledonia,NCL,2016,0
New Caledonia,NCL,2017,0
New Caledonia,NCL,2018,0
New Caledonia,NCL,2019,0
New Caledonia,NCL,2020,0
New Caledonia,NCL,2021,0
New Caledonia,NCL,2022,0
New Caledonia,NCL,2023,0
New Caledonia,NCL,2024,0
New Zealand,NZL,1900,7.4189095
New Zealand,NZL,1901,8.327624
New Zealand,NZL,1902,9.24312
New Zealand,NZL,1903,9.6296625
New Zealand,NZL,1904,10.429874
New Zealand,NZL,1905,10.755384
New Zealand,NZL,1906,11.731914
New Zealand,NZL,1907,12.4168415
New Zealand,NZL,1908,12.620283
New Zealand,NZL,1909,12.959356
New Zealand,NZL,1910,14.898852
New Zealand,NZL,1911,14.010482
New Zealand,NZL,1912,14.770004
New Zealand,NZL,1913,12.803383
New Zealand,NZL,1914,15.434587
New Zealand,NZL,1915,14.98023
New Zealand,NZL,1916,15.305739
New Zealand,NZL,1917,14.024045
New Zealand,NZL,1918,13.793475
New Zealand,NZL,1919,12.5321245
New Zealand,NZL,1920,10.770588
New Zealand,NZL,1921,10.590431
New Zealand,NZL,1922,10.772659
New Zealand,NZL,1923,11.613849
New Zealand,NZL,1924,12.075309
New Zealand,NZL,1925,12.376929
New Zealand,NZL,1926,12.920357
New Zealand,NZL,1927,13.601763
New Zealand,NZL,1928,13.956767
New Zealand,NZL,1929,14.602484
New Zealand,NZL,1930,14.616934
New Zealand,NZL,1931,12.81152
New Zealand,NZL,1932,10.741988
New Zealand,NZL,1933,10.77706
New Zealand,NZL,1934,12.449718
New Zealand,NZL,1935,12.843925
New Zealand,NZL,1936,12.948012
New Zealand,NZL,1937,13.664212
New Zealand,NZL,1938,13.26116
New Zealand,NZL,1939,13.950226
New Zealand,NZL,1940,14.940041
New Zealand,NZL,1941,15.708711
New Zealand,NZL,1942,16.001787
New Zealand,NZL,1943,16.824104
New Zealand,NZL,1944,17.09476
New Zealand,NZL,1945,17.501335
New Zealand,NZL,1946,17.242458
New Zealand,NZL,1947,16.998323
New Zealand,NZL,1948,17.125994
New Zealand,NZL,1949,17.427618
New Zealand,NZL,1950,16.450201
New Zealand,NZL,1951,15.35746
New Zealand,NZL,1952,17.13954
New Zealand,NZL,1953,15.7248535
New Zealand,NZL,1954,16.169193
New Zealand,NZL,1955,15.968693
New Zealand,NZL,1956,16.433374
New Zealand,NZL,1957,16.254114
New Zealand,NZL,1958,16.982973
New Zealand,NZL,1959,17.59861
New Zealand,NZL,1960,19.06664
New Zealand,NZL,1961,18.56746
New Zealand,NZL,1962,16.10136
New Zealand,NZL,1963,17.506292
New Zealand,NZL,1964,18.392012
New Zealand,NZL,1965,16.932522
New Zealand,NZL,1966,16.544205
New Zealand,NZL,1967,15.097095
New Zealand,NZL,1968,14.140612
New Zealand,NZL,1969,15.024248
New Zealand,NZL,1970,15.251863
New Zealand,NZL,1971,13.60101
New Zealand,NZL,1972,13.997871
New Zealand,NZL,1973,15.870444
New Zealand,NZL,1974,16.665335
New Zealand,NZL,1975,17.003191
New Zealand,NZL,1976,17.672203
New Zealand,NZL,1977,16.848402
New Zealand,NZL,1978,15.509505
New Zealand,NZL,1979,14.338683
New Zealand,NZL,1980,13.928612
New Zealand,NZL,1981,14.472715
New Zealand,NZL,1982,14.632507
New Zealand,NZL,1983,16.226562
New Zealand,NZL,1984,16.750797
New Zealand,NZL,1985,16.014645
New Zealand,NZL,1986,16.698477
New Zealand,NZL,1987,14.524736
New Zealand,NZL,1988,16.344173
New Zealand,NZL,1989,18.53629
New Zealand,NZL,1990,17.423735
New Zealand,NZL,1991,18.279139
New Zealand,NZL,1992,20.814772
New Zealand,NZL,1993,23.48876
New Zealand,NZL,1994,21.567986
New Zealand,NZL,1995,26.447718
New Zealand,NZL,1996,27.003557
New Zealand,NZL,1997,25.407797
New Zealand,NZL,1998,22.06673
New Zealand,NZL,1999,25.47389
New Zealand,NZL,2000,25.375113
New Zealand,NZL,2001,28.830246
New Zealand,NZL,2002,33.14505
New Zealand,NZL,2003,37.635036
New Zealand,NZL,2004,38.050377
New Zealand,NZL,2005,38.730873
New Zealand,NZL,2006,41.67633
New Zealand,NZL,2007,34.67267
New Zealand,NZL,2008,34.73564
New Zealand,NZL,2009,32.31416
New Zealand,NZL,2010,38.578163
New Zealand,NZL,2011,35.60587
New Zealand,NZL,2012,35.329384
New Zealand,NZL,2013,33.5277
New Zealand,NZL,2014,28.696991
New Zealand,NZL,2015,23.706203
New Zealand,NZL,2016,19.881119
New Zealand,NZL,2017,20.126015
New Zealand,NZL,2018,22.107552
New Zealand,NZL,2019,20.787628
New Zealand,NZL,2020,19.01345
New Zealand,NZL,2021,19.571318
New Zealand,NZL,2022,18.328085
New Zealand,NZL,2023,18.271055
New Zealand,NZL,2024,17.606146
New Zealand,NZL,2025,18.338165
Nicaragua,NIC,1980,0
Nicaragua,NIC,1981,0
Nicaragua,NIC,1982,0
Nicaragua,NIC,1983,0
Nicaragua,NIC,1984,0
Nicaragua,NIC,1985,0
Nicaragua,NIC,1986,0
Nicaragua,NIC,1987,0
Nicaragua,NIC,1988,0
Nicaragua,NIC,1989,0
Nicaragua,NIC,1990,0
Nicaragua,NIC,1991,0
Nicaragua,NIC,1992,0
Nicaragua,NIC,1993,0
Nicaragua,NIC,1994,0
Nicaragua,NIC,1995,0
Nicaragua,NIC,1996,0
Nicaragua,NIC,1997,0
Nicaragua,NIC,1998,0
Nicaragua,NIC,1999,0
Nicaragua,NIC,2000,0
Nicaragua,NIC,2001,0
Nicaragua,NIC,2002,0
Nicaragua,NIC,2003,0
Nicaragua,NIC,2004,0
Nicaragua,NIC,2005,0
Nicaragua,NIC,2006,0
Nicaragua,NIC,2007,0
Nicaragua,NIC,2008,0
Nicaragua,NIC,2009,0
Nicaragua,NIC,2010,0
Nicaragua,NIC,2011,0
Nicaragua,NIC,2012,0
Nicaragua,NIC,2013,0
Nicaragua,NIC,2014,0
Nicaragua,NIC,2015,0
Nicaragua,NIC,2016,0
Nicaragua,NIC,2017,0
Nicaragua,NIC,2018,0
Nicaragua,NIC,2019,0
Nicaragua,NIC,2020,0
Nicaragua,NIC,2021,0
Nicaragua,NIC,2022,0
Nicaragua,NIC,2023,0
Nicaragua,NIC,2024,0
Niger,NER,1900,0
Niger,NER,1901,0
Niger,NER,1902,0
Niger,NER,1903,0
Niger,NER,1904,0
Niger,NER,1905,0
Niger,NER,1906,0
Niger,NER,1907,0
Niger,NER,1908,0
Niger,NER,1909,0
Niger,NER,1910,0
Niger,NER,1911,0
Niger,NER,1912,0
Niger,NER,1913,0
Niger,NER,1914,0
Niger,NER,1915,0
Niger,NER,1916,0
Niger,NER,1917,0
Niger,NER,1918,0
Niger,NER,1919,0
Niger,NER,1920,0
Niger,NER,1921,0
Niger,NER,1922,0
Niger,NER,1923,0
Niger,NER,1924,0
Niger,NER,1925,0
Niger,NER,1926,0
Niger,NER,1927,0
Niger,NER,1928,0
Niger,NER,1929,0
Niger,NER,1930,0
Niger,NER,1931,0
Niger,NER,1932,0
Niger,NER,1933,0
Niger,NER,1934,0
Niger,NER,1935,0
Niger,NER,1936,0
Niger,NER,1937,0
Niger,NER,1938,0
Niger,NER,1939,0
Niger,NER,1940,0
Niger,NER,1941,0
Niger,NER,1942,0
Niger,NER,1943,0
Niger,NER,1944,0
Niger,NER,1945,0
Niger,NER,1946,0
Niger,NER,1947,0
Niger,NER,1948,0
Niger,NER,1949,0
Niger,NER,1950,0
Niger,NER,1951,0
Niger,NER,1952,0
Niger,NER,1953,0
Niger,NER,1954,0
Niger,NER,1955,0
Niger,NER,1956,0
Niger,NER,1957,0
Niger,NER,1958,0
Niger,NER,1959,0
Niger,NER,1960,0
Niger,NER,1961,0
Niger,NER,1962,0
Niger,NER,1963,0
Niger,NER,1964,0
Niger,NER,1965,0
Niger,NER,1966,0
Niger,NER,1967,0
Niger,NER,1968,0
Niger,NER,1969,0
Niger,NER,1970,0
Niger,NER,1971,0
Niger,NER,1972,0
Niger,NER,1973,0
Niger,NER,1974,0
Niger,NER,1975,0
Niger,NER,1976,0
Niger,NER,1977,0
Niger,NER,1978,0
Niger,NER,1979,0
Niger,NER,1980,0.11865363
Niger,NER,1981,0.17798044
Niger,NER,1982,0.26697063
Niger,NER,1983,0.7712486
Niger,NER,1984,0.8899021
Niger,NER,1985,0.8958348
Niger,NER,1986,0.73565245
Niger,NER,1987,0.97295964
Niger,NER,1988,0.91956556
Niger,NER,1989,1.0144885
Niger,NER,1990,0.91315114
Niger,NER,1991,0.9287126
Niger,NER,1992,0.7921602
Niger,NER,1993,0.9273362
Niger,NER,1994,0.92830324
Niger,NER,1995,1.0143151
Niger,NER,1996,1.0798771
Niger,NER,1997,0.9660766
Niger,NER,1998,1.0750775
Niger,NER,1999,0.9994538
Niger,NER,2000,0.9385489
Niger,NER,2001,0.9688056
Niger,NER,2002,1.085086
Niger,NER,2003,1.120682
Niger,NER,2004,1.4035757
Niger,NER,2005,1.0801026
Niger,NER,2006,1.046049
Niger,NER,2007,1.016267
Niger,NER,2008,1.085086
Niger,NER,2009,1.1325474
Niger,NER,2010,1.4096032
Niger,NER,2011,1.5656325
Niger,NER,2012,1.4885077
Niger,NER,2013,1.4351137
Niger,NER,2014,1.6220229
Niger,NER,2015,1.4500582
Niger,NER,2016,1.5779325
Niger,NER,2017,1.5513006
Niger,NER,2018,1.4913793
Niger,NER,2019,1.504695
Niger,NER,2020,1.6445119
Niger,NER,2021,1.6511698
Niger,NER,2022,2.0725913
Niger,NER,2023,1.8835734
Niger,NER,2024,0.6400613
Nigeria,NGA,1900,0
Nigeria,NGA,1901,0
Nigeria,NGA,1902,0
Nigeria,NGA,1903,0
Nigeria,NGA,1904,0
Nigeria,NGA,1905,0
Nigeria,NGA,1906,0
Nigeria,NGA,1907,0
Nigeria,NGA,1908,0
Nigeria,NGA,1909,0
Nigeria,NGA,1910,0
Nigeria,NGA,1911,0
Nigeria,NGA,1912,0
Nigeria,NGA,1913,0
Nigeria,NGA,1914,0
Nigeria,NGA,1915,0.056987002
Nigeria,NGA,1916,0.203525
Nigeria,NGA,1917,0.68384403
Nigeria,NGA,1918,1.2211499
Nigeria,NGA,1919,1.13974
Nigeria,NGA,1920,1.489803
Nigeria,NGA,1921,1.758456
Nigeria,NGA,1922,0.936215
Nigeria,NGA,1923,1.449098
Nigeria,NGA,1924,1.668905
Nigeria,NGA,1925,1.978263
Nigeria,NGA,1926,2.68653
Nigeria,NGA,1927,2.9633238
Nigeria,NGA,1928,2.9714649
Nigeria,NGA,1929,2.857491
Nigeria,NGA,1930,2.881914
Nigeria,NGA,1931,2.710953
Nigeria,NGA,1932,2.084096
Nigeria,NGA,1933,1.945699
Nigeria,NGA,1934,2.149224
Nigeria,NGA,1935,2.132942
Nigeria,NGA,1936,2.417877
Nigeria,NGA,1937,3.004029
Nigeria,NGA,1938,2.995888
Nigeria,NGA,1939,2.515569
Nigeria,NGA,1940,2.564415
Nigeria,NGA,1941,3.036593
Nigeria,NGA,1942,3.809988
Nigeria,NGA,1943,4.184474
Nigeria,NGA,1944,5.079984
Nigeria,NGA,1945,4.2333198
Nigeria,NGA,1946,5.022997
Nigeria,NGA,1947,4.7950487
Nigeria,NGA,1948,5.031138
Nigeria,NGA,1949,4.550819
Nigeria,NGA,1950,4.827613
Nigeria,NGA,1951,4.550819
Nigeria,NGA,1952,4.8031898
Nigeria,NGA,1953,5.796392
Nigeria,NGA,1954,5.259086
Nigeria,NGA,1955,6.195301
Nigeria,NGA,1956,6.5128
Nigeria,NGA,1957,6.740748
Nigeria,NGA,1958,7.644399
Nigeria,NGA,1959,6.1383142
Nigeria,NGA,1960,4.648511
Nigeria,NGA,1961,4.941587
Nigeria,NGA,1962,5.161394
Nigeria,NGA,1963,4.852036
Nigeria,NGA,1964,5.487034
Nigeria,NGA,1965,6.02434
Nigeria,NGA,1966,5.2102404
Nigeria,NGA,1967,1.652623
Nigeria,NGA,1968,0
Nigeria,NGA,1969,0.13839701
Nigeria,NGA,1970,0.480319
Nigeria,NGA,1971,1.579354
Nigeria,NGA,1972,2.776081
Nigeria,NGA,1973,2.653966
Nigeria,NGA,1974,2.474864
Nigeria,NGA,1975,2.230634
Nigeria,NGA,1976,2.539992
Nigeria,NGA,1977,2.1573648
Nigeria,NGA,1978,2.149224
Nigeria,NGA,1979,1.400252
Nigeria,NGA,1980,0.8925658
Nigeria,NGA,1981,0.87508667
Nigeria,NGA,1982,0.8576076
Nigeria,NGA,1983,0.8401285
Nigeria,NGA,1984,0.82264936
Nigeria,NGA,1985,0.8051703
Nigeria,NGA,1986,0.7876912
Nigeria,NGA,1987,0.88383
Nigeria,NGA,1988,0.6185958
Nigeria,NGA,1989,0.63368344
Nigeria,NGA,1990,0.67894655
Nigeria,NGA,1991,0.58025867
Nigeria,NGA,1992,0.53349507
Nigeria,NGA,1993,0.21122782
Nigeria,NGA,1994,0.18859626
Nigeria,NGA,1995,0.16634892
Nigeria,NGA,1996,0.12824546
Nigeria,NGA,1997,0.105806
Nigeria,NGA,1998,0.09052621
Nigeria,NGA,1999,0.12070161
Nigeria,NGA,2000,2.2782428
Nigeria,NGA,2001,2.1877167
Nigeria,NGA,2002,1.916138
Nigeria,NGA,2003,2.0971906
Nigeria,NGA,2004,2.0971906
Nigeria,NGA,2005,2.4668393
Nigeria,NGA,2006,3.0099964
Nigeria,NGA,2007,4.2849073
Nigeria,NGA,2008,9.120516
Nigeria,NGA,2009,9.120516
Nigeria,NGA,2010,9.120516
Nigeria,NGA,2011,10.946128
Nigeria,NGA,2012,14.597351
Nigeria,NGA,2013,18.248575
Nigeria,NGA,2014,18.248575
Nigeria,NGA,2015,19.16138
Nigeria,NGA,2016,20.066643
Nigeria,NGA,2017,17.33331
Nigeria,NGA,2018,20.30561
Nigeria,NGA,2019,20.539062
Nigeria,NGA,2020,17.73827
Nigeria,NGA,2021,18.90526
Nigeria,NGA,2022,21.495388
Nigeria,NGA,2023,9.300243
Nigeria,NGA,2024,8.878558
Niue,NIU,1980,0
Niue,NIU,1981,0
Niue,NIU,1982,0
Niue,NIU,1983,0
Niue,NIU,1984,0
Niue,NIU,1985,0
Niue,NIU,1986,0
Niue,NIU,1987,0
Niue,NIU,1988,0
Niue,NIU,1989,0
Niue,NIU,1990,0
Niue,NIU,1991,0
Niue,NIU,1992,0
Niue,NIU,1993,0
Niue,NIU,1994,0
Niue,NIU,1995,0
Niue,NIU,1996,0
Niue,NIU,1997,0
Niue,NIU,1998,0
Niue,NIU,1999,0
Niue,NIU,2000,0
Niue,NIU,2001,0
Niue,NIU,2002,0
Niue,NIU,2003,0
Niue,NIU,2004,0
Niue,NIU,2005,0
Niue,NIU,2006,0
Niue,NIU,2007,0
Niue,NIU,2008,0
Niue,NIU,2009,0
Niue,NIU,2010,0
Niue,NIU,2011,0
Niue,NIU,2012,0
Niue,NIU,2013,0
Niue,NIU,2014,0
Niue,NIU,2015,0
Niue,NIU,2016,0
Niue,NIU,2017,0
Niue,NIU,2018,0
Niue,NIU,2019,0
Niue,NIU,2020,0
Niue,NIU,2021,0
Niue,NIU,2022,0
Niue,NIU,2023,0
Niue,NIU,2024,0
North America,OWID_NAM,1980,5720.814
North America,OWID_NAM,1981,5405.495
North America,OWID_NAM,1982,5498.7573
North America,OWID_NAM,1983,5128.066
North America,OWID_NAM,1984,5910.9424
North America,OWID_NAM,1985,5827.29
North America,OWID_NAM,1986,5852.234
North America,OWID_NAM,1987,6035.392
North America,OWID_NAM,1988,6258.314
North America,OWID_NAM,1989,6463.2764
North America,OWID_NAM,1990,6765.0547
North America,OWID_NAM,1991,6545.2646
North America,OWID_NAM,1992,6504.774
North America,OWID_NAM,1993,6156.449
North America,OWID_NAM,1994,6712.079
North America,OWID_NAM,1995,6709.455
North America,OWID_NAM,1996,6907.2363
North America,OWID_NAM,1997,7069.7095
North America,OWID_NAM,1998,7248.624
North America,OWID_NAM,1999,7021.6567
North America,OWID_NAM,2000,6847.4556
North America,OWID_NAM,2001,7067.227
North America,OWID_NAM,2002,6766.9473
North America,OWID_NAM,2003,6572.561
North America,OWID_NAM,2004,6825.1465
North America,OWID_NAM,2005,6944.1284
North America,OWID_NAM,2006,7109.7515
North America,OWID_NAM,2007,7044.5103
North America,OWID_NAM,2008,7141.323
North America,OWID_NAM,2009,6482.535
North America,OWID_NAM,2010,6636.057
North America,OWID_NAM,2011,6710.018
North America,OWID_NAM,2012,6259.9907
North America,OWID_NAM,2013,6071.503
North America,OWID_NAM,2014,6148.9204
North America,OWID_NAM,2015,5452.0396
North America,OWID_NAM,2016,4535.516
North America,OWID_NAM,2017,4805.5386
North America,OWID_NAM,2018,4695.47
North America,OWID_NAM,2019,4367.678
North America,OWID_NAM,2020,3351.8386
North America,OWID_NAM,2021,3602.867
North America,OWID_NAM,2022,3728.966
North America,OWID_NAM,2023,3628.2017
North America,OWID_NAM,2024,3267.8142
North America,OWID_NAM,2025,3373.8494
North America (EI),,1981,5405.4956
North America (EI),,1982,5498.7573
North America (EI),,1983,5128.066
North America (EI),,1984,5910.9424
North America (EI),,1985,5827.29
North America (EI),,1986,5852.234
North America (EI),,1987,6035.392
North America (EI),,1988,6258.314
North America (EI),,1989,6463.2764
North America (EI),,1990,6765.0547
North America (EI),,1991,6545.265
North America (EI),,1992,6504.774
North America (EI),,1993,6156.4487
North America (EI),,1994,6712.079
North America (EI),,1995,6709.455
North America (EI),,1996,6907.2363
North America (EI),,1997,7069.7095
North America (EI),,1998,7248.624
North America (EI),,1999,7021.6567
North America (EI),,2000,6847.455
North America (EI),,2001,7067.227
North America (EI),,2002,6766.9478
North America (EI),,2003,6572.561
North America (EI),,2004,6825.146
North America (EI),,2005,6944.128
North America (EI),,2006,7109.7515
North America (EI),,2007,7044.5103
North America (EI),,2008,7141.3237
North America (EI),,2009,6482.535
North America (EI),,2010,6636.0576
North America (EI),,2011,6710.018
North America (EI),,2012,6259.9907
North America (EI),,2013,6071.503
North America (EI),,2014,6148.9204
North America (EI),,2015,5452.0396
North America (EI),,2016,4535.516
North America (EI),,2017,4805.539
North America (EI),,2018,4695.47
North America (EI),,2019,4367.678
North America (EI),,2020,3351.8386
North America (EI),,2021,3602.867
North America (EI),,2022,3728.9658
North America (EI),,2023,3628.2017
North America (EI),,2024,3267.8142
North America (EI),,2025,3373.8494
North Korea,PRK,1900,0
North Korea,PRK,1901,0
North Korea,PRK,1902,0
North Korea,PRK,1903,0
North Korea,PRK,1904,0
North Korea,PRK,1905,0.048846
North Korea,PRK,1906,0
North Korea,PRK,1907,0
North Korea,PRK,1908,0
North Korea,PRK,1909,0.48846
North Korea,PRK,1910,0.60243404
North Korea,PRK,1911,0.716408
North Korea,PRK,1912,0.89551
North Korea,PRK,1913,1.042048
North Korea,PRK,1914,1.489803
North Korea,PRK,1915,1.864289
North Korea,PRK,1916,1.5549309
North Korea,PRK,1917,0
North Korea,PRK,1918,1.530508
North Korea,PRK,1919,1.815443
North Korea,PRK,1920,2.3527489
North Korea,PRK,1921,2.531851
North Korea,PRK,1922,2.580697
North Korea,PRK,1923,3.09358
North Korea,PRK,1924,3.248259
North Korea,PRK,1925,5.169535
North Korea,PRK,1926,5.560303
North Korea,PRK,1927,5.7719693
North Korea,PRK,1928,6.643056
North Korea,PRK,1929,7.636258
North Korea,PRK,1930,7.196644
North Korea,PRK,1931,7.619976
North Korea,PRK,1932,8.987664
North Korea,PRK,1933,10.591441
North Korea,PRK,1934,13.750149
North Korea,PRK,1935,15.866809
North Korea,PRK,1936,18.57776
North Korea,PRK,1937,19.790771
North Korea,PRK,1938,27.83408
North Korea,PRK,1939,34.509697
North Korea,PRK,1940,46.737484
North Korea,PRK,1941,50.132275
North Korea,PRK,1942,55.74143
North Korea,PRK,1943,53.632908
North Korea,PRK,1944,57.38591
North Korea,PRK,1945,0
North Korea,PRK,1946,0
North Korea,PRK,1947,0
North Korea,PRK,1948,4.7045617
North Korea,PRK,1949,5.9676785
North Korea,PRK,1950,5.5783763
North Korea,PRK,1951,1.4942399
North Korea,PRK,1952,1.5655143
North Korea,PRK,1953,3.7511287
North Korea,PRK,1954,12.067771
North Korea,PRK,1955,20.069153
North Korea,PRK,1956,24.420109
North Korea,PRK,1957,30.859846
North Korea,PRK,1958,43.83501
North Korea,PRK,1959,14.917201
North Korea,PRK,1960,67.22162
North Korea,PRK,1961,74.503586
North Korea,PRK,1962,86.433
North Korea,PRK,1963,92.570496
North Korea,PRK,1964,101.52234
North Korea,PRK,1965,128.38763
North Korea,PRK,1966,138.72264
North Korea,PRK,1967,152.18785
North Korea,PRK,1968,180.18068
North Korea,PRK,1969,194.46
North Korea,PRK,1970,195.33923
North Korea,PRK,1971,206.67558
North Korea,PRK,1972,243.24901
North Korea,PRK,1973,266.16998
North Korea,PRK,1974,277.13187
North Korea,PRK,1975,288.72058
North Korea,PRK,1976,296.86157
North Korea,PRK,1977,305.00256
North Korea,PRK,1978,313.1436
North Korea,PRK,1979,314.7107
North Korea,PRK,1980,233.1668
North Korea,PRK,1981,242.68373
North Korea,PRK,1982,255.01086
North Korea,PRK,1983,257.86697
North Korea,PRK,1984,264.4101
North Korea,PRK,1985,208.7486
North Korea,PRK,1986,207.25752
North Korea,PRK,1987,205.77707
North Korea,PRK,1988,248.15356
North Korea,PRK,1989,191.68275
North Korea,PRK,1990,255.35114
North Korea,PRK,1991,267.74512
North Korea,PRK,1992,276.56152
North Korea,PRK,1993,253.35606
North Korea,PRK,1994,237.50537
North Korea,PRK,1995,221.34618
North Korea,PRK,1996,196.2623
North Korea,PRK,1997,192.52275
North Korea,PRK,1998,173.83011
North Korea,PRK,1999,196.23903
North Korea,PRK,2000,210.28177
North Korea,PRK,2001,215.88853
North Korea,PRK,2002,207.85248
North Korea,PRK,2003,214.23079
North Korea,PRK,2004,225.35254
North Korea,PRK,2005,246.75638
North Korea,PRK,2006,250.02347
North Korea,PRK,2007,216.77965
North Korea,PRK,2008,230.22537
North Korea,PRK,2009,179.27678
North Korea,PRK,2010,179.88432
North Korea,PRK,2011,184.0586
North Korea,PRK,2012,186.80728
North Korea,PRK,2013,225.88956
North Korea,PRK,2014,228.76244
North Korea,PRK,2015,227.35063
North Korea,PRK,2016,248.4654
North Korea,PRK,2017,219.21259
North Korea,PRK,2018,182.93707
North Korea,PRK,2019,204.50018
North Korea,PRK,2020,192.27823
North Korea,PRK,2021,157.87054
North Korea,PRK,2022,154.7255
North Korea,PRK,2023,156.70676
North Korea,PRK,2024,164.39807
North Macedonia,MKD,1992,12.5175295
North Macedonia,MKD,1993,12.408104
North Macedonia,MKD,1994,12.305854
North Macedonia,MKD,1995,13.003664
North Macedonia,MKD,1996,12.817103
North Macedonia,MKD,1997,12.018837
North Macedonia,MKD,1998,14.666569
North Macedonia,MKD,1999,13.22969
North Macedonia,MKD,2000,13.482624
North Macedonia,MKD,2001,14.540998
North Macedonia,MKD,2002,13.597431
North Macedonia,MKD,2003,13.242247
North Macedonia,MKD,2004,12.996489
North Macedonia,MKD,2005,12.343525
North Macedonia,MKD,2006,11.909411
North Macedonia,MKD,2007,11.67621
North Macedonia,MKD,2008,13.687123
North Macedonia,MKD,2009,13.321177
North Macedonia,MKD,2010,12.06189
North Macedonia,MKD,2011,14.725766
North Macedonia,MKD,2012,13.113089
North Macedonia,MKD,2013,11.993723
North Macedonia,MKD,2014,12.073184
North Macedonia,MKD,2015,10.726443
North Macedonia,MKD,2016,9.124453
North Macedonia,MKD,2017,9.021237
North Macedonia,MKD,2018,8.84612
North Macedonia,MKD,2019,9.700876
North Macedonia,MKD,2020,8.906148
North Macedonia,MKD,2021,7.2934623
North Macedonia,MKD,2022,8.262207
North Macedonia,MKD,2023,6.5112996
North Macedonia,MKD,2024,5.265297
Northern Mariana Islands,MNP,1980,0
Northern Mariana Islands,MNP,1981,0
Northern Mariana Islands,MNP,1982,0
Northern Mariana Islands,MNP,1983,0
Northern Mariana Islands,MNP,1984,0
Northern Mariana Islands,MNP,1985,0
Northern Mariana Islands,MNP,1986,0
Northern Mariana Islands,MNP,1987,0
Northern Mariana Islands,MNP,1988,0
Northern Mariana Islands,MNP,1989,0
Northern Mariana Islands,MNP,1990,0
Northern Mariana Islands,MNP,1991,0
Northern Mariana Islands,MNP,1992,0
Northern Mariana Islands,MNP,1993,0
Northern Mariana Islands,MNP,1994,0
Northern Mariana Islands,MNP,1995,0
Northern Mariana Islands,MNP,1996,0
Northern Mariana Islands,MNP,1997,0
Northern Mariana Islands,MNP,1998,0
Northern Mariana Islands,MNP,1999,0
Northern Mariana Islands,MNP,2000,0
Northern Mariana Islands,MNP,2001,0
Northern Mariana Islands,MNP,2002,0
Northern Mariana Islands,MNP,2003,0
Northern Mariana Islands,MNP,2004,0
Northern Mariana Islands,MNP,2005,0
Northern Mariana Islands,MNP,2006,0
Northern Mariana Islands,MNP,2007,0
Northern Mariana Islands,MNP,2008,0
Northern Mariana Islands,MNP,2009,0
Northern Mariana Islands,MNP,2010,0
Northern Mariana Islands,MNP,2011,0
Northern Mariana Islands,MNP,2012,0
Northern Mariana Islands,MNP,2013,0
Northern Mariana Islands,MNP,2014,0
Northern Mariana Islands,MNP,2015,0
Northern Mariana Islands,MNP,2016,0
Northern Mariana Islands,MNP,2017,0
Northern Mariana Islands,MNP,2018,0
Northern Mariana Islands,MNP,2019,0
Northern Mariana Islands,MNP,2020,0
Northern Mariana Islands,MNP,2021,0
Northern Mariana Islands,MNP,2022,0
Northern Mariana Islands,MNP,2023,0
Northern Mariana Islands,MNP,2024,0
Norway,NOR,1900,0
Norway,NOR,1901,0
Norway,NOR,1902,0
Norway,NOR,1903,0
Norway,NOR,1904,0
Norway,NOR,1905,0
Norway,NOR,1906,0
Norway,NOR,1907,0.016518088
Norway,NOR,1908,0.049554266
Norway,NOR,1909,0.033036176
Norway,NOR,1910,0.041295223
Norway,NOR,1911,0.18169898
Norway,NOR,1912,0.19821706
Norway,NOR,1913,0.27254847
Norway,NOR,1914,0.3138437
Norway,NOR,1915,0.1486628
Norway,NOR,1916,0.15692185
Norway,NOR,1917,0.2064761
Norway,NOR,1918,0.45424744
Norway,NOR,1919,0.56161505
Norway,NOR,1920,0.63594645
Norway,NOR,1921,0.90023583
Norway,NOR,1922,1.7178813
Norway,NOR,1923,1.8995802
Norway,NOR,1924,2.1969059
Norway,NOR,1925,2.3620868
Norway,NOR,1926,1.8830621
Norway,NOR,1927,2.6346352
Norway,NOR,1928,2.2712371
Norway,NOR,1929,2.0730202
Norway,NOR,1930,1.5527004
Norway,NOR,1931,2.0069478
Norway,NOR,1932,2.1143153
Norway,NOR,1933,2.436418
Norway,NOR,1934,2.59334
Norway,NOR,1935,2.5520446
Norway,NOR,1936,2.5520446
Norway,NOR,1937,2.4529362
Norway,NOR,1938,2.4694543
Norway,NOR,1939,2.5768218
Norway,NOR,1940,2.221683
Norway,NOR,1941,1.2058204
Norway,NOR,1942,0
Norway,NOR,1943,0
Norway,NOR,1944,0
Norway,NOR,1945,0.049554266
Norway,NOR,1946,0.79286826
Norway,NOR,1947,2.775039
Norway,NOR,1948,3.6009433
Norway,NOR,1949,3.7743835
Norway,NOR,1950,3.006292
Norway,NOR,1951,3.881751
Norway,NOR,1952,0.35513893
Norway,NOR,1953,3.5266118
Norway,NOR,1954,2.8163342
Norway,NOR,1955,2.6594124
Norway,NOR,1956,3.2210274
Norway,NOR,1957,3.171473
Norway,NOR,1958,2.378605
Norway,NOR,1959,2.0812793
Norway,NOR,1960,3.3366542
Norway,NOR,1961,3.0475874
Norway,NOR,1962,3.9065282
Norway,NOR,1963,3.1549551
Norway,NOR,1964,3.650498
Norway,NOR,1965,3.518353
Norway,NOR,1966,3.5844252
Norway,NOR,1967,3.5266118
Norway,NOR,1968,2.8576293
Norway,NOR,1969,3.1797323
Norway,NOR,1970,3.9973776
Norway,NOR,1971,0.033036176
Norway,NOR,1972,3.9065282
Norway,NOR,1973,3.4027264
Norway,NOR,1974,3.8074193
Norway,NOR,1975,3.4853168
Norway,NOR,1976,4.3359985
Norway,NOR,1977,3.6092024
Norway,NOR,1978,3.3201358
Norway,NOR,1979,2.3290505
Norway,NOR,1980,2.366313
Norway,NOR,1981,3.3687093
Norway,NOR,1982,3.6152005
Norway,NOR,1983,4.124615
Norway,NOR,1984,3.7055802
Norway,NOR,1985,4.1656966
Norway,NOR,1986,3.5905511
Norway,NOR,1987,3.2783296
Norway,NOR,1988,2.16912
Norway,NOR,1989,2.7853477
Norway,NOR,1990,2.4895585
Norway,NOR,1991,2.7114003
Norway,NOR,1992,2.9496748
Norway,NOR,1993,2.2019858
Norway,NOR,1994,2.4731257
Norway,NOR,1995,2.3991785
Norway,NOR,1996,1.8897638
Norway,NOR,1997,3.1715167
Norway,NOR,1998,2.6949675
Norway,NOR,1999,3.319411
Norway,NOR,2000,5.1927423
Norway,NOR,2001,14.69086
Norway,NOR,2002,17.517288
Norway,NOR,2003,24.188976
Norway,NOR,2004,23.860321
Norway,NOR,2005,12.086272
Norway,NOR,2006,19.678192
Norway,NOR,2007,33.465252
Norway,NOR,2008,28.182129
Norway,NOR,2009,21.699419
Norway,NOR,2010,15.898665
Norway,NOR,2011,11.387881
Norway,NOR,2012,10.097912
Norway,NOR,2013,15.241357
Norway,NOR,2014,13.76241
Norway,NOR,2015,9.087299
Norway,NOR,2016,6.720986
Norway,NOR,2017,1.0763438
Norway,NOR,2018,1.2353632
Norway,NOR,2019,0.9943444
Norway,NOR,2020,0.5641767
Norway,NOR,2021,0.99636567
Norway,NOR,2022,0.9132489
Norway,NOR,2023,0.9346751
Norway,NOR,2024,0.9359095
OECD (EI),,1981,11402.679
OECD (EI),,1982,11734.984
OECD (EI),,1983,11294.286
OECD (EI),,1984,11690.225
OECD (EI),,1985,12267.572
OECD (EI),,1986,12466.551
OECD (EI),,1987,12608.346
OECD (EI),,1988,12730.734
OECD (EI),,1989,12851.913
OECD (EI),,1990,12810.826
OECD (EI),,1991,12287.198
OECD (EI),,1992,12099.434
OECD (EI),,1993,11424.549
OECD (EI),,1994,11752.298
OECD (EI),,1995,11867.776
OECD (EI),,1996,12054.109
OECD (EI),,1997,12362.271
OECD (EI),,1998,12248.107
OECD (EI),,1999,12003.122
OECD (EI),,2000,11781.668
OECD (EI),,2001,12186.286
OECD (EI),,2002,11871.497
OECD (EI),,2003,11811.299
OECD (EI),,2004,12086.46
OECD (EI),,2005,12308.472
OECD (EI),,2006,12549.824
OECD (EI),,2007,12540.99
OECD (EI),,2008,12661.161
OECD (EI),,2009,11976.192
OECD (EI),,2010,12222.588
OECD (EI),,2011,12328.398
OECD (EI),,2012,12138.319
OECD (EI),,2013,12047.327
OECD (EI),,2014,12326.128
OECD (EI),,2015,11476.224
OECD (EI),,2016,10516.73
OECD (EI),,2017,10649.417
OECD (EI),,2018,10702.063
OECD (EI),,2019,10265.688
OECD (EI),,2020,8473.938
OECD (EI),,2021,8777.001
OECD (EI),,2022,8729.988
OECD (EI),,2023,8435.024
OECD (EI),,2024,7968.783
OECD (EI),,2025,7717.8887
Oceania,OWID_OCE,1980,709.8121
Oceania,OWID_OCE,1981,803.0439
Oceania,OWID_OCE,1982,819.5868
Oceania,OWID_OCE,1983,854.9673
Oceania,OWID_OCE,1984,897.6681
Oceania,OWID_OCE,1985,1090.3602
Oceania,OWID_OCE,1986,1159.5581
Oceania,OWID_OCE,1987,1208.1923
Oceania,OWID_OCE,1988,1189.6376
Oceania,OWID_OCE,1989,1293.2144
Oceania,OWID_OCE,1990,1352.025
Oceania,OWID_OCE,1991,1402.7034
Oceania,OWID_OCE,1992,1498.05
Oceania,OWID_OCE,1993,1507.5887
Oceania,OWID_OCE,1994,1538.4784
Oceania,OWID_OCE,1995,1618.2656
Oceania,OWID_OCE,1996,1667.6858
Oceania,OWID_OCE,1997,1814.5221
Oceania,OWID_OCE,1998,1854.1685
Oceania,OWID_OCE,1999,1957.3918
Oceania,OWID_OCE,2000,2022.195
Oceania,OWID_OCE,2001,2186.7512
Oceania,OWID_OCE,2002,2257.1914
Oceania,OWID_OCE,2003,2336.6826
Oceania,OWID_OCE,2004,2426.8813
Oceania,OWID_OCE,2005,2540.0193
Oceania,OWID_OCE,2006,2598.5168
Oceania,OWID_OCE,2007,2675.528
Oceania,OWID_OCE,2008,2755.3572
Oceania,OWID_OCE,2009,2855.148
Oceania,OWID_OCE,2010,2953.3677
Oceania,OWID_OCE,2011,2886.4192
Oceania,OWID_OCE,2012,3127.2385
Oceania,OWID_OCE,2013,3357.271
Oceania,OWID_OCE,2014,3588.1465
Oceania,OWID_OCE,2015,3579.409
Oceania,OWID_OCE,2016,3582.9368
Oceania,OWID_OCE,2017,3493.4395
Oceania,OWID_OCE,2018,3738.9402
Oceania,OWID_OCE,2019,3824.439
Oceania,OWID_OCE,2020,3513.3079
Oceania,OWID_OCE,2021,3426.5637
Oceania,OWID_OCE,2022,3198.7764
Oceania,OWID_OCE,2023,3207.0242
Oceania,OWID_OCE,2024,3270.1057
Oceania,OWID_OCE,2025,3042.8162
Oman,OMN,1980,0
Oman,OMN,1981,0
Oman,OMN,1982,0
Oman,OMN,1983,0
Oman,OMN,1984,0
Oman,OMN,1985,0
Oman,OMN,1986,0
Oman,OMN,1987,0
Oman,OMN,1988,0
Oman,OMN,1989,0
Oman,OMN,1990,0
Oman,OMN,1991,0
Oman,OMN,1992,0
Oman,OMN,1993,0
Oman,OMN,1994,0
Oman,OMN,1995,0
Oman,OMN,1996,0
Oman,OMN,1997,0
Oman,OMN,1998,0
Oman,OMN,1999,0
Oman,OMN,2000,0
Oman,OMN,2001,0
Oman,OMN,2002,0
Oman,OMN,2003,0
Oman,OMN,2004,0
Oman,OMN,2005,0
Oman,OMN,2006,0
Oman,OMN,2007,0
Oman,OMN,2008,0
Oman,OMN,2009,0
Oman,OMN,2010,0
Oman,OMN,2011,0
Oman,OMN,2012,0
Oman,OMN,2013,0
Oman,OMN,2014,0
Oman,OMN,2015,0
Oman,OMN,2016,0
Oman,OMN,2017,0
Oman,OMN,2018,0
Oman,OMN,2019,0
Oman,OMN,2020,0
Oman,OMN,2021,0
Oman,OMN,2022,0
Oman,OMN,2023,0
Oman,OMN,2024,0
Pakistan,PAK,1900,0
Pakistan,PAK,1901,0
Pakistan,PAK,1902,0
Pakistan,PAK,1903,0
Pakistan,PAK,1904,0
Pakistan,PAK,1905,0
Pakistan,PAK,1906,0
Pakistan,PAK,1907,0
Pakistan,PAK,1908,0
Pakistan,PAK,1909,0
Pakistan,PAK,1910,0
Pakistan,PAK,1911,0
Pakistan,PAK,1912,0
Pakistan,PAK,1913,0
Pakistan,PAK,1914,0
Pakistan,PAK,1915,0
Pakistan,PAK,1916,0
Pakistan,PAK,1917,0
Pakistan,PAK,1918,0
Pakistan,PAK,1919,0
Pakistan,PAK,1920,0
Pakistan,PAK,1921,0
Pakistan,PAK,1922,0
Pakistan,PAK,1923,0
Pakistan,PAK,1924,0
Pakistan,PAK,1925,0
Pakistan,PAK,1926,0
Pakistan,PAK,1927,0
Pakistan,PAK,1928,0
Pakistan,PAK,1929,0
Pakistan,PAK,1930,0
Pakistan,PAK,1931,0
Pakistan,PAK,1932,0
Pakistan,PAK,1933,0
Pakistan,PAK,1934,0
Pakistan,PAK,1935,0
Pakistan,PAK,1936,0
Pakistan,PAK,1937,0
Pakistan,PAK,1938,0
Pakistan,PAK,1939,0
Pakistan,PAK,1940,0
Pakistan,PAK,1941,0
Pakistan,PAK,1942,0
Pakistan,PAK,1943,0
Pakistan,PAK,1944,0
Pakistan,PAK,1945,0
Pakistan,PAK,1946,2.3079734
Pakistan,PAK,1947,1.9090645
Pakistan,PAK,1948,1.5158541
Pakistan,PAK,1949,1.8919684
Pakistan,PAK,1950,2.490332
Pakistan,PAK,1951,2.8778434
Pakistan,PAK,1952,3.41922
Pakistan,PAK,1953,3.3280406
Pakistan,PAK,1954,3.1570797
Pakistan,PAK,1955,3.0146122
Pakistan,PAK,1956,3.6813602
Pakistan,PAK,1957,2.9405293
Pakistan,PAK,1958,3.402124
Pakistan,PAK,1959,4.12016
Pakistan,PAK,1960,4.661536
Pakistan,PAK,1961,5.1630225
Pakistan,PAK,1962,5.5790277
Pakistan,PAK,1963,6.96951
Pakistan,PAK,1964,6.8099465
Pakistan,PAK,1965,7.049292
Pakistan,PAK,1966,6.758658
Pakistan,PAK,1967,7.53938
Pakistan,PAK,1968,6.83844
Pakistan,PAK,1969,7.8243155
Pakistan,PAK,1970,7.1176763
Pakistan,PAK,1971,7.545079
Pakistan,PAK,1972,7.1518683
Pakistan,PAK,1973,6.8612347
Pakistan,PAK,1974,6.4338326
Pakistan,PAK,1975,7.4880915
Pakistan,PAK,1976,6.4851203
Pakistan,PAK,1977,6.536409
Pakistan,PAK,1978,7.288637
Pakistan,PAK,1979,7.186061
Pakistan,PAK,1980,8.412332
Pakistan,PAK,1981,8.117089
Pakistan,PAK,1982,9.209773
Pakistan,PAK,1983,9.469937
Pakistan,PAK,1984,12.019535
Pakistan,PAK,1985,11.3951435
Pakistan,PAK,1986,10.666687
Pakistan,PAK,1987,12.539861
Pakistan,PAK,1988,14.048807
Pakistan,PAK,1989,14.152872
Pakistan,PAK,1990,14.6732
Pakistan,PAK,1991,14.725231
Pakistan,PAK,1992,15.505721
Pakistan,PAK,1993,16.390276
Pakistan,PAK,1994,15.713851
Pakistan,PAK,1995,16.49434
Pakistan,PAK,1996,18.003286
Pakistan,PAK,1997,16.338243
Pakistan,PAK,1998,17.27483
Pakistan,PAK,1999,17.222797
Pakistan,PAK,2000,16.806536
Pakistan,PAK,2001,16.962635
Pakistan,PAK,2002,18.159386
Pakistan,PAK,2003,17.373692
Pakistan,PAK,2004,17.659872
Pakistan,PAK,2005,18.143774
Pakistan,PAK,2006,20.841667
Pakistan,PAK,2007,19.218248
Pakistan,PAK,2008,20.695974
Pakistan,PAK,2009,18.260847
Pakistan,PAK,2010,17.519382
Pakistan,PAK,2011,16.790926
Pakistan,PAK,2012,15.817917
Pakistan,PAK,2013,15.539542
Pakistan,PAK,2014,17.600035
Pakistan,PAK,2015,17.300846
Pakistan,PAK,2016,21.32817
Pakistan,PAK,2017,21.702806
Pakistan,PAK,2018,22.816166
Pakistan,PAK,2019,36.696053
Pakistan,PAK,2020,48.35542
Pakistan,PAK,2021,52.174145
Pakistan,PAK,2022,52.629482
Pakistan,PAK,2023,101.89189
Pakistan,PAK,2024,93.75601
Pakistan,PAK,2025,94.84139
Palestine,PSE,1997,0
Palestine,PSE,1998,0
Palestine,PSE,1999,0
Palestine,PSE,2000,0
Palestine,PSE,2001,0
Palestine,PSE,2002,0
Palestine,PSE,2003,0
Palestine,PSE,2004,0
Palestine,PSE,2005,0
Palestine,PSE,2006,0
Palestine,PSE,2007,0
Palestine,PSE,2008,0
Palestine,PSE,2009,0
Palestine,PSE,2010,0
Palestine,PSE,2011,0
Palestine,PSE,2012,0
Palestine,PSE,2013,0
Palestine,PSE,2014,0
Palestine,PSE,2015,0
Palestine,PSE,2016,0
Palestine,PSE,2017,0
Palestine,PSE,2018,0
Palestine,PSE,2019,0
Palestine,PSE,2020,0
Palestine,PSE,2021,0
Palestine,PSE,2022,0
Palestine,PSE,2023,0
Palestine,PSE,2024,0
Panama,PAN,1980,0
Panama,PAN,1981,0
Panama,PAN,1982,0
Panama,PAN,1983,0
Panama,PAN,1984,0
Panama,PAN,1985,0
Panama,PAN,1986,0
Panama,PAN,1987,0
Panama,PAN,1988,0
Panama,PAN,1989,0
Panama,PAN,1990,0
Panama,PAN,1991,0
Panama,PAN,1992,0
Panama,PAN,1993,0
Panama,PAN,1994,0
Panama,PAN,1995,0
Panama,PAN,1996,0
Panama,PAN,1997,0
Panama,PAN,1998,0
Panama,PAN,1999,0
Panama,PAN,2000,0
Panama,PAN,2001,0
Panama,PAN,2002,0
Panama,PAN,2003,0
Panama,PAN,2004,0
Panama,PAN,2005,0
Panama,PAN,2006,0
Panama,PAN,2007,0
Panama,PAN,2008,0
Panama,PAN,2009,0
Panama,PAN,2010,0
Panama,PAN,2011,0
Panama,PAN,2012,0
Panama,PAN,2013,0
Panama,PAN,2014,0
Panama,PAN,2015,0
Panama,PAN,2016,0
Panama,PAN,2017,0
Panama,PAN,2018,0
Panama,PAN,2019,0
Panama,PAN,2020,0
Panama,PAN,2021,0
Panama,PAN,2022,0
Panama,PAN,2023,0
Panama,PAN,2024,0
Papua New Guinea,PNG,1980,0
Papua New Guinea,PNG,1981,0
Papua New Guinea,PNG,1982,0
Papua New Guinea,PNG,1983,0
Papua New Guinea,PNG,1984,0
Papua New Guinea,PNG,1985,0
Papua New Guinea,PNG,1986,0
Papua New Guinea,PNG,1987,0
Papua New Guinea,PNG,1988,0
Papua New Guinea,PNG,1989,0
Papua New Guinea,PNG,1990,0
Papua New Guinea,PNG,1991,0
Papua New Guinea,PNG,1992,0
Papua New Guinea,PNG,1993,0
Papua New Guinea,PNG,1994,0
Papua New Guinea,PNG,1995,0
Papua New Guinea,PNG,1996,0
Papua New Guinea,PNG,1997,0
Papua New Guinea,PNG,1998,0
Papua New Guinea,PNG,1999,0
Papua New Guinea,PNG,2000,0
Papua New Guinea,PNG,2001,0
Papua New Guinea,PNG,2002,0
Papua New Guinea,PNG,2003,0
Papua New Guinea,PNG,2004,0
Papua New Guinea,PNG,2005,0
Papua New Guinea,PNG,2006,0
Papua New Guinea,PNG,2007,0
Papua New Guinea,PNG,2008,0
Papua New Guinea,PNG,2009,0
Papua New Guinea,PNG,2010,0
Papua New Guinea,PNG,2011,0
Papua New Guinea,PNG,2012,0
Papua New Guinea,PNG,2013,0
Papua New Guinea,PNG,2014,0
Papua New Guinea,PNG,2015,0
Papua New Guinea,PNG,2016,0
Papua New Guinea,PNG,2017,0
Papua New Guinea,PNG,2018,0
Papua New Guinea,PNG,2019,0
Papua New Guinea,PNG,2020,0
Papua New Guinea,PNG,2021,0
Papua New Guinea,PNG,2022,0
Papua New Guinea,PNG,2023,0
Papua New Guinea,PNG,2024,0
Paraguay,PRY,1980,0
Paraguay,PRY,1981,0
Paraguay,PRY,1982,0
Paraguay,PRY,1983,0
Paraguay,PRY,1984,0
Paraguay,PRY,1985,0
Paraguay,PRY,1986,0
Paraguay,PRY,1987,0
Paraguay,PRY,1988,0
Paraguay,PRY,1989,0
Paraguay,PRY,1990,0
Paraguay,PRY,1991,0
Paraguay,PRY,1992,0
Paraguay,PRY,1993,0
Paraguay,PRY,1994,0
Paraguay,PRY,1995,0
Paraguay,PRY,1996,0
Paraguay,PRY,1997,0
Paraguay,PRY,1998,0
Paraguay,PRY,1999,0
Paraguay,PRY,2000,0
Paraguay,PRY,2001,0
Paraguay,PRY,2002,0
Paraguay,PRY,2003,0
Paraguay,PRY,2004,0
Paraguay,PRY,2005,0
Paraguay,PRY,2006,0
Paraguay,PRY,2007,0
Paraguay,PRY,2008,0
Paraguay,PRY,2009,0
Paraguay,PRY,2010,0
Paraguay,PRY,2011,0
Paraguay,PRY,2012,0
Paraguay,PRY,2013,0
Paraguay,PRY,2014,0
Paraguay,PRY,2015,0
Paraguay,PRY,2016,0
Paraguay,PRY,2017,0
Paraguay,PRY,2018,0
Paraguay,PRY,2019,0
Paraguay,PRY,2020,0
Paraguay,PRY,2021,0
Paraguay,PRY,2022,0
Paraguay,PRY,2023,0
Paraguay,PRY,2024,0
Peru,PER,1900,0.390768
Peru,PER,1901,0.36634502
Peru,PER,1902,0
Peru,PER,1903,0.30121702
Peru,PER,1904,0.48846
Peru,PER,1905,0.61057496
Peru,PER,1906,0.65128005
Peru,PER,1907,1.514226
Peru,PER,1908,2.531851
Peru,PER,1909,2.865632
Peru,PER,1910,2.4992871
Peru,PER,1911,2.784222
Peru,PER,1912,2.271339
Peru,PER,1913,2.230634
Peru,PER,1914,2.312044
Peru,PER,1915,2.369031
Peru,PER,1916,2.596979
Peru,PER,1917,2.881914
Peru,PER,1918,2.816786
Peru,PER,1919,2.800504
Peru,PER,1920,3.0772982
Peru,PER,1921,2.906337
Peru,PER,1922,2.466723
Peru,PER,1923,2.059673
Peru,PER,1924,1.253714
Peru,PER,1925,0.830382
Peru,PER,1926,1.392111
Peru,PER,1927,1.3188419
Peru,PER,1928,1.6119181
Peru,PER,1929,1.799161
Peru,PER,1930,1.636341
Peru,PER,1931,1.147881
Peru,PER,1932,0.211666
Peru,PER,1933,0.24423
Peru,PER,1934,0.284935
Peru,PER,1935,0.691985
Peru,PER,1936,0.73269004
Peru,PER,1937,0.80595905
Peru,PER,1938,0.61057496
Peru,PER,1939,0.879228
Peru,PER,1940,0.91993296
Peru,PER,1941,0.952497
Peru,PER,1942,1.213009
Peru,PER,1943,1.522367
Peru,PER,1944,1.408393
Peru,PER,1945,1.636341
Peru,PER,1946,1.87243
Peru,PER,1947,1.750315
Peru,PER,1948,1.5386491
Peru,PER,1949,1.38397
Peru,PER,1950,1.595636
Peru,PER,1951,1.514226
Peru,PER,1952,1.831725
Peru,PER,1953,1.70961
Peru,PER,1954,1.677046
Peru,PER,1955,1.1071761
Peru,PER,1956,1.188586
Peru,PER,1957,1.147881
Peru,PER,1958,1.815443
Peru,PER,1959,1.408393
Peru,PER,1960,1.3188419
Peru,PER,1961,1.359547
Peru,PER,1962,1.326983
Peru,PER,1963,1.066471
Peru,PER,1964,1.196727
Peru,PER,1965,1.050189
Peru,PER,1966,1.2211499
Peru,PER,1967,1.359547
Peru,PER,1968,1.310701
Peru,PER,1969,1.3188419
Peru,PER,1970,1.269996
Peru,PER,1971,0.838523
Peru,PER,1972,0.846664
Peru,PER,1973,0.081410006
Peru,PER,1974,0
Peru,PER,1975,0.187243
Peru,PER,1976,0.179102
Peru,PER,1977,0.187243
Peru,PER,1978,0.22794801
Peru,PER,1979,0.24423
Peru,PER,1980,0.4160253
Peru,PER,1981,0.90124524
Peru,PER,1982,0.7054434
Peru,PER,1983,0.9006025
Peru,PER,1984,1.028495
Peru,PER,1985,1.2744255
Peru,PER,1986,1.4867226
Peru,PER,1987,1.0878353
Peru,PER,1988,1.2065161
Peru,PER,1989,1.0306373
Peru,PER,1990,0.832916
Peru,PER,1991,0.57412267
Peru,PER,1992,0.7712096
Peru,PER,1993,0.71204156
Peru,PER,1994,0.6341057
Peru,PER,1995,0.44058403
Peru,PER,1996,0.49700177
Peru,PER,1997,0.1885179
Peru,PER,1998,0.17137992
Peru,PER,1999,0.1799489
Peru,PER,2000,0.13710393
Peru,PER,2001,0.16281092
Peru,PER,2002,0.1885179
Peru,PER,2003,0.13710393
Peru,PER,2004,0.1885179
Peru,PER,2005,0.3684668
Peru,PER,2006,0.9168825
Peru,PER,2007,0.9597275
Peru,PER,2008,1.2167974
Peru,PER,2009,1.2044823
Peru,PER,2010,1.6366781
Peru,PER,2011,1.5681263
Peru,PER,2012,1.9451619
Peru,PER,2013,1.8080581
Peru,PER,2014,1.979438
Peru,PER,2015,2.1593869
Peru,PER,2016,2.30506
Peru,PER,2017,3.3889253
Peru,PER,2018,4.8812566
Peru,PER,2019,5.406121
Peru,PER,2020,2.9111376
Peru,PER,2021,3.6901317
Peru,PER,2022,1.141708
Peru,PER,2023,11.052154
Peru,PER,2024,15.287686
Philippines,PHL,1900,0
Philippines,PHL,1901,0
Philippines,PHL,1902,0
Philippines,PHL,1903,0
Philippines,PHL,1904,0
Philippines,PHL,1905,0
Philippines,PHL,1906,0
Philippines,PHL,1907,0.0219807
Philippines,PHL,1908,0.05495175
Philippines,PHL,1909,0.16485524
Philippines,PHL,1910,0.15936007
Philippines,PHL,1911,0.1099035
Philippines,PHL,1912,0.016485525
Philippines,PHL,1913,0.0219807
Philippines,PHL,1914,0.05495175
Philippines,PHL,1915,0.16485524
Philippines,PHL,1916,0.15936007
Philippines,PHL,1917,0.03297105
Philippines,PHL,1918,0.0879228
Philippines,PHL,1919,0.18134077
Philippines,PHL,1920,0.31872013
Philippines,PHL,1921,0.21431184
Philippines,PHL,1922,0.23079735
Philippines,PHL,1923,0.23629253
Philippines,PHL,1924,0.25827324
Philippines,PHL,1925,0.2637684
Philippines,PHL,1926,0.15386489
Philippines,PHL,1927,0.12638903
Philippines,PHL,1928,0.14836971
Philippines,PHL,1929,0.09341797
Philippines,PHL,1930,0.115398675
Philippines,PHL,1931,0.104408324
Philippines,PHL,1932,0.09891315
Philippines,PHL,1933,0.0879228
Philippines,PHL,1934,0.12638903
Philippines,PHL,1935,0.1318842
Philippines,PHL,1936,0.16485524
Philippines,PHL,1937,0.14287455
Philippines,PHL,1938,0.22530217
Philippines,PHL,1939,0.25827324
Philippines,PHL,1940,0.34619603
Philippines,PHL,1941,0
Philippines,PHL,1942,0
Philippines,PHL,1943,0
Philippines,PHL,1944,0
Philippines,PHL,1945,0
Philippines,PHL,1946,0.2637684
Philippines,PHL,1947,0.40664297
Philippines,PHL,1948,0.48357537
Philippines,PHL,1949,0.67590654
Philippines,PHL,1950,0.8737328
Philippines,PHL,1951,0.8297714
Philippines,PHL,1952,0.76382935
Philippines,PHL,1953,0.85175216
Philippines,PHL,1954,0.65942097
Philippines,PHL,1955,0.71437275
Philippines,PHL,1956,0.8352666
Philippines,PHL,1957,1.0495784
Philippines,PHL,1958,0.59347886
Philippines,PHL,1959,0.76932454
Philippines,PHL,1960,0.81328595
Philippines,PHL,1961,0.8352666
Philippines,PHL,1962,0.8957135
Philippines,PHL,1963,0.85724735
Philippines,PHL,1964,0.63194513
Philippines,PHL,1965,0.5220416
Philippines,PHL,1966,0.4121381
Philippines,PHL,1967,0.38466227
Philippines,PHL,1968,0.1758456
Philippines,PHL,1969,0.29124427
Philippines,PHL,1970,0.23079735
Philippines,PHL,1971,0.219807
Philippines,PHL,1972,0.21431184
Philippines,PHL,1973,0.21431184
Philippines,PHL,1974,0.28025392
Philippines,PHL,1975,0.57699335
Philippines,PHL,1976,0.66491616
Philippines,PHL,1977,1.4177551
Philippines,PHL,1978,1.4012697
Philippines,PHL,1979,1.4778113
Philippines,PHL,1980,2.1257992
Philippines,PHL,1981,2.138722
Philippines,PHL,1982,3.605459
Philippines,PHL,1983,6.590624
Philippines,PHL,1984,7.8570576
Philippines,PHL,1985,8.154282
Philippines,PHL,1986,7.986285
Philippines,PHL,1987,7.805366
Philippines,PHL,1988,8.774575
Philippines,PHL,1989,8.787498
Philippines,PHL,1990,8.031515
Philippines,PHL,1991,8.567811
Philippines,PHL,1992,10.732379
Philippines,PHL,1993,10.221929
Philippines,PHL,1994,9.362563
Philippines,PHL,1995,8.587194
Philippines,PHL,1996,7.1592264
Philippines,PHL,1997,6.9524617
Philippines,PHL,1998,7.475835
Philippines,PHL,1999,7.6050625
Philippines,PHL,2000,8.742269
Philippines,PHL,2001,7.947517
Philippines,PHL,2002,10.7582245
Philippines,PHL,2003,13.116634
Philippines,PHL,2004,17.613764
Philippines,PHL,2005,20.437395
Philippines,PHL,2006,16.722092
Philippines,PHL,2007,21.975206
Philippines,PHL,2008,23.319178
Philippines,PHL,2009,30.284563
Philippines,PHL,2010,42.96828
Philippines,PHL,2011,44.65471
Philippines,PHL,2012,47.426647
Philippines,PHL,2013,45.87591
Philippines,PHL,2014,49.11307
Philippines,PHL,2015,47.672176
Philippines,PHL,2016,72.438705
Philippines,PHL,2017,77.097374
Philippines,PHL,2018,84.35998
Philippines,PHL,2019,98.6849
Philippines,PHL,2020,85.723335
Philippines,PHL,2021,92.90195
Philippines,PHL,2022,88.90138
Philippines,PHL,2023,88.74336
Philippines,PHL,2024,91.70334
Poland,POL,1900,190.97467
Poland,POL,1901,201.44116
Poland,POL,1902,196.03462
Poland,POL,1903,203.7992
Poland,POL,1904,205.11949
Poland,POL,1905,222.28764
Poland,POL,1906,234.50916
Poland,POL,1907,256.939
Poland,POL,1908,268.65326
Poland,POL,1909,273.49414
Poland,POL,1910,273.47214
Poland,POL,1911,291.87756
Poland,POL,1912,329.61063
Poland,POL,1913,346.07465
Poland,POL,1914,289.35516
Poland,POL,1915,283.5691
Poland,POL,1916,325.33
Poland,POL,1917,363.3097
Poland,POL,1918,304.2373
Poland,POL,1919,0.5226522
Poland,POL,1920,205.3493
Poland,POL,1921,197.28558
Poland,POL,1922,230.22684
Poland,POL,1923,238.45541
Poland,POL,1924,213.07846
Poland,POL,1925,191.92741
Poland,POL,1926,235.90884
Poland,POL,1927,251.3244
Poland,POL,1928,268.01117
Poland,POL,1929,305.07062
Poland,POL,1930,247.45677
Poland,POL,1931,252.42758
Poland,POL,1932,190.22464
Poland,POL,1933,180.35971
Poland,POL,1934,192.83203
Poland,POL,1935,188.27568
Poland,POL,1936,196.21341
Poland,POL,1937,238.87306
Poland,POL,1938,251.29019
Poland,POL,1939,152.89482
Poland,POL,1940,508.26193
Poland,POL,1941,503.42175
Poland,POL,1942,553.729
Poland,POL,1943,602.5261
Poland,POL,1944,576.2614
Poland,POL,1945,180.45715
Poland,POL,1946,314.76752
Poland,POL,1947,401.55563
Poland,POL,1948,475.63156
Poland,POL,1949,499.79156
Poland,POL,1950,526.17084
Poland,POL,1951,552.63727
Poland,POL,1952,569.19244
Poland,POL,1953,598.00446
Poland,POL,1954,616.483
Poland,POL,1955,637.7583
Poland,POL,1956,642.5332
Poland,POL,1957,635.0302
Poland,POL,1958,644.742
Poland,POL,1959,676.1366
Poland,POL,1960,711.4654
Poland,POL,1961,728.23083
Poland,POL,1962,749.83936
Poland,POL,1963,783.6095
Poland,POL,1964,823.3867
Poland,POL,1965,838.8561
Poland,POL,1966,864.211
Poland,POL,1967,875.322
Poland,POL,1968,913.8837
Poland,POL,1969,965.66583
Poland,POL,1970,1003.88226
Poland,POL,1971,1043.6991
Poland,POL,1972,1087.0748
Poland,POL,1973,1128.6259
Poland,POL,1974,1165.5422
Poland,POL,1975,1229.0935
Poland,POL,1976,1278.3563
Poland,POL,1977,1326.8586
Poland,POL,1978,1370.2876
Poland,POL,1979,1418.4752
Poland,POL,1980,1191.8524
Poland,POL,1981,1197.8241
Poland,POL,1982,1397.7062
Poland,POL,1983,1423.4971
Poland,POL,1984,1426.0773
Poland,POL,1985,1436.304
Poland,POL,1986,1460.487
Poland,POL,1987,1476.4073
Poland,POL,1988,1476.1913
Poland,POL,1989,1362.5563
Poland,POL,1990,1162.5018
Poland,POL,1991,1113.4037
Poland,POL,1992,1083.5659
Poland,POL,1993,1047.989
Poland,POL,1994,1047.209
Poland,POL,1995,1072.4089
Poland,POL,1996,1063.038
Poland,POL,1997,1081.6552
Poland,POL,1998,934.4539
Poland,POL,1999,904.11285
Poland,POL,2000,836.13837
Poland,POL,2001,838.0157
Poland,POL,2002,834.70685
Poland,POL,2003,830.72034
Poland,POL,2004,806.1961
Poland,POL,2005,806.7764
Poland,POL,2006,791.3931
Poland,POL,2007,726.7561
Poland,POL,2008,708.3886
Poland,POL,2009,656.2531
Poland,POL,2010,644.18317
Poland,POL,2011,648.01666
Poland,POL,2012,672.44324
Poland,POL,2013,664.7652
Poland,POL,2014,628.4026
Poland,POL,2015,616.0762
Poland,POL,2016,605.6631
Poland,POL,2017,578.94165
Poland,POL,2018,549.7619
Poland,POL,2019,518.82117
Poland,POL,2020,467.7588
Poland,POL,2021,488.9499
Poland,POL,2022,475.16553
Poland,POL,2023,412.9258
Poland,POL,2024,388.73083
Poland,POL,2025,373.10007
Portugal,PRT,1900,0.24423
Portugal,PRT,1901,0.130256
Portugal,PRT,1902,0.13839701
Portugal,PRT,1903,0.065128
Portugal,PRT,1904,0.105833
Portugal,PRT,1905,0.113974005
Portugal,PRT,1906,0.081410006
Portugal,PRT,1907,0.073269
Portugal,PRT,1908,0.040705003
Portugal,PRT,1909,0.048846
Portugal,PRT,1910,0.065128
Portugal,PRT,1911,0.089551
Portugal,PRT,1912,0.122115
Portugal,PRT,1913,0.203525
Portugal,PRT,1914,0.236089
Portugal,PRT,1915,0.48846
Portugal,PRT,1916,1.164163
Portugal,PRT,1917,1.5386491
Portugal,PRT,1918,1.506085
Portugal,PRT,1919,1.0583299
Portugal,PRT,1920,1.2822075
Portugal,PRT,1921,1.164163
Portugal,PRT,1922,1.1071761
Portugal,PRT,1923,1.188586
Portugal,PRT,1924,1.050189
Portugal,PRT,1925,0.94842654
Portugal,PRT,1926,1.7706676
Portugal,PRT,1927,1.563072
Portugal,PRT,1928,1.742174
Portugal,PRT,1929,1.7218214
Portugal,PRT,1930,1.864289
Portugal,PRT,1931,1.742174
Portugal,PRT,1932,1.579354
Portugal,PRT,1933,1.7381035
Portugal,PRT,1934,1.7136805
Portugal,PRT,1935,1.799161
Portugal,PRT,1936,1.8520776
Portugal,PRT,1937,2.2021403
Portugal,PRT,1938,2.580697
Portugal,PRT,1939,2.5766265
Portugal,PRT,1940,3.264541
Portugal,PRT,1941,3.8832572
Portugal,PRT,1942,4.493832
Portugal,PRT,1943,3.622745
Portugal,PRT,1944,3.8506927
Portugal,PRT,1945,4.2129674
Portugal,PRT,1946,3.6675205
Portugal,PRT,1947,3.451784
Portugal,PRT,1948,3.5698285
Portugal,PRT,1949,4.07457
Portugal,PRT,1950,3.7937062
Portugal,PRT,1951,3.7407894
Portugal,PRT,1952,3.9117503
Portugal,PRT,1953,4.1804037
Portugal,PRT,1954,3.7814946
Portugal,PRT,1955,3.6471682
Portugal,PRT,1956,3.956526
Portugal,PRT,1957,4.8113313
Portugal,PRT,1958,5.250945
Portugal,PRT,1959,4.9375167
Portugal,PRT,1960,4.176333
Portugal,PRT,1961,4.469409
Portugal,PRT,1962,3.9198914
Portugal,PRT,1963,3.964667
Portugal,PRT,1964,4.0257244
Portugal,PRT,1965,3.8506927
Portugal,PRT,1966,3.6268156
Portugal,PRT,1967,3.6838024
Portugal,PRT,1968,3.6105332
Portugal,PRT,1969,3.427361
Portugal,PRT,1970,2.206211
Portugal,PRT,1971,2.059673
Portugal,PRT,1972,2.051532
Portugal,PRT,1973,1.799161
Portugal,PRT,1974,1.87243
Portugal,PRT,1975,1.8073019
Portugal,PRT,1976,1.5712131
Portugal,PRT,1977,1.587495
Portugal,PRT,1978,1.4653801
Portugal,PRT,1979,1.457239
Portugal,PRT,1980,1.0816654
Portugal,PRT,1981,1.124443
Portugal,PRT,1982,1.0877764
Portugal,PRT,1983,1.1305542
Portugal,PRT,1984,1.1855541
Portugal,PRT,1985,1.4483316
Portugal,PRT,1986,1.4422204
Portugal,PRT,1987,1.5949981
Portugal,PRT,1988,1.4055539
Portugal,PRT,1989,1.5766648
Portugal,PRT,1990,1.7172201
Portugal,PRT,1991,1.6499981
Portugal,PRT,1992,1.350554
Portugal,PRT,1993,1.2038873
Portugal,PRT,1994,0.89833224
Portugal,PRT,1995,0
Portugal,PRT,1996,0
Portugal,PRT,1997,0
Portugal,PRT,1998,0
Portugal,PRT,1999,0
Portugal,PRT,2000,0
Portugal,PRT,2001,0
Portugal,PRT,2002,0
Portugal,PRT,2003,0
Portugal,PRT,2004,0
Portugal,PRT,2005,0
Portugal,PRT,2006,0
Portugal,PRT,2007,0
Portugal,PRT,2008,0
Portugal,PRT,2009,0
Portugal,PRT,2010,0
Portugal,PRT,2011,0
Portugal,PRT,2012,0
Portugal,PRT,2013,0
Portugal,PRT,2014,0
Portugal,PRT,2015,0
Portugal,PRT,2016,0
Portugal,PRT,2017,0
Portugal,PRT,2018,0
Portugal,PRT,2019,0
Portugal,PRT,2020,0
Portugal,PRT,2021,0
Portugal,PRT,2022,0
Portugal,PRT,2023,0
Portugal,PRT,2024,0
Puerto Rico,PRI,1980,0
Puerto Rico,PRI,1981,0
Puerto Rico,PRI,1982,0
Puerto Rico,PRI,1983,0
Puerto Rico,PRI,1984,0
Puerto Rico,PRI,1985,0
Puerto Rico,PRI,1986,0
Puerto Rico,PRI,1987,0
Puerto Rico,PRI,1988,0
Puerto Rico,PRI,1989,0
Puerto Rico,PRI,1990,0
Puerto Rico,PRI,1991,0
Puerto Rico,PRI,1992,0
Puerto Rico,PRI,1993,0
Puerto Rico,PRI,1994,0
Puerto Rico,PRI,1995,0
Puerto Rico,PRI,1996,0
Puerto Rico,PRI,1997,0
Puerto Rico,PRI,1998,0
Puerto Rico,PRI,1999,0
Puerto Rico,PRI,2000,0
Puerto Rico,PRI,2001,0
Puerto Rico,PRI,2002,0
Puerto Rico,PRI,2003,0
Puerto Rico,PRI,2004,0
Puerto Rico,PRI,2005,0
Puerto Rico,PRI,2006,0
Puerto Rico,PRI,2007,0
Puerto Rico,PRI,2008,0
Puerto Rico,PRI,2009,0
Puerto Rico,PRI,2010,0
Puerto Rico,PRI,2011,0
Puerto Rico,PRI,2012,0
Puerto Rico,PRI,2013,0
Puerto Rico,PRI,2014,0
Puerto Rico,PRI,2015,0
Puerto Rico,PRI,2016,0
Puerto Rico,PRI,2017,0
Puerto Rico,PRI,2018,0
Puerto Rico,PRI,2019,0
Puerto Rico,PRI,2020,0
Puerto Rico,PRI,2021,0
Puerto Rico,PRI,2022,0
Puerto Rico,PRI,2023,0
Puerto Rico,PRI,2024,0
Qatar,QAT,1980,0
Qatar,QAT,1981,0
Qatar,QAT,1982,0
Qatar,QAT,1983,0
Qatar,QAT,1984,0
Qatar,QAT,1985,0
Qatar,QAT,1986,0
Qatar,QAT,1987,0
Qatar,QAT,1988,0
Qatar,QAT,1989,0
Qatar,QAT,1990,0
Qatar,QAT,1991,0
Qatar,QAT,1992,0
Qatar,QAT,1993,0
Qatar,QAT,1994,0
Qatar,QAT,1995,0
Qatar,QAT,1996,0
Qatar,QAT,1997,0
Qatar,QAT,1998,0
Qatar,QAT,1999,0
Qatar,QAT,2000,0
Qatar,QAT,2001,0
Qatar,QAT,2002,0
Qatar,QAT,2003,0
Qatar,QAT,2004,0
Qatar,QAT,2005,0
Qatar,QAT,2006,0
Qatar,QAT,2007,0
Qatar,QAT,2008,0
Qatar,QAT,2009,0
Qatar,QAT,2010,0
Qatar,QAT,2011,0
Qatar,QAT,2012,0
Qatar,QAT,2013,0
Qatar,QAT,2014,0
Qatar,QAT,2015,0
Qatar,QAT,2016,0
Qatar,QAT,2017,0
Qatar,QAT,2018,0
Qatar,QAT,2019,0
Qatar,QAT,2020,0
Qatar,QAT,2021,0
Qatar,QAT,2022,0
Qatar,QAT,2023,0
Qatar,QAT,2024,0
Reunion,REU,1980,0
Reunion,REU,1981,0
Reunion,REU,1982,0
Reunion,REU,1983,0
Reunion,REU,1984,0
Reunion,REU,1985,0
Reunion,REU,1986,0
Reunion,REU,1987,0
Reunion,REU,1988,0
Reunion,REU,1989,0
Reunion,REU,1990,0
Reunion,REU,1991,0
Reunion,REU,1992,0
Reunion,REU,1993,0
Reunion,REU,1994,0
Reunion,REU,1995,0
Reunion,REU,1996,0
Reunion,REU,1997,0
Reunion,REU,1998,0
Reunion,REU,1999,0
Reunion,REU,2000,0
Reunion,REU,2001,0
Reunion,REU,2002,0
Reunion,REU,2003,0
Reunion,REU,2004,0
Reunion,REU,2005,0
Reunion,REU,2006,0
Reunion,REU,2007,0
Reunion,REU,2008,0
Reunion,REU,2009,0
Reunion,REU,2010,0
Reunion,REU,2011,0
Reunion,REU,2012,0
Reunion,REU,2013,0
Reunion,REU,2014,0
Reunion,REU,2015,0
Reunion,REU,2016,0
Reunion,REU,2017,0
Reunion,REU,2018,0
Reunion,REU,2019,0
Reunion,REU,2020,0
Reunion,REU,2021,0
Reunion,REU,2022,0
Reunion,REU,2023,0
Reunion,REU,2024,0
Romania,ROU,1900,0.1692514
Romania,ROU,1901,0.27939913
Romania,ROU,1902,0.35462198
Romania,ROU,1903,0.33044317
Romania,ROU,1904,0.33581626
Romania,ROU,1905,0.3492489
Romania,ROU,1906,0.3868603
Romania,ROU,1907,0.34387583
Romania,ROU,1908,0.43253133
Romania,ROU,1909,0.27402604
Romania,ROU,1910,0.32775667
Romania,ROU,1911,0.35193545
Romania,ROU,1912,0.55073863
Romania,ROU,1913,0.6179019
Romania,ROU,1914,0.68237865
Romania,ROU,1915,0.80595905
Romania,ROU,1916,0.71461695
Romania,ROU,1917,0.86506265
Romania,ROU,1918,0.63133454
Romania,ROU,1919,5.3146076
Romania,ROU,1920,5.2916503
Romania,ROU,1921,5.994625
Romania,ROU,1922,7.0782743
Romania,ROU,1923,8.365448
Romania,ROU,1924,9.077785
Romania,ROU,1925,9.58155
Romania,ROU,1926,9.958316
Romania,ROU,1927,10.693203
Romania,ROU,1928,10.305692
Romania,ROU,1929,10.206779
Romania,ROU,1930,7.9979625
Romania,ROU,1931,6.720884
Romania,ROU,1932,5.4635878
Romania,ROU,1933,5.1175957
Romania,ROU,1934,6.219073
Romania,ROU,1935,6.7416434
Romania,ROU,1936,6.8771915
Romania,ROU,1937,7.5173993
Romania,ROU,1938,8.067812
Romania,ROU,1939,8.182275
Romania,ROU,1940,8.825252
Romania,ROU,1941,8.04347
Romania,ROU,1942,8.679201
Romania,ROU,1943,9.486871
Romania,ROU,1944,7.2029123
Romania,ROU,1945,6.6072354
Romania,ROU,1946,6.152316
Romania,ROU,1947,6.982129
Romania,ROU,1948,19.041636
Romania,ROU,1949,0
Romania,ROU,1950,25.365728
Romania,ROU,1951,30.040209
Romania,ROU,1952,32.454178
Romania,ROU,1953,32.90397
Romania,ROU,1954,32.334343
Romania,ROU,1955,34.687416
Romania,ROU,1956,36.24878
Romania,ROU,1957,38.785923
Romania,ROU,1958,41.153244
Romania,ROU,1959,44.05559
Romania,ROU,1960,46.371624
Romania,ROU,1961,50.118683
Romania,ROU,1962,54.773464
Romania,ROU,1963,58.42763
Romania,ROU,1964,62.020008
Romania,ROU,1965,65.416756
Romania,ROU,1966,70.55422
Romania,ROU,1967,76.98122
Romania,ROU,1968,84.90965
Romania,ROU,1969,92.5464
Romania,ROU,1970,105.457214
Romania,ROU,1971,108.04882
Romania,ROU,1972,111.92524
Romania,ROU,1973,116.87301
Romania,ROU,1974,124.95393
Romania,ROU,1975,126.99211
Romania,ROU,1976,122.96387
Romania,ROU,1977,125.40649
Romania,ROU,1978,132.46872
Romania,ROU,1979,144.44878
Romania,ROU,1980,80.05846
Romania,ROU,1981,107.96408
Romania,ROU,1982,111.4468
Romania,ROU,1983,129.26746
Romania,ROU,1984,127.31919
Romania,ROU,1985,131.08475
Romania,ROU,1986,136.25754
Romania,ROU,1987,146.518
Romania,ROU,1988,161.30833
Romania,ROU,1989,162.953
Romania,ROU,1990,96.108345
Romania,ROU,1991,81.76365
Romania,ROU,1992,85.4483
Romania,ROU,1993,88.68259
Romania,ROU,1994,90.48501
Romania,ROU,1995,91.73254
Romania,ROU,1996,93.78893
Romania,ROU,1997,76.79176
Romania,ROU,1998,59.900337
Romania,ROU,1999,54.039806
Romania,ROU,2000,65.168144
Romania,ROU,2001,66.29801
Romania,ROU,2002,70.93041
Romania,ROU,2003,76.06231
Romania,ROU,2004,73.2599
Romania,ROU,2005,67.39144
Romania,ROU,2006,75.35898
Romania,ROU,2007,79.76265
Romania,ROU,2008,80.982445
Romania,ROU,2009,76.35425
Romania,ROU,2010,68.657745
Romania,ROU,2011,77.48019
Romania,ROU,2012,73.80552
Romania,ROU,2013,54.156677
Romania,ROU,2014,51.74309
Romania,ROU,2015,54.80007
Romania,ROU,2016,49.258118
Romania,ROU,2017,51.965424
Romania,ROU,2018,46.72725
Romania,ROU,2019,45.68163
Romania,ROU,2020,30.147472
Romania,ROU,2021,34.978878
Romania,ROU,2022,32.287346
Romania,ROU,2023,26.130772
Romania,ROU,2024,22.511621
Romania,ROU,2025,21.887976
Russia,RUS,1985,2160.92
Russia,RUS,1986,2234.9768
Russia,RUS,1987,2253.092
Russia,RUS,1988,2325.4946
Russia,RUS,1989,2236.98
Russia,RUS,1990,2158.0762
Russia,RUS,1991,1984.5846
Russia,RUS,1992,1903.0659
Russia,RUS,1993,1716.3167
Russia,RUS,1994,1527.4819
Russia,RUS,1995,1450.4194
Russia,RUS,1996,1405.1366
Russia,RUS,1997,1348.9637
Russia,RUS,1998,1265.9254
Russia,RUS,1999,1370.1302
Russia,RUS,2000,1413.2777
Russia,RUS,2001,1493.8734
Russia,RUS,2002,1425.489
Russia,RUS,2003,1541.0913
Russia,RUS,2004,1594.8219
Russia,RUS,2005,1576.9117
Russia,RUS,2006,1639.5974
Russia,RUS,2007,1668.905
Russia,RUS,2008,1732.4048
Russia,RUS,2009,1648.5525
Russia,RUS,2010,1755.281
Russia,RUS,2011,1832.5391
Russia,RUS,2012,1957.0964
Russia,RUS,2013,2013.2693
Russia,RUS,2014,2053.9744
Russia,RUS,2015,2167.134
Russia,RUS,2016,2255.871
Russia,RUS,2017,2393.4539
Russia,RUS,2018,2562.7866
Russia,RUS,2019,2563.6008
Russia,RUS,2020,2336.467
Russia,RUS,2021,2564.4148
Russia,RUS,2022,2593.0132
Russia,RUS,2023,2554.2742
Russia,RUS,2024,2533.1672
Russia,RUS,2025,2545.0132
Rwanda,RWA,1980,0
Rwanda,RWA,1981,0
Rwanda,RWA,1982,0
Rwanda,RWA,1983,0
Rwanda,RWA,1984,0
Rwanda,RWA,1985,0
Rwanda,RWA,1986,0
Rwanda,RWA,1987,0
Rwanda,RWA,1988,0
Rwanda,RWA,1989,0
Rwanda,RWA,1990,0
Rwanda,RWA,1991,0
Rwanda,RWA,1992,0
Rwanda,RWA,1993,0
Rwanda,RWA,1994,0
Rwanda,RWA,1995,0
Rwanda,RWA,1996,0
Rwanda,RWA,1997,0
Rwanda,RWA,1998,0
Rwanda,RWA,1999,0
Rwanda,RWA,2000,0
Rwanda,RWA,2001,0
Rwanda,RWA,2002,0
Rwanda,RWA,2003,0
Rwanda,RWA,2004,0
Rwanda,RWA,2005,0
Rwanda,RWA,2006,0
Rwanda,RWA,2007,0
Rwanda,RWA,2008,0
Rwanda,RWA,2009,0
Rwanda,RWA,2010,0
Rwanda,RWA,2011,0
Rwanda,RWA,2012,0
Rwanda,RWA,2013,0
Rwanda,RWA,2014,0
Rwanda,RWA,2015,0
Rwanda,RWA,2016,0
Rwanda,RWA,2017,0
Rwanda,RWA,2018,0
Rwanda,RWA,2019,0
Rwanda,RWA,2020,0
Rwanda,RWA,2021,0
Rwanda,RWA,2022,0
Rwanda,RWA,2023,0
Rwanda,RWA,2024,0
Saint Helena,SHN,1980,0
Saint Helena,SHN,1981,0
Saint Helena,SHN,1982,0
Saint Helena,SHN,1983,0
Saint Helena,SHN,1984,0
Saint Helena,SHN,1985,0
Saint Helena,SHN,1986,0
Saint Helena,SHN,1987,0
Saint Helena,SHN,1988,0
Saint Helena,SHN,1989,0
Saint Helena,SHN,1990,0
Saint Helena,SHN,1991,0
Saint Helena,SHN,1992,0
Saint Helena,SHN,1993,0
Saint Helena,SHN,1994,0
Saint Helena,SHN,1995,0
Saint Helena,SHN,1996,0
Saint Helena,SHN,1997,0
Saint Helena,SHN,1998,0
Saint Helena,SHN,1999,0
Saint Helena,SHN,2000,0
Saint Helena,SHN,2001,0
Saint Helena,SHN,2002,0
Saint Helena,SHN,2003,0
Saint Helena,SHN,2004,0
Saint Helena,SHN,2005,0
Saint Helena,SHN,2006,0
Saint Helena,SHN,2007,0
Saint Helena,SHN,2008,0
Saint Helena,SHN,2009,0
Saint Helena,SHN,2010,0
Saint Helena,SHN,2011,0
Saint Helena,SHN,2012,0
Saint Helena,SHN,2013,0
Saint Helena,SHN,2014,0
Saint Helena,SHN,2015,0
Saint Helena,SHN,2016,0
Saint Helena,SHN,2017,0
Saint Helena,SHN,2018,0
Saint Helena,SHN,2019,0
Saint Helena,SHN,2020,0
Saint Helena,SHN,2021,0
Saint Helena,SHN,2022,0
Saint Helena,SHN,2023,0
Saint Helena,SHN,2024,0
Saint Kitts and Nevis,KNA,1980,0
Saint Kitts and Nevis,KNA,1981,0
Saint Kitts and Nevis,KNA,1982,0
Saint Kitts and Nevis,KNA,1983,0
Saint Kitts and Nevis,KNA,1984,0
Saint Kitts and Nevis,KNA,1985,0
Saint Kitts and Nevis,KNA,1986,0
Saint Kitts and Nevis,KNA,1987,0
Saint Kitts and Nevis,KNA,1988,0
Saint Kitts and Nevis,KNA,1989,0
Saint Kitts and Nevis,KNA,1990,0
Saint Kitts and Nevis,KNA,1991,0
Saint Kitts and Nevis,KNA,1992,0
Saint Kitts and Nevis,KNA,1993,0
Saint Kitts and Nevis,KNA,1994,0
Saint Kitts and Nevis,KNA,1995,0
Saint Kitts and Nevis,KNA,1996,0
Saint Kitts and Nevis,KNA,1997,0
Saint Kitts and Nevis,KNA,1998,0
Saint Kitts and Nevis,KNA,1999,0
Saint Kitts and Nevis,KNA,2000,0
Saint Kitts and Nevis,KNA,2001,0
Saint Kitts and Nevis,KNA,2002,0
Saint Kitts and Nevis,KNA,2003,0
Saint Kitts and Nevis,KNA,2004,0
Saint Kitts and Nevis,KNA,2005,0
Saint Kitts and Nevis,KNA,2006,0
Saint Kitts and Nevis,KNA,2007,0
Saint Kitts and Nevis,KNA,2008,0
Saint Kitts and Nevis,KNA,2009,0
Saint Kitts and Nevis,KNA,2010,0
Saint Kitts and Nevis,KNA,2011,0
Saint Kitts and Nevis,KNA,2012,0
Saint Kitts and Nevis,KNA,2013,0
Saint Kitts and Nevis,KNA,2014,0
Saint Kitts and Nevis,KNA,2015,0
Saint Kitts and Nevis,KNA,2016,0
Saint Kitts and Nevis,KNA,2017,0
Saint Kitts and Nevis,KNA,2018,0
Saint Kitts and Nevis,KNA,2019,0
Saint Kitts and Nevis,KNA,2020,0
Saint Kitts and Nevis,KNA,2021,0
Saint Kitts and Nevis,KNA,2022,0
Saint Kitts and Nevis,KNA,2023,0
Saint Kitts and Nevis,KNA,2024,0
Saint Lucia,LCA,1980,0
Saint Lucia,LCA,1981,0
Saint Lucia,LCA,1982,0
Saint Lucia,LCA,1983,0
Saint Lucia,LCA,1984,0
Saint Lucia,LCA,1985,0
Saint Lucia,LCA,1986,0
Saint Lucia,LCA,1987,0
Saint Lucia,LCA,1988,0
Saint Lucia,LCA,1989,0
Saint Lucia,LCA,1990,0
Saint Lucia,LCA,1991,0
Saint Lucia,LCA,1992,0
Saint Lucia,LCA,1993,0
Saint Lucia,LCA,1994,0
Saint Lucia,LCA,1995,0
Saint Lucia,LCA,1996,0
Saint Lucia,LCA,1997,0
Saint Lucia,LCA,1998,0
Saint Lucia,LCA,1999,0
Saint Lucia,LCA,2000,0
Saint Lucia,LCA,2001,0
Saint Lucia,LCA,2002,0
Saint Lucia,LCA,2003,0
Saint Lucia,LCA,2004,0
Saint Lucia,LCA,2005,0
Saint Lucia,LCA,2006,0
Saint Lucia,LCA,2007,0
Saint Lucia,LCA,2008,0
Saint Lucia,LCA,2009,0
Saint Lucia,LCA,2010,0
Saint Lucia,LCA,2011,0
Saint Lucia,LCA,2012,0
Saint Lucia,LCA,2013,0
Saint Lucia,LCA,2014,0
Saint Lucia,LCA,2015,0
Saint Lucia,LCA,2016,0
Saint Lucia,LCA,2017,0
Saint Lucia,LCA,2018,0
Saint Lucia,LCA,2019,0
Saint Lucia,LCA,2020,0
Saint Lucia,LCA,2021,0
Saint Lucia,LCA,2022,0
Saint Lucia,LCA,2023,0
Saint Lucia,LCA,2024,0
Saint Pierre and Miquelon,SPM,1980,0
Saint Pierre and Miquelon,SPM,1981,0
Saint Pierre and Miquelon,SPM,1982,0
Saint Pierre and Miquelon,SPM,1983,0
Saint Pierre and Miquelon,SPM,1984,0
Saint Pierre and Miquelon,SPM,1985,0
Saint Pierre and Miquelon,SPM,1986,0
Saint Pierre and Miquelon,SPM,1987,0
Saint Pierre and Miquelon,SPM,1988,0
Saint Pierre and Miquelon,SPM,1989,0
Saint Pierre and Miquelon,SPM,1990,0
Saint Pierre and Miquelon,SPM,1991,0
Saint Pierre and Miquelon,SPM,1992,0
Saint Pierre and Miquelon,SPM,1993,0
Saint Pierre and Miquelon,SPM,1994,0
Saint Pierre and Miquelon,SPM,1995,0
Saint Pierre and Miquelon,SPM,1996,0
Saint Pierre and Miquelon,SPM,1997,0
Saint Pierre and Miquelon,SPM,1998,0
Saint Pierre and Miquelon,SPM,1999,0
Saint Pierre and Miquelon,SPM,2000,0
Saint Pierre and Miquelon,SPM,2001,0
Saint Pierre and Miquelon,SPM,2002,0
Saint Pierre and Miquelon,SPM,2003,0
Saint Pierre and Miquelon,SPM,2004,0
Saint Pierre and Miquelon,SPM,2005,0
Saint Pierre and Miquelon,SPM,2006,0
Saint Pierre and Miquelon,SPM,2007,0
Saint Pierre and Miquelon,SPM,2008,0
Saint Pierre and Miquelon,SPM,2009,0
Saint Pierre and Miquelon,SPM,2010,0
Saint Pierre and Miquelon,SPM,2011,0
Saint Pierre and Miquelon,SPM,2012,0
Saint Pierre and Miquelon,SPM,2013,0
Saint Pierre and Miquelon,SPM,2014,0
Saint Pierre and Miquelon,SPM,2015,0
Saint Pierre and Miquelon,SPM,2016,0
Saint Pierre and Miquelon,SPM,2017,0
Saint Pierre and Miquelon,SPM,2018,0
Saint Pierre and Miquelon,SPM,2019,0
Saint Pierre and Miquelon,SPM,2020,0
Saint Pierre and Miquelon,SPM,2021,0
Saint Pierre and Miquelon,SPM,2022,0
Saint Pierre and Miquelon,SPM,2023,0
Saint Pierre and Miquelon,SPM,2024,0
Saint Vincent and the Grenadines,VCT,1980,0
Saint Vincent and the Grenadines,VCT,1981,0
Saint Vincent and the Grenadines,VCT,1982,0
Saint Vincent and the Grenadines,VCT,1983,0
Saint Vincent and the Grenadines,VCT,1984,0
Saint Vincent and the Grenadines,VCT,1985,0
Saint Vincent and the Grenadines,VCT,1986,0
Saint Vincent and the Grenadines,VCT,1987,0
Saint Vincent and the Grenadines,VCT,1988,0
Saint Vincent and the Grenadines,VCT,1989,0
Saint Vincent and the Grenadines,VCT,1990,0
Saint Vincent and the Grenadines,VCT,1991,0
Saint Vincent and the Grenadines,VCT,1992,0
Saint Vincent and the Grenadines,VCT,1993,0
Saint Vincent and the Grenadines,VCT,1994,0
Saint Vincent and the Grenadines,VCT,1995,0
Saint Vincent and the Grenadines,VCT,1996,0
Saint Vincent and the Grenadines,VCT,1997,0
Saint Vincent and the Grenadines,VCT,1998,0
Saint Vincent and the Grenadines,VCT,1999,0
Saint Vincent and the Grenadines,VCT,2000,0
Saint Vincent and the Grenadines,VCT,2001,0
Saint Vincent and the Grenadines,VCT,2002,0
Saint Vincent and the Grenadines,VCT,2003,0
Saint Vincent and the Grenadines,VCT,2004,0
Saint Vincent and the Grenadines,VCT,2005,0
Saint Vincent and the Grenadines,VCT,2006,0
Saint Vincent and the Grenadines,VCT,2007,0
Saint Vincent and the Grenadines,VCT,2008,0
Saint Vincent and the Grenadines,VCT,2009,0
Saint Vincent and the Grenadines,VCT,2010,0
Saint Vincent and the Grenadines,VCT,2011,0
Saint Vincent and the Grenadines,VCT,2012,0
Saint Vincent and the Grenadines,VCT,2013,0
Saint Vincent and the Grenadines,VCT,2014,0
Saint Vincent and the Grenadines,VCT,2015,0
Saint Vincent and the Grenadines,VCT,2016,0
Saint Vincent and the Grenadines,VCT,2017,0
Saint Vincent and the Grenadines,VCT,2018,0
Saint Vincent and the Grenadines,VCT,2019,0
Saint Vincent and the Grenadines,VCT,2020,0
Saint Vincent and the Grenadines,VCT,2021,0
Saint Vincent and the Grenadines,VCT,2022,0
Saint Vincent and the Grenadines,VCT,2023,0
Saint Vincent and the Grenadines,VCT,2024,0
Samoa,WSM,1980,0
Samoa,WSM,1981,0
Samoa,WSM,1982,0
Samoa,WSM,1983,0
Samoa,WSM,1984,0
Samoa,WSM,1985,0
Samoa,WSM,1986,0
Samoa,WSM,1987,0
Samoa,WSM,1988,0
Samoa,WSM,1989,0
Samoa,WSM,1990,0
Samoa,WSM,1991,0
Samoa,WSM,1992,0
Samoa,WSM,1993,0
Samoa,WSM,1994,0
Samoa,WSM,1995,0
Samoa,WSM,1996,0
Samoa,WSM,1997,0
Samoa,WSM,1998,0
Samoa,WSM,1999,0
Samoa,WSM,2000,0
Samoa,WSM,2001,0
Samoa,WSM,2002,0
Samoa,WSM,2003,0
Samoa,WSM,2004,0
Samoa,WSM,2005,0
Samoa,WSM,2006,0
Samoa,WSM,2007,0
Samoa,WSM,2008,0
Samoa,WSM,2009,0
Samoa,WSM,2010,0
Samoa,WSM,2011,0
Samoa,WSM,2012,0
Samoa,WSM,2013,0
Samoa,WSM,2014,0
Samoa,WSM,2015,0
Samoa,WSM,2016,0
Samoa,WSM,2017,0
Samoa,WSM,2018,0
Samoa,WSM,2019,0
Samoa,WSM,2020,0
Samoa,WSM,2021,0
Samoa,WSM,2022,0
Samoa,WSM,2023,0
Samoa,WSM,2024,0
Sao Tome and Principe,STP,1980,0
Sao Tome and Principe,STP,1981,0
Sao Tome and Principe,STP,1982,0
Sao Tome and Principe,STP,1983,0
Sao Tome and Principe,STP,1984,0
Sao Tome and Principe,STP,1985,0
Sao Tome and Principe,STP,1986,0
Sao Tome and Principe,STP,1987,0
Sao Tome and Principe,STP,1988,0
Sao Tome and Principe,STP,1989,0
Sao Tome and Principe,STP,1990,0
Sao Tome and Principe,STP,1991,0
Sao Tome and Principe,STP,1992,0
Sao Tome and Principe,STP,1993,0
Sao Tome and Principe,STP,1994,0
Sao Tome and Principe,STP,1995,0
Sao Tome and Principe,STP,1996,0
Sao Tome and Principe,STP,1997,0
Sao Tome and Principe,STP,1998,0
Sao Tome and Principe,STP,1999,0
Sao Tome and Principe,STP,2000,0
Sao Tome and Principe,STP,2001,0
Sao Tome and Principe,STP,2002,0
Sao Tome and Principe,STP,2003,0
Sao Tome and Principe,STP,2004,0
Sao Tome and Principe,STP,2005,0
Sao Tome and Principe,STP,2006,0
Sao Tome and Principe,STP,2007,0
Sao Tome and Principe,STP,2008,0
Sao Tome and Principe,STP,2009,0
Sao Tome and Principe,STP,2010,0
Sao Tome and Principe,STP,2011,0
Sao Tome and Principe,STP,2012,0
Sao Tome and Principe,STP,2013,0
Sao Tome and Principe,STP,2014,0
Sao Tome and Principe,STP,2015,0
Sao Tome and Principe,STP,2016,0
Sao Tome and Principe,STP,2017,0
Sao Tome and Principe,STP,2018,0
Sao Tome and Principe,STP,2019,0
Sao Tome and Principe,STP,2020,0
Sao Tome and Principe,STP,2021,0
Sao Tome and Principe,STP,2022,0
Sao Tome and Principe,STP,2023,0
Sao Tome and Principe,STP,2024,0
Saudi Arabia,SAU,1980,0
Saudi Arabia,SAU,1981,0
Saudi Arabia,SAU,1982,0
Saudi Arabia,SAU,1983,0
Saudi Arabia,SAU,1984,0
Saudi Arabia,SAU,1985,0
Saudi Arabia,SAU,1986,0
Saudi Arabia,SAU,1987,0
Saudi Arabia,SAU,1988,0
Saudi Arabia,SAU,1989,0
Saudi Arabia,SAU,1990,0
Saudi Arabia,SAU,1991,0
Saudi Arabia,SAU,1992,0
Saudi Arabia,SAU,1993,0
Saudi Arabia,SAU,1994,0
Saudi Arabia,SAU,1995,0
Saudi Arabia,SAU,1996,0
Saudi Arabia,SAU,1997,0
Saudi Arabia,SAU,1998,0
Saudi Arabia,SAU,1999,0
Saudi Arabia,SAU,2000,0
Saudi Arabia,SAU,2001,0
Saudi Arabia,SAU,2002,0
Saudi Arabia,SAU,2003,0
Saudi Arabia,SAU,2004,0
Saudi Arabia,SAU,2005,0
Saudi Arabia,SAU,2006,0
Saudi Arabia,SAU,2007,0
Saudi Arabia,SAU,2008,0
Saudi Arabia,SAU,2009,0
Saudi Arabia,SAU,2010,0
Saudi Arabia,SAU,2011,0
Saudi Arabia,SAU,2012,0
Saudi Arabia,SAU,2013,0
Saudi Arabia,SAU,2014,0
Saudi Arabia,SAU,2015,0
Saudi Arabia,SAU,2016,0
Saudi Arabia,SAU,2017,0
Saudi Arabia,SAU,2018,0
Saudi Arabia,SAU,2019,0
Saudi Arabia,SAU,2020,0
Saudi Arabia,SAU,2021,0
Saudi Arabia,SAU,2022,0
Saudi Arabia,SAU,2023,0
Saudi Arabia,SAU,2024,0
Senegal,SEN,1980,0
Senegal,SEN,1981,0
Senegal,SEN,1982,0
Senegal,SEN,1983,0
Senegal,SEN,1984,0
Senegal,SEN,1985,0
Senegal,SEN,1986,0
Senegal,SEN,1987,0
Senegal,SEN,1988,0
Senegal,SEN,1989,0
Senegal,SEN,1990,0
Senegal,SEN,1991,0
Senegal,SEN,1992,0
Senegal,SEN,1993,0
Senegal,SEN,1994,0
Senegal,SEN,1995,0
Senegal,SEN,1996,0
Senegal,SEN,1997,0
Senegal,SEN,1998,0
Senegal,SEN,1999,0
Senegal,SEN,2000,0
Senegal,SEN,2001,0
Senegal,SEN,2002,0
Senegal,SEN,2003,0
Senegal,SEN,2004,0
Senegal,SEN,2005,0
Senegal,SEN,2006,0
Senegal,SEN,2007,0
Senegal,SEN,2008,0
Senegal,SEN,2009,0
Senegal,SEN,2010,0
Senegal,SEN,2011,0
Senegal,SEN,2012,0
Senegal,SEN,2013,0
Senegal,SEN,2014,0
Senegal,SEN,2015,0
Senegal,SEN,2016,0
Senegal,SEN,2017,0
Senegal,SEN,2018,0
Senegal,SEN,2019,0
Senegal,SEN,2020,0
Senegal,SEN,2021,0
Senegal,SEN,2022,0
Senegal,SEN,2023,0
Senegal,SEN,2024,0
Serbia,SRB,2006,87.22872
Serbia,SRB,2007,83.64535
Serbia,SRB,2008,87.06596
Serbia,SRB,2009,86.256645
Serbia,SRB,2010,84.29399
Serbia,SRB,2011,90.89232
Serbia,SRB,2012,85.149
Serbia,SRB,2013,89.81016
Serbia,SRB,2014,66.563515
Serbia,SRB,2015,84.216576
Serbia,SRB,2016,84.43374
Serbia,SRB,2017,83.92423
Serbia,SRB,2018,76.86666
Serbia,SRB,2019,79.38111
Serbia,SRB,2020,83.79819
Serbia,SRB,2021,73.064964
Serbia,SRB,2022,69.53443
Serbia,SRB,2023,64.00724
Serbia,SRB,2024,63.06893
Serbia,SRB,2025,67.20684
Serbia and Montenegro,OWID_SRM,1992,154.7269
Serbia and Montenegro,OWID_SRM,1993,148.46773
Serbia and Montenegro,OWID_SRM,1994,135.93733
Serbia and Montenegro,OWID_SRM,1995,163.50745
Serbia and Montenegro,OWID_SRM,1996,163.23355
Serbia and Montenegro,OWID_SRM,1997,173.10564
Serbia and Montenegro,OWID_SRM,1998,177.52812
Serbia and Montenegro,OWID_SRM,1999,133.31929
Serbia and Montenegro,OWID_SRM,2000,149.4062
Serbia and Montenegro,OWID_SRM,2001,146.36928
Serbia and Montenegro,OWID_SRM,2002,154.65843
Serbia and Montenegro,OWID_SRM,2003,162.23466
Serbia and Montenegro,OWID_SRM,2004,165.77106
Serbia and Montenegro,OWID_SRM,2005,146.59886
Seychelles,SYC,1980,0
Seychelles,SYC,1981,0
Seychelles,SYC,1982,0
Seychelles,SYC,1983,0
Seychelles,SYC,1984,0
Seychelles,SYC,1985,0
Seychelles,SYC,1986,0
Seychelles,SYC,1987,0
Seychelles,SYC,1988,0
Seychelles,SYC,1989,0
Seychelles,SYC,1990,0
Seychelles,SYC,1991,0
Seychelles,SYC,1992,0
Seychelles,SYC,1993,0
Seychelles,SYC,1994,0
Seychelles,SYC,1995,0
Seychelles,SYC,1996,0
Seychelles,SYC,1997,0
Seychelles,SYC,1998,0
Seychelles,SYC,1999,0
Seychelles,SYC,2000,0
Seychelles,SYC,2001,0
Seychelles,SYC,2002,0
Seychelles,SYC,2003,0
Seychelles,SYC,2004,0
Seychelles,SYC,2005,0
Seychelles,SYC,2006,0
Seychelles,SYC,2007,0
Seychelles,SYC,2008,0
Seychelles,SYC,2009,0
Seychelles,SYC,2010,0
Seychelles,SYC,2011,0
Seychelles,SYC,2012,0
Seychelles,SYC,2013,0
Seychelles,SYC,2014,0
Seychelles,SYC,2015,0
Seychelles,SYC,2016,0
Seychelles,SYC,2017,0
Seychelles,SYC,2018,0
Seychelles,SYC,2019,0
Seychelles,SYC,2020,0
Seychelles,SYC,2021,0
Seychelles,SYC,2022,0
Seychelles,SYC,2023,0
Seychelles,SYC,2024,0
Sierra Leone,SLE,1980,0
Sierra Leone,SLE,1981,0
Sierra Leone,SLE,1982,0
Sierra Leone,SLE,1983,0
Sierra Leone,SLE,1984,0
Sierra Leone,SLE,1985,0
Sierra Leone,SLE,1986,0
Sierra Leone,SLE,1987,0
Sierra Leone,SLE,1988,0
Sierra Leone,SLE,1989,0
Sierra Leone,SLE,1990,0
Sierra Leone,SLE,1991,0
Sierra Leone,SLE,1992,0
Sierra Leone,SLE,1993,0
Sierra Leone,SLE,1994,0
Sierra Leone,SLE,1995,0
Sierra Leone,SLE,1996,0
Sierra Leone,SLE,1997,0
Sierra Leone,SLE,1998,0
Sierra Leone,SLE,1999,0
Sierra Leone,SLE,2000,0
Sierra Leone,SLE,2001,0
Sierra Leone,SLE,2002,0
Sierra Leone,SLE,2003,0
Sierra Leone,SLE,2004,0
Sierra Leone,SLE,2005,0
Sierra Leone,SLE,2006,0
Sierra Leone,SLE,2007,0
Sierra Leone,SLE,2008,0
Sierra Leone,SLE,2009,0
Sierra Leone,SLE,2010,0
Sierra Leone,SLE,2011,0
Sierra Leone,SLE,2012,0
Sierra Leone,SLE,2013,0
Sierra Leone,SLE,2014,0
Sierra Leone,SLE,2015,0
Sierra Leone,SLE,2016,0
Sierra Leone,SLE,2017,0
Sierra Leone,SLE,2018,0
Sierra Leone,SLE,2019,0
Sierra Leone,SLE,2020,0
Sierra Leone,SLE,2021,0
Sierra Leone,SLE,2022,0
Sierra Leone,SLE,2023,0
Sierra Leone,SLE,2024,0
Singapore,SGP,1980,0
Singapore,SGP,1981,0
Singapore,SGP,1982,0
Singapore,SGP,1983,0
Singapore,SGP,1984,0
Singapore,SGP,1985,0
Singapore,SGP,1986,0
Singapore,SGP,1987,0
Singapore,SGP,1988,0
Singapore,SGP,1989,0
Singapore,SGP,1990,0
Singapore,SGP,1991,0
Singapore,SGP,1992,0
Singapore,SGP,1993,0
Singapore,SGP,1994,0
Singapore,SGP,1995,0
Singapore,SGP,1996,0
Singapore,SGP,1997,0
Singapore,SGP,1998,0
Singapore,SGP,1999,0
Singapore,SGP,2000,0
Singapore,SGP,2001,0
Singapore,SGP,2002,0
Singapore,SGP,2003,0
Singapore,SGP,2004,0
Singapore,SGP,2005,0
Singapore,SGP,2006,0
Singapore,SGP,2007,0
Singapore,SGP,2008,0
Singapore,SGP,2009,0
Singapore,SGP,2010,0
Singapore,SGP,2011,0
Singapore,SGP,2012,0
Singapore,SGP,2013,0
Singapore,SGP,2014,0
Singapore,SGP,2015,0
Singapore,SGP,2016,0
Singapore,SGP,2017,0
Singapore,SGP,2018,0
Singapore,SGP,2019,0
Singapore,SGP,2020,0
Singapore,SGP,2021,0
Singapore,SGP,2022,0
Singapore,SGP,2023,0
Singapore,SGP,2024,0
Slovakia,SVK,1993,11.070015
Slovakia,SVK,1994,11.341538
Slovakia,SVK,1995,11.731656
Slovakia,SVK,1996,11.950123
Slovakia,SVK,1997,12.218525
Slovakia,SVK,1998,12.330879
Slovakia,SVK,1999,11.697326
Slovakia,SVK,2000,11.385231
Slovakia,SVK,2001,10.686138
Slovakia,SVK,2002,10.623719
Slovakia,SVK,2003,9.665586
Slovakia,SVK,2004,9.213049
Slovakia,SVK,2005,7.836709
Slovakia,SVK,2006,6.869214
Slovakia,SVK,2007,6.588329
Slovakia,SVK,2008,7.562065
Slovakia,SVK,2009,8.030208
Slovakia,SVK,2010,7.4216228
Slovakia,SVK,2011,7.4153805
Slovakia,SVK,2012,7.1532207
Slovakia,SVK,2013,7.343599
Slovakia,SVK,2014,7.092438
Slovakia,SVK,2015,6.06362
Slovakia,SVK,2016,5.530192
Slovakia,SVK,2017,5.491268
Slovakia,SVK,2018,4.497211
Slovakia,SVK,2019,4.3864274
Slovakia,SVK,2020,2.9372597
Slovakia,SVK,2021,3.2157154
Slovakia,SVK,2022,2.402164
Slovakia,SVK,2023,2.1122475
Slovakia,SVK,2024,0
Slovenia,SVN,1992,18.576176
Slovenia,SVN,1993,17.066486
Slovenia,SVN,1994,16.176668
Slovenia,SVN,1995,16.276648
Slovenia,SVN,1996,15.886728
Slovenia,SVN,1997,16.42995
Slovenia,SVN,1998,16.246655
Slovenia,SVN,1999,15.18354
Slovenia,SVN,2000,14.930259
Slovenia,SVN,2001,13.773831
Slovenia,SVN,2002,15.616784
Slovenia,SVN,2003,16.096685
Slovenia,SVN,2004,16.0267
Slovenia,SVN,2005,15.1302185
Slovenia,SVN,2006,15.0702305
Slovenia,SVN,2007,15.113555
Slovenia,SVN,2008,15.063565
Slovenia,SVN,2009,14.760294
Slovenia,SVN,2010,14.763626
Slovenia,SVN,2011,15.000245
Slovenia,SVN,2012,14.257065
Slovenia,SVN,2013,12.91734
Slovenia,SVN,2014,10.014655
Slovenia,SVN,2015,10.558135
Slovenia,SVN,2016,11.530534
Slovenia,SVN,2017,11.554635
Slovenia,SVN,2018,11.076061
Slovenia,SVN,2019,10.82063
Slovenia,SVN,2020,10.929965
Slovenia,SVN,2021,8.993125
Slovenia,SVN,2022,7.6057673
Slovenia,SVN,2023,7.8688593
Slovenia,SVN,2024,6.9968786
Solomon Islands,SLB,1980,0
Solomon Islands,SLB,1981,0
Solomon Islands,SLB,1982,0
Solomon Islands,SLB,1983,0
Solomon Islands,SLB,1984,0
Solomon Islands,SLB,1985,0
Solomon Islands,SLB,1986,0
Solomon Islands,SLB,1987,0
Solomon Islands,SLB,1988,0
Solomon Islands,SLB,1989,0
Solomon Islands,SLB,1990,0
Solomon Islands,SLB,1991,0
Solomon Islands,SLB,1992,0
Solomon Islands,SLB,1993,0
Solomon Islands,SLB,1994,0
Solomon Islands,SLB,1995,0
Solomon Islands,SLB,1996,0
Solomon Islands,SLB,1997,0
Solomon Islands,SLB,1998,0
Solomon Islands,SLB,1999,0
Solomon Islands,SLB,2000,0
Solomon Islands,SLB,2001,0
Solomon Islands,SLB,2002,0
Solomon Islands,SLB,2003,0
Solomon Islands,SLB,2004,0
Solomon Islands,SLB,2005,0
Solomon Islands,SLB,2006,0
Solomon Islands,SLB,2007,0
Solomon Islands,SLB,2008,0
Solomon Islands,SLB,2009,0
Solomon Islands,SLB,2010,0
Solomon Islands,SLB,2011,0
Solomon Islands,SLB,2012,0
Solomon Islands,SLB,2013,0
Solomon Islands,SLB,2014,0
Solomon Islands,SLB,2015,0
Solomon Islands,SLB,2016,0
Solomon Islands,SLB,2017,0
Solomon Islands,SLB,2018,0
Solomon Islands,SLB,2019,0
Solomon Islands,SLB,2020,0
Solomon Islands,SLB,2021,0
Solomon Islands,SLB,2022,0
Solomon Islands,SLB,2023,0
Solomon Islands,SLB,2024,0
Somalia,SOM,1980,0
Somalia,SOM,1981,0
Somalia,SOM,1982,0
Somalia,SOM,1983,0
Somalia,SOM,1984,0
Somalia,SOM,1985,0
Somalia,SOM,1986,0
Somalia,SOM,1987,0
Somalia,SOM,1988,0
Somalia,SOM,1989,0
Somalia,SOM,1990,0
Somalia,SOM,1991,0
Somalia,SOM,1992,0
Somalia,SOM,1993,0
Somalia,SOM,1994,0
Somalia,SOM,1995,0
Somalia,SOM,1996,0
Somalia,SOM,1997,0
Somalia,SOM,1998,0
Somalia,SOM,1999,0
Somalia,SOM,2000,0
Somalia,SOM,2001,0
Somalia,SOM,2002,0
Somalia,SOM,2003,0
Somalia,SOM,2004,0
Somalia,SOM,2005,0
Somalia,SOM,2006,0
Somalia,SOM,2007,0
Somalia,SOM,2008,0
Somalia,SOM,2009,0
Somalia,SOM,2010,0
Somalia,SOM,2011,0
Somalia,SOM,2012,0
Somalia,SOM,2013,0
Somalia,SOM,2014,0
Somalia,SOM,2015,0
Somalia,SOM,2016,0
Somalia,SOM,2017,0
Somalia,SOM,2018,0
Somalia,SOM,2019,0
Somalia,SOM,2020,0
Somalia,SOM,2021,0
Somalia,SOM,2022,0
Somalia,SOM,2023,0
Somalia,SOM,2024,0
South Africa,ZAF,1900,6.6800814
South Africa,ZAF,1901,11.209864
South Africa,ZAF,1902,16.710314
South Africa,ZAF,1903,22.325357
South Africa,ZAF,1904,25.156471
South Africa,ZAF,1905,28.762772
South Africa,ZAF,1906,32.88811
South Africa,ZAF,1907,36.292187
South Africa,ZAF,1908,37.31678
South Africa,ZAF,1909,42.95879
South Africa,ZAF,1910,48.708645
South Africa,ZAF,1911,46.8819
South Africa,ZAF,1912,49.76694
South Africa,ZAF,1913,54.451763
South Africa,ZAF,1914,52.786797
South Africa,ZAF,1915,53.096874
South Africa,ZAF,1916,62.56762
South Africa,ZAF,1917,66.95585
South Africa,ZAF,1918,63.74725
South Africa,ZAF,1919,66.376144
South Africa,ZAF,1920,73.62919
South Africa,ZAF,1921,72.90119
South Africa,ZAF,1922,62.500214
South Africa,ZAF,1923,75.85364
South Africa,ZAF,1924,79.675644
South Africa,ZAF,1925,83.05276
South Africa,ZAF,1926,87.29269
South Africa,ZAF,1927,84.79861
South Africa,ZAF,1928,84.97387
South Africa,ZAF,1929,87.75106
South Africa,ZAF,1930,82.39216
South Africa,ZAF,1931,73.34608
South Africa,ZAF,1932,66.87496
South Africa,ZAF,1933,72.22711
South Africa,ZAF,1934,82.19668
South Africa,ZAF,1935,91.49891
South Africa,ZAF,1936,100.04619
South Africa,ZAF,1937,104.42092
South Africa,ZAF,1938,109.76634
South Africa,ZAF,1939,113.851234
South Africa,ZAF,1940,117.9159
South Africa,ZAF,1941,125.91043
South Africa,ZAF,1942,137.56519
South Africa,ZAF,1943,138.58978
South Africa,ZAF,1944,154.94957
South Africa,ZAF,1945,158.77158
South Africa,ZAF,1946,159.09514
South Africa,ZAF,1947,158.3941
South Africa,ZAF,1948,161.93973
South Africa,ZAF,1949,171.86212
South Africa,ZAF,1950,178.44783
South Africa,ZAF,1951,179.5196
South Africa,ZAF,1952,189.1791
South Africa,ZAF,1953,191.83495
South Africa,ZAF,1954,197.59828
South Africa,ZAF,1955,216.45216
South Africa,ZAF,1956,226.50262
South Africa,ZAF,1957,234.36908
South Africa,ZAF,1958,249.98065
South Africa,ZAF,1959,245.72049
South Africa,ZAF,1960,257.31458
South Africa,ZAF,1961,266.6977
South Africa,ZAF,1962,278.2244
South Africa,ZAF,1963,286.17172
South Africa,ZAF,1964,302.77417
South Africa,ZAF,1965,326.65665
South Africa,ZAF,1966,323.16495
South Africa,ZAF,1967,332.31888
South Africa,ZAF,1968,348.19333
South Africa,ZAF,1969,355.58795
South Africa,ZAF,1970,368.12573
South Africa,ZAF,1971,395.45273
South Africa,ZAF,1972,393.9293
South Africa,ZAF,1973,420.2991
South Africa,ZAF,1974,445.26685
South Africa,ZAF,1975,468.07755
South Africa,ZAF,1976,515.3504
South Africa,ZAF,1977,575.734
South Africa,ZAF,1978,612.31604
South Africa,ZAF,1979,702.359
South Africa,ZAF,1980,740.0254
South Africa,ZAF,1981,870.6344
South Africa,ZAF,1982,963.16156
South Africa,ZAF,1983,973.3918
South Africa,ZAF,1984,1089.9883
South Africa,ZAF,1985,1160.1698
South Africa,ZAF,1986,1183.2096
South Africa,ZAF,1987,1179.402
South Africa,ZAF,1988,1211.7451
South Africa,ZAF,1989,1175.5482
South Africa,ZAF,1990,1164.732
South Africa,ZAF,1991,1188.1667
South Africa,ZAF,1992,1216.5251
South Africa,ZAF,1993,1243.5122
South Africa,ZAF,1994,1292.4174
South Africa,ZAF,1995,1359.76
South Africa,ZAF,1996,1360.0792
South Africa,ZAF,1997,1450.1921
South Africa,ZAF,1998,1466.1997
South Africa,ZAF,1999,1468.5209
South Africa,ZAF,2000,1472.752
South Africa,ZAF,2001,1368.821
South Africa,ZAF,2002,1354.2211
South Africa,ZAF,2003,1461.9263
South Africa,ZAF,2004,1495.7764
South Africa,ZAF,2005,1609.4043
South Africa,ZAF,2006,1608.27
South Africa,ZAF,2007,1628.4193
South Africa,ZAF,2008,1661.129
South Africa,ZAF,2009,1643.0103
South Africa,ZAF,2010,1693.5975
South Africa,ZAF,2011,1651.8295
South Africa,ZAF,2012,1707.4292
South Africa,ZAF,2013,1691.0563
South Africa,ZAF,2014,1722.3047
South Africa,ZAF,2015,1656.1167
South Africa,ZAF,2016,1676.6671
South Africa,ZAF,2017,1658.5912
South Africa,ZAF,2018,1692.7675
South Africa,ZAF,2019,1698.8806
South Africa,ZAF,2020,1614.0898
South Africa,ZAF,2021,1539.1503
South Africa,ZAF,2022,1514.5681
South Africa,ZAF,2023,1539.0735
South Africa,ZAF,2024,1555.2814
South Africa,ZAF,2025,1552.2076
South America,OWID_SAM,1980,73.829445
South America,OWID_SAM,1981,78.990776
South America,OWID_SAM,1982,84.954254
South America,OWID_SAM,1983,92.43301
South America,OWID_SAM,1984,111.87029
South America,OWID_SAM,1985,131.7563
South America,OWID_SAM,1986,144.93526
South America,OWID_SAM,1987,175.64886
South America,OWID_SAM,1988,197.12112
South America,OWID_SAM,1989,231.80478
South America,OWID_SAM,1990,226.00473
South America,OWID_SAM,1991,228.3483
South America,OWID_SAM,1992,237.2764
South America,OWID_SAM,1993,245.40776
South America,OWID_SAM,1994,259.69275
South America,OWID_SAM,1995,281.3827
South America,OWID_SAM,1996,308.43933
South America,OWID_SAM,1997,346.5115
South America,OWID_SAM,1998,353.58008
South America,OWID_SAM,1999,351.29645
South America,OWID_SAM,2000,410.80078
South America,OWID_SAM,2001,450.29733
South America,OWID_SAM,2002,419.7448
South America,OWID_SAM,2003,491.7714
South America,OWID_SAM,2004,534.81213
South America,OWID_SAM,2005,577.76215
South America,OWID_SAM,2006,627.171
South America,OWID_SAM,2007,653.72046
South America,OWID_SAM,2008,672.19415
South America,OWID_SAM,2009,649.33594
South America,OWID_SAM,2010,652.20416
South America,OWID_SAM,2011,744.1331
South America,OWID_SAM,2012,766.90094
South America,OWID_SAM,2013,755.32556
South America,OWID_SAM,2014,790.6104
South America,OWID_SAM,2015,759.9084
South America,OWID_SAM,2016,791.25555
South America,OWID_SAM,2017,779.2685
South America,OWID_SAM,2018,748.6102
South America,OWID_SAM,2019,744.58826
South America,OWID_SAM,2020,487.6333
South America,OWID_SAM,2021,545.5542
South America,OWID_SAM,2022,568.88007
South America,OWID_SAM,2023,590.4546
South America,OWID_SAM,2024,495.9776
South America,OWID_SAM,2025,429.46542
South Korea,KOR,1900,0
South Korea,KOR,1901,0
South Korea,KOR,1902,0
South Korea,KOR,1903,0
South Korea,KOR,1904,0
South Korea,KOR,1905,0
South Korea,KOR,1906,0
South Korea,KOR,1907,0
South Korea,KOR,1908,0
South Korea,KOR,1909,0
South Korea,KOR,1910,0
South Korea,KOR,1911,0
South Korea,KOR,1912,0
South Korea,KOR,1913,0
South Korea,KOR,1914,0
South Korea,KOR,1915,0
South Korea,KOR,1916,0
South Korea,KOR,1917,0
South Korea,KOR,1918,0
South Korea,KOR,1919,0
South Korea,KOR,1920,0
South Korea,KOR,1921,0
South Korea,KOR,1922,0
South Korea,KOR,1923,0
South Korea,KOR,1924,0
South Korea,KOR,1925,0
South Korea,KOR,1926,0
South Korea,KOR,1927,0
South Korea,KOR,1928,0
South Korea,KOR,1929,0
South Korea,KOR,1930,0
South Korea,KOR,1931,0
South Korea,KOR,1932,0
South Korea,KOR,1933,0
South Korea,KOR,1934,0
South Korea,KOR,1935,0
South Korea,KOR,1936,0
South Korea,KOR,1937,0
South Korea,KOR,1938,0
South Korea,KOR,1939,0
South Korea,KOR,1940,0
South Korea,KOR,1941,0
South Korea,KOR,1942,0
South Korea,KOR,1943,0
South Korea,KOR,1944,0
South Korea,KOR,1945,0
South Korea,KOR,1946,2.043391
South Korea,KOR,1947,3.7692828
South Korea,KOR,1948,7.0663877
South Korea,KOR,1949,9.191189
South Korea,KOR,1950,5.4935465
South Korea,KOR,1951,1.3334959
South Korea,KOR,1952,4.707126
South Korea,KOR,1953,7.0582466
South Korea,KOR,1954,7.2373495
South Korea,KOR,1955,10.648428
South Korea,KOR,1956,14.775914
South Korea,KOR,1957,19.87218
South Korea,KOR,1958,21.74461
South Korea,KOR,1959,33.671177
South Korea,KOR,1960,43.554348
South Korea,KOR,1961,47.901646
South Korea,KOR,1962,60.601604
South Korea,KOR,1963,72.112976
South Korea,KOR,1964,78.43528
South Korea,KOR,1965,83.51689
South Korea,KOR,1966,94.60819
South Korea,KOR,1967,101.27078
South Korea,KOR,1968,83.38013
South Korea,KOR,1969,83.63249
South Korea,KOR,1970,100.89956
South Korea,KOR,1971,104.08269
South Korea,KOR,1972,100.972824
South Korea,KOR,1973,110.48151
South Korea,KOR,1974,10.2820835
South Korea,KOR,1975,143.22461
South Korea,KOR,1976,133.73221
South Korea,KOR,1977,140.57878
South Korea,KOR,1978,146.97762
South Korea,KOR,1979,148.23132
South Korea,KOR,1980,141.7011
South Korea,KOR,1981,101.65318
South Korea,KOR,1982,102.93759
South Korea,KOR,1983,101.632706
South Korea,KOR,1984,109.35456
South Korea,KOR,1985,115.35704
South Korea,KOR,1986,124.10745
South Korea,KOR,1987,124.21491
South Korea,KOR,1988,124.32237
South Korea,KOR,1989,106.361
South Korea,KOR,1990,90.10517
South Korea,KOR,1991,78.80604
South Korea,KOR,1992,62.639763
South Korea,KOR,1993,49.231533
South Korea,KOR,1994,38.717434
South Korea,KOR,1995,29.93562
South Korea,KOR,1996,25.911058
South Korea,KOR,1997,23.613552
South Korea,KOR,1998,22.823294
South Korea,KOR,1999,21.964998
South Korea,KOR,2000,21.719025
South Korea,KOR,2001,19.976269
South Korea,KOR,2002,17.364754
South Korea,KOR,2003,17.260084
South Korea,KOR,2004,16.700098
South Korea,KOR,2005,14.821272
South Korea,KOR,2006,14.779405
South Korea,KOR,2007,15.607344
South Korea,KOR,2008,14.996245
South Korea,KOR,2009,13.622626
South Korea,KOR,2010,11.270167
South Korea,KOR,2011,11.270167
South Korea,KOR,2012,10.958949
South Korea,KOR,2013,9.498802
South Korea,KOR,2014,9.148158
South Korea,KOR,2015,9.2318945
South Korea,KOR,2016,9.033021
South Korea,KOR,2017,8.16897
South Korea,KOR,2018,6.601188
South Korea,KOR,2019,5.9630733
South Korea,KOR,2020,5.605509
South Korea,KOR,2021,4.939889
South Korea,KOR,2022,4.491739
South Korea,KOR,2023,3.5380657
South Korea,KOR,2024,2.9744074
South Korea,KOR,2025,2.3006468
South Sudan,SSD,2012,0
South Sudan,SSD,2013,0
South Sudan,SSD,2014,0
South Sudan,SSD,2015,0
South Sudan,SSD,2016,0
South Sudan,SSD,2017,0
South Sudan,SSD,2018,0
South Sudan,SSD,2019,0
South Sudan,SSD,2020,0
South Sudan,SSD,2021,0
South Sudan,SSD,2022,0
South Sudan,SSD,2023,0
South Sudan,SSD,2024,0
South and Central America (EI),,1981,78.990776
South and Central America (EI),,1982,84.95426
South and Central America (EI),,1983,92.433014
South and Central America (EI),,1984,111.87029
South and Central America (EI),,1985,131.7563
South and Central America (EI),,1986,144.93527
South and Central America (EI),,1987,175.64886
South and Central America (EI),,1988,197.12112
South and Central America (EI),,1989,231.80478
South and Central America (EI),,1990,226.00471
South and Central America (EI),,1991,228.3483
South and Central America (EI),,1992,237.2764
South and Central America (EI),,1993,245.40776
South and Central America (EI),,1994,259.69275
South and Central America (EI),,1995,281.38266
South and Central America (EI),,1996,308.43933
South and Central America (EI),,1997,346.5115
South and Central America (EI),,1998,353.58008
South and Central America (EI),,1999,351.29642
South and Central America (EI),,2000,410.80078
South and Central America (EI),,2001,450.29733
South and Central America (EI),,2002,419.7448
South and Central America (EI),,2003,491.7714
South and Central America (EI),,2004,534.81213
South and Central America (EI),,2005,577.76215
South and Central America (EI),,2006,627.171
South and Central America (EI),,2007,653.72046
South and Central America (EI),,2008,672.19415
South and Central America (EI),,2009,649.336
South and Central America (EI),,2010,652.20416
South and Central America (EI),,2011,744.1331
South and Central America (EI),,2012,766.90094
South and Central America (EI),,2013,755.32556
South and Central America (EI),,2014,790.6105
South and Central America (EI),,2015,759.9084
South and Central America (EI),,2016,791.25555
South and Central America (EI),,2017,779.2685
South and Central America (EI),,2018,748.6102
South and Central America (EI),,2019,744.58826
South and Central America (EI),,2020,487.6333
South and Central America (EI),,2021,545.5542
South and Central America (EI),,2022,568.8801
South and Central America (EI),,2023,590.4545
South and Central America (EI),,2024,495.9776
South and Central America (EI),,2025,429.4654
Spain,ESP,1900,17.809147
Spain,ESP,1901,18.296833
Spain,ESP,1902,18.680283
Spain,ESP,1903,18.653824
Spain,ESP,1904,20.794899
Spain,ESP,1905,22.485752
Spain,ESP,1906,22.67161
Spain,ESP,1907,25.917418
Spain,ESP,1908,27.478123
Spain,ESP,1909,27.618912
Spain,ESP,1910,27.088705
Spain,ESP,1911,26.150553
Spain,ESP,1912,27.631596
Spain,ESP,1913,28.370033
Spain,ESP,1914,29.547123
Spain,ESP,1915,31.316807
Spain,ESP,1916,37.398296
Spain,ESP,1917,40.26857
Spain,ESP,1918,48.508163
Spain,ESP,1919,42.17659
Spain,ESP,1920,39.992207
Spain,ESP,1921,36.240906
Spain,ESP,1922,31.835667
Spain,ESP,1923,42.494255
Spain,ESP,1924,43.660744
Spain,ESP,1925,43.52867
Spain,ESP,1926,46.286797
Spain,ESP,1927,46.67838
Spain,ESP,1928,45.35336
Spain,ESP,1929,50.36676
Spain,ESP,1930,50.06732
Spain,ESP,1931,49.531693
Spain,ESP,1932,47.922703
Spain,ESP,1933,42.0009
Spain,ESP,1934,41.541756
Spain,ESP,1935,48.430214
Spain,ESP,1936,23.162634
Spain,ESP,1937,15.346079
Spain,ESP,1938,38.68621
Spain,ESP,1939,45.24693
Spain,ESP,1940,62.94709
Spain,ESP,1941,63.92599
Spain,ESP,1942,69.49595
Spain,ESP,1943,71.74918
Spain,ESP,1944,78.33803
Spain,ESP,1945,81.071556
Spain,ESP,1946,80.65018
Spain,ESP,1947,78.90428
Spain,ESP,1948,78.84042
Spain,ESP,1949,80.294525
Spain,ESP,1950,83.06399
Spain,ESP,1951,86.166405
Spain,ESP,1952,91.6599
Spain,ESP,1953,93.977585
Spain,ESP,1954,95.075516
Spain,ESP,1955,95.79439
Spain,ESP,1956,99.395584
Spain,ESP,1957,110.82594
Spain,ESP,1958,115.3602
Spain,ESP,1959,105.1932
Spain,ESP,1960,104.316
Spain,ESP,1961,146.59966
Spain,ESP,1962,102.3988
Spain,ESP,1963,104.5642
Spain,ESP,1964,99.935074
Spain,ESP,1965,106.125465
Spain,ESP,1966,104.79204
Spain,ESP,1967,101.50249
Spain,ESP,1968,102.42874
Spain,ESP,1969,97.15294
Spain,ESP,1970,98.6329
Spain,ESP,1971,93.392334
Spain,ESP,1972,95.8127
Spain,ESP,1973,88.01706
Spain,ESP,1974,89.64413
Spain,ESP,1975,95.16507
Spain,ESP,1976,100.08469
Spain,ESP,1977,121.238914
Spain,ESP,1978,135.95787
Spain,ESP,1979,156.74431
Spain,ESP,1980,147.22119
Spain,ESP,1981,140.22293
Spain,ESP,1982,150.59692
Spain,ESP,1983,152.98091
Spain,ESP,1984,151.49219
Spain,ESP,1985,150.21309
Spain,ESP,1986,153.91144
Spain,ESP,1987,133.67526
Spain,ESP,1988,126.62745
Spain,ESP,1989,135.46616
Spain,ESP,1990,132.3843
Spain,ESP,1991,121.370705
Spain,ESP,1992,123.30123
Spain,ESP,1993,121.31246
Spain,ESP,1994,114.764915
Spain,ESP,1995,113.206436
Spain,ESP,1996,111.799164
Spain,ESP,1997,112.0201
Spain,ESP,1998,107.43784
Spain,ESP,1999,99.855225
Spain,ESP,2000,97.005806
Spain,ESP,2001,91.44677
Spain,ESP,2002,89.364914
Spain,ESP,2003,83.08475
Spain,ESP,2004,80.50286
Spain,ESP,2005,77.06032
Spain,ESP,2006,72.606026
Spain,ESP,2007,68.209915
Spain,ESP,2008,50.869614
Spain,ESP,2009,44.31232
Spain,ESP,2010,38.329483
Spain,ESP,2011,30.798552
Spain,ESP,2012,28.612782
Spain,ESP,2013,20.49784
Spain,ESP,2014,18.932415
Spain,ESP,2015,14.48957
Spain,ESP,2016,7.9762125
Spain,ESP,2017,13.116511
Spain,ESP,2018,10.267918
Spain,ESP,2019,0.6848833
Spain,ESP,2020,0.5190886
Spain,ESP,2021,0.49378112
Spain,ESP,2022,0.38784835
Spain,ESP,2023,0.22535194
Spain,ESP,2024,0.23895805
Spain,ESP,2025,0
Sri Lanka,LKA,1980,0
Sri Lanka,LKA,1981,0
Sri Lanka,LKA,1982,0
Sri Lanka,LKA,1983,0
Sri Lanka,LKA,1984,0
Sri Lanka,LKA,1985,0
Sri Lanka,LKA,1986,0
Sri Lanka,LKA,1987,0
Sri Lanka,LKA,1988,0
Sri Lanka,LKA,1989,0
Sri Lanka,LKA,1990,0
Sri Lanka,LKA,1991,0
Sri Lanka,LKA,1992,0
Sri Lanka,LKA,1993,0
Sri Lanka,LKA,1994,0
Sri Lanka,LKA,1995,0
Sri Lanka,LKA,1996,0
Sri Lanka,LKA,1997,0
Sri Lanka,LKA,1998,0
Sri Lanka,LKA,1999,0
Sri Lanka,LKA,2000,0
Sri Lanka,LKA,2001,0
Sri Lanka,LKA,2002,0
Sri Lanka,LKA,2003,0
Sri Lanka,LKA,2004,0
Sri Lanka,LKA,2005,0
Sri Lanka,LKA,2006,0
Sri Lanka,LKA,2007,0
Sri Lanka,LKA,2008,0
Sri Lanka,LKA,2009,0
Sri Lanka,LKA,2010,0
Sri Lanka,LKA,2011,0
Sri Lanka,LKA,2012,0
Sri Lanka,LKA,2013,0
Sri Lanka,LKA,2014,0
Sri Lanka,LKA,2015,0
Sri Lanka,LKA,2016,0
Sri Lanka,LKA,2017,0
Sri Lanka,LKA,2018,0
Sri Lanka,LKA,2019,0
Sri Lanka,LKA,2020,0
Sri Lanka,LKA,2021,0
Sri Lanka,LKA,2022,0
Sri Lanka,LKA,2023,0
Sri Lanka,LKA,2024,0
Sudan,SDN,1980,0
Sudan,SDN,1981,0
Sudan,SDN,1982,0
Sudan,SDN,1983,0
Sudan,SDN,1984,0
Sudan,SDN,1985,0
Sudan,SDN,1986,0
Sudan,SDN,1987,0
Sudan,SDN,1988,0
Sudan,SDN,1989,0
Sudan,SDN,1990,0
Sudan,SDN,1991,0
Sudan,SDN,1992,0
Sudan,SDN,1993,0
Sudan,SDN,1994,0
Sudan,SDN,1995,0
Sudan,SDN,1996,0
Sudan,SDN,1997,0
Sudan,SDN,1998,0
Sudan,SDN,1999,0
Sudan,SDN,2000,0
Sudan,SDN,2001,0
Sudan,SDN,2002,0
Sudan,SDN,2003,0
Sudan,SDN,2004,0
Sudan,SDN,2005,0
Sudan,SDN,2006,0
Sudan,SDN,2007,0
Sudan,SDN,2008,0
Sudan,SDN,2009,0
Sudan,SDN,2010,0
Sudan,SDN,2011,0
Sudan,SDN,2012,0
Sudan,SDN,2013,0
Sudan,SDN,2014,0
Sudan,SDN,2015,0
Sudan,SDN,2016,0
Sudan,SDN,2017,0
Sudan,SDN,2018,0
Sudan,SDN,2019,0
Sudan,SDN,2020,0
Sudan,SDN,2021,0
Sudan,SDN,2022,0
Sudan,SDN,2023,0
Sudan,SDN,2024,0
Suriname,SUR,1980,0
Suriname,SUR,1981,0
Suriname,SUR,1982,0
Suriname,SUR,1983,0
Suriname,SUR,1984,0
Suriname,SUR,1985,0
Suriname,SUR,1986,0
Suriname,SUR,1987,0
Suriname,SUR,1988,0
Suriname,SUR,1989,0
Suriname,SUR,1990,0
Suriname,SUR,1991,0
Suriname,SUR,1992,0
Suriname,SUR,1993,0
Suriname,SUR,1994,0
Suriname,SUR,1995,0
Suriname,SUR,1996,0
Suriname,SUR,1997,0
Suriname,SUR,1998,0
Suriname,SUR,1999,0
Suriname,SUR,2000,0
Suriname,SUR,2001,0
Suriname,SUR,2002,0
Suriname,SUR,2003,0
Suriname,SUR,2004,0
Suriname,SUR,2005,0
Suriname,SUR,2006,0
Suriname,SUR,2007,0
Suriname,SUR,2008,0
Suriname,SUR,2009,0
Suriname,SUR,2010,0
Suriname,SUR,2011,0
Suriname,SUR,2012,0
Suriname,SUR,2013,0
Suriname,SUR,2014,0
Suriname,SUR,2015,0
Suriname,SUR,2016,0
Suriname,SUR,2017,0
Suriname,SUR,2018,0
Suriname,SUR,2019,0
Suriname,SUR,2020,0
Suriname,SUR,2021,0
Suriname,SUR,2022,0
Suriname,SUR,2023,0
Suriname,SUR,2024,0
Sweden,SWE,1900,1.9058732
Sweden,SWE,1901,2.057133
Sweden,SWE,1902,2.3067117
Sweden,SWE,1903,2.4201565
Sweden,SWE,1904,2.4277194
Sweden,SWE,1905,2.4352825
Sweden,SWE,1906,2.2462077
Sweden,SWE,1907,2.3067117
Sweden,SWE,1908,2.3067117
Sweden,SWE,1909,1.8680583
Sweden,SWE,1910,2.2915857
Sweden,SWE,1911,2.3596525
Sweden,SWE,1912,2.722676
Sweden,SWE,1913,2.752928
Sweden,SWE,1914,2.775617
Sweden,SWE,1915,3.1159513
Sweden,SWE,1916,3.1386406
Sweden,SWE,1917,3.350404
Sweden,SWE,1918,3.0554476
Sweden,SWE,1919,3.2445223
Sweden,SWE,1920,3.3277152
Sweden,SWE,1921,2.8512468
Sweden,SWE,1922,2.8663728
Sweden,SWE,1923,3.1764555
Sweden,SWE,1924,3.3125892
Sweden,SWE,1925,1.9966291
Sweden,SWE,1926,2.9041877
Sweden,SWE,1927,3.0100696
Sweden,SWE,1928,2.7151132
Sweden,SWE,1929,2.9873807
Sweden,SWE,1930,3.0100696
Sweden,SWE,1931,2.5941052
Sweden,SWE,1932,2.5184753
Sweden,SWE,1933,2.6394832
Sweden,SWE,1934,3.1386406
Sweden,SWE,1935,3.2067075
Sweden,SWE,1936,3.448723
Sweden,SWE,1937,3.478975
Sweden,SWE,1938,3.2596483
Sweden,SWE,1939,3.3579674
Sweden,SWE,1940,3.7663686
Sweden,SWE,1941,4.212585
Sweden,SWE,1942,4.4016595
Sweden,SWE,1943,4.2201476
Sweden,SWE,1944,4.3109035
Sweden,SWE,1945,4.6512384
Sweden,SWE,1946,3.6907387
Sweden,SWE,1947,3.1462035
Sweden,SWE,1948,2.8285577
Sweden,SWE,1949,2.3974674
Sweden,SWE,1950,2.3369637
Sweden,SWE,1951,2.1100738
Sweden,SWE,1952,2.6243572
Sweden,SWE,1953,2.1554518
Sweden,SWE,1954,2.019318
Sweden,SWE,1955,2.132763
Sweden,SWE,1956,2.2235188
Sweden,SWE,1957,2.2991488
Sweden,SWE,1958,2.4125934
Sweden,SWE,1959,2.057133
Sweden,SWE,1960,1.8983102
Sweden,SWE,1961,1.5125978
Sweden,SWE,1962,1.1193224
Sweden,SWE,1963,0.7487359
Sweden,SWE,1964,0.63529104
Sweden,SWE,1965,0.44621634
Sweden,SWE,1966,0.30251956
Sweden,SWE,1967,0.07562989
Sweden,SWE,1968,0.15882276
Sweden,SWE,1969,0.12857081
Sweden,SWE,1970,0.090755865
Sweden,SWE,1971,0.090755865
Sweden,SWE,1972,0.07562989
Sweden,SWE,1973,0.090755865
Sweden,SWE,1974,0.08319288
Sweden,SWE,1975,0.08319288
Sweden,SWE,1976,0.090755865
Sweden,SWE,1977,0.090755865
Sweden,SWE,1978,0.12100782
Sweden,SWE,1979,0.10588184
Sweden,SWE,1980,0.13349998
Sweden,SWE,1981,0.11866652
Sweden,SWE,1982,0.1112499
Sweden,SWE,1983,0.10383328
Sweden,SWE,1984,0.09641665
Sweden,SWE,1985,0.08900003
Sweden,SWE,1986,0.13720834
Sweden,SWE,1987,0.18541664
Sweden,SWE,1988,0.11866652
Sweden,SWE,1989,0.14833336
Sweden,SWE,1990,0.08158324
Sweden,SWE,1991,0.20766641
Sweden,SWE,1992,0.27441633
Sweden,SWE,1993,0
Sweden,SWE,1994,0
Sweden,SWE,1995,0
Sweden,SWE,1996,0
Sweden,SWE,1997,0
Sweden,SWE,1998,0
Sweden,SWE,1999,0
Sweden,SWE,2000,0
Sweden,SWE,2001,0
Sweden,SWE,2002,0
Sweden,SWE,2003,0
Sweden,SWE,2004,0
Sweden,SWE,2005,0
Sweden,SWE,2006,0
Sweden,SWE,2007,0
Sweden,SWE,2008,0
Sweden,SWE,2009,0
Sweden,SWE,2010,0
Sweden,SWE,2011,0
Sweden,SWE,2012,0
Sweden,SWE,2013,0
Sweden,SWE,2014,0
Sweden,SWE,2015,0
Sweden,SWE,2016,0
Sweden,SWE,2017,0
Sweden,SWE,2018,0
Sweden,SWE,2019,0
Sweden,SWE,2020,0
Sweden,SWE,2021,0
Sweden,SWE,2022,0
Sweden,SWE,2023,0
Sweden,SWE,2024,0
Switzerland,CHE,1980,0
Switzerland,CHE,1981,0
Switzerland,CHE,1982,0
Switzerland,CHE,1983,0
Switzerland,CHE,1984,0
Switzerland,CHE,1985,0
Switzerland,CHE,1986,0
Switzerland,CHE,1987,0
Switzerland,CHE,1988,0
Switzerland,CHE,1989,0
Switzerland,CHE,1990,0
Switzerland,CHE,1991,0
Switzerland,CHE,1992,0
Switzerland,CHE,1993,0
Switzerland,CHE,1994,0
Switzerland,CHE,1995,0
Switzerland,CHE,1996,0
Switzerland,CHE,1997,0
Switzerland,CHE,1998,0
Switzerland,CHE,1999,0
Switzerland,CHE,2000,0
Switzerland,CHE,2001,0
Switzerland,CHE,2002,0
Switzerland,CHE,2003,0
Switzerland,CHE,2004,0
Switzerland,CHE,2005,0
Switzerland,CHE,2006,0
Switzerland,CHE,2007,0
Switzerland,CHE,2008,0
Switzerland,CHE,2009,0
Switzerland,CHE,2010,0
Switzerland,CHE,2011,0
Switzerland,CHE,2012,0
Switzerland,CHE,2013,0
Switzerland,CHE,2014,0
Switzerland,CHE,2015,0
Switzerland,CHE,2016,0
Switzerland,CHE,2017,0
Switzerland,CHE,2018,0
Switzerland,CHE,2019,0
Switzerland,CHE,2020,0
Switzerland,CHE,2021,0
Switzerland,CHE,2022,0
Switzerland,CHE,2023,0
Switzerland,CHE,2024,0
Syria,SYR,1980,0
Syria,SYR,1981,0
Syria,SYR,1982,0
Syria,SYR,1983,0
Syria,SYR,1984,0
Syria,SYR,1985,0
Syria,SYR,1986,0
Syria,SYR,1987,0
Syria,SYR,1988,0
Syria,SYR,1989,0
Syria,SYR,1990,0
Syria,SYR,1991,0
Syria,SYR,1992,0
Syria,SYR,1993,0
Syria,SYR,1994,0
Syria,SYR,1995,0
Syria,SYR,1996,0
Syria,SYR,1997,0
Syria,SYR,1998,0
Syria,SYR,1999,0
Syria,SYR,2000,0
Syria,SYR,2001,0
Syria,SYR,2002,0
Syria,SYR,2003,0
Syria,SYR,2004,0
Syria,SYR,2005,0
Syria,SYR,2006,0
Syria,SYR,2007,0
Syria,SYR,2008,0
Syria,SYR,2009,0
Syria,SYR,2010,0
Syria,SYR,2011,0
Syria,SYR,2012,0
Syria,SYR,2013,0
Syria,SYR,2014,0
Syria,SYR,2015,0
Syria,SYR,2016,0
Syria,SYR,2017,0
Syria,SYR,2018,0
Syria,SYR,2019,0
Syria,SYR,2020,0
Syria,SYR,2021,0
Syria,SYR,2022,0
Syria,SYR,2023,0
Syria,SYR,2024,0
Taiwan,TWN,1900,0.34192201
Taiwan,TWN,1901,0.537306
Taiwan,TWN,1902,0.789677
Taiwan,TWN,1903,0.65942097
Taiwan,TWN,1904,0.675703
Taiwan,TWN,1905,0.773395
Taiwan,TWN,1906,0.838523
Taiwan,TWN,1907,1.099035
Taiwan,TWN,1908,1.253714
Taiwan,TWN,1909,1.497944
Taiwan,TWN,1910,1.888712
Taiwan,TWN,1911,2.075955
Taiwan,TWN,1912,2.271339
Taiwan,TWN,1913,2.621402
Taiwan,TWN,1914,2.816786
Taiwan,TWN,1915,3.1098619
Taiwan,TWN,1916,4.249602
Taiwan,TWN,1917,5.519598
Taiwan,TWN,1918,6.5779276
Taiwan,TWN,1919,8.922536
Taiwan,TWN,1920,9.345868
Taiwan,TWN,1921,8.450357
Taiwan,TWN,1922,10.965927
Taiwan,TWN,1923,11.763745
Taiwan,TWN,1924,12.260346
Taiwan,TWN,1925,13.644316
Taiwan,TWN,1926,14.580531
Taiwan,TWN,1927,15.117838
Taiwan,TWN,1928,12.895345
Taiwan,TWN,1929,12.4557295
Taiwan,TWN,1930,13.017459
Taiwan,TWN,1931,11.576502
Taiwan,TWN,1932,11.0310545
Taiwan,TWN,1933,12.480153
Taiwan,TWN,1934,12.382462
Taiwan,TWN,1935,13.001177
Taiwan,TWN,1936,14.197905
Taiwan,TWN,1937,15.899373
Taiwan,TWN,1938,17.902058
Taiwan,TWN,1939,21.32128
Taiwan,TWN,1940,23.128582
Taiwan,TWN,1941,23.486786
Taiwan,TWN,1942,18.81385
Taiwan,TWN,1943,18.919683
Taiwan,TWN,1944,13.457072
Taiwan,TWN,1945,6.472095
Taiwan,TWN,1946,8.539909
Taiwan,TWN,1947,10.648428
Taiwan,TWN,1948,13.43265
Taiwan,TWN,1949,13.139573
Taiwan,TWN,1950,11.438105
Taiwan,TWN,1951,13.489636
Taiwan,TWN,1952,18.610327
Taiwan,TWN,1953,19.481413
Taiwan,TWN,1954,17.201933
Taiwan,TWN,1955,19.204618
Taiwan,TWN,1956,20.588589
Taiwan,TWN,1957,23.739155
Taiwan,TWN,1958,25.896523
Taiwan,TWN,1959,29.006384
Taiwan,TWN,1960,32.254642
Taiwan,TWN,1961,34.493416
Taiwan,TWN,1962,37.074112
Taiwan,TWN,1963,39.15821
Taiwan,TWN,1964,40.932945
Taiwan,TWN,1965,41.144615
Taiwan,TWN,1966,40.827114
Taiwan,TWN,1967,41.339996
Taiwan,TWN,1968,40.818974
Taiwan,TWN,1969,37.814945
Taiwan,TWN,1970,36.414692
Taiwan,TWN,1971,33.345535
Taiwan,TWN,1972,31.855732
Taiwan,TWN,1973,27.085108
Taiwan,TWN,1974,23.885695
Taiwan,TWN,1975,25.57088
Taiwan,TWN,1976,26.344275
Taiwan,TWN,1977,24.064796
Taiwan,TWN,1978,23.478643
Taiwan,TWN,1979,22.14352
Taiwan,TWN,1980,19.2157
Taiwan,TWN,1981,18.263811
Taiwan,TWN,1982,17.801424
Taiwan,TWN,1983,16.701202
Taiwan,TWN,1984,14.983898
Taiwan,TWN,1985,13.848512
Taiwan,TWN,1986,12.842291
Taiwan,TWN,1987,11.087486
Taiwan,TWN,1988,9.072433
Taiwan,TWN,1989,5.81466
Taiwan,TWN,1990,3.5006623
Taiwan,TWN,1991,2.9814963
Taiwan,TWN,1992,2.4845803
Taiwan,TWN,1993,2.4326637
Taiwan,TWN,1994,2.1137476
Taiwan,TWN,1995,1.7429147
Taiwan,TWN,1996,1.0902487
Taiwan,TWN,1997,0.7342491
Taiwan,TWN,1998,0.585916
Taiwan,TWN,1999,0.6823325
Taiwan,TWN,2000,0.61558264
Taiwan,TWN,2001,0
Taiwan,TWN,2002,0
Taiwan,TWN,2003,0
Taiwan,TWN,2004,0
Taiwan,TWN,2005,0
Taiwan,TWN,2006,0
Taiwan,TWN,2007,0
Taiwan,TWN,2008,0
Taiwan,TWN,2009,0
Taiwan,TWN,2010,0
Taiwan,TWN,2011,0
Taiwan,TWN,2012,0
Taiwan,TWN,2013,0
Taiwan,TWN,2014,0
Taiwan,TWN,2015,0
Taiwan,TWN,2016,0
Taiwan,TWN,2017,0
Taiwan,TWN,2018,0
Taiwan,TWN,2019,0
Taiwan,TWN,2020,0
Taiwan,TWN,2021,0
Taiwan,TWN,2022,0
Taiwan,TWN,2023,0
Taiwan,TWN,2024,0
Tajikistan,TJK,1992,2.7083645
Tajikistan,TJK,1993,2.4466867
Tajikistan,TJK,1994,0.7130718
Tajikistan,TJK,1995,0.26821968
Tajikistan,TJK,1996,0.13083887
Tajikistan,TJK,1997,0.111213036
Tajikistan,TJK,1998,0.124296926
Tajikistan,TJK,1999,0.124296926
Tajikistan,TJK,2000,0.14392276
Tajikistan,TJK,2001,0.15700664
Tajikistan,TJK,2002,0.23550995
Tajikistan,TJK,2003,0.30747133
Tajikistan,TJK,2004,0.6084007
Tajikistan,TJK,2005,0.64765245
Tajikistan,TJK,2006,0.6869041
Tajikistan,TJK,2007,1.1840917
Tajikistan,TJK,2008,1.3018467
Tajikistan,TJK,2009,1.3214725
Tajikistan,TJK,2010,1.3083887
Tajikistan,TJK,2011,1.5438987
Tajikistan,TJK,2012,2.6952806
Tajikistan,TJK,2013,3.3756428
Tajikistan,TJK,2014,5.748303
Tajikistan,TJK,2015,6.8448772
Tajikistan,TJK,2016,8.999462
Tajikistan,TJK,2017,11.665977
Tajikistan,TJK,2018,12.62181
Tajikistan,TJK,2019,13.438252
Tajikistan,TJK,2020,13.811161
Tajikistan,TJK,2021,14.17369
Tajikistan,TJK,2022,14.186811
Tajikistan,TJK,2023,16.429453
Tajikistan,TJK,2024,16.53387
Tanzania,TZA,1900,0
Tanzania,TZA,1901,0
Tanzania,TZA,1902,0
Tanzania,TZA,1903,0
Tanzania,TZA,1904,0
Tanzania,TZA,1905,0
Tanzania,TZA,1906,0
Tanzania,TZA,1907,0
Tanzania,TZA,1908,0
Tanzania,TZA,1909,0
Tanzania,TZA,1910,0
Tanzania,TZA,1911,0
Tanzania,TZA,1912,0
Tanzania,TZA,1913,0
Tanzania,TZA,1914,0
Tanzania,TZA,1915,0
Tanzania,TZA,1916,0
Tanzania,TZA,1917,0
Tanzania,TZA,1918,0
Tanzania,TZA,1919,0
Tanzania,TZA,1920,0
Tanzania,TZA,1921,0
Tanzania,TZA,1922,0
Tanzania,TZA,1923,0
Tanzania,TZA,1924,0
Tanzania,TZA,1925,0
Tanzania,TZA,1926,0
Tanzania,TZA,1927,0
Tanzania,TZA,1928,0
Tanzania,TZA,1929,0
Tanzania,TZA,1930,0
Tanzania,TZA,1931,0
Tanzania,TZA,1932,0
Tanzania,TZA,1933,0
Tanzania,TZA,1934,0
Tanzania,TZA,1935,0
Tanzania,TZA,1936,0
Tanzania,TZA,1937,0
Tanzania,TZA,1938,0
Tanzania,TZA,1939,0
Tanzania,TZA,1940,0
Tanzania,TZA,1941,0
Tanzania,TZA,1942,0
Tanzania,TZA,1943,0
Tanzania,TZA,1944,0
Tanzania,TZA,1945,0
Tanzania,TZA,1946,0
Tanzania,TZA,1947,0
Tanzania,TZA,1948,0
Tanzania,TZA,1949,0
Tanzania,TZA,1950,0
Tanzania,TZA,1951,0
Tanzania,TZA,1952,0
Tanzania,TZA,1953,0
Tanzania,TZA,1954,0.008141
Tanzania,TZA,1955,0.008141
Tanzania,TZA,1956,0.016282
Tanzania,TZA,1957,0.008141
Tanzania,TZA,1958,0.008141
Tanzania,TZA,1959,0.016282
Tanzania,TZA,1960,0.016282
Tanzania,TZA,1961,0.016282
Tanzania,TZA,1962,0.024423
Tanzania,TZA,1963,0.016282
Tanzania,TZA,1964,0.008141
Tanzania,TZA,1965,0.016282
Tanzania,TZA,1966,0.024423
Tanzania,TZA,1967,0.016282
Tanzania,TZA,1968,0.024423
Tanzania,TZA,1969,0.024423
Tanzania,TZA,1970,0.024423
Tanzania,TZA,1971,0.024423
Tanzania,TZA,1972,0.024423
Tanzania,TZA,1973,0.016282
Tanzania,TZA,1974,0.016282
Tanzania,TZA,1975,0.008141
Tanzania,TZA,1976,0.024423
Tanzania,TZA,1977,0.024423
Tanzania,TZA,1978,0.032564
Tanzania,TZA,1979,0.032564
Tanzania,TZA,1980,0
Tanzania,TZA,1981,0
Tanzania,TZA,1982,0
Tanzania,TZA,1983,0
Tanzania,TZA,1984,0
Tanzania,TZA,1985,0
Tanzania,TZA,1986,0
Tanzania,TZA,1987,0
Tanzania,TZA,1988,0
Tanzania,TZA,1989,0.02074559
Tanzania,TZA,1990,0.051863972
Tanzania,TZA,1991,0.08298236
Tanzania,TZA,1992,0.16596472
Tanzania,TZA,1993,0.33192945
Tanzania,TZA,1994,0.34701714
Tanzania,TZA,1995,0.33192945
Tanzania,TZA,1996,0.4299995
Tanzania,TZA,1997,0.21122782
Tanzania,TZA,1998,0.33947328
Tanzania,TZA,1999,0.5657888
Tanzania,TZA,2000,0.59735227
Tanzania,TZA,2001,0.58682865
Tanzania,TZA,2002,0.5975484
Tanzania,TZA,2003,0.4119697
Tanzania,TZA,2004,0.4906596
Tanzania,TZA,2005,0.23231287
Tanzania,TZA,2006,0.13533668
Tanzania,TZA,2007,0.20517765
Tanzania,TZA,2008,0.11498337
Tanzania,TZA,2009,0.40702093
Tanzania,TZA,2010,0.50794256
Tanzania,TZA,2011,0.6088642
Tanzania,TZA,2012,0.5934898
Tanzania,TZA,2013,0.6395073
Tanzania,TZA,2014,1.8557873
Tanzania,TZA,2015,1.9387696
Tanzania,TZA,2016,2.0821028
Tanzania,TZA,2017,4.2170124
Tanzania,TZA,2018,4.7375383
Tanzania,TZA,2019,5.3722477
Tanzania,TZA,2020,5.2049475
Tanzania,TZA,2021,5.6942835
Tanzania,TZA,2022,17.995478
Tanzania,TZA,2023,16.780516
Tanzania,TZA,2024,13.300589
Thailand,THA,1900,0
Thailand,THA,1901,0
Thailand,THA,1902,0
Thailand,THA,1903,0
Thailand,THA,1904,0
Thailand,THA,1905,0
Thailand,THA,1906,0
Thailand,THA,1907,0
Thailand,THA,1908,0
Thailand,THA,1909,0
Thailand,THA,1910,0
Thailand,THA,1911,0
Thailand,THA,1912,0
Thailand,THA,1913,0
Thailand,THA,1914,0
Thailand,THA,1915,0
Thailand,THA,1916,0
Thailand,THA,1917,0
Thailand,THA,1918,0
Thailand,THA,1919,0
Thailand,THA,1920,0
Thailand,THA,1921,0
Thailand,THA,1922,0
Thailand,THA,1923,0
Thailand,THA,1924,0
Thailand,THA,1925,0
Thailand,THA,1926,0
Thailand,THA,1927,0
Thailand,THA,1928,0
Thailand,THA,1929,0
Thailand,THA,1930,0
Thailand,THA,1931,0
Thailand,THA,1932,0
Thailand,THA,1933,0
Thailand,THA,1934,0
Thailand,THA,1935,0
Thailand,THA,1936,0
Thailand,THA,1937,0
Thailand,THA,1938,0
Thailand,THA,1939,0
Thailand,THA,1940,0
Thailand,THA,1941,0
Thailand,THA,1942,0
Thailand,THA,1943,0
Thailand,THA,1944,0
Thailand,THA,1945,0
Thailand,THA,1946,0
Thailand,THA,1947,0
Thailand,THA,1948,0
Thailand,THA,1949,0
Thailand,THA,1950,0
Thailand,THA,1951,0
Thailand,THA,1952,0.01074612
Thailand,THA,1953,0.00268653
Thailand,THA,1954,0.01611918
Thailand,THA,1955,0.11014773
Thailand,THA,1956,0.23641464
Thailand,THA,1957,0.2605934
Thailand,THA,1958,0.2767126
Thailand,THA,1959,0.2955183
Thailand,THA,1960,0.29014525
Thailand,THA,1961,0.29014525
Thailand,THA,1962,0.36268154
Thailand,THA,1963,0.36805463
Thailand,THA,1964,0.27939913
Thailand,THA,1965,0.33581626
Thailand,THA,1966,0.45939663
Thailand,THA,1967,0.8999876
Thailand,THA,1968,0.81939167
Thailand,THA,1969,0.93491244
Thailand,THA,1970,1.074612
Thailand,THA,1971,1.1955059
Thailand,THA,1972,0.9268529
Thailand,THA,1973,0.96983737
Thailand,THA,1974,1.3029671
Thailand,THA,1975,1.2411768
Thailand,THA,1976,1.8268403
Thailand,THA,1977,1.1793867
Thailand,THA,1978,1.7166926
Thailand,THA,1979,3.6429346
Thailand,THA,1980,4.655365
Thailand,THA,1981,5.294151
Thailand,THA,1982,6.166187
Thailand,THA,1983,5.8594704
Thailand,THA,1984,7.3388515
Thailand,THA,1985,17.357018
Thailand,THA,1986,17.673073
Thailand,THA,1987,22.56314
Thailand,THA,1988,23.977057
Thailand,THA,1989,30.69919
Thailand,THA,1990,41.606102
Thailand,THA,1991,48.545338
Thailand,THA,1992,51.735832
Thailand,THA,1993,53.94501
Thailand,THA,1994,60.22411
Thailand,THA,1995,64.300316
Thailand,THA,1996,74.10746
Thailand,THA,1997,80.10027
Thailand,THA,1998,69.81312
Thailand,THA,1999,66.26717
Thailand,THA,2000,60.290333
Thailand,THA,2001,65.604416
Thailand,THA,2002,66.16691
Thailand,THA,2003,61.098713
Thailand,THA,2004,65.2471
Thailand,THA,2005,69.57917
Thailand,THA,2006,62.060894
Thailand,THA,2007,57.13045
Thailand,THA,2008,55.74603
Thailand,THA,2009,54.838264
Thailand,THA,2010,57.568237
Thailand,THA,2011,69.68879
Thailand,THA,2012,55.27612
Thailand,THA,2013,54.446777
Thailand,THA,2014,53.64447
Thailand,THA,2015,44.87676
Thailand,THA,2016,50.06937
Thailand,THA,2017,47.74735
Thailand,THA,2018,43.679813
Thailand,THA,2019,41.07177
Thailand,THA,2020,38.171604
Thailand,THA,2021,40.96881
Thailand,THA,2022,39.29714
Thailand,THA,2023,36.904957
Thailand,THA,2024,36.73458
Thailand,THA,2025,35.894695
Togo,TGO,1980,0
Togo,TGO,1981,0
Togo,TGO,1982,0
Togo,TGO,1983,0
Togo,TGO,1984,0
Togo,TGO,1985,0
Togo,TGO,1986,0
Togo,TGO,1987,0
Togo,TGO,1988,0
Togo,TGO,1989,0
Togo,TGO,1990,0
Togo,TGO,1991,0
Togo,TGO,1992,0
Togo,TGO,1993,0
Togo,TGO,1994,0
Togo,TGO,1995,0
Togo,TGO,1996,0
Togo,TGO,1997,0
Togo,TGO,1998,0
Togo,TGO,1999,0
Togo,TGO,2000,0
Togo,TGO,2001,0
Togo,TGO,2002,0
Togo,TGO,2003,0
Togo,TGO,2004,0
Togo,TGO,2005,0
Togo,TGO,2006,0
Togo,TGO,2007,0
Togo,TGO,2008,0
Togo,TGO,2009,0
Togo,TGO,2010,0
Togo,TGO,2011,0
Togo,TGO,2012,0
Togo,TGO,2013,0
Togo,TGO,2014,0
Togo,TGO,2015,0
Togo,TGO,2016,0
Togo,TGO,2017,0
Togo,TGO,2018,0
Togo,TGO,2019,0
Togo,TGO,2020,0
Togo,TGO,2021,0
Togo,TGO,2022,0
Togo,TGO,2023,0
Togo,TGO,2024,0
Tonga,TON,1980,0
Tonga,TON,1981,0
Tonga,TON,1982,0
Tonga,TON,1983,0
Tonga,TON,1984,0
Tonga,TON,1985,0
Tonga,TON,1986,0
Tonga,TON,1987,0
Tonga,TON,1988,0
Tonga,TON,1989,0
Tonga,TON,1990,0
Tonga,TON,1991,0
Tonga,TON,1992,0
Tonga,TON,1993,0
Tonga,TON,1994,0
Tonga,TON,1995,0
Tonga,TON,1996,0
Tonga,TON,1997,0
Tonga,TON,1998,0
Tonga,TON,1999,0
Tonga,TON,2000,0
Tonga,TON,2001,0
Tonga,TON,2002,0
Tonga,TON,2003,0
Tonga,TON,2004,0
Tonga,TON,2005,0
Tonga,TON,2006,0
Tonga,TON,2007,0
Tonga,TON,2008,0
Tonga,TON,2009,0
Tonga,TON,2010,0
Tonga,TON,2011,0
Tonga,TON,2012,0
Tonga,TON,2013,0
Tonga,TON,2014,0
Tonga,TON,2015,0
Tonga,TON,2016,0
Tonga,TON,2017,0
Tonga,TON,2018,0
Tonga,TON,2019,0
Tonga,TON,2020,0
Tonga,TON,2021,0
Tonga,TON,2022,0
Tonga,TON,2023,0
Tonga,TON,2024,0
Trinidad and Tobago,TTO,1980,0
Trinidad and Tobago,TTO,1981,0
Trinidad and Tobago,TTO,1982,0
Trinidad and Tobago,TTO,1983,0
Trinidad and Tobago,TTO,1984,0
Trinidad and Tobago,TTO,1985,0
Trinidad and Tobago,TTO,1986,0
Trinidad and Tobago,TTO,1987,0
Trinidad and Tobago,TTO,1988,0
Trinidad and Tobago,TTO,1989,0
Trinidad and Tobago,TTO,1990,0
Trinidad and Tobago,TTO,1991,0
Trinidad and Tobago,TTO,1992,0
Trinidad and Tobago,TTO,1993,0
Trinidad and Tobago,TTO,1994,0
Trinidad and Tobago,TTO,1995,0
Trinidad and Tobago,TTO,1996,0
Trinidad and Tobago,TTO,1997,0
Trinidad and Tobago,TTO,1998,0
Trinidad and Tobago,TTO,1999,0
Trinidad and Tobago,TTO,2000,0
Trinidad and Tobago,TTO,2001,0
Trinidad and Tobago,TTO,2002,0
Trinidad and Tobago,TTO,2003,0
Trinidad and Tobago,TTO,2004,0
Trinidad and Tobago,TTO,2005,0
Trinidad and Tobago,TTO,2006,0
Trinidad and Tobago,TTO,2007,0
Trinidad and Tobago,TTO,2008,0
Trinidad and Tobago,TTO,2009,0
Trinidad and Tobago,TTO,2010,0
Trinidad and Tobago,TTO,2011,0
Trinidad and Tobago,TTO,2012,0
Trinidad and Tobago,TTO,2013,0
Trinidad and Tobago,TTO,2014,0
Trinidad and Tobago,TTO,2015,0
Trinidad and Tobago,TTO,2016,0
Trinidad and Tobago,TTO,2017,0
Trinidad and Tobago,TTO,2018,0
Trinidad and Tobago,TTO,2019,0
Trinidad and Tobago,TTO,2020,0
Trinidad and Tobago,TTO,2021,0
Trinidad and Tobago,TTO,2022,0
Trinidad and Tobago,TTO,2023,0
Trinidad and Tobago,TTO,2024,0
Tunisia,TUN,1900,0
Tunisia,TUN,1901,0
Tunisia,TUN,1902,0
Tunisia,TUN,1903,0
Tunisia,TUN,1904,0
Tunisia,TUN,1905,0
Tunisia,TUN,1906,0
Tunisia,TUN,1907,0
Tunisia,TUN,1908,0
Tunisia,TUN,1909,0
Tunisia,TUN,1910,0
Tunisia,TUN,1911,0
Tunisia,TUN,1912,0
Tunisia,TUN,1913,0
Tunisia,TUN,1914,0
Tunisia,TUN,1915,0
Tunisia,TUN,1916,0.034477137
Tunisia,TUN,1917,0.1034314
Tunisia,TUN,1918,0.14104283
Tunisia,TUN,1919,0
Tunisia,TUN,1920,0.097162835
Tunisia,TUN,1921,0.072088555
Tunisia,TUN,1922,0
Tunisia,TUN,1923,0.0031342849
Tunisia,TUN,1924,0
Tunisia,TUN,1925,0
Tunisia,TUN,1926,0
Tunisia,TUN,1927,0
Tunisia,TUN,1928,0
Tunisia,TUN,1929,0
Tunisia,TUN,1930,0
Tunisia,TUN,1931,0
Tunisia,TUN,1932,0
Tunisia,TUN,1933,0
Tunisia,TUN,1934,0
Tunisia,TUN,1935,0
Tunisia,TUN,1936,0
Tunisia,TUN,1937,0
Tunisia,TUN,1938,0
Tunisia,TUN,1939,0.0062685697
Tunisia,TUN,1940,0.08775998
Tunisia,TUN,1941,0.35730848
Tunisia,TUN,1942,0.44506845
Tunisia,TUN,1943,0.12850568
Tunisia,TUN,1944,0.2099971
Tunisia,TUN,1945,0.21939996
Tunisia,TUN,1946,0.2977571
Tunisia,TUN,1947,0.23820566
Tunisia,TUN,1948,0.22253422
Tunisia,TUN,1949,0.1473114
Tunisia,TUN,1950,0.12850568
Tunisia,TUN,1951,0.025074279
Tunisia,TUN,1952,0
Tunisia,TUN,1953,0
Tunisia,TUN,1954,0
Tunisia,TUN,1955,0
Tunisia,TUN,1956,0
Tunisia,TUN,1957,0
Tunisia,TUN,1958,0
Tunisia,TUN,1959,0
Tunisia,TUN,1960,0
Tunisia,TUN,1961,0
Tunisia,TUN,1962,0
Tunisia,TUN,1963,0
Tunisia,TUN,1964,0
Tunisia,TUN,1965,0
Tunisia,TUN,1966,0
Tunisia,TUN,1967,0
Tunisia,TUN,1968,0
Tunisia,TUN,1969,0
Tunisia,TUN,1970,0
Tunisia,TUN,1971,0
Tunisia,TUN,1972,0
Tunisia,TUN,1973,0
Tunisia,TUN,1974,0
Tunisia,TUN,1975,0
Tunisia,TUN,1976,0
Tunisia,TUN,1977,0
Tunisia,TUN,1978,0
Tunisia,TUN,1979,0
Tunisia,TUN,1980,0
Tunisia,TUN,1981,0
Tunisia,TUN,1982,0
Tunisia,TUN,1983,0
Tunisia,TUN,1984,0
Tunisia,TUN,1985,0
Tunisia,TUN,1986,0
Tunisia,TUN,1987,0
Tunisia,TUN,1988,0
Tunisia,TUN,1989,0
Tunisia,TUN,1990,0
Tunisia,TUN,1991,0
Tunisia,TUN,1992,0
Tunisia,TUN,1993,0
Tunisia,TUN,1994,0
Tunisia,TUN,1995,0
Tunisia,TUN,1996,0
Tunisia,TUN,1997,0
Tunisia,TUN,1998,0
Tunisia,TUN,1999,0
Tunisia,TUN,2000,0
Tunisia,TUN,2001,0
Tunisia,TUN,2002,0
Tunisia,TUN,2003,0
Tunisia,TUN,2004,0
Tunisia,TUN,2005,0
Tunisia,TUN,2006,0
Tunisia,TUN,2007,0
Tunisia,TUN,2008,0
Tunisia,TUN,2009,0
Tunisia,TUN,2010,0
Tunisia,TUN,2011,0
Tunisia,TUN,2012,0
Tunisia,TUN,2013,0
Tunisia,TUN,2014,0
Tunisia,TUN,2015,0
Tunisia,TUN,2016,0
Tunisia,TUN,2017,0
Tunisia,TUN,2018,0
Tunisia,TUN,2019,0
Tunisia,TUN,2020,0
Tunisia,TUN,2021,0
Tunisia,TUN,2022,0
Tunisia,TUN,2023,0
Tunisia,TUN,2024,0
Turkey,TUR,1900,3.1764555
Turkey,TUR,1901,2.9117508
Turkey,TUR,1902,3.2142704
Turkey,TUR,1903,3.6983018
Turkey,TUR,1904,4.1974587
Turkey,TUR,1905,4.7041793
Turkey,TUR,1906,4.847876
Turkey,TUR,1907,5.7705607
Turkey,TUR,1908,5.2789664
Turkey,TUR,1909,6.0050135
Turkey,TUR,1910,5.778124
Turkey,TUR,1911,6.836942
Turkey,TUR,1912,6.126021
Turkey,TUR,1913,6.254592
Turkey,TUR,1914,5.1050177
Turkey,TUR,1915,3.1764555
Turkey,TUR,1916,1.5731018
Turkey,TUR,1917,1.2025152
Turkey,TUR,1918,1.406716
Turkey,TUR,1919,2.8814988
Turkey,TUR,1920,4.3033404
Turkey,TUR,1921,2.5865424
Turkey,TUR,1922,3.1083887
Turkey,TUR,1923,4.5151043
Turkey,TUR,1924,7.517611
Turkey,TUR,1925,7.265574
Turkey,TUR,1926,9.224916
Turkey,TUR,1927,10.057904
Turkey,TUR,1928,9.497714
Turkey,TUR,1929,10.79556
Turkey,TUR,1930,12.099382
Turkey,TUR,1931,11.936513
Turkey,TUR,1932,12.11205
Turkey,TUR,1933,14.128038
Turkey,TUR,1934,17.506424
Turkey,TUR,1935,17.992758
Turkey,TUR,1936,17.77169
Turkey,TUR,1937,17.91716
Turkey,TUR,1938,20.171305
Turkey,TUR,1939,20.762058
Turkey,TUR,1940,23.43553
Turkey,TUR,1941,23.556383
Turkey,TUR,1942,20.059359
Turkey,TUR,1943,25.643774
Turkey,TUR,1944,29.076756
Turkey,TUR,1945,30.250418
Turkey,TUR,1946,30.830961
Turkey,TUR,1947,32.287384
Turkey,TUR,1948,33.177235
Turkey,TUR,1949,34.85946
Turkey,TUR,1950,36.004612
Turkey,TUR,1951,38.811543
Turkey,TUR,1952,39.745495
Turkey,TUR,1953,46.572544
Turkey,TUR,1954,9.7899685
Turkey,TUR,1955,46.45612
Turkey,TUR,1956,49.859566
Turkey,TUR,1957,55.10889
Turkey,TUR,1958,57.837296
Turkey,TUR,1959,57.323853
Turkey,TUR,1960,55.51502
Turkey,TUR,1961,54.754257
Turkey,TUR,1962,57.1668
Turkey,TUR,1963,61.826744
Turkey,TUR,1964,66.177185
Turkey,TUR,1965,65.60318
Turkey,TUR,1966,70.23402
Turkey,TUR,1967,70.252716
Turkey,TUR,1968,73.36832
Turkey,TUR,1969,76.180885
Turkey,TUR,1970,75.49166
Turkey,TUR,1971,76.46959
Turkey,TUR,1972,78.4356
Turkey,TUR,1973,82.501076
Turkey,TUR,1974,90.28543
Turkey,TUR,1975,91.264496
Turkey,TUR,1976,94.33835
Turkey,TUR,1977,92.60016
Turkey,TUR,1978,95.728546
Turkey,TUR,1979,114.94607
Turkey,TUR,1980,48.651882
Turkey,TUR,1981,80.63079
Turkey,TUR,1982,86.84215
Turkey,TUR,1983,91.405876
Turkey,TUR,1984,102.46659
Turkey,TUR,1985,123.69214
Turkey,TUR,1986,132.12297
Turkey,TUR,1987,141.99194
Turkey,TUR,1988,128.8973
Turkey,TUR,1989,148.5115
Turkey,TUR,1990,136.33606
Turkey,TUR,1991,127.97628
Turkey,TUR,1992,140.9242
Turkey,TUR,1993,134.32036
Turkey,TUR,1994,140.8028
Turkey,TUR,1995,140.52422
Turkey,TUR,1996,142.9979
Turkey,TUR,1997,152.56772
Turkey,TUR,1998,162.179
Turkey,TUR,1999,154.49995
Turkey,TUR,2000,145.23756
Turkey,TUR,2001,142.83325
Turkey,TUR,2002,132.12025
Turkey,TUR,2003,125.336006
Turkey,TUR,2004,122.48965
Turkey,TUR,2005,130.41881
Turkey,TUR,2006,153.05083
Turkey,TUR,2007,172.0891
Turkey,TUR,2008,193.91866
Turkey,TUR,2009,202.38525
Turkey,TUR,2010,203.80408
Turkey,TUR,2011,207.81645
Turkey,TUR,2012,197.90771
Turkey,TUR,2013,179.69855
Turkey,TUR,2014,190.25516
Turkey,TUR,2015,148.79759
Turkey,TUR,2016,179.79745
Turkey,TUR,2017,175.45506
Turkey,TUR,2018,192.44522
Turkey,TUR,2019,201.77293
Turkey,TUR,2020,182.83022
Turkey,TUR,2021,208.57721
Turkey,TUR,2022,229.29988
Turkey,TUR,2023,178.79967
Turkey,TUR,2024,193.47778
Turkey,TUR,2025,179.53575
Turkmenistan,TKM,1992,0
Turkmenistan,TKM,1993,0
Turkmenistan,TKM,1994,0
Turkmenistan,TKM,1995,0
Turkmenistan,TKM,1996,0
Turkmenistan,TKM,1997,0
Turkmenistan,TKM,1998,0
Turkmenistan,TKM,1999,0
Turkmenistan,TKM,2000,0
Turkmenistan,TKM,2001,0
Turkmenistan,TKM,2002,0
Turkmenistan,TKM,2003,0
Turkmenistan,TKM,2004,0
Turkmenistan,TKM,2005,0
Turkmenistan,TKM,2006,0
Turkmenistan,TKM,2007,0
Turkmenistan,TKM,2008,0
Turkmenistan,TKM,2009,0
Turkmenistan,TKM,2010,0
Turkmenistan,TKM,2011,0
Turkmenistan,TKM,2012,0
Turkmenistan,TKM,2013,0
Turkmenistan,TKM,2014,0
Turkmenistan,TKM,2015,0
Turkmenistan,TKM,2016,0
Turkmenistan,TKM,2017,0
Turkmenistan,TKM,2018,0
Turkmenistan,TKM,2019,0
Turkmenistan,TKM,2020,0
Turkmenistan,TKM,2021,0
Turkmenistan,TKM,2022,0
Turkmenistan,TKM,2023,0
Turkmenistan,TKM,2024,0
Turks and Caicos Islands,TCA,1980,0
Turks and Caicos Islands,TCA,1981,0
Turks and Caicos Islands,TCA,1982,0
Turks and Caicos Islands,TCA,1983,0
Turks and Caicos Islands,TCA,1984,0
Turks and Caicos Islands,TCA,1985,0
Turks and Caicos Islands,TCA,1986,0
Turks and Caicos Islands,TCA,1987,0
Turks and Caicos Islands,TCA,1988,0
Turks and Caicos Islands,TCA,1989,0
Turks and Caicos Islands,TCA,1990,0
Turks and Caicos Islands,TCA,1991,0
Turks and Caicos Islands,TCA,1992,0
Turks and Caicos Islands,TCA,1993,0
Turks and Caicos Islands,TCA,1994,0
Turks and Caicos Islands,TCA,1995,0
Turks and Caicos Islands,TCA,1996,0
Turks and Caicos Islands,TCA,1997,0
Turks and Caicos Islands,TCA,1998,0
Turks and Caicos Islands,TCA,1999,0
Turks and Caicos Islands,TCA,2000,0
Turks and Caicos Islands,TCA,2001,0
Turks and Caicos Islands,TCA,2002,0
Turks and Caicos Islands,TCA,2003,0
Turks and Caicos Islands,TCA,2004,0
Turks and Caicos Islands,TCA,2005,0
Turks and Caicos Islands,TCA,2006,0
Turks and Caicos Islands,TCA,2007,0
Turks and Caicos Islands,TCA,2008,0
Turks and Caicos Islands,TCA,2009,0
Turks and Caicos Islands,TCA,2010,0
Turks and Caicos Islands,TCA,2011,0
Turks and Caicos Islands,TCA,2012,0
Turks and Caicos Islands,TCA,2013,0
Turks and Caicos Islands,TCA,2014,0
Turks and Caicos Islands,TCA,2015,0
Turks and Caicos Islands,TCA,2016,0
Turks and Caicos Islands,TCA,2017,0
Turks and Caicos Islands,TCA,2018,0
Turks and Caicos Islands,TCA,2019,0
Turks and Caicos Islands,TCA,2020,0
Turks and Caicos Islands,TCA,2021,0
Turks and Caicos Islands,TCA,2022,0
Turks and Caicos Islands,TCA,2023,0
Turks and Caicos Islands,TCA,2024,0
Tuvalu,TUV,1980,0
Tuvalu,TUV,1981,0
Tuvalu,TUV,1982,0
Tuvalu,TUV,1983,0
Tuvalu,TUV,1984,0
Tuvalu,TUV,1985,0
Tuvalu,TUV,1986,0
Tuvalu,TUV,1987,0
Tuvalu,TUV,1988,0
Tuvalu,TUV,1989,0
Tuvalu,TUV,1990,0
Tuvalu,TUV,1991,0
Tuvalu,TUV,1992,0
Tuvalu,TUV,1993,0
Tuvalu,TUV,1994,0
Tuvalu,TUV,1995,0
Tuvalu,TUV,1996,0
Tuvalu,TUV,1997,0
Tuvalu,TUV,1998,0
Tuvalu,TUV,1999,0
Tuvalu,TUV,2000,0
Tuvalu,TUV,2001,0
Tuvalu,TUV,2002,0
Tuvalu,TUV,2003,0
Tuvalu,TUV,2004,0
Tuvalu,TUV,2005,0
Tuvalu,TUV,2006,0
Tuvalu,TUV,2007,0
Tuvalu,TUV,2008,0
Tuvalu,TUV,2009,0
Tuvalu,TUV,2010,0
Tuvalu,TUV,2011,0
Tuvalu,TUV,2012,0
Tuvalu,TUV,2013,0
Tuvalu,TUV,2014,0
Tuvalu,TUV,2015,0
Tuvalu,TUV,2016,0
Tuvalu,TUV,2017,0
Tuvalu,TUV,2018,0
Tuvalu,TUV,2019,0
Tuvalu,TUV,2020,0
Tuvalu,TUV,2021,0
Tuvalu,TUV,2022,0
Tuvalu,TUV,2023,0
Tuvalu,TUV,2024,0
USSR,OWID_USS,1900,108.31166
USSR,OWID_USS,1901,110.79888
USSR,OWID_USS,1902,110.38994
USSR,OWID_USS,1903,113.084984
USSR,OWID_USS,1904,131.46095
USSR,OWID_USS,1905,125.1591
USSR,OWID_USS,1906,145.66028
USSR,OWID_USS,1907,174.30696
USSR,OWID_USS,1908,173.43542
USSR,OWID_USS,1909,181.05019
USSR,OWID_USS,1910,169.2962
USSR,OWID_USS,1911,179.78737
USSR,OWID_USS,1912,212.1286
USSR,OWID_USS,1913,230.05164
USSR,OWID_USS,1914,215.60712
USSR,OWID_USS,1915,212.21263
USSR,OWID_USS,1916,224.0167
USSR,OWID_USS,1917,209.61562
USSR,OWID_USS,1918,82.01326
USSR,OWID_USS,1919,57.249462
USSR,OWID_USS,1920,51.449944
USSR,OWID_USS,1921,56.612106
USSR,OWID_USS,1922,68.75631
USSR,OWID_USS,1923,77.3743
USSR,OWID_USS,1924,103.23899
USSR,OWID_USS,1925,104.979546
USSR,OWID_USS,1926,164.13673
USSR,OWID_USS,1927,206.29764
USSR,OWID_USS,1928,227.1501
USSR,OWID_USS,1929,256.19788
USSR,OWID_USS,1930,304.29044
USSR,OWID_USS,1931,359.0136
USSR,OWID_USS,1932,406.88422
USSR,OWID_USS,1933,480.095
USSR,OWID_USS,1934,590.62396
USSR,OWID_USS,1935,683.9574
USSR,OWID_USS,1936,787.53754
USSR,OWID_USS,1937,793.33386
USSR,OWID_USS,1938,827.24347
USSR,OWID_USS,1939,904.3326
USSR,OWID_USS,1940,1019.73315
USSR,OWID_USS,1941,984.1639
USSR,OWID_USS,1942,603.37024
USSR,OWID_USS,1943,880.92053
USSR,OWID_USS,1944,717.34015
USSR,OWID_USS,1945,822.9931
USSR,OWID_USS,1946,919.0994
USSR,OWID_USS,1947,1046.1323
USSR,OWID_USS,1948,1188.2069
USSR,OWID_USS,1949,1341.8041
USSR,OWID_USS,1950,1479.5488
USSR,OWID_USS,1951,1606.4044
USSR,OWID_USS,1952,1710.5732
USSR,OWID_USS,1953,1805.0599
USSR,OWID_USS,1954,1957.838
USSR,OWID_USS,1955,2209.4255
USSR,OWID_USS,1956,2430.3884
USSR,OWID_USS,1957,2625.343
USSR,OWID_USS,1958,2815.213
USSR,OWID_USS,1959,2891.292
USSR,OWID_USS,1960,2935.7217
USSR,OWID_USS,1961,2932.9824
USSR,OWID_USS,1962,3001.2002
USSR,OWID_USS,1963,3077.1216
USSR,OWID_USS,1964,3195.9802
USSR,OWID_USS,1965,3338.2356
USSR,OWID_USS,1966,3403.379
USSR,OWID_USS,1967,3477.1414
USSR,OWID_USS,1968,3489.7463
USSR,OWID_USS,1969,3573.256
USSR,OWID_USS,1970,3656.8389
USSR,OWID_USS,1971,3749.1343
USSR,OWID_USS,1972,3502.2278
USSR,OWID_USS,1973,3573.1006
USSR,OWID_USS,1974,3666.1968
USSR,OWID_USS,1975,3751.479
USSR,OWID_USS,1976,3815.9421
USSR,OWID_USS,1977,3862.9978
USSR,OWID_USS,1978,3872.8384
USSR,OWID_USS,1979,3833.5825
USSR,OWID_USS,1981,4027.8452
USSR,OWID_USS,1982,4061.56
USSR,OWID_USS,1983,4057.7874
USSR,OWID_USS,1984,4013.748
Uganda,UGA,1980,0
Uganda,UGA,1981,0
Uganda,UGA,1982,0
Uganda,UGA,1983,0
Uganda,UGA,1984,0
Uganda,UGA,1985,0
Uganda,UGA,1986,0
Uganda,UGA,1987,0
Uganda,UGA,1988,0
Uganda,UGA,1989,0
Uganda,UGA,1990,0
Uganda,UGA,1991,0
Uganda,UGA,1992,0
Uganda,UGA,1993,0
Uganda,UGA,1994,0
Uganda,UGA,1995,0
Uganda,UGA,1996,0
Uganda,UGA,1997,0
Uganda,UGA,1998,0
Uganda,UGA,1999,0
Uganda,UGA,2000,0
Uganda,UGA,2001,0
Uganda,UGA,2002,0
Uganda,UGA,2003,0
Uganda,UGA,2004,0
Uganda,UGA,2005,0
Uganda,UGA,2006,0
Uganda,UGA,2007,0
Uganda,UGA,2008,0
Uganda,UGA,2009,0
Uganda,UGA,2010,0
Uganda,UGA,2011,0
Uganda,UGA,2012,0
Uganda,UGA,2013,0
Uganda,UGA,2014,0
Uganda,UGA,2015,0
Uganda,UGA,2016,0
Uganda,UGA,2017,0
Uganda,UGA,2018,0
Uganda,UGA,2019,0
Uganda,UGA,2020,0
Uganda,UGA,2021,0
Uganda,UGA,2022,0
Uganda,UGA,2023,0
Uganda,UGA,2024,0
Ukraine,UKR,1985,1083.9856
Ukraine,UKR,1986,1110.2439
Ukraine,UKR,1987,1097.9105
Ukraine,UKR,1988,1091.6465
Ukraine,UKR,1989,1026.1592
Ukraine,UKR,1990,1009.5795
Ukraine,UKR,1991,858.5726
Ukraine,UKR,1992,815.0386
Ukraine,UKR,1993,694.31366
Ukraine,UKR,1994,571.3583
Ukraine,UKR,1995,497.49072
Ukraine,UKR,1996,376.3641
Ukraine,UKR,1997,390.50162
Ukraine,UKR,1998,399.71887
Ukraine,UKR,1999,422.01147
Ukraine,UKR,2000,422.69614
Ukraine,UKR,2001,419.52203
Ukraine,UKR,2002,417.74255
Ukraine,UKR,2003,405.3614
Ukraine,UKR,2004,402.79318
Ukraine,UKR,2005,403.2934
Ukraine,UKR,2006,410.54028
Ukraine,UKR,2007,404.69516
Ukraine,UKR,2008,404.14328
Ukraine,UKR,2009,375.0599
Ukraine,UKR,2010,373.84564
Ukraine,UKR,2011,422.40073
Ukraine,UKR,2012,454.64465
Ukraine,UKR,2013,444.47632
Ukraine,UKR,2014,303.13525
Ukraine,UKR,2015,199.39026
Ukraine,UKR,2016,211.78044
Ukraine,UKR,2017,158.4245
Ukraine,UKR,2018,168.18156
Ukraine,UKR,2019,166.36061
Ukraine,UKR,2020,148.3139
Ukraine,UKR,2021,144.19885
Ukraine,UKR,2022,123.248604
Ukraine,UKR,2023,119.55115
Ukraine,UKR,2024,105.56367
Ukraine,UKR,2025,72.83893
United Arab Emirates,ARE,1980,0
United Arab Emirates,ARE,1981,0
United Arab Emirates,ARE,1982,0
United Arab Emirates,ARE,1983,0
United Arab Emirates,ARE,1984,0
United Arab Emirates,ARE,1985,0
United Arab Emirates,ARE,1986,0
United Arab Emirates,ARE,1987,0
United Arab Emirates,ARE,1988,0
United Arab Emirates,ARE,1989,0
United Arab Emirates,ARE,1990,0
United Arab Emirates,ARE,1991,0
United Arab Emirates,ARE,1992,0
United Arab Emirates,ARE,1993,0
United Arab Emirates,ARE,1994,0
United Arab Emirates,ARE,1995,0
United Arab Emirates,ARE,1996,0
United Arab Emirates,ARE,1997,0
United Arab Emirates,ARE,1998,0
United Arab Emirates,ARE,1999,0
United Arab Emirates,ARE,2000,0
United Arab Emirates,ARE,2001,0
United Arab Emirates,ARE,2002,0
United Arab Emirates,ARE,2003,0
United Arab Emirates,ARE,2004,0
United Arab Emirates,ARE,2005,0
United Arab Emirates,ARE,2006,0
United Arab Emirates,ARE,2007,0
United Arab Emirates,ARE,2008,0
United Arab Emirates,ARE,2009,0
United Arab Emirates,ARE,2010,0
United Arab Emirates,ARE,2011,0
United Arab Emirates,ARE,2012,0
United Arab Emirates,ARE,2013,0
United Arab Emirates,ARE,2014,0
United Arab Emirates,ARE,2015,0
United Arab Emirates,ARE,2016,0
United Arab Emirates,ARE,2017,0
United Arab Emirates,ARE,2018,0
United Arab Emirates,ARE,2019,0
United Arab Emirates,ARE,2020,0
United Arab Emirates,ARE,2021,0
United Arab Emirates,ARE,2022,0
United Arab Emirates,ARE,2023,0
United Arab Emirates,ARE,2024,0
United Kingdom,GBR,1700,20.740337
United Kingdom,GBR,1701,21.05231
United Kingdom,GBR,1702,21.364285
United Kingdom,GBR,1703,21.67626
United Kingdom,GBR,1704,21.988232
United Kingdom,GBR,1705,22.300207
United Kingdom,GBR,1706,22.612179
United Kingdom,GBR,1707,22.924152
United Kingdom,GBR,1708,23.236128
United Kingdom,GBR,1709,23.5481
United Kingdom,GBR,1710,23.860075
United Kingdom,GBR,1711,24.172047
United Kingdom,GBR,1712,24.484022
United Kingdom,GBR,1713,24.795994
United Kingdom,GBR,1714,25.10797
United Kingdom,GBR,1715,25.419943
United Kingdom,GBR,1716,25.731915
United Kingdom,GBR,1717,26.04389
United Kingdom,GBR,1718,26.355862
United Kingdom,GBR,1719,26.667837
United Kingdom,GBR,1720,26.979809
United Kingdom,GBR,1721,27.291784
United Kingdom,GBR,1722,27.603758
United Kingdom,GBR,1723,27.91573
United Kingdom,GBR,1724,28.227705
United Kingdom,GBR,1725,28.539679
United Kingdom,GBR,1726,28.85165
United Kingdom,GBR,1727,29.163624
United Kingdom,GBR,1728,29.4756
United Kingdom,GBR,1729,29.787573
United Kingdom,GBR,1730,30.099545
United Kingdom,GBR,1731,30.41152
United Kingdom,GBR,1732,30.723494
United Kingdom,GBR,1733,31.035465
United Kingdom,GBR,1734,31.347439
United Kingdom,GBR,1735,31.659414
United Kingdom,GBR,1736,31.971388
United Kingdom,GBR,1737,32.28336
United Kingdom,GBR,1738,32.595333
United Kingdom,GBR,1739,32.90731
United Kingdom,GBR,1740,33.21928
United Kingdom,GBR,1741,33.531254
United Kingdom,GBR,1742,33.843227
United Kingdom,GBR,1743,34.155205
United Kingdom,GBR,1744,34.467175
United Kingdom,GBR,1745,34.77915
United Kingdom,GBR,1746,35.091125
United Kingdom,GBR,1747,35.403095
United Kingdom,GBR,1748,35.71507
United Kingdom,GBR,1749,36.027046
United Kingdom,GBR,1750,36.33902
United Kingdom,GBR,1751,37.345116
United Kingdom,GBR,1752,38.35121
United Kingdom,GBR,1753,39.35731
United Kingdom,GBR,1754,40.363407
United Kingdom,GBR,1755,41.369503
United Kingdom,GBR,1756,42.375603
United Kingdom,GBR,1757,43.381702
United Kingdom,GBR,1758,44.3878
United Kingdom,GBR,1759,45.393894
United Kingdom,GBR,1760,46.399994
United Kingdom,GBR,1761,47.40609
United Kingdom,GBR,1762,48.412186
United Kingdom,GBR,1763,49.41828
United Kingdom,GBR,1764,50.42438
United Kingdom,GBR,1765,51.43048
United Kingdom,GBR,1766,52.436577
United Kingdom,GBR,1767,53.442677
United Kingdom,GBR,1768,54.448772
United Kingdom,GBR,1769,55.45487
United Kingdom,GBR,1770,56.460964
United Kingdom,GBR,1771,57.467064
United Kingdom,GBR,1772,58.473164
United Kingdom,GBR,1773,59.479263
United Kingdom,GBR,1774,60.48536
United Kingdom,GBR,1775,61.491455
United Kingdom,GBR,1776,63.21321
United Kingdom,GBR,1777,64.934975
United Kingdom,GBR,1778,66.65674
United Kingdom,GBR,1779,68.378494
United Kingdom,GBR,1780,70.10026
United Kingdom,GBR,1781,71.82202
United Kingdom,GBR,1782,73.543785
United Kingdom,GBR,1783,75.26554
United Kingdom,GBR,1784,76.987305
United Kingdom,GBR,1785,78.70906
United Kingdom,GBR,1786,80.430824
United Kingdom,GBR,1787,82.15258
United Kingdom,GBR,1788,83.874344
United Kingdom,GBR,1789,85.5961
United Kingdom,GBR,1790,87.31786
United Kingdom,GBR,1791,89.03963
United Kingdom,GBR,1792,90.76139
United Kingdom,GBR,1793,92.48315
United Kingdom,GBR,1794,94.20491
United Kingdom,GBR,1795,95.926674
United Kingdom,GBR,1796,97.64843
United Kingdom,GBR,1797,99.37019
United Kingdom,GBR,1798,101.09195
United Kingdom,GBR,1799,102.81371
United Kingdom,GBR,1800,104.53547
United Kingdom,GBR,1801,108.086
United Kingdom,GBR,1802,111.63652
United Kingdom,GBR,1803,115.18704
United Kingdom,GBR,1804,118.73757
United Kingdom,GBR,1805,122.288086
United Kingdom,GBR,1806,125.838615
United Kingdom,GBR,1807,129.38914
United Kingdom,GBR,1808,132.93967
United Kingdom,GBR,1809,136.49017
United Kingdom,GBR,1810,140.04071
United Kingdom,GBR,1811,143.59123
United Kingdom,GBR,1812,147.14175
United Kingdom,GBR,1813,150.69228
United Kingdom,GBR,1814,154.2428
United Kingdom,GBR,1815,157.79333
United Kingdom,GBR,1816,161.34386
United Kingdom,GBR,1817,164.89436
United Kingdom,GBR,1818,168.4449
United Kingdom,GBR,1819,171.99542
United Kingdom,GBR,1820,175.54594
United Kingdom,GBR,1821,179.09647
United Kingdom,GBR,1822,182.64699
United Kingdom,GBR,1823,186.19751
United Kingdom,GBR,1824,189.74803
United Kingdom,GBR,1825,193.29855
United Kingdom,GBR,1826,196.84909
United Kingdom,GBR,1827,200.39961
United Kingdom,GBR,1828,203.95012
United Kingdom,GBR,1829,207.50066
United Kingdom,GBR,1830,211.91971
United Kingdom,GBR,1831,216.08862
United Kingdom,GBR,1832,222.342
United Kingdom,GBR,1833,227.90053
United Kingdom,GBR,1834,234.1539
United Kingdom,GBR,1835,243.88135
United Kingdom,GBR,1836,253.60883
United Kingdom,GBR,1837,261.94666
United Kingdom,GBR,1838,272.36893
United Kingdom,GBR,1839,282.7912
United Kingdom,GBR,1840,295.29794
United Kingdom,GBR,1841,303.63577
United Kingdom,GBR,1842,306.41504
United Kingdom,GBR,1843,318.92178
United Kingdom,GBR,1844,330.03888
United Kingdom,GBR,1845,354.35754
United Kingdom,GBR,1846,368.2539
United Kingdom,GBR,1847,374.5073
United Kingdom,GBR,1848,392.57257
United Kingdom,GBR,1849,411.33267
United Kingdom,GBR,1850,433.56686
United Kingdom,GBR,1851,452.32697
United Kingdom,GBR,1852,473.86633
United Kingdom,GBR,1853,494.0161
United Kingdom,GBR,1854,521.114
United Kingdom,GBR,1855,530.14667
United Kingdom,GBR,1856,548.2119
United Kingdom,GBR,1857,564.8876
United Kingdom,GBR,1858,557.24457
United Kingdom,GBR,1859,574.61505
United Kingdom,GBR,1860,610.05084
United Kingdom,GBR,1861,619.08344
United Kingdom,GBR,1862,632.28503
United Kingdom,GBR,1863,664.2467
United Kingdom,GBR,1864,687.8705
United Kingdom,GBR,1865,710.1047
United Kingdom,GBR,1866,728.17
United Kingdom,GBR,1867,738.5923
United Kingdom,GBR,1868,751.099
United Kingdom,GBR,1869,769.85913
United Kingdom,GBR,1870,801.82074
United Kingdom,GBR,1871,842.12024
United Kingdom,GBR,1872,868.5234
United Kingdom,GBR,1873,888.6731
United Kingdom,GBR,1874,883.1146
United Kingdom,GBR,1875,926.1933
United Kingdom,GBR,1876,931.7519
United Kingdom,GBR,1877,931.7519
United Kingdom,GBR,1878,921.3296
United Kingdom,GBR,1879,928.9726
United Kingdom,GBR,1880,1021.3835
United Kingdom,GBR,1881,1071.4105
United Kingdom,GBR,1882,1087.3912
United Kingdom,GBR,1883,1137.4182
United Kingdom,GBR,1884,1117.2684
United Kingdom,GBR,1885,1107.5409
United Kingdom,GBR,1886,1094.3395
United Kingdom,GBR,1887,1126.3011
United Kingdom,GBR,1888,1180.497
United Kingdom,GBR,1889,1229.1343
United Kingdom,GBR,1890,1261.7908
United Kingdom,GBR,1891,1288.8887
United Kingdom,GBR,1892,1263.1804
United Kingdom,GBR,1893,1141.5872
United Kingdom,GBR,1894,1308.3436
United Kingdom,GBR,1895,1318.071
United Kingdom,GBR,1896,1357.6757
United Kingdom,GBR,1897,1404.2286
United Kingdom,GBR,1898,1403.5337
United Kingdom,GBR,1899,1529.2959
United Kingdom,GBR,1900,1566.4567
United Kingdom,GBR,1901,1523.7887
United Kingdom,GBR,1902,1579.7732
United Kingdom,GBR,1903,1602.3054
United Kingdom,GBR,1904,1616.8749
United Kingdom,GBR,1905,1642.618
United Kingdom,GBR,1906,1746.5422
United Kingdom,GBR,1907,1863.1533
United Kingdom,GBR,1908,1819.3146
United Kingdom,GBR,1909,1834.9316
United Kingdom,GBR,1910,1839.512
United Kingdom,GBR,1911,1891.4022
United Kingdom,GBR,1912,1811.571
United Kingdom,GBR,1913,1999.4893
United Kingdom,GBR,1914,1848.077
United Kingdom,GBR,1915,1761.372
United Kingdom,GBR,1916,1783.459
United Kingdom,GBR,1917,1728.6727
United Kingdom,GBR,1918,1584.3263
United Kingdom,GBR,1919,1598.3754
United Kingdom,GBR,1920,1596.6569
United Kingdom,GBR,1921,1135.5945
United Kingdom,GBR,1922,1736.2998
United Kingdom,GBR,1923,1919.8976
United Kingdom,GBR,1924,1856.2725
United Kingdom,GBR,1925,1699.5815
United Kingdom,GBR,1926,873.5142
United Kingdom,GBR,1927,1747.6855
United Kingdom,GBR,1928,1651.813
United Kingdom,GBR,1929,1793.9822
United Kingdom,GBR,1930,1696.4116
United Kingdom,GBR,1931,1526.5205
United Kingdom,GBR,1932,1452.0092
United Kingdom,GBR,1933,1440.7261
United Kingdom,GBR,1934,1535.4347
United Kingdom,GBR,1935,1545.9922
United Kingdom,GBR,1936,1589.0914
United Kingdom,GBR,1937,1672.2842
United Kingdom,GBR,1938,1579.068
United Kingdom,GBR,1939,1609.2888
United Kingdom,GBR,1940,1560.3221
United Kingdom,GBR,1941,1435.4199
United Kingdom,GBR,1942,1425.732
United Kingdom,GBR,1943,1384.0021
United Kingdom,GBR,1944,1340.9645
United Kingdom,GBR,1945,1271.5265
United Kingdom,GBR,1946,1322.2938
United Kingdom,GBR,1947,1373.6501
United Kingdom,GBR,1948,1456.9935
United Kingdom,GBR,1949,1496.7241
United Kingdom,GBR,1950,1504.7141
United Kingdom,GBR,1951,1550.5383
United Kingdom,GBR,1952,1575.5696
United Kingdom,GBR,1953,1559.6854
United Kingdom,GBR,1954,1558.8706
United Kingdom,GBR,1955,1541.7267
United Kingdom,GBR,1956,1544.3763
United Kingdom,GBR,1957,1555.6597
United Kingdom,GBR,1958,1501.3525
United Kingdom,GBR,1959,1433.7631
United Kingdom,GBR,1960,1346.7977
United Kingdom,GBR,1961,1326.3334
United Kingdom,GBR,1962,1373.4515
United Kingdom,GBR,1963,1362.0315
United Kingdom,GBR,1964,1346.8936
United Kingdom,GBR,1965,1304.2668
United Kingdom,GBR,1966,1214.5013
United Kingdom,GBR,1967,1197.4534
United Kingdom,GBR,1968,1141.4141
United Kingdom,GBR,1969,1047.3214
United Kingdom,GBR,1970,1007.19366
United Kingdom,GBR,1971,1006.88556
United Kingdom,GBR,1972,834.11896
United Kingdom,GBR,1973,903.6186
United Kingdom,GBR,1974,756.1775
United Kingdom,GBR,1975,880.99066
United Kingdom,GBR,1976,847.5656
United Kingdom,GBR,1977,836.3099
United Kingdom,GBR,1978,846.07996
United Kingdom,GBR,1979,837.80927
United Kingdom,GBR,1980,970.26807
United Kingdom,GBR,1981,907.23303
United Kingdom,GBR,1982,884.6825
United Kingdom,GBR,1983,845.45447
United Kingdom,GBR,1984,357.26196
United Kingdom,GBR,1985,657.9324
United Kingdom,GBR,1986,762.83496
United Kingdom,GBR,1987,734.88806
United Kingdom,GBR,1988,736.2139
United Kingdom,GBR,1989,708.0577
United Kingdom,GBR,1990,656.4321
United Kingdom,GBR,1991,669.3647
United Kingdom,GBR,1992,599.1078
United Kingdom,GBR,1993,483.66846
United Kingdom,GBR,1994,345.45752
United Kingdom,GBR,1995,380.89413
United Kingdom,GBR,1996,362.10464
United Kingdom,GBR,1997,352.4288
United Kingdom,GBR,1998,299.55557
United Kingdom,GBR,1999,270.04004
United Kingdom,GBR,2000,227.38368
United Kingdom,GBR,2001,232.23674
United Kingdom,GBR,2002,218.73216
United Kingdom,GBR,2003,205.10464
United Kingdom,GBR,2004,172.28691
United Kingdom,GBR,2005,140.4688
United Kingdom,GBR,2006,126.1509
United Kingdom,GBR,2007,118.18125
United Kingdom,GBR,2008,124.905525
United Kingdom,GBR,2009,121.960815
United Kingdom,GBR,2010,126.23109
United Kingdom,GBR,2011,127.4114
United Kingdom,GBR,2012,116.924576
United Kingdom,GBR,2013,88.09292
United Kingdom,GBR,2014,80.533455
United Kingdom,GBR,2015,59.48622
United Kingdom,GBR,2016,31.711803
United Kingdom,GBR,2017,22.859072
United Kingdom,GBR,2018,21.001686
United Kingdom,GBR,2019,19.717852
United Kingdom,GBR,2020,12.792069
United Kingdom,GBR,2021,8.133556
United Kingdom,GBR,2022,4.9936895
United Kingdom,GBR,2023,3.9540837
United Kingdom,GBR,2024,0.85514444
United Kingdom,GBR,2025,0.96
United States,USA,1900,1829.3949
United States,USA,1901,1989.593
United States,USA,1902,2075.749
United States,USA,1903,2424.1187
United States,USA,1904,2386.5442
United States,USA,1905,2664.0269
United States,USA,1906,2809.427
United States,USA,1907,3258.5337
United States,USA,1908,2820.8677
United States,USA,1909,3125.9277
United States,USA,1910,3402.5654
United States,USA,1911,3367.122
United States,USA,1912,3625.5447
United States,USA,1913,3866.313
United States,USA,1914,3483.4944
United States,USA,1915,3605.595
United States,USA,1916,4002.2168
United States,USA,1917,4418.011
United States,USA,1918,4600.6416
United States,USA,1919,3757.7249
United States,USA,1920,4465.3286
United States,USA,1921,3435.1226
United States,USA,1922,3235.3909
United States,USA,1923,4462.884
United States,USA,1924,3877.5366
United States,USA,1925,3947.7805
United States,USA,1926,4462.203
United States,USA,1927,4055.5688
United States,USA,1928,3907.9177
United States,USA,1929,4129.903
United States,USA,1930,3642.13
United States,USA,1931,2996.4993
United States,USA,1932,2439.1035
United States,USA,1933,2599.242
United States,USA,1934,2825.5635
United States,USA,1935,2882.2937
United States,USA,1936,3351.7502
United States,USA,1937,3376.9956
United States,USA,1938,2679.773
United States,USA,1939,3030.508
United States,USA,1940,3477.5466
United States,USA,1941,3872.6006
United States,USA,1942,4364.574
United States,USA,1943,4417.3203
United States,USA,1944,4637.3115
United States,USA,1945,4293.3154
United States,USA,1946,4052.8076
United States,USA,1947,4687.8647
United States,USA,1948,4478.1475
United States,USA,1949,3283.7114
United States,USA,1950,3827.2932
United States,USA,1951,3938.8542
United States,USA,1952,3468.0066
United States,USA,1953,3337.2664
United States,USA,1954,2876.268
United States,USA,1955,3353.9404
United States,USA,1956,3615.8494
United States,USA,1957,3534.1643
United States,USA,1958,2946.5334
United States,USA,1959,2955.269
United States,USA,1960,2967.3762
United States,USA,1961,2875.1416
United States,USA,1962,3002.4707
United States,USA,1963,3257.8489
United States,USA,1964,3442.7864
United States,USA,1965,3597.9844
United States,USA,1966,3739.1997
United States,USA,1967,3866.3818
United States,USA,1968,3813.4382
United States,USA,1969,3911.757
United States,USA,1970,4201.817
United States,USA,1971,3810.782
United States,USA,1972,4096.9478
United States,USA,1973,4075.4255
United States,USA,1974,4152.222
United States,USA,1975,4458.6724
United States,USA,1976,4669.128
United States,USA,1977,4757.189
United States,USA,1978,4510.971
United States,USA,1979,5335.7197
United States,USA,1980,5450.455
United States,USA,1981,5116.4155
United States,USA,1982,5189.361
United States,USA,1983,4801.775
United States,USA,1984,5490.1753
United States,USA,1985,5380.465
United States,USA,1986,5431.7773
United States,USA,1987,5607.636
United States,USA,1988,5773.7217
United States,USA,1989,5947.048
United States,USA,1990,6260.9277
United States,USA,1991,6023.9595
United States,USA,1992,6040.0264
United States,USA,1993,5661.8022
United States,USA,1994,6181.4487
United States,USA,1995,6161.256
United States,USA,1996,6345.179
United States,USA,1997,6489.806
United States,USA,1998,6694.6035
United States,USA,1999,6485.757
United States,USA,2000,6329.958
United States,USA,2001,6555.921
United States,USA,2002,6329.0527
United States,USA,2003,6151.262
United States,USA,2004,6362.4253
United States,USA,2005,6455.1626
United States,USA,2006,6623.418
United States,USA,2007,6540.789
United States,USA,2008,6640.64
United States,USA,2009,6020.4224
United States,USA,2010,6135.828
United States,USA,2011,6186.829
United States,USA,2012,5756.8096
United States,USA,2013,5568.7134
United States,USA,2014,5647.8955
United States,USA,2015,4996.5073
United States,USA,2016,4083.5747
United States,USA,2017,4350.379
United States,USA,2018,4277.451
United States,USA,2019,3969.0542
United States,USA,2020,2979.9624
United States,USA,2021,3228.6084
United States,USA,2022,3353.036
United States,USA,2023,3271.5413
United States,USA,2024,2945.31
United States,USA,2025,3067.0208
United States Virgin Islands,VIR,1980,0
United States Virgin Islands,VIR,1981,0
United States Virgin Islands,VIR,1982,0
United States Virgin Islands,VIR,1983,0
United States Virgin Islands,VIR,1984,0
United States Virgin Islands,VIR,1985,0
United States Virgin Islands,VIR,1986,0
United States Virgin Islands,VIR,1987,0
United States Virgin Islands,VIR,1988,0
United States Virgin Islands,VIR,1989,0
United States Virgin Islands,VIR,1990,0
United States Virgin Islands,VIR,1991,0
United States Virgin Islands,VIR,1992,0
United States Virgin Islands,VIR,1993,0
United States Virgin Islands,VIR,1994,0
United States Virgin Islands,VIR,1995,0
United States Virgin Islands,VIR,1996,0
United States Virgin Islands,VIR,1997,0
United States Virgin Islands,VIR,1998,0
United States Virgin Islands,VIR,1999,0
United States Virgin Islands,VIR,2000,0
United States Virgin Islands,VIR,2001,0
United States Virgin Islands,VIR,2002,0
United States Virgin Islands,VIR,2003,0
United States Virgin Islands,VIR,2004,0
United States Virgin Islands,VIR,2005,0
United States Virgin Islands,VIR,2006,0
United States Virgin Islands,VIR,2007,0
United States Virgin Islands,VIR,2008,0
United States Virgin Islands,VIR,2009,0
United States Virgin Islands,VIR,2010,0
United States Virgin Islands,VIR,2011,0
United States Virgin Islands,VIR,2012,0
United States Virgin Islands,VIR,2013,0
United States Virgin Islands,VIR,2014,0
United States Virgin Islands,VIR,2015,0
United States Virgin Islands,VIR,2016,0
United States Virgin Islands,VIR,2017,0
United States Virgin Islands,VIR,2018,0
United States Virgin Islands,VIR,2019,0
United States Virgin Islands,VIR,2020,0
United States Virgin Islands,VIR,2021,0
United States Virgin Islands,VIR,2022,0
United States Virgin Islands,VIR,2023,0
United States Virgin Islands,VIR,2024,0
Upper-middle-income countries,OWID_UMC,1980,10895.484
Upper-middle-income countries,OWID_UMC,1981,8749.109
Upper-middle-income countries,OWID_UMC,1982,9159.819
Upper-middle-income countries,OWID_UMC,1983,9465.4795
Upper-middle-income countries,OWID_UMC,1984,10004.794
Upper-middle-income countries,OWID_UMC,1985,8359.585
Upper-middle-income countries,OWID_UMC,1986,8602.192
Upper-middle-income countries,OWID_UMC,1987,8861.343
Upper-middle-income countries,OWID_UMC,1988,9195.599
Upper-middle-income countries,OWID_UMC,1989,9575.325
Upper-middle-income countries,OWID_UMC,1990,9663.4
Upper-middle-income countries,OWID_UMC,1991,9589.954
Upper-middle-income countries,OWID_UMC,1992,9804.552
Upper-middle-income countries,OWID_UMC,1993,9872.213
Upper-middle-income countries,OWID_UMC,1994,10346.219
Upper-middle-income countries,OWID_UMC,1995,11038.557
Upper-middle-income countries,OWID_UMC,1996,11209.222
Upper-middle-income countries,OWID_UMC,1997,11325.104
Upper-middle-income countries,OWID_UMC,1998,11075.647
Upper-middle-income countries,OWID_UMC,1999,11276.835
Upper-middle-income countries,OWID_UMC,2000,11736.408
Upper-middle-income countries,OWID_UMC,2001,12286.484
Upper-middle-income countries,OWID_UMC,2002,12878.418
Upper-middle-income countries,OWID_UMC,2003,14892.004
Upper-middle-income countries,OWID_UMC,2004,17049.955
Upper-middle-income countries,OWID_UMC,2005,18979.33
Upper-middle-income countries,OWID_UMC,2006,20409.287
Upper-middle-income countries,OWID_UMC,2007,22051.504
Upper-middle-income countries,OWID_UMC,2008,22971.514
Upper-middle-income countries,OWID_UMC,2009,23524.775
Upper-middle-income countries,OWID_UMC,2010,25228.5
Upper-middle-income countries,OWID_UMC,2011,28064.355
Upper-middle-income countries,OWID_UMC,2012,28537.402
Upper-middle-income countries,OWID_UMC,2013,29244.588
Upper-middle-income countries,OWID_UMC,2014,28648.95
Upper-middle-income countries,OWID_UMC,2015,27903.09
Upper-middle-income countries,OWID_UMC,2016,26374.229
Upper-middle-income countries,OWID_UMC,2017,27031.861
Upper-middle-income countries,OWID_UMC,2018,28626.299
Upper-middle-income countries,OWID_UMC,2019,29447.953
Upper-middle-income countries,OWID_UMC,2020,28896.064
Upper-middle-income countries,OWID_UMC,2021,29953.904
Upper-middle-income countries,OWID_UMC,2022,32545.01
Upper-middle-income countries,OWID_UMC,2023,33812.21
Upper-middle-income countries,OWID_UMC,2024,34459.902
Upper-middle-income countries,OWID_UMC,2025,34501
Uruguay,URY,1980,0
Uruguay,URY,1981,0
Uruguay,URY,1982,0
Uruguay,URY,1983,0
Uruguay,URY,1984,0
Uruguay,URY,1985,0
Uruguay,URY,1986,0
Uruguay,URY,1987,0
Uruguay,URY,1988,0
Uruguay,URY,1989,0
Uruguay,URY,1990,0
Uruguay,URY,1991,0
Uruguay,URY,1992,0
Uruguay,URY,1993,0
Uruguay,URY,1994,0
Uruguay,URY,1995,0
Uruguay,URY,1996,0
Uruguay,URY,1997,0
Uruguay,URY,1998,0
Uruguay,URY,1999,0
Uruguay,URY,2000,0
Uruguay,URY,2001,0
Uruguay,URY,2002,0
Uruguay,URY,2003,0
Uruguay,URY,2004,0
Uruguay,URY,2005,0
Uruguay,URY,2006,0
Uruguay,URY,2007,0
Uruguay,URY,2008,0
Uruguay,URY,2009,0
Uruguay,URY,2010,0
Uruguay,URY,2011,0
Uruguay,URY,2012,0
Uruguay,URY,2013,0
Uruguay,URY,2014,0
Uruguay,URY,2015,0
Uruguay,URY,2016,0
Uruguay,URY,2017,0
Uruguay,URY,2018,0
Uruguay,URY,2019,0
Uruguay,URY,2020,0
Uruguay,URY,2021,0
Uruguay,URY,2022,0
Uruguay,URY,2023,0
Uruguay,URY,2024,0
Uzbekistan,UZB,1985,17.305292
Uzbekistan,UZB,1986,19.590899
Uzbekistan,UZB,1987,16.325748
Uzbekistan,UZB,1988,17.958323
Uzbekistan,UZB,1989,20.243927
Uzbekistan,UZB,1990,21.223473
Uzbekistan,UZB,1991,19.42111
Uzbekistan,UZB,1992,15.2809
Uzbekistan,UZB,1993,12.430425
Uzbekistan,UZB,1994,12.554501
Uzbekistan,UZB,1995,9.971767
Uzbekistan,UZB,1996,9.263229
Uzbekistan,UZB,1997,9.619131
Uzbekistan,UZB,1998,9.638722
Uzbekistan,UZB,1999,9.651782
Uzbekistan,UZB,2000,8.166139
Uzbekistan,UZB,2001,8.851821
Uzbekistan,UZB,2002,8.934755
Uzbekistan,UZB,2003,6.246231
Uzbekistan,UZB,2004,8.812639
Uzbekistan,UZB,2005,9.8029585
Uzbekistan,UZB,2006,10.194777
Uzbekistan,UZB,2007,10.687815
Uzbekistan,UZB,2008,11.761068
Uzbekistan,UZB,2009,11.93151
Uzbekistan,UZB,2010,11.850534
Uzbekistan,UZB,2011,12.55386
Uzbekistan,UZB,2012,12.253911
Uzbekistan,UZB,2013,13.354527
Uzbekistan,UZB,2014,14.356276
Uzbekistan,UZB,2015,11.388744
Uzbekistan,UZB,2016,12.62715
Uzbekistan,UZB,2017,13.18673
Uzbekistan,UZB,2018,13.630042
Uzbekistan,UZB,2019,13.426262
Uzbekistan,UZB,2020,13.7611885
Uzbekistan,UZB,2021,16.685259
Uzbekistan,UZB,2022,17.6462
Uzbekistan,UZB,2023,21.628208
Uzbekistan,UZB,2024,30.253819
Uzbekistan,UZB,2025,32.81128
Vanuatu,VUT,1980,0
Vanuatu,VUT,1981,0
Vanuatu,VUT,1982,0
Vanuatu,VUT,1983,0
Vanuatu,VUT,1984,0
Vanuatu,VUT,1985,0
Vanuatu,VUT,1986,0
Vanuatu,VUT,1987,0
Vanuatu,VUT,1988,0
Vanuatu,VUT,1989,0
Vanuatu,VUT,1990,0
Vanuatu,VUT,1991,0
Vanuatu,VUT,1992,0
Vanuatu,VUT,1993,0
Vanuatu,VUT,1994,0
Vanuatu,VUT,1995,0
Vanuatu,VUT,1996,0
Vanuatu,VUT,1997,0
Vanuatu,VUT,1998,0
Vanuatu,VUT,1999,0
Vanuatu,VUT,2000,0
Vanuatu,VUT,2001,0
Vanuatu,VUT,2002,0
Vanuatu,VUT,2003,0
Vanuatu,VUT,2004,0
Vanuatu,VUT,2005,0
Vanuatu,VUT,2006,0
Vanuatu,VUT,2007,0
Vanuatu,VUT,2008,0
Vanuatu,VUT,2009,0
Vanuatu,VUT,2010,0
Vanuatu,VUT,2011,0
Vanuatu,VUT,2012,0
Vanuatu,VUT,2013,0
Vanuatu,VUT,2014,0
Vanuatu,VUT,2015,0
Vanuatu,VUT,2016,0
Vanuatu,VUT,2017,0
Vanuatu,VUT,2018,0
Vanuatu,VUT,2019,0
Vanuatu,VUT,2020,0
Vanuatu,VUT,2021,0
Vanuatu,VUT,2022,0
Vanuatu,VUT,2023,0
Vanuatu,VUT,2024,0
Venezuela,VEN,1900,0
Venezuela,VEN,1901,0
Venezuela,VEN,1902,0
Venezuela,VEN,1903,0
Venezuela,VEN,1904,0.008141
Venezuela,VEN,1905,0
Venezuela,VEN,1906,0
Venezuela,VEN,1907,0
Venezuela,VEN,1908,0.008141
Venezuela,VEN,1909,0
Venezuela,VEN,1910,0
Venezuela,VEN,1911,0
Venezuela,VEN,1912,0
Venezuela,VEN,1913,0.048846
Venezuela,VEN,1914,0.073269
Venezuela,VEN,1915,0.113974005
Venezuela,VEN,1916,0.154679
Venezuela,VEN,1917,0.16282001
Venezuela,VEN,1918,0.415191
Venezuela,VEN,1919,0.236089
Venezuela,VEN,1920,0.195384
Venezuela,VEN,1921,0.179102
Venezuela,VEN,1922,0.17096101
Venezuela,VEN,1923,0.512883
Venezuela,VEN,1924,0.415191
Venezuela,VEN,1925,0.521024
Venezuela,VEN,1926,0.317499
Venezuela,VEN,1927,0.146538
Venezuela,VEN,1928,0.146538
Venezuela,VEN,1929,0.154679
Venezuela,VEN,1930,0.073269
Venezuela,VEN,1931,0.008141
Venezuela,VEN,1932,0.008141
Venezuela,VEN,1933,0.040705003
Venezuela,VEN,1934,0.048846
Venezuela,VEN,1935,0.008141
Venezuela,VEN,1936,0.048846
Venezuela,VEN,1937,0.056987002
Venezuela,VEN,1938,0.048846
Venezuela,VEN,1939,0.024423
Venezuela,VEN,1940,0.040705003
Venezuela,VEN,1941,0.048846
Venezuela,VEN,1942,0.073269
Venezuela,VEN,1943,0.089551
Venezuela,VEN,1944,0.073269
Venezuela,VEN,1945,0.056987002
Venezuela,VEN,1946,0.032564
Venezuela,VEN,1947,0.024423
Venezuela,VEN,1948,0.024423
Venezuela,VEN,1949,0.016282
Venezuela,VEN,1950,0.008141
Venezuela,VEN,1951,0.22794801
Venezuela,VEN,1952,0.203525
Venezuela,VEN,1953,0.236089
Venezuela,VEN,1954,0.260512
Venezuela,VEN,1955,0.252371
Venezuela,VEN,1956,0.252371
Venezuela,VEN,1957,0.284935
Venezuela,VEN,1958,0.293076
Venezuela,VEN,1959,0.27679402
Venezuela,VEN,1960,0.284935
Venezuela,VEN,1961,0.252371
Venezuela,VEN,1962,0.219807
Venezuela,VEN,1963,0.34192201
Venezuela,VEN,1964,0.293076
Venezuela,VEN,1965,0.24423
Venezuela,VEN,1966,0.27679402
Venezuela,VEN,1967,0.284935
Venezuela,VEN,1968,0.252371
Venezuela,VEN,1969,0.260512
Venezuela,VEN,1970,0.32564002
Venezuela,VEN,1971,0.333781
Venezuela,VEN,1972,0.32564002
Venezuela,VEN,1973,0.40705
Venezuela,VEN,1974,0.464037
Venezuela,VEN,1975,0.48846
Venezuela,VEN,1976,0.708267
Venezuela,VEN,1977,0.98506105
Venezuela,VEN,1978,0.65942097
Venezuela,VEN,1979,0.447755
Venezuela,VEN,1980,0.36219528
Venezuela,VEN,1981,0.42449498
Venezuela,VEN,1982,0.42449498
Venezuela,VEN,1983,0.3395961
Venezuela,VEN,1984,0.42449498
Venezuela,VEN,1985,0.3395961
Venezuela,VEN,1986,0.5093939
Venezuela,VEN,1987,2.0375762
Venezuela,VEN,1988,9.084193
Venezuela,VEN,1989,17.91369
Venezuela,VEN,1990,18.253284
Venezuela,VEN,1991,20.375761
Venezuela,VEN,1992,21.054953
Venezuela,VEN,1993,33.620003
Venezuela,VEN,1994,37.695156
Venezuela,VEN,1995,36.93107
Venezuela,VEN,1996,35.48778
Venezuela,VEN,1997,44.91157
Venezuela,VEN,1998,54.844753
Venezuela,VEN,1999,55.94844
Venezuela,VEN,2000,66.90041
Venezuela,VEN,2001,65.28733
Venezuela,VEN,2002,68.76819
Venezuela,VEN,2003,59.684
Venezuela,VEN,2004,68.8302
Venezuela,VEN,2005,61.08483
Venezuela,VEN,2006,60.81816
Venezuela,VEN,2007,58.201157
Venezuela,VEN,2008,42.905445
Venezuela,VEN,2009,27.832499
Venezuela,VEN,2010,22.335398
Venezuela,VEN,2011,22.170832
Venezuela,VEN,2012,16.22251
Venezuela,VEN,2013,10.43671
Venezuela,VEN,2014,6.7973537
Venezuela,VEN,2015,6.8063273
Venezuela,VEN,2016,6.360864
Venezuela,VEN,2017,6.1131477
Venezuela,VEN,2018,5.875078
Venezuela,VEN,2019,3.3447459
Venezuela,VEN,2020,2.417411
Venezuela,VEN,2021,1.4306239
Venezuela,VEN,2022,1.373894
Venezuela,VEN,2023,4.137209
Venezuela,VEN,2024,4.7338047
Venezuela,VEN,2025,12.307892
Vietnam,VNM,1900,1.579354
Vietnam,VNM,1901,1.5386491
Vietnam,VNM,1902,1.2211499
Vietnam,VNM,1903,1.70961
Vietnam,VNM,1904,2.458582
Vietnam,VNM,1905,2.426018
Vietnam,VNM,1906,2.564415
Vietnam,VNM,1907,2.6051202
Vietnam,VNM,1908,2.824927
Vietnam,VNM,1909,3.126144
Vietnam,VNM,1910,4.062359
Vietnam,VNM,1911,3.5576172
Vietnam,VNM,1912,3.50063
Vietnam,VNM,1913,4.143769
Vietnam,VNM,1914,5.04742
Vietnam,VNM,1915,5.234663
Vietnam,VNM,1916,5.576585
Vietnam,VNM,1917,5.324214
Vietnam,VNM,1918,5.185817
Vietnam,VNM,1919,5.413765
Vietnam,VNM,1920,5.6987
Vietnam,VNM,1921,7.497861
Vietnam,VNM,1922,8.05959
Vietnam,VNM,1923,8.605037
Vietnam,VNM,1924,10.062276
Vietnam,VNM,1925,11.096183
Vietnam,VNM,1926,10.50189
Vietnam,VNM,1927,12.13823
Vietnam,VNM,1928,16.005205
Vietnam,VNM,1929,16.05405
Vietnam,VNM,1930,15.915655
Vietnam,VNM,1931,14.051366
Vietnam,VNM,1932,13.945533
Vietnam,VNM,1933,12.952332
Vietnam,VNM,1934,12.960472
Vietnam,VNM,1935,14.450274
Vietnam,VNM,1936,17.796227
Vietnam,VNM,1937,18.789429
Vietnam,VNM,1938,19.090645
Vietnam,VNM,1939,21.288715
Vietnam,VNM,1940,20.3525
Vietnam,VNM,1941,18.96039
Vietnam,VNM,1942,10.119264
Vietnam,VNM,1943,8.30382
Vietnam,VNM,1944,4.371717
Vietnam,VNM,1945,1.8805709
Vietnam,VNM,1946,2.132942
Vietnam,VNM,1947,2.1166599
Vietnam,VNM,1948,2.922619
Vietnam,VNM,1949,3.0691571
Vietnam,VNM,1950,4.094923
Vietnam,VNM,1951,5.202099
Vietnam,VNM,1952,7.2861953
Vietnam,VNM,1953,7.2210665
Vietnam,VNM,1954,8.035168
Vietnam,VNM,1955,8.9551
Vietnam,VNM,1956,9.907597
Vietnam,VNM,1957,8.938818
Vietnam,VNM,1958,14.816621
Vietnam,VNM,1959,18.089302
Vietnam,VNM,1960,21.288715
Vietnam,VNM,1961,23.250696
Vietnam,VNM,1962,28.786575
Vietnam,VNM,1963,27.82594
Vietnam,VNM,1964,28.526064
Vietnam,VNM,1965,29.120358
Vietnam,VNM,1966,28.4935
Vietnam,VNM,1967,22.7948
Vietnam,VNM,1968,24.422998
Vietnam,VNM,1969,24.422998
Vietnam,VNM,1970,24.341589
Vietnam,VNM,1971,24.341589
Vietnam,VNM,1972,16.282
Vietnam,VNM,1973,24.341589
Vietnam,VNM,1974,32.564
Vietnam,VNM,1975,42.333202
Vietnam,VNM,1976,45.5896
Vietnam,VNM,1977,50.4742
Vietnam,VNM,1978,48.845997
Vietnam,VNM,1979,44.775497
Vietnam,VNM,1980,40.105335
Vietnam,VNM,1981,39.077045
Vietnam,VNM,1982,41.0309
Vietnam,VNM,1983,41.0309
Vietnam,VNM,1984,32.564205
Vietnam,VNM,1985,36.47191
Vietnam,VNM,1986,39.72833
Vietnam,VNM,1987,41.0309
Vietnam,VNM,1988,39.72833
Vietnam,VNM,1989,33.21549
Vietnam,VNM,1990,33.21549
Vietnam,VNM,1991,33.86677
Vietnam,VNM,1992,33.86677
Vietnam,VNM,1993,42.333466
Vietnam,VNM,1994,39.33756
Vietnam,VNM,1995,54.38222
Vietnam,VNM,1996,63.975636
Vietnam,VNM,1997,74.16823
Vietnam,VNM,1998,76.017876
Vietnam,VNM,1999,62.712147
Vietnam,VNM,2000,75.607574
Vietnam,VNM,2001,87.25253
Vietnam,VNM,2002,106.86921
Vietnam,VNM,2003,125.789
Vietnam,VNM,2004,178.11969
Vietnam,VNM,2005,222.04228
Vietnam,VNM,2006,252.55495
Vietnam,VNM,2007,276.685
Vietnam,VNM,2008,259.06128
Vietnam,VNM,2009,287.073
Vietnam,VNM,2010,292.00323
Vietnam,VNM,2011,303.57004
Vietnam,VNM,2012,274.0799
Vietnam,VNM,2013,267.4433
Vietnam,VNM,2014,267.58658
Vietnam,VNM,2015,271.351
Vietnam,VNM,2016,252.27489
Vietnam,VNM,2017,250.1517
Vietnam,VNM,2018,276.04025
Vietnam,VNM,2019,302.11115
Vietnam,VNM,2020,290.462
Vietnam,VNM,2021,314.6718
Vietnam,VNM,2022,324.69574
Vietnam,VNM,2023,307.7884
Vietnam,VNM,2024,285.44888
Vietnam,VNM,2025,297.0327
West Germany,OWID_GFR,1980,923.2816
West Germany,OWID_GFR,1981,940.9981
West Germany,OWID_GFR,1982,952.75433
West Germany,OWID_GFR,1983,930.0156
West Germany,OWID_GFR,1984,948.9938
West Germany,OWID_GFR,1985,976.8056
West Germany,OWID_GFR,1986,960.00476
West Germany,OWID_GFR,1987,931.9143
West Germany,OWID_GFR,1988,924.6363
West Germany,OWID_GFR,1989,906.12994
West Germany,OWID_GFR,1990,815.08594
Western Sahara,ESH,1980,0
Western Sahara,ESH,1981,0
Western Sahara,ESH,1982,0
Western Sahara,ESH,1983,0
Western Sahara,ESH,1984,0
Western Sahara,ESH,1985,0
Western Sahara,ESH,1986,0
Western Sahara,ESH,1987,0
Western Sahara,ESH,1988,0
Western Sahara,ESH,1989,0
Western Sahara,ESH,1990,0
Western Sahara,ESH,1991,0
Western Sahara,ESH,1992,0
Western Sahara,ESH,1993,0
Western Sahara,ESH,1994,0
Western Sahara,ESH,1995,0
Western Sahara,ESH,1996,0
Western Sahara,ESH,1997,0
Western Sahara,ESH,1998,0
Western Sahara,ESH,1999,0
Western Sahara,ESH,2000,0
Western Sahara,ESH,2001,0
Western Sahara,ESH,2002,0
Western Sahara,ESH,2003,0
Western Sahara,ESH,2004,0
Western Sahara,ESH,2005,0
Western Sahara,ESH,2006,0
Western Sahara,ESH,2007,0
Western Sahara,ESH,2008,0
Western Sahara,ESH,2009,0
Western Sahara,ESH,2010,0
Western Sahara,ESH,2011,0
Western Sahara,ESH,2012,0
Western Sahara,ESH,2013,0
Western Sahara,ESH,2014,0
Western Sahara,ESH,2015,0
Western Sahara,ESH,2016,0
Western Sahara,ESH,2017,0
Western Sahara,ESH,2018,0
Western Sahara,ESH,2019,0
Western Sahara,ESH,2020,0
Western Sahara,ESH,2021,0
Western Sahara,ESH,2022,0
Western Sahara,ESH,2023,0
Western Sahara,ESH,2024,0
World,OWID_WRL,1800,97
World,OWID_WRL,1810,128
World,OWID_WRL,1820,153
World,OWID_WRL,1830,264
World,OWID_WRL,1840,356
World,OWID_WRL,1850,569
World,OWID_WRL,1860,1061
World,OWID_WRL,1870,1642
World,OWID_WRL,1880,2542
World,OWID_WRL,1890,3856
World,OWID_WRL,1900,5349.888
World,OWID_WRL,1901,5446.595
World,OWID_WRL,1902,5578.4243
World,OWID_WRL,1903,6087.2603
World,OWID_WRL,1904,6118.2417
World,OWID_WRL,1905,6596.0024
World,OWID_WRL,1906,6965.4756
World,OWID_WRL,1907,7705.012
World,OWID_WRL,1908,7322.5713
World,OWID_WRL,1909,7651.541
World,OWID_WRL,1910,8062.113
World,OWID_WRL,1911,8205.713
World,OWID_WRL,1912,8610.941
World,OWID_WRL,1913,9226.507
World,OWID_WRL,1914,8280.982
World,OWID_WRL,1915,8150.075
World,OWID_WRL,1916,8742.186
World,OWID_WRL,1917,9104.161
World,OWID_WRL,1918,8941.474
World,OWID_WRL,1919,7583.6577
World,OWID_WRL,1920,8691.727
World,OWID_WRL,1921,7258.013
World,OWID_WRL,1922,7660.614
World,OWID_WRL,1923,8922.942
World,OWID_WRL,1924,8688.874
World,OWID_WRL,1925,8710.934
World,OWID_WRL,1926,8671.808
World,OWID_WRL,1927,9344.693
World,OWID_WRL,1928,9178.925
World,OWID_WRL,1929,9761.583
World,OWID_WRL,1930,8920.001
World,OWID_WRL,1931,7866.6733
World,OWID_WRL,1932,6994.431
World,OWID_WRL,1933,7322.67
World,OWID_WRL,1934,7990.4004
World,OWID_WRL,1935,8334.596
World,OWID_WRL,1936,9155.564
World,OWID_WRL,1937,9618.815
World,OWID_WRL,1938,8974.383
World,OWID_WRL,1939,9479.81
World,OWID_WRL,1940,10455.532
World,OWID_WRL,1941,10838.009
World,OWID_WRL,1942,11023.774
World,OWID_WRL,1943,11329.403
World,OWID_WRL,1944,10878.439
World,OWID_WRL,1945,8728.483
World,OWID_WRL,1946,9398.169
World,OWID_WRL,1947,10559.623
World,OWID_WRL,1948,10910.78
World,OWID_WRL,1949,10373.65
World,OWID_WRL,1950,11332.575
World,OWID_WRL,1951,11939.019
World,OWID_WRL,1952,11870.501
World,OWID_WRL,1953,11923.185
World,OWID_WRL,1954,11769.4375
World,OWID_WRL,1955,12787.882
World,OWID_WRL,1956,13514.09
World,OWID_WRL,1957,13893.757
World,OWID_WRL,1958,14332.808
World,OWID_WRL,1959,14854.895
World,OWID_WRL,1960,15475.801
World,OWID_WRL,1961,14579.534
World,OWID_WRL,1962,14930.751
World,OWID_WRL,1963,15383.596
World,OWID_WRL,1964,16064.467
World,OWID_WRL,1965,16381.558
World,OWID_WRL,1966,16608.723
World,OWID_WRL,1967,16018.826
World,OWID_WRL,1968,16464.762
World,OWID_WRL,1969,16797.79
World,OWID_WRL,1970,17469.682
World,OWID_WRL,1971,17310.953
World,OWID_WRL,1972,17251.293
World,OWID_WRL,1973,17558.373
World,OWID_WRL,1974,17712.754
World,OWID_WRL,1975,18767.678
World,OWID_WRL,1976,19299.518
World,OWID_WRL,1977,19885.986
World,OWID_WRL,1978,20194.787
World,OWID_WRL,1979,21380.146
World,OWID_WRL,1980,23486.697
World,OWID_WRL,1981,21445.23
World,OWID_WRL,1982,22204.41
World,OWID_WRL,1983,22137.172
World,OWID_WRL,1984,23105.615
World,OWID_WRL,1985,24276.46
World,OWID_WRL,1986,24852.248
World,OWID_WRL,1987,25321.213
World,OWID_WRL,1988,25936.246
World,OWID_WRL,1989,26394.402
World,OWID_WRL,1990,26344.895
World,OWID_WRL,1991,25628.758
World,OWID_WRL,1992,25572.383
World,OWID_WRL,1993,24802.193
World,OWID_WRL,1994,25371.557
World,OWID_WRL,1995,26146.545
World,OWID_WRL,1996,26502.836
World,OWID_WRL,1997,26894.83
World,OWID_WRL,1998,26412.434
World,OWID_WRL,1999,26421.254
World,OWID_WRL,2000,26812.115
World,OWID_WRL,2001,27848.53
World,OWID_WRL,2002,28195.045
World,OWID_WRL,2003,30255.367
World,OWID_WRL,2004,32886.285
World,OWID_WRL,2005,35067.766
World,OWID_WRL,2006,36832.934
World,OWID_WRL,2007,38476.195
World,OWID_WRL,2008,39746.57
World,OWID_WRL,2009,39728.17
World,OWID_WRL,2010,41855.05
World,OWID_WRL,2011,44777.793
World,OWID_WRL,2012,45251.777
World,OWID_WRL,2013,45971.273
World,OWID_WRL,2014,45841.26
World,OWID_WRL,2015,44567.516
World,OWID_WRL,2016,42198.555
World,OWID_WRL,2017,43192.855
World,OWID_WRL,2018,45253.805
World,OWID_WRL,2019,45588.43
World,OWID_WRL,2020,43233.355
World,OWID_WRL,2021,45007.402
World,OWID_WRL,2022,48115.715
World,OWID_WRL,2023,49672.98
World,OWID_WRL,2024,50245.008
World,OWID_WRL,2025,50210.082
Yemen,YEM,1980,0
Yemen,YEM,1981,0
Yemen,YEM,1982,0
Yemen,YEM,1983,0
Yemen,YEM,1984,0
Yemen,YEM,1985,0
Yemen,YEM,1986,0
Yemen,YEM,1987,0
Yemen,YEM,1988,0
Yemen,YEM,1989,0
Yemen,YEM,1990,0
Yemen,YEM,1991,0
Yemen,YEM,1992,0
Yemen,YEM,1993,0
Yemen,YEM,1994,0
Yemen,YEM,1995,0
Yemen,YEM,1996,0
Yemen,YEM,1997,0
Yemen,YEM,1998,0
Yemen,YEM,1999,0
Yemen,YEM,2000,0
Yemen,YEM,2001,0
Yemen,YEM,2002,0
Yemen,YEM,2003,0
Yemen,YEM,2004,0
Yemen,YEM,2005,0
Yemen,YEM,2006,0
Yemen,YEM,2007,0
Yemen,YEM,2008,0
Yemen,YEM,2009,0
Yemen,YEM,2010,0
Yemen,YEM,2011,0
Yemen,YEM,2012,0
Yemen,YEM,2013,0
Yemen,YEM,2014,0
Yemen,YEM,2015,0
Yemen,YEM,2016,0
Yemen,YEM,2017,0
Yemen,YEM,2018,0
Yemen,YEM,2019,0
Yemen,YEM,2020,0
Yemen,YEM,2021,0
Yemen,YEM,2022,0
Yemen,YEM,2023,0
Yemen,YEM,2024,0
Yugoslavia,OWID_YGS,1900,1.933512
Yugoslavia,OWID_YGS,1901,2.0898519
Yugoslavia,OWID_YGS,1902,1.9475145
Yugoslavia,OWID_YGS,1903,2.1195338
Yugoslavia,OWID_YGS,1904,2.2559688
Yugoslavia,OWID_YGS,1905,2.4493747
Yugoslavia,OWID_YGS,1906,2.9392512
Yugoslavia,OWID_YGS,1907,2.9818366
Yugoslavia,OWID_YGS,1908,3.2119339
Yugoslavia,OWID_YGS,1909,3.284755
Yugoslavia,OWID_YGS,1910,3.2316513
Yugoslavia,OWID_YGS,1911,3.4873683
Yugoslavia,OWID_YGS,1912,3.5292048
Yugoslavia,OWID_YGS,1913,9.772912
Yugoslavia,OWID_YGS,1914,0
Yugoslavia,OWID_YGS,1915,0
Yugoslavia,OWID_YGS,1916,0
Yugoslavia,OWID_YGS,1917,0
Yugoslavia,OWID_YGS,1918,0
Yugoslavia,OWID_YGS,1919,6.9549785
Yugoslavia,OWID_YGS,1920,9.320289
Yugoslavia,OWID_YGS,1921,9.9318495
Yugoslavia,OWID_YGS,1922,11.93854
Yugoslavia,OWID_YGS,1923,13.3395815
Yugoslavia,OWID_YGS,1924,13.546257
Yugoslavia,OWID_YGS,1925,13.67995
Yugoslavia,OWID_YGS,1926,13.80256
Yugoslavia,OWID_YGS,1927,15.9536495
Yugoslavia,OWID_YGS,1928,17.13678
Yugoslavia,OWID_YGS,1929,19.229588
Yugoslavia,OWID_YGS,1930,17.873713
Yugoslavia,OWID_YGS,1931,16.717363
Yugoslavia,OWID_YGS,1932,15.386197
Yugoslavia,OWID_YGS,1933,14.486478
Yugoslavia,OWID_YGS,1934,14.945378
Yugoslavia,OWID_YGS,1935,15.20405
Yugoslavia,OWID_YGS,1936,15.655412
Yugoslavia,OWID_YGS,1937,17.256104
Yugoslavia,OWID_YGS,1938,19.640936
Yugoslavia,OWID_YGS,1939,20.663633
Yugoslavia,OWID_YGS,1940,21.676716
Yugoslavia,OWID_YGS,1941,0
Yugoslavia,OWID_YGS,1942,0
Yugoslavia,OWID_YGS,1943,0
Yugoslavia,OWID_YGS,1944,0
Yugoslavia,OWID_YGS,1945,12.077604
Yugoslavia,OWID_YGS,1946,24.117393
Yugoslavia,OWID_YGS,1947,33.037163
Yugoslavia,OWID_YGS,1948,37.19355
Yugoslavia,OWID_YGS,1949,42.651962
Yugoslavia,OWID_YGS,1950,44.581516
Yugoslavia,OWID_YGS,1951,41.40143
Yugoslavia,OWID_YGS,1952,41.64702
Yugoslavia,OWID_YGS,1953,38.65945
Yugoslavia,OWID_YGS,1954,46.381435
Yugoslavia,OWID_YGS,1955,51.835716
Yugoslavia,OWID_YGS,1956,58.20555
Yugoslavia,OWID_YGS,1957,60.96409
Yugoslavia,OWID_YGS,1958,63.962486
Yugoslavia,OWID_YGS,1959,70.942215
Yugoslavia,OWID_YGS,1960,75.920555
Yugoslavia,OWID_YGS,1961,80.29382
Yugoslavia,OWID_YGS,1962,81.775536
Yugoslavia,OWID_YGS,1963,90.69096
Yugoslavia,OWID_YGS,1964,97.14998
Yugoslavia,OWID_YGS,1965,98.204895
Yugoslavia,OWID_YGS,1966,95.9847
Yugoslavia,OWID_YGS,1967,86.3074
Yugoslavia,OWID_YGS,1968,86.86508
Yugoslavia,OWID_YGS,1969,85.56428
Yugoslavia,OWID_YGS,1970,91.45395
Yugoslavia,OWID_YGS,1971,99.463
Yugoslavia,OWID_YGS,1972,99.18381
Yugoslavia,OWID_YGS,1973,103.83176
Yugoslavia,OWID_YGS,1974,107.475105
Yugoslavia,OWID_YGS,1975,113.58844
Yugoslavia,OWID_YGS,1976,117.65064
Yugoslavia,OWID_YGS,1977,118.67736
Yugoslavia,OWID_YGS,1978,126.11796
Yugoslavia,OWID_YGS,1979,133.25412
Yugoslavia,OWID_YGS,1980,266.36432
Yugoslavia,OWID_YGS,1981,338.45477
Yugoslavia,OWID_YGS,1982,356.23663
Yugoslavia,OWID_YGS,1983,380.7784
Yugoslavia,OWID_YGS,1984,414.24136
Yugoslavia,OWID_YGS,1985,445.50278
Yugoslavia,OWID_YGS,1986,441.78683
Yugoslavia,OWID_YGS,1987,453.0681
Yugoslavia,OWID_YGS,1988,458.49075
Yugoslavia,OWID_YGS,1989,465.83658
Yugoslavia,OWID_YGS,1990,474.35165
Yugoslavia,OWID_YGS,1991,441.1573
Zambia,ZMB,1900,0
Zambia,ZMB,1901,0
Zambia,ZMB,1902,0
Zambia,ZMB,1903,0
Zambia,ZMB,1904,0
Zambia,ZMB,1905,0
Zambia,ZMB,1906,0
Zambia,ZMB,1907,0
Zambia,ZMB,1908,0
Zambia,ZMB,1909,0
Zambia,ZMB,1910,0
Zambia,ZMB,1911,0
Zambia,ZMB,1912,0
Zambia,ZMB,1913,0
Zambia,ZMB,1914,0
Zambia,ZMB,1915,0
Zambia,ZMB,1916,0
Zambia,ZMB,1917,0
Zambia,ZMB,1918,0
Zambia,ZMB,1919,0
Zambia,ZMB,1920,0
Zambia,ZMB,1921,0
Zambia,ZMB,1922,0
Zambia,ZMB,1923,0
Zambia,ZMB,1924,0
Zambia,ZMB,1925,0
Zambia,ZMB,1926,0
Zambia,ZMB,1927,0
Zambia,ZMB,1928,0
Zambia,ZMB,1929,0
Zambia,ZMB,1930,0
Zambia,ZMB,1931,0
Zambia,ZMB,1932,0
Zambia,ZMB,1933,0
Zambia,ZMB,1934,0
Zambia,ZMB,1935,0
Zambia,ZMB,1936,0
Zambia,ZMB,1937,0
Zambia,ZMB,1938,0
Zambia,ZMB,1939,0
Zambia,ZMB,1940,0
Zambia,ZMB,1941,0
Zambia,ZMB,1942,0
Zambia,ZMB,1943,0
Zambia,ZMB,1944,0
Zambia,ZMB,1945,0
Zambia,ZMB,1946,0
Zambia,ZMB,1947,0
Zambia,ZMB,1948,0
Zambia,ZMB,1949,0
Zambia,ZMB,1950,0
Zambia,ZMB,1951,0
Zambia,ZMB,1952,0
Zambia,ZMB,1953,0
Zambia,ZMB,1954,0
Zambia,ZMB,1955,0
Zambia,ZMB,1956,0
Zambia,ZMB,1957,0
Zambia,ZMB,1958,0
Zambia,ZMB,1959,0
Zambia,ZMB,1960,0
Zambia,ZMB,1961,0
Zambia,ZMB,1962,0
Zambia,ZMB,1963,0
Zambia,ZMB,1964,0
Zambia,ZMB,1965,0
Zambia,ZMB,1966,0.80981785
Zambia,ZMB,1967,2.7382822
Zambia,ZMB,1968,3.9324203
Zambia,ZMB,1969,2.7245564
Zambia,ZMB,1970,4.2755637
Zambia,ZMB,1971,5.600096
Zambia,ZMB,1972,6.588349
Zambia,ZMB,1973,6.42364
Zambia,ZMB,1974,5.600096
Zambia,ZMB,1975,5.5863705
Zambia,ZMB,1976,5.3804846
Zambia,ZMB,1977,4.858907
Zambia,ZMB,1978,4.2206607
Zambia,ZMB,1979,4.110855
Zambia,ZMB,1980,4.085671
Zambia,ZMB,1981,3.6421247
Zambia,ZMB,1982,4.3392177
Zambia,ZMB,1983,3.2501395
Zambia,ZMB,1984,3.6847506
Zambia,ZMB,1985,3.6582534
Zambia,ZMB,1986,3.9566116
Zambia,ZMB,1987,3.317707
Zambia,ZMB,1988,3.752053
Zambia,ZMB,1989,2.9414706
Zambia,ZMB,1990,3.2697306
Zambia,ZMB,1991,3.59799
Zambia,ZMB,1992,3.7092078
Zambia,ZMB,1993,4.465477
Zambia,ZMB,1994,3.8594472
Zambia,ZMB,1995,2.1672132
Zambia,ZMB,1996,1.8754044
Zambia,ZMB,1997,1.96254
Zambia,ZMB,1998,2.3418212
Zambia,ZMB,1999,2.075026
Zambia,ZMB,2000,1.62764
Zambia,ZMB,2001,1.6571318
Zambia,ZMB,2002,1.4089088
Zambia,ZMB,2003,1.4365311
Zambia,ZMB,2004,1.5145327
Zambia,ZMB,2005,1.0747755
Zambia,ZMB,2006,0.45857087
Zambia,ZMB,2007,0.10031238
Zambia,ZMB,2008,0.025078095
Zambia,ZMB,2009,0
Zambia,ZMB,2010,0
Zambia,ZMB,2011,0
Zambia,ZMB,2012,0.64486533
Zambia,ZMB,2013,1.0690509
Zambia,ZMB,2014,1.1410123
Zambia,ZMB,2015,1.1786957
Zambia,ZMB,2016,2.364308
Zambia,ZMB,2017,5.7518272
Zambia,ZMB,2018,8.474728
Zambia,ZMB,2019,7.191441
Zambia,ZMB,2020,8.049478
Zambia,ZMB,2021,7.9378557
Zambia,ZMB,2022,5.69182
Zambia,ZMB,2023,14.336221
Zambia,ZMB,2024,13.857294
Zimbabwe,ZWE,1900,0
Zimbabwe,ZWE,1901,0
Zimbabwe,ZWE,1902,0
Zimbabwe,ZWE,1903,0.350063
Zimbabwe,ZWE,1904,0.439614
Zimbabwe,ZWE,1905,0.716408
Zimbabwe,ZWE,1906,0.773395
Zimbabwe,ZWE,1907,0.854805
Zimbabwe,ZWE,1908,1.213009
Zimbabwe,ZWE,1909,1.261855
Zimbabwe,ZWE,1910,1.326983
Zimbabwe,ZWE,1911,1.5712131
Zimbabwe,ZWE,1912,1.595636
Zimbabwe,ZWE,1913,1.79102
Zimbabwe,ZWE,1914,2.580697
Zimbabwe,ZWE,1915,3.028452
Zimbabwe,ZWE,1916,3.630886
Zimbabwe,ZWE,1917,4.054218
Zimbabwe,ZWE,1918,3.622745
Zimbabwe,ZWE,1919,3.7692828
Zimbabwe,ZWE,1920,4.265884
Zimbabwe,ZWE,1921,4.249602
Zimbabwe,ZWE,1922,3.809988
Zimbabwe,ZWE,1923,4.55896
Zimbabwe,ZWE,1924,4.8113313
Zimbabwe,ZWE,1925,5.609149
Zimbabwe,ZWE,1926,7.123375
Zimbabwe,ZWE,1927,7.4001694
Zimbabwe,ZWE,1928,8.914395
Zimbabwe,ZWE,1929,8.442217
Zimbabwe,ZWE,1930,7.644399
Zimbabwe,ZWE,1931,4.778767
Zimbabwe,ZWE,1932,3.565758
Zimbabwe,ZWE,1933,3.9402442
Zimbabwe,ZWE,1934,5.234663
Zimbabwe,ZWE,1935,5.6579947
Zimbabwe,ZWE,1936,5.739405
Zimbabwe,ZWE,1937,8.38523
Zimbabwe,ZWE,1938,8.499204
Zimbabwe,ZWE,1939,9.101638
Zimbabwe,ZWE,1940,10.510031
Zimbabwe,ZWE,1941,11.495091
Zimbabwe,ZWE,1942,12.69996
Zimbabwe,ZWE,1943,14.48284
Zimbabwe,ZWE,1944,14.718927
Zimbabwe,ZWE,1945,13.587329
Zimbabwe,ZWE,1946,13.131433
Zimbabwe,ZWE,1947,12.2766285
Zimbabwe,ZWE,1948,13.807136
Zimbabwe,ZWE,1949,15.614438
Zimbabwe,ZWE,1950,17.324047
Zimbabwe,ZWE,1951,18.7243
Zimbabwe,ZWE,1952,20.832819
Zimbabwe,ZWE,1953,21.32128
Zimbabwe,ZWE,1954,22.371468
Zimbabwe,ZWE,1955,26.987413
Zimbabwe,ZWE,1956,28.933113
Zimbabwe,ZWE,1957,31.367271
Zimbabwe,ZWE,1958,28.778435
Zimbabwe,ZWE,1959,30.602018
Zimbabwe,ZWE,1960,2.922619
Zimbabwe,ZWE,1961,25.017292
Zimbabwe,ZWE,1962,23.006466
Zimbabwe,ZWE,1963,22.30634
Zimbabwe,ZWE,1964,24.781204
Zimbabwe,ZWE,1965,28.566769
Zimbabwe,ZWE,1966,27.614271
Zimbabwe,ZWE,1967,24.911459
Zimbabwe,ZWE,1968,26.645493
Zimbabwe,ZWE,1969,27.125813
Zimbabwe,ZWE,1970,28.65632
Zimbabwe,ZWE,1971,27.35376
Zimbabwe,ZWE,1972,23.674026
Zimbabwe,ZWE,1973,28.786575
Zimbabwe,ZWE,1974,25.277805
Zimbabwe,ZWE,1975,26.8653
Zimbabwe,ZWE,1976,29.250612
Zimbabwe,ZWE,1977,24.65909
Zimbabwe,ZWE,1978,24.952164
Zimbabwe,ZWE,1979,25.953508
Zimbabwe,ZWE,1980,20.042562
Zimbabwe,ZWE,1981,21.522198
Zimbabwe,ZWE,1982,20.772297
Zimbabwe,ZWE,1983,24.97175
Zimbabwe,ZWE,1984,23.321964
Zimbabwe,ZWE,1985,23.321964
Zimbabwe,ZWE,1986,30.371048
Zimbabwe,ZWE,1987,36.220287
Zimbabwe,ZWE,1988,38.020054
Zimbabwe,ZWE,1989,38.32001
Zimbabwe,ZWE,1990,41.24463
Zimbabwe,ZWE,1991,42.144516
Zimbabwe,ZWE,1992,41.619583
Zimbabwe,ZWE,1993,39.669838
Zimbabwe,ZWE,1994,41.01966
Zimbabwe,ZWE,1995,41.544594
Zimbabwe,ZWE,1996,38.769955
Zimbabwe,ZWE,1997,39.744827
Zimbabwe,ZWE,1998,41.01966
Zimbabwe,ZWE,1999,37.345142
Zimbabwe,ZWE,2000,33.070694
Zimbabwe,ZWE,2001,33.831448
Zimbabwe,ZWE,2002,29.532469
Zimbabwe,ZWE,2003,21.179958
Zimbabwe,ZWE,2004,28.478811
Zimbabwe,ZWE,2005,25.277906
Zimbabwe,ZWE,2006,15.801306
Zimbabwe,ZWE,2007,15.5996275
Zimbabwe,ZWE,2008,11.316627
Zimbabwe,ZWE,2009,12.5034685
Zimbabwe,ZWE,2010,20.008768
Zimbabwe,ZWE,2011,19.212906
Zimbabwe,ZWE,2012,11.950444
Zimbabwe,ZWE,2013,23.35346
Zimbabwe,ZWE,2014,43.363857
Zimbabwe,ZWE,2015,32.517216
Zimbabwe,ZWE,2016,20.260256
Zimbabwe,ZWE,2017,21.957142
Zimbabwe,ZWE,2018,25.104963
Zimbabwe,ZWE,2019,19.700018
Zimbabwe,ZWE,2020,20.291876
Zimbabwe,ZWE,2021,24.290953
Zimbabwe,ZWE,2022,29.553642
Zimbabwe,ZWE,2023,37.412743
Zimbabwe,ZWE,2024,43.47612
Zimbabwe,ZWE,2025,53.575928