Entity,Code,Year,Oil
Afghanistan,AFG,1980,4.2859
Afghanistan,AFG,1981,4.8847885
Afghanistan,AFG,1982,4.762669
Afghanistan,AFG,1983,6.7165847
Afghanistan,AFG,1984,6.734986
Afghanistan,AFG,1985,7.9377813
Afghanistan,AFG,1986,8.302632
Afghanistan,AFG,1987,8.403846
Afghanistan,AFG,1988,8.022714
Afghanistan,AFG,1989,8.117663
Afghanistan,AFG,1990,8.240626
Afghanistan,AFG,1991,7.739571
Afghanistan,AFG,1992,4.3034306
Afghanistan,AFG,1993,4.29174
Afghanistan,AFG,1994,3.9898891
Afghanistan,AFG,1995,3.8669262
Afghanistan,AFG,1996,3.5712037
Afghanistan,AFG,1997,3.3696518
Afghanistan,AFG,1998,3.2511492
Afghanistan,AFG,1999,3.2511542
Afghanistan,AFG,2000,2.3824072
Afghanistan,AFG,2001,2.3554215
Afghanistan,AFG,2002,2.0034454
Afghanistan,AFG,2003,2.8078094
Afghanistan,AFG,2004,2.627551
Afghanistan,AFG,2005,3.9011488
Afghanistan,AFG,2006,5.0312114
Afghanistan,AFG,2007,5.346176
Afghanistan,AFG,2008,12.174625
Afghanistan,AFG,2009,21.191074
Afghanistan,AFG,2010,25.05577
Afghanistan,AFG,2011,32.47272
Afghanistan,AFG,2012,28.8222
Afghanistan,AFG,2013,20.50037
Afghanistan,AFG,2014,16.202448
Afghanistan,AFG,2015,20.490437
Afghanistan,AFG,2016,15.098299
Afghanistan,AFG,2017,22.706652
Afghanistan,AFG,2018,31.93641
Afghanistan,AFG,2019,32.071632
Afghanistan,AFG,2020,33.705437
Afghanistan,AFG,2021,30.719366
Afghanistan,AFG,2022,29.429451
Afghanistan,AFG,2023,30.300816
Afghanistan,AFG,2024,31.11165
Africa,OWID_AFR,1965,338.85812
Africa,OWID_AFR,1966,367.16812
Africa,OWID_AFR,1967,365.8956
Africa,OWID_AFR,1968,387.0882
Africa,OWID_AFR,1969,394.81042
Africa,OWID_AFR,1970,431.64172
Africa,OWID_AFR,1971,469.45273
Africa,OWID_AFR,1972,506.73788
Africa,OWID_AFR,1973,546.73883
Africa,OWID_AFR,1974,567.4044
Africa,OWID_AFR,1975,595.0118
Africa,OWID_AFR,1976,647.81085
Africa,OWID_AFR,1977,690.0981
Africa,OWID_AFR,1978,727.7004
Africa,OWID_AFR,1979,766.39417
Africa,OWID_AFR,1980,814.0388
Africa,OWID_AFR,1981,883.0204
Africa,OWID_AFR,1982,925.7046
Africa,OWID_AFR,1983,966.0437
Africa,OWID_AFR,1984,979.2804
Africa,OWID_AFR,1985,1004.6076
Africa,OWID_AFR,1986,983.8385
Africa,OWID_AFR,1987,1041.7902
Africa,OWID_AFR,1988,1083.8152
Africa,OWID_AFR,1989,1120.848
Africa,OWID_AFR,1990,1143.796
Africa,OWID_AFR,1991,1148.4701
Africa,OWID_AFR,1992,1164.7842
Africa,OWID_AFR,1993,1173.7748
Africa,OWID_AFR,1994,1215.453
Africa,OWID_AFR,1995,1257.6758
Africa,OWID_AFR,1996,1285.6095
Africa,OWID_AFR,1997,1325.1174
Africa,OWID_AFR,1998,1353.4628
Africa,OWID_AFR,1999,1403.8289
Africa,OWID_AFR,2000,1410.0631
Africa,OWID_AFR,2001,1432.0621
Africa,OWID_AFR,2002,1461.6769
Africa,OWID_AFR,2003,1497.0597
Africa,OWID_AFR,2004,1567.4858
Africa,OWID_AFR,2005,1641.8988
Africa,OWID_AFR,2006,1631.5305
Africa,OWID_AFR,2007,1700.3245
Africa,OWID_AFR,2008,1783.911
Africa,OWID_AFR,2009,1851.2504
Africa,OWID_AFR,2010,1936.0109
Africa,OWID_AFR,2011,1954.3744
Africa,OWID_AFR,2012,2099.953
Africa,OWID_AFR,2013,2200.9258
Africa,OWID_AFR,2014,2254.561
Africa,OWID_AFR,2015,2318.9094
Africa,OWID_AFR,2016,2322.5474
Africa,OWID_AFR,2017,2339.5496
Africa,OWID_AFR,2018,2338.1863
Africa,OWID_AFR,2019,2367.9683
Africa,OWID_AFR,2020,2141.078
Africa,OWID_AFR,2021,2317.8254
Africa,OWID_AFR,2022,2462.5786
Africa,OWID_AFR,2023,2463.023
Africa,OWID_AFR,2024,2516.7102
Africa,OWID_AFR,2025,2608.301
Africa (EI),,1965,338.85812
Africa (EI),,1966,367.16812
Africa (EI),,1967,365.8956
Africa (EI),,1968,387.0882
Africa (EI),,1969,394.81042
Africa (EI),,1970,431.64172
Africa (EI),,1971,469.45273
Africa (EI),,1972,506.73788
Africa (EI),,1973,546.73883
Africa (EI),,1974,567.4044
Africa (EI),,1975,595.0118
Africa (EI),,1976,647.81085
Africa (EI),,1977,690.0981
Africa (EI),,1978,727.7004
Africa (EI),,1979,766.39417
Africa (EI),,1980,814.0388
Africa (EI),,1981,883.0204
Africa (EI),,1982,925.7046
Africa (EI),,1983,966.0437
Africa (EI),,1984,979.2804
Africa (EI),,1985,1004.6076
Africa (EI),,1986,983.8385
Africa (EI),,1987,1041.7902
Africa (EI),,1988,1083.8152
Africa (EI),,1989,1120.848
Africa (EI),,1990,1143.796
Africa (EI),,1991,1148.4701
Africa (EI),,1992,1164.7842
Africa (EI),,1993,1173.7748
Africa (EI),,1994,1215.453
Africa (EI),,1995,1257.6758
Africa (EI),,1996,1285.6095
Africa (EI),,1997,1325.1174
Africa (EI),,1998,1353.4628
Africa (EI),,1999,1403.8289
Africa (EI),,2000,1410.0631
Africa (EI),,2001,1432.0621
Africa (EI),,2002,1461.6769
Africa (EI),,2003,1497.0597
Africa (EI),,2004,1567.4858
Africa (EI),,2005,1641.8988
Africa (EI),,2006,1631.5305
Africa (EI),,2007,1700.3245
Africa (EI),,2008,1783.911
Africa (EI),,2009,1851.2504
Africa (EI),,2010,1936.0109
Africa (EI),,2011,1954.3744
Africa (EI),,2012,2099.953
Africa (EI),,2013,2200.9258
Africa (EI),,2014,2254.561
Africa (EI),,2015,2318.9094
Africa (EI),,2016,2322.5474
Africa (EI),,2017,2339.5496
Africa (EI),,2018,2338.1863
Africa (EI),,2019,2367.9683
Africa (EI),,2020,2141.078
Africa (EI),,2021,2317.8254
Africa (EI),,2022,2462.5786
Africa (EI),,2023,2463.023
Africa (EI),,2024,2516.7102
Africa (EI),,2025,2608.301
Albania,ALB,1980,29.10116
Albania,ALB,1981,27.759838
Albania,ALB,1982,27.128931
Albania,ALB,1983,27.759838
Albania,ALB,1984,27.203257
Albania,ALB,1985,26.498026
Albania,ALB,1986,24.163675
Albania,ALB,1987,21.384476
Albania,ALB,1988,19.970306
Albania,ALB,1989,17.016638
Albania,ALB,1990,12.606206
Albania,ALB,1991,11.296186
Albania,ALB,1992,12.834069
Albania,ALB,1993,10.444955
Albania,ALB,1994,8.130452
Albania,ALB,1995,9.127799
Albania,ALB,1996,7.2004
Albania,ALB,1997,7.494845
Albania,ALB,1998,9.088005
Albania,ALB,1999,5.5981584
Albania,ALB,2000,13.4112835
Albania,ALB,2001,14.1556225
Albania,ALB,2002,16.386942
Albania,ALB,2003,16.56805
Albania,ALB,2004,18.537327
Albania,ALB,2005,18.49157
Albania,ALB,2006,17.1645
Albania,ALB,2007,16.745596
Albania,ALB,2008,16.551376
Albania,ALB,2009,15.956435
Albania,ALB,2010,15.434184
Albania,ALB,2011,15.287261
Albania,ALB,2012,13.487335
Albania,ALB,2013,16.105867
Albania,ALB,2014,16.64807
Albania,ALB,2015,15.556228
Albania,ALB,2016,16.069086
Albania,ALB,2017,20.57333
Albania,ALB,2018,18.912243
Albania,ALB,2019,15.286083
Albania,ALB,2020,11.601376
Albania,ALB,2021,14.539432
Albania,ALB,2022,15.324721
Albania,ALB,2023,14.099795
Albania,ALB,2024,14.35463
Algeria,DZA,1965,15.4052515
Algeria,DZA,1966,20.272705
Algeria,DZA,1967,18.942032
Algeria,DZA,1968,20.167301
Algeria,DZA,1969,21.305931
Algeria,DZA,1970,24.34768
Algeria,DZA,1971,27.44005
Algeria,DZA,1972,30.121414
Algeria,DZA,1973,32.900345
Algeria,DZA,1974,36.54384
Algeria,DZA,1975,40.63067
Algeria,DZA,1976,46.71773
Algeria,DZA,1977,52.806496
Algeria,DZA,1978,54.607944
Algeria,DZA,1979,65.31862
Algeria,DZA,1980,66.20243
Algeria,DZA,1981,71.323074
Algeria,DZA,1982,75.57342
Algeria,DZA,1983,84.89242
Algeria,DZA,1984,94.00201
Algeria,DZA,1985,96.5538
Algeria,DZA,1986,98.021255
Algeria,DZA,1987,99.10052
Algeria,DZA,1988,99.1726
Algeria,DZA,1989,103.93666
Algeria,DZA,1990,111.811615
Algeria,DZA,1991,110.627785
Algeria,DZA,1992,111.292656
Algeria,DZA,1993,110.754875
Algeria,DZA,1994,106.050896
Algeria,DZA,1995,103.14229
Algeria,DZA,1996,98.42208
Algeria,DZA,1997,97.64342
Algeria,DZA,1998,100.65875
Algeria,DZA,1999,98.898346
Algeria,DZA,2000,103.13248
Algeria,DZA,2001,106.77533
Algeria,DZA,2002,118.397224
Algeria,DZA,2003,123.17412
Algeria,DZA,2004,128.74683
Algeria,DZA,2005,134.21338
Algeria,DZA,2006,139.84572
Algeria,DZA,2007,156.39
Algeria,DZA,2008,169.91591
Algeria,DZA,2009,180.13443
Algeria,DZA,2010,181.61191
Algeria,DZA,2011,192.22765
Algeria,DZA,2012,204.39526
Algeria,DZA,2013,213.57639
Algeria,DZA,2014,221.92514
Algeria,DZA,2015,236.14848
Algeria,DZA,2016,229.56384
Algeria,DZA,2017,225.51212
Algeria,DZA,2018,227.7859
Algeria,DZA,2019,236.9513
Algeria,DZA,2020,211.92545
Algeria,DZA,2021,221.2037
Algeria,DZA,2022,226.91005
Algeria,DZA,2023,238.2033
Algeria,DZA,2024,250.97054
Algeria,DZA,2025,254.94444
American Samoa,ASM,1980,1.7271008
American Samoa,ASM,1981,2.0299501
American Samoa,ASM,1982,2.8296273
American Samoa,ASM,1983,1.7838955
American Samoa,ASM,1984,2.0355117
American Samoa,ASM,1985,1.9069228
American Samoa,ASM,1986,1.9684364
American Samoa,ASM,1987,2.0435872
American Samoa,ASM,1988,1.9866744
American Samoa,ASM,1989,2.2877688
American Samoa,ASM,1990,2.4062712
American Samoa,ASM,1991,2.4062712
American Samoa,ASM,1992,2.4751372
American Samoa,ASM,1993,2.4079292
American Samoa,ASM,1994,2.3456187
American Samoa,ASM,1995,2.283308
American Samoa,ASM,1996,2.289356
American Samoa,ASM,1997,2.3456187
American Samoa,ASM,1998,2.3456187
American Samoa,ASM,1999,2.3456216
American Samoa,ASM,2000,2.296828
American Samoa,ASM,2001,2.296828
American Samoa,ASM,2002,2.3349886
American Samoa,ASM,2003,2.3349886
American Samoa,ASM,2004,2.3349886
American Samoa,ASM,2005,2.4804015
American Samoa,ASM,2006,2.5224497
American Samoa,ASM,2007,2.5224497
American Samoa,ASM,2008,2.5293605
American Samoa,ASM,2009,2.5224497
American Samoa,ASM,2010,2.370842
American Samoa,ASM,2011,1.9713248
American Samoa,ASM,2012,1.9818337
American Samoa,ASM,2013,1.9700513
American Samoa,ASM,2014,1.867285
American Samoa,ASM,2015,1.867285
American Samoa,ASM,2016,1.8724009
American Samoa,ASM,2017,1.867285
American Samoa,ASM,2018,1.8674092
American Samoa,ASM,2019,1.8750504
American Samoa,ASM,2020,1.8180408
American Samoa,ASM,2021,1.8473486
American Samoa,ASM,2022,1.8473365
American Samoa,ASM,2023,1.8810208
American Samoa,ASM,2024,2.3126647
Angola,AGO,1980,12.668907
Angola,AGO,1981,12.634294
Angola,AGO,1982,13.266007
Angola,AGO,1983,13.897722
Angola,AGO,1984,12.035462
Angola,AGO,1985,15.792867
Angola,AGO,1986,15.034808
Angola,AGO,1987,15.095194
Angola,AGO,1988,15.191459
Angola,AGO,1989,15.333568
Angola,AGO,1990,15.312356
Angola,AGO,1991,16.130447
Angola,AGO,1992,16.11541
Angola,AGO,1993,15.630958
Angola,AGO,1994,15.456264
Angola,AGO,1995,16.734545
Angola,AGO,1996,15.660074
Angola,AGO,1997,18.755482
Angola,AGO,1998,15.3527155
Angola,AGO,1999,18.930305
Angola,AGO,2000,23.571772
Angola,AGO,2001,26.441238
Angola,AGO,2002,27.452906
Angola,AGO,2003,30.975672
Angola,AGO,2004,32.862694
Angola,AGO,2005,25.748016
Angola,AGO,2006,34.42595
Angola,AGO,2007,40.69995
Angola,AGO,2008,50.30701
Angola,AGO,2009,59.58632
Angola,AGO,2010,64.71451
Angola,AGO,2011,67.72304
Angola,AGO,2012,72.38069
Angola,AGO,2013,84.260414
Angola,AGO,2014,95.61564
Angola,AGO,2015,94.70247
Angola,AGO,2016,82.004944
Angola,AGO,2017,67.263824
Angola,AGO,2018,70.98105
Angola,AGO,2019,72.043816
Angola,AGO,2020,51.694687
Angola,AGO,2021,61.673256
Angola,AGO,2022,71.53464
Angola,AGO,2023,74.19593
Angola,AGO,2024,75.94482
Antarctica,ATA,1980,0.6248129
Antarctica,ATA,1981,0.6231057
Antarctica,ATA,1982,0.6231057
Antarctica,ATA,1983,0.6231057
Antarctica,ATA,1984,0.8122567
Antarctica,ATA,1985,0.872348
Antarctica,ATA,1986,0.8100375
Antarctica,ATA,1987,0.8100375
Antarctica,ATA,1988,0.87473804
Antarctica,ATA,1989,0.8100375
Antarctica,ATA,1990,0.872348
Antarctica,ATA,1991,0.872348
Antarctica,ATA,1992,0.87473804
Antarctica,ATA,1993,0.872348
Antarctica,ATA,1994,0.872348
Antarctica,ATA,1995,0.9346586
Antarctica,ATA,1996,0.93721926
Antarctica,ATA,1997,0.9346586
Antarctica,ATA,1998,0.9346586
Antarctica,ATA,1999,0.9346586
Antarctica,ATA,2000,0.92967373
Antarctica,ATA,2001,0.9551442
Antarctica,ATA,2002,0.9551442
Antarctica,ATA,2003,0.9551442
Antarctica,ATA,2004,0.96787953
Antarctica,ATA,2005,0.96787953
Antarctica,ATA,2006,0.96787953
Antarctica,ATA,2007,0.9806148
Antarctica,ATA,2008,0.0434944
Antarctica,ATA,2009,0.05595284
Antarctica,ATA,2010,0.05595284
Antarctica,ATA,2011,0.05595284
Antarctica,ATA,2012,0.0561058
Antarctica,ATA,2013,0.05595284
Antarctica,ATA,2014,0.05595284
Antarctica,ATA,2015,0.055510722
Antarctica,ATA,2016,0.055462413
Antarctica,ATA,2017,0.054660268
Antarctica,ATA,2018,0.054660268
Antarctica,ATA,2019,0.0546603
Antarctica,ATA,2020,0.046015892
Antarctica,ATA,2021,0.04896607
Antarctica,ATA,2022,0.051561475
Antarctica,ATA,2023,0.050815593
Antarctica,ATA,2024,0.050815593
Antigua and Barbuda,ATG,1980,1.7012352
Antigua and Barbuda,ATG,1981,1.5148098
Antigua and Barbuda,ATG,1982,2.0601413
Antigua and Barbuda,ATG,1983,1.2118478
Antigua and Barbuda,ATG,1984,1.3366847
Antigua and Barbuda,ATG,1985,1.3330326
Antigua and Barbuda,ATG,1986,1.3552761
Antigua and Barbuda,ATG,1987,1.6868927
Antigua and Barbuda,ATG,1988,1.6914043
Antigua and Barbuda,ATG,1989,1.6868927
Antigua and Barbuda,ATG,1990,1.7492034
Antigua and Barbuda,ATG,1991,1.7430847
Antigua and Barbuda,ATG,1992,1.7477502
Antigua and Barbuda,ATG,1993,1.7430847
Antigua and Barbuda,ATG,1994,1.8660479
Antigua and Barbuda,ATG,1995,1.9894923
Antigua and Barbuda,ATG,1996,1.9948328
Antigua and Barbuda,ATG,1997,2.050145
Antigua and Barbuda,ATG,1998,2.050145
Antigua and Barbuda,ATG,1999,2.0501504
Antigua and Barbuda,ATG,2000,2.1362836
Antigua and Barbuda,ATG,2001,2.1362836
Antigua and Barbuda,ATG,2002,2.2902532
Antigua and Barbuda,ATG,2003,2.40722
Antigua and Barbuda,ATG,2004,2.4967198
Antigua and Barbuda,ATG,2005,2.5349035
Antigua and Barbuda,ATG,2006,2.6126008
Antigua and Barbuda,ATG,2007,2.7379868
Antigua and Barbuda,ATG,2008,2.8008583
Antigua and Barbuda,ATG,2009,2.934522
Antigua and Barbuda,ATG,2010,2.8368182
Antigua and Barbuda,ATG,2011,2.827989
Antigua and Barbuda,ATG,2012,2.9062843
Antigua and Barbuda,ATG,2013,2.9062843
Antigua and Barbuda,ATG,2014,2.9715793
Antigua and Barbuda,ATG,2015,3.0287225
Antigua and Barbuda,ATG,2016,3.0741198
Antigua and Barbuda,ATG,2017,2.92091
Antigua and Barbuda,ATG,2018,2.9074352
Antigua and Barbuda,ATG,2019,3.0137084
Antigua and Barbuda,ATG,2020,2.9083903
Antigua and Barbuda,ATG,2021,3.0210998
Antigua and Barbuda,ATG,2022,3.0314305
Antigua and Barbuda,ATG,2023,3.0634835
Antigua and Barbuda,ATG,2024,3.0912979
Argentina,ARG,1965,275.2159
Argentina,ARG,1966,283.8763
Argentina,ARG,1967,290.73495
Argentina,ARG,1968,296.7972
Argentina,ARG,1969,308.01144
Argentina,ARG,1970,278.4355
Argentina,ARG,1971,296.50113
Argentina,ARG,1972,295.18622
Argentina,ARG,1973,297.19867
Argentina,ARG,1974,297.124
Argentina,ARG,1975,280.82806
Argentina,ARG,1976,290.2354
Argentina,ARG,1977,305.6577
Argentina,ARG,1978,299.6695
Argentina,ARG,1979,320.9211
Argentina,ARG,1980,298.28055
Argentina,ARG,1981,279.43146
Argentina,ARG,1982,268.86057
Argentina,ARG,1983,273.41653
Argentina,ARG,1984,260.50323
Argentina,ARG,1985,241.9803
Argentina,ARG,1986,250.56905
Argentina,ARG,1987,267.40317
Argentina,ARG,1988,269.00543
Argentina,ARG,1989,247.01988
Argentina,ARG,1990,230.57684
Argentina,ARG,1991,241.39496
Argentina,ARG,1992,253.73552
Argentina,ARG,1993,248.76807
Argentina,ARG,1994,263.91055
Argentina,ARG,1995,261.95877
Argentina,ARG,1996,261.80048
Argentina,ARG,1997,279.52618
Argentina,ARG,1998,289.11743
Argentina,ARG,1999,296.58893
Argentina,ARG,2000,269.79562
Argentina,ARG,2001,250.16501
Argentina,ARG,2002,236.54623
Argentina,ARG,2003,240.75447
Argentina,ARG,2004,261.0261
Argentina,ARG,2005,272.52386
Argentina,ARG,2006,286.84134
Argentina,ARG,2007,316.03925
Argentina,ARG,2008,318.08936
Argentina,ARG,2009,301.67108
Argentina,ARG,2010,325.73422
Argentina,ARG,2011,338.19656
Argentina,ARG,2012,357.07565
Argentina,ARG,2013,363.5991
Argentina,ARG,2014,363.40585
Argentina,ARG,2015,365.43198
Argentina,ARG,2016,362.9781
Argentina,ARG,2017,347.88007
Argentina,ARG,2018,333.50388
Argentina,ARG,2019,313.8189
Argentina,ARG,2020,281.8843
Argentina,ARG,2021,337.2493
Argentina,ARG,2022,373.62296
Argentina,ARG,2023,358.63843
Argentina,ARG,2024,328.87518
Argentina,ARG,2025,326.23093
Armenia,ARM,1992,27.185635
Armenia,ARM,1993,15.331856
Armenia,ARM,1994,11.163218
Armenia,ARM,1995,15.304288
Armenia,ARM,1996,17.78833
Armenia,ARM,1997,18.50259
Armenia,ARM,1998,19.926107
Armenia,ARM,1999,2.8329709
Armenia,ARM,2000,4.4383135
Armenia,ARM,2001,4.3449106
Armenia,ARM,2002,4.132201
Armenia,ARM,2003,4.304666
Armenia,ARM,2004,4.5046196
Armenia,ARM,2005,5.1956925
Armenia,ARM,2006,4.8947167
Armenia,ARM,2007,5.3280654
Armenia,ARM,2008,5.686261
Armenia,ARM,2009,4.968699
Armenia,ARM,2010,5.301331
Armenia,ARM,2011,5.0165486
Armenia,ARM,2012,5.1938753
Armenia,ARM,2013,4.6185455
Armenia,ARM,2014,4.6003227
Armenia,ARM,2015,4.880031
Armenia,ARM,2016,4.036175
Armenia,ARM,2017,4.880554
Armenia,ARM,2018,4.740034
Armenia,ARM,2019,5.850654
Armenia,ARM,2020,7.400739
Armenia,ARM,2021,8.045903
Armenia,ARM,2022,8.610996
Armenia,ARM,2023,9.563295
Armenia,ARM,2024,10.218278
Aruba,ABW,1986,0.42608666
Aruba,ABW,1987,0.42608666
Aruba,ABW,1988,1.6324505
Aruba,ABW,1989,2.1700447
Aruba,ABW,1990,2.2920136
Aruba,ABW,1991,2.500279
Aruba,ABW,1992,2.746373
Aruba,ABW,1993,2.79038
Aruba,ABW,1994,3.0615923
Aruba,ABW,1995,3.4651082
Aruba,ABW,1996,2.2837791
Aruba,ABW,1997,3.6933842
Aruba,ABW,1998,3.6933842
Aruba,ABW,1999,3.6933894
Aruba,ABW,2000,4.41737
Aruba,ABW,2001,4.5707107
Aruba,ABW,2002,4.7247806
Aruba,ABW,2003,5.2614985
Aruba,ABW,2004,5.486875
Aruba,ABW,2005,5.9253016
Aruba,ABW,2006,5.9140134
Aruba,ABW,2007,6.094255
Aruba,ABW,2008,5.7248945
Aruba,ABW,2009,5.6217237
Aruba,ABW,2010,5.0544987
Aruba,ABW,2011,3.939299
Aruba,ABW,2012,4.961091
Aruba,ABW,2013,4.7439623
Aruba,ABW,2014,4.80235
Aruba,ABW,2015,4.920956
Aruba,ABW,2016,4.841827
Aruba,ABW,2017,5.043884
Aruba,ABW,2018,4.750137
Aruba,ABW,2019,4.5107474
Aruba,ABW,2020,4.406215
Aruba,ABW,2021,4.6656003
Aruba,ABW,2022,4.777797
Aruba,ABW,2023,4.7216244
Aruba,ABW,2024,4.759904
Asia,OWID_ASI,1965,2248.3308
Asia,OWID_ASI,1966,2580.4153
Asia,OWID_ASI,1967,2913.8538
Asia,OWID_ASI,1968,3262.311
Asia,OWID_ASI,1969,3827.2698
Asia,OWID_ASI,1970,4447.164
Asia,OWID_ASI,1971,4876.697
Asia,OWID_ASI,1972,5358.181
Asia,OWID_ASI,1973,6034.2476
Asia,OWID_ASI,1974,5966.9126
Asia,OWID_ASI,1975,6062.942
Asia,OWID_ASI,1976,6552.564
Asia,OWID_ASI,1977,6916.2876
Asia,OWID_ASI,1978,7267.3335
Asia,OWID_ASI,1979,7444.5254
Asia,OWID_ASI,1980,7002.0444
Asia,OWID_ASI,1981,6926.4756
Asia,OWID_ASI,1982,6928.905
Asia,OWID_ASI,1983,7243.147
Asia,OWID_ASI,1984,7397.1123
Asia,OWID_ASI,1985,8198.584
Asia,OWID_ASI,1986,8376.135
Asia,OWID_ASI,1987,8767.952
Asia,OWID_ASI,1988,9367.706
Asia,OWID_ASI,1989,9806.241
Asia,OWID_ASI,1990,10342.028
Asia,OWID_ASI,1991,10698.034
Asia,OWID_ASI,1992,11336.83
Asia,OWID_ASI,1993,11783.868
Asia,OWID_ASI,1994,12399.72
Asia,OWID_ASI,1995,12991.479
Asia,OWID_ASI,1996,13543.661
Asia,OWID_ASI,1997,14205.753
Asia,OWID_ASI,1998,13938.255
Asia,OWID_ASI,1999,14363.867
Asia,OWID_ASI,2000,14925.781
Asia,OWID_ASI,2001,15069.844
Asia,OWID_ASI,2002,15444.65
Asia,OWID_ASI,2003,16095.144
Asia,OWID_ASI,2004,17094.61
Asia,OWID_ASI,2005,17401.996
Asia,OWID_ASI,2006,17886.307
Asia,OWID_ASI,2007,18385.809
Asia,OWID_ASI,2008,18581.688
Asia,OWID_ASI,2009,18709.238
Asia,OWID_ASI,2010,19903.096
Asia,OWID_ASI,2011,20478.861
Asia,OWID_ASI,2012,21344.65
Asia,OWID_ASI,2013,21733.117
Asia,OWID_ASI,2014,22068.955
Asia,OWID_ASI,2015,22885.143
Asia,OWID_ASI,2016,23698.078
Asia,OWID_ASI,2017,24334.223
Asia,OWID_ASI,2018,24819.07
Asia,OWID_ASI,2019,24913.072
Asia,OWID_ASI,2020,23457.607
Asia,OWID_ASI,2021,24324.115
Asia,OWID_ASI,2022,25223.639
Asia,OWID_ASI,2023,26446.156
Asia,OWID_ASI,2024,26859.422
Asia,OWID_ASI,2025,27211.629
Asia Pacific (EI),,1965,1947.5513
Asia Pacific (EI),,1966,2276.69
Asia Pacific (EI),,1967,2601.3901
Asia Pacific (EI),,1968,2944.1687
Asia Pacific (EI),,1969,3488.0925
Asia Pacific (EI),,1970,4103.699
Asia Pacific (EI),,1971,4491.644
Asia Pacific (EI),,1972,4928.356
Asia Pacific (EI),,1973,5545.6953
Asia Pacific (EI),,1974,5452.337
Asia Pacific (EI),,1975,5562.7944
Asia Pacific (EI),,1976,5936.635
Asia Pacific (EI),,1977,6179.336
Asia Pacific (EI),,1978,6471.672
Asia Pacific (EI),,1979,6543.13
Asia Pacific (EI),,1980,6130.7793
Asia Pacific (EI),,1981,5948.0312
Asia Pacific (EI),,1982,5820.435
Asia Pacific (EI),,1983,5945.3555
Asia Pacific (EI),,1984,5976.795
Asia Pacific (EI),,1985,5996.9834
Asia Pacific (EI),,1986,6190.155
Asia Pacific (EI),,1987,6493.2827
Asia Pacific (EI),,1988,7013.915
Asia Pacific (EI),,1989,7439.4775
Asia Pacific (EI),,1990,7848.6396
Asia Pacific (EI),,1991,8196.986
Asia Pacific (EI),,1992,8751.711
Asia Pacific (EI),,1993,9147.989
Asia Pacific (EI),,1994,9661.831
Asia Pacific (EI),,1995,10265.442
Asia Pacific (EI),,1996,10788.533
Asia Pacific (EI),,1997,11332.234
Asia Pacific (EI),,1998,11089.191
Asia Pacific (EI),,1999,11558.92
Asia Pacific (EI),,2000,11954.932
Asia Pacific (EI),,2001,12036.202
Asia Pacific (EI),,2002,12324.67
Asia Pacific (EI),,2003,12846.763
Asia Pacific (EI),,2004,13639.317
Asia Pacific (EI),,2005,13775.706
Asia Pacific (EI),,2006,14086.583
Asia Pacific (EI),,2007,14520.802
Asia Pacific (EI),,2008,14473.847
Asia Pacific (EI),,2009,14582.971
Asia Pacific (EI),,2010,15574.614
Asia Pacific (EI),,2011,15974.513
Asia Pacific (EI),,2012,16662.363
Asia Pacific (EI),,2013,16874.86
Asia Pacific (EI),,2014,17107.727
Asia Pacific (EI),,2015,17872.998
Asia Pacific (EI),,2016,18531.39
Asia Pacific (EI),,2017,19114.44
Asia Pacific (EI),,2018,19614.885
Asia Pacific (EI),,2019,19796.672
Asia Pacific (EI),,2020,18739.604
Asia Pacific (EI),,2021,19288.943
Asia Pacific (EI),,2022,19912.057
Asia Pacific (EI),,2023,20968.875
Asia Pacific (EI),,2024,21290.412
Asia Pacific (EI),,2025,21591.309
Australia,AUS,1965,200.01936
Australia,AUS,1966,214.04755
Australia,AUS,1967,234.38777
Australia,AUS,1968,255.28499
Australia,AUS,1969,262.44812
Australia,AUS,1970,290.1954
Australia,AUS,1971,305.54456
Australia,AUS,1972,311.03336
Australia,AUS,1973,331.89297
Australia,AUS,1974,351.73517
Australia,AUS,1975,348.1045
Australia,AUS,1976,355.82147
Australia,AUS,1977,372.60077
Australia,AUS,1978,380.9467
Australia,AUS,1979,385.9148
Australia,AUS,1980,367.7676
Australia,AUS,1981,362.41833
Australia,AUS,1982,356.84918
Australia,AUS,1983,340.71588
Australia,AUS,1984,349.9143
Australia,AUS,1985,351.52405
Australia,AUS,1986,345.65332
Australia,AUS,1987,353.0262
Australia,AUS,1988,369.83667
Australia,AUS,1989,384.1453
Australia,AUS,1990,392.90448
Australia,AUS,1991,381.25476
Australia,AUS,1992,388.77893
Australia,AUS,1993,402.41638
Australia,AUS,1994,415.6745
Australia,AUS,1995,427.7775
Australia,AUS,1996,439.01538
Australia,AUS,1997,446.05786
Australia,AUS,1998,445.97025
Australia,AUS,1999,456.154
Australia,AUS,2000,455.9816
Australia,AUS,2001,457.08533
Australia,AUS,2002,461.9748
Australia,AUS,2003,460.25992
Australia,AUS,2004,471.29572
Australia,AUS,2005,478.7019
Australia,AUS,2006,493.64178
Australia,AUS,2007,506.2703
Australia,AUS,2008,512.7159
Australia,AUS,2009,504.14078
Australia,AUS,2010,519.3061
Australia,AUS,2011,547.0603
Australia,AUS,2012,561.41907
Australia,AUS,2013,578.03705
Australia,AUS,2014,575.4282
Australia,AUS,2015,570.5778
Australia,AUS,2016,571.9953
Australia,AUS,2017,599.7405
Australia,AUS,2018,610.3095
Australia,AUS,2019,603.966
Australia,AUS,2020,522.0081
Australia,AUS,2021,535.5648
Australia,AUS,2022,568.7855
Australia,AUS,2023,602.48944
Australia,AUS,2024,620.2802
Australia,AUS,2025,621.8287
Austria,AUT,1965,65.29748
Austria,AUT,1966,71.788864
Austria,AUT,1967,76.54811
Austria,AUT,1968,88.466064
Austria,AUT,1969,97.226
Austria,AUT,1970,107.04365
Austria,AUT,1971,119.607025
Austria,AUT,1972,129.12288
Austria,AUT,1973,139.92781
Austria,AUT,1974,125.22768
Austria,AUT,1975,126.55926
Austria,AUT,1976,137.41133
Austria,AUT,1977,131.58655
Austria,AUT,1978,141.56969
Austria,AUT,1979,147.40877
Austria,AUT,1980,143.88745
Austria,AUT,1981,130.63089
Austria,AUT,1982,123.90079
Austria,AUT,1983,120.07978
Austria,AUT,1984,116.79846
Austria,AUT,1985,116.98592
Austria,AUT,1986,123.2183
Austria,AUT,1987,126.86035
Austria,AUT,1988,125.97797
Austria,AUT,1989,124.222206
Austria,AUT,1990,127.430046
Austria,AUT,1991,136.87337
Austria,AUT,1992,134.13881
Austria,AUT,1993,136.78593
Austria,AUT,1994,134.74817
Austria,AUT,1995,135.62375
Austria,AUT,1996,147.85747
Austria,AUT,1997,147.18379
Austria,AUT,1998,155.29774
Austria,AUT,1999,147.58986
Austria,AUT,2000,145.70236
Austria,AUT,2001,155.1389
Austria,AUT,2002,157.87592
Austria,AUT,2003,167.63007
Austria,AUT,2004,170.16396
Austria,AUT,2005,170.74123
Austria,AUT,2006,169.86945
Austria,AUT,2007,163.24309
Austria,AUT,2008,158.70348
Austria,AUT,2009,149.56474
Austria,AUT,2010,154.07774
Austria,AUT,2011,145.06886
Austria,AUT,2012,142.3423
Austria,AUT,2013,145.6488
Austria,AUT,2014,141.40121
Austria,AUT,2015,142.84538
Austria,AUT,2016,146.15495
Austria,AUT,2017,146.42876
Austria,AUT,2018,148.91289
Austria,AUT,2019,153.20105
Austria,AUT,2020,132.08043
Austria,AUT,2021,140.21478
Austria,AUT,2022,135.03311
Austria,AUT,2023,134.82408
Austria,AUT,2024,132.0472
Austria,AUT,2025,129.08191
Azerbaijan,AZE,1985,97.18555
Azerbaijan,AZE,1986,101.817375
Azerbaijan,AZE,1987,95.82691
Azerbaijan,AZE,1988,98.14325
Azerbaijan,AZE,1989,95.70122
Azerbaijan,AZE,1990,100.39483
Azerbaijan,AZE,1991,96.80113
Azerbaijan,AZE,1992,94.319466
Azerbaijan,AZE,1993,94.05541
Azerbaijan,AZE,1994,86.15903
Azerbaijan,AZE,1995,77.6772
Azerbaijan,AZE,1996,69.77202
Azerbaijan,AZE,1997,66.40268
Azerbaijan,AZE,1998,69.87349
Azerbaijan,AZE,1999,67.24548
Azerbaijan,AZE,2000,74.69057
Azerbaijan,AZE,2001,47.59412
Azerbaijan,AZE,2002,43.6981
Azerbaijan,AZE,2003,50.912304
Azerbaijan,AZE,2004,54.5731
Azerbaijan,AZE,2005,63.79851
Azerbaijan,AZE,2006,57.11258
Azerbaijan,AZE,2007,56.47857
Azerbaijan,AZE,2008,44.338394
Azerbaijan,AZE,2009,37.846764
Azerbaijan,AZE,2010,37.243855
Azerbaijan,AZE,2011,48.970104
Azerbaijan,AZE,2012,51.289177
Azerbaijan,AZE,2013,55.715004
Azerbaijan,AZE,2014,54.860176
Azerbaijan,AZE,2015,55.601353
Azerbaijan,AZE,2016,55.19285
Azerbaijan,AZE,2017,55.699093
Azerbaijan,AZE,2018,62.74092
Azerbaijan,AZE,2019,63.158752
Azerbaijan,AZE,2020,57.7512
Azerbaijan,AZE,2021,65.33925
Azerbaijan,AZE,2022,69.2595
Azerbaijan,AZE,2023,72.10228
Azerbaijan,AZE,2024,70.801895
Azerbaijan,AZE,2025,71.03806
Bahamas,BHS,1980,17.676077
Bahamas,BHS,1981,18.257347
Bahamas,BHS,1982,15.739091
Bahamas,BHS,1983,11.96171
Bahamas,BHS,1984,10.731904
Bahamas,BHS,1985,9.443455
Bahamas,BHS,1986,9.506411
Bahamas,BHS,1987,10.607506
Bahamas,BHS,1988,9.873428
Bahamas,BHS,1989,11.2905655
Bahamas,BHS,1990,12.011941
Bahamas,BHS,1991,10.654456
Bahamas,BHS,1992,9.014254
Bahamas,BHS,1993,9.518383
Bahamas,BHS,1994,10.57426
Bahamas,BHS,1995,12.637076
Bahamas,BHS,1996,14.246269
Bahamas,BHS,1997,13.885385
Bahamas,BHS,1998,15.768511
Bahamas,BHS,1999,13.869434
Bahamas,BHS,2000,16.462982
Bahamas,BHS,2001,16.77847
Bahamas,BHS,2002,17.401781
Bahamas,BHS,2003,12.155077
Bahamas,BHS,2004,13.472551
Bahamas,BHS,2005,12.954245
Bahamas,BHS,2006,15.046232
Bahamas,BHS,2007,17.3275
Bahamas,BHS,2008,16.932302
Bahamas,BHS,2009,12.729478
Bahamas,BHS,2010,13.2614975
Bahamas,BHS,2011,11.708308
Bahamas,BHS,2012,13.531491
Bahamas,BHS,2013,12.588741
Bahamas,BHS,2014,12.358112
Bahamas,BHS,2015,11.813637
Bahamas,BHS,2016,12.368
Bahamas,BHS,2017,14.748851
Bahamas,BHS,2018,12.115456
Bahamas,BHS,2019,12.5511
Bahamas,BHS,2020,10.408355
Bahamas,BHS,2021,13.190812
Bahamas,BHS,2022,12.255728
Bahamas,BHS,2023,13.72589
Bahamas,BHS,2024,13.7558365
Bahrain,BHR,1980,9.48942
Bahrain,BHR,1981,9.463493
Bahrain,BHR,1982,9.463493
Bahrain,BHR,1983,8.872025
Bahrain,BHR,1984,9.48942
Bahrain,BHR,1985,9.463493
Bahrain,BHR,1986,9.5329485
Bahrain,BHR,1987,11.318446
Bahrain,BHR,1988,11.253787
Bahrain,BHR,1989,11.537693
Bahrain,BHR,1990,12.1899805
Bahrain,BHR,1991,12.555147
Bahrain,BHR,1992,12.863519
Bahrain,BHR,1993,12.472791
Bahrain,BHR,1994,12.640809
Bahrain,BHR,1995,12.787574
Bahrain,BHR,1996,12.1218195
Bahrain,BHR,1997,11.795824
Bahrain,BHR,1998,13.208483
Bahrain,BHR,1999,14.5869
Bahrain,BHR,2000,19.010416
Bahrain,BHR,2001,19.347683
Bahrain,BHR,2002,21.036144
Bahrain,BHR,2003,24.836752
Bahrain,BHR,2004,28.059727
Bahrain,BHR,2005,33.94825
Bahrain,BHR,2006,37.273254
Bahrain,BHR,2007,36.663563
Bahrain,BHR,2008,37.793686
Bahrain,BHR,2009,34.9667
Bahrain,BHR,2010,33.682907
Bahrain,BHR,2011,33.541584
Bahrain,BHR,2012,34.766357
Bahrain,BHR,2013,33.443836
Bahrain,BHR,2014,33.835747
Bahrain,BHR,2015,35.629078
Bahrain,BHR,2016,37.027832
Bahrain,BHR,2017,35.882668
Bahrain,BHR,2018,37.20933
Bahrain,BHR,2019,39.477913
Bahrain,BHR,2020,36.855976
Bahrain,BHR,2021,39.944214
Bahrain,BHR,2022,40.642906
Bahrain,BHR,2023,40.352844
Bahrain,BHR,2024,40.783287
Bangladesh,BGD,1971,8.135291
Bangladesh,BGD,1972,9.919018
Bangladesh,BGD,1973,11.208105
Bangladesh,BGD,1974,11.659565
Bangladesh,BGD,1975,13.631796
Bangladesh,BGD,1976,14.748876
Bangladesh,BGD,1977,14.522806
Bangladesh,BGD,1978,15.460121
Bangladesh,BGD,1979,17.112337
Bangladesh,BGD,1980,19.291002
Bangladesh,BGD,1981,19.89294
Bangladesh,BGD,1982,19.62132
Bangladesh,BGD,1983,17.547495
Bangladesh,BGD,1984,17.682053
Bangladesh,BGD,1985,19.738766
Bangladesh,BGD,1986,21.275486
Bangladesh,BGD,1987,20.945486
Bangladesh,BGD,1988,20.984262
Bangladesh,BGD,1989,22.941954
Bangladesh,BGD,1990,22.227821
Bangladesh,BGD,1991,20.622862
Bangladesh,BGD,1992,23.004263
Bangladesh,BGD,1993,25.769167
Bangladesh,BGD,1994,26.85683
Bangladesh,BGD,1995,34.853485
Bangladesh,BGD,1996,35.606483
Bangladesh,BGD,1997,40.876934
Bangladesh,BGD,1998,45.055756
Bangladesh,BGD,1999,40.18385
Bangladesh,BGD,2000,39.487724
Bangladesh,BGD,2001,47.166737
Bangladesh,BGD,2002,42.876194
Bangladesh,BGD,2003,43.893665
Bangladesh,BGD,2004,45.732254
Bangladesh,BGD,2005,46.99634
Bangladesh,BGD,2006,47.271736
Bangladesh,BGD,2007,45.713196
Bangladesh,BGD,2008,45.39375
Bangladesh,BGD,2009,42.925915
Bangladesh,BGD,2010,47.633118
Bangladesh,BGD,2011,60.019775
Bangladesh,BGD,2012,68.356895
Bangladesh,BGD,2013,69.63952
Bangladesh,BGD,2014,76.66483
Bangladesh,BGD,2015,92.68446
Bangladesh,BGD,2016,96.22214
Bangladesh,BGD,2017,108.35403
Bangladesh,BGD,2018,124.42843
Bangladesh,BGD,2019,121.88242
Bangladesh,BGD,2020,102.44033
Bangladesh,BGD,2021,140.6674
Bangladesh,BGD,2022,166.222
Bangladesh,BGD,2023,156.20871
Bangladesh,BGD,2024,145.46408
Bangladesh,BGD,2025,169.10117
Barbados,BRB,1980,4.1582694
Barbados,BRB,1981,4.3325906
Barbados,BRB,1982,4.394485
Barbados,BRB,1983,4.642061
Barbados,BRB,1984,4.4685884
Barbados,BRB,1985,4.951532
Barbados,BRB,1986,5.1991086
Barbados,BRB,1987,4.944424
Barbados,BRB,1988,4.495233
Barbados,BRB,1989,4.8863153
Barbados,BRB,1990,5.1331677
Barbados,BRB,1991,5.2053456
Barbados,BRB,1992,5.356282
Barbados,BRB,1993,5.217552
Barbados,BRB,1994,4.932816
Barbados,BRB,1995,5.1275005
Barbados,BRB,1996,4.57342
Barbados,BRB,1997,5.627121
Barbados,BRB,1998,5.7878366
Barbados,BRB,1999,5.969798
Barbados,BRB,2000,6.5545917
Barbados,BRB,2001,6.6228104
Barbados,BRB,2002,6.7022243
Barbados,BRB,2003,6.7770457
Barbados,BRB,2004,6.8190594
Barbados,BRB,2005,6.913865
Barbados,BRB,2006,6.924656
Barbados,BRB,2007,6.6803136
Barbados,BRB,2008,7.9332027
Barbados,BRB,2009,7.4735694
Barbados,BRB,2010,7.1925626
Barbados,BRB,2011,7.5509253
Barbados,BRB,2012,7.0599375
Barbados,BRB,2013,7.134818
Barbados,BRB,2014,6.241579
Barbados,BRB,2015,6.602305
Barbados,BRB,2016,6.692278
Barbados,BRB,2017,6.286423
Barbados,BRB,2018,6.898764
Barbados,BRB,2019,6.7021284
Barbados,BRB,2020,5.4757867
Barbados,BRB,2021,5.207096
Barbados,BRB,2022,5.624664
Barbados,BRB,2023,6.400666
Barbados,BRB,2024,6.436767
Belarus,BLR,1985,296.34036
Belarus,BLR,1986,350.11862
Belarus,BLR,1987,346.30624
Belarus,BLR,1988,335.46915
Belarus,BLR,1989,314.12692
Belarus,BLR,1990,311.8781
Belarus,BLR,1991,306.03107
Belarus,BLR,1992,228.17445
Belarus,BLR,1993,175.19223
Belarus,BLR,1994,142.89874
Belarus,BLR,1995,124.3167
Belarus,BLR,1996,122.273964
Belarus,BLR,1997,107.04149
Belarus,BLR,1998,101.113304
Belarus,BLR,1999,92.49213
Belarus,BLR,2000,91.4113
Belarus,BLR,2001,88.44919
Belarus,BLR,2002,93.12623
Belarus,BLR,2003,94.28708
Belarus,BLR,2004,92.36583
Belarus,BLR,2005,85.993576
Belarus,BLR,2006,100.91063
Belarus,BLR,2007,91.78464
Belarus,BLR,2008,91.367065
Belarus,BLR,2009,105.46239
Belarus,BLR,2010,90.62383
Belarus,BLR,2011,98.655045
Belarus,BLR,2012,121.07967
Belarus,BLR,2013,90.81036
Belarus,BLR,2014,93.06433
Belarus,BLR,2015,78.40431
Belarus,BLR,2016,84.303665
Belarus,BLR,2017,83.84049
Belarus,BLR,2018,97.42405
Belarus,BLR,2019,99.32728
Belarus,BLR,2020,95.60984
Belarus,BLR,2021,97.338615
Belarus,BLR,2022,92.89979
Belarus,BLR,2023,92.11928
Belarus,BLR,2024,90.076164
Belarus,BLR,2025,90.127
Belgium,BEL,1965,188.46475
Belgium,BEL,1966,192.26031
Belgium,BEL,1967,212.03163
Belgium,BEL,1968,246.15923
Belgium,BEL,1969,284.00696
Belgium,BEL,1970,309.81564
Belgium,BEL,1971,317.50644
Belgium,BEL,1972,343.47247
Belgium,BEL,1973,360.6343
Belgium,BEL,1974,317.68402
Belgium,BEL,1975,301.48972
Belgium,BEL,1976,314.48248
Belgium,BEL,1977,309.30972
Belgium,BEL,1978,330.0505
Belgium,BEL,1979,328.01733
Belgium,BEL,1980,303.17267
Belgium,BEL,1981,277.88095
Belgium,BEL,1982,263.12488
Belgium,BEL,1983,238.75551
Belgium,BEL,1984,231.01208
Belgium,BEL,1985,234.47888
Belgium,BEL,1986,264.9442
Belgium,BEL,1987,266.84842
Belgium,BEL,1988,275.22708
Belgium,BEL,1989,270.30557
Belgium,BEL,1990,273.7257
Belgium,BEL,1991,293.38065
Belgium,BEL,1992,299.3623
Belgium,BEL,1993,294.60413
Belgium,BEL,1994,320.61115
Belgium,BEL,1995,319.6558
Belgium,BEL,1996,345.38513
Belgium,BEL,1997,353.36996
Belgium,BEL,1998,359.52475
Belgium,BEL,1999,348.40985
Belgium,BEL,2000,353.97287
Belgium,BEL,2001,359.96805
Belgium,BEL,2002,362.2477
Belgium,BEL,2003,382.69186
Belgium,BEL,2004,387.5027
Belgium,BEL,2005,386.6955
Belgium,BEL,2006,385.62503
Belgium,BEL,2007,389.33823
Belgium,BEL,2008,409.1278
Belgium,BEL,2009,359.76736
Belgium,BEL,2010,374.48502
Belgium,BEL,2011,350.31638
Belgium,BEL,2012,338.14215
Belgium,BEL,2013,345.9035
Belgium,BEL,2014,339.25778
Belgium,BEL,2015,348.50067
Belgium,BEL,2016,353.55966
Belgium,BEL,2017,358.29523
Belgium,BEL,2018,383.7532
Belgium,BEL,2019,358.15344
Belgium,BEL,2020,307.32172
Belgium,BEL,2021,340.98697
Belgium,BEL,2022,331.8721
Belgium,BEL,2023,320.74048
Belgium,BEL,2024,327.74802
Belgium,BEL,2025,327.1792
Belize,BLZ,1980,0.9309808
Belize,BLZ,1981,0.87040985
Belize,BLZ,1982,0.8123825
Belize,BLZ,1983,0.8123825
Belize,BLZ,1984,0.8727945
Belize,BLZ,1985,0.87040985
Belize,BLZ,1986,1.0862424
Belize,BLZ,1987,0.8671033
Belize,BLZ,1988,0.6361971
Belize,BLZ,1989,0.9671006
Belize,BLZ,1990,1.3112886
Belize,BLZ,1991,1.5013756
Belize,BLZ,1992,1.2397991
Belize,BLZ,1993,1.2366657
Belize,BLZ,1994,1.1743551
Belize,BLZ,1995,1.3601422
Belize,BLZ,1996,1.1277698
Belize,BLZ,1997,1.8867985
Belize,BLZ,1998,1.8590679
Belize,BLZ,1999,1.9152645
Belize,BLZ,2000,2.0840125
Belize,BLZ,2001,2.1749299
Belize,BLZ,2002,2.0755124
Belize,BLZ,2003,2.1036465
Belize,BLZ,2004,1.9550108
Belize,BLZ,2005,2.1054118
Belize,BLZ,2006,2.2137995
Belize,BLZ,2007,2.0327625
Belize,BLZ,2008,1.8491608
Belize,BLZ,2009,2.0494714
Belize,BLZ,2010,2.24222
Belize,BLZ,2011,1.8119496
Belize,BLZ,2012,1.9827145
Belize,BLZ,2013,2.1642425
Belize,BLZ,2014,2.1010158
Belize,BLZ,2015,2.4382927
Belize,BLZ,2016,2.4123037
Belize,BLZ,2017,2.803786
Belize,BLZ,2018,2.7358215
Belize,BLZ,2019,3.2398977
Belize,BLZ,2020,2.5826945
Belize,BLZ,2021,2.7008083
Belize,BLZ,2022,2.793861
Belize,BLZ,2023,3.174798
Belize,BLZ,2024,3.1741524
Benin,BEN,1980,1.7957407
Benin,BEN,1981,1.7908343
Benin,BEN,1982,1.1938895
Benin,BEN,1983,1.7908343
Benin,BEN,1984,1.7957407
Benin,BEN,1985,2.0893066
Benin,BEN,1986,2.033349
Benin,BEN,1987,1.5725423
Benin,BEN,1988,1.9893825
Benin,BEN,1989,2.0401824
Benin,BEN,1990,2.367791
Benin,BEN,1991,2.7853222
Benin,BEN,1992,3.0822744
Benin,BEN,1993,3.4110036
Benin,BEN,1994,3.5779214
Benin,BEN,1995,3.8678017
Benin,BEN,1996,4.225419
Benin,BEN,1997,4.5934873
Benin,BEN,1998,4.9883113
Benin,BEN,1999,2.2714636
Benin,BEN,2000,6.4888425
Benin,BEN,2001,7.3870983
Benin,BEN,2002,8.508985
Benin,BEN,2003,9.867666
Benin,BEN,2004,10.37795
Benin,BEN,2005,9.689867
Benin,BEN,2006,13.456484
Benin,BEN,2007,15.983981
Benin,BEN,2008,16.289621
Benin,BEN,2009,17.972761
Benin,BEN,2010,20.600441
Benin,BEN,2011,19.111443
Benin,BEN,2012,18.006441
Benin,BEN,2013,18.388916
Benin,BEN,2014,19.369436
Benin,BEN,2015,21.409937
Benin,BEN,2016,26.080767
Benin,BEN,2017,27.023642
Benin,BEN,2018,30.022387
Benin,BEN,2019,27.623482
Benin,BEN,2020,28.734692
Benin,BEN,2021,20.819988
Benin,BEN,2022,22.467299
Benin,BEN,2023,26.535578
Benin,BEN,2024,27.209639
Bermuda,BMU,1980,2.3379114
Bermuda,BMU,1981,2.0247443
Bermuda,BMU,1982,2.147456
Bermuda,BMU,1983,2.2701676
Bermuda,BMU,1984,2.2148633
Bermuda,BMU,1985,2.147456
Bermuda,BMU,1986,2.021885
Bermuda,BMU,1987,2.9152234
Bermuda,BMU,1988,3.1815977
Bermuda,BMU,1989,3.8446274
Bermuda,BMU,1990,2.728658
Bermuda,BMU,1991,2.3905973
Bermuda,BMU,1992,1.8676964
Bermuda,BMU,1993,2.1701834
Bermuda,BMU,1994,2.0913994
Bermuda,BMU,1995,2.1450942
Bermuda,BMU,1996,2.213328
Bermuda,BMU,1997,2.2074046
Bermuda,BMU,1998,2.2074046
Bermuda,BMU,1999,2.207409
Bermuda,BMU,2000,2.4124968
Bermuda,BMU,2001,2.4469907
Bermuda,BMU,2002,2.5751152
Bermuda,BMU,2003,2.5692623
Bermuda,BMU,2004,2.6603563
Bermuda,BMU,2005,2.801412
Bermuda,BMU,2006,3.1639576
Bermuda,BMU,2007,3.6748435
Bermuda,BMU,2008,3.515419
Bermuda,BMU,2009,2.76613
Bermuda,BMU,2010,3.256958
Bermuda,BMU,2011,2.104898
Bermuda,BMU,2012,2.2764113
Bermuda,BMU,2013,2.286611
Bermuda,BMU,2014,2.9613707
Bermuda,BMU,2015,2.4902909
Bermuda,BMU,2016,3.1695724
Bermuda,BMU,2017,3.1264853
Bermuda,BMU,2018,3.0649357
Bermuda,BMU,2019,2.6646402
Bermuda,BMU,2020,1.9612317
Bermuda,BMU,2021,2.2967043
Bermuda,BMU,2022,2.3441699
Bermuda,BMU,2023,2.3642805
Bermuda,BMU,2024,2.3939333
Bhutan,BTN,1980,0.01125908
Bhutan,BTN,1981,0.11228317
Bhutan,BTN,1982,0.11228317
Bhutan,BTN,1983,0.11228317
Bhutan,BTN,1984,0.1125908
Bhutan,BTN,1985,0.11228317
Bhutan,BTN,1986,0.117661536
Bhutan,BTN,1987,0.13986057
Bhutan,BTN,1988,0.1398557
Bhutan,BTN,1989,0.13986057
Bhutan,BTN,1990,0.31396225
Bhutan,BTN,1991,0.31396225
Bhutan,BTN,1992,0.31476024
Bhutan,BTN,1993,0.31396225
Bhutan,BTN,1994,0.35814127
Bhutan,BTN,1995,0.47664368
Bhutan,BTN,1996,0.47788733
Bhutan,BTN,1997,0.5042322
Bhutan,BTN,1998,0.5501186
Bhutan,BTN,1999,0.55012846
Bhutan,BTN,2000,0.6400249
Bhutan,BTN,2001,0.693774
Bhutan,BTN,2002,0.7236956
Bhutan,BTN,2003,0.79998195
Bhutan,BTN,2004,0.83950925
Bhutan,BTN,2005,0.89865655
Bhutan,BTN,2006,0.9297972
Bhutan,BTN,2007,0.9660384
Bhutan,BTN,2008,0.9385965
Bhutan,BTN,2009,1.0464883
Bhutan,BTN,2010,1.3264481
Bhutan,BTN,2011,1.5622481
Bhutan,BTN,2012,1.7743534
Bhutan,BTN,2013,1.871804
Bhutan,BTN,2014,1.7540588
Bhutan,BTN,2015,1.962404
Bhutan,BTN,2016,2.2323236
Bhutan,BTN,2017,2.4399066
Bhutan,BTN,2018,2.726575
Bhutan,BTN,2019,2.6886368
Bhutan,BTN,2020,1.9447405
Bhutan,BTN,2021,1.883729
Bhutan,BTN,2022,2.06412
Bhutan,BTN,2023,3.1233726
Bhutan,BTN,2024,3.291701
Bolivia,BOL,1980,14.623275
Bolivia,BOL,1981,15.749986
Bolivia,BOL,1982,14.583321
Bolivia,BOL,1983,14.583321
Bolivia,BOL,1984,14.038344
Bolivia,BOL,1985,12.833322
Bolivia,BOL,1986,12.308322
Bolivia,BOL,1987,11.987997
Bolivia,BOL,1988,13.078133
Bolivia,BOL,1989,14.016638
Bolivia,BOL,1990,14.362175
Bolivia,BOL,1991,14.669107
Bolivia,BOL,1992,15.150742
Bolivia,BOL,1993,15.289338
Bolivia,BOL,1994,17.220213
Bolivia,BOL,1995,19.102978
Bolivia,BOL,1996,19.661976
Bolivia,BOL,1997,20.551525
Bolivia,BOL,1998,22.92735
Bolivia,BOL,1999,26.308775
Bolivia,BOL,2000,23.943548
Bolivia,BOL,2001,21.8751
Bolivia,BOL,2002,22.981445
Bolivia,BOL,2003,24.463097
Bolivia,BOL,2004,27.167112
Bolivia,BOL,2005,26.888725
Bolivia,BOL,2006,28.83128
Bolivia,BOL,2007,31.747103
Bolivia,BOL,2008,29.524878
Bolivia,BOL,2009,29.031736
Bolivia,BOL,2010,31.640125
Bolivia,BOL,2011,37.002136
Bolivia,BOL,2012,41.537376
Bolivia,BOL,2013,40.15122
Bolivia,BOL,2014,43.530106
Bolivia,BOL,2015,52.46879
Bolivia,BOL,2016,52.421097
Bolivia,BOL,2017,49.832237
Bolivia,BOL,2018,50.982727
Bolivia,BOL,2019,51.70128
Bolivia,BOL,2020,42.918873
Bolivia,BOL,2021,53.160126
Bolivia,BOL,2022,57.71437
Bolivia,BOL,2023,59.52645
Bolivia,BOL,2024,59.49749
Bosnia and Herzegovina,BIH,1992,21.420923
Bosnia and Herzegovina,BIH,1993,13.907067
Bosnia and Herzegovina,BIH,1994,12.061701
Bosnia and Herzegovina,BIH,1995,11.812512
Bosnia and Herzegovina,BIH,1996,11.381194
Bosnia and Herzegovina,BIH,1997,11.417351
Bosnia and Herzegovina,BIH,1998,12.837689
Bosnia and Herzegovina,BIH,1999,13.142589
Bosnia and Herzegovina,BIH,2000,14.220754
Bosnia and Herzegovina,BIH,2001,14.043865
Bosnia and Herzegovina,BIH,2002,13.5583515
Bosnia and Herzegovina,BIH,2003,12.734964
Bosnia and Herzegovina,BIH,2004,14.9044695
Bosnia and Herzegovina,BIH,2005,14.068014
Bosnia and Herzegovina,BIH,2006,15.209838
Bosnia and Herzegovina,BIH,2007,16.197994
Bosnia and Herzegovina,BIH,2008,18.615726
Bosnia and Herzegovina,BIH,2009,20.704243
Bosnia and Herzegovina,BIH,2010,20.979097
Bosnia and Herzegovina,BIH,2011,21.4469
Bosnia and Herzegovina,BIH,2012,19.374104
Bosnia and Herzegovina,BIH,2013,18.132107
Bosnia and Herzegovina,BIH,2014,18.468416
Bosnia and Herzegovina,BIH,2015,18.85404
Bosnia and Herzegovina,BIH,2016,21.806538
Bosnia and Herzegovina,BIH,2017,21.285635
Bosnia and Herzegovina,BIH,2018,20.930098
Bosnia and Herzegovina,BIH,2019,20.276548
Bosnia and Herzegovina,BIH,2020,18.893473
Bosnia and Herzegovina,BIH,2021,21.03536
Bosnia and Herzegovina,BIH,2022,20.593393
Bosnia and Herzegovina,BIH,2023,21.331673
Bosnia and Herzegovina,BIH,2024,22.56021
Botswana,BWA,1980,1.7842859
Botswana,BWA,1981,1.7794107
Botswana,BWA,1982,1.1862738
Botswana,BWA,1983,1.1862738
Botswana,BWA,1984,1.1895238
Botswana,BWA,1985,2.135293
Botswana,BWA,1986,2.087415
Botswana,BWA,1987,2.505013
Botswana,BWA,1988,2.8133714
Botswana,BWA,1989,3.4173472
Botswana,BWA,1990,3.6803994
Botswana,BWA,1991,4.254245
Botswana,BWA,1992,4.885929
Botswana,BWA,1993,4.7722087
Botswana,BWA,1994,4.7722087
Botswana,BWA,1995,4.7722087
Botswana,BWA,1996,4.7852836
Botswana,BWA,1997,5.4708695
Botswana,BWA,1998,5.483883
Botswana,BWA,1999,5.4838886
Botswana,BWA,2000,7.251339
Botswana,BWA,2001,7.9459248
Botswana,BWA,2002,8.155799
Botswana,BWA,2003,8.723516
Botswana,BWA,2004,8.260415
Botswana,BWA,2005,8.530425
Botswana,BWA,2006,9.215863
Botswana,BWA,2007,10.021377
Botswana,BWA,2008,11.171473
Botswana,BWA,2009,10.343091
Botswana,BWA,2010,10.900599
Botswana,BWA,2011,11.304222
Botswana,BWA,2012,11.591919
Botswana,BWA,2013,12.164251
Botswana,BWA,2014,12.616802
Botswana,BWA,2015,13.898896
Botswana,BWA,2016,12.982169
Botswana,BWA,2017,11.930546
Botswana,BWA,2018,12.893603
Botswana,BWA,2019,12.614527
Botswana,BWA,2020,11.420305
Botswana,BWA,2021,11.913307
Botswana,BWA,2022,12.466167
Botswana,BWA,2023,12.956282
Botswana,BWA,2024,13.28371
Brazil,BRA,1965,177.73058
Brazil,BRA,1966,193.79759
Brazil,BRA,1967,199.99173
Brazil,BRA,1968,240.19615
Brazil,BRA,1969,263.56772
Brazil,BRA,1970,314.02188
Brazil,BRA,1971,342.9215
Brazil,BRA,1972,394.3907
Brazil,BRA,1973,479.14383
Brazil,BRA,1974,527.1006
Brazil,BRA,1975,541.39404
Brazil,BRA,1976,582.4513
Brazil,BRA,1977,597.42
Brazil,BRA,1978,651.6827
Brazil,BRA,1979,683.75385
Brazil,BRA,1980,672.82336
Brazil,BRA,1981,634.0464
Brazil,BRA,1982,647.4372
Brazil,BRA,1983,603.86804
Brazil,BRA,1984,607.2174
Brazil,BRA,1985,625.4869
Brazil,BRA,1986,675.0955
Brazil,BRA,1987,691.2001
Brazil,BRA,1988,709.9726
Brazil,BRA,1989,720.3111
Brazil,BRA,1990,716.19495
Brazil,BRA,1991,727.4715
Brazil,BRA,1992,736.12915
Brazil,BRA,1993,768.92944
Brazil,BRA,1994,809.6257
Brazil,BRA,1995,860.1931
Brazil,BRA,1996,926.7676
Brazil,BRA,1997,999.6485
Brazil,BRA,1998,1052.7144
Brazil,BRA,1999,1059.6798
Brazil,BRA,2000,1098.5857
Brazil,BRA,2001,1105.8911
Brazil,BRA,2002,1079.3092
Brazil,BRA,2003,1039.9338
Brazil,BRA,2004,1075.8806
Brazil,BRA,2005,1094.3431
Brazil,BRA,2006,1120.918
Brazil,BRA,2007,1175.956
Brazil,BRA,2008,1228.8926
Brazil,BRA,2009,1225.7334
Brazil,BRA,2010,1309.8794
Brazil,BRA,2011,1372.3699
Brazil,BRA,2012,1447.9652
Brazil,BRA,2013,1498.0181
Brazil,BRA,2014,1540.8109
Brazil,BRA,2015,1455.0435
Brazil,BRA,2016,1379.5802
Brazil,BRA,2017,1388.8522
Brazil,BRA,2018,1317.6311
Brazil,BRA,2019,1335.6631
Brazil,BRA,2020,1246.5653
Brazil,BRA,2021,1337.8044
Brazil,BRA,2022,1390.4482
Brazil,BRA,2023,1425.1127
Brazil,BRA,2024,1426.5226
Brazil,BRA,2025,1440.9774
British Virgin Islands,VGB,1980,0.124381624
British Virgin Islands,VGB,1981,0.18606266
British Virgin Islands,VGB,1982,0.18606266
British Virgin Islands,VGB,1983,0.18606266
British Virgin Islands,VGB,1984,0.124381624
British Virgin Islands,VGB,1985,0.12404178
British Virgin Islands,VGB,1986,0.07515071
British Virgin Islands,VGB,1987,0.19365312
British Virgin Islands,VGB,1988,0.19415326
British Virgin Islands,VGB,1989,0.19365312
British Virgin Islands,VGB,1990,0.19365312
British Virgin Islands,VGB,1991,0.19365312
British Virgin Islands,VGB,1992,0.19415326
British Virgin Islands,VGB,1993,0.19365312
British Virgin Islands,VGB,1994,0.19365312
British Virgin Islands,VGB,1995,0.19365312
British Virgin Islands,VGB,1996,0.25049904
British Virgin Islands,VGB,1997,0.24984495
British Virgin Islands,VGB,1998,0.24984495
British Virgin Islands,VGB,1999,0.24984986
British Virgin Islands,VGB,2000,0.4374774
British Virgin Islands,VGB,2001,0.44774383
British Virgin Islands,VGB,2002,0.47361103
British Virgin Islands,VGB,2003,0.5059557
British Virgin Islands,VGB,2004,0.5318229
British Virgin Islands,VGB,2005,0.5471052
British Virgin Islands,VGB,2006,0.5960057
British Virgin Islands,VGB,2007,0.61785394
British Virgin Islands,VGB,2008,0.66387475
British Virgin Islands,VGB,2009,0.69582516
British Virgin Islands,VGB,2010,0.7138748
British Virgin Islands,VGB,2011,0.730629
British Virgin Islands,VGB,2012,0.72808194
British Virgin Islands,VGB,2013,0.72808194
British Virgin Islands,VGB,2014,0.73976403
British Virgin Islands,VGB,2015,0.74231106
British Virgin Islands,VGB,2016,0.75228816
British Virgin Islands,VGB,2017,0.70666564
British Virgin Islands,VGB,2018,0.66537684
British Virgin Islands,VGB,2019,0.75986
British Virgin Islands,VGB,2020,0.745608
British Virgin Islands,VGB,2021,0.76108795
British Virgin Islands,VGB,2022,0.7726291
British Virgin Islands,VGB,2023,0.7841732
British Virgin Islands,VGB,2024,0.7841732
Brunei,BRN,1980,2.7795746
Brunei,BRN,1981,2.8874793
Brunei,BRN,1982,2.3099835
Brunei,BRN,1983,2.8874793
Brunei,BRN,1984,3.242837
Brunei,BRN,1985,3.6959736
Brunei,BRN,1986,3.2025094
Brunei,BRN,1987,3.5857077
Brunei,BRN,1988,3.595907
Brunei,BRN,1989,4.0089116
Brunei,BRN,1990,4.1857896
Brunei,BRN,1991,6.278614
Brunei,BRN,1992,4.223675
Brunei,BRN,1993,5.590945
Brunei,BRN,1994,6.3109546
Brunei,BRN,1995,6.5587525
Brunei,BRN,1996,7.5832977
Brunei,BRN,1997,7.562178
Brunei,BRN,1998,7.2685585
Brunei,BRN,1999,8.016141
Brunei,BRN,2000,7.743963
Brunei,BRN,2001,7.7283583
Brunei,BRN,2002,8.010044
Brunei,BRN,2003,8.26183
Brunei,BRN,2004,8.319701
Brunei,BRN,2005,8.321538
Brunei,BRN,2006,8.833114
Brunei,BRN,2007,9.076644
Brunei,BRN,2008,10.107331
Brunei,BRN,2009,9.953174
Brunei,BRN,2010,10.33145
Brunei,BRN,2011,10.9451885
Brunei,BRN,2012,10.479987
Brunei,BRN,2013,10.325878
Brunei,BRN,2014,9.834226
Brunei,BRN,2015,11.355046
Brunei,BRN,2016,9.939212
Brunei,BRN,2017,8.836539
Brunei,BRN,2018,9.209715
Brunei,BRN,2019,10.826783
Brunei,BRN,2020,9.257233
Brunei,BRN,2021,7.9699006
Brunei,BRN,2022,8.52464
Brunei,BRN,2023,9.349067
Brunei,BRN,2024,9.62064
Bulgaria,BGR,1965,43.71547
Bulgaria,BGR,1966,49.874107
Bulgaria,BGR,1967,62.72245
Bulgaria,BGR,1968,74.33811
Bulgaria,BGR,1969,91.278786
Bulgaria,BGR,1970,106.039246
Bulgaria,BGR,1971,116.62912
Bulgaria,BGR,1972,121.28458
Bulgaria,BGR,1973,127.88814
Bulgaria,BGR,1974,132.98701
Bulgaria,BGR,1975,140.9609
Bulgaria,BGR,1976,146.48643
Bulgaria,BGR,1977,152.28668
Bulgaria,BGR,1978,156.79785
Bulgaria,BGR,1979,161.55994
Bulgaria,BGR,1980,165.02052
Bulgaria,BGR,1981,147.08585
Bulgaria,BGR,1982,142.53188
Bulgaria,BGR,1983,137.64603
Bulgaria,BGR,1984,132.17894
Bulgaria,BGR,1985,122.13932
Bulgaria,BGR,1986,128.74698
Bulgaria,BGR,1987,123.71196
Bulgaria,BGR,1988,131.34586
Bulgaria,BGR,1989,128.12546
Bulgaria,BGR,1990,118.9007
Bulgaria,BGR,1991,79.400375
Bulgaria,BGR,1992,71.27457
Bulgaria,BGR,1993,77.613
Bulgaria,BGR,1994,73.34055
Bulgaria,BGR,1995,75.31128
Bulgaria,BGR,1996,69.351074
Bulgaria,BGR,1997,54.51871
Bulgaria,BGR,1998,57.887005
Bulgaria,BGR,1999,53.773804
Bulgaria,BGR,2000,50.755096
Bulgaria,BGR,2001,52.527763
Bulgaria,BGR,2002,52.79946
Bulgaria,BGR,2003,55.72604
Bulgaria,BGR,2004,53.974884
Bulgaria,BGR,2005,59.339947
Bulgaria,BGR,2006,60.025085
Bulgaria,BGR,2007,58.884953
Bulgaria,BGR,2008,57.866554
Bulgaria,BGR,2009,52.825085
Bulgaria,BGR,2010,47.891857
Bulgaria,BGR,2011,45.732883
Bulgaria,BGR,2012,47.573124
Bulgaria,BGR,2013,44.21495
Bulgaria,BGR,2014,47.711754
Bulgaria,BGR,2015,53.301296
Bulgaria,BGR,2016,54.210262
Bulgaria,BGR,2017,56.917366
Bulgaria,BGR,2018,56.655537
Bulgaria,BGR,2019,59.417183
Bulgaria,BGR,2020,53.387512
Bulgaria,BGR,2021,56.08332
Bulgaria,BGR,2022,59.945312
Bulgaria,BGR,2023,59.41987
Bulgaria,BGR,2024,62.24006
Bulgaria,BGR,2025,62.40678
Burkina Faso,BFA,1980,1.769065
Burkina Faso,BFA,1981,1.7642314
Burkina Faso,BFA,1982,1.7642314
Burkina Faso,BFA,1983,1.7642314
Burkina Faso,BFA,1984,1.769065
Burkina Faso,BFA,1985,1.7054236
Burkina Faso,BFA,1986,2.0181513
Burkina Faso,BFA,1987,2.107595
Burkina Faso,BFA,1988,2.210252
Burkina Faso,BFA,1989,1.9808724
Burkina Faso,BFA,1990,2.011478
Burkina Faso,BFA,1991,2.3190968
Burkina Faso,BFA,1992,2.325031
Burkina Faso,BFA,1993,2.5051153
Burkina Faso,BFA,1994,2.7343433
Burkina Faso,BFA,1995,2.7343433
Burkina Faso,BFA,1996,2.8650947
Burkina Faso,BFA,1997,4.7238097
Burkina Faso,BFA,1998,4.3195667
Burkina Faso,BFA,1999,4.319567
Burkina Faso,BFA,2000,3.9691215
Burkina Faso,BFA,2001,4.5062957
Burkina Faso,BFA,2002,4.657671
Burkina Faso,BFA,2003,5.1331687
Burkina Faso,BFA,2004,4.5515366
Burkina Faso,BFA,2005,4.831989
Burkina Faso,BFA,2006,4.8039484
Burkina Faso,BFA,2007,6.887949
Burkina Faso,BFA,2008,7.482193
Burkina Faso,BFA,2009,7.0027966
Burkina Faso,BFA,2010,7.476778
Burkina Faso,BFA,2011,8.601587
Burkina Faso,BFA,2012,10.21716
Burkina Faso,BFA,2013,12.365702
Burkina Faso,BFA,2014,11.542864
Burkina Faso,BFA,2015,14.916342
Burkina Faso,BFA,2016,13.98733
Burkina Faso,BFA,2017,16.355364
Burkina Faso,BFA,2018,18.096392
Burkina Faso,BFA,2019,18.557678
Burkina Faso,BFA,2020,18.235909
Burkina Faso,BFA,2021,20.980728
Burkina Faso,BFA,2022,20.884918
Burkina Faso,BFA,2023,22.563828
Burkina Faso,BFA,2024,23.098284
Burundi,BDI,1980,0.42211458
Burundi,BDI,1981,0.4810986
Burundi,BDI,1982,0.42096123
Burundi,BDI,1983,0.4810986
Burundi,BDI,1984,0.6030208
Burundi,BDI,1985,0.60137326
Burundi,BDI,1986,0.60882425
Burundi,BDI,1987,0.64891374
Burundi,BDI,1988,1.0373099
Burundi,BDI,1989,1.1860723
Burundi,BDI,1990,1.2486948
Burundi,BDI,1991,1.4344499
Burundi,BDI,1992,1.3191813
Burundi,BDI,1993,1.4962255
Burundi,BDI,1994,1.5585362
Burundi,BDI,1995,1.4962255
Burundi,BDI,1996,1.5676583
Burundi,BDI,1997,1.5634781
Burundi,BDI,1998,1.6257888
Burundi,BDI,1999,1.6257913
Burundi,BDI,2000,1.3293649
Burundi,BDI,2001,1.026774
Burundi,BDI,2002,0.9204143
Burundi,BDI,2003,0.7299917
Burundi,BDI,2004,0.9164431
Burundi,BDI,2005,0.7292908
Burundi,BDI,2006,0.90746593
Burundi,BDI,2007,1.542951
Burundi,BDI,2008,0.89008486
Burundi,BDI,2009,0.86416024
Burundi,BDI,2010,1.307357
Burundi,BDI,2011,1.6594644
Burundi,BDI,2012,1.5087892
Burundi,BDI,2013,1.6844159
Burundi,BDI,2014,1.5492818
Burundi,BDI,2015,1.580961
Burundi,BDI,2016,1.7532092
Burundi,BDI,2017,2.1143034
Burundi,BDI,2018,2.7692432
Burundi,BDI,2019,2.8081717
Burundi,BDI,2020,3.227961
Burundi,BDI,2021,3.1602793
Burundi,BDI,2022,3.704316
Burundi,BDI,2023,3.3044379
Burundi,BDI,2024,3.431812
CIS (EI),,1965,1994.8496
CIS (EI),,1966,2136.2473
CIS (EI),,1967,2327.5437
CIS (EI),,1968,2481.1162
CIS (EI),,1969,2638.379
CIS (EI),,1970,2904.4417
CIS (EI),,1971,3079.17
CIS (EI),,1972,3339.661
CIS (EI),,1973,3590.3984
CIS (EI),,1974,3944.1707
CIS (EI),,1975,4134.5967
CIS (EI),,1976,4248.6206
CIS (EI),,1977,4418.7495
CIS (EI),,1978,4689.1055
CIS (EI),,1979,4771.3433
CIS (EI),,1980,5001.7017
CIS (EI),,1981,5045.3105
CIS (EI),,1982,5008.4785
CIS (EI),,1983,4935.318
CIS (EI),,1984,4936.03
CIS (EI),,1985,3917.5063
CIS (EI),,1986,3967.7454
CIS (EI),,1987,3977.7102
CIS (EI),,1988,3953.7275
CIS (EI),,1989,3984.6821
CIS (EI),,1990,4007.0876
CIS (EI),,1991,3861.4924
CIS (EI),,1992,3598.2402
CIS (EI),,1993,2954.247
CIS (EI),,1994,2562.1106
CIS (EI),,1995,2263.3735
CIS (EI),,1996,1986.0804
CIS (EI),,1997,1960.9717
CIS (EI),,1998,1881.0656
CIS (EI),,1999,1881.6364
CIS (EI),,2000,1865.8809
CIS (EI),,2001,1878.3611
CIS (EI),,2002,1831.7523
CIS (EI),,2003,1921.0587
CIS (EI),,2004,1898.3395
CIS (EI),,2005,1897.1459
CIS (EI),,2006,1998.4056
CIS (EI),,2007,1995.0145
CIS (EI),,2008,2034.1592
CIS (EI),,2009,1949.0272
CIS (EI),,2010,1998.8063
CIS (EI),,2011,2173.1362
CIS (EI),,2012,2272.483
CIS (EI),,2013,2263.2578
CIS (EI),,2014,2360.2786
CIS (EI),,2015,2272.1172
CIS (EI),,2016,2309.4707
CIS (EI),,2017,2306.993
CIS (EI),,2018,2362.3425
CIS (EI),,2019,2404.6282
CIS (EI),,2020,2297.1467
CIS (EI),,2021,2458.6392
CIS (EI),,2022,2520.0518
CIS (EI),,2023,2560.1438
CIS (EI),,2024,2569.8755
CIS (EI),,2025,2593.8633
Cambodia,KHM,1980,1.1736426
Cambodia,KHM,1981,1.2320379
Cambodia,KHM,1982,1.3552417
Cambodia,KHM,1983,1.5400473
Cambodia,KHM,1984,1.7295786
Cambodia,KHM,1985,1.724853
Cambodia,KHM,1986,1.724853
Cambodia,KHM,1987,1.724853
Cambodia,KHM,1988,1.8578342
Cambodia,KHM,1989,1.852758
Cambodia,KHM,1990,1.852758
Cambodia,KHM,1991,1.9712604
Cambodia,KHM,1992,1.9766612
Cambodia,KHM,1993,1.9712604
Cambodia,KHM,1994,1.9712604
Cambodia,KHM,1995,5.987324
Cambodia,KHM,1996,6.589561
Cambodia,KHM,1997,7.865541
Cambodia,KHM,1998,9.243509
Cambodia,KHM,1999,9.537947
Cambodia,KHM,2000,8.819208
Cambodia,KHM,2001,9.396868
Cambodia,KHM,2002,9.3768
Cambodia,KHM,2003,10.139067
Cambodia,KHM,2004,10.482717
Cambodia,KHM,2005,11.848851
Cambodia,KHM,2006,12.800919
Cambodia,KHM,2007,14.872015
Cambodia,KHM,2008,14.773473
Cambodia,KHM,2009,18.028505
Cambodia,KHM,2010,20.270653
Cambodia,KHM,2011,20.526402
Cambodia,KHM,2012,21.615805
Cambodia,KHM,2013,21.587738
Cambodia,KHM,2014,22.426058
Cambodia,KHM,2015,25.356031
Cambodia,KHM,2016,28.201645
Cambodia,KHM,2017,29.365858
Cambodia,KHM,2018,30.259377
Cambodia,KHM,2019,37.56357
Cambodia,KHM,2020,38.537575
Cambodia,KHM,2021,39.271027
Cambodia,KHM,2022,39.343735
Cambodia,KHM,2023,41.482502
Cambodia,KHM,2024,42.52755
Cameroon,CMR,1980,9.688607
Cameroon,CMR,1981,9.662135
Cameroon,CMR,1982,11.473785
Cameroon,CMR,1983,11.473785
Cameroon,CMR,1984,11.505221
Cameroon,CMR,1985,12.077669
Cameroon,CMR,1986,13.432657
Cameroon,CMR,1987,12.399044
Cameroon,CMR,1988,11.917397
Cameroon,CMR,1989,14.618125
Cameroon,CMR,1990,14.822279
Cameroon,CMR,1991,14.903234
Cameroon,CMR,1992,15.131766
Cameroon,CMR,1993,12.490355
Cameroon,CMR,1994,13.758956
Cameroon,CMR,1995,14.09295
Cameroon,CMR,1996,13.631765
Cameroon,CMR,1997,14.193236
Cameroon,CMR,1998,14.137526
Cameroon,CMR,1999,12.997857
Cameroon,CMR,2000,13.589343
Cameroon,CMR,2001,13.2874
Cameroon,CMR,2002,13.961942
Cameroon,CMR,2003,14.651691
Cameroon,CMR,2004,14.685824
Cameroon,CMR,2005,14.22598
Cameroon,CMR,2006,17.101706
Cameroon,CMR,2007,18.817482
Cameroon,CMR,2008,18.204596
Cameroon,CMR,2009,21.171139
Cameroon,CMR,2010,23.156122
Cameroon,CMR,2011,25.46195
Cameroon,CMR,2012,23.56799
Cameroon,CMR,2013,18.386297
Cameroon,CMR,2014,25.39599
Cameroon,CMR,2015,24.257027
Cameroon,CMR,2016,22.777601
Cameroon,CMR,2017,22.708906
Cameroon,CMR,2018,23.811779
Cameroon,CMR,2019,23.07689
Cameroon,CMR,2020,22.083778
Cameroon,CMR,2021,22.051233
Cameroon,CMR,2022,23.34718
Cameroon,CMR,2023,22.30115
Cameroon,CMR,2024,22.869375
Canada,CAN,1965,642.81793
Canada,CAN,1966,677.2622
Canada,CAN,1967,723.1062
Canada,CAN,1968,769.79315
Canada,CAN,1969,801.5453
Canada,CAN,1970,854.8003
Canada,CAN,1971,877.8504
Canada,CAN,1972,924.3329
Canada,CAN,1973,1009.6328
Canada,CAN,1974,1027.002
Canada,CAN,1975,1013.2218
Canada,CAN,1976,1037.8885
Canada,CAN,1977,1046.0139
Canada,CAN,1978,1079.6921
Canada,CAN,1979,1121.5848
Canada,CAN,1980,1101.6031
Canada,CAN,1981,1043.3729
Canada,CAN,1982,947.2694
Canada,CAN,1983,890.69574
Canada,CAN,1984,899.10645
Canada,CAN,1985,903.0235
Canada,CAN,1986,923.06506
Canada,CAN,1987,952.62946
Canada,CAN,1988,1002.7983
Canada,CAN,1989,1041.8708
Canada,CAN,1990,962.80804
Canada,CAN,1991,912.6727
Canada,CAN,1992,936.4967
Canada,CAN,1993,948.5795
Canada,CAN,1994,968.85803
Canada,CAN,1995,1016.6471
Canada,CAN,1996,1041.7711
Canada,CAN,1997,1073.6844
Canada,CAN,1998,1094.4218
Canada,CAN,1999,1115.5518
Canada,CAN,2000,1109.1815
Canada,CAN,2001,1140.4631
Canada,CAN,2002,1183.052
Canada,CAN,2003,1227.1875
Canada,CAN,2004,1280.9209
Canada,CAN,2005,1249.2891
Canada,CAN,2006,1258.3512
Canada,CAN,2007,1293.1274
Canada,CAN,2008,1248.0162
Canada,CAN,2009,1217.6193
Canada,CAN,2010,1274.7833
Canada,CAN,2011,1274.2324
Canada,CAN,2012,1279.8774
Canada,CAN,2013,1280.9572
Canada,CAN,2014,1274.6526
Canada,CAN,2015,1279.2744
Canada,CAN,2016,1264.538
Canada,CAN,2017,1248.1077
Canada,CAN,2018,1286.7333
Canada,CAN,2019,1281.9668
Canada,CAN,2020,1105.0455
Canada,CAN,2021,1135.7786
Canada,CAN,2022,1182.8314
Canada,CAN,2023,1194.7108
Canada,CAN,2024,1210.5216
Canada,CAN,2025,1221.9738
Cape Verde,CPV,1980,1.1999329
Cape Verde,CPV,1981,1.1966546
Cape Verde,CPV,1982,0.51285195
Cape Verde,CPV,1983,0.51285195
Cape Verde,CPV,1984,0.62853634
Cape Verde,CPV,1985,0.626819
Cape Verde,CPV,1986,0.19242775
Cape Verde,CPV,1987,0.20432143
Cape Verde,CPV,1988,0.28217378
Cape Verde,CPV,1989,0.3438475
Cape Verde,CPV,1990,0.3438475
Cape Verde,CPV,1991,0.3438475
Cape Verde,CPV,1992,0.40713635
Cape Verde,CPV,1993,0.40615806
Cape Verde,CPV,1994,0.47519612
Cape Verde,CPV,1995,0.4622158
Cape Verde,CPV,1996,0.5206271
Cape Verde,CPV,1997,0.51937515
Cape Verde,CPV,1998,0.51937515
Cape Verde,CPV,1999,0.5193815
Cape Verde,CPV,2000,1.3423747
Cape Verde,CPV,2001,1.5027535
Cape Verde,CPV,2002,1.6349872
Cape Verde,CPV,2003,1.6280296
Cape Verde,CPV,2004,1.7788825
Cape Verde,CPV,2005,2.784365
Cape Verde,CPV,2006,2.956906
Cape Verde,CPV,2007,3.2978532
Cape Verde,CPV,2008,3.3454304
Cape Verde,CPV,2009,3.1651838
Cape Verde,CPV,2010,3.3987668
Cape Verde,CPV,2011,3.9870286
Cape Verde,CPV,2012,3.4430606
Cape Verde,CPV,2013,3.3512979
Cape Verde,CPV,2014,3.61393
Cape Verde,CPV,2015,3.5863247
Cape Verde,CPV,2016,3.763598
Cape Verde,CPV,2017,4.028631
Cape Verde,CPV,2018,3.2995083
Cape Verde,CPV,2019,3.5246134
Cape Verde,CPV,2020,2.6159787
Cape Verde,CPV,2021,2.9042554
Cape Verde,CPV,2022,2.913399
Cape Verde,CPV,2023,2.8605027
Cape Verde,CPV,2024,2.951077
Cayman Islands,CYM,1980,0.41338104
Cayman Islands,CYM,1981,0.47114468
Cayman Islands,CYM,1982,0.47114468
Cayman Islands,CYM,1983,0.41225162
Cayman Islands,CYM,1984,0.4724355
Cayman Islands,CYM,1985,0.47114468
Cayman Islands,CYM,1986,0.44532594
Cayman Islands,CYM,1987,0.4703389
Cayman Islands,CYM,1988,1.1454084
Cayman Islands,CYM,1989,1.1424204
Cayman Islands,CYM,1990,1.2143104
Cayman Islands,CYM,1991,1.2019284
Cayman Islands,CYM,1992,1.2191224
Cayman Islands,CYM,1993,1.155316
Cayman Islands,CYM,1994,1.3328128
Cayman Islands,CYM,1995,1.4279207
Cayman Islands,CYM,1996,1.4318328
Cayman Islands,CYM,1997,1.4281782
Cayman Islands,CYM,1998,1.4281782
Cayman Islands,CYM,1999,1.4281842
Cayman Islands,CYM,2000,2.0827904
Cayman Islands,CYM,2001,2.1090996
Cayman Islands,CYM,2002,2.1863043
Cayman Islands,CYM,2003,2.2145648
Cayman Islands,CYM,2004,2.0931861
Cayman Islands,CYM,2005,2.1548247
Cayman Islands,CYM,2006,2.1855607
Cayman Islands,CYM,2007,2.6120863
Cayman Islands,CYM,2008,2.6823697
Cayman Islands,CYM,2009,2.4890695
Cayman Islands,CYM,2010,2.5006146
Cayman Islands,CYM,2011,2.6326067
Cayman Islands,CYM,2012,2.4322448
Cayman Islands,CYM,2013,2.4009464
Cayman Islands,CYM,2014,2.4414272
Cayman Islands,CYM,2015,2.5824666
Cayman Islands,CYM,2016,2.5423298
Cayman Islands,CYM,2017,2.930982
Cayman Islands,CYM,2018,3.0707226
Cayman Islands,CYM,2019,3.3709707
Cayman Islands,CYM,2020,2.9110427
Cayman Islands,CYM,2021,2.8024395
Cayman Islands,CYM,2022,3.0898013
Cayman Islands,CYM,2023,3.491766
Cayman Islands,CYM,2024,3.528492
Central African Republic,CAF,1980,0.6034042
Central African Republic,CAF,1981,0.78228223
Central African Republic,CAF,1982,0.8424578
Central African Republic,CAF,1983,0.90263337
Central African Republic,CAF,1984,0.84476596
Central African Republic,CAF,1985,0.8424578
Central African Republic,CAF,1986,1.0229845
Central African Republic,CAF,1987,0.9398453
Central African Republic,CAF,1988,0.9423321
Central African Republic,CAF,1989,0.9398453
Central African Republic,CAF,1990,1.0083108
Central African Republic,CAF,1991,1.0706214
Central African Republic,CAF,1992,1.017074
Central African Republic,CAF,1993,1.1312739
Central African Republic,CAF,1994,1.1919265
Central African Republic,CAF,1995,1.1917919
Central African Republic,CAF,1996,1.2575384
Central African Republic,CAF,1997,1.254237
Central African Republic,CAF,1998,1.254237
Central African Republic,CAF,1999,1.2542412
Central African Republic,CAF,2000,1.1980928
Central African Republic,CAF,2001,1.2370919
Central African Republic,CAF,2002,1.2239599
Central African Republic,CAF,2003,1.1342187
Central African Republic,CAF,2004,1.1147192
Central African Republic,CAF,2005,1.0922303
Central African Republic,CAF,2006,1.1335058
Central African Republic,CAF,2007,1.134447
Central African Republic,CAF,2008,0.8428776
Central African Republic,CAF,2009,0.8033455
Central African Republic,CAF,2010,0.828283
Central African Republic,CAF,2011,0.9059301
Central African Republic,CAF,2012,0.931867
Central African Republic,CAF,2013,0.6089159
Central African Republic,CAF,2014,0.673895
Central African Republic,CAF,2015,0.9714421
Central African Republic,CAF,2016,1.0487471
Central African Republic,CAF,2017,1.1012616
Central African Republic,CAF,2018,1.1772108
Central African Republic,CAF,2019,1.4165746
Central African Republic,CAF,2020,1.4655869
Central African Republic,CAF,2021,1.6059328
Central African Republic,CAF,2022,1.6486478
Central African Republic,CAF,2023,1.6578854
Central African Republic,CAF,2024,1.7601937
Chad,TCD,1980,1.2080185
Chad,TCD,1981,1.1444821
Chad,TCD,1982,1.1444821
Chad,TCD,1983,1.1444821
Chad,TCD,1984,0.54360837
Chad,TCD,1985,0.6625949
Chad,TCD,1986,1.1444821
Chad,TCD,1987,1.0165235
Chad,TCD,1988,0.6175283
Chad,TCD,1989,0.67715615
Chad,TCD,1990,1.4191221
Chad,TCD,1991,1.3876057
Chad,TCD,1992,1.3914074
Chad,TCD,1993,0.66766983
Chad,TCD,1994,0.7299804
Chad,TCD,1995,0.7299804
Chad,TCD,1996,0.7319804
Chad,TCD,1997,0.7906329
Chad,TCD,1998,0.7906329
Chad,TCD,1999,0.7906329
Chad,TCD,2000,1.0321127
Chad,TCD,2001,0.9906296
Chad,TCD,2002,0.9778943
Chad,TCD,2003,0.96663195
Chad,TCD,2004,1.0184119
Chad,TCD,2005,1.0961043
Chad,TCD,2006,1.1126602
Chad,TCD,2007,1.227904
Chad,TCD,2008,1.2876309
Chad,TCD,2009,1.403835
Chad,TCD,2010,1.5571327
Chad,TCD,2011,2.2286997
Chad,TCD,2012,3.8341696
Chad,TCD,2013,3.9773998
Chad,TCD,2014,4.134983
Chad,TCD,2015,4.1932936
Chad,TCD,2016,4.1325855
Chad,TCD,2017,6.382103
Chad,TCD,2018,6.831485
Chad,TCD,2019,6.993297
Chad,TCD,2020,7.3644395
Chad,TCD,2021,8.209395
Chad,TCD,2022,8.231179
Chad,TCD,2023,7.5342097
Chad,TCD,2024,7.7263703
Chile,CHL,1965,41.014145
Chile,CHL,1966,44.942955
Chile,CHL,1967,46.931915
Chile,CHL,1968,49.473736
Chile,CHL,1969,52.70953
Chile,CHL,1970,55.66466
Chile,CHL,1971,61.719658
Chile,CHL,1972,63.9477
Chile,CHL,1973,61.419968
Chile,CHL,1974,59.826385
Chile,CHL,1975,52.450928
Chile,CHL,1976,54.49116
Chile,CHL,1977,56.65704
Chile,CHL,1978,60.19117
Chile,CHL,1979,62.90213
Chile,CHL,1980,63.652122
Chile,CHL,1981,63.548195
Chile,CHL,1982,58.228638
Chile,CHL,1983,57.603676
Chile,CHL,1984,56.838863
Chile,CHL,1985,54.993565
Chile,CHL,1986,58.100857
Chile,CHL,1987,60.680458
Chile,CHL,1988,67.06808
Chile,CHL,1989,75.09224
Chile,CHL,1990,79.35556
Chile,CHL,1991,88.48297
Chile,CHL,1992,95.84964
Chile,CHL,1993,104.486534
Chile,CHL,1994,112.2142
Chile,CHL,1995,123.3562
Chile,CHL,1996,130.98291
Chile,CHL,1997,140.88297
Chile,CHL,1998,144.0185
Chile,CHL,1999,145.66054
Chile,CHL,2000,139.07542
Chile,CHL,2001,135.44453
Chile,CHL,2002,137.69225
Chile,CHL,2003,136.51785
Chile,CHL,2004,150.5013
Chile,CHL,2005,155.2119
Chile,CHL,2006,160.48915
Chile,CHL,2007,200.30363
Chile,CHL,2008,211.0859
Chile,CHL,2009,198.59944
Chile,CHL,2010,182.12953
Chile,CHL,2011,189.07631
Chile,CHL,2012,196.13608
Chile,CHL,2013,195.0727
Chile,CHL,2014,193.4745
Chile,CHL,2015,190.19441
Chile,CHL,2016,200.91751
Chile,CHL,2017,204.00139
Chile,CHL,2018,211.3997
Chile,CHL,2019,210.55197
Chile,CHL,2020,192.55576
Chile,CHL,2021,211.37491
Chile,CHL,2022,228.23827
Chile,CHL,2023,225.66283
Chile,CHL,2024,223.49379
Chile,CHL,2025,221.62617
China,CHN,1965,129.06253
China,CHN,1966,165.79991
China,CHN,1967,163.69286
China,CHN,1968,179.03458
China,CHN,1969,240.04433
China,CHN,1970,332.04556
China,CHN,1971,451.57767
China,CHN,1972,519.69653
China,CHN,1973,633.9831
China,CHN,1974,729.073
China,CHN,1975,804.07825
China,CHN,1976,919.1864
China,CHN,1977,971.04175
China,CHN,1978,1076.637
China,CHN,1979,1079.2996
China,CHN,1980,972.5329
China,CHN,1981,921.53076
China,CHN,1982,911.753
China,CHN,1983,930.0993
China,CHN,1984,964.89026
China,CHN,1985,1010.6004
China,CHN,1986,1074.4205
China,CHN,1987,1142.2338
China,CHN,1988,1229.3582
China,CHN,1989,1287.7268
China,CHN,1990,1274.5725
China,CHN,1991,1379.1438
China,CHN,1992,1495.912
China,CHN,1993,1663.7761
China,CHN,1994,1690.6384
China,CHN,1995,1825.6307
China,CHN,1996,2023.0287
China,CHN,1997,2221.5454
China,CHN,1998,2287.5908
China,CHN,1999,2437.2449
China,CHN,2000,2626.896
China,CHN,2001,2683.249
China,CHN,2002,2895.598
China,CHN,2003,3234.7625
China,CHN,2004,3777.772
China,CHN,2005,3838.4873
China,CHN,2006,4116.769
China,CHN,2007,4313.5674
China,CHN,2008,4408.092
China,CHN,2009,4580.2983
China,CHN,2010,5214.49
China,CHN,2011,5390.7334
China,CHN,2012,5654.2993
China,CHN,2013,5907.4697
China,CHN,2014,6142.5166
China,CHN,2015,6609.8955
China,CHN,2016,6823.5786
China,CHN,2017,7183.172
China,CHN,2018,7528.741
China,CHN,2019,7765.0205
China,CHN,2020,7868.7983
China,CHN,2021,8148.1875
China,CHN,2022,8266.872
China,CHN,2023,9113.559
China,CHN,2024,9173.435
China,CHN,2025,9401.396
Colombia,COL,1965,54.81988
Colombia,COL,1966,65.52585
Colombia,COL,1967,65.62976
Colombia,COL,1968,70.64008
Colombia,COL,1969,67.85545
Colombia,COL,1970,76.955696
Colombia,COL,1971,79.72807
Colombia,COL,1972,94.19158
Colombia,COL,1973,86.37416
Colombia,COL,1974,95.579155
Colombia,COL,1975,83.72641
Colombia,COL,1976,88.36318
Colombia,COL,1977,90.42546
Colombia,COL,1978,89.24454
Colombia,COL,1979,90.73787
Colombia,COL,1980,90.631485
Colombia,COL,1981,91.13236
Colombia,COL,1982,90.20119
Colombia,COL,1983,93.80195
Colombia,COL,1984,90.141556
Colombia,COL,1985,92.12477
Colombia,COL,1986,93.89373
Colombia,COL,1987,99.94208
Colombia,COL,1988,104.761086
Colombia,COL,1989,107.60375
Colombia,COL,1990,114.30004
Colombia,COL,1991,114.3731
Colombia,COL,1992,124.484375
Colombia,COL,1993,128.17464
Colombia,COL,1994,134.27097
Colombia,COL,1995,144.16035
Colombia,COL,1996,153.02666
Colombia,COL,1997,152.27388
Colombia,COL,1998,151.26253
Colombia,COL,1999,135.5822
Colombia,COL,2000,132.67795
Colombia,COL,2001,131.99512
Colombia,COL,2002,130.75987
Colombia,COL,2003,130.62411
Colombia,COL,2004,141.36633
Colombia,COL,2005,140.03333
Colombia,COL,2006,149.5254
Colombia,COL,2007,153.0895
Colombia,COL,2008,150.89616
Colombia,COL,2009,151.37347
Colombia,COL,2010,159.77957
Colombia,COL,2011,168.5069
Colombia,COL,2012,180.10788
Colombia,COL,2013,188.60779
Colombia,COL,2014,199.76581
Colombia,COL,2015,200.19046
Colombia,COL,2016,224.96028
Colombia,COL,2017,216.85837
Colombia,COL,2018,225.28008
Colombia,COL,2019,228.79741
Colombia,COL,2020,193.92703
Colombia,COL,2021,227.7575
Colombia,COL,2022,257.96872
Colombia,COL,2023,251.48056
Colombia,COL,2024,247.74004
Colombia,COL,2025,246.39134
Comoros,COM,1980,0.18550615
Comoros,COM,1981,0.1849993
Comoros,COM,1982,0.1849993
Comoros,COM,1983,0.1849993
Comoros,COM,1984,0.18550615
Comoros,COM,1985,0.1849993
Comoros,COM,1986,0.10084312
Comoros,COM,1987,0.21927792
Comoros,COM,1988,0.21961977
Comoros,COM,1989,0.21927792
Comoros,COM,1990,0.26049054
Comoros,COM,1991,0.25121677
Comoros,COM,1992,0.25172865
Comoros,COM,1993,0.25121677
Comoros,COM,1994,0.25121677
Comoros,COM,1995,0.25104088
Comoros,COM,1996,0.25172865
Comoros,COM,1997,0.25121677
Comoros,COM,1998,0.3074086
Comoros,COM,1999,0.30741367
Comoros,COM,2000,0.4323954
Comoros,COM,2001,0.4514983
Comoros,COM,2002,0.4514983
Comoros,COM,2003,0.5765951
Comoros,COM,2004,0.6313568
Comoros,COM,2005,0.6058862
Comoros,COM,2006,0.7076585
Comoros,COM,2007,0.4627449
Comoros,COM,2008,0.47205627
Comoros,COM,2009,0.5790325
Comoros,COM,2010,0.6904112
Comoros,COM,2011,0.61883914
Comoros,COM,2012,0.6497596
Comoros,COM,2013,0.7797128
Comoros,COM,2014,0.6958874
Comoros,COM,2015,0.75132287
Comoros,COM,2016,0.8819074
Comoros,COM,2017,1.1357031
Comoros,COM,2018,0.82386965
Comoros,COM,2019,0.90752095
Comoros,COM,2020,1.0705446
Comoros,COM,2021,1.6089895
Comoros,COM,2022,1.7252567
Comoros,COM,2023,1.4970129
Comoros,COM,2024,1.57834
Congo,COG,1980,2.8973687
Congo,COG,1981,3.4673429
Congo,COG,1982,2.8894525
Congo,COG,1983,2.3115618
Congo,COG,1984,2.317895
Congo,COG,1985,3.2939758
Congo,COG,1986,3.4115303
Congo,COG,1987,3.81662
Congo,COG,1988,3.3693674
Congo,COG,1989,3.81662
Congo,COG,1990,4.1517467
Congo,COG,1991,3.6383824
Congo,COG,1992,3.5546114
Congo,COG,1993,3.2678447
Congo,COG,1994,3.1434908
Congo,COG,1995,3.1470423
Congo,COG,1996,3.0995867
Congo,COG,1997,3.0189233
Congo,COG,1998,3.0290747
Congo,COG,1999,2.5386665
Congo,COG,2000,2.7140434
Congo,COG,2001,3.4699872
Congo,COG,2002,2.801539
Congo,COG,2003,3.6322403
Congo,COG,2004,3.9369824
Congo,COG,2005,4.4186907
Congo,COG,2006,5.1136856
Congo,COG,2007,5.9614906
Congo,COG,2008,6.45144
Congo,COG,2009,7.4067135
Congo,COG,2010,8.216325
Congo,COG,2011,9.058709
Congo,COG,2012,8.971216
Congo,COG,2013,10.226799
Congo,COG,2014,10.4551325
Congo,COG,2015,10.375547
Congo,COG,2016,10.076139
Congo,COG,2017,8.631935
Congo,COG,2018,7.945539
Congo,COG,2019,5.756317
Congo,COG,2020,6.6217265
Congo,COG,2021,6.7821865
Congo,COG,2022,6.7520113
Congo,COG,2023,8.195644
Congo,COG,2024,8.394728
Cook Islands,COK,1980,0.12274579
Cook Islands,COK,1981,0.24482083
Cook Islands,COK,1982,0.24482083
Cook Islands,COK,1983,0.24482083
Cook Islands,COK,1984,0.24549158
Cook Islands,COK,1985,0.24482083
Cook Islands,COK,1986,0.18361562
Cook Islands,COK,1987,0.18361562
Cook Islands,COK,1988,0.18411867
Cook Islands,COK,1989,0.18361562
Cook Islands,COK,1990,0.18361562
Cook Islands,COK,1991,0.12627813
Cook Islands,COK,1992,0.18411867
Cook Islands,COK,1993,0.18361562
Cook Islands,COK,1994,0.18361562
Cook Islands,COK,1995,0.18361562
Cook Islands,COK,1996,0.18411867
Cook Islands,COK,1997,0.18361562
Cook Islands,COK,1998,0.18361562
Cook Islands,COK,1999,0.18361562
Cook Islands,COK,2000,0.27354917
Cook Islands,COK,2001,0.26091316
Cook Islands,COK,2002,0.14123702
Cook Islands,COK,2003,0.13024695
Cook Islands,COK,2004,0.22113009
Cook Islands,COK,2005,0.35416827
Cook Islands,COK,2006,0.3773819
Cook Islands,COK,2007,0.3183724
Cook Islands,COK,2008,0.32710525
Cook Islands,COK,2009,0.30134323
Cook Islands,COK,2010,0.35799882
Cook Islands,COK,2011,0.40174907
Cook Islands,COK,2012,0.4259596
Cook Islands,COK,2013,0.4236463
Cook Islands,COK,2014,0.446817
Cook Islands,COK,2015,0.4128601
Cook Islands,COK,2016,0.4275685
Cook Islands,COK,2017,0.45500675
Cook Islands,COK,2018,0.45533282
Cook Islands,COK,2019,0.45752206
Cook Islands,COK,2020,0.31615922
Cook Islands,COK,2021,0.33118498
Cook Islands,COK,2022,0.398477
Cook Islands,COK,2023,0.45666334
Cook Islands,COK,2024,0.48591506
Costa Rica,CRI,1980,9.770998
Costa Rica,CRI,1981,9.744302
Costa Rica,CRI,1982,9.1352825
Costa Rica,CRI,1983,9.744302
Costa Rica,CRI,1984,8.5496235
Costa Rica,CRI,1985,9.1352825
Costa Rica,CRI,1986,8.221754
Costa Rica,CRI,1987,9.638252
Costa Rica,CRI,1988,11.099305
Costa Rica,CRI,1989,12.044939
Costa Rica,CRI,1990,11.41197
Costa Rica,CRI,1991,12.130001
Costa Rica,CRI,1992,15.321495
Costa Rica,CRI,1993,16.595194
Costa Rica,CRI,1994,17.039711
Costa Rica,CRI,1995,18.79485
Costa Rica,CRI,1996,17.857494
Costa Rica,CRI,1997,18.84259
Costa Rica,CRI,1998,21.109594
Costa Rica,CRI,1999,23.24363
Costa Rica,CRI,2000,22.739405
Costa Rica,CRI,2001,22.816595
Costa Rica,CRI,2002,23.556479
Costa Rica,CRI,2003,24.396969
Costa Rica,CRI,2004,24.048357
Costa Rica,CRI,2005,25.931381
Costa Rica,CRI,2006,27.895828
Costa Rica,CRI,2007,30.339127
Costa Rica,CRI,2008,29.983925
Costa Rica,CRI,2009,28.45116
Costa Rica,CRI,2010,29.086313
Costa Rica,CRI,2011,29.467556
Costa Rica,CRI,2012,29.405966
Costa Rica,CRI,2013,30.50423
Costa Rica,CRI,2014,31.171595
Costa Rica,CRI,2015,30.301016
Costa Rica,CRI,2016,32.33917
Costa Rica,CRI,2017,33.54487
Costa Rica,CRI,2018,35.44781
Costa Rica,CRI,2019,35.066734
Costa Rica,CRI,2020,29.290068
Costa Rica,CRI,2021,33.376976
Costa Rica,CRI,2022,34.77347
Costa Rica,CRI,2023,38.34822
Costa Rica,CRI,2024,38.061558
Cote d'Ivoire,CIV,1980,17.33455
Cote d'Ivoire,CIV,1981,18.521988
Cote d'Ivoire,CIV,1982,17.28719
Cote d'Ivoire,CIV,1983,18.521988
Cote d'Ivoire,CIV,1984,17.953642
Cote d'Ivoire,CIV,1985,18.521988
Cote d'Ivoire,CIV,1986,19.448088
Cote d'Ivoire,CIV,1987,21.599617
Cote d'Ivoire,CIV,1988,22.553686
Cote d'Ivoire,CIV,1989,22.526636
Cote d'Ivoire,CIV,1990,18.71589
Cote d'Ivoire,CIV,1991,15.399783
Cote d'Ivoire,CIV,1992,15.494994
Cote d'Ivoire,CIV,1993,17.672562
Cote d'Ivoire,CIV,1994,18.107473
Cote d'Ivoire,CIV,1995,17.786198
Cote d'Ivoire,CIV,1996,18.59177
Cote d'Ivoire,CIV,1997,16.852898
Cote d'Ivoire,CIV,1998,16.125633
Cote d'Ivoire,CIV,1999,18.114662
Cote d'Ivoire,CIV,2000,18.147932
Cote d'Ivoire,CIV,2001,17.548357
Cote d'Ivoire,CIV,2002,17.976158
Cote d'Ivoire,CIV,2003,13.974698
Cote d'Ivoire,CIV,2004,16.998478
Cote d'Ivoire,CIV,2005,21.680153
Cote d'Ivoire,CIV,2006,15.618456
Cote d'Ivoire,CIV,2007,14.727421
Cote d'Ivoire,CIV,2008,16.712683
Cote d'Ivoire,CIV,2009,15.081647
Cote d'Ivoire,CIV,2010,16.670412
Cote d'Ivoire,CIV,2011,14.093828
Cote d'Ivoire,CIV,2012,20.411665
Cote d'Ivoire,CIV,2013,23.039717
Cote d'Ivoire,CIV,2014,24.777702
Cote d'Ivoire,CIV,2015,26.060791
Cote d'Ivoire,CIV,2016,30.248495
Cote d'Ivoire,CIV,2017,29.287786
Cote d'Ivoire,CIV,2018,29.732178
Cote d'Ivoire,CIV,2019,31.262379
Cote d'Ivoire,CIV,2020,29.044338
Cote d'Ivoire,CIV,2021,38.24073
Cote d'Ivoire,CIV,2022,47.75857
Cote d'Ivoire,CIV,2023,51.569527
Cote d'Ivoire,CIV,2024,52.806065
Croatia,HRV,1990,54.275616
Croatia,HRV,1991,38.496254
Croatia,HRV,1992,38.496254
Croatia,HRV,1993,40.6735
Croatia,HRV,1994,41.96201
Croatia,HRV,1995,46.48947
Croatia,HRV,1996,44.09095
Croatia,HRV,1997,47.088192
Croatia,HRV,1998,53.074535
Croatia,HRV,1999,52.55279
Croatia,HRV,2000,46.74931
Croatia,HRV,2001,47.907486
Croatia,HRV,2002,50.18211
Croatia,HRV,2003,55.533672
Croatia,HRV,2004,52.103424
Croatia,HRV,2005,53.632507
Croatia,HRV,2006,54.472057
Croatia,HRV,2007,55.770203
Croatia,HRV,2008,52.884552
Croatia,HRV,2009,51.64974
Croatia,HRV,2010,43.88788
Croatia,HRV,2011,41.734562
Croatia,HRV,2012,37.400105
Croatia,HRV,2013,35.97752
Croatia,HRV,2014,37.662575
Croatia,HRV,2015,39.127132
Croatia,HRV,2016,39.293175
Croatia,HRV,2017,42.001553
Croatia,HRV,2018,40.695423
Croatia,HRV,2019,39.723515
Croatia,HRV,2020,34.046947
Croatia,HRV,2021,35.994972
Croatia,HRV,2022,39.39885
Croatia,HRV,2023,43.744762
Croatia,HRV,2024,46.65919
Croatia,HRV,2025,48.559433
Cuba,CUB,1980,129.02626
Cuba,CUB,1981,131.20917
Cuba,CUB,1982,141.9848
Cuba,CUB,1983,130.57532
Cuba,CUB,1984,135.38223
Cuba,CUB,1985,137.54778
Cuba,CUB,1986,141.03403
Cuba,CUB,1987,138.78549
Cuba,CUB,1988,140.53784
Cuba,CUB,1989,143.00998
Cuba,CUB,1990,139.2583
Cuba,CUB,1991,130.14844
Cuba,CUB,1992,115.45265
Cuba,CUB,1993,114.324234
Cuba,CUB,1994,115.60724
Cuba,CUB,1995,118.419395
Cuba,CUB,1996,121.46169
Cuba,CUB,1997,126.46714
Cuba,CUB,1998,123.89662
Cuba,CUB,1999,104.795525
Cuba,CUB,2000,99.860176
Cuba,CUB,2001,94.52531
Cuba,CUB,2002,95.08156
Cuba,CUB,2003,97.0383
Cuba,CUB,2004,98.274185
Cuba,CUB,2005,97.45835
Cuba,CUB,2006,95.043396
Cuba,CUB,2007,93.93931
Cuba,CUB,2008,102.39232
Cuba,CUB,2009,103.311745
Cuba,CUB,2010,120.58053
Cuba,CUB,2011,107.55653
Cuba,CUB,2012,117.79039
Cuba,CUB,2013,111.49364
Cuba,CUB,2014,112.823616
Cuba,CUB,2015,112.58177
Cuba,CUB,2016,85.06481
Cuba,CUB,2017,93.04071
Cuba,CUB,2018,98.9083
Cuba,CUB,2019,89.59776
Cuba,CUB,2020,82.29264
Cuba,CUB,2021,81.988594
Cuba,CUB,2022,83.16905
Cuba,CUB,2023,72.95732
Cuba,CUB,2024,72.94479
Cyprus,CYP,1965,4.68025
Cyprus,CYP,1966,5.338632
Cyprus,CYP,1967,5.7872543
Cyprus,CYP,1968,6.427252
Cyprus,CYP,1969,7.5897937
Cyprus,CYP,1970,8.004829
Cyprus,CYP,1971,9.548514
Cyprus,CYP,1972,10.737023
Cyprus,CYP,1973,11.51917
Cyprus,CYP,1974,10.213084
Cyprus,CYP,1975,8.53023
Cyprus,CYP,1976,8.673059
Cyprus,CYP,1977,9.796984
Cyprus,CYP,1978,10.044486
Cyprus,CYP,1979,10.192833
Cyprus,CYP,1980,10.278665
Cyprus,CYP,1981,9.8561945
Cyprus,CYP,1982,11.813791
Cyprus,CYP,1983,12.43068
Cyprus,CYP,1984,12.612489
Cyprus,CYP,1985,12.483789
Cyprus,CYP,1986,13.480528
Cyprus,CYP,1987,15.873595
Cyprus,CYP,1988,16.996016
Cyprus,CYP,1989,17.556082
Cyprus,CYP,1990,17.986336
Cyprus,CYP,1991,20.233238
Cyprus,CYP,1992,22.216942
Cyprus,CYP,1993,22.379316
Cyprus,CYP,1994,23.424461
Cyprus,CYP,1995,23.420832
Cyprus,CYP,1996,24.670517
Cyprus,CYP,1997,25.246805
Cyprus,CYP,1998,26.736946
Cyprus,CYP,1999,28.499268
Cyprus,CYP,2000,29.65956
Cyprus,CYP,2001,29.816418
Cyprus,CYP,2002,29.650955
Cyprus,CYP,2003,32.114952
Cyprus,CYP,2004,30.368706
Cyprus,CYP,2005,33.615273
Cyprus,CYP,2006,34.067783
Cyprus,CYP,2007,34.705082
Cyprus,CYP,2008,35.186115
Cyprus,CYP,2009,34.558422
Cyprus,CYP,2010,33.494812
Cyprus,CYP,2011,33.08647
Cyprus,CYP,2012,30.692911
Cyprus,CYP,2013,27.209448
Cyprus,CYP,2014,27.281853
Cyprus,CYP,2015,27.93332
Cyprus,CYP,2016,30.44842
Cyprus,CYP,2017,30.85105
Cyprus,CYP,2018,30.818392
Cyprus,CYP,2019,30.82246
Cyprus,CYP,2020,26.219322
Cyprus,CYP,2021,27.011642
Cyprus,CYP,2022,28.822035
Cyprus,CYP,2023,28.717276
Cyprus,CYP,2024,29.478897
Cyprus,CYP,2025,30.26092
Czechia,CZE,1965,47.046886
Czechia,CZE,1966,51.94198
Czechia,CZE,1967,57.79913
Czechia,CZE,1968,63.84015
Czechia,CZE,1969,68.492935
Czechia,CZE,1970,82.32865
Czechia,CZE,1971,90.63971
Czechia,CZE,1972,99.17102
Czechia,CZE,1973,111.4943
Czechia,CZE,1974,114.321106
Czechia,CZE,1975,126.14466
Czechia,CZE,1976,133.33148
Czechia,CZE,1977,139.49129
Czechia,CZE,1978,144.35347
Czechia,CZE,1979,146.70984
Czechia,CZE,1980,136.44553
Czechia,CZE,1981,134.55257
Czechia,CZE,1982,123.24367
Czechia,CZE,1983,120.67317
Czechia,CZE,1984,128.27829
Czechia,CZE,1985,125.86781
Czechia,CZE,1986,120.88828
Czechia,CZE,1987,121.3741
Czechia,CZE,1988,116.66191
Czechia,CZE,1989,111.41667
Czechia,CZE,1990,107.68231
Czechia,CZE,1991,89.232994
Czechia,CZE,1992,95.83718
Czechia,CZE,1993,90.36996
Czechia,CZE,1994,92.62239
Czechia,CZE,1995,95.486176
Czechia,CZE,1996,98.157814
Czechia,CZE,1997,95.46335
Czechia,CZE,1998,99.520256
Czechia,CZE,1999,98.389786
Czechia,CZE,2000,95.24452
Czechia,CZE,2001,100.28989
Czechia,CZE,2002,97.966354
Czechia,CZE,2003,104.40125
Czechia,CZE,2004,115.301956
Czechia,CZE,2005,119.535675
Czechia,CZE,2006,118.68529
Czechia,CZE,2007,118.49603
Czechia,CZE,2008,119.433075
Czechia,CZE,2009,112.99638
Czechia,CZE,2010,110.31396
Czechia,CZE,2011,107.1883
Czechia,CZE,2012,105.899445
Czechia,CZE,2013,101.26759
Czechia,CZE,2014,107.95897
Czechia,CZE,2015,105.8309
Czechia,CZE,2016,98.44729
Czechia,CZE,2017,115.23312
Czechia,CZE,2018,116.064514
Czechia,CZE,2019,117.60352
Czechia,CZE,2020,102.484436
Czechia,CZE,2021,112.96381
Czechia,CZE,2022,115.55649
Czechia,CZE,2023,114.76657
Czechia,CZE,2024,118.8356
Czechia,CZE,2025,118.066414
Czechoslovakia,OWID_CZS,1980,228.12036
Czechoslovakia,OWID_CZS,1981,223.62329
Czechoslovakia,OWID_CZS,1982,208.33575
Czechoslovakia,OWID_CZS,1983,203.04123
Czechoslovakia,OWID_CZS,1984,190.64925
Czechoslovakia,OWID_CZS,1985,188.22838
Czechoslovakia,OWID_CZS,1986,186.01398
Czechoslovakia,OWID_CZS,1987,186.56097
Czechoslovakia,OWID_CZS,1988,177.04239
Czechoslovakia,OWID_CZS,1989,194.15396
Czechoslovakia,OWID_CZS,1990,181.22362
Czechoslovakia,OWID_CZS,1991,150.38766
Czechoslovakia,OWID_CZS,1992,149.67296
Democratic Republic of Congo,COD,1980,11.775562
Democratic Republic of Congo,COD,1981,12.361462
Democratic Republic of Congo,COD,1982,12.979534
Democratic Republic of Congo,COD,1983,12.979534
Democratic Republic of Congo,COD,1984,12.3953285
Democratic Republic of Congo,COD,1985,11.743389
Democratic Republic of Congo,COD,1986,12.695988
Democratic Republic of Congo,COD,1987,11.32468
Democratic Republic of Congo,COD,1988,14.116928
Democratic Republic of Congo,COD,1989,13.293611
Democratic Republic of Congo,COD,1990,12.4973345
Democratic Republic of Congo,COD,1991,13.139316
Democratic Republic of Congo,COD,1992,14.99138
Democratic Republic of Congo,COD,1993,15.538033
Democratic Republic of Congo,COD,1994,12.0626745
Democratic Republic of Congo,COD,1995,12.412593
Democratic Republic of Congo,COD,1996,13.002191
Democratic Republic of Congo,COD,1997,12.6024065
Democratic Republic of Congo,COD,1998,11.940588
Democratic Republic of Congo,COD,1999,12.709248
Democratic Republic of Congo,COD,2000,4.8005137
Democratic Republic of Congo,COD,2001,4.255573
Democratic Republic of Congo,COD,2002,4.8255563
Democratic Republic of Congo,COD,2003,5.6627336
Democratic Republic of Congo,COD,2004,6.2364197
Democratic Republic of Congo,COD,2005,7.739143
Democratic Republic of Congo,COD,2006,8.720362
Democratic Republic of Congo,COD,2007,8.8049555
Democratic Republic of Congo,COD,2008,7.481072
Democratic Republic of Congo,COD,2009,6.395785
Democratic Republic of Congo,COD,2010,9.2305765
Democratic Republic of Congo,COD,2011,11.262322
Democratic Republic of Congo,COD,2012,11.089906
Democratic Republic of Congo,COD,2013,16.129992
Democratic Republic of Congo,COD,2014,21.896652
Democratic Republic of Congo,COD,2015,12.710336
Democratic Republic of Congo,COD,2016,9.570842
Democratic Republic of Congo,COD,2017,10.461925
Democratic Republic of Congo,COD,2018,13.699308
Democratic Republic of Congo,COD,2019,10.726008
Democratic Republic of Congo,COD,2020,13.665157
Democratic Republic of Congo,COD,2021,15.017099
Democratic Republic of Congo,COD,2022,15.303796
Democratic Republic of Congo,COD,2023,14.724955
Democratic Republic of Congo,COD,2024,15.073785
Denmark,DNK,1965,123.12545
Denmark,DNK,1966,140.2377
Denmark,DNK,1967,148.31645
Denmark,DNK,1968,161.21199
Denmark,DNK,1969,193.82655
Denmark,DNK,1970,215.5996
Denmark,DNK,1971,212.84607
Denmark,DNK,1972,225.19148
Denmark,DNK,1973,208.22063
Denmark,DNK,1974,188.51405
Denmark,DNK,1975,186.3196
Denmark,DNK,1976,198.24033
Denmark,DNK,1977,197.98227
Denmark,DNK,1978,197.52115
Denmark,DNK,1979,188.93774
Denmark,DNK,1980,161.33127
Denmark,DNK,1981,151.96735
Denmark,DNK,1982,130.91791
Denmark,DNK,1983,123.85265
Denmark,DNK,1984,122.43611
Denmark,DNK,1985,126.177414
Denmark,DNK,1986,124.5112
Denmark,DNK,1987,114.68499
Denmark,DNK,1988,113.99847
Denmark,DNK,1989,109.763115
Denmark,DNK,1990,107.779976
Denmark,DNK,1991,109.48496
Denmark,DNK,1992,107.98721
Denmark,DNK,1993,113.97748
Denmark,DNK,1994,120.37995
Denmark,DNK,1995,126.776115
Denmark,DNK,1996,136.67027
Denmark,DNK,1997,130.6495
Denmark,DNK,1998,127.234375
Denmark,DNK,1999,126.1586
Denmark,DNK,2000,122.797676
Denmark,DNK,2001,120.47144
Denmark,DNK,2002,114.09591
Denmark,DNK,2003,109.871346
Denmark,DNK,2004,107.96157
Denmark,DNK,2005,108.93621
Denmark,DNK,2006,111.86966
Denmark,DNK,2007,113.008354
Denmark,DNK,2008,110.7838
Denmark,DNK,2009,98.95032
Denmark,DNK,2010,100.24139
Denmark,DNK,2011,97.04031
Denmark,DNK,2012,90.105896
Denmark,DNK,2013,89.25913
Denmark,DNK,2014,89.581764
Denmark,DNK,2015,90.5028
Denmark,DNK,2016,89.26748
Denmark,DNK,2017,88.42225
Denmark,DNK,2018,89.69898
Denmark,DNK,2019,89.961075
Denmark,DNK,2020,75.416504
Denmark,DNK,2021,77.03236
Denmark,DNK,2022,83.16375
Denmark,DNK,2023,80.82653
Denmark,DNK,2024,82.84358
Denmark,DNK,2025,76.62672
Djibouti,DJI,1980,6.3453336
Djibouti,DJI,1981,5.062397
Djibouti,DJI,1982,5.062397
Djibouti,DJI,1983,3.7967982
Djibouti,DJI,1984,3.1726668
Djibouti,DJI,1985,3.1639984
Djibouti,DJI,1986,2.8475986
Djibouti,DJI,1987,2.9096415
Djibouti,DJI,1988,2.8501763
Djibouti,DJI,1989,6.6983705
Djibouti,DJI,1990,6.881986
Djibouti,DJI,1991,6.881986
Djibouti,DJI,1992,6.968278
Djibouti,DJI,1993,7.011282
Djibouti,DJI,1994,7.201498
Djibouti,DJI,1995,7.134245
Djibouti,DJI,1996,7.153791
Djibouti,DJI,1997,7.201498
Djibouti,DJI,1998,7.201498
Djibouti,DJI,1999,7.201498
Djibouti,DJI,2000,3.5337489
Djibouti,DJI,2001,3.5206168
Djibouti,DJI,2002,3.5309176
Djibouti,DJI,2003,3.6626916
Djibouti,DJI,2004,3.5624418
Djibouti,DJI,2005,3.3687809
Djibouti,DJI,2006,3.1481004
Djibouti,DJI,2007,3.2768266
Djibouti,DJI,2008,3.6643205
Djibouti,DJI,2009,3.1819422
Djibouti,DJI,2010,3.6236532
Djibouti,DJI,2011,2.737275
Djibouti,DJI,2012,3.6104944
Djibouti,DJI,2013,3.7269645
Djibouti,DJI,2014,3.7919497
Djibouti,DJI,2015,3.3340387
Djibouti,DJI,2016,3.0382156
Djibouti,DJI,2017,2.6487885
Djibouti,DJI,2018,2.5799484
Djibouti,DJI,2019,3.0078762
Djibouti,DJI,2020,2.6332464
Djibouti,DJI,2021,3.0028677
Djibouti,DJI,2022,2.8233178
Djibouti,DJI,2023,2.761676
Djibouti,DJI,2024,2.8425956
Dominica,DMA,1980,0.12008919
Dominica,DMA,1981,0.17964162
Dominica,DMA,1982,0.17964162
Dominica,DMA,1983,0.17964162
Dominica,DMA,1984,0.18013379
Dominica,DMA,1985,0.17964162
Dominica,DMA,1986,0.14747378
Dominica,DMA,1987,0.20366563
Dominica,DMA,1988,0.21432321
Dominica,DMA,1989,0.21384135
Dominica,DMA,1990,0.21384135
Dominica,DMA,1991,0.21384135
Dominica,DMA,1992,0.21432321
Dominica,DMA,1993,0.21384135
Dominica,DMA,1994,0.28287938
Dominica,DMA,1995,0.35785967
Dominica,DMA,1996,0.3588401
Dominica,DMA,1997,0.35803616
Dominica,DMA,1998,0.35803616
Dominica,DMA,1999,0.35804352
Dominica,DMA,2000,0.43361348
Dominica,DMA,2001,0.48488393
Dominica,DMA,2002,0.44456017
Dominica,DMA,2003,0.5096887
Dominica,DMA,2004,0.6059731
Dominica,DMA,2005,0.5966153
Dominica,DMA,2006,0.5953396
Dominica,DMA,2007,0.7530956
Dominica,DMA,2008,0.6749557
Dominica,DMA,2009,0.6765515
Dominica,DMA,2010,0.71072924
Dominica,DMA,2011,0.6870203
Dominica,DMA,2012,0.6830169
Dominica,DMA,2013,0.6540456
Dominica,DMA,2014,0.6953973
Dominica,DMA,2015,0.74381435
Dominica,DMA,2016,0.7490896
Dominica,DMA,2017,0.7174202
Dominica,DMA,2018,0.7002288
Dominica,DMA,2019,0.7350105
Dominica,DMA,2020,0.6683662
Dominica,DMA,2021,0.6765311
Dominica,DMA,2022,0.6957712
Dominica,DMA,2023,0.731057
Dominica,DMA,2024,0.7503708
Dominican Republic,DOM,1980,23.314646
Dominican Republic,DOM,1981,22.639078
Dominican Republic,DOM,1982,23.86281
Dominican Republic,DOM,1983,28.757746
Dominican Republic,DOM,1984,25.155275
Dominican Republic,DOM,1985,25.698412
Dominican Republic,DOM,1986,28.757746
Dominican Republic,DOM,1987,31.778713
Dominican Republic,DOM,1988,36.04457
Dominican Republic,DOM,1989,35.712143
Dominican Republic,DOM,1990,39.27128
Dominican Republic,DOM,1991,37.389874
Dominican Republic,DOM,1992,40.206844
Dominican Republic,DOM,1993,35.769478
Dominican Republic,DOM,1994,40.718384
Dominican Republic,DOM,1995,43.78374
Dominican Republic,DOM,1996,46.864826
Dominican Republic,DOM,1997,50.348442
Dominican Republic,DOM,1998,51.761204
Dominican Republic,DOM,1999,58.80588
Dominican Republic,DOM,2000,83.07766
Dominican Republic,DOM,2001,80.07159
Dominican Republic,DOM,2002,84.08203
Dominican Republic,DOM,2003,71.558205
Dominican Republic,DOM,2004,66.33562
Dominican Republic,DOM,2005,71.3132
Dominican Republic,DOM,2006,70.09016
Dominican Republic,DOM,2007,69.90969
Dominican Republic,DOM,2008,70.03319
Dominican Republic,DOM,2009,67.97925
Dominican Republic,DOM,2010,69.48188
Dominican Republic,DOM,2011,66.271454
Dominican Republic,DOM,2012,70.56693
Dominican Republic,DOM,2013,67.76272
Dominican Republic,DOM,2014,64.554596
Dominican Republic,DOM,2015,73.56852
Dominican Republic,DOM,2016,78.19916
Dominican Republic,DOM,2017,72.99413
Dominican Republic,DOM,2018,83.14844
Dominican Republic,DOM,2019,87.61413
Dominican Republic,DOM,2020,63.84583
Dominican Republic,DOM,2021,74.01661
Dominican Republic,DOM,2022,85.969765
Dominican Republic,DOM,2023,85.93182
Dominican Republic,DOM,2024,85.8936
East Germany,OWID_GDR,1980,237.55084
East Germany,OWID_GDR,1981,223.32848
East Germany,OWID_GDR,1982,233.38663
East Germany,OWID_GDR,1983,211.25638
East Germany,OWID_GDR,1984,232.32988
East Germany,OWID_GDR,1985,224.98717
East Germany,OWID_GDR,1986,223.85262
East Germany,OWID_GDR,1987,210.3437
East Germany,OWID_GDR,1988,197.25024
East Germany,OWID_GDR,1989,182.49133
East Germany,OWID_GDR,1990,170.6283
East Timor,TLS,2003,0.69912106
East Timor,TLS,2004,0.75702477
East Timor,TLS,2005,0.75966024
East Timor,TLS,2006,0.77503103
East Timor,TLS,2007,0.80221593
East Timor,TLS,2008,0.8816597
East Timor,TLS,2009,0.98657393
East Timor,TLS,2010,1.0268908
East Timor,TLS,2011,1.0654932
East Timor,TLS,2012,1.259951
East Timor,TLS,2013,1.8979039
East Timor,TLS,2014,2.1780796
East Timor,TLS,2015,2.135609
East Timor,TLS,2016,2.0875452
East Timor,TLS,2017,2.1292717
East Timor,TLS,2018,2.2436495
East Timor,TLS,2019,2.713132
East Timor,TLS,2020,2.5996869
East Timor,TLS,2021,2.5460696
East Timor,TLS,2022,2.7053654
East Timor,TLS,2023,2.6846688
East Timor,TLS,2024,2.7759557
Ecuador,ECU,1965,7.9206376
Ecuador,ECU,1966,8.26975
Ecuador,ECU,1967,8.931146
Ecuador,ECU,1968,10.672142
Ecuador,ECU,1969,11.293051
Ecuador,ECU,1970,12.877645
Ecuador,ECU,1971,14.23248
Ecuador,ECU,1972,15.620514
Ecuador,ECU,1973,17.405224
Ecuador,ECU,1974,19.758888
Ecuador,ECU,1975,24.25157
Ecuador,ECU,1976,26.878973
Ecuador,ECU,1977,30.976559
Ecuador,ECU,1978,35.139828
Ecuador,ECU,1979,40.060024
Ecuador,ECU,1980,43.910522
Ecuador,ECU,1981,47.93179
Ecuador,ECU,1982,48.892838
Ecuador,ECU,1983,44.488815
Ecuador,ECU,1984,46.35606
Ecuador,ECU,1985,48.273663
Ecuador,ECU,1986,48.69782
Ecuador,ECU,1987,46.513756
Ecuador,ECU,1988,51.422703
Ecuador,ECU,1989,49.30214
Ecuador,ECU,1990,52.015694
Ecuador,ECU,1991,56.176235
Ecuador,ECU,1992,60.01831
Ecuador,ECU,1993,57.754303
Ecuador,ECU,1994,61.449352
Ecuador,ECU,1995,66.485306
Ecuador,ECU,1996,71.9922
Ecuador,ECU,1997,76.31546
Ecuador,ECU,1998,75.9564
Ecuador,ECU,1999,67.75988
Ecuador,ECU,2000,74.11169
Ecuador,ECU,2001,78.82048
Ecuador,ECU,2002,82.73306
Ecuador,ECU,2003,82.396805
Ecuador,ECU,2004,87.48447
Ecuador,ECU,2005,95.370155
Ecuador,ECU,2006,101.071556
Ecuador,ECU,2007,102.58939
Ecuador,ECU,2008,106.31383
Ecuador,ECU,2009,117.18316
Ecuador,ECU,2010,124.12593
Ecuador,ECU,2011,127.26668
Ecuador,ECU,2012,132.05536
Ecuador,ECU,2013,140.30984
Ecuador,ECU,2014,147.20282
Ecuador,ECU,2015,142.91287
Ecuador,ECU,2016,134.6284
Ecuador,ECU,2017,131.2622
Ecuador,ECU,2018,142.07729
Ecuador,ECU,2019,137.59444
Ecuador,ECU,2020,111.069405
Ecuador,ECU,2021,137.38457
Ecuador,ECU,2022,150.94281
Ecuador,ECU,2023,159.5382
Ecuador,ECU,2024,163.62132
Ecuador,ECU,2025,162.96753
Egypt,EGY,1965,81.39379
Egypt,EGY,1966,87.34
Egypt,EGY,1967,71.32264
Egypt,EGY,1968,74.599754
Egypt,EGY,1969,55.378662
Egypt,EGY,1970,71.66592
Egypt,EGY,1971,74.0778
Egypt,EGY,1972,84.65239
Egypt,EGY,1973,79.57202
Egypt,EGY,1974,87.76041
Egypt,EGY,1975,97.01281
Egypt,EGY,1976,114.73853
Egypt,EGY,1977,122.63606
Egypt,EGY,1978,126.69805
Egypt,EGY,1979,138.93947
Egypt,EGY,1980,155.29256
Egypt,EGY,1981,179.1586
Egypt,EGY,1982,203.74937
Egypt,EGY,1983,223.57407
Egypt,EGY,1984,241.74295
Egypt,EGY,1985,245.68802
Egypt,EGY,1986,246.40953
Egypt,EGY,1987,260.4517
Egypt,EGY,1988,259.0959
Egypt,EGY,1989,268.61255
Egypt,EGY,1990,275.3904
Egypt,EGY,1991,270.62952
Egypt,EGY,1992,259.8219
Egypt,EGY,1993,243.19084
Egypt,EGY,1994,253.93777
Egypt,EGY,1995,275.37674
Egypt,EGY,1996,291.0964
Egypt,EGY,1997,307.3263
Egypt,EGY,1998,323.4118
Egypt,EGY,1999,330.86063
Egypt,EGY,2000,323.75937
Egypt,EGY,2001,305.73434
Egypt,EGY,2002,304.1684
Egypt,EGY,2003,311.87805
Egypt,EGY,2004,328.39752
Egypt,EGY,2005,347.70407
Egypt,EGY,2006,337.3307
Egypt,EGY,2007,364.28708
Egypt,EGY,2008,385.61722
Egypt,EGY,2009,403.6607
Egypt,EGY,2010,414.82562
Egypt,EGY,2011,418.33133
Egypt,EGY,2012,428.1394
Egypt,EGY,2013,433.30225
Egypt,EGY,2014,455.3125
Egypt,EGY,2015,463.41446
Egypt,EGY,2016,480.1537
Egypt,EGY,2017,456.23996
Egypt,EGY,2018,406.50586
Egypt,EGY,2019,383.7603
Egypt,EGY,2020,332.66785
Egypt,EGY,2021,359.8107
Egypt,EGY,2022,425.38635
Egypt,EGY,2023,415.04596
Egypt,EGY,2024,436.93942
Egypt,EGY,2025,436.96805
El Salvador,SLV,1980,8.546657
El Salvador,SLV,1981,7.3056903
El Salvador,SLV,1982,7.3056903
El Salvador,SLV,1983,7.914498
El Salvador,SLV,1984,7.9361815
El Salvador,SLV,1985,8.523305
El Salvador,SLV,1986,9.071232
El Salvador,SLV,1987,8.954066
El Salvador,SLV,1988,9.739948
El Salvador,SLV,1989,9.447684
El Salvador,SLV,1990,10.02721
El Salvador,SLV,1991,11.621066
El Salvador,SLV,1992,13.306829
El Salvador,SLV,1993,13.450708
El Salvador,SLV,1994,15.009071
El Salvador,SLV,1995,19.10703
El Salvador,SLV,1996,18.366024
El Salvador,SLV,1997,19.370726
El Salvador,SLV,1998,22.655973
El Salvador,SLV,1999,23.003618
El Salvador,SLV,2000,22.720783
El Salvador,SLV,2001,23.398867
El Salvador,SLV,2002,24.499893
El Salvador,SLV,2003,25.55721
El Salvador,SLV,2004,25.70788
El Salvador,SLV,2005,25.915579
El Salvador,SLV,2006,26.957857
El Salvador,SLV,2007,28.45318
El Salvador,SLV,2008,26.472452
El Salvador,SLV,2009,26.447971
El Salvador,SLV,2010,25.987204
El Salvador,SLV,2011,26.181591
El Salvador,SLV,2012,26.9135
El Salvador,SLV,2013,25.730356
El Salvador,SLV,2014,26.564566
El Salvador,SLV,2015,28.225168
El Salvador,SLV,2016,28.453978
El Salvador,SLV,2017,26.08161
El Salvador,SLV,2018,28.942766
El Salvador,SLV,2019,33.36146
El Salvador,SLV,2020,26.296453
El Salvador,SLV,2021,30.988806
El Salvador,SLV,2022,32.52033
El Salvador,SLV,2023,34.657726
El Salvador,SLV,2024,34.688965
Equatorial Guinea,GNQ,1980,0.24368668
Equatorial Guinea,GNQ,1981,0.24302086
Equatorial Guinea,GNQ,1982,0.3037761
Equatorial Guinea,GNQ,1983,0.3037761
Equatorial Guinea,GNQ,1984,0.30460835
Equatorial Guinea,GNQ,1985,0.3645313
Equatorial Guinea,GNQ,1986,0.3037761
Equatorial Guinea,GNQ,1987,0.31566978
Equatorial Guinea,GNQ,1988,0.3165035
Equatorial Guinea,GNQ,1989,0.50260144
Equatorial Guinea,GNQ,1990,0.50260144
Equatorial Guinea,GNQ,1991,0.50260144
Equatorial Guinea,GNQ,1992,0.5039474
Equatorial Guinea,GNQ,1993,0.50260144
Equatorial Guinea,GNQ,1994,0.50260144
Equatorial Guinea,GNQ,1995,0.50257045
Equatorial Guinea,GNQ,1996,0.5039474
Equatorial Guinea,GNQ,1997,0.564912
Equatorial Guinea,GNQ,1998,0.564912
Equatorial Guinea,GNQ,1999,0.564917
Equatorial Guinea,GNQ,2000,2.887612
Equatorial Guinea,GNQ,2001,1.4842902
Equatorial Guinea,GNQ,2002,14.454302
Equatorial Guinea,GNQ,2003,16.488754
Equatorial Guinea,GNQ,2004,5.092587
Equatorial Guinea,GNQ,2005,8.489091
Equatorial Guinea,GNQ,2006,13.503937
Equatorial Guinea,GNQ,2007,14.367762
Equatorial Guinea,GNQ,2008,13.874575
Equatorial Guinea,GNQ,2009,15.137196
Equatorial Guinea,GNQ,2010,13.613076
Equatorial Guinea,GNQ,2011,15.493905
Equatorial Guinea,GNQ,2012,14.872084
Equatorial Guinea,GNQ,2013,16.716496
Equatorial Guinea,GNQ,2014,15.387323
Equatorial Guinea,GNQ,2015,13.773016
Equatorial Guinea,GNQ,2016,13.537788
Equatorial Guinea,GNQ,2017,13.523645
Equatorial Guinea,GNQ,2018,3.8593533
Equatorial Guinea,GNQ,2019,4.136194
Equatorial Guinea,GNQ,2020,3.4369853
Equatorial Guinea,GNQ,2021,3.4453259
Equatorial Guinea,GNQ,2022,3.7557673
Equatorial Guinea,GNQ,2023,3.6652055
Equatorial Guinea,GNQ,2024,3.768724
Eritrea,ERI,1994,3.8837404
Eritrea,ERI,1995,4.4491568
Eritrea,ERI,1996,4.5475116
Eritrea,ERI,1997,4.5943875
Eritrea,ERI,1998,4.8790894
Eritrea,ERI,1999,5.0643635
Eritrea,ERI,2000,2.59625
Eritrea,ERI,2001,2.844383
Eritrea,ERI,2002,2.5932765
Eritrea,ERI,2003,3.1088452
Eritrea,ERI,2004,3.3859267
Eritrea,ERI,2005,3.388082
Eritrea,ERI,2006,2.326493
Eritrea,ERI,2007,2.3892252
Eritrea,ERI,2008,1.6997938
Eritrea,ERI,2009,2.0563269
Eritrea,ERI,2010,2.0499816
Eritrea,ERI,2011,2.0878565
Eritrea,ERI,2012,2.219815
Eritrea,ERI,2013,2.263763
Eritrea,ERI,2014,2.36465
Eritrea,ERI,2015,2.3450806
Eritrea,ERI,2016,2.387357
Eritrea,ERI,2017,2.6221862
Eritrea,ERI,2018,2.5668738
Eritrea,ERI,2019,2.535229
Eritrea,ERI,2020,2.4742994
Eritrea,ERI,2021,2.6122744
Eritrea,ERI,2022,2.8344133
Eritrea,ERI,2023,2.973933
Eritrea,ERI,2024,3.0827937
Estonia,EST,1985,40.446075
Estonia,EST,1986,40.01098
Estonia,EST,1987,40.409798
Estonia,EST,1988,40.7583
Estonia,EST,1989,42.034187
Estonia,EST,1990,38.208683
Estonia,EST,1991,34.9583
Estonia,EST,1992,19.647087
Estonia,EST,1993,20.705559
Estonia,EST,1994,19.215202
Estonia,EST,1995,15.016495
Estonia,EST,1996,16.2225
Estonia,EST,1997,15.9623785
Estonia,EST,1998,15.872335
Estonia,EST,1999,14.794374
Estonia,EST,2000,12.561229
Estonia,EST,2001,14.150989
Estonia,EST,2002,14.698217
Estonia,EST,2003,14.322379
Estonia,EST,2004,14.951368
Estonia,EST,2005,15.337512
Estonia,EST,2006,16.699583
Estonia,EST,2007,17.589056
Estonia,EST,2008,17.035866
Estonia,EST,2009,15.243807
Estonia,EST,2010,15.592075
Estonia,EST,2011,15.401105
Estonia,EST,2012,18.309076
Estonia,EST,2013,18.146963
Estonia,EST,2014,17.065973
Estonia,EST,2015,17.04543
Estonia,EST,2016,16.895807
Estonia,EST,2017,17.793076
Estonia,EST,2018,17.440413
Estonia,EST,2019,15.53936
Estonia,EST,2020,16.103586
Estonia,EST,2021,15.844214
Estonia,EST,2022,16.447182
Estonia,EST,2023,15.638858
Estonia,EST,2024,15.851383
Estonia,EST,2025,14.670062
Eswatini,SWZ,1980,1.1901083
Eswatini,SWZ,1981,1.1868565
Eswatini,SWZ,1982,1.1868565
Eswatini,SWZ,1983,1.1868565
Eswatini,SWZ,1984,1.1901083
Eswatini,SWZ,1985,1.364885
Eswatini,SWZ,1986,1.208125
Eswatini,SWZ,1987,1.3789188
Eswatini,SWZ,1988,1.467041
Eswatini,SWZ,1989,1.535835
Eswatini,SWZ,1990,1.4714189
Eswatini,SWZ,1991,1.7044579
Eswatini,SWZ,1992,1.5922377
Eswatini,SWZ,1993,1.9159691
Eswatini,SWZ,1994,2.069455
Eswatini,SWZ,1995,2.069455
Eswatini,SWZ,1996,2.0750976
Eswatini,SWZ,1997,2.069455
Eswatini,SWZ,1998,2.069455
Eswatini,SWZ,1999,2.0694563
Eswatini,SWZ,2000,2.7418098
Eswatini,SWZ,2001,2.711505
Eswatini,SWZ,2002,2.7054555
Eswatini,SWZ,2003,2.724062
Eswatini,SWZ,2004,2.7061164
Eswatini,SWZ,2005,2.6963673
Eswatini,SWZ,2006,2.6842315
Eswatini,SWZ,2007,2.7942903
Eswatini,SWZ,2008,2.877955
Eswatini,SWZ,2009,2.8018708
Eswatini,SWZ,2010,2.816869
Eswatini,SWZ,2011,2.8483098
Eswatini,SWZ,2012,2.900044
Eswatini,SWZ,2013,2.9895837
Eswatini,SWZ,2014,3.143256
Eswatini,SWZ,2015,3.2092705
Eswatini,SWZ,2016,3.5349305
Eswatini,SWZ,2017,3.510154
Eswatini,SWZ,2018,3.715596
Eswatini,SWZ,2019,3.9837413
Eswatini,SWZ,2020,3.944895
Eswatini,SWZ,2021,3.4667172
Eswatini,SWZ,2022,3.62293
Eswatini,SWZ,2023,3.6137657
Eswatini,SWZ,2024,3.7114635
Ethiopia,ETH,1980,7.3918624
Ethiopia,ETH,1981,7.3716664
Ethiopia,ETH,1982,7.9859715
Ethiopia,ETH,1983,9.214582
Ethiopia,ETH,1984,9.239828
Ethiopia,ETH,1985,11.057499
Ethiopia,ETH,1986,10.566054
Ethiopia,ETH,1987,11.991495
Ethiopia,ETH,1988,11.532479
Ethiopia,ETH,1989,12.1294565
Ethiopia,ETH,1990,12.15959
Ethiopia,ETH,1991,10.062832
Ethiopia,ETH,1992,14.6347475
Ethiopia,ETH,1993,13.491175
Ethiopia,ETH,1994,8.885787
Ethiopia,ETH,1995,9.60598
Ethiopia,ETH,1996,7.1230597
Ethiopia,ETH,1997,7.103598
Ethiopia,ETH,1998,10.524395
Ethiopia,ETH,1999,13.291157
Ethiopia,ETH,2000,14.285023
Ethiopia,ETH,2001,14.911084
Ethiopia,ETH,2002,15.489165
Ethiopia,ETH,2003,16.51726
Ethiopia,ETH,2004,17.503521
Ethiopia,ETH,2005,20.303297
Ethiopia,ETH,2006,21.933231
Ethiopia,ETH,2007,24.99737
Ethiopia,ETH,2008,26.769136
Ethiopia,ETH,2009,27.357296
Ethiopia,ETH,2010,27.361578
Ethiopia,ETH,2011,29.03236
Ethiopia,ETH,2012,30.674103
Ethiopia,ETH,2013,35.993126
Ethiopia,ETH,2014,41.350582
Ethiopia,ETH,2015,43.012184
Ethiopia,ETH,2016,49.187527
Ethiopia,ETH,2017,48.244965
Ethiopia,ETH,2018,51.937004
Ethiopia,ETH,2019,61.595303
Ethiopia,ETH,2020,51.32042
Ethiopia,ETH,2021,60.627785
Ethiopia,ETH,2022,61.547634
Ethiopia,ETH,2023,61.67402
Ethiopia,ETH,2024,63.147373
Europe,OWID_EUR,1965,6933.482
Europe,OWID_EUR,1966,7553.21
Europe,OWID_EUR,1967,8203.285
Europe,OWID_EUR,1968,8936.541
Europe,OWID_EUR,1969,9827.217
Europe,OWID_EUR,1970,10877.038
Europe,OWID_EUR,1971,11434.077
Europe,OWID_EUR,1972,12275.227
Europe,OWID_EUR,1973,13148.879
Europe,OWID_EUR,1974,12937.641
Europe,OWID_EUR,1975,12798.253
Europe,OWID_EUR,1976,13493.766
Europe,OWID_EUR,1977,13559.687
Europe,OWID_EUR,1978,14288.784
Europe,OWID_EUR,1979,14616.466
Europe,OWID_EUR,1980,14167.721
Europe,OWID_EUR,1981,13576.293
Europe,OWID_EUR,1982,13103.203
Europe,OWID_EUR,1983,12790.211
Europe,OWID_EUR,1984,12839.388
Europe,OWID_EUR,1985,12087.641
Europe,OWID_EUR,1986,12438.126
Europe,OWID_EUR,1987,12472.371
Europe,OWID_EUR,1988,12468.441
Europe,OWID_EUR,1989,12485.842
Europe,OWID_EUR,1990,12522.933
Europe,OWID_EUR,1991,12430.707
Europe,OWID_EUR,1992,11977.327
Europe,OWID_EUR,1993,11239.269
Europe,OWID_EUR,1994,10938.292
Europe,OWID_EUR,1995,10785.973
Europe,OWID_EUR,1996,10644.75
Europe,OWID_EUR,1997,10670.639
Europe,OWID_EUR,1998,10738.722
Europe,OWID_EUR,1999,10617.318
Europe,OWID_EUR,2000,10486.546
Europe,OWID_EUR,2001,10680.6455
Europe,OWID_EUR,2002,10613.626
Europe,OWID_EUR,2003,10728.2705
Europe,OWID_EUR,2004,10785.029
Europe,OWID_EUR,2005,10815.714
Europe,OWID_EUR,2006,10929.891
Europe,OWID_EUR,2007,10722.941
Europe,OWID_EUR,2008,10671.699
Europe,OWID_EUR,2009,10102.428
Europe,OWID_EUR,2010,10098.352
Europe,OWID_EUR,2011,9960.519
Europe,OWID_EUR,2012,9741.305
Europe,OWID_EUR,2013,9554.56
Europe,OWID_EUR,2014,9531.533
Europe,OWID_EUR,2015,9538.98
Europe,OWID_EUR,2016,9688.006
Europe,OWID_EUR,2017,9907.939
Europe,OWID_EUR,2018,9866.192
Europe,OWID_EUR,2019,9893.157
Europe,OWID_EUR,2020,8773.339
Europe,OWID_EUR,2021,9228.156
Europe,OWID_EUR,2022,9525.27
Europe,OWID_EUR,2023,9410.285
Europe,OWID_EUR,2024,9520.252
Europe,OWID_EUR,2025,9466.676
Europe (EI),,1965,4980.6206
Europe (EI),,1966,5467.079
Europe (EI),,1967,5934.59
Europe (EI),,1968,6526.1284
Europe (EI),,1969,7267.497
Europe (EI),,1970,8055.935
Europe (EI),,1971,8453.696
Europe (EI),,1972,9047.552
Europe (EI),,1973,9695.036
Europe (EI),,1974,9126.342
Europe (EI),,1975,8810.415
Europe (EI),,1976,9410.921
Europe (EI),,1977,9328.649
Europe (EI),,1978,9801.257
Europe (EI),,1979,10024.216
Europe (EI),,1980,9348.72
Europe (EI),,1981,8711.012
Europe (EI),,1982,8287.401
Europe (EI),,1983,8057.5103
Europe (EI),,1984,8104.9946
Europe (EI),,1985,9066.225
Europe (EI),,1986,9345.393
Europe (EI),,1987,9388.549
Europe (EI),,1988,9435.303
Europe (EI),,1989,9402.786
Europe (EI),,1990,9500.235
Europe (EI),,1991,9483.078
Europe (EI),,1992,9253.731
Europe (EI),,1993,9071.36
Europe (EI),,1994,9058.496
Europe (EI),,1995,9222.885
Europe (EI),,1996,9345.069
Europe (EI),,1997,9393.288
Europe (EI),,1998,9530.644
Europe (EI),,1999,9383.62
Europe (EI),,2000,9300.027
Europe (EI),,2001,9427.617
Europe (EI),,2002,9433.768
Europe (EI),,2003,9488.508
Europe (EI),,2004,9576.02
Europe (EI),,2005,9603.283
Europe (EI),,2006,9641.215
Europe (EI),,2007,9458.39
Europe (EI),,2008,9351.241
Europe (EI),,2009,8840.173
Europe (EI),,2010,8777.361
Europe (EI),,2011,8504.226
Europe (EI),,2012,8222.99
Europe (EI),,2013,8090.8755
Europe (EI),,2014,7986.232
Europe (EI),,2015,8146.883
Europe (EI),,2016,8298.412
Europe (EI),,2017,8569.757
Europe (EI),,2018,8497.301
Europe (EI),,2019,8481.624
Europe (EI),,2020,7409.5522
Europe (EI),,2021,7781.914
Europe (EI),,2022,8056.736
Europe (EI),,2023,7958.2085
Europe (EI),,2024,8094.029
Europe (EI),,2025,8068.71
European Union (27),OWID_EU27,1965,3844.244
European Union (27),OWID_EU27,1966,4236.735
European Union (27),OWID_EU27,1967,4601.551
European Union (27),OWID_EU27,1968,5090
European Union (27),OWID_EU27,1969,5719.058
European Union (27),OWID_EU27,1970,6391.132
European Union (27),OWID_EU27,1971,6730.613
European Union (27),OWID_EU27,1972,7222.5435
European Union (27),OWID_EU27,1973,7783.3813
European Union (27),OWID_EU27,1974,7325.057
European Union (27),OWID_EU27,1975,7157.834
European Union (27),OWID_EU27,1976,7719.0728
European Union (27),OWID_EU27,1977,7590.744
European Union (27),OWID_EU27,1978,7987.105
European Union (27),OWID_EU27,1979,8215.265
European Union (27),OWID_EU27,1980,7723.4956
European Union (27),OWID_EU27,1981,7195.957
European Union (27),OWID_EU27,1982,6757.838
European Union (27),OWID_EU27,1983,6528.583
European Union (27),OWID_EU27,1984,6389.3433
European Union (27),OWID_EU27,1985,6637.4946
European Union (27),OWID_EU27,1986,6861.0786
European Union (27),OWID_EU27,1987,6879.4404
European Union (27),OWID_EU27,1988,6902.184
European Union (27),OWID_EU27,1989,6913.9604
European Union (27),OWID_EU27,1990,6976.142
European Union (27),OWID_EU27,1991,7055.3286
European Union (27),OWID_EU27,1992,7097.368
European Union (27),OWID_EU27,1993,7022.561
European Union (27),OWID_EU27,1994,7082.072
European Union (27),OWID_EU27,1995,7224.2305
European Union (27),OWID_EU27,1996,7385.5127
European Union (27),OWID_EU27,1997,7422.8726
European Union (27),OWID_EU27,1998,7593.6465
European Union (27),OWID_EU27,1999,7521.9097
European Union (27),OWID_EU27,2000,7455.6763
European Union (27),OWID_EU27,2001,7564.303
European Union (27),OWID_EU27,2002,7551.135
European Union (27),OWID_EU27,2003,7586.2563
European Union (27),OWID_EU27,2004,7628.648
European Union (27),OWID_EU27,2005,7615.0093
European Union (27),OWID_EU27,2006,7636.815
European Union (27),OWID_EU27,2007,7462.7705
European Union (27),OWID_EU27,2008,7392.4023
European Union (27),OWID_EU27,2009,6933.376
European Union (27),OWID_EU27,2010,6906.672
European Union (27),OWID_EU27,2011,6676.6816
European Union (27),OWID_EU27,2012,6398.357
European Union (27),OWID_EU27,2013,6249.6875
European Union (27),OWID_EU27,2014,6178.047
European Union (27),OWID_EU27,2015,6257.5654
European Union (27),OWID_EU27,2016,6344.8286
European Union (27),OWID_EU27,2017,6544.5625
European Union (27),OWID_EU27,2018,6491.934
European Union (27),OWID_EU27,2019,6495.694
European Union (27),OWID_EU27,2020,5665.4478
European Union (27),OWID_EU27,2021,5962.6777
European Union (27),OWID_EU27,2022,6160.177
European Union (27),OWID_EU27,2023,5997.0757
European Union (27),OWID_EU27,2024,6101.103
European Union (27),OWID_EU27,2025,6046.2236
Falkland Islands,FLK,1980,0.05185504
Falkland Islands,FLK,1981,0.051713355
Falkland Islands,FLK,1982,0.051713355
Falkland Islands,FLK,1983,0.051713355
Falkland Islands,FLK,1984,0.05185504
Falkland Islands,FLK,1985,0.0646417
Falkland Islands,FLK,1986,0.050006818
Falkland Islands,FLK,1987,0.050006818
Falkland Islands,FLK,1988,0.08702157
Falkland Islands,FLK,1989,0.124621145
Falkland Islands,FLK,1990,0.062310573
Falkland Islands,FLK,1991,0.062310573
Falkland Islands,FLK,1992,0.062481288
Falkland Islands,FLK,1993,0.062310573
Falkland Islands,FLK,1994,0.062310573
Falkland Islands,FLK,1995,0.124621145
Falkland Islands,FLK,1996,0.07532619
Falkland Islands,FLK,1997,0.13746127
Falkland Islands,FLK,1998,0.07515071
Falkland Islands,FLK,1999,0.07515561
Falkland Islands,FLK,2000,0.11512379
Falkland Islands,FLK,2001,0.12785906
Falkland Islands,FLK,2002,0.1407041
Falkland Islands,FLK,2003,0.15343934
Falkland Islands,FLK,2004,0.16628438
Falkland Islands,FLK,2005,0.16628438
Falkland Islands,FLK,2006,0.19186468
Falkland Islands,FLK,2007,0.19186468
Falkland Islands,FLK,2008,0.19186468
Falkland Islands,FLK,2009,0.19186468
Falkland Islands,FLK,2010,0.17527592
Falkland Islands,FLK,2011,0.17019281
Falkland Islands,FLK,2012,0.17403534
Falkland Islands,FLK,2013,0.17403534
Falkland Islands,FLK,2014,0.17403534
Falkland Islands,FLK,2015,0.181411
Falkland Islands,FLK,2016,0.1884447
Falkland Islands,FLK,2017,0.18260275
Falkland Islands,FLK,2018,0.14422613
Falkland Islands,FLK,2019,0.14985605
Falkland Islands,FLK,2020,0.15753743
Falkland Islands,FLK,2021,0.15269296
Falkland Islands,FLK,2022,0.15389454
Falkland Islands,FLK,2023,0.39699405
Falkland Islands,FLK,2024,0.4890501
Faroe Islands,FRO,1980,0
Faroe Islands,FRO,1981,0
Faroe Islands,FRO,1982,0
Faroe Islands,FRO,1983,0
Faroe Islands,FRO,1984,0
Faroe Islands,FRO,1985,2.1865406
Faroe Islands,FRO,1986,2.081347
Faroe Islands,FRO,1987,2.1608024
Faroe Islands,FRO,1988,2.2429566
Faroe Islands,FRO,1989,2.4510207
Faroe Islands,FRO,1990,2.6877582
Faroe Islands,FRO,1991,2.4623861
Faroe Islands,FRO,1992,2.4582753
Faroe Islands,FRO,1993,2.424626
Faroe Islands,FRO,1994,2.4869366
Faroe Islands,FRO,1995,2.679517
Faroe Islands,FRO,1996,2.6943734
Faroe Islands,FRO,1997,2.6870117
Faroe Islands,FRO,1998,2.6870847
Faroe Islands,FRO,1999,2.6870856
Faroe Islands,FRO,2000,2.9848442
Faroe Islands,FRO,2001,3.3067627
Faroe Islands,FRO,2002,3.1750178
Faroe Islands,FRO,2003,3.1883752
Faroe Islands,FRO,2004,3.2464385
Faroe Islands,FRO,2005,3.1540632
Faroe Islands,FRO,2006,3.104437
Faroe Islands,FRO,2007,3.23813
Faroe Islands,FRO,2008,3.0037766
Faroe Islands,FRO,2009,2.772261
Faroe Islands,FRO,2010,2.9633465
Faroe Islands,FRO,2011,2.7489085
Faroe Islands,FRO,2012,2.8114696
Faroe Islands,FRO,2013,3.0851226
Faroe Islands,FRO,2014,2.752738
Faroe Islands,FRO,2015,2.8969011
Faroe Islands,FRO,2016,2.9720337
Faroe Islands,FRO,2017,3.3634584
Faroe Islands,FRO,2018,3.4701142
Faroe Islands,FRO,2019,3.2293265
Faroe Islands,FRO,2020,3.428911
Faroe Islands,FRO,2021,3.5426958
Faroe Islands,FRO,2022,3.2519898
Faroe Islands,FRO,2023,3.3459544
Faroe Islands,FRO,2024,3.3459544
Fiji,FJI,1980,4.3154616
Fiji,FJI,1981,4.424901
Fiji,FJI,1982,4.364286
Fiji,FJI,1983,3.57629
Fiji,FJI,1984,3.2821822
Fiji,FJI,1985,3.3338296
Fiji,FJI,1986,4.0005956
Fiji,FJI,1987,3.24215
Fiji,FJI,1988,3.2942386
Fiji,FJI,1989,3.8630521
Fiji,FJI,1990,4.1031055
Fiji,FJI,1991,3.4204323
Fiji,FJI,1992,3.5568423
Fiji,FJI,1993,3.8005064
Fiji,FJI,1994,3.886265
Fiji,FJI,1995,4.2334175
Fiji,FJI,1996,4.368048
Fiji,FJI,1997,4.357504
Fiji,FJI,1998,4.2359314
Fiji,FJI,1999,4.6337776
Fiji,FJI,2000,6.141967
Fiji,FJI,2001,6.3299565
Fiji,FJI,2002,5.07372
Fiji,FJI,2003,6.0930567
Fiji,FJI,2004,8.526793
Fiji,FJI,2005,7.1898994
Fiji,FJI,2006,7.977396
Fiji,FJI,2007,7.215421
Fiji,FJI,2008,5.331207
Fiji,FJI,2009,4.556181
Fiji,FJI,2010,6.9163165
Fiji,FJI,2011,4.929159
Fiji,FJI,2012,4.845318
Fiji,FJI,2013,5.357216
Fiji,FJI,2014,6.094281
Fiji,FJI,2015,7.200506
Fiji,FJI,2016,7.320065
Fiji,FJI,2017,7.51049
Fiji,FJI,2018,8.00373
Fiji,FJI,2019,8.181325
Fiji,FJI,2020,5.8855615
Fiji,FJI,2021,5.100357
Fiji,FJI,2022,7.113342
Fiji,FJI,2023,9.006167
Fiji,FJI,2024,9.255432
Finland,FIN,1965,67.48548
Finland,FIN,1966,81.86467
Finland,FIN,1967,85.7726
Finland,FIN,1968,97.22671
Finland,FIN,1969,112.92221
Finland,FIN,1970,126.97794
Finland,FIN,1971,131.4189
Finland,FIN,1972,139.85992
Finland,FIN,1973,156.46225
Finland,FIN,1974,136.34688
Finland,FIN,1975,140.98915
Finland,FIN,1976,151.2639
Finland,FIN,1977,148.23775
Finland,FIN,1978,149.11165
Finland,FIN,1979,157.88281
Finland,FIN,1980,152.02914
Finland,FIN,1981,145.4186
Finland,FIN,1982,134.60008
Finland,FIN,1983,125.00577
Finland,FIN,1984,126.75379
Finland,FIN,1985,128.06352
Finland,FIN,1986,134.10484
Finland,FIN,1987,133.54774
Finland,FIN,1988,131.87694
Finland,FIN,1989,131.68347
Finland,FIN,1990,133.77747
Finland,FIN,1991,132.74313
Finland,FIN,1992,132.46938
Finland,FIN,1993,124.6904
Finland,FIN,1994,129.38637
Finland,FIN,1995,122.07735
Finland,FIN,1996,120.74834
Finland,FIN,1997,119.510796
Finland,FIN,1998,125.27269
Finland,FIN,1999,125.94697
Finland,FIN,2000,126.881836
Finland,FIN,2001,128.65701
Finland,FIN,2002,131.35736
Finland,FIN,2003,133.14795
Finland,FIN,2004,132.59296
Finland,FIN,2005,130.26495
Finland,FIN,2006,133.52223
Finland,FIN,2007,134.04243
Finland,FIN,2008,126.091934
Finland,FIN,2009,118.44887
Finland,FIN,2010,123.55622
Finland,FIN,2011,118.46273
Finland,FIN,2012,111.98723
Finland,FIN,2013,114.29467
Finland,FIN,2014,110.82025
Finland,FIN,2015,111.465416
Finland,FIN,2016,116.98421
Finland,FIN,2017,112.44878
Finland,FIN,2018,110.68142
Finland,FIN,2019,111.9182
Finland,FIN,2020,99.737595
Finland,FIN,2021,96.446175
Finland,FIN,2022,99.922745
Finland,FIN,2023,89.170906
Finland,FIN,2024,91.190025
Finland,FIN,2025,90.79099
France,FRA,1965,637.3014
France,FRA,1966,683.123
France,FRA,1967,784.79
France,FRA,1968,850.43164
France,FRA,1969,982.66754
France,FRA,1970,1116.3309
France,FRA,1971,1216.7485
France,FRA,1972,1350.9572
France,FRA,1973,1506.0256
France,FRA,1974,1430.9877
France,FRA,1975,1307.875
France,FRA,1976,1414.7838
France,FRA,1977,1358.8184
France,FRA,1978,1416.0526
France,FRA,1979,1408.642
France,FRA,1980,1309.0137
France,FRA,1981,1181.7372
France,FRA,1982,1094.3964
France,FRA,1983,1068.1715
France,FRA,1984,1029.9058
France,FRA,1985,1012.8425
France,FRA,1986,1033.2646
France,FRA,1987,1040.2767
France,FRA,1988,1034.0203
France,FRA,1989,1061.674
France,FRA,1990,1060.0526
France,FRA,1991,1141.0382
France,FRA,1992,1139.6106
France,FRA,1993,1101.6967
France,FRA,1994,1070.2838
France,FRA,1995,1084.53
France,FRA,1996,1110.012
France,FRA,1997,1112.2651
France,FRA,1998,1155.7661
France,FRA,1999,1159.9083
France,FRA,2000,1143.1821
France,FRA,2001,1142.346
France,FRA,2002,1112.8135
France,FRA,2003,1116.9646
France,FRA,2004,1126.7009
France,FRA,2005,1104.4193
France,FRA,2006,1101.8494
France,FRA,2007,1075.5088
France,FRA,2008,1053.3467
France,FRA,2009,1010.69946
France,FRA,2010,979.68024
France,FRA,2011,964.28784
France,FRA,2012,931.50653
France,FRA,2013,919.6135
France,FRA,2014,889.6535
France,FRA,2015,902.1668
France,FRA,2016,888.43915
France,FRA,2017,902.0478
France,FRA,2018,879.50415
France,FRA,2019,872.30695
France,FRA,2020,735.6947
France,FRA,2021,790.98364
France,FRA,2022,789.45807
France,FRA,2023,777.8147
France,FRA,2024,777.3817
France,FRA,2025,768.5969
French Guiana,GUF,1980,1.5149702
French Guiana,GUF,1981,1.3295312
French Guiana,GUF,1982,1.6316973
French Guiana,GUF,1983,1.6921306
French Guiana,GUF,1984,1.3331738
French Guiana,GUF,1985,1.3295312
French Guiana,GUF,1986,1.5578902
French Guiana,GUF,1987,1.7793993
French Guiana,GUF,1988,2.0447023
French Guiana,GUF,1989,2.3514533
French Guiana,GUF,1990,2.808311
French Guiana,GUF,1991,3.084718
French Guiana,GUF,1992,2.5445678
French Guiana,GUF,1993,3.3932683
French Guiana,GUF,1994,3.3932683
French Guiana,GUF,1995,3.956866
French Guiana,GUF,1996,3.9001904
French Guiana,GUF,1997,3.956866
French Guiana,GUF,1998,3.956866
French Guiana,GUF,1999,3.9568667
French Guiana,GUF,2000,2.2505774
French Guiana,GUF,2001,2.5185275
French Guiana,GUF,2002,2.1969206
French Guiana,GUF,2003,2.7733574
French Guiana,GUF,2004,2.7221317
French Guiana,GUF,2005,2.6620612
French Guiana,GUF,2006,2.3306427
French Guiana,GUF,2007,2.633187
French Guiana,GUF,2008,2.6555743
French Guiana,GUF,2009,3.4140673
French Guiana,GUF,2010,3.0684056
French Guiana,GUF,2011,3.359004
French Polynesia,PYF,1980,0.90892714
French Polynesia,PYF,1981,1.3898804
French Polynesia,PYF,1982,1.8128874
French Polynesia,PYF,1983,2.4171832
French Polynesia,PYF,1984,3.6357086
French Polynesia,PYF,1985,3.1423383
French Polynesia,PYF,1986,4.001363
French Polynesia,PYF,1987,4.0442886
French Polynesia,PYF,1988,3.9890056
French Polynesia,PYF,1989,4.023233
French Polynesia,PYF,1990,3.7831151
French Polynesia,PYF,1991,3.8012574
French Polynesia,PYF,1992,3.5542362
French Polynesia,PYF,1993,3.5445917
French Polynesia,PYF,1994,2.8027813
French Polynesia,PYF,1995,2.9196255
French Polynesia,PYF,1996,2.8712485
French Polynesia,PYF,1997,2.9196255
French Polynesia,PYF,1998,2.9196255
French Polynesia,PYF,1999,2.9196305
French Polynesia,PYF,2000,3.2172966
French Polynesia,PYF,2001,3.592778
French Polynesia,PYF,2002,3.7651083
French Polynesia,PYF,2003,4.039488
French Polynesia,PYF,2004,3.9471097
French Polynesia,PYF,2005,4.130448
French Polynesia,PYF,2006,4.0224175
French Polynesia,PYF,2007,4.232604
French Polynesia,PYF,2008,4.353814
French Polynesia,PYF,2009,4.3327484
French Polynesia,PYF,2010,4.338754
French Polynesia,PYF,2011,4.17205
French Polynesia,PYF,2012,4.0647283
French Polynesia,PYF,2013,4.1154685
French Polynesia,PYF,2014,4.022608
French Polynesia,PYF,2015,4.2064495
French Polynesia,PYF,2016,4.133171
French Polynesia,PYF,2017,4.0248528
French Polynesia,PYF,2018,3.692842
French Polynesia,PYF,2019,3.735185
French Polynesia,PYF,2020,3.488844
French Polynesia,PYF,2021,3.6839767
French Polynesia,PYF,2022,5.0839014
French Polynesia,PYF,2023,5.265177
French Polynesia,PYF,2024,5.475501
Gabon,GAB,1980,6.7857833
Gabon,GAB,1981,7.3824472
Gabon,GAB,1982,6.7672434
Gabon,GAB,1983,8.612855
Gabon,GAB,1984,7.4026732
Gabon,GAB,1985,6.7672434
Gabon,GAB,1986,6.090519
Gabon,GAB,1987,6.4604783
Gabon,GAB,1988,7.201245
Gabon,GAB,1989,9.739694
Gabon,GAB,1990,9.586159
Gabon,GAB,1991,9.744785
Gabon,GAB,1992,10.101524
Gabon,GAB,1993,9.417102
Gabon,GAB,1994,9.639355
Gabon,GAB,1995,8.688394
Gabon,GAB,1996,9.26953
Gabon,GAB,1997,9.809364
Gabon,GAB,1998,9.492601
Gabon,GAB,1999,11.441087
Gabon,GAB,2000,8.21284
Gabon,GAB,2001,8.865313
Gabon,GAB,2002,8.666995
Gabon,GAB,2003,8.410346
Gabon,GAB,2004,8.580973
Gabon,GAB,2005,9.687143
Gabon,GAB,2006,9.659969
Gabon,GAB,2007,10.216212
Gabon,GAB,2008,10.230628
Gabon,GAB,2009,9.962999
Gabon,GAB,2010,12.307148
Gabon,GAB,2011,12.980629
Gabon,GAB,2012,13.505194
Gabon,GAB,2013,14.174915
Gabon,GAB,2014,14.168208
Gabon,GAB,2015,13.556865
Gabon,GAB,2016,13.279636
Gabon,GAB,2017,13.263113
Gabon,GAB,2018,9.084731
Gabon,GAB,2019,9.568687
Gabon,GAB,2020,8.498639
Gabon,GAB,2021,8.75748
Gabon,GAB,2022,8.916037
Gabon,GAB,2023,9.475375
Gabon,GAB,2024,9.721767
Gambia,GMB,1980,0.654756
Gambia,GMB,1981,0.65296704
Gambia,GMB,1982,0.65296704
Gambia,GMB,1983,0.65296704
Gambia,GMB,1984,0.7142793
Gambia,GMB,1985,0.71232766
Gambia,GMB,1986,0.6438908
Gambia,GMB,1987,0.7839338
Gambia,GMB,1988,0.78604794
Gambia,GMB,1989,0.7839338
Gambia,GMB,1990,0.7876564
Gambia,GMB,1991,0.7839338
Gambia,GMB,1992,0.78604794
Gambia,GMB,1993,0.8462444
Gambia,GMB,1994,0.9753624
Gambia,GMB,1995,0.9024363
Gambia,GMB,1996,0.904875
Gambia,GMB,1997,0.9024363
Gambia,GMB,1998,0.96308875
Gambia,GMB,1999,0.96309316
Gambia,GMB,2000,1.2656064
Gambia,GMB,2001,1.37863
Gambia,GMB,2002,1.3727992
Gambia,GMB,2003,1.3727992
Gambia,GMB,2004,1.4486916
Gambia,GMB,2005,1.460963
Gambia,GMB,2006,1.5877746
Gambia,GMB,2007,1.644224
Gambia,GMB,2008,1.708297
Gambia,GMB,2009,1.8327101
Gambia,GMB,2010,1.9992533
Gambia,GMB,2011,2.1013443
Gambia,GMB,2012,2.0498943
Gambia,GMB,2013,2.0401204
Gambia,GMB,2014,2.2564366
Gambia,GMB,2015,2.309693
Gambia,GMB,2016,2.3284497
Gambia,GMB,2017,2.3686044
Gambia,GMB,2018,1.9270653
Gambia,GMB,2019,1.9716526
Gambia,GMB,2020,1.7739218
Gambia,GMB,2021,2.0354354
Gambia,GMB,2022,2.0945354
Gambia,GMB,2023,2.227047
Gambia,GMB,2024,2.2953968
Georgia,GEO,1992,16.9617
Georgia,GEO,1993,9.768608
Georgia,GEO,1994,4.557882
Georgia,GEO,1995,4.885534
Georgia,GEO,1996,8.610297
Georgia,GEO,1997,9.038777
Georgia,GEO,1998,9.301124
Georgia,GEO,1999,15.023598
Georgia,GEO,2000,9.302739
Georgia,GEO,2001,7.458565
Georgia,GEO,2002,7.318646
Georgia,GEO,2003,7.3720207
Georgia,GEO,2004,7.590025
Georgia,GEO,2005,9.80307
Georgia,GEO,2006,9.679172
Georgia,GEO,2007,12.328605
Georgia,GEO,2008,11.001304
Georgia,GEO,2009,11.633553
Georgia,GEO,2010,12.361715
Georgia,GEO,2011,12.991281
Georgia,GEO,2012,12.950781
Georgia,GEO,2013,13.302692
Georgia,GEO,2014,14.017838
Georgia,GEO,2015,16.006096
Georgia,GEO,2016,19.507103
Georgia,GEO,2017,17.798883
Georgia,GEO,2018,17.614986
Georgia,GEO,2019,18.686934
Georgia,GEO,2020,17.23832
Georgia,GEO,2021,18.724031
Georgia,GEO,2022,19.423294
Georgia,GEO,2023,20.44333
Georgia,GEO,2024,22.810272
Germany,DEU,1965,1020.5698
Germany,DEU,1966,1141.8322
Germany,DEU,1967,1187.4216
Germany,DEU,1968,1331.1227
Germany,DEU,1969,1496.9418
Germany,DEU,1970,1644.0703
Germany,DEU,1971,1712.5317
Germany,DEU,1972,1807.8164
Germany,DEU,1973,1927.148
Germany,DEU,1974,1748.5243
Germany,DEU,1975,1698.3301
Germany,DEU,1976,1834.953
Germany,DEU,1977,1812.3656
Germany,DEU,1978,1890.2781
Germany,DEU,1979,1949.953
Germany,DEU,1980,1764.3439
Germany,DEU,1981,1601.3844
Germany,DEU,1982,1513.8575
Germany,DEU,1983,1482.448
Germany,DEU,1984,1477.557
Germany,DEU,1985,1522.7413
Germany,DEU,1986,1604.2207
Germany,DEU,1987,1562.0078
Germany,DEU,1988,1562.9131
Germany,DEU,1989,1468.3829
Germany,DEU,1990,1537.2932
Germany,DEU,1991,1607.6146
Germany,DEU,1992,1621.6552
Germany,DEU,1993,1646.8728
Germany,DEU,1994,1631.9728
Germany,DEU,1995,1631.1296
Germany,DEU,1996,1658.878
Germany,DEU,1997,1648.9271
Germany,DEU,1998,1650.7172
Germany,DEU,1999,1601.1073
Germany,DEU,2000,1570.4348
Germany,DEU,2001,1590.9634
Germany,DEU,2002,1537.7799
Germany,DEU,2003,1507.7172
Germany,DEU,2004,1490.4901
Germany,DEU,2005,1460.0576
Germany,DEU,2006,1457.2372
Germany,DEU,2007,1319.4586
Germany,DEU,2008,1399.0693
Germany,DEU,2009,1339.8384
Germany,DEU,2010,1357.6443
Germany,DEU,2011,1313.2709
Germany,DEU,2012,1305.3893
Germany,DEU,2013,1334.2625
Germany,DEU,2014,1298.318
Germany,DEU,2015,1296.5422
Germany,DEU,2016,1321.8785
Germany,DEU,2017,1408.9285
Germany,DEU,2018,1336.97
Germany,DEU,2019,1351.0276
Germany,DEU,2020,1223.2377
Germany,DEU,2021,1209.7521
Germany,DEU,2022,1241.9773
Germany,DEU,2023,1165.5121
Germany,DEU,2024,1176.5474
Germany,DEU,2025,1166.4073
Ghana,GHA,1980,9.709256
Ghana,GHA,1981,8.472387
Ghana,GHA,1982,9.682728
Ghana,GHA,1983,8.472387
Ghana,GHA,1984,9.709256
Ghana,GHA,1985,8.472387
Ghana,GHA,1986,9.561694
Ghana,GHA,1987,11.07637
Ghana,GHA,1988,13.036546
Ghana,GHA,1989,14.58367
Ghana,GHA,1990,12.279161
Ghana,GHA,1991,12.1289
Ghana,GHA,1992,13.642245
Ghana,GHA,1993,14.112773
Ghana,GHA,1994,15.689096
Ghana,GHA,1995,16.167278
Ghana,GHA,1996,16.527914
Ghana,GHA,1997,15.615458
Ghana,GHA,1998,15.984303
Ghana,GHA,1999,18.48457
Ghana,GHA,2000,21.813446
Ghana,GHA,2001,21.863243
Ghana,GHA,2002,22.98273
Ghana,GHA,2003,23.298117
Ghana,GHA,2004,25.854727
Ghana,GHA,2005,26.05463
Ghana,GHA,2006,25.36972
Ghana,GHA,2007,28.206373
Ghana,GHA,2008,28.720543
Ghana,GHA,2009,34.19111
Ghana,GHA,2010,34.557915
Ghana,GHA,2011,39.120483
Ghana,GHA,2012,44.53808
Ghana,GHA,2013,45.238075
Ghana,GHA,2014,45.317078
Ghana,GHA,2015,52.5629
Ghana,GHA,2016,59.194637
Ghana,GHA,2017,54.320263
Ghana,GHA,2018,48.653748
Ghana,GHA,2019,50.228962
Ghana,GHA,2020,53.083366
Ghana,GHA,2021,59.250286
Ghana,GHA,2022,53.920982
Ghana,GHA,2023,58.26966
Ghana,GHA,2024,59.651005
Gibraltar,GIB,1980,2.1976373
Gibraltar,GIB,1981,2.4572852
Gibraltar,GIB,1982,2.1916327
Gibraltar,GIB,1983,1.726741
Gibraltar,GIB,1984,1.5982816
Gibraltar,GIB,1985,3.6527212
Gibraltar,GIB,1986,5.4227433
Gibraltar,GIB,1987,5.550776
Gibraltar,GIB,1988,7.2815423
Gibraltar,GIB,1989,6.190547
Gibraltar,GIB,1990,6.4546156
Gibraltar,GIB,1991,6.594331
Gibraltar,GIB,1992,11.78033
Gibraltar,GIB,1993,12.420815
Gibraltar,GIB,1994,12.483126
Gibraltar,GIB,1995,12.483126
Gibraltar,GIB,1996,12.51718
Gibraltar,GIB,1997,12.483126
Gibraltar,GIB,1998,14.335261
Gibraltar,GIB,1999,12.545172
Gibraltar,GIB,2000,35.098057
Gibraltar,GIB,2001,38.601048
Gibraltar,GIB,2002,42.630928
Gibraltar,GIB,2003,48.991665
Gibraltar,GIB,2004,46.767555
Gibraltar,GIB,2005,52.35151
Gibraltar,GIB,2006,51.146072
Gibraltar,GIB,2007,55.30004
Gibraltar,GIB,2008,53.784172
Gibraltar,GIB,2009,56.954422
Gibraltar,GIB,2010,55.05631
Gibraltar,GIB,2011,54.797245
Gibraltar,GIB,2012,55.279095
Gibraltar,GIB,2013,50.909172
Gibraltar,GIB,2014,48.13102
Gibraltar,GIB,2015,49.53201
Gibraltar,GIB,2016,50.277805
Gibraltar,GIB,2017,55.58575
Gibraltar,GIB,2018,54.297108
Gibraltar,GIB,2019,55.091286
Gibraltar,GIB,2020,55.708954
Gibraltar,GIB,2021,54.402824
Gibraltar,GIB,2022,60.5229
Gibraltar,GIB,2023,58.542397
Gibraltar,GIB,2024,58.542397
Greece,GRC,1965,52.273228
Greece,GRC,1966,57.076584
Greece,GRC,1967,67.11283
Greece,GRC,1968,68.693054
Greece,GRC,1969,73.09415
Greece,GRC,1970,79.16741
Greece,GRC,1971,87.45739
Greece,GRC,1972,101.31322
Greece,GRC,1973,117.920204
Greece,GRC,1974,110.66205
Greece,GRC,1975,117.248055
Greece,GRC,1976,124.7924
Greece,GRC,1977,127.140976
Greece,GRC,1978,138.43669
Greece,GRC,1979,146.42546
Greece,GRC,1980,144.97278
Greece,GRC,1981,140.84198
Greece,GRC,1982,141.5108
Greece,GRC,1983,135.79776
Greece,GRC,1984,139.16304
Greece,GRC,1985,141.48158
Greece,GRC,1986,143.58203
Greece,GRC,1987,155.96172
Greece,GRC,1988,161.07315
Greece,GRC,1989,177.45236
Greece,GRC,1990,186.76773
Greece,GRC,1991,187.98637
Greece,GRC,1992,192.23383
Greece,GRC,1993,197.03828
Greece,GRC,1994,201.7928
Greece,GRC,1995,210.60709
Greece,GRC,1996,217.91556
Greece,GRC,1997,220.76341
Greece,GRC,1998,231.28453
Greece,GRC,1999,225.91736
Greece,GRC,2000,236.24867
Greece,GRC,2001,239.57071
Greece,GRC,2002,240.72469
Greece,GRC,2003,252.75017
Greece,GRC,2004,247.72807
Greece,GRC,2005,249.09128
Greece,GRC,2006,260.4055
Greece,GRC,2007,263.44055
Greece,GRC,2008,252.5715
Greece,GRC,2009,236.8714
Greece,GRC,2010,214.75667
Greece,GRC,2011,204.6029
Greece,GRC,2012,178.35648
Greece,GRC,2013,164.78659
Greece,GRC,2014,163.37802
Greece,GRC,2015,170.21135
Greece,GRC,2016,169.9643
Greece,GRC,2017,174.0427
Greece,GRC,2018,172.01466
Greece,GRC,2019,177.2468
Greece,GRC,2020,143.51395
Greece,GRC,2021,152.0555
Greece,GRC,2022,172.21721
Greece,GRC,2023,171.32507
Greece,GRC,2024,175.08669
Greece,GRC,2025,176.04625
Greenland,GRL,1980,2.290959
Greenland,GRL,1981,2.1612022
Greenland,GRL,1982,2.0994537
Greenland,GRL,1983,1.4819672
Greenland,GRL,1984,2.352877
Greenland,GRL,1985,2.0994537
Greenland,GRL,1986,1.3955699
Greenland,GRL,1987,0.9655146
Greenland,GRL,1988,2.2592554
Greenland,GRL,1989,1.9919415
Greenland,GRL,1990,2.2753153
Greenland,GRL,1991,2.2473025
Greenland,GRL,1992,1.9973627
Greenland,GRL,1993,2.0423534
Greenland,GRL,1994,2.0542161
Greenland,GRL,1995,2.0542161
Greenland,GRL,1996,2.1770086
Greenland,GRL,1997,2.233371
Greenland,GRL,1998,2.233402
Greenland,GRL,1999,2.233407
Greenland,GRL,2000,2.4649737
Greenland,GRL,2001,2.2994153
Greenland,GRL,2002,2.1465921
Greenland,GRL,2003,2.413724
Greenland,GRL,2004,2.279038
Greenland,GRL,2005,2.8284497
Greenland,GRL,2006,2.5710075
Greenland,GRL,2007,2.9571495
Greenland,GRL,2008,2.570825
Greenland,GRL,2009,2.6971216
Greenland,GRL,2010,3.5275724
Greenland,GRL,2011,3.3615685
Greenland,GRL,2012,2.6464305
Greenland,GRL,2013,2.5761952
Greenland,GRL,2014,2.2926605
Greenland,GRL,2015,2.4623682
Greenland,GRL,2016,2.4859853
Greenland,GRL,2017,2.504733
Greenland,GRL,2018,2.1930802
Greenland,GRL,2019,2.2832932
Greenland,GRL,2020,2.1517131
Greenland,GRL,2021,2.1030428
Greenland,GRL,2022,2.2148993
Greenland,GRL,2023,2.1571205
Greenland,GRL,2024,2.1678958
Grenada,GRD,1980,0.17982115
Grenada,GRD,1981,0.23910645
Grenada,GRD,1982,0.23910645
Grenada,GRD,1983,0.23910645
Grenada,GRD,1984,0.23976155
Grenada,GRD,1985,0.23910645
Grenada,GRD,1986,0.27723795
Grenada,GRD,1987,0.34132174
Grenada,GRD,1988,0.35440978
Grenada,GRD,1989,0.3535886
Grenada,GRD,1990,0.52565837
Grenada,GRD,1991,0.52565837
Grenada,GRD,1992,0.54193795
Grenada,GRD,1993,0.62300235
Grenada,GRD,1994,0.7144853
Grenada,GRD,1995,0.65072715
Grenada,GRD,1996,0.69682133
Grenada,GRD,1997,0.9221371
Grenada,GRD,1998,0.7996463
Grenada,GRD,1999,0.79965377
Grenada,GRD,2000,0.8628608
Grenada,GRD,2001,0.89806134
Grenada,GRD,2002,0.9228012
Grenada,GRD,2003,0.9761637
Grenada,GRD,2004,0.9479366
Grenada,GRD,2005,0.9967932
Grenada,GRD,2006,1.0313487
Grenada,GRD,2007,1.0946144
Grenada,GRD,2008,1.163949
Grenada,GRD,2009,1.130103
Grenada,GRD,2010,1.1696761
Grenada,GRD,2011,1.1670393
Grenada,GRD,2012,1.1866002
Grenada,GRD,2013,1.3397745
Grenada,GRD,2014,1.1315619
Grenada,GRD,2015,1.1808462
Grenada,GRD,2016,1.2139312
Grenada,GRD,2017,1.3182931
Grenada,GRD,2018,1.4031919
Grenada,GRD,2019,1.5299072
Grenada,GRD,2020,1.3194441
Grenada,GRD,2021,1.4164155
Grenada,GRD,2022,1.4467394
Grenada,GRD,2023,1.6103201
Grenada,GRD,2024,1.6739959
Guadeloupe,GLP,1980,2.0686517
Guadeloupe,GLP,1981,2.8881993
Guadeloupe,GLP,1982,3.6544564
Guadeloupe,GLP,1983,3.831285
Guadeloupe,GLP,1984,4.196408
Guadeloupe,GLP,1985,3.831285
Guadeloupe,GLP,1986,3.896016
Guadeloupe,GLP,1987,4.51824
Guadeloupe,GLP,1988,4.9840035
Guadeloupe,GLP,1989,5.5002427
Guadeloupe,GLP,1990,5.951713
Guadeloupe,GLP,1991,6.1898737
Guadeloupe,GLP,1992,5.865035
Guadeloupe,GLP,1993,6.6918025
Guadeloupe,GLP,1994,6.9209876
Guadeloupe,GLP,1995,7.109545
Guadeloupe,GLP,1996,7.068205
Guadeloupe,GLP,1997,7.228048
Guadeloupe,GLP,1998,7.228048
Guadeloupe,GLP,1999,7.228048
Guadeloupe,GLP,2000,8.345582
Guadeloupe,GLP,2001,8.770334
Guadeloupe,GLP,2002,8.973471
Guadeloupe,GLP,2003,9.075705
Guadeloupe,GLP,2004,8.85071
Guadeloupe,GLP,2005,8.792076
Guadeloupe,GLP,2006,9.093517
Guadeloupe,GLP,2007,9.4759035
Guadeloupe,GLP,2008,8.835062
Guadeloupe,GLP,2009,8.725075
Guadeloupe,GLP,2010,9.321396
Guadeloupe,GLP,2011,10.208366
Guam,GUM,1980,14.64143
Guam,GUM,1981,20.441996
Guam,GUM,1982,15.76954
Guam,GUM,1983,15.185483
Guam,GUM,1984,5.2709146
Guam,GUM,1985,2.6866624
Guam,GUM,1986,4.502034
Guam,GUM,1987,3.1683521
Guam,GUM,1988,3.278436
Guam,GUM,1989,3.045281
Guam,GUM,1990,7.645355
Guam,GUM,1991,8.575646
Guam,GUM,1992,10.311063
Guam,GUM,1993,13.676485
Guam,GUM,1994,19.913963
Guam,GUM,1995,14.791161
Guam,GUM,1996,13.112769
Guam,GUM,1997,14.937744
Guam,GUM,1998,12.347591
Guam,GUM,1999,13.725687
Guam,GUM,2000,13.982398
Guam,GUM,2001,19.359362
Guam,GUM,2002,13.456475
Guam,GUM,2003,11.392378
Guam,GUM,2004,13.243676
Guam,GUM,2005,15.508345
Guam,GUM,2006,16.35531
Guam,GUM,2007,11.815087
Guam,GUM,2008,7.4398804
Guam,GUM,2009,11.819073
Guam,GUM,2010,6.6017494
Guam,GUM,2011,4.878755
Guam,GUM,2012,5.4495645
Guam,GUM,2013,5.0630097
Guam,GUM,2014,4.765812
Guam,GUM,2015,5.197333
Guam,GUM,2016,5.1411524
Guam,GUM,2017,3.9499357
Guam,GUM,2018,3.9499357
Guam,GUM,2019,3.9499357
Guam,GUM,2020,3.7524278
Guam,GUM,2021,3.9538739
Guam,GUM,2022,5.628585
Guam,GUM,2023,5.42485
Guam,GUM,2024,5.42485
Guatemala,GTM,1980,17.183979
Guatemala,GTM,1981,14.773301
Guatemala,GTM,1982,14.773301
Guatemala,GTM,1983,15.364232
Guatemala,GTM,1984,13.628673
Guatemala,GTM,1985,15.364232
Guatemala,GTM,1986,13.650529
Guatemala,GTM,1987,13.817682
Guatemala,GTM,1988,15.235802
Guatemala,GTM,1989,15.37381
Guatemala,GTM,1990,16.09229
Guatemala,GTM,1991,15.27929
Guatemala,GTM,1992,18.557253
Guatemala,GTM,1993,19.944485
Guatemala,GTM,1994,22.648851
Guatemala,GTM,1995,24.961296
Guatemala,GTM,1996,26.162401
Guatemala,GTM,1997,28.805992
Guatemala,GTM,1998,34.9443
Guatemala,GTM,1999,35.26928
Guatemala,GTM,2000,36.89764
Guatemala,GTM,2001,38.93119
Guatemala,GTM,2002,39.469868
Guatemala,GTM,2003,40.08342
Guatemala,GTM,2004,37.043015
Guatemala,GTM,2005,38.316868
Guatemala,GTM,2006,40.423817
Guatemala,GTM,2007,44.15765
Guatemala,GTM,2008,39.537
Guatemala,GTM,2009,44.98781
Guatemala,GTM,2010,40.143078
Guatemala,GTM,2011,40.575058
Guatemala,GTM,2012,41.310745
Guatemala,GTM,2013,41.858757
Guatemala,GTM,2014,44.12656
Guatemala,GTM,2015,50.440544
Guatemala,GTM,2016,54.051216
Guatemala,GTM,2017,54.40413
Guatemala,GTM,2018,55.625916
Guatemala,GTM,2019,62.83474
Guatemala,GTM,2020,57.22091
Guatemala,GTM,2021,67.22955
Guatemala,GTM,2022,68.51703
Guatemala,GTM,2023,71.899826
Guatemala,GTM,2024,71.86943
Guinea,GIN,1980,3.5349734
Guinea,GIN,1981,3.462363
Guinea,GIN,1982,3.525315
Guinea,GIN,1983,3.5882668
Guinea,GIN,1984,3.5980978
Guinea,GIN,1985,3.336459
Guinea,GIN,1986,4.1329093
Guinea,GIN,1987,4.437236
Guinea,GIN,1988,4.4993067
Guinea,GIN,1989,4.3260684
Guinea,GIN,1990,5.865559
Guinea,GIN,1991,4.50716
Guinea,GIN,1992,4.6606
Guinea,GIN,1993,4.8942738
Guinea,GIN,1994,4.950465
Guinea,GIN,1995,4.8942738
Guinea,GIN,1996,4.9076824
Guinea,GIN,1997,4.950465
Guinea,GIN,1998,5.0125084
Guinea,GIN,1999,5.0125084
Guinea,GIN,2000,6.566473
Guinea,GIN,2001,6.870893
Guinea,GIN,2002,7.125152
Guinea,GIN,2003,7.453704
Guinea,GIN,2004,7.7193065
Guinea,GIN,2005,7.99725
Guinea,GIN,2006,8.263426
Guinea,GIN,2007,8.635744
Guinea,GIN,2008,8.765801
Guinea,GIN,2009,9.308596
Guinea,GIN,2010,10.968595
Guinea,GIN,2011,11.401141
Guinea,GIN,2012,10.845799
Guinea,GIN,2013,9.50941
Guinea,GIN,2014,10.030971
Guinea,GIN,2015,11.153272
Guinea,GIN,2016,12.350979
Guinea,GIN,2017,12.108867
Guinea,GIN,2018,14.763604
Guinea,GIN,2019,17.15005
Guinea,GIN,2020,19.274061
Guinea,GIN,2021,18.302277
Guinea,GIN,2022,18.555365
Guinea,GIN,2023,18.402613
Guinea,GIN,2024,18.843678
Guinea-Bissau,GNB,1980,0.3582329
Guinea-Bissau,GNB,1981,0.35725412
Guinea-Bissau,GNB,1982,0.35725412
Guinea-Bissau,GNB,1983,0.35725412
Guinea-Bissau,GNB,1984,0.47764385
Guinea-Bissau,GNB,1985,0.53588116
Guinea-Bissau,GNB,1986,0.4609352
Guinea-Bissau,GNB,1987,0.79548585
Guinea-Bissau,GNB,1988,0.91468644
Guinea-Bissau,GNB,1989,0.9251764
Guinea-Bissau,GNB,1990,1.131266
Guinea-Bissau,GNB,1991,1.131266
Guinea-Bissau,GNB,1992,1.2017624
Guinea-Bissau,GNB,1993,1.3167536
Guinea-Bissau,GNB,1994,1.3167536
Guinea-Bissau,GNB,1995,1.3167536
Guinea-Bissau,GNB,1996,1.2639755
Guinea-Bissau,GNB,1997,1.3167536
Guinea-Bissau,GNB,1998,1.3167536
Guinea-Bissau,GNB,1999,1.316754
Guinea-Bissau,GNB,2000,0.99681395
Guinea-Bissau,GNB,2001,1.0151379
Guinea-Bissau,GNB,2002,1.0370629
Guinea-Bissau,GNB,2003,1.2056919
Guinea-Bissau,GNB,2004,1.2474937
Guinea-Bissau,GNB,2005,1.2635623
Guinea-Bissau,GNB,2006,1.2923661
Guinea-Bissau,GNB,2007,1.3731303
Guinea-Bissau,GNB,2008,1.3373134
Guinea-Bissau,GNB,2009,1.3855277
Guinea-Bissau,GNB,2010,1.4218438
Guinea-Bissau,GNB,2011,1.4426891
Guinea-Bissau,GNB,2012,1.4710882
Guinea-Bissau,GNB,2013,1.5058649
Guinea-Bissau,GNB,2014,1.58136
Guinea-Bissau,GNB,2015,1.6339204
Guinea-Bissau,GNB,2016,1.7012199
Guinea-Bissau,GNB,2017,1.3764064
Guinea-Bissau,GNB,2018,0.9381088
Guinea-Bissau,GNB,2019,1.1778116
Guinea-Bissau,GNB,2020,1.4020139
Guinea-Bissau,GNB,2021,1.5168245
Guinea-Bissau,GNB,2022,1.5423481
Guinea-Bissau,GNB,2023,1.4402597
Guinea-Bissau,GNB,2024,1.5211328
Guyana,GUY,1980,6.0873117
Guyana,GUY,1981,7.4334855
Guyana,GUY,1982,5.760951
Guyana,GUY,1983,5.1414943
Guyana,GUY,1984,5.7767344
Guyana,GUY,1985,5.8848424
Guyana,GUY,1986,5.590216
Guyana,GUY,1987,4.2452893
Guyana,GUY,1988,4.195965
Guyana,GUY,1989,2.817708
Guyana,GUY,1990,2.7112186
Guyana,GUY,1991,3.1982212
Guyana,GUY,1992,3.533588
Guyana,GUY,1993,4.525869
Guyana,GUY,1994,4.5209265
Guyana,GUY,1995,3.8290677
Guyana,GUY,1996,4.180669
Guyana,GUY,1997,4.451347
Guyana,GUY,1998,5.7751765
Guyana,GUY,1999,6.936306
Guyana,GUY,2000,6.8085284
Guyana,GUY,2001,6.631989
Guyana,GUY,2002,6.6853766
Guyana,GUY,2003,6.9086804
Guyana,GUY,2004,6.728356
Guyana,GUY,2005,6.0889597
Guyana,GUY,2006,5.4360647
Guyana,GUY,2007,6.7520275
Guyana,GUY,2008,6.418986
Guyana,GUY,2009,6.6154137
Guyana,GUY,2010,7.129792
Guyana,GUY,2011,7.401809
Guyana,GUY,2012,8.371512
Guyana,GUY,2013,8.152822
Guyana,GUY,2014,8.148991
Guyana,GUY,2015,8.316044
Guyana,GUY,2016,9.359702
Guyana,GUY,2017,9.2736
Guyana,GUY,2018,10.085572
Guyana,GUY,2019,11.535878
Guyana,GUY,2020,11.157623
Guyana,GUY,2021,11.751188
Guyana,GUY,2022,14.162006
Guyana,GUY,2023,16.340101
Guyana,GUY,2024,16.345104
Haiti,HTI,1980,3.6955516
Haiti,HTI,1981,2.4569697
Haiti,HTI,1982,3.0712123
Haiti,HTI,1983,2.4569697
Haiti,HTI,1984,2.4637012
Haiti,HTI,1985,2.9483635
Haiti,HTI,1986,3.0097878
Haiti,HTI,1987,5.1039367
Haiti,HTI,1988,5.5441656
Haiti,HTI,1989,5.1659155
Haiti,HTI,1990,2.880877
Haiti,HTI,1991,2.8240435
Haiti,HTI,1992,3.293402
Haiti,HTI,1993,2.5832307
Haiti,HTI,1994,2.2122018
Haiti,HTI,1995,3.8018863
Haiti,HTI,1996,4.48001
Haiti,HTI,1997,5.81912
Haiti,HTI,1998,5.3944054
Haiti,HTI,1999,6.02624
Haiti,HTI,2000,6.152725
Haiti,HTI,2001,6.7563753
Haiti,HTI,2002,7.5629277
Haiti,HTI,2003,6.9580655
Haiti,HTI,2004,8.119466
Haiti,HTI,2005,8.488278
Haiti,HTI,2006,8.695619
Haiti,HTI,2007,9.77812
Haiti,HTI,2008,9.77812
Haiti,HTI,2009,9.200496
Haiti,HTI,2010,8.576274
Haiti,HTI,2011,9.200496
Haiti,HTI,2012,9.877772
Haiti,HTI,2013,10.644787
Haiti,HTI,2014,11.645427
Haiti,HTI,2015,13.340457
Haiti,HTI,2016,13.892448
Haiti,HTI,2017,13.62085
Haiti,HTI,2018,14.218305
Haiti,HTI,2019,13.175039
Haiti,HTI,2020,14.033705
Haiti,HTI,2021,14.860153
Haiti,HTI,2022,12.068607
Haiti,HTI,2023,6.899781
Haiti,HTI,2024,6.902395
High-income countries,OWID_HIC,1965,13711.53
High-income countries,OWID_HIC,1966,14775.387
High-income countries,OWID_HIC,1967,15823.774
High-income countries,OWID_HIC,1968,17179.586
High-income countries,OWID_HIC,1969,18739.973
High-income countries,OWID_HIC,1970,20423.352
High-income countries,OWID_HIC,1971,21353.549
High-income countries,OWID_HIC,1972,22981.076
High-income countries,OWID_HIC,1973,24677.836
High-income countries,OWID_HIC,1974,23572.521
High-income countries,OWID_HIC,1975,22913.76
High-income countries,OWID_HIC,1976,24485.781
High-income countries,OWID_HIC,1977,25074.062
High-income countries,OWID_HIC,1978,25917.117
High-income countries,OWID_HIC,1979,26020.78
High-income countries,OWID_HIC,1980,24118.85
High-income countries,OWID_HIC,1981,22714.56
High-income countries,OWID_HIC,1982,21631.453
High-income countries,OWID_HIC,1983,21392.89
High-income countries,OWID_HIC,1984,21743.678
High-income countries,OWID_HIC,1985,24737.404
High-income countries,OWID_HIC,1986,25557.088
High-income countries,OWID_HIC,1987,25990.621
High-income countries,OWID_HIC,1988,26847.975
High-income countries,OWID_HIC,1989,27207.846
High-income countries,OWID_HIC,1990,27270.455
High-income countries,OWID_HIC,1991,27280.707
High-income countries,OWID_HIC,1992,27723.133
High-income countries,OWID_HIC,1993,27392.723
High-income countries,OWID_HIC,1994,27969.375
High-income countries,OWID_HIC,1995,28039.975
High-income countries,OWID_HIC,1996,28510.166
High-income countries,OWID_HIC,1997,28849.215
High-income countries,OWID_HIC,1998,28926.56
High-income countries,OWID_HIC,1999,29418.27
High-income countries,OWID_HIC,2000,29476.45
High-income countries,OWID_HIC,2001,29663.426
High-income countries,OWID_HIC,2002,29678.34
High-income countries,OWID_HIC,2003,30192.225
High-income countries,OWID_HIC,2004,30840.078
High-income countries,OWID_HIC,2005,31019.875
High-income countries,OWID_HIC,2006,31044.807
High-income countries,OWID_HIC,2007,30933.18
High-income countries,OWID_HIC,2008,30129.64
High-income countries,OWID_HIC,2009,28840.4
High-income countries,OWID_HIC,2010,29487.395
High-income countries,OWID_HIC,2011,29302.404
High-income countries,OWID_HIC,2012,29199.92
High-income countries,OWID_HIC,2013,29174.74
High-income countries,OWID_HIC,2014,29281.645
High-income countries,OWID_HIC,2015,29748.574
High-income countries,OWID_HIC,2016,30154.719
High-income countries,OWID_HIC,2017,30436.523
High-income countries,OWID_HIC,2018,30528.504
High-income countries,OWID_HIC,2019,30232.324
High-income countries,OWID_HIC,2020,26864.021
High-income countries,OWID_HIC,2021,28486.74
High-income countries,OWID_HIC,2022,29105.033
High-income countries,OWID_HIC,2023,29140.734
High-income countries,OWID_HIC,2024,29425.469
High-income countries,OWID_HIC,2025,29398.84
Honduras,HND,1980,7.3074627
Honduras,HND,1981,6.6802053
Honduras,HND,1982,6.6802053
Honduras,HND,1983,7.287497
Honduras,HND,1984,7.3074627
Honduras,HND,1985,6.6802053
Honduras,HND,1986,7.1053095
Honduras,HND,1987,7.154056
Honduras,HND,1988,8.081732
Honduras,HND,1989,9.837347
Honduras,HND,1990,10.984311
Honduras,HND,1991,10.84203
Honduras,HND,1992,11.237364
Honduras,HND,1993,10.974106
Honduras,HND,1994,12.290907
Honduras,HND,1995,14.210748
Honduras,HND,1996,15.506633
Honduras,HND,1997,15.755
Honduras,HND,1998,17.922874
Honduras,HND,1999,18.878553
Honduras,HND,2000,17.377632
Honduras,HND,2001,20.532228
Honduras,HND,2002,21.625637
Honduras,HND,2003,23.880398
Honduras,HND,2004,26.639874
Honduras,HND,2005,26.589457
Honduras,HND,2006,24.498999
Honduras,HND,2007,31.469193
Honduras,HND,2008,30.785303
Honduras,HND,2009,27.55771
Honduras,HND,2010,28.362095
Honduras,HND,2011,28.992662
Honduras,HND,2012,31.447252
Honduras,HND,2013,31.69077
Honduras,HND,2014,34.315346
Honduras,HND,2015,38.025387
Honduras,HND,2016,34.86813
Honduras,HND,2017,35.29197
Honduras,HND,2018,35.46805
Honduras,HND,2019,39.770046
Honduras,HND,2020,35.85779
Honduras,HND,2021,41.14114
Honduras,HND,2022,42.32138
Honduras,HND,2023,48.153557
Honduras,HND,2024,48.128483
Hong Kong,HKG,1965,24.871521
Hong Kong,HKG,1966,27.293041
Hong Kong,HKG,1967,32.704254
Hong Kong,HKG,1968,35.71866
Hong Kong,HKG,1969,42.38126
Hong Kong,HKG,1970,45.737446
Hong Kong,HKG,1971,48.245647
Hong Kong,HKG,1972,55.002895
Hong Kong,HKG,1973,57.120667
Hong Kong,HKG,1974,58.476112
Hong Kong,HKG,1975,55.057316
Hong Kong,HKG,1976,64.99793
Hong Kong,HKG,1977,70.20239
Hong Kong,HKG,1978,72.9587
Hong Kong,HKG,1979,74.716446
Hong Kong,HKG,1980,76.37257
Hong Kong,HKG,1981,81.002144
Hong Kong,HKG,1982,78.94145
Hong Kong,HKG,1983,70.29673
Hong Kong,HKG,1984,65.150055
Hong Kong,HKG,1985,61.261135
Hong Kong,HKG,1986,59.873386
Hong Kong,HKG,1987,58.73012
Hong Kong,HKG,1988,67.36971
Hong Kong,HKG,1989,71.84668
Hong Kong,HKG,1990,75.48578
Hong Kong,HKG,1991,75.47003
Hong Kong,HKG,1992,96.86926
Hong Kong,HKG,1993,100.89406
Hong Kong,HKG,1994,107.65179
Hong Kong,HKG,1995,115.22543
Hong Kong,HKG,1996,112.906654
Hong Kong,HKG,1997,111.75032
Hong Kong,HKG,1998,107.219894
Hong Kong,HKG,1999,114.0835
Hong Kong,HKG,2000,118.88865
Hong Kong,HKG,2001,141.33519
Hong Kong,HKG,2002,154.46638
Hong Kong,HKG,2003,155.44257
Hong Kong,HKG,2004,183.05957
Hong Kong,HKG,2005,165.10948
Hong Kong,HKG,2006,178.45949
Hong Kong,HKG,2007,191.26967
Hong Kong,HKG,2008,173.34848
Hong Kong,HKG,2009,196.68486
Hong Kong,HKG,2010,212.63667
Hong Kong,HKG,2011,214.10521
Hong Kong,HKG,2012,205.13832
Hong Kong,HKG,2013,209.29407
Hong Kong,HKG,2014,198.1297
Hong Kong,HKG,2015,217.42123
Hong Kong,HKG,2016,225.19812
Hong Kong,HKG,2017,254.45477
Hong Kong,HKG,2018,257.5806
Hong Kong,HKG,2019,240.73477
Hong Kong,HKG,2020,169.06566
Hong Kong,HKG,2021,151.34477
Hong Kong,HKG,2022,128.26762
Hong Kong,HKG,2023,159.25752
Hong Kong,HKG,2024,180.91225
Hong Kong,HKG,2025,189.4743
Hungary,HUN,1965,44.273094
Hungary,HUN,1966,48.626213
Hungary,HUN,1967,51.449696
Hungary,HUN,1968,53.920544
Hungary,HUN,1969,60.313942
Hungary,HUN,1970,70.053635
Hungary,HUN,1971,78.927284
Hungary,HUN,1972,85.993385
Hungary,HUN,1973,96.752205
Hungary,HUN,1974,105.922
Hungary,HUN,1975,119.49149
Hungary,HUN,1976,125.17623
Hungary,HUN,1977,133.09103
Hungary,HUN,1978,147.2131
Hungary,HUN,1979,138.70981
Hungary,HUN,1980,134.84071
Hungary,HUN,1981,128.84254
Hungary,HUN,1982,122.05013
Hungary,HUN,1983,115.73054
Hungary,HUN,1984,121.191
Hungary,HUN,1985,123.43376
Hungary,HUN,1986,114.001625
Hungary,HUN,1987,119.51186
Hungary,HUN,1988,110.64611
Hungary,HUN,1989,107.246796
Hungary,HUN,1990,106.33131
Hungary,HUN,1991,98.23867
Hungary,HUN,1992,95.298004
Hungary,HUN,1993,92.3488
Hungary,HUN,1994,90.97473
Hungary,HUN,1995,91.15948
Hungary,HUN,1996,83.90669
Hungary,HUN,1997,85.98019
Hungary,HUN,1998,89.39313
Hungary,HUN,1999,85.7228
Hungary,HUN,2000,82.23855
Hungary,HUN,2001,79.71976
Hungary,HUN,2002,79.86267
Hungary,HUN,2003,76.85952
Hungary,HUN,2004,77.29746
Hungary,HUN,2005,87.828926
Hungary,HUN,2006,91.64636
Hungary,HUN,2007,90.24266
Hungary,HUN,2008,87.269554
Hungary,HUN,2009,86.07807
Hungary,HUN,2010,81.30606
Hungary,HUN,2011,77.20298
Hungary,HUN,2012,72.05541
Hungary,HUN,2013,70.47382
Hungary,HUN,2014,78.41945
Hungary,HUN,2015,84.03167
Hungary,HUN,2016,83.451355
Hungary,HUN,2017,90.3991
Hungary,HUN,2018,96.8896
Hungary,HUN,2019,97.92278
Hungary,HUN,2020,89.379326
Hungary,HUN,2021,97.09771
Hungary,HUN,2022,96.33766
Hungary,HUN,2023,94.0944
Hungary,HUN,2024,93.32065
Hungary,HUN,2025,92.39464
Iceland,ISL,1965,5.612466
Iceland,ISL,1966,6.0511594
Iceland,ISL,1967,5.8715425
Iceland,ISL,1968,6.2693133
Iceland,ISL,1969,5.7495003
Iceland,ISL,1970,5.875635
Iceland,ISL,1971,6.3996997
Iceland,ISL,1972,6.8569255
Iceland,ISL,1973,7.9397244
Iceland,ISL,1974,7.4100266
Iceland,ISL,1975,6.9604106
Iceland,ISL,1976,6.9930778
Iceland,ISL,1977,7.313648
Iceland,ISL,1978,7.7066045
Iceland,ISL,1979,7.482763
Iceland,ISL,1980,6.962151
Iceland,ISL,1981,6.795264
Iceland,ISL,1982,6.2100058
Iceland,ISL,1983,6.033723
Iceland,ISL,1984,6.2958694
Iceland,ISL,1985,6.274548
Iceland,ISL,1986,6.36477
Iceland,ISL,1987,6.8829937
Iceland,ISL,1988,7.1954055
Iceland,ISL,1989,7.6968536
Iceland,ISL,1990,8.191046
Iceland,ISL,1991,7.766676
Iceland,ISL,1992,8.415177
Iceland,ISL,1993,8.6441
Iceland,ISL,1994,8.66809
Iceland,ISL,1995,8.987374
Iceland,ISL,1996,9.390266
Iceland,ISL,1997,9.83036
Iceland,ISL,1998,10.216269
Iceland,ISL,1999,10.53843
Iceland,ISL,2000,10.604238
Iceland,ISL,2001,10.09992
Iceland,ISL,2002,10.565933
Iceland,ISL,2003,10.403124
Iceland,ISL,2004,11.094587
Iceland,ISL,2005,10.867801
Iceland,ISL,2006,11.764906
Iceland,ISL,2007,11.936759
Iceland,ISL,2008,13.088133
Iceland,ISL,2009,12.503299
Iceland,ISL,2010,8.497562
Iceland,ISL,2011,8.345639
Iceland,ISL,2012,8.243708
Iceland,ISL,2013,8.593169
Iceland,ISL,2014,9.030529
Iceland,ISL,2015,9.803495
Iceland,ISL,2016,10.829254
Iceland,ISL,2017,11.986396
Iceland,ISL,2018,13.109028
Iceland,ISL,2019,11.0991955
Iceland,ISL,2020,7.2965393
Iceland,ISL,2021,8.542696
Iceland,ISL,2022,10.809577
Iceland,ISL,2023,11.310686
Iceland,ISL,2024,11.604769
Iceland,ISL,2025,11.682964
India,IND,1965,146.99513
India,IND,1966,164.14969
India,IND,1967,169.36023
India,IND,1968,189.77089
India,IND,1969,227.92883
India,IND,1970,226.89145
India,IND,1971,243.33247
India,IND,1972,262.38327
India,IND,1973,276.95908
India,IND,1974,271.54297
India,IND,1975,278.09283
India,IND,1976,293.2587
India,IND,1977,315.04404
India,IND,1978,342.3745
India,IND,1979,369.47278
India,IND,1980,376.81616
India,IND,1981,405.65527
India,IND,1982,422.65634
India,IND,1983,444.35297
India,IND,1984,477.06705
India,IND,1985,517.6358
India,IND,1986,544.25946
India,IND,1987,561.7668
India,IND,1988,616.5008
India,IND,1989,667.77264
India,IND,1990,694.0582
India,IND,1991,706.1011
India,IND,1992,744.1866
India,IND,1993,752.0428
India,IND,1994,808.2667
India,IND,1995,901.3517
India,IND,1996,972.76135
India,IND,1997,1039.8557
India,IND,1998,1113.5074
India,IND,1999,1219.4528
India,IND,2000,1277.5098
India,IND,2001,1281.0958
India,IND,2002,1324.2423
India,IND,2003,1347.6937
India,IND,2004,1426.8564
India,IND,2005,1450.1283
India,IND,2006,1532.0394
India,IND,2007,1637.4816
India,IND,2008,1719.2588
India,IND,2009,1806.7904
India,IND,2010,1848.4161
India,IND,2011,1935.7648
India,IND,2012,2051.6697
India,IND,2013,2065.6555
India,IND,2014,2125.4941
India,IND,2015,2296.0386
India,IND,2016,2514.2617
India,IND,2017,2588.196
India,IND,2018,2704.5122
India,IND,2019,2791.9463
India,IND,2020,2537.8525
India,IND,2021,2588.9045
India,IND,2022,2804.5303
India,IND,2023,2939.235
India,IND,2024,3025.56
India,IND,2025,3025.5723
Indonesia,IDN,1965,72.543625
Indonesia,IDN,1966,69.86446
Indonesia,IDN,1967,67.4028
Indonesia,IDN,1968,71.29931
Indonesia,IDN,1969,76.334076
Indonesia,IDN,1970,80.99267
Indonesia,IDN,1971,83.94383
Indonesia,IDN,1972,90.78368
Indonesia,IDN,1973,108.37456
Indonesia,IDN,1974,113.21974
Indonesia,IDN,1975,129.84836
Indonesia,IDN,1976,139.89664
Indonesia,IDN,1977,164.95786
Indonesia,IDN,1978,185.91682
Indonesia,IDN,1979,202.2756
Indonesia,IDN,1980,227.56358
Indonesia,IDN,1981,249.5228
Indonesia,IDN,1982,259.33398
Indonesia,IDN,1983,253.85255
Indonesia,IDN,1984,273.57245
Indonesia,IDN,1985,268.883
Indonesia,IDN,1986,275.73636
Indonesia,IDN,1987,285.60983
Indonesia,IDN,1988,300.38272
Indonesia,IDN,1989,318.60794
Indonesia,IDN,1990,366.26285
Indonesia,IDN,1991,390.09222
Indonesia,IDN,1992,420.5104
Indonesia,IDN,1993,448.4648
Indonesia,IDN,1994,443.34113
Indonesia,IDN,1995,490.8204
Indonesia,IDN,1996,527.91
Indonesia,IDN,1997,584.76495
Indonesia,IDN,1998,557.09625
Indonesia,IDN,1999,583.22876
Indonesia,IDN,2000,637.6342
Indonesia,IDN,2001,659.7541
Indonesia,IDN,2002,663.0471
Indonesia,IDN,2003,683.08
Indonesia,IDN,2004,721.0085
Indonesia,IDN,2005,720.29486
Indonesia,IDN,2006,693.5674
Indonesia,IDN,2007,731.7054
Indonesia,IDN,2008,746.4561
Indonesia,IDN,2009,750.0341
Indonesia,IDN,2010,793.81995
Indonesia,IDN,2011,850.97736
Indonesia,IDN,2012,894.8122
Indonesia,IDN,2013,865.0088
Indonesia,IDN,2014,861.4602
Indonesia,IDN,2015,822.09674
Indonesia,IDN,2016,792.95087
Indonesia,IDN,2017,850.3321
Indonesia,IDN,2018,877.21906
Indonesia,IDN,2019,855.10266
Indonesia,IDN,2020,753.2117
Indonesia,IDN,2021,786.71375
Indonesia,IDN,2022,858.0724
Indonesia,IDN,2023,854.7072
Indonesia,IDN,2024,875.5163
Indonesia,IDN,2025,910.4112
Iran,IRN,1965,81.939705
Iran,IRN,1966,89.68452
Iran,IRN,1967,99.20545
Iran,IRN,1968,109.47246
Iran,IRN,1969,119.56593
Iran,IRN,1970,129.19635
Iran,IRN,1971,141.64665
Iran,IRN,1972,157.65855
Iran,IRN,1973,189.24191
Iran,IRN,1974,219.959
Iran,IRN,1975,257.91962
Iran,IRN,1976,292.32513
Iran,IRN,1977,339.15933
Iran,IRN,1978,340.1507
Iran,IRN,1979,357.9212
Iran,IRN,1980,330.28473
Iran,IRN,1981,328.61838
Iran,IRN,1982,357.87906
Iran,IRN,1983,435.68042
Iran,IRN,1984,471.64413
Iran,IRN,1985,518.38904
Iran,IRN,1986,478.29694
Iran,IRN,1987,498.8362
Iran,IRN,1988,500.27936
Iran,IRN,1989,536.6414
Iran,IRN,1990,553.2112
Iran,IRN,1991,586.54645
Iran,IRN,1992,630.63934
Iran,IRN,1993,691.7041
Iran,IRN,1994,714.48303
Iran,IRN,1995,702.6482
Iran,IRN,1996,737.46826
Iran,IRN,1997,758.171
Iran,IRN,1998,736.06213
Iran,IRN,1999,752.26575
Iran,IRN,2000,775.7112
Iran,IRN,2001,799.744
Iran,IRN,2002,806.6087
Iran,IRN,2003,810.2835
Iran,IRN,2004,848.9064
Iran,IRN,2005,910.1544
Iran,IRN,2006,991.9344
Iran,IRN,2007,999.07385
Iran,IRN,2008,1029.7059
Iran,IRN,2009,1002.6773
Iran,IRN,2010,972.17633
Iran,IRN,2011,978.04443
Iran,IRN,2012,998.7805
Iran,IRN,2013,1075.3906
Iran,IRN,2014,991.93774
Iran,IRN,2015,864.85693
Iran,IRN,2016,888.2897
Iran,IRN,2017,896.9061
Iran,IRN,2018,933.4988
Iran,IRN,2019,985.50775
Iran,IRN,2020,950.84296
Iran,IRN,2021,1009.99646
Iran,IRN,2022,1032.7953
Iran,IRN,2023,1049.5453
Iran,IRN,2024,1068.649
Iran,IRN,2025,1074.7173
Iraq,IRQ,1965,18.0648
Iraq,IRQ,1966,19.331001
Iraq,IRQ,1967,20.708927
Iraq,IRQ,1968,22.232122
Iraq,IRQ,1969,23.810186
Iraq,IRQ,1970,31.23763
Iraq,IRQ,1971,33.480137
Iraq,IRQ,1972,40.72927
Iraq,IRQ,1973,39.85893
Iraq,IRQ,1974,39.219147
Iraq,IRQ,1975,39.173504
Iraq,IRQ,1976,47.936947
Iraq,IRQ,1977,56.694485
Iraq,IRQ,1978,60.07625
Iraq,IRQ,1979,72.68304
Iraq,IRQ,1980,87.1314
Iraq,IRQ,1981,87.037094
Iraq,IRQ,1982,89.883965
Iraq,IRQ,1983,106.461365
Iraq,IRQ,1984,117.46719
Iraq,IRQ,1985,133.36305
Iraq,IRQ,1986,148.48793
Iraq,IRQ,1987,151.33095
Iraq,IRQ,1988,164.51309
Iraq,IRQ,1989,186.95409
Iraq,IRQ,1990,186.1421
Iraq,IRQ,1991,127.142624
Iraq,IRQ,1992,201.05925
Iraq,IRQ,1993,273.86227
Iraq,IRQ,1994,309.44556
Iraq,IRQ,1995,305.5216
Iraq,IRQ,1996,307.12216
Iraq,IRQ,1997,374.77612
Iraq,IRQ,1998,271.37985
Iraq,IRQ,1999,188.50584
Iraq,IRQ,2000,283.2356
Iraq,IRQ,2001,323.30173
Iraq,IRQ,2002,306.809
Iraq,IRQ,2003,275.40967
Iraq,IRQ,2004,299.94012
Iraq,IRQ,2005,280.47946
Iraq,IRQ,2006,271.65643
Iraq,IRQ,2007,243.81943
Iraq,IRQ,2008,273.0638
Iraq,IRQ,2009,263.04932
Iraq,IRQ,2010,321.55725
Iraq,IRQ,2011,356.88937
Iraq,IRQ,2012,380.48477
Iraq,IRQ,2013,413.21475
Iraq,IRQ,2014,398.70303
Iraq,IRQ,2015,401.53625
Iraq,IRQ,2016,412.21582
Iraq,IRQ,2017,477.13312
Iraq,IRQ,2018,472.2986
Iraq,IRQ,2019,471.32565
Iraq,IRQ,2020,345.27032
Iraq,IRQ,2021,411.0615
Iraq,IRQ,2022,435.83615
Iraq,IRQ,2023,481.30023
Iraq,IRQ,2024,484.66443
Iraq,IRQ,2025,511.83087
Ireland,IRL,1965,28.522163
Ireland,IRL,1966,31.881552
Ireland,IRL,1967,35.69569
Ireland,IRL,1968,39.704014
Ireland,IRL,1969,43.153435
Ireland,IRL,1970,48.426376
Ireland,IRL,1971,53.493187
Ireland,IRL,1972,58.884476
Ireland,IRL,1973,63.811317
Ireland,IRL,1974,63.197315
Ireland,IRL,1975,61.815147
Ireland,IRL,1976,62.782482
Ireland,IRL,1977,66.95627
Ireland,IRL,1978,71.89355
Ireland,IRL,1979,75.46185
Ireland,IRL,1980,67.97169
Ireland,IRL,1981,60.38429
Ireland,IRL,1982,52.857918
Ireland,IRL,1983,48.004547
Ireland,IRL,1984,47.20721
Ireland,IRL,1985,47.078075
Ireland,IRL,1986,58.11852
Ireland,IRL,1987,51.009117
Ireland,IRL,1988,46.249054
Ireland,IRL,1989,47.584457
Ireland,IRL,1990,53.319946
Ireland,IRL,1991,57.319523
Ireland,IRL,1992,58.637505
Ireland,IRL,1993,60.311337
Ireland,IRL,1994,66.518364
Ireland,IRL,1995,67.95062
Ireland,IRL,1996,70.36446
Ireland,IRL,1997,77.970825
Ireland,IRL,1998,86.61931
Ireland,IRL,1999,97.60812
Ireland,IRL,2000,100.683975
Ireland,IRL,2001,105.5485
Ireland,IRL,2002,102.8456
Ireland,IRL,2003,102.08673
Ireland,IRL,2004,107.23524
Ireland,IRL,2005,115.86578
Ireland,IRL,2006,115.01625
Ireland,IRL,2007,111.102745
Ireland,IRL,2008,108.802185
Ireland,IRL,2009,93.32596
Ireland,IRL,2010,92.90513
Ireland,IRL,2011,83.329216
Ireland,IRL,2012,78.681175
Ireland,IRL,2013,79.80276
Ireland,IRL,2014,78.99447
Ireland,IRL,2015,81.82423
Ireland,IRL,2016,86.16182
Ireland,IRL,2017,85.45698
Ireland,IRL,2018,88.80606
Ireland,IRL,2019,88.61781
Ireland,IRL,2020,75.083244
Ireland,IRL,2021,81.75065
Ireland,IRL,2022,85.8218
Ireland,IRL,2023,84.50989
Ireland,IRL,2024,84.93315
Ireland,IRL,2025,84.065704
Israel,ISR,1965,40.27698
Israel,ISR,1966,41.695316
Israel,ISR,1967,50.674126
Israel,ISR,1968,51.301483
Israel,ISR,1969,58.121662
Israel,ISR,1970,62.26058
Israel,ISR,1971,70.908646
Israel,ISR,1972,67.1222
Israel,ISR,1973,72.303604
Israel,ISR,1974,72.49729
Israel,ISR,1975,74.568344
Israel,ISR,1976,76.48452
Israel,ISR,1977,80.3445
Israel,ISR,1978,87.7867
Israel,ISR,1979,90.86663
Israel,ISR,1980,92.546585
Israel,ISR,1981,94.11931
Israel,ISR,1982,94.85222
Israel,ISR,1983,89.02869
Israel,ISR,1984,85.71314
Israel,ISR,1985,76.264885
Israel,ISR,1986,79.106224
Israel,ISR,1987,84.97657
Israel,ISR,1988,94.02596
Israel,ISR,1989,97.610435
Israel,ISR,1990,101.24891
Israel,ISR,1991,101.15154
Israel,ISR,1992,116.151215
Israel,ISR,1993,124.56148
Israel,ISR,1994,129.30417
Israel,ISR,1995,146.87704
Israel,ISR,1996,143.86281
Israel,ISR,1997,157.65808
Israel,ISR,1998,164.65373
Israel,ISR,1999,174.33197
Israel,ISR,2000,154.44406
Israel,ISR,2001,143.08977
Israel,ISR,2002,142.72649
Israel,ISR,2003,146.52625
Israel,ISR,2004,139.08589
Israel,ISR,2005,136.45407
Israel,ISR,2006,132.76782
Israel,ISR,2007,135.56348
Israel,ISR,2008,134.59229
Israel,ISR,2009,124.926895
Israel,ISR,2010,123.8482
Israel,ISR,2011,129.74031
Israel,ISR,2012,154.56673
Israel,ISR,2013,117.32228
Israel,ISR,2014,109.44141
Israel,ISR,2015,116.4035
Israel,ISR,2016,119.49044
Israel,ISR,2017,124.57352
Israel,ISR,2018,125.85821
Israel,ISR,2019,127.130394
Israel,ISR,2020,109.86071
Israel,ISR,2021,114.3978
Israel,ISR,2022,121.608055
Israel,ISR,2023,122.05581
Israel,ISR,2024,116.34696
Israel,ISR,2025,114.62597
Italy,ITA,1965,610.7383
Italy,ITA,1966,673.4347
Italy,ITA,1967,745.36487
Italy,ITA,1968,821.8544
Italy,ITA,1969,905.2703
Italy,ITA,1970,1024.0592
Italy,ITA,1971,1101.3706
Italy,ITA,1972,1156.2516
Italy,ITA,1973,1217.0194
Italy,ITA,1974,1184.078
Italy,ITA,1975,1112.0739
Italy,ITA,1976,1162.1108
Italy,ITA,1977,1130.0889
Italy,ITA,1978,1186.6757
Italy,ITA,1979,1225.9446
Italy,ITA,1980,1163.8812
Italy,ITA,1981,1138.7347
Italy,ITA,1982,1081.3064
Italy,ITA,1983,1053.4365
Italy,ITA,1984,1005.08795
Italy,ITA,1985,999.8842
Italy,ITA,1986,1023.8365
Italy,ITA,1987,1067.5886
Italy,ITA,1988,1086.6915
Italy,ITA,1989,1118.1211
Italy,ITA,1990,1099.9613
Italy,ITA,1991,1113.4999
Italy,ITA,1992,1134.8945
Italy,ITA,1993,1118.0892
Italy,ITA,1994,1104.0833
Italy,ITA,1995,1148.2211
Italy,ITA,1996,1131.0774
Italy,ITA,1997,1137.1052
Italy,ITA,1998,1140.6208
Italy,ITA,1999,1107.6522
Italy,ITA,2000,1094.115
Italy,ITA,2001,1074.7948
Italy,ITA,2002,1096.8329
Italy,ITA,2003,1087.8732
Italy,ITA,2004,1071.7994
Italy,ITA,2005,1034.2896
Italy,ITA,2006,1040.8889
Italy,ITA,2007,1010.7407
Italy,ITA,2008,959.65137
Italy,ITA,2009,875.43274
Italy,ITA,2010,870.92426
Italy,ITA,2011,838.2304
Italy,ITA,2012,770.0105
Italy,ITA,2013,703.78674
Italy,ITA,2014,709.54504
Italy,ITA,2015,715.97876
Italy,ITA,2016,698.3066
Italy,ITA,2017,697.70245
Italy,ITA,2018,710.8526
Italy,ITA,2019,701.25146
Italy,ITA,2020,575.9923
Italy,ITA,2021,644.5087
Italy,ITA,2022,702.0944
Italy,ITA,2023,687.6171
Italy,ITA,2024,702.2383
Italy,ITA,2025,674.0875
Jamaica,JAM,1980,33.4876
Jamaica,JAM,1981,28.985296
Jamaica,JAM,1982,24.574492
Jamaica,JAM,1983,25.83472
Jamaica,JAM,1984,22.11445
Jamaica,JAM,1985,19.533567
Jamaica,JAM,1986,19.281523
Jamaica,JAM,1987,21.171936
Jamaica,JAM,1988,23.998005
Jamaica,JAM,1989,27.457664
Jamaica,JAM,1990,28.841825
Jamaica,JAM,1991,30.281643
Jamaica,JAM,1992,32.61153
Jamaica,JAM,1993,33.164703
Jamaica,JAM,1994,34.16885
Jamaica,JAM,1995,38.277264
Jamaica,JAM,1996,39.379086
Jamaica,JAM,1997,41.12819
Jamaica,JAM,1998,42.122696
Jamaica,JAM,1999,43.149723
Jamaica,JAM,2000,42.066814
Jamaica,JAM,2001,42.98721
Jamaica,JAM,2002,42.58096
Jamaica,JAM,2003,44.378944
Jamaica,JAM,2004,43.3875
Jamaica,JAM,2005,44.727085
Jamaica,JAM,2006,51.42147
Jamaica,JAM,2007,52.38952
Jamaica,JAM,2008,44.279408
Jamaica,JAM,2009,34.655598
Jamaica,JAM,2010,31.793684
Jamaica,JAM,2011,33.534443
Jamaica,JAM,2012,31.175238
Jamaica,JAM,2013,33.97301
Jamaica,JAM,2014,33.328968
Jamaica,JAM,2015,34.39933
Jamaica,JAM,2016,35.506676
Jamaica,JAM,2017,29.639315
Jamaica,JAM,2018,33.482437
Jamaica,JAM,2019,36.29711
Jamaica,JAM,2020,20.150906
Jamaica,JAM,2021,22.71394
Jamaica,JAM,2022,25.10209
Jamaica,JAM,2023,26.460573
Jamaica,JAM,2024,26.440477
Japan,JPN,1965,1022.04364
Japan,JPN,1966,1220.0682
Japan,JPN,1967,1445.0398
Japan,JPN,1968,1645.5842
Japan,JPN,1969,2017.5236
Japan,JPN,1970,2444.1145
Japan,JPN,1971,2633.4075
Japan,JPN,1972,2894.374
Japan,JPN,1973,3271.468
Japan,JPN,1974,3098.383
Japan,JPN,1975,3070.5293
Japan,JPN,1976,3215.9766
Japan,JPN,1977,3247.2256
Japan,JPN,1978,3274.6074
Japan,JPN,1979,3221.443
Japan,JPN,1980,2871.159
Japan,JPN,1981,2707.4973
Japan,JPN,1982,2555.3738
Japan,JPN,1983,2620.6226
Japan,JPN,1984,2568.1838
Japan,JPN,1985,2509.7917
Japan,JPN,1986,2522.5608
Japan,JPN,1987,2639.6982
Japan,JPN,1988,2798.2007
Japan,JPN,1989,2900.8262
Japan,JPN,1990,2990.1934
Japan,JPN,1991,3042.125
Japan,JPN,1992,3117.8647
Japan,JPN,1993,3067.9346
Japan,JPN,1994,3241.051
Japan,JPN,1995,3254.8723
Japan,JPN,1996,3278.913
Japan,JPN,1997,3250.7468
Japan,JPN,1998,3149.5618
Japan,JPN,1999,3198.1865
Japan,JPN,2000,3195.0925
Japan,JPN,2001,3088.983
Japan,JPN,2002,3046.1982
Japan,JPN,2003,3135.7334
Japan,JPN,2004,3060.9292
Japan,JPN,2005,3097.9792
Japan,JPN,2006,3002.5505
Japan,JPN,2007,2899.241
Japan,JPN,2008,2784.8713
Japan,JPN,2009,2516.523
Japan,JPN,2010,2551.5552
Japan,JPN,2011,2556.386
Japan,JPN,2012,2713.0208
Japan,JPN,2013,2583.439
Japan,JPN,2014,2452.2993
Japan,JPN,2015,2376.8066
Japan,JPN,2016,2305.7126
Japan,JPN,2017,2264.6455
Japan,JPN,2018,2196.718
Japan,JPN,2019,2132.0625
Japan,JPN,2020,1916.9346
Japan,JPN,2021,1960.9039
Japan,JPN,2022,1960.1013
Japan,JPN,2023,1919.0326
Japan,JPN,2024,1836.6366
Japan,JPN,2025,1808.1323
Jordan,JOR,1980,22.80812
Jordan,JOR,1981,27.049067
Jordan,JOR,1982,30.737576
Jordan,JOR,1983,32.58183
Jordan,JOR,1984,34.5204
Jordan,JOR,1985,35.655586
Jordan,JOR,1986,38.176067
Jordan,JOR,1987,40.927532
Jordan,JOR,1988,38.282818
Jordan,JOR,1989,38.604027
Jordan,JOR,1990,40.689625
Jordan,JOR,1991,38.373043
Jordan,JOR,1992,45.268673
Jordan,JOR,1993,44.22109
Jordan,JOR,1994,50.321804
Jordan,JOR,1995,52.313923
Jordan,JOR,1996,57.027447
Jordan,JOR,1997,54.650063
Jordan,JOR,1998,58.862473
Jordan,JOR,1999,59.263184
Jordan,JOR,2000,62.64022
Jordan,JOR,2001,60.127914
Jordan,JOR,2002,62.954643
Jordan,JOR,2003,64.687126
Jordan,JOR,2004,63.007973
Jordan,JOR,2005,68.225525
Jordan,JOR,2006,63.971165
Jordan,JOR,2007,62.77447
Jordan,JOR,2008,56.55888
Jordan,JOR,2009,58.653103
Jordan,JOR,2010,64.539314
Jordan,JOR,2011,79.42851
Jordan,JOR,2012,88.40492
Jordan,JOR,2013,84.80058
Jordan,JOR,2014,95.06893
Jordan,JOR,2015,81.466446
Jordan,JOR,2016,68.68326
Jordan,JOR,2017,70.29424
Jordan,JOR,2018,64.43886
Jordan,JOR,2019,62.441364
Jordan,JOR,2020,50.364624
Jordan,JOR,2021,53.450073
Jordan,JOR,2022,57.911224
Jordan,JOR,2023,57.598793
Jordan,JOR,2024,58.222813
Kazakhstan,KAZ,1985,246.88788
Kazakhstan,KAZ,1986,224.8873
Kazakhstan,KAZ,1987,217.35507
Kazakhstan,KAZ,1988,218.25153
Kazakhstan,KAZ,1989,222.71523
Kazakhstan,KAZ,1990,256.32733
Kazakhstan,KAZ,1991,258.59717
Kazakhstan,KAZ,1992,241.5884
Kazakhstan,KAZ,1993,186.60751
Kazakhstan,KAZ,1994,146.3026
Kazakhstan,KAZ,1995,143.00717
Kazakhstan,KAZ,1996,120.90727
Kazakhstan,KAZ,1997,121.64777
Kazakhstan,KAZ,1998,101.10801
Kazakhstan,KAZ,1999,83.37866
Kazakhstan,KAZ,2000,92.2146
Kazakhstan,KAZ,2001,92.17118
Kazakhstan,KAZ,2002,94.16745
Kazakhstan,KAZ,2003,102.73209
Kazakhstan,KAZ,2004,105.7996
Kazakhstan,KAZ,2005,108.86972
Kazakhstan,KAZ,2006,125.20107
Kazakhstan,KAZ,2007,136.47191
Kazakhstan,KAZ,2008,135.96167
Kazakhstan,KAZ,2009,109.06764
Kazakhstan,KAZ,2010,113.105934
Kazakhstan,KAZ,2011,150.89111
Kazakhstan,KAZ,2012,161.30411
Kazakhstan,KAZ,2013,162.81444
Kazakhstan,KAZ,2014,167.67194
Kazakhstan,KAZ,2015,154.43547
Kazakhstan,KAZ,2016,157.86322
Kazakhstan,KAZ,2017,159.55869
Kazakhstan,KAZ,2018,170.21378
Kazakhstan,KAZ,2019,171.49725
Kazakhstan,KAZ,2020,148.74731
Kazakhstan,KAZ,2021,183.11275
Kazakhstan,KAZ,2022,180.0903
Kazakhstan,KAZ,2023,185.62042
Kazakhstan,KAZ,2024,198.33356
Kazakhstan,KAZ,2025,217.18788
Kenya,KEN,1980,25.370766
Kenya,KEN,1981,24.06723
Kenya,KEN,1982,24.06723
Kenya,KEN,1983,22.833014
Kenya,KEN,1984,22.27677
Kenya,KEN,1985,22.833014
Kenya,KEN,1986,24.005522
Kenya,KEN,1987,21.202934
Kenya,KEN,1988,23.759611
Kenya,KEN,1989,25.710657
Kenya,KEN,1990,25.655045
Kenya,KEN,1991,22.498053
Kenya,KEN,1992,25.167816
Kenya,KEN,1993,25.734823
Kenya,KEN,1994,26.705767
Kenya,KEN,1995,28.3114
Kenya,KEN,1996,29.660688
Kenya,KEN,1997,27.17831
Kenya,KEN,1998,31.244295
Kenya,KEN,1999,31.579191
Kenya,KEN,2000,38.645134
Kenya,KEN,2001,36.016727
Kenya,KEN,2002,34.396694
Kenya,KEN,2003,30.690592
Kenya,KEN,2004,34.528416
Kenya,KEN,2005,38.62254
Kenya,KEN,2006,42.788246
Kenya,KEN,2007,42.65487
Kenya,KEN,2008,43.848938
Kenya,KEN,2009,50.49358
Kenya,KEN,2010,51.972248
Kenya,KEN,2011,53.492027
Kenya,KEN,2012,49.681313
Kenya,KEN,2013,53.231342
Kenya,KEN,2014,54.01631
Kenya,KEN,2015,63.038532
Kenya,KEN,2016,68.39705
Kenya,KEN,2017,69.1469
Kenya,KEN,2018,67.27856
Kenya,KEN,2019,70.82068
Kenya,KEN,2020,64.02373
Kenya,KEN,2021,68.02927
Kenya,KEN,2022,66.87425
Kenya,KEN,2023,65.991646
Kenya,KEN,2024,67.95513
Kiribati,KIR,1980,0.12426456
Kiribati,KIR,1981,0.123925045
Kiribati,KIR,1982,0.123925045
Kiribati,KIR,1983,0.123925045
Kiribati,KIR,1984,0.06213228
Kiribati,KIR,1985,0.061962523
Kiribati,KIR,1986,0.06411262
Kiribati,KIR,1987,0.075484306
Kiribati,KIR,1988,0.07565461
Kiribati,KIR,1989,0.075484306
Kiribati,KIR,1990,0.075484306
Kiribati,KIR,1991,0.07630238
Kiribati,KIR,1992,0.07565461
Kiribati,KIR,1993,0.075484306
Kiribati,KIR,1994,0.075484306
Kiribati,KIR,1995,0.075484306
Kiribati,KIR,1996,0.07565461
Kiribati,KIR,1997,0.075484306
Kiribati,KIR,1998,0.075484306
Kiribati,KIR,1999,0.07548796
Kiribati,KIR,2000,0.14542936
Kiribati,KIR,2001,0.12409294
Kiribati,KIR,2002,0.18187262
Kiribati,KIR,2003,0.18908447
Kiribati,KIR,2004,0.202527
Kiribati,KIR,2005,0.2642085
Kiribati,KIR,2006,0.2940388
Kiribati,KIR,2007,0.26835078
Kiribati,KIR,2008,0.30042955
Kiribati,KIR,2009,0.26209936
Kiribati,KIR,2010,0.26045373
Kiribati,KIR,2011,0.24037717
Kiribati,KIR,2012,0.23718968
Kiribati,KIR,2013,0.23993716
Kiribati,KIR,2014,0.24029285
Kiribati,KIR,2015,0.25237006
Kiribati,KIR,2016,0.26914722
Kiribati,KIR,2017,0.3052573
Kiribati,KIR,2018,0.3089526
Kiribati,KIR,2019,0.31007797
Kiribati,KIR,2020,0.30528626
Kiribati,KIR,2021,0.30528626
Kiribati,KIR,2022,0.30909914
Kiribati,KIR,2023,0.31489313
Kiribati,KIR,2024,0.3527301
Kosovo,OWID_KOS,2008,6.832144
Kosovo,OWID_KOS,2009,7.266975
Kosovo,OWID_KOS,2010,6.8201
Kosovo,OWID_KOS,2011,7.963124
Kosovo,OWID_KOS,2012,7.2373066
Kosovo,OWID_KOS,2013,7.290982
Kosovo,OWID_KOS,2014,6.8493247
Kosovo,OWID_KOS,2015,8.35578
Kosovo,OWID_KOS,2016,8.468935
Kosovo,OWID_KOS,2017,7.5687203
Kosovo,OWID_KOS,2018,7.7984858
Kosovo,OWID_KOS,2019,9.599862
Kosovo,OWID_KOS,2020,9.392541
Kosovo,OWID_KOS,2021,10.712932
Kosovo,OWID_KOS,2022,9.730736
Kosovo,OWID_KOS,2023,9.973454
Kosovo,OWID_KOS,2024,11.23597
Kuwait,KWT,1965,61.96006
Kuwait,KWT,1966,60.271442
Kuwait,KWT,1967,58.632427
Kuwait,KWT,1968,57.05615
Kuwait,KWT,1969,55.53032
Kuwait,KWT,1970,54.056026
Kuwait,KWT,1971,53.168793
Kuwait,KWT,1972,57.331783
Kuwait,KWT,1973,54.19715
Kuwait,KWT,1974,49.556572
Kuwait,KWT,1975,38.492832
Kuwait,KWT,1976,45.590458
Kuwait,KWT,1977,44.11577
Kuwait,KWT,1978,47.563553
Kuwait,KWT,1979,53.34273
Kuwait,KWT,1980,46.04957
Kuwait,KWT,1981,64.21076
Kuwait,KWT,1982,72.00998
Kuwait,KWT,1983,79.70098
Kuwait,KWT,1984,84.2102
Kuwait,KWT,1985,80.65508
Kuwait,KWT,1986,83.613396
Kuwait,KWT,1987,82.10621
Kuwait,KWT,1988,79.01365
Kuwait,KWT,1989,77.53028
Kuwait,KWT,1990,51.68767
Kuwait,KWT,1991,41.370697
Kuwait,KWT,1992,56.785267
Kuwait,KWT,1993,48.682903
Kuwait,KWT,1994,60.2195
Kuwait,KWT,1995,62.408756
Kuwait,KWT,1996,60.6511
Kuwait,KWT,1997,66.98625
Kuwait,KWT,1998,100.81921
Kuwait,KWT,1999,115.729126
Kuwait,KWT,2000,126.9616
Kuwait,KWT,2001,129.56995
Kuwait,KWT,2002,150.12158
Kuwait,KWT,2003,183.11217
Kuwait,KWT,2004,206.34384
Kuwait,KWT,2005,224.51132
Kuwait,KWT,2006,210.7111
Kuwait,KWT,2007,212.70093
Kuwait,KWT,2008,224.65944
Kuwait,KWT,2009,231.67783
Kuwait,KWT,2010,265.28568
Kuwait,KWT,2011,251.1297
Kuwait,KWT,2012,246.64758
Kuwait,KWT,2013,267.5382
Kuwait,KWT,2014,256.05963
Kuwait,KWT,2015,263.35034
Kuwait,KWT,2016,251.8702
Kuwait,KWT,2017,254.61877
Kuwait,KWT,2018,268.35373
Kuwait,KWT,2019,256.9169
Kuwait,KWT,2020,239.93976
Kuwait,KWT,2021,262.2006
Kuwait,KWT,2022,265.3061
Kuwait,KWT,2023,263.5062
Kuwait,KWT,2024,266.59235
Kuwait,KWT,2025,266.21362
Kyrgyzstan,KGZ,1992,19.543428
Kyrgyzstan,KGZ,1993,11.651082
Kyrgyzstan,KGZ,1994,5.3250566
Kyrgyzstan,KGZ,1995,6.990594
Kyrgyzstan,KGZ,1996,7.4637303
Kyrgyzstan,KGZ,1997,6.2465706
Kyrgyzstan,KGZ,1998,8.46986
Kyrgyzstan,KGZ,1999,6.9630136
Kyrgyzstan,KGZ,2000,5.726744
Kyrgyzstan,KGZ,2001,5.1983314
Kyrgyzstan,KGZ,2002,6.106202
Kyrgyzstan,KGZ,2003,6.0895185
Kyrgyzstan,KGZ,2004,6.4892755
Kyrgyzstan,KGZ,2005,8.272755
Kyrgyzstan,KGZ,2006,10.343585
Kyrgyzstan,KGZ,2007,13.427509
Kyrgyzstan,KGZ,2008,14.854677
Kyrgyzstan,KGZ,2009,18.290447
Kyrgyzstan,KGZ,2010,15.95159
Kyrgyzstan,KGZ,2011,16.846912
Kyrgyzstan,KGZ,2012,21.39656
Kyrgyzstan,KGZ,2013,21.385479
Kyrgyzstan,KGZ,2014,19.195465
Kyrgyzstan,KGZ,2015,20.453571
Kyrgyzstan,KGZ,2016,23.491991
Kyrgyzstan,KGZ,2017,20.299435
Kyrgyzstan,KGZ,2018,24.67466
Kyrgyzstan,KGZ,2019,18.83578
Kyrgyzstan,KGZ,2020,15.55955
Kyrgyzstan,KGZ,2021,18.24002
Kyrgyzstan,KGZ,2022,18.127653
Kyrgyzstan,KGZ,2023,17.451288
Kyrgyzstan,KGZ,2024,17.451288
Laos,LAO,1980,1.7246122
Laos,LAO,1981,0.6879601
Laos,LAO,1982,0.6306301
Laos,LAO,1983,0.6879601
Laos,LAO,1984,0.63235784
Laos,LAO,1985,0.6879601
Laos,LAO,1986,0.85995007
Laos,LAO,1987,0.85995007
Laos,LAO,1988,0.8623061
Laos,LAO,1989,0.97818506
Laos,LAO,1990,0.97818506
Laos,LAO,1991,1.1684008
Laos,LAO,1992,1.1716019
Laos,LAO,1993,1.1684008
Laos,LAO,1994,1.2125798
Laos,LAO,1995,1.2732323
Laos,LAO,1996,1.3952795
Laos,LAO,1997,1.5652095
Laos,LAO,1998,1.5652095
Laos,LAO,1999,1.5652095
Laos,LAO,2000,4.2570314
Laos,LAO,2001,4.5983067
Laos,LAO,2002,4.714819
Laos,LAO,2003,5.0317307
Laos,LAO,2004,5.1498427
Laos,LAO,2005,5.5641885
Laos,LAO,2006,6.8167405
Laos,LAO,2007,6.5657787
Laos,LAO,2008,7.4884915
Laos,LAO,2009,8.470143
Laos,LAO,2010,8.803368
Laos,LAO,2011,9.089074
Laos,LAO,2012,10.172605
Laos,LAO,2013,10.404854
Laos,LAO,2014,10.7977
Laos,LAO,2015,12.546094
Laos,LAO,2016,12.612539
Laos,LAO,2017,12.949825
Laos,LAO,2018,14.635911
Laos,LAO,2019,14.465546
Laos,LAO,2020,14.16402
Laos,LAO,2021,14.196245
Laos,LAO,2022,14.406219
Laos,LAO,2023,13.83148
Laos,LAO,2024,14.190012
Latvia,LVA,1985,67.93239
Latvia,LVA,1986,57.170307
Latvia,LVA,1987,46.47371
Latvia,LVA,1988,41.671085
Latvia,LVA,1989,41.656254
Latvia,LVA,1990,47.24132
Latvia,LVA,1991,38.538788
Latvia,LVA,1992,32.234894
Latvia,LVA,1993,30.65245
Latvia,LVA,1994,29.874575
Latvia,LVA,1995,23.614723
Latvia,LVA,1996,24.636782
Latvia,LVA,1997,21.436329
Latvia,LVA,1998,20.533512
Latvia,LVA,1999,19.22668
Latvia,LVA,2000,15.986878
Latvia,LVA,2001,18.221403
Latvia,LVA,2002,18.521862
Latvia,LVA,2003,18.966362
Latvia,LVA,2004,19.642788
Latvia,LVA,2005,20.629616
Latvia,LVA,2006,21.371248
Latvia,LVA,2007,22.807394
Latvia,LVA,2008,21.995258
Latvia,LVA,2009,20.845797
Latvia,LVA,2010,21.192507
Latvia,LVA,2011,19.342066
Latvia,LVA,2012,19.33762
Latvia,LVA,2013,19.562716
Latvia,LVA,2014,19.589468
Latvia,LVA,2015,20.65956
Latvia,LVA,2016,21.447342
Latvia,LVA,2017,21.716269
Latvia,LVA,2018,19.510897
Latvia,LVA,2019,22.32267
Latvia,LVA,2020,19.587238
Latvia,LVA,2021,20.482428
Latvia,LVA,2022,19.615505
Latvia,LVA,2023,19.472075
Latvia,LVA,2024,17.984465
Latvia,LVA,2025,17.934309
Lebanon,LBN,1980,27.43544
Lebanon,LBN,1981,25.53645
Lebanon,LBN,1982,24.928438
Lebanon,LBN,1983,26.144459
Lebanon,LBN,1984,24.996735
Lebanon,LBN,1985,29.184511
Lebanon,LBN,1986,27.84689
Lebanon,LBN,1987,29.250456
Lebanon,LBN,1988,26.196768
Lebanon,LBN,1989,20.667768
Lebanon,LBN,1990,19.585567
Lebanon,LBN,1991,32.750435
Lebanon,LBN,1992,33.423252
Lebanon,LBN,1993,41.091175
Lebanon,LBN,1994,46.347515
Lebanon,LBN,1995,49.57237
Lebanon,LBN,1996,51.90945
Lebanon,LBN,1997,59.882362
Lebanon,LBN,1998,60.623676
Lebanon,LBN,1999,63.510178
Lebanon,LBN,2000,56.805943
Lebanon,LBN,2001,61.37341
Lebanon,LBN,2002,61.128872
Lebanon,LBN,2003,60.743706
Lebanon,LBN,2004,61.402157
Lebanon,LBN,2005,58.515377
Lebanon,LBN,2006,54.518814
Lebanon,LBN,2007,48.111572
Lebanon,LBN,2008,64.05543
Lebanon,LBN,2009,77.76412
Lebanon,LBN,2010,72.56158
Lebanon,LBN,2011,75.01567
Lebanon,LBN,2012,84.676956
Lebanon,LBN,2013,83.94711
Lebanon,LBN,2014,89.785545
Lebanon,LBN,2015,98.72133
Lebanon,LBN,2016,102.31266
Lebanon,LBN,2017,108.8098
Lebanon,LBN,2018,102.40702
Lebanon,LBN,2019,102.472046
Lebanon,LBN,2020,96.88213
Lebanon,LBN,2021,79.62144
Lebanon,LBN,2022,62.91674
Lebanon,LBN,2023,66.91723
Lebanon,LBN,2024,67.660934
Lesotho,LSO,1980,0.5979173
Lesotho,LSO,1981,0.5962837
Lesotho,LSO,1982,0.5962837
Lesotho,LSO,1983,0.5962837
Lesotho,LSO,1984,0.5979173
Lesotho,LSO,1985,0.65591204
Lesotho,LSO,1986,0.68798614
Lesotho,LSO,1987,0.68798614
Lesotho,LSO,1988,0.4629929
Lesotho,LSO,1989,0.68798614
Lesotho,LSO,1990,0.68798614
Lesotho,LSO,1991,0.68798614
Lesotho,LSO,1992,0.68980414
Lesotho,LSO,1993,0.68078446
Lesotho,LSO,1994,0.75918347
Lesotho,LSO,1995,0.75918347
Lesotho,LSO,1996,0.7612634
Lesotho,LSO,1997,0.75918347
Lesotho,LSO,1998,0.7281619
Lesotho,LSO,1999,0.7281619
Lesotho,LSO,2000,1.6089329
Lesotho,LSO,2001,1.6217779
Lesotho,LSO,2002,1.6546652
Lesotho,LSO,2003,1.6537454
Lesotho,LSO,2004,1.7346752
Lesotho,LSO,2005,1.7572446
Lesotho,LSO,2006,1.7318738
Lesotho,LSO,2007,2.3253033
Lesotho,LSO,2008,1.8689797
Lesotho,LSO,2009,2.140597
Lesotho,LSO,2010,2.2198322
Lesotho,LSO,2011,2.3220465
Lesotho,LSO,2012,2.5082915
Lesotho,LSO,2013,2.514511
Lesotho,LSO,2014,2.6255324
Lesotho,LSO,2015,2.5302804
Lesotho,LSO,2016,2.8076606
Lesotho,LSO,2017,3.0484114
Lesotho,LSO,2018,2.957137
Lesotho,LSO,2019,3.0897925
Lesotho,LSO,2020,2.7378905
Lesotho,LSO,2021,3.0120819
Lesotho,LSO,2022,3.9093072
Lesotho,LSO,2023,3.2634137
Lesotho,LSO,2024,3.3473704
Liberia,LBR,1980,8.24692
Liberia,LBR,1981,7.591742
Liberia,LBR,1982,7.591742
Liberia,LBR,1983,7.591742
Liberia,LBR,1984,6.9781623
Liberia,LBR,1985,6.9590964
Liberia,LBR,1986,5.160594
Liberia,LBR,1987,3.8346019
Liberia,LBR,1988,5.002665
Liberia,LBR,1989,4.041507
Liberia,LBR,1990,2.4021556
Liberia,LBR,1991,1.3531038
Liberia,LBR,1992,1.4188808
Liberia,LBR,1993,1.5658355
Liberia,LBR,1994,1.5658355
Liberia,LBR,1995,1.5658355
Liberia,LBR,1996,1.6264312
Liberia,LBR,1997,1.6220273
Liberia,LBR,1998,1.6782191
Liberia,LBR,1999,1.6782194
Liberia,LBR,2000,1.8909329
Liberia,LBR,2001,2.0167847
Liberia,LBR,2002,1.989471
Liberia,LBR,2003,2.1787899
Liberia,LBR,2004,2.3634822
Liberia,LBR,2005,2.7665544
Liberia,LBR,2006,2.8337708
Liberia,LBR,2007,2.6449285
Liberia,LBR,2008,2.3433156
Liberia,LBR,2009,2.138985
Liberia,LBR,2010,3.367721
Liberia,LBR,2011,3.749771
Liberia,LBR,2012,4.1589622
Liberia,LBR,2013,3.6788895
Liberia,LBR,2014,4.844483
Liberia,LBR,2015,4.862246
Liberia,LBR,2016,5.5901246
Liberia,LBR,2017,4.8233356
Liberia,LBR,2018,2.0450938
Liberia,LBR,2019,3.4882872
Liberia,LBR,2020,2.6895368
Liberia,LBR,2021,2.539962
Liberia,LBR,2022,2.9786131
Liberia,LBR,2023,2.7638245
Liberia,LBR,2024,2.8894067
Libya,LBY,1980,62.508877
Libya,LBY,1981,71.6888
Libya,LBY,1982,77.29923
Libya,LBY,1983,77.92261
Libya,LBY,1984,75.01065
Libya,LBY,1985,79.792755
Libya,LBY,1986,77.797935
Libya,LBY,1987,83.59972
Libya,LBY,1988,88.00444
Libya,LBY,1989,90.27224
Libya,LBY,1990,95.19355
Libya,LBY,1991,101.69235
Libya,LBY,1992,91.659676
Libya,LBY,1993,98.68775
Libya,LBY,1994,102.155754
Libya,LBY,1995,109.663185
Libya,LBY,1996,114.880394
Libya,LBY,1997,121.47834
Libya,LBY,1998,114.68387
Libya,LBY,1999,110.89602
Libya,LBY,2000,156.5978
Libya,LBY,2001,156.2531
Libya,LBY,2002,160.81691
Libya,LBY,2003,166.54411
Libya,LBY,2004,159.08838
Libya,LBY,2005,167.75893
Libya,LBY,2006,160.88821
Libya,LBY,2007,152.7766
Libya,LBY,2008,158.8804
Libya,LBY,2009,184.89018
Libya,LBY,2010,189.5238
Libya,LBY,2011,114.17297
Libya,LBY,2012,153.42513
Libya,LBY,2013,154.84824
Libya,LBY,2014,161.97554
Libya,LBY,2015,131.53293
Libya,LBY,2016,120.87921
Libya,LBY,2017,126.05932
Libya,LBY,2018,131.9958
Libya,LBY,2019,128.52701
Libya,LBY,2020,111.39226
Libya,LBY,2021,117.80329
Libya,LBY,2022,121.12734
Libya,LBY,2023,127.33521
Libya,LBY,2024,130.34224
Lithuania,LTU,1985,102.38193
Lithuania,LTU,1986,85.666695
Lithuania,LTU,1987,94.00656
Lithuania,LTU,1988,90.391785
Lithuania,LTU,1989,92.738045
Lithuania,LTU,1990,82.824165
Lithuania,LTU,1991,90.637054
Lithuania,LTU,1992,51.86617
Lithuania,LTU,1993,45.75867
Lithuania,LTU,1994,42.190865
Lithuania,LTU,1995,38.271038
Lithuania,LTU,1996,39.927193
Lithuania,LTU,1997,40.03619
Lithuania,LTU,1998,45.90011
Lithuania,LTU,1999,36.30458
Lithuania,LTU,2000,28.525013
Lithuania,LTU,2001,31.414404
Lithuania,LTU,2002,30.509422
Lithuania,LTU,2003,28.764093
Lithuania,LTU,2004,31.088854
Lithuania,LTU,2005,33.621483
Lithuania,LTU,2006,33.145622
Lithuania,LTU,2007,33.59571
Lithuania,LTU,2008,36.063103
Lithuania,LTU,2009,31.06497
Lithuania,LTU,2010,31.699005
Lithuania,LTU,2011,30.631077
Lithuania,LTU,2012,30.99526
Lithuania,LTU,2013,30.120863
Lithuania,LTU,2014,29.522429
Lithuania,LTU,2015,32.41703
Lithuania,LTU,2016,35.661934
Lithuania,LTU,2017,36.70305
Lithuania,LTU,2018,39.087585
Lithuania,LTU,2019,39.038982
Lithuania,LTU,2020,36.593956
Lithuania,LTU,2021,36.981213
Lithuania,LTU,2022,37.15651
Lithuania,LTU,2023,38.186306
Lithuania,LTU,2024,37.632763
Lithuania,LTU,2025,33.79465
Low-income countries,OWID_LIC,1980,206.82494
Low-income countries,OWID_LIC,1981,215.91664
Low-income countries,OWID_LIC,1982,224.57706
Low-income countries,OWID_LIC,1983,239.0448
Low-income countries,OWID_LIC,1984,256.0515
Low-income countries,OWID_LIC,1985,274.66507
Low-income countries,OWID_LIC,1986,272.1231
Low-income countries,OWID_LIC,1987,280.9087
Low-income countries,OWID_LIC,1988,295.94467
Low-income countries,OWID_LIC,1989,298.92932
Low-income countries,OWID_LIC,1990,306.66132
Low-income countries,OWID_LIC,1991,297.11044
Low-income countries,OWID_LIC,1992,301.95175
Low-income countries,OWID_LIC,1993,305.7912
Low-income countries,OWID_LIC,1994,307.29617
Low-income countries,OWID_LIC,1995,310.40427
Low-income countries,OWID_LIC,1996,303.00095
Low-income countries,OWID_LIC,1997,308.85257
Low-income countries,OWID_LIC,1998,316.94305
Low-income countries,OWID_LIC,1999,338.6208
Low-income countries,OWID_LIC,2000,319.98743
Low-income countries,OWID_LIC,2001,331.1059
Low-income countries,OWID_LIC,2002,338.63876
Low-income countries,OWID_LIC,2003,349.80258
Low-income countries,OWID_LIC,2004,379.28723
Low-income countries,OWID_LIC,2005,438.04324
Low-income countries,OWID_LIC,2006,463.1493
Low-income countries,OWID_LIC,2007,497.81866
Low-income countries,OWID_LIC,2008,522.2728
Low-income countries,OWID_LIC,2009,507.4172
Low-income countries,OWID_LIC,2010,498.09076
Low-income countries,OWID_LIC,2011,485.9786
Low-income countries,OWID_LIC,2012,440.6355
Low-income countries,OWID_LIC,2013,431.41052
Low-income countries,OWID_LIC,2014,434.77844
Low-income countries,OWID_LIC,2015,398.55682
Low-income countries,OWID_LIC,2016,421.39902
Low-income countries,OWID_LIC,2017,450.91452
Low-income countries,OWID_LIC,2018,487.29797
Low-income countries,OWID_LIC,2019,502.33875
Low-income countries,OWID_LIC,2020,467.63187
Low-income countries,OWID_LIC,2021,486.01456
Low-income countries,OWID_LIC,2022,498.2861
Low-income countries,OWID_LIC,2023,482.5955
Low-income countries,OWID_LIC,2024,488.9057
Lower-middle-income countries,OWID_LMC,1965,396.87933
Lower-middle-income countries,OWID_LMC,1966,424.22504
Lower-middle-income countries,OWID_LMC,1967,422.7151
Lower-middle-income countries,OWID_LMC,1968,465.36343
Lower-middle-income countries,OWID_LMC,1969,480.81976
Lower-middle-income countries,OWID_LMC,1970,502.06973
Lower-middle-income countries,OWID_LMC,1971,528.25385
Lower-middle-income countries,OWID_LMC,1972,563.8176
Lower-middle-income countries,OWID_LMC,1973,594.25555
Lower-middle-income countries,OWID_LMC,1974,603.1678
Lower-middle-income countries,OWID_LMC,1975,634.0675
Lower-middle-income countries,OWID_LMC,1976,670.0447
Lower-middle-income countries,OWID_LMC,1977,726.3229
Lower-middle-income countries,OWID_LMC,1978,772.9306
Lower-middle-income countries,OWID_LMC,1979,837.4233
Lower-middle-income countries,OWID_LMC,1980,909.4523
Lower-middle-income countries,OWID_LMC,1981,980.3089
Lower-middle-income countries,OWID_LMC,1982,1027.6112
Lower-middle-income countries,OWID_LMC,1983,1068.6843
Lower-middle-income countries,OWID_LMC,1984,1112.7993
Lower-middle-income countries,OWID_LMC,1985,1291.5522
Lower-middle-income countries,OWID_LMC,1986,1339.438
Lower-middle-income countries,OWID_LMC,1987,1369.3563
Lower-middle-income countries,OWID_LMC,1988,1447.9891
Lower-middle-income countries,OWID_LMC,1989,1520.0841
Lower-middle-income countries,OWID_LMC,1990,1560.3345
Lower-middle-income countries,OWID_LMC,1991,1554.0134
Lower-middle-income countries,OWID_LMC,1992,1632.8064
Lower-middle-income countries,OWID_LMC,1993,1601.6262
Lower-middle-income countries,OWID_LMC,1994,1708.0844
Lower-middle-income countries,OWID_LMC,1995,1826.4373
Lower-middle-income countries,OWID_LMC,1996,1867.158
Lower-middle-income countries,OWID_LMC,1997,1989.9255
Lower-middle-income countries,OWID_LMC,1998,2073.798
Lower-middle-income countries,OWID_LMC,1999,2223.3909
Lower-middle-income countries,OWID_LMC,2000,2298.5376
Lower-middle-income countries,OWID_LMC,2001,2321.8274
Lower-middle-income countries,OWID_LMC,2002,2370.4846
Lower-middle-income countries,OWID_LMC,2003,2340.8687
Lower-middle-income countries,OWID_LMC,2004,2463.162
Lower-middle-income countries,OWID_LMC,2005,2517.0225
Lower-middle-income countries,OWID_LMC,2006,2644.0833
Lower-middle-income countries,OWID_LMC,2007,2809.3816
Lower-middle-income countries,OWID_LMC,2008,2965.319
Lower-middle-income countries,OWID_LMC,2009,3105.885
Lower-middle-income countries,OWID_LMC,2010,3174.8918
Lower-middle-income countries,OWID_LMC,2011,3301.5854
Lower-middle-income countries,OWID_LMC,2012,3465.2886
Lower-middle-income countries,OWID_LMC,2013,3524.675
Lower-middle-income countries,OWID_LMC,2014,3575.347
Lower-middle-income countries,OWID_LMC,2015,3736.4795
Lower-middle-income countries,OWID_LMC,2016,3964.111
Lower-middle-income countries,OWID_LMC,2017,3998.454
Lower-middle-income countries,OWID_LMC,2018,3969.3113
Lower-middle-income countries,OWID_LMC,2019,4000.395
Lower-middle-income countries,OWID_LMC,2020,3551.2917
Lower-middle-income countries,OWID_LMC,2021,3735.7234
Lower-middle-income countries,OWID_LMC,2022,4072.8958
Lower-middle-income countries,OWID_LMC,2023,4171.1963
Lower-middle-income countries,OWID_LMC,2024,4258.952
Lower-middle-income countries,OWID_LMC,2025,4300.6777
Luxembourg,LUX,1965,9.832363
Luxembourg,LUX,1966,11.189572
Luxembourg,LUX,1967,12.358045
Luxembourg,LUX,1968,13.641634
Luxembourg,LUX,1969,15.104542
Luxembourg,LUX,1970,16.02329
Luxembourg,LUX,1971,16.681265
Luxembourg,LUX,1972,17.51691
Luxembourg,LUX,1973,19.464947
Luxembourg,LUX,1974,17.504738
Luxembourg,LUX,1975,15.61211
Luxembourg,LUX,1976,16.907217
Luxembourg,LUX,1977,16.632332
Luxembourg,LUX,1978,16.749968
Luxembourg,LUX,1979,15.525217
Luxembourg,LUX,1980,12.98823
Luxembourg,LUX,1981,12.481877
Luxembourg,LUX,1982,12.346533
Luxembourg,LUX,1983,11.758569
Luxembourg,LUX,1984,11.779353
Luxembourg,LUX,1985,12.517873
Luxembourg,LUX,1986,13.635571
Luxembourg,LUX,1987,15.456239
Luxembourg,LUX,1988,15.865759
Luxembourg,LUX,1989,17.436583
Luxembourg,LUX,1990,19.125217
Luxembourg,LUX,1991,22.28313
Luxembourg,LUX,1992,22.93275
Luxembourg,LUX,1993,22.86836
Luxembourg,LUX,1994,22.842442
Luxembourg,LUX,1995,21.410866
Luxembourg,LUX,1996,22.176525
Luxembourg,LUX,1997,23.158905
Luxembourg,LUX,1998,24.09103
Luxembourg,LUX,1999,25.739426
Luxembourg,LUX,2000,27.610802
Luxembourg,LUX,2001,29.31099
Luxembourg,LUX,2002,29.86881
Luxembourg,LUX,2003,32.06685
Luxembourg,LUX,2004,36.371384
Luxembourg,LUX,2005,37.356655
Luxembourg,LUX,2006,35.52233
Luxembourg,LUX,2007,34.57503
Luxembourg,LUX,2008,34.84931
Luxembourg,LUX,2009,32.625046
Luxembourg,LUX,2010,34.167213
Luxembourg,LUX,2011,34.900715
Luxembourg,LUX,2012,33.672718
Luxembourg,LUX,2013,33.112263
Luxembourg,LUX,2014,31.917315
Luxembourg,LUX,2015,31.355425
Luxembourg,LUX,2016,31.312542
Luxembourg,LUX,2017,32.775616
Luxembourg,LUX,2018,34.678898
Luxembourg,LUX,2019,35.056538
Luxembourg,LUX,2020,28.461853
Luxembourg,LUX,2021,30.569939
Luxembourg,LUX,2022,27.838793
Luxembourg,LUX,2023,26.817352
Luxembourg,LUX,2024,25.929195
Luxembourg,LUX,2025,24.429531
Macao,MAC,1980,2.0209966
Macao,MAC,1981,1.952491
Macao,MAC,1982,2.0784583
Macao,MAC,1983,2.8972447
Macao,MAC,1984,3.157807
Macao,MAC,1985,2.582327
Macao,MAC,1986,3.7160313
Macao,MAC,1987,4.051413
Macao,MAC,1988,3.9402783
Macao,MAC,1989,4.1856265
Macao,MAC,1990,4.3673396
Macao,MAC,1991,4.305174
Macao,MAC,1992,4.4417815
Macao,MAC,1993,4.900414
Macao,MAC,1994,5.1976004
Macao,MAC,1995,5.169598
Macao,MAC,1996,5.923698
Macao,MAC,1997,6.0842614
Macao,MAC,1998,6.5227776
Macao,MAC,1999,6.926294
Macao,MAC,2000,6.7940345
Macao,MAC,2001,6.9100904
Macao,MAC,2002,7.4625807
Macao,MAC,2003,7.673667
Macao,MAC,2004,9.177161
Macao,MAC,2005,9.245917
Macao,MAC,2006,9.244937
Macao,MAC,2007,8.769836
Macao,MAC,2008,7.002775
Macao,MAC,2009,7.712459
Macao,MAC,2010,5.795544
Macao,MAC,2011,6.353443
Macao,MAC,2012,6.5372696
Macao,MAC,2013,6.4770303
Macao,MAC,2014,6.6634116
Macao,MAC,2015,8.346076
Macao,MAC,2016,8.211425
Macao,MAC,2017,9.629595
Macao,MAC,2018,7.239048
Macao,MAC,2019,7.227383
Macao,MAC,2020,6.777966
Macao,MAC,2021,5.661636
Macao,MAC,2022,5.739572
Macao,MAC,2023,5.9849305
Macao,MAC,2024,6.1506276
Madagascar,MDG,1980,5.002042
Madagascar,MDG,1981,4.3648276
Madagascar,MDG,1982,3.741281
Madagascar,MDG,1983,4.9883747
Madagascar,MDG,1984,5.002042
Madagascar,MDG,1985,5.3625026
Madagascar,MDG,1986,3.4862316
Madagascar,MDG,1987,5.105525
Madagascar,MDG,1988,5.612833
Madagascar,MDG,1989,3.9077299
Madagascar,MDG,1990,3.7874951
Madagascar,MDG,1991,3.9814532
Madagascar,MDG,1992,4.371718
Madagascar,MDG,1993,4.443172
Madagascar,MDG,1994,4.9028797
Madagascar,MDG,1995,5.1600804
Madagascar,MDG,1996,5.1741815
Madagascar,MDG,1997,5.222391
Madagascar,MDG,1998,5.222391
Madagascar,MDG,1999,5.2223945
Madagascar,MDG,2000,7.9470572
Madagascar,MDG,2001,7.7116475
Madagascar,MDG,2002,5.605573
Madagascar,MDG,2003,7.4219522
Madagascar,MDG,2004,8.140505
Madagascar,MDG,2005,7.7946444
Madagascar,MDG,2006,7.7130475
Madagascar,MDG,2007,8.15728
Madagascar,MDG,2008,8.812764
Madagascar,MDG,2009,7.4199305
Madagascar,MDG,2010,7.90064
Madagascar,MDG,2011,8.596565
Madagascar,MDG,2012,9.540037
Madagascar,MDG,2013,9.250212
Madagascar,MDG,2014,10.178538
Madagascar,MDG,2015,11.537488
Madagascar,MDG,2016,12.654155
Madagascar,MDG,2017,10.411985
Madagascar,MDG,2018,8.778355
Madagascar,MDG,2019,11.285519
Madagascar,MDG,2020,9.917751
Madagascar,MDG,2021,11.830626
Madagascar,MDG,2022,11.98736
Madagascar,MDG,2023,11.708166
Madagascar,MDG,2024,12.03201
Malawi,MWI,1980,1.8928064
Malawi,MWI,1981,2.2022407
Malawi,MWI,1982,1.8247137
Malawi,MWI,1983,1.5101079
Malawi,MWI,1984,1.4511516
Malawi,MWI,1985,1.6988714
Malawi,MWI,1986,1.573029
Malawi,MWI,1987,1.5711423
Malawi,MWI,1988,1.567095
Malawi,MWI,1989,1.9926467
Malawi,MWI,1990,2.1156096
Malawi,MWI,1991,2.6849706
Malawi,MWI,1992,2.6923268
Malawi,MWI,1993,2.5475798
Malawi,MWI,1994,2.745623
Malawi,MWI,1995,2.924778
Malawi,MWI,1996,2.9327912
Malawi,MWI,1997,2.924778
Malawi,MWI,1998,2.924778
Malawi,MWI,1999,2.924778
Malawi,MWI,2000,3.139102
Malawi,MWI,2001,2.917896
Malawi,MWI,2002,2.7370281
Malawi,MWI,2003,3.0098832
Malawi,MWI,2004,3.1894763
Malawi,MWI,2005,2.8283496
Malawi,MWI,2006,2.9749498
Malawi,MWI,2007,2.8978703
Malawi,MWI,2008,3.5199478
Malawi,MWI,2009,3.0905924
Malawi,MWI,2010,3.895707
Malawi,MWI,2011,3.6706104
Malawi,MWI,2012,3.6108372
Malawi,MWI,2013,3.7314136
Malawi,MWI,2014,3.7799768
Malawi,MWI,2015,3.4634793
Malawi,MWI,2016,4.0899553
Malawi,MWI,2017,4.667275
Malawi,MWI,2018,4.640558
Malawi,MWI,2019,5.568485
Malawi,MWI,2020,5.531898
Malawi,MWI,2021,5.5544853
Malawi,MWI,2022,5.8990426
Malawi,MWI,2023,6.0710874
Malawi,MWI,2024,6.2509
Malaysia,MYS,1965,31.176205
Malaysia,MYS,1966,35.99366
Malaysia,MYS,1967,38.8187
Malaysia,MYS,1968,39.98575
Malaysia,MYS,1969,43.46176
Malaysia,MYS,1970,40.44124
Malaysia,MYS,1971,45.043636
Malaysia,MYS,1972,49.28976
Malaysia,MYS,1973,52.4388
Malaysia,MYS,1974,52.282986
Malaysia,MYS,1975,54.681435
Malaysia,MYS,1976,61.35862
Malaysia,MYS,1977,73.671425
Malaysia,MYS,1978,78.81282
Malaysia,MYS,1979,88.16213
Malaysia,MYS,1980,95.84808
Malaysia,MYS,1981,103.31686
Malaysia,MYS,1982,107.18903
Malaysia,MYS,1983,114.6193
Malaysia,MYS,1984,112.663635
Malaysia,MYS,1985,110.8479
Malaysia,MYS,1986,102.053825
Malaysia,MYS,1987,104.55259
Malaysia,MYS,1988,111.706696
Malaysia,MYS,1989,115.900215
Malaysia,MYS,1990,134.5487
Malaysia,MYS,1991,152.95303
Malaysia,MYS,1992,181.01822
Malaysia,MYS,1993,186.73097
Malaysia,MYS,1994,196.5406
Malaysia,MYS,1995,224.80556
Malaysia,MYS,1996,240.64809
Malaysia,MYS,1997,281.96838
Malaysia,MYS,1998,257.74655
Malaysia,MYS,1999,251.90372
Malaysia,MYS,2000,272.32065
Malaysia,MYS,2001,294.53574
Malaysia,MYS,2002,318.8626
Malaysia,MYS,2003,333.62247
Malaysia,MYS,2004,349.7196
Malaysia,MYS,2005,362.19116
Malaysia,MYS,2006,350.31897
Malaysia,MYS,2007,373.56778
Malaysia,MYS,2008,358.46222
Malaysia,MYS,2009,355.62152
Malaysia,MYS,2010,359.26303
Malaysia,MYS,2011,366.93448
Malaysia,MYS,2012,402.15158
Malaysia,MYS,2013,427.7041
Malaysia,MYS,2014,429.4578
Malaysia,MYS,2015,398.72943
Malaysia,MYS,2016,443.1652
Malaysia,MYS,2017,417.50873
Malaysia,MYS,2018,423.48398
Malaysia,MYS,2019,460.104
Malaysia,MYS,2020,382.17374
Malaysia,MYS,2021,369.3167
Malaysia,MYS,2022,446.86496
Malaysia,MYS,2023,489.14957
Malaysia,MYS,2024,503.21747
Malaysia,MYS,2025,514.21436
Maldives,MDV,1980,0.061894737
Maldives,MDV,1981,0.061725628
Maldives,MDV,1982,0.061725628
Maldives,MDV,1983,0.061725628
Maldives,MDV,1984,0.24757895
Maldives,MDV,1985,0.24690251
Maldives,MDV,1986,0.28611678
Maldives,MDV,1987,0.28611678
Maldives,MDV,1988,0.34927854
Maldives,MDV,1989,0.34842739
Maldives,MDV,1990,0.4219261
Maldives,MDV,1991,0.4219261
Maldives,MDV,1992,0.42294216
Maldives,MDV,1993,0.49351043
Maldives,MDV,1994,0.99047816
Maldives,MDV,1995,1.3611416
Maldives,MDV,1996,1.4242837
Maldives,MDV,1997,1.2304891
Maldives,MDV,1998,1.3551104
Maldives,MDV,1999,1.3551128
Maldives,MDV,2000,2.861853
Maldives,MDV,2001,2.39966
Maldives,MDV,2002,2.8691983
Maldives,MDV,2003,2.494432
Maldives,MDV,2004,3.2629292
Maldives,MDV,2005,2.954092
Maldives,MDV,2006,3.7435496
Maldives,MDV,2007,3.873021
Maldives,MDV,2008,4.211125
Maldives,MDV,2009,4.474385
Maldives,MDV,2010,4.5227046
Maldives,MDV,2011,4.8880334
Maldives,MDV,2012,6.224111
Maldives,MDV,2013,6.5637116
Maldives,MDV,2014,8.794967
Maldives,MDV,2015,6.574206
Maldives,MDV,2016,6.9653583
Maldives,MDV,2017,7.215674
Maldives,MDV,2018,5.669428
Maldives,MDV,2019,6.198863
Maldives,MDV,2020,5.038176
Maldives,MDV,2021,6.4199095
Maldives,MDV,2022,7.3552194
Maldives,MDV,2023,7.4929304
Maldives,MDV,2024,7.689133
Mali,MLI,1980,1.8011658
Mali,MLI,1981,2.3949928
Mali,MLI,1982,1.7962445
Mali,MLI,1983,1.7962445
Mali,MLI,1984,1.8011658
Mali,MLI,1985,1.975869
Mali,MLI,1986,1.4902245
Mali,MLI,1987,1.7527831
Mali,MLI,1988,0.93149096
Mali,MLI,1989,1.9245145
Mali,MLI,1990,1.9282373
Mali,MLI,1991,1.9284978
Mali,MLI,1992,2.0469081
Mali,MLI,1993,2.041359
Mali,MLI,1994,2.041359
Mali,MLI,1995,2.041359
Mali,MLI,1996,2.1768262
Mali,MLI,1997,2.1709223
Mali,MLI,1998,2.227114
Mali,MLI,1999,2.227116
Mali,MLI,2000,3.706381
Mali,MLI,2001,3.7462888
Mali,MLI,2002,3.808306
Mali,MLI,2003,3.8341975
Mali,MLI,2004,3.9739308
Mali,MLI,2005,4.077051
Mali,MLI,2006,4.818672
Mali,MLI,2007,5.7872143
Mali,MLI,2008,6.905754
Mali,MLI,2009,8.719841
Mali,MLI,2010,8.719841
Mali,MLI,2011,9.5210085
Mali,MLI,2012,10.14151
Mali,MLI,2013,10.896548
Mali,MLI,2014,11.68053
Mali,MLI,2015,14.138908
Mali,MLI,2016,18.104397
Mali,MLI,2017,20.018175
Mali,MLI,2018,20.825916
Mali,MLI,2019,22.588982
Mali,MLI,2020,24.672775
Mali,MLI,2021,29.248526
Mali,MLI,2022,27.036205
Mali,MLI,2023,27.569248
Mali,MLI,2024,28.257658
Malta,MLT,1980,5.485859
Malta,MLT,1981,5.973939
Malta,MLT,1982,6.2883563
Malta,MLT,1983,4.2760825
Malta,MLT,1984,5.92725
Malta,MLT,1985,3.773014
Malta,MLT,1986,4.994433
Malta,MLT,1987,5.474206
Malta,MLT,1988,5.8496428
Malta,MLT,1989,6.1390624
Malta,MLT,1990,6.6032305
Malta,MLT,1991,7.201904
Malta,MLT,1992,7.8468666
Malta,MLT,1993,8.336385
Malta,MLT,1994,8.99571
Malta,MLT,1995,9.634573
Malta,MLT,1996,10.20542
Malta,MLT,1997,10.890252
Malta,MLT,1998,11.401487
Malta,MLT,1999,12.643109
Malta,MLT,2000,18.513258
Malta,MLT,2001,20.3951
Malta,MLT,2002,19.899637
Malta,MLT,2003,23.126993
Malta,MLT,2004,24.277569
Malta,MLT,2005,20.712053
Malta,MLT,2006,21.167053
Malta,MLT,2007,23.058308
Malta,MLT,2008,23.881035
Malta,MLT,2009,25.445541
Malta,MLT,2010,30.374552
Malta,MLT,2011,28.855474
Malta,MLT,2012,27.46235
Malta,MLT,2013,26.041964
Malta,MLT,2014,26.548243
Malta,MLT,2015,27.947124
Malta,MLT,2016,30.652891
Malta,MLT,2017,32.718834
Malta,MLT,2018,33.85752
Malta,MLT,2019,34.983196
Malta,MLT,2020,31.99274
Malta,MLT,2021,29.388142
Malta,MLT,2022,32.766434
Malta,MLT,2023,34.645042
Malta,MLT,2024,30.396296
Martinique,MTQ,1980,2.7435024
Martinique,MTQ,1981,2.7360065
Martinique,MTQ,1982,2.7360065
Martinique,MTQ,1983,2.6752064
Martinique,MTQ,1984,2.3777022
Martinique,MTQ,1985,2.918407
Martinique,MTQ,1986,3.040007
Martinique,MTQ,1987,3.4734535
Martinique,MTQ,1988,4.236038
Martinique,MTQ,1989,5.8513
Martinique,MTQ,1990,6.3925195
Martinique,MTQ,1991,5.3418508
Martinique,MTQ,1992,5.880149
Martinique,MTQ,1993,8.011482
Martinique,MTQ,1994,7.91371
Martinique,MTQ,1995,8.026094
Martinique,MTQ,1996,8.048083
Martinique,MTQ,1997,8.150448
Martinique,MTQ,1998,8.088137
Martinique,MTQ,1999,8.088137
Martinique,MTQ,2000,9.408889
Martinique,MTQ,2001,9.442907
Martinique,MTQ,2002,9.802978
Martinique,MTQ,2003,9.662825
Martinique,MTQ,2004,9.695737
Martinique,MTQ,2005,9.508061
Martinique,MTQ,2006,9.466501
Martinique,MTQ,2007,9.832596
Martinique,MTQ,2008,9.881342
Martinique,MTQ,2009,9.865542
Martinique,MTQ,2010,9.86123
Mauritania,MRT,1980,2.5423012
Mauritania,MRT,1981,2.4146235
Mauritania,MRT,1982,2.4146235
Mauritania,MRT,1983,2.4146235
Mauritania,MRT,1984,3.6318586
Mauritania,MRT,1985,3.6219354
Mauritania,MRT,1986,2.0681915
Mauritania,MRT,1987,2.875265
Mauritania,MRT,1988,3.7459702
Mauritania,MRT,1989,4.3177342
Mauritania,MRT,1990,3.8691494
Mauritania,MRT,1991,4.0563164
Mauritania,MRT,1992,13.389949
Mauritania,MRT,1993,13.711043
Mauritania,MRT,1994,13.671967
Mauritania,MRT,1995,13.8720665
Mauritania,MRT,1996,14.03999
Mauritania,MRT,1997,14.057821
Mauritania,MRT,1998,14.125074
Mauritania,MRT,1999,14.125074
Mauritania,MRT,2000,4.948387
Mauritania,MRT,2001,5.1618304
Mauritania,MRT,2002,5.549563
Mauritania,MRT,2003,5.724215
Mauritania,MRT,2004,6.17124
Mauritania,MRT,2005,6.370346
Mauritania,MRT,2006,6.2003007
Mauritania,MRT,2007,7.071733
Mauritania,MRT,2008,8.716565
Mauritania,MRT,2009,8.508115
Mauritania,MRT,2010,8.425662
Mauritania,MRT,2011,9.05416
Mauritania,MRT,2012,10.050162
Mauritania,MRT,2013,8.853983
Mauritania,MRT,2014,10.703836
Mauritania,MRT,2015,10.604641
Mauritania,MRT,2016,9.875399
Mauritania,MRT,2017,15.220191
Mauritania,MRT,2018,16.695621
Mauritania,MRT,2019,17.36666
Mauritania,MRT,2020,17.829647
Mauritania,MRT,2021,16.93375
Mauritania,MRT,2022,19.448343
Mauritania,MRT,2023,18.42953
Mauritania,MRT,2024,18.905016
Mauritius,MUS,1980,3.7280412
Mauritius,MUS,1981,3.3460698
Mauritius,MUS,1982,3.2221413
Mauritius,MUS,1983,3.5319624
Mauritius,MUS,1984,3.541639
Mauritius,MUS,1985,3.5939267
Mauritius,MUS,1986,4.4614263
Mauritius,MUS,1987,3.8097806
Mauritius,MUS,1988,5.560824
Mauritius,MUS,1989,6.219746
Mauritius,MUS,1990,7.2665787
Mauritius,MUS,1991,7.3688216
Mauritius,MUS,1992,8.820288
Mauritius,MUS,1993,8.912819
Mauritius,MUS,1994,8.956998
Mauritius,MUS,1995,9.463356
Mauritius,MUS,1996,9.752261
Mauritius,MUS,1997,9.848579
Mauritius,MUS,1998,9.915832
Mauritius,MUS,1999,9.915832
Mauritius,MUS,2000,12.650891
Mauritius,MUS,2001,12.570316
Mauritius,MUS,2002,12.214696
Mauritius,MUS,2003,12.453863
Mauritius,MUS,2004,13.106898
Mauritius,MUS,2005,13.841852
Mauritius,MUS,2006,13.876107
Mauritius,MUS,2007,13.858034
Mauritius,MUS,2008,13.637762
Mauritius,MUS,2009,13.484785
Mauritius,MUS,2010,14.348577
Mauritius,MUS,2011,15.368129
Mauritius,MUS,2012,15.264172
Mauritius,MUS,2013,15.261982
Mauritius,MUS,2014,15.7273035
Mauritius,MUS,2015,16.286877
Mauritius,MUS,2016,17.196531
Mauritius,MUS,2017,19.496603
Mauritius,MUS,2018,18.269245
Mauritius,MUS,2019,19.470695
Mauritius,MUS,2020,15.562959
Mauritius,MUS,2021,14.808691
Mauritius,MUS,2022,16.251
Mauritius,MUS,2023,16.799427
Mauritius,MUS,2024,17.245117
Mexico,MEX,1965,178.4483
Mexico,MEX,1966,186.99396
Mexico,MEX,1967,200.27634
Mexico,MEX,1968,217.7839
Mexico,MEX,1969,230.15845
Mexico,MEX,1970,247.47473
Mexico,MEX,1971,262.43677
Mexico,MEX,1972,295.5131
Mexico,MEX,1973,316.24557
Mexico,MEX,1974,357.2522
Mexico,MEX,1975,394.2111
Mexico,MEX,1976,434.23633
Mexico,MEX,1977,448.20316
Mexico,MEX,1978,504.61945
Mexico,MEX,1979,541.5423
Mexico,MEX,1980,603.66943
Mexico,MEX,1981,660.86053
Mexico,MEX,1982,684.2733
Mexico,MEX,1983,666.7178
Mexico,MEX,1984,705.7309
Mexico,MEX,1985,734.98035
Mexico,MEX,1986,744.0882
Mexico,MEX,1987,780.32104
Mexico,MEX,1988,778.4027
Mexico,MEX,1989,832.9989
Mexico,MEX,1990,940.97327
Mexico,MEX,1991,973.9488
Mexico,MEX,1992,982.08527
Mexico,MEX,1993,970.30255
Mexico,MEX,1994,1048.5232
Mexico,MEX,1995,980.55066
Mexico,MEX,1996,995.4189
Mexico,MEX,1997,1026.0499
Mexico,MEX,1998,1079.3955
Mexico,MEX,1999,1068.5171
Mexico,MEX,2000,1095.9884
Mexico,MEX,2001,1073.2108
Mexico,MEX,2002,1025.172
Mexico,MEX,2003,1033.2018
Mexico,MEX,2004,1081.06
Mexico,MEX,2005,1077.6495
Mexico,MEX,2006,1074.2771
Mexico,MEX,2007,1138.8099
Mexico,MEX,2008,1161.9001
Mexico,MEX,2009,1110.8838
Mexico,MEX,2010,1112.777
Mexico,MEX,2011,1124.4806
Mexico,MEX,2012,1128.043
Mexico,MEX,2013,1104.3536
Mexico,MEX,2014,1055.3928
Mexico,MEX,2015,1077.9459
Mexico,MEX,2016,1083.3727
Mexico,MEX,2017,1052.6349
Mexico,MEX,2018,1012.1245
Mexico,MEX,2019,928.019
Mexico,MEX,2020,812.51263
Mexico,MEX,2021,907.5656
Mexico,MEX,2022,986.4036
Mexico,MEX,2023,966.99414
Mexico,MEX,2024,964.49615
Mexico,MEX,2025,963.2437
Micronesia (country),FSM,1980,0
Micronesia (country),FSM,1981,0
Micronesia (country),FSM,1982,0
Micronesia (country),FSM,1983,0
Micronesia (country),FSM,1984,0
Micronesia (country),FSM,1985,0
Micronesia (country),FSM,1986,0
Micronesia (country),FSM,1987,0
Micronesia (country),FSM,1988,0
Micronesia (country),FSM,1989,0
Micronesia (country),FSM,1990,0
Micronesia (country),FSM,1991,0
Micronesia (country),FSM,1992,0
Micronesia (country),FSM,1993,0
Micronesia (country),FSM,1994,0
Micronesia (country),FSM,1995,0
Micronesia (country),FSM,1996,0
Micronesia (country),FSM,1997,0
Micronesia (country),FSM,1998,0
Micronesia (country),FSM,1999,0
Micronesia (country),FSM,2000,0.526005
Micronesia (country),FSM,2001,0.5976138
Micronesia (country),FSM,2002,0.55587876
Micronesia (country),FSM,2003,0.5995142
Micronesia (country),FSM,2004,0.57692164
Micronesia (country),FSM,2005,0.4923329
Micronesia (country),FSM,2006,0.50704485
Micronesia (country),FSM,2007,0.5654431
Micronesia (country),FSM,2008,0.4922374
Micronesia (country),FSM,2009,0.6796985
Micronesia (country),FSM,2010,0.47506195
Micronesia (country),FSM,2011,0.5487918
Micronesia (country),FSM,2012,0.61106807
Micronesia (country),FSM,2013,0.643524
Micronesia (country),FSM,2014,0.6740101
Micronesia (country),FSM,2015,0.70851934
Micronesia (country),FSM,2016,0.74949056
Micronesia (country),FSM,2017,0.7573251
Micronesia (country),FSM,2018,0.679749
Micronesia (country),FSM,2019,0.6821552
Micronesia (country),FSM,2020,0.6755845
Micronesia (country),FSM,2021,0.66756314
Micronesia (country),FSM,2022,0.6794472
Micronesia (country),FSM,2023,0.68487775
Micronesia (country),FSM,2024,0.70214933
Middle East (EI),,1965,491.44632
Middle East (EI),,1966,503.79022
Middle East (EI),,1967,525.9555
Middle East (EI),,1968,541.7199
Middle East (EI),,1969,563.47205
Middle East (EI),,1970,597.932
Middle East (EI),,1971,640.9845
Middle East (EI),,1972,681.81573
Middle East (EI),,1973,739.85297
Middle East (EI),,1974,786.39124
Middle East (EI),,1975,752.7221
Middle East (EI),,1976,858.6772
Middle East (EI),,1977,974.5657
Middle East (EI),,1978,1025.7974
Middle East (EI),,1979,1159.3568
Middle East (EI),,1980,1105.1887
Middle East (EI),,1981,1207.3092
Middle East (EI),,1982,1319.083
Middle East (EI),,1983,1480.3762
Middle East (EI),,1984,1614.4957
Middle East (EI),,1985,1700.036
Middle East (EI),,1986,1695.3226
Middle East (EI),,1987,1778.6248
Middle East (EI),,1988,1846.8553
Middle East (EI),,1989,1894.5106
Middle East (EI),,1990,1952.7263
Middle East (EI),,1991,2020.1422
Middle East (EI),,1992,2152.5942
Middle East (EI),,1993,2304.9902
Middle East (EI),,1994,2532.5642
Middle East (EI),,1995,2519.83
Middle East (EI),,1996,2575.292
Middle East (EI),,1997,2706.9
Middle East (EI),,1998,2693.9055
Middle East (EI),,1999,2686.036
Middle East (EI),,2000,2821.891
Middle East (EI),,2001,2940.6384
Middle East (EI),,2002,3007.5442
Middle East (EI),,2003,3109.5422
Middle East (EI),,2004,3318.288
Middle East (EI),,2005,3505.7163
Middle East (EI),,2006,3669.4243
Middle East (EI),,2007,3726.9895
Middle East (EI),,2008,3994.0789
Middle East (EI),,2009,4027.057
Middle East (EI),,2010,4254.036
Middle East (EI),,2011,4420.6562
Middle East (EI),,2012,4574.553
Middle East (EI),,2013,4722.732
Middle East (EI),,2014,4809.395
Middle East (EI),,2015,4794.032
Middle East (EI),,2016,4913.3486
Middle East (EI),,2017,4949.7856
Middle East (EI),,2018,4920.3823
Middle East (EI),,2019,4829.04
Middle East (EI),,2020,4390.786
Middle East (EI),,2021,4642.219
Middle East (EI),,2022,4911.8394
Middle East (EI),,2023,5060.472
Middle East (EI),,2024,5135.682
Middle East (EI),,2025,5136.1157
Moldova,MDA,1992,35.534523
Moldova,MDA,1993,26.097551
Moldova,MDA,1994,14.062776
Moldova,MDA,1995,13.59202
Moldova,MDA,1996,12.107575
Moldova,MDA,1997,11.153774
Moldova,MDA,1998,9.298599
Moldova,MDA,1999,5.160193
Moldova,MDA,2000,5.6279173
Moldova,MDA,2001,6.144321
Moldova,MDA,2002,6.962342
Moldova,MDA,2003,7.6052804
Moldova,MDA,2004,8.2925
Moldova,MDA,2005,8.385913
Moldova,MDA,2006,8.184722
Moldova,MDA,2007,8.493532
Moldova,MDA,2008,9.100602
Moldova,MDA,2009,8.833601
Moldova,MDA,2010,9.767505
Moldova,MDA,2011,10.17763
Moldova,MDA,2012,9.670426
Moldova,MDA,2013,9.538903
Moldova,MDA,2014,10.182482
Moldova,MDA,2015,10.401245
Moldova,MDA,2016,10.562413
Moldova,MDA,2017,11.826976
Moldova,MDA,2018,12.680272
Moldova,MDA,2019,12.758831
Moldova,MDA,2020,11.91821
Moldova,MDA,2021,13.366321
Moldova,MDA,2022,13.993575
Moldova,MDA,2023,14.255545
Moldova,MDA,2024,14.2006855
Mongolia,MNG,1980,7.4504623
Mongolia,MNG,1981,7.430106
Mongolia,MNG,1982,8.668457
Mongolia,MNG,1983,8.668457
Mongolia,MNG,1984,9.313078
Mongolia,MNG,1985,9.906808
Mongolia,MNG,1986,10.278313
Mongolia,MNG,1987,10.401865
Mongolia,MNG,1988,10.730499
Mongolia,MNG,1989,9.957571
Mongolia,MNG,1990,9.3726225
Mongolia,MNG,1991,8.77565
Mongolia,MNG,1992,7.96461
Mongolia,MNG,1993,7.5876093
Mongolia,MNG,1994,7.8243465
Mongolia,MNG,1995,6.8806276
Mongolia,MNG,1996,7.141606
Mongolia,MNG,1997,4.698804
Mongolia,MNG,1998,4.9765825
Mongolia,MNG,1999,5.151281
Mongolia,MNG,2000,5.5810485
Mongolia,MNG,2001,5.678526
Mongolia,MNG,2002,6.1074615
Mongolia,MNG,2003,6.6384654
Mongolia,MNG,2004,7.2931857
Mongolia,MNG,2005,7.1354275
Mongolia,MNG,2006,8.238032
Mongolia,MNG,2007,10.132721
Mongolia,MNG,2008,10.813389
Mongolia,MNG,2009,9.834202
Mongolia,MNG,2010,10.405392
Mongolia,MNG,2011,12.982423
Mongolia,MNG,2012,14.802588
Mongolia,MNG,2013,15.4098625
Mongolia,MNG,2014,14.590604
Mongolia,MNG,2015,14.374139
Mongolia,MNG,2016,12.554286
Mongolia,MNG,2017,16.13413
Mongolia,MNG,2018,17.094923
Mongolia,MNG,2019,21.52225
Mongolia,MNG,2020,21.063086
Mongolia,MNG,2021,20.499407
Mongolia,MNG,2022,22.447691
Mongolia,MNG,2023,28.22921
Mongolia,MNG,2024,28.938168
Montenegro,MNE,2006,4.7316713
Montenegro,MNE,2007,5.0312643
Montenegro,MNE,2008,5.168463
Montenegro,MNE,2009,4.102598
Montenegro,MNE,2010,3.8865123
Montenegro,MNE,2011,3.7180898
Montenegro,MNE,2012,3.5184119
Montenegro,MNE,2013,3.418124
Montenegro,MNE,2014,3.475173
Montenegro,MNE,2015,4.1441393
Montenegro,MNE,2016,4.4030995
Montenegro,MNE,2017,4.583989
Montenegro,MNE,2018,4.8491135
Montenegro,MNE,2019,5.116783
Montenegro,MNE,2020,4.181573
Montenegro,MNE,2021,5.068289
Montenegro,MNE,2022,5.1854854
Montenegro,MNE,2023,5.32322
Montenegro,MNE,2024,5.6565704
Montserrat,MSR,1980,0.062481288
Montserrat,MSR,1981,0.062310573
Montserrat,MSR,1982,0.062310573
Montserrat,MSR,1983,0.062310573
Montserrat,MSR,1984,0.062481288
Montserrat,MSR,1985,0.124621145
Montserrat,MSR,1986,0.050938893
Montserrat,MSR,1987,0.06377903
Montserrat,MSR,1988,0.0637859
Montserrat,MSR,1989,0.06377903
Montserrat,MSR,1990,0.07515071
Montserrat,MSR,1991,0.13134255
Montserrat,MSR,1992,0.13167198
Montserrat,MSR,1993,0.13134255
Montserrat,MSR,1994,0.13134255
Montserrat,MSR,1995,0.19365312
Montserrat,MSR,1996,0.19415326
Montserrat,MSR,1997,0.19365312
Montserrat,MSR,1998,0.19365312
Montserrat,MSR,1999,0.19365802
Montserrat,MSR,2000,0.11631388
Montserrat,MSR,2001,0.11631388
Montserrat,MSR,2002,0.16765161
Montserrat,MSR,2003,0.16765161
Montserrat,MSR,2004,0.16765161
Montserrat,MSR,2005,0.16765161
Montserrat,MSR,2006,0.16765161
Montserrat,MSR,2007,0.18635727
Montserrat,MSR,2008,0.23925507
Montserrat,MSR,2009,0.2023005
Montserrat,MSR,2010,0.2703093
Montserrat,MSR,2011,0.186859
Montserrat,MSR,2012,0.18127958
Montserrat,MSR,2013,0.22841482
Montserrat,MSR,2014,0.21329181
Montserrat,MSR,2015,0.24004279
Montserrat,MSR,2016,0.13693617
Montserrat,MSR,2017,0.12300661
Montserrat,MSR,2018,0.12593265
Montserrat,MSR,2019,0.105244756
Montserrat,MSR,2020,0.10324308
Montserrat,MSR,2021,0.10263642
Montserrat,MSR,2022,0.11768562
Montserrat,MSR,2023,0.103014484
Montserrat,MSR,2024,0.18536799
Morocco,MAR,1965,11.545965
Morocco,MAR,1966,16.513165
Morocco,MAR,1967,18.142168
Morocco,MAR,1968,19.909143
Morocco,MAR,1969,21.551186
Morocco,MAR,1970,22.557482
Morocco,MAR,1971,23.806576
Morocco,MAR,1972,25.329979
Morocco,MAR,1973,30.294249
Morocco,MAR,1974,32.480705
Morocco,MAR,1975,33.62336
Morocco,MAR,1976,36.71666
Morocco,MAR,1977,41.40305
Morocco,MAR,1978,44.40629
Morocco,MAR,1979,50.361397
Morocco,MAR,1980,51.022358
Morocco,MAR,1981,50.176956
Morocco,MAR,1982,52.81164
Morocco,MAR,1983,53.351723
Morocco,MAR,1984,55.4834
Morocco,MAR,1985,55.25038
Morocco,MAR,1986,54.291435
Morocco,MAR,1987,54.274662
Morocco,MAR,1988,58.015285
Morocco,MAR,1989,63.67005
Morocco,MAR,1990,65.89839
Morocco,MAR,1991,65.97015
Morocco,MAR,1992,77.84268
Morocco,MAR,1993,79.18833
Morocco,MAR,1994,86.091125
Morocco,MAR,1995,81.52536
Morocco,MAR,1996,76.85733
Morocco,MAR,1997,81.739136
Morocco,MAR,1998,81.00673
Morocco,MAR,1999,89.25713
Morocco,MAR,2000,83.48259
Morocco,MAR,2001,83.637276
Morocco,MAR,2002,87.03641
Morocco,MAR,2003,87.084114
Morocco,MAR,2004,100.61575
Morocco,MAR,2005,109.33425
Morocco,MAR,2006,110.873024
Morocco,MAR,2007,115.9952
Morocco,MAR,2008,127.88396
Morocco,MAR,2009,129.22275
Morocco,MAR,2010,143.70778
Morocco,MAR,2011,153.33934
Morocco,MAR,2012,154.29112
Morocco,MAR,2013,156.06314
Morocco,MAR,2014,148.68529
Morocco,MAR,2015,145.51521
Morocco,MAR,2016,149.06464
Morocco,MAR,2017,157.80403
Morocco,MAR,2018,154.05064
Morocco,MAR,2019,156.34242
Morocco,MAR,2020,136.37965
Morocco,MAR,2021,154.74522
Morocco,MAR,2022,159.52397
Morocco,MAR,2023,158.34901
Morocco,MAR,2024,168.33871
Morocco,MAR,2025,176.46678
Mozambique,MOZ,1980,7.9888277
Mozambique,MOZ,1981,6.7413077
Mozambique,MOZ,1982,7.967
Mozambique,MOZ,1983,7.967
Mozambique,MOZ,1984,7.3743024
Mozambique,MOZ,1985,7.967
Mozambique,MOZ,1986,4.0966988
Mozambique,MOZ,1987,4.1590095
Mozambique,MOZ,1988,6.1479225
Mozambique,MOZ,1989,4.8732214
Mozambique,MOZ,1990,4.2826777
Mozambique,MOZ,1991,4.2457004
Mozambique,MOZ,1992,4.233228
Mozambique,MOZ,1993,4.1594906
Mozambique,MOZ,1994,3.974217
Mozambique,MOZ,1995,4.3530226
Mozambique,MOZ,1996,4.3631463
Mozambique,MOZ,1997,4.4698668
Mozambique,MOZ,1998,4.6159034
Mozambique,MOZ,1999,4.8020325
Mozambique,MOZ,2000,6.5105467
Mozambique,MOZ,2001,6.8891096
Mozambique,MOZ,2002,6.206424
Mozambique,MOZ,2003,7.838656
Mozambique,MOZ,2004,6.6808567
Mozambique,MOZ,2005,6.646082
Mozambique,MOZ,2006,7.1079235
Mozambique,MOZ,2007,9.011266
Mozambique,MOZ,2008,8.079874
Mozambique,MOZ,2009,9.093019
Mozambique,MOZ,2010,9.699901
Mozambique,MOZ,2011,10.938788
Mozambique,MOZ,2012,10.566263
Mozambique,MOZ,2013,12.28282
Mozambique,MOZ,2014,14.170089
Mozambique,MOZ,2015,17.226282
Mozambique,MOZ,2016,25.582113
Mozambique,MOZ,2017,27.819115
Mozambique,MOZ,2018,20.31068
Mozambique,MOZ,2019,20.20055
Mozambique,MOZ,2020,17.29912
Mozambique,MOZ,2021,22.926428
Mozambique,MOZ,2022,24.61132
Mozambique,MOZ,2023,24.997967
Mozambique,MOZ,2024,25.633131
Myanmar,MMR,1980,14.087844
Myanmar,MMR,1981,14.049354
Myanmar,MMR,1982,14.660195
Myanmar,MMR,1983,14.049354
Myanmar,MMR,1984,14.700359
Myanmar,MMR,1985,13.438512
Myanmar,MMR,1986,10.626253
Myanmar,MMR,1987,9.958791
Myanmar,MMR,1988,10.246813
Myanmar,MMR,1989,10.213457
Myanmar,MMR,1990,9.268679
Myanmar,MMR,1991,9.662482
Myanmar,MMR,1992,10.194952
Myanmar,MMR,1993,10.0843115
Myanmar,MMR,1994,11.557569
Myanmar,MMR,1995,11.162165
Myanmar,MMR,1996,11.9185705
Myanmar,MMR,1997,15.171874
Myanmar,MMR,1998,17.990858
Myanmar,MMR,1999,22.441345
Myanmar,MMR,2000,23.901722
Myanmar,MMR,2001,19.174
Myanmar,MMR,2002,19.231188
Myanmar,MMR,2003,22.130129
Myanmar,MMR,2004,22.548159
Myanmar,MMR,2005,22.027283
Myanmar,MMR,2006,22.409647
Myanmar,MMR,2007,21.994467
Myanmar,MMR,2008,17.275679
Myanmar,MMR,2009,14.202991
Myanmar,MMR,2010,16.178537
Myanmar,MMR,2011,15.034848
Myanmar,MMR,2012,27.297537
Myanmar,MMR,2013,36.30626
Myanmar,MMR,2014,55.47167
Myanmar,MMR,2015,43.700703
Myanmar,MMR,2016,52.31376
Myanmar,MMR,2017,81.948296
Myanmar,MMR,2018,88.74078
Myanmar,MMR,2019,86.67889
Myanmar,MMR,2020,85.66535
Myanmar,MMR,2021,76.48565
Myanmar,MMR,2022,69.05444
Myanmar,MMR,2023,73.375626
Myanmar,MMR,2024,75.213104
Namibia,NAM,1990,9.57253
Namibia,NAM,1991,4.643633
Namibia,NAM,1992,4.384749
Namibia,NAM,1993,5.301908
Namibia,NAM,1994,5.166493
Namibia,NAM,1995,5.166493
Namibia,NAM,1996,5.462377
Namibia,NAM,1997,5.7284117
Namibia,NAM,1998,6.1217546
Namibia,NAM,1999,8.817551
Namibia,NAM,2000,7.9897366
Namibia,NAM,2001,9.766212
Namibia,NAM,2002,8.544906
Namibia,NAM,2003,9.047476
Namibia,NAM,2004,9.312736
Namibia,NAM,2005,9.8675165
Namibia,NAM,2006,9.695527
Namibia,NAM,2007,10.119056
Namibia,NAM,2008,11.215315
Namibia,NAM,2009,11.827772
Namibia,NAM,2010,12.588346
Namibia,NAM,2011,12.913077
Namibia,NAM,2012,13.176425
Namibia,NAM,2013,14.093568
Namibia,NAM,2014,14.834282
Namibia,NAM,2015,16.074778
Namibia,NAM,2016,16.092768
Namibia,NAM,2017,16.02103
Namibia,NAM,2018,16.095917
Namibia,NAM,2019,15.774463
Namibia,NAM,2020,14.685657
Namibia,NAM,2021,14.91735
Namibia,NAM,2022,13.731646
Namibia,NAM,2023,14.3630705
Namibia,NAM,2024,14.746947
Nauru,NRU,1980,0.58525246
Nauru,NRU,1981,0.58365333
Nauru,NRU,1982,0.58365333
Nauru,NRU,1983,0.58365333
Nauru,NRU,1984,0.58525246
Nauru,NRU,1985,0.58365333
Nauru,NRU,1986,0.55856276
Nauru,NRU,1987,0.55856276
Nauru,NRU,1988,0.5599869
Nauru,NRU,1989,0.55856276
Nauru,NRU,1990,0.55856276
Nauru,NRU,1991,0.55856276
Nauru,NRU,1992,0.5599869
Nauru,NRU,1993,0.55856276
Nauru,NRU,1994,0.55856276
Nauru,NRU,1995,0.62581533
Nauru,NRU,1996,0.62742376
Nauru,NRU,1997,0.62581533
Nauru,NRU,1998,0.62581533
Nauru,NRU,1999,0.62581855
Nauru,NRU,2000,0.4577797
Nauru,NRU,2001,0.41491455
Nauru,NRU,2002,0.38946587
Nauru,NRU,2003,0.34915584
Nauru,NRU,2004,0.32768306
Nauru,NRU,2005,0.32111254
Nauru,NRU,2006,0.23380356
Nauru,NRU,2007,0.22770943
Nauru,NRU,2008,0.23160583
Nauru,NRU,2009,0.22512592
Nauru,NRU,2010,0.23729913
Nauru,NRU,2011,0.23325796
Nauru,NRU,2012,0.24751908
Nauru,NRU,2013,0.28915864
Nauru,NRU,2014,0.3122298
Nauru,NRU,2015,0.33247903
Nauru,NRU,2016,0.3648832
Nauru,NRU,2017,0.28421918
Nauru,NRU,2018,0.32169825
Nauru,NRU,2019,0.3167219
Nauru,NRU,2020,0.3085892
Nauru,NRU,2021,0.31929213
Nauru,NRU,2022,0.324078
Nauru,NRU,2023,0.33681193
Nauru,NRU,2024,0.37768862
Nepal,NPL,1980,1.2284977
Nepal,NPL,1981,1.2251413
Nepal,NPL,1982,1.8377118
Nepal,NPL,1983,1.8377118
Nepal,NPL,1984,1.8427466
Nepal,NPL,1985,1.5314265
Nepal,NPL,1986,2.3336308
Nepal,NPL,1987,2.570904
Nepal,NPL,1988,2.4905696
Nepal,NPL,1989,2.5020437
Nepal,NPL,1990,2.4516697
Nepal,NPL,1991,3.0984485
Nepal,NPL,1992,3.5772913
Nepal,NPL,1993,3.5917952
Nepal,NPL,1994,4.2512712
Nepal,NPL,1995,4.3758926
Nepal,NPL,1996,5.5687933
Nepal,NPL,1997,6.6814265
Nepal,NPL,1998,8.562457
Nepal,NPL,1999,9.173689
Nepal,NPL,2000,8.932566
Nepal,NPL,2001,9.055191
Nepal,NPL,2002,8.941372
Nepal,NPL,2003,9.211447
Nepal,NPL,2004,8.834653
Nepal,NPL,2005,9.15277
Nepal,NPL,2006,8.269012
Nepal,NPL,2007,7.7989836
Nepal,NPL,2008,9.614457
Nepal,NPL,2009,11.4035635
Nepal,NPL,2010,12.523022
Nepal,NPL,2011,12.950098
Nepal,NPL,2012,14.076641
Nepal,NPL,2013,15.284176
Nepal,NPL,2014,16.914213
Nepal,NPL,2015,14.290873
Nepal,NPL,2016,24.512173
Nepal,NPL,2017,28.291615
Nepal,NPL,2018,32.24763
Nepal,NPL,2019,25.442938
Nepal,NPL,2020,32.89494
Nepal,NPL,2021,34.99933
Nepal,NPL,2022,36.262268
Nepal,NPL,2023,33.078236
Nepal,NPL,2024,33.88261
Netherlands,NLD,1965,295.90454
Netherlands,NLD,1966,320.87744
Netherlands,NLD,1967,327.9667
Netherlands,NLD,1968,353.75812
Netherlands,NLD,1969,385.8374
Netherlands,NLD,1970,429.0313
Netherlands,NLD,1971,423.7892
Netherlands,NLD,1972,472.7687
Netherlands,NLD,1973,487.92667
Netherlands,NLD,1974,418.32547
Netherlands,NLD,1975,412.4857
Netherlands,NLD,1976,464.20844
Netherlands,NLD,1977,445.5194
Netherlands,NLD,1978,455.18344
Netherlands,NLD,1979,490.44183
Netherlands,NLD,1980,458.67545
Netherlands,NLD,1981,426.86795
Netherlands,NLD,1982,373.0677
Netherlands,NLD,1983,353.5345
Netherlands,NLD,1984,349.0069
Netherlands,NLD,1985,353.14587
Netherlands,NLD,1986,391.56683
Netherlands,NLD,1987,394.37207
Netherlands,NLD,1988,418.44595
Netherlands,NLD,1989,412.89236
Netherlands,NLD,1990,447.2584
Netherlands,NLD,1991,450.1436
Netherlands,NLD,1992,456.14334
Netherlands,NLD,1993,454.58084
Netherlands,NLD,1994,466.11554
Netherlands,NLD,1995,475.48407
Netherlands,NLD,1996,488.7602
Netherlands,NLD,1997,504.13
Netherlands,NLD,1998,508.10745
Netherlands,NLD,1999,518.68
Netherlands,NLD,2000,526.4885
Netherlands,NLD,2001,546.9315
Netherlands,NLD,2002,558.2291
Netherlands,NLD,2003,572.7628
Netherlands,NLD,2004,589.4559
Netherlands,NLD,2005,602.42316
Netherlands,NLD,2006,616.5873
Netherlands,NLD,2007,623.8288
Netherlands,NLD,2008,596.31586
Netherlands,NLD,2009,562.08636
Netherlands,NLD,2010,568.00195
Netherlands,NLD,2011,567.4297
Netherlands,NLD,2012,555.9069
Netherlands,NLD,2013,529.2256
Netherlands,NLD,2014,518.6247
Netherlands,NLD,2015,506.40988
Netherlands,NLD,2016,517.92004
Netherlands,NLD,2017,520.74
Netherlands,NLD,2018,506.35074
Netherlands,NLD,2019,493.8459
Netherlands,NLD,2020,469.32333
Netherlands,NLD,2021,470.76492
Netherlands,NLD,2022,460.64832
Netherlands,NLD,2023,461.9948
Netherlands,NLD,2024,466.8821
Netherlands,NLD,2025,460.20206
Netherlands Antilles,ANT,1980,69.9298
Netherlands Antilles,ANT,1981,63.980488
Netherlands Antilles,ANT,1982,60.781467
Netherlands Antilles,ANT,1983,56.94264
Netherlands Antilles,ANT,1984,54.532413
Netherlands Antilles,ANT,1985,45.426147
Netherlands Antilles,ANT,1986,44.40246
Netherlands Antilles,ANT,1987,44.559654
Netherlands Antilles,ANT,1988,42.095547
Netherlands Antilles,ANT,1989,44.060196
Netherlands Antilles,ANT,1990,43.106636
Netherlands Antilles,ANT,1991,41.087856
Netherlands Antilles,ANT,1992,40.61171
Netherlands Antilles,ANT,1993,40.596725
Netherlands Antilles,ANT,1994,41.964806
Netherlands Antilles,ANT,1995,44.66548
Netherlands Antilles,ANT,1996,44.165718
Netherlands Antilles,ANT,1997,46.797287
Netherlands Antilles,ANT,1998,47.363308
Netherlands Antilles,ANT,1999,46.28578
Netherlands Antilles,ANT,2000,54.63768
Netherlands Antilles,ANT,2001,56.11579
Netherlands Antilles,ANT,2002,54.558258
Netherlands Antilles,ANT,2003,54.175392
Netherlands Antilles,ANT,2004,56.216965
Netherlands Antilles,ANT,2005,58.27317
Netherlands Antilles,ANT,2006,58.670776
Netherlands Antilles,ANT,2007,62.056232
Netherlands Antilles,ANT,2008,61.94453
Netherlands Antilles,ANT,2009,59.4336
Netherlands Antilles,ANT,2010,51.240273
Netherlands Antilles,ANT,2011,57.761524
Netherlands Antilles,ANT,2012,53.64814
Netherlands Antilles,ANT,2013,53.74545
Netherlands Antilles,ANT,2014,54.232742
Netherlands Antilles,ANT,2015,55.57943
Netherlands Antilles,ANT,2016,56.111736
Netherlands Antilles,ANT,2017,56.50557
Netherlands Antilles,ANT,2018,32.323776
Netherlands Antilles,ANT,2019,30.213776
Netherlands Antilles,ANT,2020,24.134556
Netherlands Antilles,ANT,2021,25.347843
Netherlands Antilles,ANT,2022,27.372627
Netherlands Antilles,ANT,2023,29.086428
Netherlands Antilles,ANT,2024,29.100052
New Caledonia,NCL,1980,6.0832663
New Caledonia,NCL,1981,6.066645
New Caledonia,NCL,1982,4.2466516
New Caledonia,NCL,1983,3.639987
New Caledonia,NCL,1984,4.258286
New Caledonia,NCL,1985,3.8219864
New Caledonia,NCL,1986,4.1279273
New Caledonia,NCL,1987,4.6398034
New Caledonia,NCL,1988,4.2478156
New Caledonia,NCL,1989,4.6299195
New Caledonia,NCL,1990,4.887102
New Caledonia,NCL,1991,5.217316
New Caledonia,NCL,1992,5.4886184
New Caledonia,NCL,1993,5.473777
New Caledonia,NCL,1994,5.2880216
New Caledonia,NCL,1995,5.2880216
New Caledonia,NCL,1996,5.5494375
New Caledonia,NCL,1997,5.534429
New Caledonia,NCL,1998,5.534429
New Caledonia,NCL,1999,5.5344386
New Caledonia,NCL,2000,6.789961
New Caledonia,NCL,2001,6.52385
New Caledonia,NCL,2002,7.3292255
New Caledonia,NCL,2003,8.091832
New Caledonia,NCL,2004,7.796401
New Caledonia,NCL,2005,8.946772
New Caledonia,NCL,2006,8.712816
New Caledonia,NCL,2007,9.546947
New Caledonia,NCL,2008,9.439326
New Caledonia,NCL,2009,9.540782
New Caledonia,NCL,2010,9.771691
New Caledonia,NCL,2011,9.296173
New Caledonia,NCL,2012,10.123887
New Caledonia,NCL,2013,11.131671
New Caledonia,NCL,2014,12.985039
New Caledonia,NCL,2015,11.983499
New Caledonia,NCL,2016,12.083042
New Caledonia,NCL,2017,11.263151
New Caledonia,NCL,2018,11.975721
New Caledonia,NCL,2019,11.197144
New Caledonia,NCL,2020,10.0481825
New Caledonia,NCL,2021,9.344709
New Caledonia,NCL,2022,9.935109
New Caledonia,NCL,2023,10.370226
New Caledonia,NCL,2024,10.657816
New Zealand,NZL,1965,32.636177
New Zealand,NZL,1966,36.133484
New Zealand,NZL,1967,37.95181
New Zealand,NZL,1968,38.99597
New Zealand,NZL,1969,40.50511
New Zealand,NZL,1970,47.609863
New Zealand,NZL,1971,49.17649
New Zealand,NZL,1972,52.94315
New Zealand,NZL,1973,55.96276
New Zealand,NZL,1974,52.95165
New Zealand,NZL,1975,51.229183
New Zealand,NZL,1976,52.702564
New Zealand,NZL,1977,52.725574
New Zealand,NZL,1978,50.76636
New Zealand,NZL,1979,51.13983
New Zealand,NZL,1980,48.85752
New Zealand,NZL,1981,46.47539
New Zealand,NZL,1982,46.44149
New Zealand,NZL,1983,44.486046
New Zealand,NZL,1984,45.900852
New Zealand,NZL,1985,43.00212
New Zealand,NZL,1986,38.701366
New Zealand,NZL,1987,44.81707
New Zealand,NZL,1988,43.816986
New Zealand,NZL,1989,45.22757
New Zealand,NZL,1990,50.82389
New Zealand,NZL,1991,51.70254
New Zealand,NZL,1992,53.341465
New Zealand,NZL,1993,53.03442
New Zealand,NZL,1994,61.31527
New Zealand,NZL,1995,66.30301
New Zealand,NZL,1996,67.54738
New Zealand,NZL,1997,70.94438
New Zealand,NZL,1998,71.860794
New Zealand,NZL,1999,72.871544
New Zealand,NZL,2000,74.42254
New Zealand,NZL,2001,75.244286
New Zealand,NZL,2002,77.48304
New Zealand,NZL,2003,82.19651
New Zealand,NZL,2004,81.031
New Zealand,NZL,2005,85.43949
New Zealand,NZL,2006,85.78982
New Zealand,NZL,2007,86.17487
New Zealand,NZL,2008,87.22484
New Zealand,NZL,2009,83.42176
New Zealand,NZL,2010,84.065094
New Zealand,NZL,2011,86.09215
New Zealand,NZL,2012,85.0154
New Zealand,NZL,2013,86.00979
New Zealand,NZL,2014,87.71449
New Zealand,NZL,2015,91.329094
New Zealand,NZL,2016,94.54369
New Zealand,NZL,2017,99.07446
New Zealand,NZL,2018,99.34009
New Zealand,NZL,2019,101.76752
New Zealand,NZL,2020,84.13359
New Zealand,NZL,2021,83.87855
New Zealand,NZL,2022,82.99131
New Zealand,NZL,2023,88.77059
New Zealand,NZL,2024,90.044685
New Zealand,NZL,2025,89.86601
Nicaragua,NIC,1980,8.029747
Nicaragua,NIC,1981,8.007808
Nicaragua,NIC,1982,8.007808
Nicaragua,NIC,1983,8.007808
Nicaragua,NIC,1984,7.412074
Nicaragua,NIC,1985,8.623793
Nicaragua,NIC,1986,8.500596
Nicaragua,NIC,1987,8.56619
Nicaragua,NIC,1988,8.757742
Nicaragua,NIC,1989,8.56619
Nicaragua,NIC,1990,8.201548
Nicaragua,NIC,1991,7.8463078
Nicaragua,NIC,1992,9.423454
Nicaragua,NIC,1993,9.36276
Nicaragua,NIC,1994,9.999494
Nicaragua,NIC,1995,10.920043
Nicaragua,NIC,1996,11.5963125
Nicaragua,NIC,1997,12.138324
Nicaragua,NIC,1998,13.948134
Nicaragua,NIC,1999,14.814748
Nicaragua,NIC,2000,15.061952
Nicaragua,NIC,2001,15.963614
Nicaragua,NIC,2002,15.814727
Nicaragua,NIC,2003,16.65251
Nicaragua,NIC,2004,17.402418
Nicaragua,NIC,2005,17.13006
Nicaragua,NIC,2006,17.492882
Nicaragua,NIC,2007,18.364233
Nicaragua,NIC,2008,17.489233
Nicaragua,NIC,2009,17.914072
Nicaragua,NIC,2010,17.849411
Nicaragua,NIC,2011,19.131138
Nicaragua,NIC,2012,18.173878
Nicaragua,NIC,2013,18.309772
Nicaragua,NIC,2014,19.197575
Nicaragua,NIC,2015,22.083294
Nicaragua,NIC,2016,21.721138
Nicaragua,NIC,2017,21.211166
Nicaragua,NIC,2018,19.65364
Nicaragua,NIC,2019,20.34588
Nicaragua,NIC,2020,17.969992
Nicaragua,NIC,2021,19.851213
Nicaragua,NIC,2022,20.476042
Nicaragua,NIC,2023,21.314346
Nicaragua,NIC,2024,21.31492
Niger,NER,1980,2.432662
Niger,NER,1981,2.4260154
Niger,NER,1982,2.4260154
Niger,NER,1983,1.8195115
Niger,NER,1984,1.8244964
Niger,NER,1985,1.8195115
Niger,NER,1986,1.5162596
Niger,NER,1987,1.453949
Niger,NER,1988,2.5786543
Niger,NER,1989,2.571829
Niger,NER,1990,2.6659305
Niger,NER,1991,2.7073667
Niger,NER,1992,2.7069204
Niger,NER,1993,2.8291683
Niger,NER,1994,2.889821
Niger,NER,1995,2.889821
Niger,NER,1996,2.9601386
Niger,NER,1997,2.9521313
Niger,NER,1998,2.9521313
Niger,NER,1999,2.9521358
Niger,NER,2000,2.2650902
Niger,NER,2001,2.1623476
Niger,NER,2002,2.2706132
Niger,NER,2003,2.5557218
Niger,NER,2004,2.739623
Niger,NER,2005,2.5485034
Niger,NER,2006,2.589775
Niger,NER,2007,2.9379182
Niger,NER,2008,3.2742684
Niger,NER,2009,3.9796426
Niger,NER,2010,5.043925
Niger,NER,2011,4.847729
Niger,NER,2012,7.012894
Niger,NER,2013,8.365509
Niger,NER,2014,7.4026628
Niger,NER,2015,8.108671
Niger,NER,2016,7.2891607
Niger,NER,2017,6.9784055
Niger,NER,2018,5.5947647
Niger,NER,2019,9.2962675
Niger,NER,2020,9.292914
Niger,NER,2021,8.293812
Niger,NER,2022,9.946551
Niger,NER,2023,11.335198
Niger,NER,2024,11.659857
Nigeria,NGA,1980,101.736626
Nigeria,NGA,1981,119.36312
Nigeria,NGA,1982,128.31535
Nigeria,NGA,1983,120.556755
Nigeria,NGA,1984,125.67465
Nigeria,NGA,1985,132.49307
Nigeria,NGA,1986,124.19733
Nigeria,NGA,1987,130.22032
Nigeria,NGA,1988,140.896
Nigeria,NGA,1989,146.29913
Nigeria,NGA,1990,150.2361
Nigeria,NGA,1991,154.56232
Nigeria,NGA,1992,158.58394
Nigeria,NGA,1993,162.29492
Nigeria,NGA,1994,151.95415
Nigeria,NGA,1995,169.58093
Nigeria,NGA,1996,172.62984
Nigeria,NGA,1997,168.4528
Nigeria,NGA,1998,157.22888
Nigeria,NGA,1999,153.54288
Nigeria,NGA,2000,134.51425
Nigeria,NGA,2001,168.85147
Nigeria,NGA,2002,171.87485
Nigeria,NGA,2003,165.36935
Nigeria,NGA,2004,165.39668
Nigeria,NGA,2005,182.31578
Nigeria,NGA,2006,146.38092
Nigeria,NGA,2007,126.47498
Nigeria,NGA,2008,162.41264
Nigeria,NGA,2009,137.5777
Nigeria,NGA,2010,170.80164
Nigeria,NGA,2011,163.45119
Nigeria,NGA,2012,161.88834
Nigeria,NGA,2013,250.23361
Nigeria,NGA,2014,265.69763
Nigeria,NGA,2015,239.22893
Nigeria,NGA,2016,246.57065
Nigeria,NGA,2017,247.90207
Nigeria,NGA,2018,262.62952
Nigeria,NGA,2019,282.09778
Nigeria,NGA,2020,247.50067
Nigeria,NGA,2021,280.11624
Nigeria,NGA,2022,295.46152
Nigeria,NGA,2023,277.53467
Nigeria,NGA,2024,281.3016
Niue,NIU,1980,0.012496257
Niue,NIU,1981,0.012462115
Niue,NIU,1982,0.012462115
Niue,NIU,1983,0.012462115
Niue,NIU,1984,0.012496257
Niue,NIU,1985,0.012736281
Niue,NIU,1986,0.01273005
Niue,NIU,1987,0.01273005
Niue,NIU,1988,0.012733687
Niue,NIU,1989,0.01273005
Niue,NIU,1990,0.01273005
Niue,NIU,1991,0.01273005
Niue,NIU,1992,0.012733687
Niue,NIU,1993,0.01273005
Niue,NIU,1994,0.01273005
Niue,NIU,1995,0.01273005
Niue,NIU,1996,0.012733687
Niue,NIU,1997,0.01273005
Niue,NIU,1998,0.01273005
Niue,NIU,1999,0.012735257
Niue,NIU,2000,0.028383924
Niue,NIU,2001,0.029088382
Niue,NIU,2002,0.028063329
Niue,NIU,2003,0.026345829
Niue,NIU,2004,0.026293576
Niue,NIU,2005,0.02718336
Niue,NIU,2006,0.026917277
Niue,NIU,2007,0.02484275
Niue,NIU,2008,0.039290424
Niue,NIU,2009,0.025858635
Niue,NIU,2010,0.024091566
Niue,NIU,2011,0.026787998
Niue,NIU,2012,0.026396567
Niue,NIU,2013,0.028376363
Niue,NIU,2014,0.029312713
Niue,NIU,2015,0.031706557
Niue,NIU,2016,0.030515382
Niue,NIU,2017,0.029752932
Niue,NIU,2018,0.030702125
Niue,NIU,2019,0.03290309
Niue,NIU,2020,0.032756552
Niue,NIU,2021,0.033413034
Niue,NIU,2022,0.03426294
Niue,NIU,2023,0.033500955
Niue,NIU,2024,0.034368444
North America,OWID_NAM,1965,7505.6675
North America,OWID_NAM,1966,7874.255
North America,OWID_NAM,1967,8202.747
North America,OWID_NAM,1968,8742.844
North America,OWID_NAM,1969,9169.626
North America,OWID_NAM,1970,9622.671
North America,OWID_NAM,1971,9954.251
North America,OWID_NAM,1972,10730.991
North America,OWID_NAM,1973,11411.0625
North America,OWID_NAM,1974,11086.148
North America,OWID_NAM,1975,10876.077
North America,OWID_NAM,1976,11632.778
North America,OWID_NAM,1977,12217.004
North America,OWID_NAM,1978,12543.307
North America,OWID_NAM,1979,12382.763
North America,OWID_NAM,1980,11614.854
North America,OWID_NAM,1981,10978.752
North America,OWID_NAM,1982,10400.607
North America,OWID_NAM,1983,10273.704
North America,OWID_NAM,1984,10599.664
North America,OWID_NAM,1985,10575.992
North America,OWID_NAM,1986,11030.142
North America,OWID_NAM,1987,11292.256
North America,OWID_NAM,1988,11719.003
North America,OWID_NAM,1989,11827.836
North America,OWID_NAM,1990,11654.169
North America,OWID_NAM,1991,11437.592
North America,OWID_NAM,1992,11660.355
North America,OWID_NAM,1993,11749.226
North America,OWID_NAM,1994,12114.519
North America,OWID_NAM,1995,12083.576
North America,OWID_NAM,1996,12484.22
North America,OWID_NAM,1997,12704.649
North America,OWID_NAM,1998,12982.551
North America,OWID_NAM,1999,13269.05
North America,OWID_NAM,2000,13482.917
North America,OWID_NAM,2001,13505.493
North America,OWID_NAM,2002,13511.702
North America,OWID_NAM,2003,13732.139
North America,OWID_NAM,2004,14238.116
North America,OWID_NAM,2005,14222.789
North America,OWID_NAM,2006,14104.614
North America,OWID_NAM,2007,14121.592
North America,OWID_NAM,2008,13347.983
North America,OWID_NAM,2009,12696.46
North America,OWID_NAM,2010,12918.9
North America,OWID_NAM,2011,12731.399
North America,OWID_NAM,2012,12498.004
North America,OWID_NAM,2013,12610.59
North America,OWID_NAM,2014,12629.615
North America,OWID_NAM,2015,12891.729
North America,OWID_NAM,2016,12978.349
North America,OWID_NAM,2017,13024.214
North America,OWID_NAM,2018,13262.699
North America,OWID_NAM,2019,13159.141
North America,OWID_NAM,2020,11500.435
North America,OWID_NAM,2021,12492.027
North America,OWID_NAM,2022,12697.299
North America,OWID_NAM,2023,12738.862
North America,OWID_NAM,2024,12820.827
North America,OWID_NAM,2025,12949.142
North America (EI),,1965,7235.743
North America (EI),,1966,7595.5015
North America (EI),,1967,7912.1763
North America (EI),,1968,8445.538
North America (EI),,1969,8863.542
North America (EI),,1970,9278.467
North America (EI),,1971,9601.971
North America (EI),,1972,10339.758
North America (EI),,1973,10981.134
North America (EI),,1974,10655.762
North America (EI),,1975,10457.2705
North America (EI),,1976,11201.72
North America (EI),,1977,11765.75
North America (EI),,1978,12085.726
North America (EI),,1979,11920.961
North America (EI),,1980,11158.744
North America (EI),,1981,10516.988
North America (EI),,1982,9982.074
North America (EI),,1983,9868.889
North America (EI),,1984,10178.155
North America (EI),,1985,10178.442
North America (EI),,1986,10622.383
North America (EI),,1987,10874.315
North America (EI),,1988,11301.78
North America (EI),,1989,11391.114
North America (EI),,1990,11216.75
North America (EI),,1991,11001.751
North America (EI),,1992,11222.658
North America (EI),,1993,11303.107
North America (EI),,1994,11644.383
North America (EI),,1995,11599.061
North America (EI),,1996,11988.421
North America (EI),,1997,12182.917
North America (EI),,1998,12427.796
North America (EI),,1999,12725.253
North America (EI),,2000,12863.46
North America (EI),,2001,12851.935
North America (EI),,2002,12854.293
North America (EI),,2003,13066.796
North America (EI),,2004,13563.404
North America (EI),,2005,13544.443
North America (EI),,2006,13406.147
North America (EI),,2007,13437.131
North America (EI),,2008,12687.839
North America (EI),,2009,12068.709
North America (EI),,2010,12282.262
North America (EI),,2011,12095.8545
North America (EI),,2012,11881.075
North America (EI),,2013,12013.467
North America (EI),,2014,12022.791
North America (EI),,2015,12247.841
North America (EI),,2016,12312.661
North America (EI),,2017,12362.716
North America (EI),,2018,12601.836
North America (EI),,2019,12497.0205
North America (EI),,2020,10952.597
North America (EI),,2021,11911.919
North America (EI),,2022,12099.211
North America (EI),,2023,12129.229
North America (EI),,2024,12193.27
North America (EI),,2025,12302.997
North Korea,PRK,1980,29.41701
North Korea,PRK,1981,31.170176
North Korea,PRK,1982,31.781355
North Korea,PRK,1983,34.837254
North Korea,PRK,1984,36.771263
North Korea,PRK,1985,39.115513
North Korea,PRK,1986,41.91342
North Korea,PRK,1987,42.596645
North Korea,PRK,1988,39.586006
North Korea,PRK,1989,38.92879
North Korea,PRK,1990,44.578438
North Korea,PRK,1991,46.917774
North Korea,PRK,1992,45.337597
North Korea,PRK,1993,43.660892
North Korea,PRK,1994,42.67664
North Korea,PRK,1995,38.202366
North Korea,PRK,1996,29.028847
North Korea,PRK,1997,24.581009
North Korea,PRK,1998,21.886848
North Korea,PRK,1999,46.781532
North Korea,PRK,2000,12.8343935
North Korea,PRK,2001,14.227142
North Korea,PRK,2002,14.265871
North Korea,PRK,2003,13.894039
North Korea,PRK,2004,14.010393
North Korea,PRK,2005,11.764486
North Korea,PRK,2006,9.003647
North Korea,PRK,2007,10.764332
North Korea,PRK,2008,11.034838
North Korea,PRK,2009,10.677544
North Korea,PRK,2010,10.611451
North Korea,PRK,2011,10.906247
North Korea,PRK,2012,10.473572
North Korea,PRK,2013,11.315084
North Korea,PRK,2014,10.801428
North Korea,PRK,2015,12.30901
North Korea,PRK,2016,13.126052
North Korea,PRK,2017,11.930037
North Korea,PRK,2018,11.742417
North Korea,PRK,2019,12.819204
North Korea,PRK,2020,12.319323
North Korea,PRK,2021,9.99945
North Korea,PRK,2022,10.4355135
North Korea,PRK,2023,11.573526
North Korea,PRK,2024,11.900994
North Macedonia,MKD,1990,12.740927
North Macedonia,MKD,1991,11.406301
North Macedonia,MKD,1992,12.286933
North Macedonia,MKD,1993,13.216734
North Macedonia,MKD,1994,10.265979
North Macedonia,MKD,1995,9.655316
North Macedonia,MKD,1996,14.679261
North Macedonia,MKD,1997,12.305495
North Macedonia,MKD,1998,11.074813
North Macedonia,MKD,1999,11.075541
North Macedonia,MKD,2000,11.268543
North Macedonia,MKD,2001,9.231523
North Macedonia,MKD,2002,10.424203
North Macedonia,MKD,2003,10.086404
North Macedonia,MKD,2004,10.276315
North Macedonia,MKD,2005,10.618795
North Macedonia,MKD,2006,11.223741
North Macedonia,MKD,2007,12.1110325
North Macedonia,MKD,2008,10.953669
North Macedonia,MKD,2009,11.272176
North Macedonia,MKD,2010,10.980215
North Macedonia,MKD,2011,11.351919
North Macedonia,MKD,2012,10.971921
North Macedonia,MKD,2013,10.721133
North Macedonia,MKD,2014,10.638594
North Macedonia,MKD,2015,11.40081
North Macedonia,MKD,2016,12.803833
North Macedonia,MKD,2017,12.18642
North Macedonia,MKD,2018,12.717901
North Macedonia,MKD,2019,12.735264
North Macedonia,MKD,2020,11.742942
North Macedonia,MKD,2021,12.747635
North Macedonia,MKD,2022,13.863104
North Macedonia,MKD,2023,13.796067
North Macedonia,MKD,2024,13.336479
North Macedonia,MKD,2025,14.275123
Northern Mariana Islands,MNP,1980,0
Northern Mariana Islands,MNP,1981,0
Northern Mariana Islands,MNP,1982,0
Northern Mariana Islands,MNP,1983,0
Northern Mariana Islands,MNP,1984,0
Northern Mariana Islands,MNP,1985,0
Northern Mariana Islands,MNP,1986,0
Northern Mariana Islands,MNP,1987,0
Northern Mariana Islands,MNP,1988,0
Northern Mariana Islands,MNP,1989,0
Northern Mariana Islands,MNP,1990,0
Northern Mariana Islands,MNP,1991,0
Northern Mariana Islands,MNP,1992,0
Northern Mariana Islands,MNP,1993,0
Northern Mariana Islands,MNP,1994,0
Northern Mariana Islands,MNP,1995,0
Northern Mariana Islands,MNP,1996,0
Northern Mariana Islands,MNP,1997,0
Northern Mariana Islands,MNP,1998,0
Northern Mariana Islands,MNP,1999,0
Northern Mariana Islands,MNP,2000,0
Northern Mariana Islands,MNP,2001,0
Northern Mariana Islands,MNP,2002,0
Northern Mariana Islands,MNP,2003,0
Northern Mariana Islands,MNP,2004,0
Northern Mariana Islands,MNP,2005,0
Northern Mariana Islands,MNP,2006,0
Northern Mariana Islands,MNP,2007,0
Northern Mariana Islands,MNP,2008,0
Northern Mariana Islands,MNP,2009,0
Northern Mariana Islands,MNP,2010,0
Northern Mariana Islands,MNP,2011,0
Northern Mariana Islands,MNP,2012,0
Northern Mariana Islands,MNP,2013,0
Northern Mariana Islands,MNP,2014,0
Northern Mariana Islands,MNP,2015,0
Northern Mariana Islands,MNP,2016,0
Northern Mariana Islands,MNP,2017,0
Northern Mariana Islands,MNP,2018,0
Northern Mariana Islands,MNP,2020,0
Northern Mariana Islands,MNP,2021,0
Northern Mariana Islands,MNP,2022,0
Northern Mariana Islands,MNP,2023,0
Northern Mariana Islands,MNP,2024,0
Norway,NOR,1965,60.316517
Norway,NOR,1966,68.08452
Norway,NOR,1967,70.49037
Norway,NOR,1968,78.40632
Norway,NOR,1969,86.189644
Norway,NOR,1970,97.02359
Norway,NOR,1971,96.00081
Norway,NOR,1972,100.55224
Norway,NOR,1973,102.16668
Norway,NOR,1974,92.957924
Norway,NOR,1975,96.23275
Norway,NOR,1976,106.44093
Norway,NOR,1977,104.85937
Norway,NOR,1978,116.656334
Norway,NOR,1979,116.01388
Norway,NOR,1980,112.084496
Norway,NOR,1981,104.1835
Norway,NOR,1982,100.11227
Norway,NOR,1983,98.31226
Norway,NOR,1984,102.18023
Norway,NOR,1985,107.2148
Norway,NOR,1986,114.97386
Norway,NOR,1987,114.59487
Norway,NOR,1988,107.5932
Norway,NOR,1989,108.83679
Norway,NOR,1990,108.67148
Norway,NOR,1991,100.75075
Norway,NOR,1992,101.145615
Norway,NOR,1993,103.24792
Norway,NOR,1994,107.86404
Norway,NOR,1995,109.07984
Norway,NOR,1996,119.79836
Norway,NOR,1997,119.28346
Norway,NOR,1998,120.60431
Norway,NOR,1999,120.9182
Norway,NOR,2000,111.27409
Norway,NOR,2001,120.75554
Norway,NOR,2002,117.13513
Norway,NOR,2003,123.21862
Norway,NOR,2004,118.5651
Norway,NOR,2005,120.51493
Norway,NOR,2006,123.56265
Norway,NOR,2007,127.06922
Norway,NOR,2008,119.72694
Norway,NOR,2009,119.163635
Norway,NOR,2010,124.66059
Norway,NOR,2011,124.08358
Norway,NOR,2012,123.83338
Norway,NOR,2013,122.371796
Norway,NOR,2014,116.465195
Norway,NOR,2015,113.27705
Norway,NOR,2016,113.180145
Norway,NOR,2017,119.68904
Norway,NOR,2018,117.01603
Norway,NOR,2019,114.72056
Norway,NOR,2020,104.91503
Norway,NOR,2021,106.299385
Norway,NOR,2022,109.12064
Norway,NOR,2023,108.630905
Norway,NOR,2024,102.23348
Norway,NOR,2025,104.15131
OECD (EI),,1965,13445.202
OECD (EI),,1966,14511.711
OECD (EI),,1967,15533.106
OECD (EI),,1968,16878.477
OECD (EI),,1969,18410.361
OECD (EI),,1970,20069.746
OECD (EI),,1971,20985.707
OECD (EI),,1972,22585.963
OECD (EI),,1973,24261.043
OECD (EI),,1974,23213.523
OECD (EI),,1975,22646.012
OECD (EI),,1976,24139.87
OECD (EI),,1977,24678.488
OECD (EI),,1978,25502.82
OECD (EI),,1979,25518.658
OECD (EI),,1980,23736.26
OECD (EI),,1981,22341.531
OECD (EI),,1982,21217.268
OECD (EI),,1983,20943.71
OECD (EI),,1984,21277.375
OECD (EI),,1985,21349.902
OECD (EI),,1986,22076.174
OECD (EI),,1987,22486.996
OECD (EI),,1988,23273.945
OECD (EI),,1989,23566.293
OECD (EI),,1990,23652.85
OECD (EI),,1991,23771.127
OECD (EI),,1992,24367.969
OECD (EI),,1993,24481.654
OECD (EI),,1994,25181.77
OECD (EI),,1995,25442.24
OECD (EI),,1996,26172.762
OECD (EI),,1997,26509.701
OECD (EI),,1998,26614.246
OECD (EI),,1999,26985.383
OECD (EI),,2000,27046.445
OECD (EI),,2001,26990.986
OECD (EI),,2002,26977.924
OECD (EI),,2003,27326.59
OECD (EI),,2004,27845.36
OECD (EI),,2005,27893.059
OECD (EI),,2006,27719.338
OECD (EI),,2007,27541.947
OECD (EI),,2008,26540.836
OECD (EI),,2009,25147.166
OECD (EI),,2010,25396.68
OECD (EI),,2011,25006.635
OECD (EI),,2012,24786.775
OECD (EI),,2013,24670.799
OECD (EI),,2014,24452.867
OECD (EI),,2015,24826.688
OECD (EI),,2016,25117.89
OECD (EI),,2017,25396.33
OECD (EI),,2018,25520.04
OECD (EI),,2019,25304.701
OECD (EI),,2020,22238.396
OECD (EI),,2021,23746.129
OECD (EI),,2022,24301.56
OECD (EI),,2023,24176.805
OECD (EI),,2024,24339.709
OECD (EI),,2025,24348.928
Oceania,OWID_OCE,1965,232.65555
Oceania,OWID_OCE,1966,250.18103
Oceania,OWID_OCE,1967,272.33957
Oceania,OWID_OCE,1968,294.28094
Oceania,OWID_OCE,1969,302.95325
Oceania,OWID_OCE,1970,337.80527
Oceania,OWID_OCE,1971,354.72107
Oceania,OWID_OCE,1972,363.9765
Oceania,OWID_OCE,1973,387.8557
Oceania,OWID_OCE,1974,404.6868
Oceania,OWID_OCE,1975,399.33368
Oceania,OWID_OCE,1976,408.52405
Oceania,OWID_OCE,1977,425.32632
Oceania,OWID_OCE,1978,431.71304
Oceania,OWID_OCE,1979,437.05466
Oceania,OWID_OCE,1980,416.62512
Oceania,OWID_OCE,1981,408.8937
Oceania,OWID_OCE,1982,403.29065
Oceania,OWID_OCE,1983,385.20193
Oceania,OWID_OCE,1984,395.81516
Oceania,OWID_OCE,1985,394.52618
Oceania,OWID_OCE,1986,384.3547
Oceania,OWID_OCE,1987,397.8433
Oceania,OWID_OCE,1988,413.65363
Oceania,OWID_OCE,1989,429.37286
Oceania,OWID_OCE,1990,443.72836
Oceania,OWID_OCE,1991,432.9573
Oceania,OWID_OCE,1992,442.12042
Oceania,OWID_OCE,1993,455.4508
Oceania,OWID_OCE,1994,476.98978
Oceania,OWID_OCE,1995,494.0805
Oceania,OWID_OCE,1996,506.56277
Oceania,OWID_OCE,1997,517.00226
Oceania,OWID_OCE,1998,517.831
Oceania,OWID_OCE,1999,529.0255
Oceania,OWID_OCE,2000,530.4041
Oceania,OWID_OCE,2001,532.32965
Oceania,OWID_OCE,2002,539.4578
Oceania,OWID_OCE,2003,542.4564
Oceania,OWID_OCE,2004,552.3267
Oceania,OWID_OCE,2005,564.14136
Oceania,OWID_OCE,2006,579.43164
Oceania,OWID_OCE,2007,592.4452
Oceania,OWID_OCE,2008,599.94073
Oceania,OWID_OCE,2009,587.56256
Oceania,OWID_OCE,2010,603.3712
Oceania,OWID_OCE,2011,633.15247
Oceania,OWID_OCE,2012,646.43445
Oceania,OWID_OCE,2013,664.0468
Oceania,OWID_OCE,2014,663.1427
Oceania,OWID_OCE,2015,661.9069
Oceania,OWID_OCE,2016,666.539
Oceania,OWID_OCE,2017,698.81494
Oceania,OWID_OCE,2018,709.6496
Oceania,OWID_OCE,2019,705.7335
Oceania,OWID_OCE,2020,606.1417
Oceania,OWID_OCE,2021,619.44336
Oceania,OWID_OCE,2022,651.77686
Oceania,OWID_OCE,2023,691.26
Oceania,OWID_OCE,2024,710.32495
Oceania,OWID_OCE,2025,711.6947
Oman,OMN,1965,0.09738055
Oman,OMN,1966,0.12186111
Oman,OMN,1967,0.5409833
Oman,OMN,1968,0.65190834
Oman,OMN,1969,0.9285111
Oman,OMN,1970,0.9359056
Oman,OMN,1971,15.471503
Oman,OMN,1972,17.677216
Oman,OMN,1973,15.375915
Oman,OMN,1974,14.127883
Oman,OMN,1975,12.904697
Oman,OMN,1976,14.856398
Oman,OMN,1977,14.312169
Oman,OMN,1978,13.616951
Oman,OMN,1979,14.083727
Oman,OMN,1980,10.59754
Oman,OMN,1981,10.412598
Oman,OMN,1982,11.140184
Oman,OMN,1983,12.101919
Oman,OMN,1984,14.831405
Oman,OMN,1985,16.363743
Oman,OMN,1986,16.131083
Oman,OMN,1987,15.300206
Oman,OMN,1988,16.171694
Oman,OMN,1989,17.119625
Oman,OMN,1990,22.143156
Oman,OMN,1991,36.021755
Oman,OMN,1992,33.199795
Oman,OMN,1993,32.153778
Oman,OMN,1994,27.272215
Oman,OMN,1995,30.523483
Oman,OMN,1996,29.08536
Oman,OMN,1997,25.371681
Oman,OMN,1998,25.316025
Oman,OMN,1999,31.64212
Oman,OMN,2000,34.205227
Oman,OMN,2001,38.914345
Oman,OMN,2002,44.760445
Oman,OMN,2003,42.767654
Oman,OMN,2004,41.771774
Oman,OMN,2005,47.496902
Oman,OMN,2006,50.021873
Oman,OMN,2007,51.09791
Oman,OMN,2008,67.18739
Oman,OMN,2009,63.931656
Oman,OMN,2010,72.929794
Oman,OMN,2011,78.92197
Oman,OMN,2012,85.93543
Oman,OMN,2013,99.81871
Oman,OMN,2014,102.40699
Oman,OMN,2015,105.91571
Oman,OMN,2016,109.48738
Oman,OMN,2017,116.849075
Oman,OMN,2018,127.07966
Oman,OMN,2019,122.85308
Oman,OMN,2020,100.00917
Oman,OMN,2021,109.40767
Oman,OMN,2022,127.23318
Oman,OMN,2023,127.31774
Oman,OMN,2024,129.55266
Oman,OMN,2025,145.33641
Pakistan,PAK,1965,44.92068
Pakistan,PAK,1966,46.11689
Pakistan,PAK,1967,51.5479
Pakistan,PAK,1968,58.71033
Pakistan,PAK,1969,55.06346
Pakistan,PAK,1970,54.475094
Pakistan,PAK,1971,51.2266
Pakistan,PAK,1972,42.280205
Pakistan,PAK,1973,43.33429
Pakistan,PAK,1974,46.68848
Pakistan,PAK,1975,48.48073
Pakistan,PAK,1976,48.495506
Pakistan,PAK,1977,51.05294
Pakistan,PAK,1978,53.865547
Pakistan,PAK,1979,57.54363
Pakistan,PAK,1980,60.102444
Pakistan,PAK,1981,63.786694
Pakistan,PAK,1982,70.18829
Pakistan,PAK,1983,77.34512
Pakistan,PAK,1984,83.87066
Pakistan,PAK,1985,89.51502
Pakistan,PAK,1986,96.47393
Pakistan,PAK,1987,105.70087
Pakistan,PAK,1988,113.84892
Pakistan,PAK,1989,122.017136
Pakistan,PAK,1990,127.602325
Pakistan,PAK,1991,134.32481
Pakistan,PAK,1992,146.81076
Pakistan,PAK,1993,160.0418
Pakistan,PAK,1994,171.56282
Pakistan,PAK,1995,185.97589
Pakistan,PAK,1996,195.58961
Pakistan,PAK,1997,201.5909
Pakistan,PAK,1998,208.43974
Pakistan,PAK,1999,216.01378
Pakistan,PAK,2000,223.08224
Pakistan,PAK,2001,218.72188
Pakistan,PAK,2002,213.196
Pakistan,PAK,2003,189.23907
Pakistan,PAK,2004,191.35683
Pakistan,PAK,2005,181.89467
Pakistan,PAK,2006,208.9376
Pakistan,PAK,2007,227.31567
Pakistan,PAK,2008,230.70963
Pakistan,PAK,2009,246.17116
Pakistan,PAK,2010,243.88008
Pakistan,PAK,2011,245.5318
Pakistan,PAK,2012,237.93188
Pakistan,PAK,2013,260.81177
Pakistan,PAK,2014,269.72635
Pakistan,PAK,2015,293.9605
Pakistan,PAK,2016,328.8486
Pakistan,PAK,2017,339.49326
Pakistan,PAK,2018,284.8369
Pakistan,PAK,2019,255.64151
Pakistan,PAK,2020,250.0316
Pakistan,PAK,2021,289.22247
Pakistan,PAK,2022,281.94827
Pakistan,PAK,2023,223.84207
Pakistan,PAK,2024,231.17207
Pakistan,PAK,2025,242.44946
Palestine,PSE,1997,1.6908041
Palestine,PSE,1998,2.630576
Palestine,PSE,1999,2.8679445
Palestine,PSE,2000,3.5014145
Palestine,PSE,2001,5.7381907
Palestine,PSE,2002,4.9349947
Palestine,PSE,2003,5.4534426
Palestine,PSE,2004,9.217214
Palestine,PSE,2005,11.617956
Palestine,PSE,2006,9.6893015
Palestine,PSE,2007,9.979735
Palestine,PSE,2008,8.765711
Palestine,PSE,2009,8.970922
Palestine,PSE,2010,8.788608
Palestine,PSE,2011,9.774673
Palestine,PSE,2012,9.492746
Palestine,PSE,2013,10.559867
Palestine,PSE,2014,11.561077
Palestine,PSE,2015,12.8852005
Palestine,PSE,2016,13.65009
Palestine,PSE,2017,13.612565
Palestine,PSE,2018,12.484095
Palestine,PSE,2019,14.199158
Palestine,PSE,2020,14.441171
Palestine,PSE,2021,15.73935
Palestine,PSE,2022,20.110214
Palestine,PSE,2023,19.391544
Palestine,PSE,2024,19.650612
Panama,PAN,1980,50.850304
Panama,PAN,1981,50.061222
Panama,PAN,1982,48.110783
Panama,PAN,1983,49.411076
Panama,PAN,1984,48.89452
Panama,PAN,1985,42.25947
Panama,PAN,1986,43.23469
Panama,PAN,1987,45.24615
Panama,PAN,1988,44.101265
Panama,PAN,1989,42.93892
Panama,PAN,1990,45.565384
Panama,PAN,1991,45.404446
Panama,PAN,1992,46.81428
Panama,PAN,1993,45.825268
Panama,PAN,1994,51.69852
Panama,PAN,1995,54.821068
Panama,PAN,1996,47.01776
Panama,PAN,1997,49.06957
Panama,PAN,1998,54.27471
Panama,PAN,1999,32.860394
Panama,PAN,2000,56.345562
Panama,PAN,2001,60.492786
Panama,PAN,2002,57.197124
Panama,PAN,2003,59.622986
Panama,PAN,2004,58.17042
Panama,PAN,2005,58.25843
Panama,PAN,2006,64.59241
Panama,PAN,2007,60.26677
Panama,PAN,2008,71.296165
Panama,PAN,2009,69.02539
Panama,PAN,2010,78.89947
Panama,PAN,2011,78.68398
Panama,PAN,2012,85.68791
Panama,PAN,2013,84.45225
Panama,PAN,2014,86.709465
Panama,PAN,2015,92.50658
Panama,PAN,2016,97.403755
Panama,PAN,2017,104.5357
Panama,PAN,2018,95.75644
Panama,PAN,2019,107.02178
Panama,PAN,2020,65.94831
Panama,PAN,2021,73.1476
Panama,PAN,2022,83.061264
Panama,PAN,2023,84.066765
Panama,PAN,2024,84.02062
Papua New Guinea,PNG,1980,7.5563564
Papua New Guinea,PNG,1981,7.5357103
Papua New Guinea,PNG,1982,7.5357103
Papua New Guinea,PNG,1983,7.5357103
Papua New Guinea,PNG,1984,8.815749
Papua New Guinea,PNG,1985,8.791662
Papua New Guinea,PNG,1986,9.042852
Papua New Guinea,PNG,1987,10.110654
Papua New Guinea,PNG,1988,9.436561
Papua New Guinea,PNG,1989,9.666702
Papua New Guinea,PNG,1990,9.796265
Papua New Guinea,PNG,1991,9.671644
Papua New Guinea,PNG,1992,9.63059
Papua New Guinea,PNG,1993,9.604392
Papua New Guinea,PNG,1994,9.414176
Papua New Guinea,PNG,1995,9.479934
Papua New Guinea,PNG,1996,9.505792
Papua New Guinea,PNG,1997,9.730828
Papua New Guinea,PNG,1998,9.361405
Papua New Guinea,PNG,1999,9.361409
Papua New Guinea,PNG,2000,11.148901
Papua New Guinea,PNG,2001,13.287126
Papua New Guinea,PNG,2002,14.138275
Papua New Guinea,PNG,2003,16.129574
Papua New Guinea,PNG,2004,18.690174
Papua New Guinea,PNG,2005,17.631762
Papua New Guinea,PNG,2006,17.857191
Papua New Guinea,PNG,2007,19.388842
Papua New Guinea,PNG,2008,16.777363
Papua New Guinea,PNG,2009,19.296743
Papua New Guinea,PNG,2010,16.921055
Papua New Guinea,PNG,2011,17.749367
Papua New Guinea,PNG,2012,17.017832
Papua New Guinea,PNG,2013,17.357128
Papua New Guinea,PNG,2014,18.726107
Papua New Guinea,PNG,2015,22.509802
Papua New Guinea,PNG,2016,24.251379
Papua New Guinea,PNG,2017,23.82954
Papua New Guinea,PNG,2018,26.94021
Papua New Guinea,PNG,2019,26.19891
Papua New Guinea,PNG,2020,25.1804
Papua New Guinea,PNG,2021,24.644007
Papua New Guinea,PNG,2022,25.450497
Papua New Guinea,PNG,2023,26.031296
Papua New Guinea,PNG,2024,26.762949
Paraguay,PRY,1980,5.926151
Paraguay,PRY,1981,5.4323864
Paraguay,PRY,1982,5.3726897
Paraguay,PRY,1983,5.671173
Paraguay,PRY,1984,5.986011
Paraguay,PRY,1985,6.566621
Paraguay,PRY,1986,6.5069246
Paraguay,PRY,1987,8.199536
Paraguay,PRY,1988,7.690722
Paraguay,PRY,1989,9.971318
Paraguay,PRY,1990,9.539091
Paraguay,PRY,1991,8.714816
Paraguay,PRY,1992,9.956996
Paraguay,PRY,1993,10.469621
Paraguay,PRY,1994,12.031096
Paraguay,PRY,1995,13.561177
Paraguay,PRY,1996,11.426245
Paraguay,PRY,1997,12.249167
Paraguay,PRY,1998,14.142564
Paraguay,PRY,1999,16.832138
Paraguay,PRY,2000,13.728024
Paraguay,PRY,2001,14.159843
Paraguay,PRY,2002,15.015153
Paraguay,PRY,2003,15.585393
Paraguay,PRY,2004,15.68218
Paraguay,PRY,2005,14.483212
Paraguay,PRY,2006,15.656915
Paraguay,PRY,2007,16.309422
Paraguay,PRY,2008,16.917604
Paraguay,PRY,2009,17.455664
Paraguay,PRY,2010,19.828974
Paraguay,PRY,2011,20.101103
Paraguay,PRY,2012,21.380756
Paraguay,PRY,2013,21.08276
Paraguay,PRY,2014,22.147902
Paraguay,PRY,2015,27.09043
Paraguay,PRY,2016,32.03349
Paraguay,PRY,2017,32.63431
Paraguay,PRY,2018,34.433426
Paraguay,PRY,2019,33.3804
Paraguay,PRY,2020,30.903038
Paraguay,PRY,2021,35.01249
Paraguay,PRY,2022,31.733072
Paraguay,PRY,2023,31.133158
Paraguay,PRY,2024,31.162397
Peru,PER,1965,43.167366
Peru,PER,1966,54.434715
Peru,PER,1967,54.83334
Peru,PER,1968,55.010834
Peru,PER,1969,54.147644
Peru,PER,1970,56.897606
Peru,PER,1971,56.256172
Peru,PER,1972,48.01101
Peru,PER,1973,55.933968
Peru,PER,1974,65.89939
Peru,PER,1975,69.020676
Peru,PER,1976,69.956894
Peru,PER,1977,69.8767
Peru,PER,1978,69.25631
Peru,PER,1979,71.98634
Peru,PER,1980,77.84784
Peru,PER,1981,79.46005
Peru,PER,1982,78.22812
Peru,PER,1983,67.83568
Peru,PER,1984,70.013115
Peru,PER,1985,67.58711
Peru,PER,1986,72.71551
Peru,PER,1987,80.29432
Peru,PER,1988,78.54944
Peru,PER,1989,69.60631
Peru,PER,1990,69.653175
Peru,PER,1991,64.45394
Peru,PER,1992,67.45526
Peru,PER,1993,70.536446
Peru,PER,1994,76.61635
Peru,PER,1995,86.40599
Peru,PER,1996,89.128136
Peru,PER,1997,88.13827
Peru,PER,1998,88.67419
Peru,PER,1999,90.520706
Peru,PER,2000,88.370544
Peru,PER,2001,83.596954
Peru,PER,2002,82.79648
Peru,PER,2003,78.31694
Peru,PER,2004,87.44952
Peru,PER,2005,85.74552
Peru,PER,2006,81.61111
Peru,PER,2007,84.94668
Peru,PER,2008,95.09226
Peru,PER,2009,96.45016
Peru,PER,2010,101.51832
Peru,PER,2011,112.06888
Peru,PER,2012,111.44959
Peru,PER,2013,116.81235
Peru,PER,2014,114.978226
Peru,PER,2015,122.40205
Peru,PER,2016,130.30739
Peru,PER,2017,133.0222
Peru,PER,2018,136.62785
Peru,PER,2019,140.67459
Peru,PER,2020,107.05036
Peru,PER,2021,132.76494
Peru,PER,2022,138.04291
Peru,PER,2023,142.87662
Peru,PER,2024,148.15532
Peru,PER,2025,159.0583
Philippines,PHL,1965,57.4021
Philippines,PHL,1966,63.940327
Philippines,PHL,1967,69.58127
Philippines,PHL,1968,82.39472
Philippines,PHL,1969,88.841705
Philippines,PHL,1970,90.005615
Philippines,PHL,1971,97.47116
Philippines,PHL,1972,102.89429
Philippines,PHL,1973,114.859406
Philippines,PHL,1974,107.578
Philippines,PHL,1975,116.69449
Philippines,PHL,1976,119.77017
Philippines,PHL,1977,130.15947
Philippines,PHL,1978,134.74797
Philippines,PHL,1979,139.32352
Philippines,PHL,1980,130.49713
Philippines,PHL,1981,122.71493
Philippines,PHL,1982,122.00833
Philippines,PHL,1983,122.14318
Philippines,PHL,1984,99.97544
Philippines,PHL,1985,88.851875
Philippines,PHL,1986,93.15117
Philippines,PHL,1987,108.55486
Philippines,PHL,1988,117.03594
Philippines,PHL,1989,134.99716
Philippines,PHL,1990,138.08572
Philippines,PHL,1991,134.88696
Philippines,PHL,1992,153.05324
Philippines,PHL,1993,168.78473
Philippines,PHL,1994,173.18912
Philippines,PHL,1995,203.4543
Philippines,PHL,1996,211.86565
Philippines,PHL,1997,231.8534
Philippines,PHL,1998,225.1748
Philippines,PHL,1999,212.49382
Philippines,PHL,2000,197.78548
Philippines,PHL,2001,196.74991
Philippines,PHL,2002,187.04181
Philippines,PHL,2003,185.97559
Philippines,PHL,2004,189.62283
Philippines,PHL,2005,174.76901
Philippines,PHL,2006,160.22661
Philippines,PHL,2007,166.13818
Philippines,PHL,2008,158.71425
Philippines,PHL,2009,166.45232
Philippines,PHL,2010,173.30809
Philippines,PHL,2011,163.80542
Philippines,PHL,2012,169.58356
Philippines,PHL,2013,177.9317
Philippines,PHL,2014,188.79172
Philippines,PHL,2015,215.40018
Philippines,PHL,2016,231.16985
Philippines,PHL,2017,247.42796
Philippines,PHL,2018,248.34981
Philippines,PHL,2019,254.16463
Philippines,PHL,2020,206.09845
Philippines,PHL,2021,224.42242
Philippines,PHL,2022,249.05637
Philippines,PHL,2023,260.4399
Philippines,PHL,2024,272.54376
Philippines,PHL,2025,278.64285
Poland,POL,1965,64.42476
Poland,POL,1966,67.00853
Poland,POL,1967,72.72037
Poland,POL,1968,90.98808
Poland,POL,1969,100.078026
Poland,POL,1970,105.8436
Poland,POL,1971,112.22479
Poland,POL,1972,125.95774
Poland,POL,1973,139.72865
Poland,POL,1974,147.14691
Poland,POL,1975,160.17279
Poland,POL,1976,176.80226
Poland,POL,1977,189.19632
Poland,POL,1978,202.32387
Poland,POL,1979,206.29735
Poland,POL,1980,203.74902
Poland,POL,1981,191.03615
Poland,POL,1982,180.37706
Poland,POL,1983,186.44765
Poland,POL,1984,191.37543
Poland,POL,1985,194.5768
Poland,POL,1986,200.98262
Poland,POL,1987,203.58064
Poland,POL,1988,208.54102
Poland,POL,1989,207.10391
Poland,POL,1990,166.58405
Poland,POL,1991,161.2986
Poland,POL,1992,170.9234
Poland,POL,1993,176.53294
Poland,POL,1994,188.41951
Poland,POL,1995,194.06654
Poland,POL,1996,214.36308
Poland,POL,1997,225.8518
Poland,POL,1998,233.54724
Poland,POL,1999,241.8692
Poland,POL,2000,242.72908
Poland,POL,2001,234.72214
Poland,POL,2002,235.7797
Poland,POL,2003,239.10408
Poland,POL,2004,255.27576
Poland,POL,2005,266.56586
Poland,POL,2006,284.99228
Poland,POL,2007,292.6572
Poland,POL,2008,300.85117
Poland,POL,2009,298.74213
Poland,POL,2010,314.1251
Poland,POL,2011,311.50574
Poland,POL,2012,298.3708
Poland,POL,2013,277.3465
Poland,POL,2014,277.49698
Poland,POL,2015,292.9932
Poland,POL,2016,321.5872
Poland,POL,2017,362.9471
Poland,POL,2018,372.2887
Poland,POL,2019,379.48453
Poland,POL,2020,359.47464
Poland,POL,2021,375.48102
Poland,POL,2022,390.6327
Poland,POL,2023,388.32553
Poland,POL,2024,392.43048
Poland,POL,2025,404.87833
Portugal,PRT,1965,30.529514
Portugal,PRT,1966,31.292534
Portugal,PRT,1967,34.5241
Portugal,PRT,1968,37.036827
Portugal,PRT,1969,38.868618
Portugal,PRT,1970,53.695103
Portugal,PRT,1971,60.925808
Portugal,PRT,1972,66.27051
Portugal,PRT,1973,72.85421
Portugal,PRT,1974,77.65475
Portugal,PRT,1975,81.327896
Portugal,PRT,1976,85.188934
Portugal,PRT,1977,84.28477
Portugal,PRT,1978,87.35162
Portugal,PRT,1979,93.42953
Portugal,PRT,1980,100.01279
Portugal,PRT,1981,106.01108
Portugal,PRT,1982,111.01078
Portugal,PRT,1983,112.03898
Portugal,PRT,1984,111.80505
Portugal,PRT,1985,108.32346
Portugal,PRT,1986,115.462204
Portugal,PRT,1987,112.17974
Portugal,PRT,1988,117.46575
Portugal,PRT,1989,147.89993
Portugal,PRT,1990,140.2395
Portugal,PRT,1991,146.44716
Portugal,PRT,1992,162.93637
Portugal,PRT,1993,153.68877
Portugal,PRT,1994,155.42723
Portugal,PRT,1995,167.95164
Portugal,PRT,1996,159.85767
Portugal,PRT,1997,171.57802
Portugal,PRT,1998,187.91159
Portugal,PRT,1999,193.70639
Portugal,PRT,2000,189.41814
Portugal,PRT,2001,189.5344
Portugal,PRT,2002,196.06563
Portugal,PRT,2003,184.26161
Portugal,PRT,2004,186.39532
Portugal,PRT,2005,192.48924
Portugal,PRT,2006,170.36935
Portugal,PRT,2007,172.20227
Portugal,PRT,2008,164.78693
Portugal,PRT,2009,152.80612
Portugal,PRT,2010,149.48178
Portugal,PRT,2011,140.12875
Portugal,PRT,2012,127.39728
Portugal,PRT,2013,130.73607
Portugal,PRT,2014,129.18199
Portugal,PRT,2015,132.16782
Portugal,PRT,2016,134.93422
Portugal,PRT,2017,135.99239
Portugal,PRT,2018,131.66093
Portugal,PRT,2019,139.91884
Portugal,PRT,2020,114.11291
Portugal,PRT,2021,117.3465
Portugal,PRT,2022,128.5056
Portugal,PRT,2023,125.77155
Portugal,PRT,2024,123.37686
Portugal,PRT,2025,123.48502
Puerto Rico,PRI,1980,65.68693
Puerto Rico,PRI,1981,65.50745
Puerto Rico,PRI,1982,65.50745
Puerto Rico,PRI,1983,65.50745
Puerto Rico,PRI,1984,65.68693
Puerto Rico,PRI,1985,65.50745
Puerto Rico,PRI,1986,65.50745
Puerto Rico,PRI,1987,65.13697
Puerto Rico,PRI,1988,64.84351
Puerto Rico,PRI,1989,65.27726
Puerto Rico,PRI,1990,64.77417
Puerto Rico,PRI,1991,64.72174
Puerto Rico,PRI,1992,65.31673
Puerto Rico,PRI,1993,65.28285
Puerto Rico,PRI,1994,65.55703
Puerto Rico,PRI,1995,65.474495
Puerto Rico,PRI,1996,65.40691
Puerto Rico,PRI,1997,65.44371
Puerto Rico,PRI,1998,65.474396
Puerto Rico,PRI,1999,65.100914
Puerto Rico,PRI,2000,123.75055
Puerto Rico,PRI,2001,131.82161
Puerto Rico,PRI,2002,130.67934
Puerto Rico,PRI,2003,133.29991
Puerto Rico,PRI,2004,137.85365
Puerto Rico,PRI,2005,132.86598
Puerto Rico,PRI,2006,117.20394
Puerto Rico,PRI,2007,112.18097
Puerto Rico,PRI,2008,102.91052
Puerto Rico,PRI,2009,95.587135
Puerto Rico,PRI,2010,78.60444
Puerto Rico,PRI,2011,86.16557
Puerto Rico,PRI,2012,85.81412
Puerto Rico,PRI,2013,69.33831
Puerto Rico,PRI,2014,63.38284
Puerto Rico,PRI,2015,64.77609
Puerto Rico,PRI,2016,57.053852
Puerto Rico,PRI,2017,62.335316
Puerto Rico,PRI,2018,58.021347
Puerto Rico,PRI,2019,46.624588
Puerto Rico,PRI,2020,43.945232
Puerto Rico,PRI,2021,45.900127
Puerto Rico,PRI,2022,47.66252
Puerto Rico,PRI,2023,54.185062
Puerto Rico,PRI,2024,55.938198
Qatar,QAT,1965,0.57273304
Qatar,QAT,1966,0.57199776
Qatar,QAT,1967,0.86582726
Qatar,QAT,1968,1.1196642
Qatar,QAT,1969,1.30044
Qatar,QAT,1970,1.1239372
Qatar,QAT,1971,1.0794972
Qatar,QAT,1972,1.2848859
Qatar,QAT,1973,1.6680158
Qatar,QAT,1974,2.2778795
Qatar,QAT,1975,2.7142978
Qatar,QAT,1976,3.7372403
Qatar,QAT,1977,4.9303584
Qatar,QAT,1978,4.820811
Qatar,QAT,1979,5.219366
Qatar,QAT,1980,4.3004594
Qatar,QAT,1981,6.3161616
Qatar,QAT,1982,7.013765
Qatar,QAT,1983,7.672108
Qatar,QAT,1984,9.03474
Qatar,QAT,1985,9.599014
Qatar,QAT,1986,12.040971
Qatar,QAT,1987,11.789599
Qatar,QAT,1988,12.888711
Qatar,QAT,1989,13.575521
Qatar,QAT,1990,13.632662
Qatar,QAT,1991,11.84232
Qatar,QAT,1992,13.675576
Qatar,QAT,1993,14.634062
Qatar,QAT,1994,16.94264
Qatar,QAT,1995,16.422976
Qatar,QAT,1996,18.12003
Qatar,QAT,1997,22.133371
Qatar,QAT,1998,23.50374
Qatar,QAT,1999,22.346224
Qatar,QAT,2000,21.87208
Qatar,QAT,2001,24.90919
Qatar,QAT,2002,28.160334
Qatar,QAT,2003,32.888073
Qatar,QAT,2004,40.44577
Qatar,QAT,2005,44.74746
Qatar,QAT,2006,57.56555
Qatar,QAT,2007,63.685043
Qatar,QAT,2008,77.1617
Qatar,QAT,2009,75.47389
Qatar,QAT,2010,81.08316
Qatar,QAT,2011,102.54465
Qatar,QAT,2012,108.15663
Qatar,QAT,2013,129.21953
Qatar,QAT,2014,136.32497
Qatar,QAT,2015,159.36671
Qatar,QAT,2016,168.92227
Qatar,QAT,2017,151.88354
Qatar,QAT,2018,154.9846
Qatar,QAT,2019,169.01854
Qatar,QAT,2020,126.878494
Qatar,QAT,2021,139.33305
Qatar,QAT,2022,163.93837
Qatar,QAT,2023,170.59053
Qatar,QAT,2024,175.95923
Qatar,QAT,2025,178.6584
Reunion,REU,1980,2.4946806
Reunion,REU,1981,2.4878647
Reunion,REU,1982,2.7192938
Reunion,REU,1983,3.1242952
Reunion,REU,1984,3.4809499
Reunion,REU,1985,3.4135816
Reunion,REU,1986,3.3013558
Reunion,REU,1987,3.7363317
Reunion,REU,1988,4.4632683
Reunion,REU,1989,4.839997
Reunion,REU,1990,5.0638185
Reunion,REU,1991,5.9624925
Reunion,REU,1992,6.157169
Reunion,REU,1993,7.8177147
Reunion,REU,1994,8.119565
Reunion,REU,1995,8.001062
Reunion,REU,1996,8.022984
Reunion,REU,1997,8.001062
Reunion,REU,1998,10.2906685
Reunion,REU,1999,10.2906685
Reunion,REU,2000,8.935474
Reunion,REU,2001,8.972156
Reunion,REU,2002,9.196808
Reunion,REU,2003,9.3420725
Reunion,REU,2004,10.472884
Reunion,REU,2005,9.911171
Reunion,REU,2006,9.203552
Reunion,REU,2007,8.775888
Reunion,REU,2008,9.849531
Reunion,REU,2009,10.305992
Reunion,REU,2010,11.269575
Reunion,REU,2011,10.986897
Romania,ROU,1965,84.556404
Romania,ROU,1966,88.13735
Romania,ROU,1967,99.876396
Romania,ROU,1968,105.33326
Romania,ROU,1969,117.42678
Romania,ROU,1970,127.266594
Romania,ROU,1971,129.28983
Romania,ROU,1972,138.00856
Romania,ROU,1973,155.25238
Romania,ROU,1974,142.95157
Romania,ROU,1975,162.52592
Romania,ROU,1976,181.33104
Romania,ROU,1977,195.90225
Romania,ROU,1978,217.8757
Romania,ROU,1979,231.76279
Romania,ROU,1980,219.39137
Romania,ROU,1981,196.67183
Romania,ROU,1982,193.75221
Romania,ROU,1983,173.10956
Romania,ROU,1984,165.70328
Romania,ROU,1985,177.1799
Romania,ROU,1986,189.89893
Romania,ROU,1987,209.30614
Romania,ROU,1988,196.1682
Romania,ROU,1989,202.27863
Romania,ROU,1990,216.67337
Romania,ROU,1991,175.61438
Romania,ROU,1992,146.87297
Romania,ROU,1993,139.33354
Romania,ROU,1994,136.17647
Romania,ROU,1995,146.86168
Romania,ROU,1996,159.50706
Romania,ROU,1997,163.27122
Romania,ROU,1998,142.51881
Romania,ROU,1999,118.32159
Romania,ROU,2000,120.05517
Romania,ROU,2001,137.34877
Romania,ROU,2002,130.82616
Romania,ROU,2003,125.55903
Romania,ROU,2004,129.61435
Romania,ROU,2005,125.47204
Romania,ROU,2006,121.664536
Romania,ROU,2007,122.22087
Romania,ROU,2008,119.390396
Romania,ROU,2009,106.2176
Romania,ROU,2010,100.407486
Romania,ROU,2011,105.37204
Romania,ROU,2012,106.799164
Romania,ROU,2013,100.08147
Romania,ROU,2014,102.853096
Romania,ROU,2015,104.67591
Romania,ROU,2016,109.50532
Romania,ROU,2017,115.11504
Romania,ROU,2018,115.10531
Romania,ROU,2019,120.50201
Romania,ROU,2020,116.62167
Romania,ROU,2021,125.23474
Romania,ROU,2022,126.70776
Romania,ROU,2023,131.32236
Romania,ROU,2024,137.8218
Romania,ROU,2025,133.6012
Russia,RUS,1985,2936.284
Russia,RUS,1986,2971.3591
Russia,RUS,1987,2995.656
Russia,RUS,1988,2972.0117
Russia,RUS,1989,3027.4558
Russia,RUS,1990,2984.632
Russia,RUS,1991,2908.4788
Russia,RUS,1992,2777.474
Russia,RUS,1993,2316.0288
Russia,RUS,1994,2046.0374
Russia,RUS,1995,1785.4498
Russia,RUS,1996,1539.5094
Russia,RUS,1997,1526.9076
Russia,RUS,1998,1462.641
Russia,RUS,1999,1495.316
Russia,RUS,2000,1465.8062
Russia,RUS,2001,1509.4218
Russia,RUS,2002,1456.2139
Russia,RUS,2003,1509.1854
Russia,RUS,2004,1488.4772
Russia,RUS,2005,1493.8192
Russia,RUS,2006,1569.5916
Russia,RUS,2007,1561.667
Russia,RUS,2008,1611.6493
Russia,RUS,2009,1546.3186
Russia,RUS,2010,1604.9197
Russia,RUS,2011,1721.7162
Russia,RUS,2012,1780.8062
Russia,RUS,2013,1785.0247
Russia,RUS,2014,1875.5392
Russia,RUS,2015,1812.3582
Russia,RUS,2016,1839.1206
Russia,RUS,2017,1833.1202
Russia,RUS,2018,1850.8489
Russia,RUS,2019,1888.737
Russia,RUS,2020,1815.7542
Russia,RUS,2021,1930.508
Russia,RUS,2022,1982.0867
Russia,RUS,2023,2005.4017
Russia,RUS,2024,1996.2903
Russia,RUS,2025,1993.5671
Rwanda,RWA,1980,0.6752065
Rwanda,RWA,1981,1.5303674
Rwanda,RWA,1982,1.4691527
Rwanda,RWA,1983,1.6527969
Rwanda,RWA,1984,2.700826
Rwanda,RWA,1985,2.7546613
Rwanda,RWA,1986,2.7881641
Rwanda,RWA,1987,2.7623706
Rwanda,RWA,1988,2.7442746
Rwanda,RWA,1989,2.8246813
Rwanda,RWA,1990,3.009467
Rwanda,RWA,1991,3.0701194
Rwanda,RWA,1992,3.0785306
Rwanda,RWA,1993,2.8267817
Rwanda,RWA,1994,2.8888252
Rwanda,RWA,1995,2.945017
Rwanda,RWA,1996,2.9530854
Rwanda,RWA,1997,2.945017
Rwanda,RWA,1998,2.945017
Rwanda,RWA,1999,2.945017
Rwanda,RWA,2000,2.4763777
Rwanda,RWA,2001,2.463681
Rwanda,RWA,2002,2.4980373
Rwanda,RWA,2003,2.4389694
Rwanda,RWA,2004,2.4380598
Rwanda,RWA,2005,2.4331045
Rwanda,RWA,2006,2.457102
Rwanda,RWA,2007,2.4843953
Rwanda,RWA,2008,2.550277
Rwanda,RWA,2009,2.638017
Rwanda,RWA,2010,2.9520566
Rwanda,RWA,2011,3.2730727
Rwanda,RWA,2012,3.6126187
Rwanda,RWA,2013,3.8242314
Rwanda,RWA,2014,3.9105082
Rwanda,RWA,2015,4.1658278
Rwanda,RWA,2016,4.220311
Rwanda,RWA,2017,4.240379
Rwanda,RWA,2018,3.9303703
Rwanda,RWA,2019,4.380032
Rwanda,RWA,2020,4.5265207
Rwanda,RWA,2021,5.2340765
Rwanda,RWA,2022,5.2671175
Rwanda,RWA,2023,5.570844
Rwanda,RWA,2024,5.7231045
Saint Helena,SHN,1980,0.013574702
Saint Helena,SHN,1981,0.012462115
Saint Helena,SHN,1982,0.012462115
Saint Helena,SHN,1983,0.012462115
Saint Helena,SHN,1984,0.012496257
Saint Helena,SHN,1985,0.012736281
Saint Helena,SHN,1986,0.01273005
Saint Helena,SHN,1987,0.025903778
Saint Helena,SHN,1988,0.025907015
Saint Helena,SHN,1989,0.025903778
Saint Helena,SHN,1990,0.025903778
Saint Helena,SHN,1991,0.01273005
Saint Helena,SHN,1992,0.012733687
Saint Helena,SHN,1993,0.01273005
Saint Helena,SHN,1994,0.01273005
Saint Helena,SHN,1995,0.01273005
Saint Helena,SHN,1996,0.012733687
Saint Helena,SHN,1997,0.01273005
Saint Helena,SHN,1998,0.01273005
Saint Helena,SHN,1999,0.012735257
Saint Helena,SHN,2000,0.051447507
Saint Helena,SHN,2001,0.051372137
Saint Helena,SHN,2002,0.053568866
Saint Helena,SHN,2003,0.05299995
Saint Helena,SHN,2004,0.034595445
Saint Helena,SHN,2005,0.04317923
Saint Helena,SHN,2006,0.039768886
Saint Helena,SHN,2007,0.050386753
Saint Helena,SHN,2008,0.041006707
Saint Helena,SHN,2009,0.038560074
Saint Helena,SHN,2010,0.043716818
Saint Helena,SHN,2011,0.04276981
Saint Helena,SHN,2012,0.047378305
Saint Helena,SHN,2013,0.04544818
Saint Helena,SHN,2014,0.043143936
Saint Helena,SHN,2015,0.039271522
Saint Helena,SHN,2016,0.039564595
Saint Helena,SHN,2017,0.042304035
Saint Helena,SHN,2018,0.05097385
Saint Helena,SHN,2019,0.057225056
Saint Helena,SHN,2020,0.0445175
Saint Helena,SHN,2021,0.0375512
Saint Helena,SHN,2022,0.043890323
Saint Helena,SHN,2023,0.044285968
Saint Helena,SHN,2024,0.044285968
Saint Kitts and Nevis,KNA,1980,0.24193378
Saint Kitts and Nevis,KNA,1981,0.24127276
Saint Kitts and Nevis,KNA,1982,0.24127276
Saint Kitts and Nevis,KNA,1983,0.24127276
Saint Kitts and Nevis,KNA,1984,0.24193378
Saint Kitts and Nevis,KNA,1985,0.24127276
Saint Kitts and Nevis,KNA,1986,0.20649932
Saint Kitts and Nevis,KNA,1987,0.20649932
Saint Kitts and Nevis,KNA,1988,0.21984309
Saint Kitts and Nevis,KNA,1989,0.21934552
Saint Kitts and Nevis,KNA,1990,0.21934552
Saint Kitts and Nevis,KNA,1991,0.2945023
Saint Kitts and Nevis,KNA,1992,0.29516926
Saint Kitts and Nevis,KNA,1993,0.35996792
Saint Kitts and Nevis,KNA,1994,0.42227846
Saint Kitts and Nevis,KNA,1995,0.35996792
Saint Kitts and Nevis,KNA,1996,0.42343542
Saint Kitts and Nevis,KNA,1997,0.42227846
Saint Kitts and Nevis,KNA,1998,0.42227846
Saint Kitts and Nevis,KNA,1999,0.42227846
Saint Kitts and Nevis,KNA,2000,0.77124125
Saint Kitts and Nevis,KNA,2001,0.7972201
Saint Kitts and Nevis,KNA,2002,0.87215835
Saint Kitts and Nevis,KNA,2003,0.8735624
Saint Kitts and Nevis,KNA,2004,0.9447932
Saint Kitts and Nevis,KNA,2005,0.8802193
Saint Kitts and Nevis,KNA,2006,0.91214526
Saint Kitts and Nevis,KNA,2007,0.964404
Saint Kitts and Nevis,KNA,2008,0.9633103
Saint Kitts and Nevis,KNA,2009,0.98575854
Saint Kitts and Nevis,KNA,2010,0.99274063
Saint Kitts and Nevis,KNA,2011,1.0260195
Saint Kitts and Nevis,KNA,2012,1.0127766
Saint Kitts and Nevis,KNA,2013,1.0089971
Saint Kitts and Nevis,KNA,2014,1.0219307
Saint Kitts and Nevis,KNA,2015,1.0471758
Saint Kitts and Nevis,KNA,2016,1.0756376
Saint Kitts and Nevis,KNA,2017,1.0832577
Saint Kitts and Nevis,KNA,2018,1.1005136
Saint Kitts and Nevis,KNA,2019,1.1175205
Saint Kitts and Nevis,KNA,2020,1.0392426
Saint Kitts and Nevis,KNA,2021,1.0325557
Saint Kitts and Nevis,KNA,2022,1.1217134
Saint Kitts and Nevis,KNA,2023,1.1361955
Saint Kitts and Nevis,KNA,2024,1.1597066
Saint Lucia,LCA,1980,0.4683577
Saint Lucia,LCA,1981,0.35030854
Saint Lucia,LCA,1982,0.46707806
Saint Lucia,LCA,1983,0.40869328
Saint Lucia,LCA,1984,0.409813
Saint Lucia,LCA,1985,0.5254628
Saint Lucia,LCA,1986,0.5271968
Saint Lucia,LCA,1987,0.5748212
Saint Lucia,LCA,1988,0.7337702
Saint Lucia,LCA,1989,0.7319771
Saint Lucia,LCA,1990,0.7319771
Saint Lucia,LCA,1991,0.7319771
Saint Lucia,LCA,1992,0.7337702
Saint Lucia,LCA,1993,0.7319771
Saint Lucia,LCA,1994,0.8645196
Saint Lucia,LCA,1995,0.8645196
Saint Lucia,LCA,1996,0.8666403
Saint Lucia,LCA,1997,0.8645196
Saint Lucia,LCA,1998,0.8645196
Saint Lucia,LCA,1999,0.8645301
Saint Lucia,LCA,2000,1.4649985
Saint Lucia,LCA,2001,1.5886993
Saint Lucia,LCA,2002,1.4355019
Saint Lucia,LCA,2003,1.5884622
Saint Lucia,LCA,2004,1.5941045
Saint Lucia,LCA,2005,1.644353
Saint Lucia,LCA,2006,1.6587404
Saint Lucia,LCA,2007,1.7149496
Saint Lucia,LCA,2008,1.7625865
Saint Lucia,LCA,2009,1.719357
Saint Lucia,LCA,2010,1.7970564
Saint Lucia,LCA,2011,1.8239789
Saint Lucia,LCA,2012,1.8153924
Saint Lucia,LCA,2013,1.8107122
Saint Lucia,LCA,2014,1.8282229
Saint Lucia,LCA,2015,1.8380123
Saint Lucia,LCA,2016,1.8576386
Saint Lucia,LCA,2017,2.0139794
Saint Lucia,LCA,2018,2.538101
Saint Lucia,LCA,2019,2.5052772
Saint Lucia,LCA,2020,2.3881865
Saint Lucia,LCA,2021,2.4820862
Saint Lucia,LCA,2022,2.5259035
Saint Lucia,LCA,2023,2.5872371
Saint Lucia,LCA,2024,2.6360154
Saint Pierre and Miquelon,SPM,1980,0.6239573
Saint Pierre and Miquelon,SPM,1981,0.62225246
Saint Pierre and Miquelon,SPM,1982,0.56002724
Saint Pierre and Miquelon,SPM,1983,0.62225246
Saint Pierre and Miquelon,SPM,1984,0.6239573
Saint Pierre and Miquelon,SPM,1985,0.56002724
Saint Pierre and Miquelon,SPM,1986,0.6893998
Saint Pierre and Miquelon,SPM,1987,0.88626677
Saint Pierre and Miquelon,SPM,1988,0.89010453
Saint Pierre and Miquelon,SPM,1989,1.074621
Saint Pierre and Miquelon,SPM,1990,1.0112432
Saint Pierre and Miquelon,SPM,1991,0.9499879
Saint Pierre and Miquelon,SPM,1992,0.87473804
Saint Pierre and Miquelon,SPM,1993,0.49848458
Saint Pierre and Miquelon,SPM,1994,0.50878376
Saint Pierre and Miquelon,SPM,1995,0.32185203
Saint Pierre and Miquelon,SPM,1996,0.3227027
Saint Pierre and Miquelon,SPM,1997,0.18693173
Saint Pierre and Miquelon,SPM,1998,0.24924229
Saint Pierre and Miquelon,SPM,1999,0.24924229
Saint Pierre and Miquelon,SPM,2000,0.28136575
Saint Pierre and Miquelon,SPM,2001,0.28136575
Saint Pierre and Miquelon,SPM,2002,0.30683625
Saint Pierre and Miquelon,SPM,2003,0.34543872
Saint Pierre and Miquelon,SPM,2004,0.33270347
Saint Pierre and Miquelon,SPM,2005,0.34543872
Saint Pierre and Miquelon,SPM,2006,0.34543872
Saint Pierre and Miquelon,SPM,2007,0.358174
Saint Pierre and Miquelon,SPM,2008,0.358174
Saint Pierre and Miquelon,SPM,2009,0.358174
Saint Pierre and Miquelon,SPM,2010,0.37090924
Saint Pierre and Miquelon,SPM,2011,0.37345627
Saint Pierre and Miquelon,SPM,2012,0.3683622
Saint Pierre and Miquelon,SPM,2013,0.37727687
Saint Pierre and Miquelon,SPM,2014,0.39900613
Saint Pierre and Miquelon,SPM,2015,0.39900613
Saint Pierre and Miquelon,SPM,2016,0.40624097
Saint Pierre and Miquelon,SPM,2017,0.39900613
Saint Pierre and Miquelon,SPM,2018,0.28608045
Saint Pierre and Miquelon,SPM,2019,0.305805
Saint Pierre and Miquelon,SPM,2020,0.28751513
Saint Pierre and Miquelon,SPM,2021,0.25711852
Saint Pierre and Miquelon,SPM,2022,0.2478678
Saint Pierre and Miquelon,SPM,2023,0.29704803
Saint Pierre and Miquelon,SPM,2024,0.30177468
Saint Vincent and the Grenadines,VCT,1980,0.17289694
Saint Vincent and the Grenadines,VCT,1981,0.17242454
Saint Vincent and the Grenadines,VCT,1982,0.17242454
Saint Vincent and the Grenadines,VCT,1983,0.17242454
Saint Vincent and the Grenadines,VCT,1984,0.17289694
Saint Vincent and the Grenadines,VCT,1985,0.17242454
Saint Vincent and the Grenadines,VCT,1986,0.14538263
Saint Vincent and the Grenadines,VCT,1987,0.14538263
Saint Vincent and the Grenadines,VCT,1988,0.17367959
Saint Vincent and the Grenadines,VCT,1989,0.27792513
Saint Vincent and the Grenadines,VCT,1990,0.29305127
Saint Vincent and the Grenadines,VCT,1991,0.27792513
Saint Vincent and the Grenadines,VCT,1992,0.3410577
Saint Vincent and the Grenadines,VCT,1993,0.27792513
Saint Vincent and the Grenadines,VCT,1994,0.51332957
Saint Vincent and the Grenadines,VCT,1995,0.5695214
Saint Vincent and the Grenadines,VCT,1996,0.51448464
Saint Vincent and the Grenadines,VCT,1997,0.60363847
Saint Vincent and the Grenadines,VCT,1998,0.6642239
Saint Vincent and the Grenadines,VCT,1999,0.66423035
Saint Vincent and the Grenadines,VCT,2000,0.6263303
Saint Vincent and the Grenadines,VCT,2001,0.7538215
Saint Vincent and the Grenadines,VCT,2002,0.81161386
Saint Vincent and the Grenadines,VCT,2003,0.85692054
Saint Vincent and the Grenadines,VCT,2004,0.9361157
Saint Vincent and the Grenadines,VCT,2005,0.9430738
Saint Vincent and the Grenadines,VCT,2006,0.94434726
Saint Vincent and the Grenadines,VCT,2007,0.9651646
Saint Vincent and the Grenadines,VCT,2008,0.9637069
Saint Vincent and the Grenadines,VCT,2009,1.3211164
Saint Vincent and the Grenadines,VCT,2010,0.9507379
Saint Vincent and the Grenadines,VCT,2011,0.87904596
Saint Vincent and the Grenadines,VCT,2012,1.0822698
Saint Vincent and the Grenadines,VCT,2013,0.87805086
Saint Vincent and the Grenadines,VCT,2014,0.93674517
Saint Vincent and the Grenadines,VCT,2015,0.94653165
Saint Vincent and the Grenadines,VCT,2016,0.94795525
Saint Vincent and the Grenadines,VCT,2017,1.0878114
Saint Vincent and the Grenadines,VCT,2018,1.0395466
Saint Vincent and the Grenadines,VCT,2019,0.9531726
Saint Vincent and the Grenadines,VCT,2020,1.0203387
Saint Vincent and the Grenadines,VCT,2021,1.0085953
Saint Vincent and the Grenadines,VCT,2022,1.0519317
Saint Vincent and the Grenadines,VCT,2023,1.0602198
Saint Vincent and the Grenadines,VCT,2024,1.1179553
Samoa,WSM,1980,0.4172999
Samoa,WSM,1981,0.41615975
Samoa,WSM,1982,0.47561112
Samoa,WSM,1983,0.47561112
Samoa,WSM,1984,0.59614277
Samoa,WSM,1985,0.47561112
Samoa,WSM,1986,0.41615975
Samoa,WSM,1987,0.41615975
Samoa,WSM,1988,0.4172999
Samoa,WSM,1989,0.5346621
Samoa,WSM,1990,0.5346621
Samoa,WSM,1991,0.5346621
Samoa,WSM,1992,0.47978118
Samoa,WSM,1993,0.5346621
Samoa,WSM,1994,0.5346621
Samoa,WSM,1995,0.5346621
Samoa,WSM,1996,0.536127
Samoa,WSM,1997,0.5346621
Samoa,WSM,1998,0.5346621
Samoa,WSM,1999,0.5346621
Samoa,WSM,2000,0.8248545
Samoa,WSM,2001,0.8477913
Samoa,WSM,2002,0.86381596
Samoa,WSM,2003,0.89765596
Samoa,WSM,2004,0.91116375
Samoa,WSM,2005,0.92465425
Samoa,WSM,2006,0.95859474
Samoa,WSM,2007,1.0300549
Samoa,WSM,2008,1.058119
Samoa,WSM,2009,1.1131068
Samoa,WSM,2010,1.1134175
Samoa,WSM,2011,1.1234459
Samoa,WSM,2012,1.1363702
Samoa,WSM,2013,1.113562
Samoa,WSM,2014,1.1333879
Samoa,WSM,2015,1.3121669
Samoa,WSM,2016,1.3859727
Samoa,WSM,2017,1.318243
Samoa,WSM,2018,1.341008
Samoa,WSM,2019,1.4423928
Samoa,WSM,2020,1.2264166
Samoa,WSM,2021,1.2090245
Samoa,WSM,2022,1.2593187
Samoa,WSM,2023,1.3373419
Samoa,WSM,2024,1.3713876
Sao Tome and Principe,STP,1980,0.11909607
Sao Tome and Principe,STP,1981,0.11877067
Sao Tome and Principe,STP,1982,0.11877067
Sao Tome and Principe,STP,1983,0.11877067
Sao Tome and Principe,STP,1984,0.11909607
Sao Tome and Principe,STP,1985,0.11877067
Sao Tome and Principe,STP,1986,0.13134255
Sao Tome and Principe,STP,1987,0.13134255
Sao Tome and Principe,STP,1988,0.13167198
Sao Tome and Principe,STP,1989,0.13134255
Sao Tome and Principe,STP,1990,0.25596368
Sao Tome and Principe,STP,1991,0.27108982
Sao Tome and Principe,STP,1992,0.27175856
Sao Tome and Principe,STP,1993,0.27108982
Sao Tome and Principe,STP,1994,0.3334004
Sao Tome and Principe,STP,1995,0.3334004
Sao Tome and Principe,STP,1996,0.33423987
Sao Tome and Principe,STP,1997,0.3334004
Sao Tome and Principe,STP,1998,0.3334004
Sao Tome and Principe,STP,1999,0.3334075
Sao Tome and Principe,STP,2000,0.26217192
Sao Tome and Principe,STP,2001,0.2608092
Sao Tome and Principe,STP,2002,0.2909977
Sao Tome and Principe,STP,2003,0.32334813
Sao Tome and Principe,STP,2004,0.3716718
Sao Tome and Principe,STP,2005,0.39977002
Sao Tome and Principe,STP,2006,0.41438365
Sao Tome and Principe,STP,2007,0.42641637
Sao Tome and Principe,STP,2008,0.46825448
Sao Tome and Principe,STP,2009,0.5023798
Sao Tome and Principe,STP,2010,0.5485919
Sao Tome and Principe,STP,2011,0.5654669
Sao Tome and Principe,STP,2012,0.5987879
Sao Tome and Principe,STP,2013,0.5987879
Sao Tome and Principe,STP,2014,0.5987879
Sao Tome and Principe,STP,2015,0.62182206
Sao Tome and Principe,STP,2016,0.6460211
Sao Tome and Principe,STP,2017,0.65736055
Sao Tome and Principe,STP,2018,0.62550163
Sao Tome and Principe,STP,2019,0.6573291
Sao Tome and Principe,STP,2020,0.63036066
Sao Tome and Principe,STP,2021,0.6530239
Sao Tome and Principe,STP,2022,0.5758964
Sao Tome and Principe,STP,2023,0.65876514
Sao Tome and Principe,STP,2024,0.7358804
Saudi Arabia,SAU,1965,229.13556
Saudi Arabia,SAU,1966,231.1016
Saudi Arabia,SAU,1967,233.06764
Saudi Arabia,SAU,1968,235.05855
Saudi Arabia,SAU,1969,237.07053
Saudi Arabia,SAU,1970,247.49394
Saudi Arabia,SAU,1971,250.4564
Saudi Arabia,SAU,1972,267.64355
Saudi Arabia,SAU,1973,283.90036
Saudi Arabia,SAU,1974,297.71277
Saudi Arabia,SAU,1975,227.51585
Saudi Arabia,SAU,1976,265.00204
Saudi Arabia,SAU,1977,306.651
Saudi Arabia,SAU,1978,331.40424
Saudi Arabia,SAU,1979,400.6283
Saudi Arabia,SAU,1980,327.53833
Saudi Arabia,SAU,1981,393.52573
Saudi Arabia,SAU,1982,437.69144
Saudi Arabia,SAU,1983,486.50903
Saudi Arabia,SAU,1984,542.398
Saudi Arabia,SAU,1985,551.1338
Saudi Arabia,SAU,1986,545.259
Saudi Arabia,SAU,1987,577.13806
Saudi Arabia,SAU,1988,593.8246
Saudi Arabia,SAU,1989,573.4453
Saudi Arabia,SAU,1990,609.89703
Saudi Arabia,SAU,1991,638.3373
Saudi Arabia,SAU,1992,618.3813
Saudi Arabia,SAU,1993,622.47034
Saudi Arabia,SAU,1994,753.26544
Saudi Arabia,SAU,1995,722.1709
Saudi Arabia,SAU,1996,746.65784
Saudi Arabia,SAU,1997,759.519
Saudi Arabia,SAU,1998,807.787
Saudi Arabia,SAU,1999,836.53033
Saudi Arabia,SAU,2000,861.68463
Saudi Arabia,SAU,2001,912.18567
Saudi Arabia,SAU,2002,942.5885
Saudi Arabia,SAU,2003,998.4375
Saudi Arabia,SAU,2004,1078.3237
Saudi Arabia,SAU,2005,1134.0006
Saudi Arabia,SAU,2006,1202.0599
Saudi Arabia,SAU,2007,1236.4219
Saudi Arabia,SAU,2008,1363.5358
Saudi Arabia,SAU,2009,1459.5881
Saudi Arabia,SAU,2010,1617.5393
Saudi Arabia,SAU,2011,1680.0405
Saudi Arabia,SAU,2012,1769.6074
Saudi Arabia,SAU,2013,1779.6705
Saudi Arabia,SAU,2014,1957.39
Saudi Arabia,SAU,2015,2063.1904
Saudi Arabia,SAU,2016,2125.6958
Saudi Arabia,SAU,2017,2087.7917
Saudi Arabia,SAU,2018,1979.1284
Saudi Arabia,SAU,2019,1855.6122
Saudi Arabia,SAU,2020,1754.3173
Saudi Arabia,SAU,2021,1833.8433
Saudi Arabia,SAU,2022,1956.8835
Saudi Arabia,SAU,2023,1994.0145
Saudi Arabia,SAU,2024,2031.2227
Saudi Arabia,SAU,2025,1981.2086
Senegal,SEN,1980,10.245535
Senegal,SEN,1981,10.217542
Senegal,SEN,1982,10.217542
Senegal,SEN,1983,9.616509
Senegal,SEN,1984,12.053571
Senegal,SEN,1985,11.419605
Senegal,SEN,1986,11.720121
Senegal,SEN,1987,11.861568
Senegal,SEN,1988,10.167631
Senegal,SEN,1989,10.511039
Senegal,SEN,1990,10.504878
Senegal,SEN,1991,9.688947
Senegal,SEN,1992,11.766079
Senegal,SEN,1993,12.085149
Senegal,SEN,1994,14.457861
Senegal,SEN,1995,15.592298
Senegal,SEN,1996,15.635552
Senegal,SEN,1997,14.405284
Senegal,SEN,1998,15.357165
Senegal,SEN,1999,16.959986
Senegal,SEN,2000,19.283758
Senegal,SEN,2001,21.04184
Senegal,SEN,2002,20.472448
Senegal,SEN,2003,20.245537
Senegal,SEN,2004,21.686296
Senegal,SEN,2005,22.465181
Senegal,SEN,2006,22.01734
Senegal,SEN,2007,23.205221
Senegal,SEN,2008,24.043274
Senegal,SEN,2009,22.173206
Senegal,SEN,2010,23.225891
Senegal,SEN,2011,24.39407
Senegal,SEN,2012,23.697712
Senegal,SEN,2013,24.51029
Senegal,SEN,2014,26.79856
Senegal,SEN,2015,31.673937
Senegal,SEN,2016,30.218792
Senegal,SEN,2017,31.484365
Senegal,SEN,2018,33.103523
Senegal,SEN,2019,33.759163
Senegal,SEN,2020,30.22421
Senegal,SEN,2021,35.680073
Senegal,SEN,2022,40.794632
Senegal,SEN,2023,45.857975
Senegal,SEN,2024,46.9656
Serbia,SRB,2006,54.221245
Serbia,SRB,2007,55.036366
Serbia,SRB,2008,51.45021
Serbia,SRB,2009,49.454273
Serbia,SRB,2010,47.98558
Serbia,SRB,2011,47.618954
Serbia,SRB,2012,41.80684
Serbia,SRB,2013,43.485855
Serbia,SRB,2014,41.59111
Serbia,SRB,2015,43.46562
Serbia,SRB,2016,44.343185
Serbia,SRB,2017,44.08013
Serbia,SRB,2018,45.64308
Serbia,SRB,2019,47.24197
Serbia,SRB,2020,43.68928
Serbia,SRB,2021,48.799877
Serbia,SRB,2022,53.405895
Serbia,SRB,2023,51.985497
Serbia,SRB,2024,52.88022
Serbia and Montenegro,OWID_SRM,1992,34.94456
Serbia and Montenegro,OWID_SRM,1993,20.883398
Serbia and Montenegro,OWID_SRM,1994,20.306356
Serbia and Montenegro,OWID_SRM,1995,16.950024
Serbia and Montenegro,OWID_SRM,1996,30.728527
Serbia and Montenegro,OWID_SRM,1997,41.52762
Serbia and Montenegro,OWID_SRM,1998,38.71531
Serbia and Montenegro,OWID_SRM,1999,35.344753
Serbia and Montenegro,OWID_SRM,2000,38.313736
Serbia and Montenegro,OWID_SRM,2001,49.898613
Serbia and Montenegro,OWID_SRM,2002,51.03976
Serbia and Montenegro,OWID_SRM,2003,51.688248
Serbia and Montenegro,OWID_SRM,2004,51.495937
Serbia and Montenegro,OWID_SRM,2005,51.928864
Seychelles,SYC,1980,0.9391766
Seychelles,SYC,1981,0.74928844
Seychelles,SYC,1982,0.68684775
Seychelles,SYC,1983,1.1863735
Seychelles,SYC,1984,1.2522355
Seychelles,SYC,1985,1.3112549
Seychelles,SYC,1986,1.2456359
Seychelles,SYC,1987,1.3155032
Seychelles,SYC,1988,1.9421709
Seychelles,SYC,1989,2.0209935
Seychelles,SYC,1990,1.8049726
Seychelles,SYC,1991,2.0465672
Seychelles,SYC,1992,2.0292149
Seychelles,SYC,1993,2.0861154
Seychelles,SYC,1994,2.0861154
Seychelles,SYC,1995,2.159614
Seychelles,SYC,1996,2.1653597
Seychelles,SYC,1997,2.2935088
Seychelles,SYC,1998,2.2935088
Seychelles,SYC,1999,2.293514
Seychelles,SYC,2000,3.7609558
Seychelles,SYC,2001,4.0456696
Seychelles,SYC,2002,3.5229075
Seychelles,SYC,2003,3.5142403
Seychelles,SYC,2004,4.9049377
Seychelles,SYC,2005,4.46787
Seychelles,SYC,2006,4.7467804
Seychelles,SYC,2007,3.9024446
Seychelles,SYC,2008,4.254021
Seychelles,SYC,2009,4.6369734
Seychelles,SYC,2010,4.1934
Seychelles,SYC,2011,3.6006184
Seychelles,SYC,2012,4.143042
Seychelles,SYC,2013,3.7227228
Seychelles,SYC,2014,4.3541255
Seychelles,SYC,2015,4.5111256
Seychelles,SYC,2016,5.0259733
Seychelles,SYC,2017,5.239588
Seychelles,SYC,2018,4.2199244
Seychelles,SYC,2019,3.7901063
Seychelles,SYC,2020,3.5296426
Seychelles,SYC,2021,3.3283377
Seychelles,SYC,2022,3.5211902
Seychelles,SYC,2023,3.8838422
Seychelles,SYC,2024,4.025682
Sierra Leone,SLE,1980,3.1388664
Sierra Leone,SLE,1981,3.1302903
Sierra Leone,SLE,1982,3.3807135
Sierra Leone,SLE,1983,3.1302903
Sierra Leone,SLE,1984,3.1388664
Sierra Leone,SLE,1985,3.4433193
Sierra Leone,SLE,1986,3.635325
Sierra Leone,SLE,1987,3.98345
Sierra Leone,SLE,1988,4.3340583
Sierra Leone,SLE,1989,4.2147117
Sierra Leone,SLE,1990,4.277035
Sierra Leone,SLE,1991,4.5308127
Sierra Leone,SLE,1992,3.274965
Sierra Leone,SLE,1993,3.2696075
Sierra Leone,SLE,1994,3.1036978
Sierra Leone,SLE,1995,3.5694613
Sierra Leone,SLE,1996,3.5170188
Sierra Leone,SLE,1997,3.697415
Sierra Leone,SLE,1998,3.697433
Sierra Leone,SLE,1999,3.697433
Sierra Leone,SLE,2000,1.8312675
Sierra Leone,SLE,2001,2.308792
Sierra Leone,SLE,2002,2.3210192
Sierra Leone,SLE,2003,2.3859608
Sierra Leone,SLE,2004,2.381233
Sierra Leone,SLE,2005,2.1464317
Sierra Leone,SLE,2006,2.649237
Sierra Leone,SLE,2007,2.4609168
Sierra Leone,SLE,2008,2.4205337
Sierra Leone,SLE,2009,2.4309726
Sierra Leone,SLE,2010,2.5980866
Sierra Leone,SLE,2011,3.3066475
Sierra Leone,SLE,2012,3.8224518
Sierra Leone,SLE,2013,4.5309324
Sierra Leone,SLE,2014,4.9627256
Sierra Leone,SLE,2015,3.9826283
Sierra Leone,SLE,2016,4.078344
Sierra Leone,SLE,2017,4.0266404
Sierra Leone,SLE,2018,4.3980293
Sierra Leone,SLE,2019,4.800621
Sierra Leone,SLE,2020,5.048797
Sierra Leone,SLE,2021,6.272887
Sierra Leone,SLE,2022,6.1490326
Sierra Leone,SLE,2023,6.5362735
Sierra Leone,SLE,2024,6.748958
Singapore,SGP,1965,47.841488
Singapore,SGP,1966,54.685574
Singapore,SGP,1967,65.72113
Singapore,SGP,1968,81.66476
Singapore,SGP,1969,80.28362
Singapore,SGP,1970,87.17049
Singapore,SGP,1971,75.6517
Singapore,SGP,1972,94.752754
Singapore,SGP,1973,89.27612
Singapore,SGP,1974,87.99668
Singapore,SGP,1975,85.97112
Singapore,SGP,1976,101.95272
Singapore,SGP,1977,102.324135
Singapore,SGP,1978,105.32004
Singapore,SGP,1979,112.32548
Singapore,SGP,1980,111.53652
Singapore,SGP,1981,128.3062
Singapore,SGP,1982,124.87468
Singapore,SGP,1983,132.27364
Singapore,SGP,1984,139.04439
Singapore,SGP,1985,141.7617
Singapore,SGP,1986,164.40309
Singapore,SGP,1987,172.8289
Singapore,SGP,1988,199.9983
Singapore,SGP,1989,228.1219
Singapore,SGP,1990,272.58282
Singapore,SGP,1991,277.38525
Singapore,SGP,1992,287.14056
Singapore,SGP,1993,310.94153
Singapore,SGP,1994,357.7661
Singapore,SGP,1995,373.77563
Singapore,SGP,1996,377.44174
Singapore,SGP,1997,397.76855
Singapore,SGP,1998,403.47717
Singapore,SGP,1999,399.2941
Singapore,SGP,2000,425.65808
Singapore,SGP,2001,455.65408
Singapore,SGP,2002,433.57513
Singapore,SGP,2003,401.47992
Singapore,SGP,2004,450.03885
Singapore,SGP,2005,478.8211
Singapore,SGP,2006,515.75745
Singapore,SGP,2007,565.32025
Singapore,SGP,2008,601.7366
Singapore,SGP,2009,648.4628
Singapore,SGP,2010,730.60547
Singapore,SGP,2011,762.96924
Singapore,SGP,2012,762.16626
Singapore,SGP,2013,747.8612
Singapore,SGP,2014,759.87036
Singapore,SGP,2015,811.2188
Singapore,SGP,2016,843.3633
Singapore,SGP,2017,874.1918
Singapore,SGP,2018,885.29626
Singapore,SGP,2019,859.50146
Singapore,SGP,2020,796.4289
Singapore,SGP,2021,788.3909
Singapore,SGP,2022,775.13043
Singapore,SGP,2023,837.6018
Singapore,SGP,2024,882.5105
Singapore,SGP,2025,882.3997
Slovakia,SVK,1965,27.0471
Slovakia,SVK,1966,29.85093
Slovakia,SVK,1967,33.213135
Slovakia,SVK,1968,36.702866
Slovakia,SVK,1969,39.373753
Slovakia,SVK,1970,47.31742
Slovakia,SVK,1971,52.108093
Slovakia,SVK,1972,56.999817
Slovakia,SVK,1973,64.09421
Slovakia,SVK,1974,65.71883
Slovakia,SVK,1975,72.499275
Slovakia,SVK,1976,76.63874
Slovakia,SVK,1977,80.18542
Slovakia,SVK,1978,82.978584
Slovakia,SVK,1979,84.33484
Slovakia,SVK,1980,78.43337
Slovakia,SVK,1981,77.34563
Slovakia,SVK,1982,70.84797
Slovakia,SVK,1983,69.36173
Slovakia,SVK,1984,73.744385
Slovakia,SVK,1985,73.22342
Slovakia,SVK,1986,70.87256
Slovakia,SVK,1987,69.351006
Slovakia,SVK,1988,67.788506
Slovakia,SVK,1989,67.18965
Slovakia,SVK,1990,58.420727
Slovakia,SVK,1991,49.55168
Slovakia,SVK,1992,42.951405
Slovakia,SVK,1993,33.36839
Slovakia,SVK,1994,36.82294
Slovakia,SVK,1995,39.64983
Slovakia,SVK,1996,38.814495
Slovakia,SVK,1997,40.99949
Slovakia,SVK,1998,39.838615
Slovakia,SVK,1999,36.418842
Slovakia,SVK,2000,34.078724
Slovakia,SVK,2001,39.468822
Slovakia,SVK,2002,45.387634
Slovakia,SVK,2003,42.271263
Slovakia,SVK,2004,42.210953
Slovakia,SVK,2005,44.068268
Slovakia,SVK,2006,43.858025
Slovakia,SVK,2007,46.044487
Slovakia,SVK,2008,48.104984
Slovakia,SVK,2009,43.69808
Slovakia,SVK,2010,45.80158
Slovakia,SVK,2011,45.289116
Slovakia,SVK,2012,41.787235
Slovakia,SVK,2013,41.750195
Slovakia,SVK,2014,38.73857
Slovakia,SVK,2015,42.231773
Slovakia,SVK,2016,44.63993
Slovakia,SVK,2017,49.168777
Slovakia,SVK,2018,49.682873
Slovakia,SVK,2019,47.017704
Slovakia,SVK,2020,46.984623
Slovakia,SVK,2021,49.438286
Slovakia,SVK,2022,50.027363
Slovakia,SVK,2023,49.066074
Slovakia,SVK,2024,44.43062
Slovakia,SVK,2025,46.51993
Slovenia,SVN,1990,20.606436
Slovenia,SVN,1991,19.971743
Slovenia,SVN,1992,19.281378
Slovenia,SVN,1993,22.990038
Slovenia,SVN,1994,24.766712
Slovenia,SVN,1995,27.279135
Slovenia,SVN,1996,32.16087
Slovenia,SVN,1997,31.756687
Slovenia,SVN,1998,29.641819
Slovenia,SVN,1999,29.873102
Slovenia,SVN,2000,28.335773
Slovenia,SVN,2001,29.408028
Slovenia,SVN,2002,28.555616
Slovenia,SVN,2003,28.93552
Slovenia,SVN,2004,29.82088
Slovenia,SVN,2005,30.444403
Slovenia,SVN,2006,31.640657
Slovenia,SVN,2007,31.267454
Slovenia,SVN,2008,36.390366
Slovenia,SVN,2009,30.854256
Slovenia,SVN,2010,30.972471
Slovenia,SVN,2011,30.851475
Slovenia,SVN,2012,30.20445
Slovenia,SVN,2013,28.55647
Slovenia,SVN,2014,28.241379
Slovenia,SVN,2015,27.81775
Slovenia,SVN,2016,29.852818
Slovenia,SVN,2017,30.5679
Slovenia,SVN,2018,31.68107
Slovenia,SVN,2019,30.317005
Slovenia,SVN,2020,25.189037
Slovenia,SVN,2021,26.98625
Slovenia,SVN,2022,28.227678
Slovenia,SVN,2023,26.136494
Slovenia,SVN,2024,27.45618
Slovenia,SVN,2025,28.994057
Solomon Islands,SLB,1980,0.4318388
Solomon Islands,SLB,1981,0.61522704
Solomon Islands,SLB,1982,0.5537043
Solomon Islands,SLB,1983,0.61522704
Solomon Islands,SLB,1984,0.6169126
Solomon Islands,SLB,1985,0.5537043
Solomon Islands,SLB,1986,0.505206
Solomon Islands,SLB,1987,0.5888782
Solomon Islands,SLB,1988,0.7056485
Solomon Islands,SLB,1989,0.7039742
Solomon Islands,SLB,1990,0.7039742
Solomon Islands,SLB,1991,0.7039742
Solomon Islands,SLB,1992,0.7056485
Solomon Islands,SLB,1993,0.7039742
Solomon Islands,SLB,1994,0.7039742
Solomon Islands,SLB,1995,0.7039742
Solomon Islands,SLB,1996,0.7056485
Solomon Islands,SLB,1997,0.7039742
Solomon Islands,SLB,1998,0.7039742
Solomon Islands,SLB,1999,0.70398057
Solomon Islands,SLB,2000,1.0562663
Solomon Islands,SLB,2001,1.1048013
Solomon Islands,SLB,2002,1.1416956
Solomon Islands,SLB,2003,1.1932362
Solomon Islands,SLB,2004,1.2691123
Solomon Islands,SLB,2005,1.300733
Solomon Islands,SLB,2006,1.3464676
Solomon Islands,SLB,2007,1.432628
Solomon Islands,SLB,2008,1.4539545
Solomon Islands,SLB,2009,1.5021228
Solomon Islands,SLB,2010,1.5507745
Solomon Islands,SLB,2011,1.6046249
Solomon Islands,SLB,2012,1.6094626
Solomon Islands,SLB,2013,1.6027929
Solomon Islands,SLB,2014,1.5044639
Solomon Islands,SLB,2015,1.3733606
Solomon Islands,SLB,2016,1.31796
Solomon Islands,SLB,2017,1.307335
Solomon Islands,SLB,2018,1.3386688
Solomon Islands,SLB,2019,1.3176533
Solomon Islands,SLB,2020,1.2899874
Solomon Islands,SLB,2021,1.2757999
Solomon Islands,SLB,2022,1.2344651
Solomon Islands,SLB,2023,1.2607273
Solomon Islands,SLB,2024,1.3265071
Somalia,SOM,1980,4.8252993
Somalia,SOM,1981,5.6039824
Somalia,SOM,1982,5.5430694
Somalia,SOM,1983,5.4212437
Somalia,SOM,1984,5.6193357
Somalia,SOM,1985,5.5430694
Somalia,SOM,1986,5.915064
Somalia,SOM,1987,4.3701386
Somalia,SOM,1988,4.383528
Somalia,SOM,1989,4.490098
Somalia,SOM,1990,4.0684986
Somalia,SOM,1991,2.4244938
Somalia,SOM,1992,2.2531505
Somalia,SOM,1993,2.371361
Somalia,SOM,1994,2.371361
Somalia,SOM,1995,2.371361
Somalia,SOM,1996,2.377858
Somalia,SOM,1997,2.371361
Somalia,SOM,1998,2.371361
Somalia,SOM,1999,2.3713622
Somalia,SOM,2000,2.966189
Somalia,SOM,2001,3.0154188
Somalia,SOM,2002,3.2598057
Somalia,SOM,2003,3.2598057
Somalia,SOM,2004,3.2621098
Somalia,SOM,2005,3.2936735
Somalia,SOM,2006,3.3188102
Somalia,SOM,2007,3.3664858
Somalia,SOM,2008,3.3308442
Somalia,SOM,2009,3.3219943
Somalia,SOM,2010,3.405021
Somalia,SOM,2011,3.405021
Somalia,SOM,2012,3.405021
Somalia,SOM,2013,3.405021
Somalia,SOM,2014,3.405021
Somalia,SOM,2015,3.5306273
Somalia,SOM,2016,3.5945165
Somalia,SOM,2017,3.5811646
Somalia,SOM,2018,5.0321035
Somalia,SOM,2019,5.212114
Somalia,SOM,2020,5.649909
Somalia,SOM,2021,5.7804694
Somalia,SOM,2022,6.331241
Somalia,SOM,2023,6.551683
Somalia,SOM,2024,6.7114024
South Africa,ZAF,1965,67.35819
South Africa,ZAF,1966,73.19014
South Africa,ZAF,1967,79.76973
South Africa,ZAF,1968,86.71
South Africa,ZAF,1969,95.325165
South Africa,ZAF,1970,103.30021
South Africa,ZAF,1971,112.90513
South Africa,ZAF,1972,123.06213
South Africa,ZAF,1973,135.76929
South Africa,ZAF,1974,132.2976
South Africa,ZAF,1975,140.55472
South Africa,ZAF,1976,142.11978
South Africa,ZAF,1977,140.73819
South Africa,ZAF,1978,147.81738
South Africa,ZAF,1979,140.08987
South Africa,ZAF,1980,144.07216
South Africa,ZAF,1981,156.1146
South Africa,ZAF,1982,158.24547
South Africa,ZAF,1983,159.86389
South Africa,ZAF,1984,174.05658
South Africa,ZAF,1985,170.03987
South Africa,ZAF,1986,164.14243
South Africa,ZAF,1987,173.64066
South Africa,ZAF,1988,191.27434
South Africa,ZAF,1989,198.1788
South Africa,ZAF,1990,200.10172
South Africa,ZAF,1991,201.7545
South Africa,ZAF,1992,208.36374
South Africa,ZAF,1993,216.77267
South Africa,ZAF,1994,226.23352
South Africa,ZAF,1995,241.26068
South Africa,ZAF,1996,248.50722
South Africa,ZAF,1997,252.60281
South Africa,ZAF,1998,256.45294
South Africa,ZAF,1999,259.98068
South Africa,ZAF,2000,264.2983
South Africa,ZAF,2001,269.9824
South Africa,ZAF,2002,276.9421
South Africa,ZAF,2003,286.9232
South Africa,ZAF,2004,297.69238
South Africa,ZAF,2005,298.21884
South Africa,ZAF,2006,304.0121
South Africa,ZAF,2007,310.24753
South Africa,ZAF,2008,294.21274
South Africa,ZAF,2009,288.54617
South Africa,ZAF,2010,302.4367
South Africa,ZAF,2011,306.0354
South Africa,ZAF,2012,313.72104
South Africa,ZAF,2013,319.58032
South Africa,ZAF,2014,316.09113
South Africa,ZAF,2015,344.80014
South Africa,ZAF,2016,331.5981
South Africa,ZAF,2017,332.06955
South Africa,ZAF,2018,325.73
South Africa,ZAF,2019,322.70734
South Africa,ZAF,2020,273.8734
South Africa,ZAF,2021,286.45642
South Africa,ZAF,2022,285.24384
South Africa,ZAF,2023,288.39734
South Africa,ZAF,2024,265.71786
South Africa,ZAF,2025,272.42102
South America,OWID_SAM,1980,1576.4979
South America,OWID_SAM,1981,1547.2291
South America,OWID_SAM,1982,1524.6838
South America,OWID_SAM,1983,1440.5073
South America,OWID_SAM,1984,1435.4691
South America,OWID_SAM,1985,1421.794
South America,OWID_SAM,1986,1551.2063
South America,OWID_SAM,1987,1565.2697
South America,OWID_SAM,1988,1599.0604
South America,OWID_SAM,1989,1569.1127
South America,OWID_SAM,1990,1757.106
South America,OWID_SAM,1991,1655.3463
South America,OWID_SAM,1992,1743.886
South America,OWID_SAM,1993,1833.0729
South America,OWID_SAM,1994,1890.2523
South America,OWID_SAM,1995,1982.8053
South America,OWID_SAM,1996,2108.8274
South America,OWID_SAM,1997,2228.0293
South America,OWID_SAM,1998,2317.7402
South America,OWID_SAM,1999,2331.611
South America,OWID_SAM,2000,2417.8032
South America,OWID_SAM,2001,2421.629
South America,OWID_SAM,2002,2380.4773
South America,OWID_SAM,2003,2350.0134
South America,OWID_SAM,2004,2511.644
South America,OWID_SAM,2005,2574.1338
South America,OWID_SAM,2006,2686.1802
South America,OWID_SAM,2007,2821.792
South America,OWID_SAM,2008,3029.0237
South America,OWID_SAM,2009,3010.0503
South America,OWID_SAM,2010,3189.401
South America,OWID_SAM,2011,3256.096
South America,OWID_SAM,2012,3453.2473
South America,OWID_SAM,2013,3488.8784
South America,OWID_SAM,2014,3570.8408
South America,OWID_SAM,2015,3480.0703
South America,OWID_SAM,2016,3444.653
South America,OWID_SAM,2017,3347.9622
South America,OWID_SAM,2018,3246.5476
South America,OWID_SAM,2019,3147.415
South America,OWID_SAM,2020,2699.8564
South America,OWID_SAM,2021,3075.8716
South America,OWID_SAM,2022,3234.0967
South America,OWID_SAM,2023,3281.007
South America,OWID_SAM,2024,3324.154
South Korea,KOR,1965,15.124584
South Korea,KOR,1966,22.645342
South Korea,KOR,1967,39.25714
South Korea,KOR,1968,58.03968
South Korea,KOR,1969,78.770836
South Korea,KOR,1970,98.390976
South Korea,KOR,1971,111.12396
South Korea,KOR,1972,115.992966
South Korea,KOR,1973,142.77956
South Korea,KOR,1974,147.48793
South Korea,KOR,1975,167.17403
South Korea,KOR,1976,187.67162
South Korea,KOR,1977,223.60997
South Korea,KOR,1978,255.69792
South Korea,KOR,1979,287.68427
South Korea,KOR,1980,284.98254
South Korea,KOR,1981,282.14676
South Korea,KOR,1982,280.0684
South Korea,KOR,1983,293.03107
South Korea,KOR,1984,294.2903
South Korea,KOR,1985,311.11945
South Korea,KOR,1986,338.9009
South Korea,KOR,1987,356.26428
South Korea,KOR,1988,425.95413
South Korea,KOR,1989,486.68192
South Korea,KOR,1990,589.9107
South Korea,KOR,1991,717.3476
South Korea,KOR,1992,868.07513
South Korea,KOR,1993,953.18195
South Korea,KOR,1994,1046.2953
South Korea,KOR,1995,1141.5756
South Korea,KOR,1996,1221.4814
South Korea,KOR,1997,1342.7759
South Korea,KOR,1998,1117.2625
South Korea,KOR,1999,1198.39
South Korea,KOR,2000,1227.263
South Korea,KOR,2001,1227.4758
South Korea,KOR,2002,1249.2571
South Korea,KOR,2003,1259.7499
South Korea,KOR,2004,1250.866
South Korea,KOR,2005,1257.2521
South Korea,KOR,2006,1258.554
South Korea,KOR,2007,1292.2332
South Korea,KOR,2008,1232.2426
South Korea,KOR,2009,1246.881
South Korea,KOR,2010,1273.9978
South Korea,KOR,2011,1286.9048
South Korea,KOR,2012,1332.9847
South Korea,KOR,2013,1335.017
South Korea,KOR,2014,1329.7906
South Korea,KOR,2015,1393.7773
South Korea,KOR,2016,1519.5157
South Korea,KOR,2017,1504.5671
South Korea,KOR,2018,1499.6987
South Korea,KOR,2019,1486.9941
South Korea,KOR,2020,1405.6753
South Korea,KOR,2021,1499.4344
South Korea,KOR,2022,1518.4937
South Korea,KOR,2023,1489.5963
South Korea,KOR,2024,1546.4102
South Korea,KOR,2025,1505.8105
South Sudan,SSD,2012,5.9631076
South Sudan,SSD,2013,6.307559
South Sudan,SSD,2014,6.5257363
South Sudan,SSD,2015,7.998367
South Sudan,SSD,2016,7.723002
South Sudan,SSD,2017,6.7645936
South Sudan,SSD,2018,7.8603654
South Sudan,SSD,2019,7.415612
South Sudan,SSD,2020,6.7125177
South Sudan,SSD,2021,7.255783
South Sudan,SSD,2022,6.8063793
South Sudan,SSD,2023,7.1137023
South Sudan,SSD,2024,7.291916
South and Central America (EI),,1965,1018.7854
South and Central America (EI),,1966,1076.2053
South and Central America (EI),,1967,1107.4991
South and Central America (EI),,1968,1180.7693
South and Central America (EI),,1969,1225.5757
South and Central America (EI),,1970,1308.1105
South and Central America (EI),,1971,1374.9724
South and Central America (EI),,1972,1488.106
South and Central America (EI),,1973,1627.5295
South and Central America (EI),,1974,1693.8828
South and Central America (EI),,1975,1684.1143
South and Central America (EI),,1976,1757.7592
South and Central America (EI),,1977,1837.618
South and Central America (EI),,1978,1912.0879
South and Central America (EI),,1979,1998.186
South and Central America (EI),,1980,2009.9316
South and Central America (EI),,1981,1978.5745
South and Central America (EI),,1982,1923.511
South and Central America (EI),,1983,1847.2003
South and Central America (EI),,1984,1837.395
South and Central America (EI),,1985,1817.4147
South and Central America (EI),,1986,1905.899
South and Central America (EI),,1987,1951.4329
South and Central America (EI),,1988,1998.4741
South and Central America (EI),,1989,2000.7899
South and Central America (EI),,1990,1994.1849
South and Central America (EI),,1991,2015.0186
South and Central America (EI),,1992,2110.5857
South and Central America (EI),,1993,2135.8542
South and Central America (EI),,1994,2270.5115
South and Central America (EI),,1995,2368.469
South and Central America (EI),,1996,2423.698
South and Central America (EI),,1997,2570.3486
South and Central America (EI),,1998,2653.2744
South and Central America (EI),,1999,2671.1318
South and Central America (EI),,2000,2770.87
South and Central America (EI),,2001,2820.7932
South and Central America (EI),,2002,2803.9734
South and Central America (EI),,2003,2724.04
South and Central America (EI),,2004,2855.695
South and Central America (EI),,2005,2923.0112
South and Central America (EI),,2006,3029.0256
South and Central America (EI),,2007,3171.3333
South and Central America (EI),,2008,3274.8892
South and Central America (EI),,2009,3244.3455
South and Central America (EI),,2010,3368.2595
South and Central America (EI),,2011,3494.2437
South and Central America (EI),,2012,3631.9841
South and Central America (EI),,2013,3698.9788
South and Central America (EI),,2014,3729.278
South and Central America (EI),,2015,3627.9487
South and Central America (EI),,2016,3560.5781
South and Central America (EI),,2017,3499.727
South and Central America (EI),,2018,3392.5564
South and Central America (EI),,2019,3391.0425
South and Central America (EI),,2020,2928.3972
South and Central America (EI),,2021,3241.711
South and Central America (EI),,2022,3442.177
South and Central America (EI),,2023,3516.515
South and Central America (EI),,2024,3489.0347
South and Central America (EI),,2025,3524.5422
Spain,ESP,1965,166.38136
Spain,ESP,1966,196.83344
Spain,ESP,1967,238.4801
Spain,ESP,1968,253.3006
Spain,ESP,1969,288.38126
Spain,ESP,1970,328.98575
Spain,ESP,1971,362.11
Spain,ESP,1972,381.81464
Spain,ESP,1973,458.62744
Spain,ESP,1974,480.74136
Spain,ESP,1975,499.90475
Spain,ESP,1976,567.02826
Spain,ESP,1977,535.35486
Spain,ESP,1978,551.28845
Spain,ESP,1979,584.30664
Spain,ESP,1980,618.6684
Spain,ESP,1981,599.03894
Spain,ESP,1982,566.287
Spain,ESP,1983,567.4309
Spain,ESP,1984,535.18097
Spain,ESP,1985,515.2207
Spain,ESP,1986,510.47852
Spain,ESP,1987,536.0967
Spain,ESP,1988,548.8795
Spain,ESP,1989,575.179
Spain,ESP,1990,556.60004
Spain,ESP,1991,568.6487
Spain,ESP,1992,637.358
Spain,ESP,1993,607.8931
Spain,ESP,1994,638.54456
Spain,ESP,1995,679.26404
Spain,ESP,1996,697.5843
Spain,ESP,1997,705.9866
Spain,ESP,1998,762.26117
Spain,ESP,1999,810.89856
Spain,ESP,2000,822.15295
Spain,ESP,2001,848.1993
Spain,ESP,2002,866.395
Spain,ESP,2003,875.835
Spain,ESP,2004,883.7714
Spain,ESP,2005,906.24615
Spain,ESP,2006,898.3019
Spain,ESP,2007,905.739
Spain,ESP,2008,866.6593
Spain,ESP,2009,814.51135
Spain,ESP,2010,794.1013
Spain,ESP,2011,757.2665
Spain,ESP,2012,700.0071
Spain,ESP,2013,675.85834
Spain,ESP,2014,678.84143
Spain,ESP,2015,701.32794
Spain,ESP,2016,719.22076
Spain,ESP,2017,723.65344
Spain,ESP,2018,733.6454
Spain,ESP,2019,735.607
Spain,ESP,2020,591.8298
Spain,ESP,2021,654.14606
Spain,ESP,2022,726.3689
Spain,ESP,2023,695.89984
Spain,ESP,2024,736.0264
Spain,ESP,2025,737.173
Sri Lanka,LKA,1965,9.374515
Sri Lanka,LKA,1966,9.601324
Sri Lanka,LKA,1967,9.834314
Sri Lanka,LKA,1968,10.081403
Sri Lanka,LKA,1969,10.303509
Sri Lanka,LKA,1970,17.57452
Sri Lanka,LKA,1971,17.690096
Sri Lanka,LKA,1972,18.611622
Sri Lanka,LKA,1973,19.797039
Sri Lanka,LKA,1974,15.812426
Sri Lanka,LKA,1975,16.39198
Sri Lanka,LKA,1976,15.96242
Sri Lanka,LKA,1977,17.061384
Sri Lanka,LKA,1978,17.61727
Sri Lanka,LKA,1979,18.467768
Sri Lanka,LKA,1980,18.610117
Sri Lanka,LKA,1981,19.500782
Sri Lanka,LKA,1982,21.070389
Sri Lanka,LKA,1983,21.86579
Sri Lanka,LKA,1984,20.623968
Sri Lanka,LKA,1985,18.36743
Sri Lanka,LKA,1986,19.134302
Sri Lanka,LKA,1987,21.290077
Sri Lanka,LKA,1988,19.793789
Sri Lanka,LKA,1989,18.507244
Sri Lanka,LKA,1990,20.58785
Sri Lanka,LKA,1991,20.604216
Sri Lanka,LKA,1992,23.416906
Sri Lanka,LKA,1993,23.671654
Sri Lanka,LKA,1994,25.714018
Sri Lanka,LKA,1995,27.378433
Sri Lanka,LKA,1996,33.236603
Sri Lanka,LKA,1997,34.040123
Sri Lanka,LKA,1998,35.576878
Sri Lanka,LKA,1999,38.35613
Sri Lanka,LKA,2000,44.056526
Sri Lanka,LKA,2001,42.859436
Sri Lanka,LKA,2002,45.48564
Sri Lanka,LKA,2003,44.725185
Sri Lanka,LKA,2004,44.74943
Sri Lanka,LKA,2005,51.173447
Sri Lanka,LKA,2006,52.58453
Sri Lanka,LKA,2007,55.728626
Sri Lanka,LKA,2008,51.22881
Sri Lanka,LKA,2009,52.808617
Sri Lanka,LKA,2010,52.980663
Sri Lanka,LKA,2011,59.077347
Sri Lanka,LKA,2012,63.094196
Sri Lanka,LKA,2013,53.987404
Sri Lanka,LKA,2014,61.876884
Sri Lanka,LKA,2015,59.54911
Sri Lanka,LKA,2016,72.90313
Sri Lanka,LKA,2017,78.41371
Sri Lanka,LKA,2018,77.882385
Sri Lanka,LKA,2019,81.182625
Sri Lanka,LKA,2020,66.832275
Sri Lanka,LKA,2021,66.94372
Sri Lanka,LKA,2022,55.511925
Sri Lanka,LKA,2023,63.5625
Sri Lanka,LKA,2024,68.43063
Sri Lanka,LKA,2025,72.76536
Sudan,SDN,1980,13.683728
Sudan,SDN,1981,14.266628
Sudan,SDN,1982,15.507205
Sudan,SDN,1983,14.886916
Sudan,SDN,1984,13.683728
Sudan,SDN,1985,15.507205
Sudan,SDN,1986,17.368069
Sudan,SDN,1987,16.624578
Sudan,SDN,1988,18.234282
Sudan,SDN,1989,17.576567
Sudan,SDN,1990,15.738345
Sudan,SDN,1991,22.754324
Sudan,SDN,1992,20.64296
Sudan,SDN,1993,19.413311
Sudan,SDN,1994,17.48824
Sudan,SDN,1995,16.322128
Sudan,SDN,1996,16.327116
Sudan,SDN,1997,16.819885
Sudan,SDN,1998,16.882196
Sudan,SDN,1999,18.00383
Sudan,SDN,2000,27.29964
Sudan,SDN,2001,29.2789
Sudan,SDN,2002,35.400764
Sudan,SDN,2003,37.21823
Sudan,SDN,2004,41.352863
Sudan,SDN,2005,48.13781
Sudan,SDN,2006,57.90791
Sudan,SDN,2007,61.4912
Sudan,SDN,2008,67.411934
Sudan,SDN,2009,68.01523
Sudan,SDN,2010,69.926765
Sudan,SDN,2011,66.17762
Sudan,SDN,2012,63.14342
Sudan,SDN,2013,62.40356
Sudan,SDN,2014,63.071854
Sudan,SDN,2015,67.88488
Sudan,SDN,2016,83.75322
Sudan,SDN,2017,82.59494
Sudan,SDN,2018,84.74012
Sudan,SDN,2019,85.67981
Sudan,SDN,2020,68.24566
Sudan,SDN,2021,69.69663
Sudan,SDN,2022,78.46792
Sudan,SDN,2023,54.848934
Sudan,SDN,2024,51.91959
Suriname,SUR,1980,8.747482
Suriname,SUR,1981,7.477356
Suriname,SUR,1982,6.8542433
Suriname,SUR,1983,4.9849043
Suriname,SUR,1984,4.186295
Suriname,SUR,1985,5.358772
Suriname,SUR,1986,5.325479
Suriname,SUR,1987,4.55304
Suriname,SUR,1988,5.033382
Suriname,SUR,1989,5.4360676
Suriname,SUR,1990,6.486673
Suriname,SUR,1991,6.0610604
Suriname,SUR,1992,5.7175636
Suriname,SUR,1993,5.9461966
Suriname,SUR,1994,5.920149
Suriname,SUR,1995,6.0646987
Suriname,SUR,1996,5.9294686
Suriname,SUR,1997,6.1727405
Suriname,SUR,1998,6.157777
Suriname,SUR,1999,6.1577783
Suriname,SUR,2000,6.2403426
Suriname,SUR,2001,6.0608816
Suriname,SUR,2002,6.9492574
Suriname,SUR,2003,5.882248
Suriname,SUR,2004,6.953261
Suriname,SUR,2005,6.952243
Suriname,SUR,2006,7.6934037
Suriname,SUR,2007,7.0378118
Suriname,SUR,2008,8.788385
Suriname,SUR,2009,9.004325
Suriname,SUR,2010,10.35436
Suriname,SUR,2011,8.27617
Suriname,SUR,2012,9.836673
Suriname,SUR,2013,9.113256
Suriname,SUR,2014,9.440969
Suriname,SUR,2015,9.080163
Suriname,SUR,2016,8.362197
Suriname,SUR,2017,9.283339
Suriname,SUR,2018,7.399951
Suriname,SUR,2019,9.078771
Suriname,SUR,2020,8.3159
Suriname,SUR,2021,9.702024
Suriname,SUR,2022,10.387353
Suriname,SUR,2023,8.807521
Suriname,SUR,2024,8.843666
Sweden,SWE,1965,229.70325
Sweden,SWE,1966,259.65668
Sweden,SWE,1967,258.7804
Sweden,SWE,1968,292.71017
Sweden,SWE,1969,313.51508
Sweden,SWE,1970,341.1421
Sweden,SWE,1971,320.8071
Sweden,SWE,1972,329.2851
Sweden,SWE,1973,336.5918
Sweden,SWE,1974,302.3185
Sweden,SWE,1975,301.4847
Sweden,SWE,1976,332.42618
Sweden,SWE,1977,322.3305
Sweden,SWE,1978,389.0616
Sweden,SWE,1979,418.84644
Sweden,SWE,1980,369.6262
Sweden,SWE,1981,332.4578
Sweden,SWE,1982,309.068
Sweden,SWE,1983,268.6586
Sweden,SWE,1984,256.70612
Sweden,SWE,1985,275.22202
Sweden,SWE,1986,293.94498
Sweden,SWE,1987,253.78845
Sweden,SWE,1988,237.56392
Sweden,SWE,1989,228.21938
Sweden,SWE,1990,189.75797
Sweden,SWE,1991,183.9967
Sweden,SWE,1992,182.11469
Sweden,SWE,1993,187.4447
Sweden,SWE,1994,210.52495
Sweden,SWE,1995,206.90634
Sweden,SWE,1996,222.53906
Sweden,SWE,1997,210.83017
Sweden,SWE,1998,214.17932
Sweden,SWE,1999,206.40503
Sweden,SWE,2000,191.65915
Sweden,SWE,2001,198.68753
Sweden,SWE,2002,210.54266
Sweden,SWE,2003,216.27473
Sweden,SWE,2004,215.98108
Sweden,SWE,2005,206.92325
Sweden,SWE,2006,207.22346
Sweden,SWE,2007,200.65752
Sweden,SWE,2008,196.54219
Sweden,SWE,2009,179.39955
Sweden,SWE,2010,187.42737
Sweden,SWE,2011,171.8693
Sweden,SWE,2012,169.59457
Sweden,SWE,2013,164.20448
Sweden,SWE,2014,161.06584
Sweden,SWE,2015,151.93994
Sweden,SWE,2016,157.43141
Sweden,SWE,2017,156.95505
Sweden,SWE,2018,146.54958
Sweden,SWE,2019,154.84167
Sweden,SWE,2020,137.15903
Sweden,SWE,2021,148.73772
Sweden,SWE,2022,135.22429
Sweden,SWE,2023,132.64648
Sweden,SWE,2024,143.63522
Sweden,SWE,2025,144.3346
Switzerland,CHE,1965,96.37957
Switzerland,CHE,1966,102.46806
Switzerland,CHE,1967,110.83246
Switzerland,CHE,1968,122.93266
Switzerland,CHE,1969,133.68282
Switzerland,CHE,1970,149.8176
Switzerland,CHE,1971,158.97957
Switzerland,CHE,1972,162.9895
Switzerland,CHE,1973,175.4158
Switzerland,CHE,1974,156.1069
Switzerland,CHE,1975,150.11577
Switzerland,CHE,1976,156.01619
Switzerland,CHE,1977,156.82472
Switzerland,CHE,1978,160.81918
Switzerland,CHE,1979,154.1364
Switzerland,CHE,1980,154.01991
Switzerland,CHE,1981,142.52437
Switzerland,CHE,1982,134.65762
Switzerland,CHE,1983,147.33458
Switzerland,CHE,1984,142.62831
Switzerland,CHE,1985,145.1502
Switzerland,CHE,1986,158.84816
Switzerland,CHE,1987,149.62581
Switzerland,CHE,1988,150.06097
Switzerland,CHE,1989,143.99309
Switzerland,CHE,1990,154.29774
Switzerland,CHE,1991,156.95247
Switzerland,CHE,1992,159.13806
Switzerland,CHE,1993,149.1138
Switzerland,CHE,1994,154.10162
Switzerland,CHE,1995,142.8001
Switzerland,CHE,1996,147.92401
Switzerland,CHE,1997,155.62619
Switzerland,CHE,1998,157.54512
Switzerland,CHE,1999,152.87433
Switzerland,CHE,2000,148.28627
Switzerland,CHE,2001,158.6958
Switzerland,CHE,2002,150.41983
Switzerland,CHE,2003,146.38762
Switzerland,CHE,2004,149.64418
Switzerland,CHE,2005,150.2359
Switzerland,CHE,2006,149.46095
Switzerland,CHE,2007,143.28651
Switzerland,CHE,2008,148.41432
Switzerland,CHE,2009,144.2638
Switzerland,CHE,2010,147.44974
Switzerland,CHE,2011,136.49957
Switzerland,CHE,2012,139.24573
Switzerland,CHE,2013,141.59218
Switzerland,CHE,2014,128.45525
Switzerland,CHE,2015,129.56079
Switzerland,CHE,2016,122.34929
Switzerland,CHE,2017,125.38493
Switzerland,CHE,2018,120.37151
Switzerland,CHE,2019,123.53284
Switzerland,CHE,2020,102.537796
Switzerland,CHE,2021,102.78785
Switzerland,CHE,2022,105.78376
Switzerland,CHE,2023,107.28565
Switzerland,CHE,2024,107.03693
Switzerland,CHE,2025,106.84389
Syria,SYR,1980,68.22404
Syria,SYR,1981,74.22287
Syria,SYR,1982,74.84139
Syria,SYR,1983,85.97482
Syria,SYR,1984,95.51365
Syria,SYR,1985,101.43792
Syria,SYR,1986,101.87089
Syria,SYR,1987,111.50608
Syria,SYR,1988,118.961365
Syria,SYR,1989,123.314705
Syria,SYR,1990,126.74335
Syria,SYR,1991,108.93771
Syria,SYR,1992,112.87735
Syria,SYR,1993,129.20506
Syria,SYR,1994,139.2567
Syria,SYR,1995,141.00835
Syria,SYR,1996,144.04732
Syria,SYR,1997,150.65091
Syria,SYR,1998,154.09431
Syria,SYR,1999,158.2176
Syria,SYR,2000,147.33873
Syria,SYR,2001,149.19595
Syria,SYR,2002,151.89798
Syria,SYR,2003,143.98744
Syria,SYR,2004,163.01773
Syria,SYR,2005,206.20311
Syria,SYR,2006,217.84776
Syria,SYR,2007,230.15814
Syria,SYR,2008,236.55252
Syria,SYR,2009,204.61578
Syria,SYR,2010,189.01807
Syria,SYR,2011,174.90646
Syria,SYR,2012,131.2139
Syria,SYR,2013,88.93874
Syria,SYR,2014,77.49702
Syria,SYR,2015,74.41901
Syria,SYR,2016,75.64408
Syria,SYR,2017,77.818085
Syria,SYR,2018,91.15781
Syria,SYR,2019,79.56981
Syria,SYR,2020,77.365326
Syria,SYR,2021,70.171394
Syria,SYR,2022,68.24988
Syria,SYR,2023,74.722664
Syria,SYR,2024,75.52265
Taiwan,TWN,1965,25.688173
Taiwan,TWN,1966,30.388777
Taiwan,TWN,1967,36.092865
Taiwan,TWN,1968,43.046482
Taiwan,TWN,1969,51.549316
Taiwan,TWN,1970,61.906006
Taiwan,TWN,1971,86.65054
Taiwan,TWN,1972,93.771324
Taiwan,TWN,1973,119.62499
Taiwan,TWN,1974,107.38309
Taiwan,TWN,1975,124.44162
Taiwan,TWN,1976,160.90163
Taiwan,TWN,1977,177.99304
Taiwan,TWN,1978,208.59233
Taiwan,TWN,1979,209.5899
Taiwan,TWN,1980,217.76823
Taiwan,TWN,1981,191.7103
Taiwan,TWN,1982,214.84836
Taiwan,TWN,1983,216.6807
Taiwan,TWN,1984,207.55226
Taiwan,TWN,1985,205.69662
Taiwan,TWN,1986,229.2053
Taiwan,TWN,1987,241.05962
Taiwan,TWN,1988,281.14557
Taiwan,TWN,1989,312.6395
Taiwan,TWN,1990,324.52747
Taiwan,TWN,1991,336.49118
Taiwan,TWN,1992,349.96964
Taiwan,TWN,1993,372.70914
Taiwan,TWN,1994,396.74847
Taiwan,TWN,1995,431.46832
Taiwan,TWN,1996,431.26074
Taiwan,TWN,1997,442.6407
Taiwan,TWN,1998,457.71848
Taiwan,TWN,1999,490.06985
Taiwan,TWN,2000,500.49252
Taiwan,TWN,2001,518.60944
Taiwan,TWN,2002,518.4633
Taiwan,TWN,2003,542.0757
Taiwan,TWN,2004,554.1194
Taiwan,TWN,2005,557.9412
Taiwan,TWN,2006,562.3801
Taiwan,TWN,2007,583.01483
Taiwan,TWN,2008,545.44495
Taiwan,TWN,2009,532.042
Taiwan,TWN,2010,555.73676
Taiwan,TWN,2011,517.7095
Taiwan,TWN,2012,509.28372
Taiwan,TWN,2013,521.8908
Taiwan,TWN,2014,538.7605
Taiwan,TWN,2015,553.8144
Taiwan,TWN,2016,554.21246
Taiwan,TWN,2017,550.433
Taiwan,TWN,2018,544.25696
Taiwan,TWN,2019,513.06757
Taiwan,TWN,2020,490.9263
Taiwan,TWN,2021,519.6228
Taiwan,TWN,2022,478.72687
Taiwan,TWN,2023,452.22775
Taiwan,TWN,2024,454.29105
Taiwan,TWN,2025,464.66837
Tajikistan,TJK,1992,11.958253
Tajikistan,TJK,1993,9.236374
Tajikistan,TJK,1994,7.1748405
Tajikistan,TJK,1995,7.7822003
Tajikistan,TJK,1996,9.047108
Tajikistan,TJK,1997,9.864999
Tajikistan,TJK,1998,11.362314
Tajikistan,TJK,1999,16.396688
Tajikistan,TJK,2000,2.442073
Tajikistan,TJK,2001,3.4906602
Tajikistan,TJK,2002,4.0831313
Tajikistan,TJK,2003,3.625313
Tajikistan,TJK,2004,4.304805
Tajikistan,TJK,2005,3.7058158
Tajikistan,TJK,2006,4.6191797
Tajikistan,TJK,2007,6.4052258
Tajikistan,TJK,2008,6.716205
Tajikistan,TJK,2009,6.466516
Tajikistan,TJK,2010,6.8194194
Tajikistan,TJK,2011,7.184137
Tajikistan,TJK,2012,8.631687
Tajikistan,TJK,2013,9.778946
Tajikistan,TJK,2014,12.036902
Tajikistan,TJK,2015,11.45309
Tajikistan,TJK,2016,12.5003605
Tajikistan,TJK,2017,10.836544
Tajikistan,TJK,2018,11.438513
Tajikistan,TJK,2019,13.419768
Tajikistan,TJK,2020,14.60993
Tajikistan,TJK,2021,14.75319
Tajikistan,TJK,2022,16.550028
Tajikistan,TJK,2023,17.543734
Tajikistan,TJK,2024,17.543734
Tanzania,TZA,1980,8.036541
Tanzania,TZA,1981,9.864102
Tanzania,TZA,1982,9.247596
Tanzania,TZA,1983,8.014583
Tanzania,TZA,1984,9.272931
Tanzania,TZA,1985,9.247596
Tanzania,TZA,1986,11.109976
Tanzania,TZA,1987,9.744262
Tanzania,TZA,1988,10.425708
Tanzania,TZA,1989,10.114027
Tanzania,TZA,1990,11.233652
Tanzania,TZA,1991,9.322389
Tanzania,TZA,1992,10.248411
Tanzania,TZA,1993,10.605453
Tanzania,TZA,1994,9.569899
Tanzania,TZA,1995,9.327289
Tanzania,TZA,1996,9.415324
Tanzania,TZA,1997,9.450251
Tanzania,TZA,1998,9.636006
Tanzania,TZA,1999,10.068543
Tanzania,TZA,2000,10.566624
Tanzania,TZA,2001,11.702262
Tanzania,TZA,2002,13.433233
Tanzania,TZA,2003,14.341644
Tanzania,TZA,2004,18.510769
Tanzania,TZA,2005,18.717186
Tanzania,TZA,2006,19.518196
Tanzania,TZA,2007,18.584627
Tanzania,TZA,2008,19.194122
Tanzania,TZA,2009,17.723711
Tanzania,TZA,2010,21.13617
Tanzania,TZA,2011,26.74599
Tanzania,TZA,2012,34.38017
Tanzania,TZA,2013,35.938545
Tanzania,TZA,2014,35.555305
Tanzania,TZA,2015,32.42988
Tanzania,TZA,2016,32.626564
Tanzania,TZA,2017,31.801071
Tanzania,TZA,2018,36.48308
Tanzania,TZA,2019,38.258312
Tanzania,TZA,2020,36.597927
Tanzania,TZA,2021,43.19021
Tanzania,TZA,2022,46.360535
Tanzania,TZA,2023,47.054504
Tanzania,TZA,2024,48.21226
Thailand,THA,1965,27.69635
Thailand,THA,1966,32.691463
Thailand,THA,1967,36.284153
Thailand,THA,1968,47.828484
Thailand,THA,1969,51.799706
Thailand,THA,1970,60.30306
Thailand,THA,1971,67.13238
Thailand,THA,1972,84.27273
Thailand,THA,1973,89.21048
Thailand,THA,1974,90.820015
Thailand,THA,1975,98.46377
Thailand,THA,1976,103.67075
Thailand,THA,1977,116.48012
Thailand,THA,1978,127.90059
Thailand,THA,1979,130.51672
Thailand,THA,1980,136.36172
Thailand,THA,1981,128.82382
Thailand,THA,1982,116.8389
Thailand,THA,1983,129.59941
Thailand,THA,1984,136.17995
Thailand,THA,1985,128.4832
Thailand,THA,1986,133.15419
Thailand,THA,1987,144.63412
Thailand,THA,1988,165.04605
Thailand,THA,1989,195.9122
Thailand,THA,1990,233.3252
Thailand,THA,1991,248.82846
Thailand,THA,1992,276.58047
Thailand,THA,1993,318.4565
Thailand,THA,1994,356.3868
Thailand,THA,1995,405.904
Thailand,THA,1996,449.2036
Thailand,THA,1997,451.55515
Thailand,THA,1998,409.96964
Thailand,THA,1999,431.1383
Thailand,THA,2000,418.93927
Thailand,THA,2001,414.40457
Thailand,THA,2002,448.20236
Thailand,THA,2003,491.36066
Thailand,THA,2004,544.5814
Thailand,THA,2005,543.1483
Thailand,THA,2006,539.1894
Thailand,THA,2007,533.2962
Thailand,THA,2008,502.64276
Thailand,THA,2009,518.4446
Thailand,THA,2010,534.345
Thailand,THA,2011,543.49225
Thailand,THA,2012,564.3662
Thailand,THA,2013,584.294
Thailand,THA,2014,590.7018
Thailand,THA,2015,604.4171
Thailand,THA,2016,625.278
Thailand,THA,2017,644.63403
Thailand,THA,2018,661.35254
Thailand,THA,2019,660.58246
Thailand,THA,2020,592.58124
Thailand,THA,2021,584.32477
Thailand,THA,2022,628.92633
Thailand,THA,2023,621.4198
Thailand,THA,2024,645.81226
Thailand,THA,2025,644.22296
Togo,TGO,1980,2.5089588
Togo,TGO,1981,2.3190231
Togo,TGO,1982,2.257996
Togo,TGO,1983,2.441077
Togo,TGO,1984,2.8761234
Togo,TGO,1985,2.6851847
Togo,TGO,1986,2.1969693
Togo,TGO,1987,2.0533245
Togo,TGO,1988,2.137468
Togo,TGO,1989,2.4979913
Togo,TGO,1990,2.401022
Togo,TGO,1991,4.1231246
Togo,TGO,1992,2.9842348
Togo,TGO,1993,2.1386673
Togo,TGO,1994,2.4967124
Togo,TGO,1995,2.4953218
Togo,TGO,1996,2.5021584
Togo,TGO,1997,2.6138244
Togo,TGO,1998,2.6138244
Togo,TGO,1999,4.0101695
Togo,TGO,2000,4.022167
Togo,TGO,2001,3.539165
Togo,TGO,2002,3.8768613
Togo,TGO,2003,4.860563
Togo,TGO,2004,4.8308363
Togo,TGO,2005,4.683583
Togo,TGO,2006,3.993668
Togo,TGO,2007,4.3031077
Togo,TGO,2008,5.349458
Togo,TGO,2009,10.297425
Togo,TGO,2010,9.581916
Togo,TGO,2011,8.719804
Togo,TGO,2012,7.7532887
Togo,TGO,2013,8.048266
Togo,TGO,2014,6.1616435
Togo,TGO,2015,4.5226145
Togo,TGO,2016,6.681993
Togo,TGO,2017,5.7799015
Togo,TGO,2018,6.3746767
Togo,TGO,2019,5.0823007
Togo,TGO,2020,6.017561
Togo,TGO,2021,7.6537886
Togo,TGO,2022,7.806557
Togo,TGO,2023,8.713238
Togo,TGO,2024,8.956052
Tonga,TON,1980,0.123421855
Tonga,TON,1981,0.18462697
Tonga,TON,1982,0.18462697
Tonga,TON,1983,0.18462697
Tonga,TON,1984,0.18513279
Tonga,TON,1985,0.18462697
Tonga,TON,1986,0.114677966
Tonga,TON,1987,0.25430563
Tonga,TON,1988,0.31800014
Tonga,TON,1989,0.3928349
Tonga,TON,1990,0.3928349
Tonga,TON,1991,0.39902303
Tonga,TON,1992,0.37939608
Tonga,TON,1993,0.37856907
Tonga,TON,1994,0.51447755
Tonga,TON,1995,0.46501312
Tonga,TON,1996,0.5284774
Tonga,TON,1997,0.5530161
Tonga,TON,1998,0.5622899
Tonga,TON,1999,0.5622996
Tonga,TON,2000,0.4381675
Tonga,TON,2001,0.3946555
Tonga,TON,2002,0.42792547
Tonga,TON,2003,0.5272463
Tonga,TON,2004,0.48829514
Tonga,TON,2005,0.51998353
Tonga,TON,2006,0.5849014
Tonga,TON,2007,0.5007443
Tonga,TON,2008,0.5407515
Tonga,TON,2009,0.58692884
Tonga,TON,2010,0.55840397
Tonga,TON,2011,0.5208058
Tonga,TON,2012,0.67597467
Tonga,TON,2013,0.806777
Tonga,TON,2014,0.81659395
Tonga,TON,2015,0.8133953
Tonga,TON,2016,0.9471916
Tonga,TON,2017,1.055509
Tonga,TON,2018,0.9077202
Tonga,TON,2019,0.877405
Tonga,TON,2020,0.7857968
Tonga,TON,2021,0.7906178
Tonga,TON,2022,0.74770635
Tonga,TON,2023,0.839845
Tonga,TON,2024,0.91294366
Trinidad and Tobago,TTO,1965,22.197905
Trinidad and Tobago,TTO,1966,22.353634
Trinidad and Tobago,TTO,1967,23.321835
Trinidad and Tobago,TTO,1968,23.76879
Trinidad and Tobago,TTO,1969,24.918287
Trinidad and Tobago,TTO,1970,25.560862
Trinidad and Tobago,TTO,1971,26.413431
Trinidad and Tobago,TTO,1972,42.87166
Trinidad and Tobago,TTO,1973,43.14619
Trinidad and Tobago,TTO,1974,42.485165
Trinidad and Tobago,TTO,1975,32.481552
Trinidad and Tobago,TTO,1976,36.524597
Trinidad and Tobago,TTO,1977,35.655308
Trinidad and Tobago,TTO,1978,32.082752
Trinidad and Tobago,TTO,1979,24.694546
Trinidad and Tobago,TTO,1980,19.534754
Trinidad and Tobago,TTO,1981,19.360615
Trinidad and Tobago,TTO,1982,21.474905
Trinidad and Tobago,TTO,1983,18.668987
Trinidad and Tobago,TTO,1984,15.969291
Trinidad and Tobago,TTO,1985,16.895954
Trinidad and Tobago,TTO,1986,18.23386
Trinidad and Tobago,TTO,1987,12.22131
Trinidad and Tobago,TTO,1988,11.073575
Trinidad and Tobago,TTO,1989,9.94367
Trinidad and Tobago,TTO,1990,14.867244
Trinidad and Tobago,TTO,1991,13.957406
Trinidad and Tobago,TTO,1992,19.86267
Trinidad and Tobago,TTO,1993,17.295012
Trinidad and Tobago,TTO,1994,13.183907
Trinidad and Tobago,TTO,1995,15.0534
Trinidad and Tobago,TTO,1996,17.402937
Trinidad and Tobago,TTO,1997,10.274356
Trinidad and Tobago,TTO,1998,11.790197
Trinidad and Tobago,TTO,1999,20.85421
Trinidad and Tobago,TTO,2000,17.40334
Trinidad and Tobago,TTO,2001,17.940031
Trinidad and Tobago,TTO,2002,19.45226
Trinidad and Tobago,TTO,2003,19.539343
Trinidad and Tobago,TTO,2004,20.970385
Trinidad and Tobago,TTO,2005,23.400255
Trinidad and Tobago,TTO,2006,24.092281
Trinidad and Tobago,TTO,2007,24.855906
Trinidad and Tobago,TTO,2008,26.408072
Trinidad and Tobago,TTO,2009,25.535719
Trinidad and Tobago,TTO,2010,26.108171
Trinidad and Tobago,TTO,2011,25.714266
Trinidad and Tobago,TTO,2012,23.528101
Trinidad and Tobago,TTO,2013,25.005686
Trinidad and Tobago,TTO,2014,23.71663
Trinidad and Tobago,TTO,2015,25.57151
Trinidad and Tobago,TTO,2016,26.288582
Trinidad and Tobago,TTO,2017,23.557047
Trinidad and Tobago,TTO,2018,20.274511
Trinidad and Tobago,TTO,2019,20.45355
Trinidad and Tobago,TTO,2020,17.45409
Trinidad and Tobago,TTO,2021,17.05173
Trinidad and Tobago,TTO,2022,18.339703
Trinidad and Tobago,TTO,2023,18.70825
Trinidad and Tobago,TTO,2024,19.069447
Trinidad and Tobago,TTO,2025,19.379004
Tunisia,TUN,1980,32.123844
Tunisia,TUN,1981,35.116467
Tunisia,TUN,1982,32.036076
Tunisia,TUN,1983,36.34862
Tunisia,TUN,1984,35.212673
Tunisia,TUN,1985,33.88431
Tunisia,TUN,1986,37.888817
Tunisia,TUN,1987,31.667282
Tunisia,TUN,1988,37.5958
Tunisia,TUN,1989,37.99216
Tunisia,TUN,1990,38.05177
Tunisia,TUN,1991,41.590935
Tunisia,TUN,1992,44.068142
Tunisia,TUN,1993,44.920883
Tunisia,TUN,1994,45.113655
Tunisia,TUN,1995,42.283054
Tunisia,TUN,1996,43.597755
Tunisia,TUN,1997,46.599022
Tunisia,TUN,1998,48.65116
Tunisia,TUN,1999,47.84286
Tunisia,TUN,2000,51.455418
Tunisia,TUN,2001,52.455807
Tunisia,TUN,2002,51.590572
Tunisia,TUN,2003,51.77774
Tunisia,TUN,2004,53.838345
Tunisia,TUN,2005,55.24768
Tunisia,TUN,2006,55.299168
Tunisia,TUN,2007,55.964706
Tunisia,TUN,2008,54.642365
Tunisia,TUN,2009,51.73052
Tunisia,TUN,2010,51.501
Tunisia,TUN,2011,47.192932
Tunisia,TUN,2012,50.277294
Tunisia,TUN,2013,51.42197
Tunisia,TUN,2014,56.133305
Tunisia,TUN,2015,59.859764
Tunisia,TUN,2016,56.69454
Tunisia,TUN,2017,59.729134
Tunisia,TUN,2018,61.173424
Tunisia,TUN,2019,60.463478
Tunisia,TUN,2020,54.58405
Tunisia,TUN,2021,58.59064
Tunisia,TUN,2022,58.584263
Tunisia,TUN,2023,57.906395
Tunisia,TUN,2024,59.3087
Turkey,TUR,1965,41.988743
Turkey,TUR,1966,50.11611
Turkey,TUR,1967,58.8478
Turkey,TUR,1968,70.703316
Turkey,TUR,1969,78.65872
Turkey,TUR,1970,83.33808
Turkey,TUR,1971,98.7893
Turkey,TUR,1972,111.98644
Turkey,TUR,1973,136.55547
Turkey,TUR,1974,132.87135
Turkey,TUR,1975,146.75865
Turkey,TUR,1976,165.77588
Turkey,TUR,1977,187.71225
Turkey,TUR,1978,201.57695
Turkey,TUR,1979,179.0935
Turkey,TUR,1980,182.70168
Turkey,TUR,1981,180.02922
Turkey,TUR,1982,192.67787
Turkey,TUR,1983,202.6174
Turkey,TUR,1984,201.63646
Turkey,TUR,1985,211.20892
Turkey,TUR,1986,228.74448
Turkey,TUR,1987,258.14014
Turkey,TUR,1988,274.34244
Turkey,TUR,1989,258.52664
Turkey,TUR,1990,273.813
Turkey,TUR,1991,266.88058
Turkey,TUR,1992,282.05286
Turkey,TUR,1993,323.31287
Turkey,TUR,1994,309.1395
Turkey,TUR,1995,346.67908
Turkey,TUR,1996,362.10272
Turkey,TUR,1997,356.59906
Turkey,TUR,1998,355.67706
Turkey,TUR,1999,354.10962
Turkey,TUR,2000,370.6987
Turkey,TUR,2001,344.8432
Turkey,TUR,2002,369.48154
Turkey,TUR,2003,363.70947
Turkey,TUR,2004,371.83334
Turkey,TUR,2005,367.38208
Turkey,TUR,2006,381.82663
Turkey,TUR,2007,388.8999
Turkey,TUR,2008,382.55893
Turkey,TUR,2009,389.52692
Turkey,TUR,2010,374.55405
Turkey,TUR,2011,364.07852
Turkey,TUR,2012,383.57196
Turkey,TUR,2013,412.15067
Turkey,TUR,2014,423.3022
Turkey,TUR,2015,498.6641
Turkey,TUR,2016,533.83057
Turkey,TUR,2017,578.77844
Turkey,TUR,2018,579.38214
Turkey,TUR,2019,576.5308
Turkey,TUR,2020,547.5774
Turkey,TUR,2021,581.60455
Turkey,TUR,2022,606.453
Turkey,TUR,2023,645.44495
Turkey,TUR,2024,660.1436
Turkey,TUR,2025,685.7287
Turkmenistan,TKM,1985,57.599358
Turkmenistan,TKM,1986,41.931847
Turkmenistan,TKM,1987,41.88782
Turkmenistan,TKM,1988,41.857544
Turkmenistan,TKM,1989,41.815014
Turkmenistan,TKM,1990,59.836754
Turkmenistan,TKM,1991,45.924984
Turkmenistan,TKM,1992,56.171547
Turkmenistan,TKM,1993,32.156624
Turkmenistan,TKM,1994,32.410946
Turkmenistan,TKM,1995,29.56912
Turkmenistan,TKM,1996,34.288162
Turkmenistan,TKM,1997,34.70121
Turkmenistan,TKM,1998,42.52557
Turkmenistan,TKM,1999,45.137096
Turkmenistan,TKM,2000,47.598164
Turkmenistan,TKM,2001,47.53004
Turkmenistan,TKM,2002,53.796783
Turkmenistan,TKM,2003,60.367184
Turkmenistan,TKM,2004,64.09131
Turkmenistan,TKM,2005,63.109867
Turkmenistan,TKM,2006,61.318146
Turkmenistan,TKM,2007,64.261475
Turkmenistan,TKM,2008,66.04594
Turkmenistan,TKM,2009,62.770817
Turkmenistan,TKM,2010,69.871574
Turkmenistan,TKM,2011,72.5153
Turkmenistan,TKM,2012,75.115166
Turkmenistan,TKM,2013,76.962555
Turkmenistan,TKM,2014,80.377846
Turkmenistan,TKM,2015,77.77804
Turkmenistan,TKM,2016,72.74557
Turkmenistan,TKM,2017,76.42154
Turkmenistan,TKM,2018,73.18286
Turkmenistan,TKM,2019,76.11543
Turkmenistan,TKM,2020,71.88702
Turkmenistan,TKM,2021,71.57167
Turkmenistan,TKM,2022,74.04459
Turkmenistan,TKM,2023,75.23012
Turkmenistan,TKM,2024,77.56339
Turkmenistan,TKM,2025,81.13275
Turks and Caicos Islands,TCA,1980,0
Turks and Caicos Islands,TCA,1981,0
Turks and Caicos Islands,TCA,1982,0
Turks and Caicos Islands,TCA,1983,0
Turks and Caicos Islands,TCA,1984,0
Turks and Caicos Islands,TCA,1985,0
Turks and Caicos Islands,TCA,1986,0
Turks and Caicos Islands,TCA,1987,0
Turks and Caicos Islands,TCA,1988,0
Turks and Caicos Islands,TCA,1989,0
Turks and Caicos Islands,TCA,1990,0
Turks and Caicos Islands,TCA,1991,0
Turks and Caicos Islands,TCA,1992,0
Turks and Caicos Islands,TCA,1993,0
Turks and Caicos Islands,TCA,1994,0
Turks and Caicos Islands,TCA,1995,0.055418868
Turks and Caicos Islands,TCA,1996,0.055570703
Turks and Caicos Islands,TCA,1997,0.055418745
Turks and Caicos Islands,TCA,1998,0.060961127
Turks and Caicos Islands,TCA,1999,0.060961127
Turks and Caicos Islands,TCA,2000,0.28909034
Turks and Caicos Islands,TCA,2001,0.3069197
Turks and Caicos Islands,TCA,2002,0.40869987
Turks and Caicos Islands,TCA,2003,0.42026347
Turks and Caicos Islands,TCA,2004,0.43299875
Turks and Caicos Islands,TCA,2005,0.50941026
Turks and Caicos Islands,TCA,2006,0.5858218
Turks and Caicos Islands,TCA,2007,0.68770385
Turks and Caicos Islands,TCA,2008,0.7322773
Turks and Caicos Islands,TCA,2009,0.7386449
Turks and Caicos Islands,TCA,2010,0.7641154
Turks and Caicos Islands,TCA,2011,0.7641154
Turks and Caicos Islands,TCA,2012,0.7641154
Turks and Caicos Islands,TCA,2013,0.770483
Turks and Caicos Islands,TCA,2014,0.8277917
Turks and Caicos Islands,TCA,2015,0.8531299
Turks and Caicos Islands,TCA,2016,0.88243705
Turks and Caicos Islands,TCA,2017,0.9551442
Turks and Caicos Islands,TCA,2018,1.8636184
Turks and Caicos Islands,TCA,2019,1.8817829
Turks and Caicos Islands,TCA,2020,1.8506734
Turks and Caicos Islands,TCA,2021,1.8921518
Turks and Caicos Islands,TCA,2022,1.8825626
Turks and Caicos Islands,TCA,2023,1.8921987
Turks and Caicos Islands,TCA,2024,1.9017874
Tuvalu,TUV,1980,0
Tuvalu,TUV,1981,0
Tuvalu,TUV,1982,0
Tuvalu,TUV,1983,0
Tuvalu,TUV,1984,0
Tuvalu,TUV,1985,0
Tuvalu,TUV,1986,0
Tuvalu,TUV,1987,0
Tuvalu,TUV,1988,0
Tuvalu,TUV,1989,0
Tuvalu,TUV,1990,0
Tuvalu,TUV,1991,0
Tuvalu,TUV,1992,0
Tuvalu,TUV,1993,0
Tuvalu,TUV,1994,0
Tuvalu,TUV,1995,0
Tuvalu,TUV,1996,0
Tuvalu,TUV,1997,0
Tuvalu,TUV,1998,0
Tuvalu,TUV,1999,0
Tuvalu,TUV,2000,0
Tuvalu,TUV,2001,0
Tuvalu,TUV,2002,0
Tuvalu,TUV,2003,0
Tuvalu,TUV,2004,0
Tuvalu,TUV,2005,0
Tuvalu,TUV,2006,0
Tuvalu,TUV,2007,0
Tuvalu,TUV,2008,0
Tuvalu,TUV,2009,0
Tuvalu,TUV,2010,0
Tuvalu,TUV,2011,0
Tuvalu,TUV,2012,0
Tuvalu,TUV,2013,0
Tuvalu,TUV,2014,0
Tuvalu,TUV,2015,0
Tuvalu,TUV,2016,0
Tuvalu,TUV,2017,0
Tuvalu,TUV,2018,0
Tuvalu,TUV,2020,1.2436101
Tuvalu,TUV,2021,1.2436101
Tuvalu,TUV,2022,0
Tuvalu,TUV,2023,0
Tuvalu,TUV,2024,0
USSR,OWID_USS,1965,1994.8496
USSR,OWID_USS,1966,2136.2473
USSR,OWID_USS,1967,2327.5437
USSR,OWID_USS,1968,2481.1162
USSR,OWID_USS,1969,2638.379
USSR,OWID_USS,1970,2904.4417
USSR,OWID_USS,1971,3079.17
USSR,OWID_USS,1972,3339.661
USSR,OWID_USS,1973,3590.3984
USSR,OWID_USS,1974,3944.1707
USSR,OWID_USS,1975,4134.5967
USSR,OWID_USS,1976,4248.6206
USSR,OWID_USS,1977,4418.7495
USSR,OWID_USS,1978,4689.1055
USSR,OWID_USS,1979,4771.3433
USSR,OWID_USS,1980,5001.7017
USSR,OWID_USS,1981,5045.3105
USSR,OWID_USS,1982,5008.4785
USSR,OWID_USS,1983,4935.318
USSR,OWID_USS,1984,4936.03
Uganda,UGA,1980,3.0414357
Uganda,UGA,1981,1.9412005
Uganda,UGA,1982,2.3051755
Uganda,UGA,1983,2.244513
Uganda,UGA,1984,2.3114913
Uganda,UGA,1985,2.4871633
Uganda,UGA,1986,2.6630845
Uganda,UGA,1987,2.3374863
Uganda,UGA,1988,3.5581725
Uganda,UGA,1989,3.24395
Uganda,UGA,1990,3.5000734
Uganda,UGA,1991,3.8044379
Uganda,UGA,1992,3.9989398
Uganda,UGA,1993,4.111498
Uganda,UGA,1994,4.228342
Uganda,UGA,1995,4.173541
Uganda,UGA,1996,4.2474165
Uganda,UGA,1997,4.3588147
Uganda,UGA,1998,4.94157
Uganda,UGA,1999,4.9415746
Uganda,UGA,2000,5.789022
Uganda,UGA,2001,5.938268
Uganda,UGA,2002,5.9968505
Uganda,UGA,2003,6.295418
Uganda,UGA,2004,6.6631927
Uganda,UGA,2005,8.3132515
Uganda,UGA,2006,9.864367
Uganda,UGA,2007,11.954635
Uganda,UGA,2008,11.948148
Uganda,UGA,2009,12.924429
Uganda,UGA,2010,14.882406
Uganda,UGA,2011,15.813141
Uganda,UGA,2012,15.167372
Uganda,UGA,2013,15.800947
Uganda,UGA,2014,19.041134
Uganda,UGA,2015,18.96747
Uganda,UGA,2016,19.735317
Uganda,UGA,2017,22.14902
Uganda,UGA,2018,23.648014
Uganda,UGA,2019,23.931345
Uganda,UGA,2020,22.606361
Uganda,UGA,2021,24.785221
Uganda,UGA,2022,25.448841
Uganda,UGA,2023,25.278126
Uganda,UGA,2024,25.921396
Ukraine,UKR,1985,759.8965
Ukraine,UKR,1986,762.5025
Ukraine,UKR,1987,792.7689
Ukraine,UKR,1988,728.00604
Ukraine,UKR,1989,695.8076
Ukraine,UKR,1990,771.84216
Ukraine,UKR,1991,739.8972
Ukraine,UKR,1992,474.0513
Ukraine,UKR,1993,341.12875
Ukraine,UKR,1994,294.87924
Ukraine,UKR,1995,305.8107
Ukraine,UKR,1996,189.81409
Ukraine,UKR,1997,219.58102
Ukraine,UKR,1998,200.8744
Ukraine,UKR,1999,151.31075
Ukraine,UKR,2000,142.37785
Ukraine,UKR,2001,157.05496
Ukraine,UKR,2002,159.51822
Ukraine,UKR,2003,165.02756
Ukraine,UKR,2004,165.99037
Ukraine,UKR,2005,170.23021
Ukraine,UKR,2006,174.57892
Ukraine,UKR,2007,180.38002
Ukraine,UKR,2008,172.89476
Ukraine,UKR,2009,168.17966
Ukraine,UKR,2010,161.75578
Ukraine,UKR,2011,161.0955
Ukraine,UKR,2012,159.76318
Ukraine,UKR,2013,151.43329
Ukraine,UKR,2014,133.5871
Ukraine,UKR,2015,119.473564
Ukraine,UKR,2016,123.090195
Ukraine,UKR,2017,122.32527
Ukraine,UKR,2018,123.17294
Ukraine,UKR,2019,127.26085
Ukraine,UKR,2020,139.59264
Ukraine,UKR,2021,153.39626
Ukraine,UKR,2022,140.61356
Ukraine,UKR,2023,152.53209
Ukraine,UKR,2024,155.7529
Ukraine,UKR,2025,154.21066
United Arab Emirates,ARE,1965,0.854533
United Arab Emirates,ARE,1966,0.91204107
United Arab Emirates,ARE,1967,0.98025584
United Arab Emirates,ARE,1968,1.094713
United Arab Emirates,ARE,1969,1.216425
United Arab Emirates,ARE,1970,1.4155911
United Arab Emirates,ARE,1971,1.6705306
United Arab Emirates,ARE,1972,2.1951501
United Arab Emirates,ARE,1973,3.425611
United Arab Emirates,ARE,1974,4.745511
United Arab Emirates,ARE,1975,7.674208
United Arab Emirates,ARE,1976,11.275236
United Arab Emirates,ARE,1977,16.6765
United Arab Emirates,ARE,1978,18.40331
United Arab Emirates,ARE,1979,25.050383
United Arab Emirates,ARE,1980,60.186417
United Arab Emirates,ARE,1981,65.38087
United Arab Emirates,ARE,1982,72.39598
United Arab Emirates,ARE,1983,72.50278
United Arab Emirates,ARE,1984,82.79179
United Arab Emirates,ARE,1985,102.96353
United Arab Emirates,ARE,1986,124.55972
United Arab Emirates,ARE,1987,136.3821
United Arab Emirates,ARE,1988,163.62752
United Arab Emirates,ARE,1989,171.78244
United Arab Emirates,ARE,1990,180.0802
United Arab Emirates,ARE,1991,222.32744
United Arab Emirates,ARE,1992,223.88318
United Arab Emirates,ARE,1993,231.98035
United Arab Emirates,ARE,1994,243.25163
United Arab Emirates,ARE,1995,243.1685
United Arab Emirates,ARE,1996,234.97542
United Arab Emirates,ARE,1997,238.7064
United Arab Emirates,ARE,1998,237.81038
United Arab Emirates,ARE,1999,232.02397
United Arab Emirates,ARE,2000,229.3394
United Arab Emirates,ARE,2001,226.62102
United Arab Emirates,ARE,2002,235.30664
United Arab Emirates,ARE,2003,260.5353
United Arab Emirates,ARE,2004,281.55588
United Arab Emirates,ARE,2005,292.91925
United Arab Emirates,ARE,2006,315.25778
United Arab Emirates,ARE,2007,337.40207
United Arab Emirates,ARE,2008,354.68753
United Arab Emirates,ARE,2009,346.49158
United Arab Emirates,ARE,2010,372.0713
United Arab Emirates,ARE,2011,399.33887
United Arab Emirates,ARE,2012,418.64893
United Arab Emirates,ARE,2013,464.9305
United Arab Emirates,ARE,2014,472.73764
United Arab Emirates,ARE,2015,489.71716
United Arab Emirates,ARE,2016,531.9051
United Arab Emirates,ARE,2017,528.5774
United Arab Emirates,ARE,2018,526.05664
United Arab Emirates,ARE,2019,516.4725
United Arab Emirates,ARE,2020,465.21024
United Arab Emirates,ARE,2021,492.47076
United Arab Emirates,ARE,2022,535.49976
United Arab Emirates,ARE,2023,571.3161
United Arab Emirates,ARE,2024,584.2117
United Arab Emirates,ARE,2025,585.88556
United Kingdom,GBR,1965,885.71954
United Kingdom,GBR,1966,948.91583
United Kingdom,GBR,1967,1019.7785
United Kingdom,GBR,1968,1079.4958
United Kingdom,GBR,1969,1160.3402
United Kingdom,GBR,1970,1228.7844
United Kingdom,GBR,1971,1235.2861
United Kingdom,GBR,1972,1309.8104
United Kingdom,GBR,1973,1344.5009
United Kingdom,GBR,1974,1248.8663
United Kingdom,GBR,1975,1092.2395
United Kingdom,GBR,1976,1085.8422
United Kingdom,GBR,1977,1094.9343
United Kingdom,GBR,1978,1123.2587
United Kingdom,GBR,1979,1133.3358
United Kingdom,GBR,1980,969.12396
United Kingdom,GBR,1981,897.2701
United Kingdom,GBR,1982,907.5991
United Kingdom,GBR,1983,872.7711
United Kingdom,GBR,1984,1072.8423
United Kingdom,GBR,1985,932.16473
United Kingdom,GBR,1986,934.29486
United Kingdom,GBR,1987,908.56946
United Kingdom,GBR,1988,966.5029
United Kingdom,GBR,1989,987.9981
United Kingdom,GBR,1990,1000.7211
United Kingdom,GBR,1991,996.0563
United Kingdom,GBR,1992,1007.1835
United Kingdom,GBR,1993,1012.2387
United Kingdom,GBR,1994,1001.6665
United Kingdom,GBR,1995,989.9536
United Kingdom,GBR,1996,1014.60156
United Kingdom,GBR,1997,985.44324
United Kingdom,GBR,1998,975.0302
United Kingdom,GBR,1999,962.24396
United Kingdom,GBR,2000,951.9543
United Kingdom,GBR,2001,947.54913
United Kingdom,GBR,2002,940.2433
United Kingdom,GBR,2003,947.68243
United Kingdom,GBR,2004,973.8138
United Kingdom,GBR,2005,1001.7658
United Kingdom,GBR,2006,991.9008
United Kingdom,GBR,2007,964.1758
United Kingdom,GBR,2008,944.1476
United Kingdom,GBR,2009,896.8411
United Kingdom,GBR,2010,885.3487
United Kingdom,GBR,2011,863.11084
United Kingdom,GBR,2012,849.97894
United Kingdom,GBR,2013,842.71387
United Kingdom,GBR,2014,838.08716
United Kingdom,GBR,2015,853.71985
United Kingdom,GBR,2016,873.85614
United Kingdom,GBR,2017,884.00006
United Kingdom,GBR,2018,871.1111
United Kingdom,GBR,2019,845.46436
United Kingdom,GBR,2020,666.9992
United Kingdom,GBR,2021,680.13214
United Kingdom,GBR,2022,725.8603
United Kingdom,GBR,2023,739.36206
United Kingdom,GBR,2024,751.9863
United Kingdom,GBR,2025,753.13934
United States,USA,1965,6414.477
United States,USA,1966,6731.245
United States,USA,1967,6988.794
United States,USA,1968,7457.961
United States,USA,1969,7831.838
United States,USA,1970,8176.1914
United States,USA,1971,8461.684
United States,USA,1972,9119.912
United States,USA,1973,9655.255
United States,USA,1974,9271.507
United States,USA,1975,9049.839
United States,USA,1976,9729.595
United States,USA,1977,10271.533
United States,USA,1978,10501.414
United States,USA,1979,10257.833
United States,USA,1980,9453.472
United States,USA,1981,8812.755
United States,USA,1982,8350.531
United States,USA,1983,8311.476
United States,USA,1984,8573.317
United States,USA,1985,8540.438
United States,USA,1986,8955.2295
United States,USA,1987,9141.365
United States,USA,1988,9520.579
United States,USA,1989,9516.244
United States,USA,1990,9312.968
United States,USA,1991,9115.13
United States,USA,1992,9304.076
United States,USA,1993,9384.226
United States,USA,1994,9627.001
United States,USA,1995,9601.863
United States,USA,1996,9951.23
United States,USA,1997,10083.183
United States,USA,1998,10253.9795
United States,USA,1999,10541.184
United States,USA,2000,10658.291
United States,USA,2001,10638.261
United States,USA,2002,10646.068
United States,USA,2003,10806.407
United States,USA,2004,11201.423
United States,USA,2005,11217.504
United States,USA,2006,11073.52
United States,USA,2007,11005.194
United States,USA,2008,10277.923
United States,USA,2009,9740.206
United States,USA,2010,9894.7
United States,USA,2011,9697.141
United States,USA,2012,9473.154
United States,USA,2013,9628.156
United States,USA,2014,9692.745
United States,USA,2015,9890.621
United States,USA,2016,9964.751
United States,USA,2017,10061.973
United States,USA,2018,10302.979
United States,USA,2019,10287.035
United States,USA,2020,9035.038
United States,USA,2021,9868.575
United States,USA,2022,9929.976
United States,USA,2023,9967.523
United States,USA,2024,10018.252
United States,USA,2025,10117.78
United States Virgin Islands,VIR,1980,12.49742
United States Virgin Islands,VIR,1981,12.463276
United States Virgin Islands,VIR,1982,12.463276
United States Virgin Islands,VIR,1983,12.463276
United States Virgin Islands,VIR,1984,12.49742
United States Virgin Islands,VIR,1985,12.463276
United States Virgin Islands,VIR,1986,12.463276
United States Virgin Islands,VIR,1987,12.514389
United States Virgin Islands,VIR,1988,12.235281
United States Virgin Islands,VIR,1989,12.187185
United States Virgin Islands,VIR,1990,12.109654
United States Virgin Islands,VIR,1991,12.127275
United States Virgin Islands,VIR,1992,12.226728
United States Virgin Islands,VIR,1993,12.395263
United States Virgin Islands,VIR,1994,12.037382
United States Virgin Islands,VIR,1995,11.866148
United States Virgin Islands,VIR,1996,11.725625
United States Virgin Islands,VIR,1997,11.699031
United States Virgin Islands,VIR,1998,11.729876
United States Virgin Islands,VIR,1999,12.072186
United States Virgin Islands,VIR,2000,38.690483
United States Virgin Islands,VIR,2001,56.09195
United States Virgin Islands,VIR,2002,55.74785
United States Virgin Islands,VIR,2003,65.64431
United States Virgin Islands,VIR,2004,67.30146
United States Virgin Islands,VIR,2005,65.83306
United States Virgin Islands,VIR,2006,70.04831
United States Virgin Islands,VIR,2007,65.39197
United States Virgin Islands,VIR,2008,37.897533
United States Virgin Islands,VIR,2009,33.080082
United States Virgin Islands,VIR,2010,29.931154
United States Virgin Islands,VIR,2011,19.814995
United States Virgin Islands,VIR,2012,11.352648
United States Virgin Islands,VIR,2013,5.947366
United States Virgin Islands,VIR,2014,12.14209
United States Virgin Islands,VIR,2015,12.019238
United States Virgin Islands,VIR,2016,9.944326
United States Virgin Islands,VIR,2017,9.919394
United States Virgin Islands,VIR,2018,9.919394
United States Virgin Islands,VIR,2019,9.919394
United States Virgin Islands,VIR,2020,9.264964
United States Virgin Islands,VIR,2021,9.7653
United States Virgin Islands,VIR,2022,9.262788
United States Virgin Islands,VIR,2023,9.695227
United States Virgin Islands,VIR,2024,9.842343
Upper-middle-income countries,OWID_UMC,1965,3302.1758
Upper-middle-income countries,OWID_UMC,1966,3598.9956
Upper-middle-income countries,OWID_UMC,1967,3868.6814
Upper-middle-income countries,OWID_UMC,1968,4170.94
Upper-middle-income countries,OWID_UMC,1969,4493.9473
Upper-middle-income countries,OWID_UMC,1970,4957.582
Upper-middle-income countries,OWID_UMC,1971,5370.7095
Upper-middle-income countries,OWID_UMC,1972,5876.23
Upper-middle-income countries,OWID_UMC,1973,6459.074
Upper-middle-income countries,OWID_UMC,1974,7015.248
Upper-middle-income countries,OWID_UMC,1975,7410.1255
Upper-middle-income countries,OWID_UMC,1976,7805.087
Upper-middle-income countries,OWID_UMC,1977,8221.325
Upper-middle-income countries,OWID_UMC,1978,8776.137
Upper-middle-income countries,OWID_UMC,1979,9006.851
Upper-middle-income countries,OWID_UMC,1980,9203.975
Upper-middle-income countries,OWID_UMC,1981,9226.98
Upper-middle-income countries,OWID_UMC,1982,9259.437
Upper-middle-income countries,OWID_UMC,1983,9270.722
Upper-middle-income countries,OWID_UMC,1984,9405.755
Upper-middle-income countries,OWID_UMC,1985,6048.261
Upper-middle-income countries,OWID_UMC,1986,6208.0386
Upper-middle-income countries,OWID_UMC,1987,6478.4766
Upper-middle-income countries,OWID_UMC,1988,6618.8667
Upper-middle-income countries,OWID_UMC,1989,6782.772
Upper-middle-income countries,OWID_UMC,1990,7164.209
Upper-middle-income countries,OWID_UMC,1991,7290.1074
Upper-middle-income countries,OWID_UMC,1992,7351.753
Upper-middle-income countries,OWID_UMC,1993,7560.885
Upper-middle-income countries,OWID_UMC,1994,7711.416
Upper-middle-income countries,OWID_UMC,1995,8025.4795
Upper-middle-income countries,OWID_UMC,1996,8356.651
Upper-middle-income countries,OWID_UMC,1997,8905.797
Upper-middle-income countries,OWID_UMC,1998,8841.762
Upper-middle-income countries,OWID_UMC,1999,8870.696
Upper-middle-income countries,OWID_UMC,2000,9314.945
Upper-middle-income countries,OWID_UMC,2001,9411.559
Upper-middle-income countries,OWID_UMC,2002,9648.943
Upper-middle-income countries,OWID_UMC,2003,10049.861
Upper-middle-income countries,OWID_UMC,2004,10964.828
Upper-middle-income countries,OWID_UMC,2005,11100.254
Upper-middle-income countries,OWID_UMC,2006,11495.069
Upper-middle-income countries,OWID_UMC,2007,11950.7295
Upper-middle-income countries,OWID_UMC,2008,12131.205
Upper-middle-income countries,OWID_UMC,2009,12222.256
Upper-middle-income countries,OWID_UMC,2010,13098.718
Upper-middle-income countries,OWID_UMC,2011,13557.511
Upper-middle-income countries,OWID_UMC,2012,14158.827
Upper-middle-income countries,OWID_UMC,2013,14608.299
Upper-middle-income countries,OWID_UMC,2014,14798.882
Upper-middle-income countries,OWID_UMC,2015,15138.771
Upper-middle-income countries,OWID_UMC,2016,15454.975
Upper-middle-income countries,OWID_UMC,2017,15972.005
Upper-middle-income countries,OWID_UMC,2018,16352.548
Upper-middle-income countries,OWID_UMC,2019,16597.943
Upper-middle-income countries,OWID_UMC,2020,15748.65
Upper-middle-income countries,OWID_UMC,2021,16591.027
Upper-middle-income countries,OWID_UMC,2022,17270.678
Upper-middle-income countries,OWID_UMC,2023,18341.166
Upper-middle-income countries,OWID_UMC,2024,18520.732
Upper-middle-income countries,OWID_UMC,2025,18927.922
Uruguay,URY,1980,24.741241
Uruguay,URY,1981,22.206278
Uruguay,URY,1982,20.972597
Uruguay,URY,1983,16.654709
Uruguay,URY,1984,16.081806
Uruguay,URY,1985,14.804186
Uruguay,URY,1986,14.434081
Uruguay,URY,1987,16.605923
Uruguay,URY,1988,20.99868
Uruguay,URY,1989,19.966476
Uruguay,URY,1990,19.37954
Uruguay,URY,1991,18.105602
Uruguay,URY,1992,19.805956
Uruguay,URY,1993,21.539068
Uruguay,URY,1994,19.9476
Uruguay,URY,1995,18.568808
Uruguay,URY,1996,20.550144
Uruguay,URY,1997,22.222776
Uruguay,URY,1998,26.761702
Uruguay,URY,1999,29.29552
Uruguay,URY,2000,26.276758
Uruguay,URY,2001,25.560806
Uruguay,URY,2002,20.01297
Uruguay,URY,2003,21.81279
Uruguay,URY,2004,27.601515
Uruguay,URY,2005,27.51757
Uruguay,URY,2006,29.81682
Uruguay,URY,2007,28.281174
Uruguay,URY,2008,38.88453
Uruguay,URY,2009,39.67262
Uruguay,URY,2010,32.881523
Uruguay,URY,2011,36.919247
Uruguay,URY,2012,39.969513
Uruguay,URY,2013,35.229206
Uruguay,URY,2014,31.312057
Uruguay,URY,2015,32.653656
Uruguay,URY,2016,31.599802
Uruguay,URY,2017,28.082363
Uruguay,URY,2018,28.950039
Uruguay,URY,2019,31.162748
Uruguay,URY,2020,28.419373
Uruguay,URY,2021,34.144714
Uruguay,URY,2022,33.0149
Uruguay,URY,2023,33.298115
Uruguay,URY,2024,33.32681
Uzbekistan,UZB,1985,121.316246
Uzbekistan,UZB,1986,123.91321
Uzbekistan,UZB,1987,125.95904
Uzbekistan,UZB,1988,130.77919
Uzbekistan,UZB,1989,132.4572
Uzbekistan,UZB,1990,130.16013
Uzbekistan,UZB,1991,123.54609
Uzbekistan,UZB,1992,103.296524
Uzbekistan,UZB,1993,90.410934
Uzbekistan,UZB,1994,81.23024
Uzbekistan,UZB,1995,77.41448
Uzbekistan,UZB,1996,75.80992
Uzbekistan,UZB,1997,81.13396
Uzbekistan,UZB,1998,81.237206
Uzbekistan,UZB,1999,79.63782
Uzbekistan,UZB,2000,76.6758
Uzbekistan,UZB,2001,75.08361
Uzbekistan,UZB,2002,72.51792
Uzbekistan,UZB,2003,83.10276
Uzbekistan,UZB,2004,70.49162
Uzbekistan,UZB,2005,57.298843
Uzbekistan,UZB,2006,57.645462
Uzbekistan,UZB,2007,51.99987
Uzbekistan,UZB,2008,50.467228
Uzbekistan,UZB,2009,50.98409
Uzbekistan,UZB,2010,47.18806
Uzbekistan,UZB,2011,43.732677
Uzbekistan,UZB,2012,42.752056
Uzbekistan,UZB,2013,50.06234
Uzbekistan,UZB,2014,47.044067
Uzbekistan,UZB,2015,49.760334
Uzbekistan,UZB,2016,52.583706
Uzbekistan,UZB,2017,52.862904
Uzbekistan,UZB,2018,55.10265
Uzbekistan,UZB,2019,57.597263
Uzbekistan,UZB,2020,60.472813
Uzbekistan,UZB,2021,59.14628
Uzbekistan,UZB,2022,67.04259
Uzbekistan,UZB,2023,74.01279
Uzbekistan,UZB,2024,73.10577
Uzbekistan,UZB,2025,73.24929
Vanuatu,VUT,1980,0.5194065
Vanuatu,VUT,1981,0.4532389
Vanuatu,VUT,1982,0.4532389
Vanuatu,VUT,1983,0.4532389
Vanuatu,VUT,1984,0.45448068
Vanuatu,VUT,1985,0.5179873
Vanuatu,VUT,1986,0.48273182
Vanuatu,VUT,1987,0.42654
Vanuatu,VUT,1988,0.5525972
Vanuatu,VUT,1989,0.4839085
Vanuatu,VUT,1990,0.4839085
Vanuatu,VUT,1991,0.40459403
Vanuatu,VUT,1992,0.21218391
Vanuatu,VUT,1993,0.21166553
Vanuatu,VUT,1994,0.21166553
Vanuatu,VUT,1995,0.21166553
Vanuatu,VUT,1996,0.21218391
Vanuatu,VUT,1997,0.21166553
Vanuatu,VUT,1998,0.21166553
Vanuatu,VUT,1999,0.21167545
Vanuatu,VUT,2000,0.38192254
Vanuatu,VUT,2001,0.4253848
Vanuatu,VUT,2002,0.40593863
Vanuatu,VUT,2003,0.47634575
Vanuatu,VUT,2004,0.38338098
Vanuatu,VUT,2005,0.38338587
Vanuatu,VUT,2006,0.35560423
Vanuatu,VUT,2007,0.57652485
Vanuatu,VUT,2008,0.5684747
Vanuatu,VUT,2009,0.6569943
Vanuatu,VUT,2010,0.66478354
Vanuatu,VUT,2011,0.77103865
Vanuatu,VUT,2012,0.6361926
Vanuatu,VUT,2013,0.61246276
Vanuatu,VUT,2014,0.7000515
Vanuatu,VUT,2015,0.65186626
Vanuatu,VUT,2016,0.66528153
Vanuatu,VUT,2017,0.7471976
Vanuatu,VUT,2018,0.94807607
Vanuatu,VUT,2019,0.9103843
Vanuatu,VUT,2020,1.0631212
Vanuatu,VUT,2021,1.1243408
Vanuatu,VUT,2022,1.1286167
Vanuatu,VUT,2023,1.2613134
Vanuatu,VUT,2024,1.3314849
Venezuela,VEN,1965,112.02376
Venezuela,VEN,1966,110.1053
Venezuela,VEN,1967,112.342155
Venezuela,VEN,1968,122.373314
Venezuela,VEN,1969,120.897606
Venezuela,VEN,1970,126.47978
Venezuela,VEN,1971,127.675095
Venezuela,VEN,1972,139.25276
Venezuela,VEN,1973,152.8878
Venezuela,VEN,1974,153.03568
Venezuela,VEN,1975,163.226
Venezuela,VEN,1976,162.08641
Venezuela,VEN,1977,181.66402
Venezuela,VEN,1978,190.12607
Venezuela,VEN,1979,203.9937
Venezuela,VEN,1980,246.92775
Venezuela,VEN,1981,261.63846
Venezuela,VEN,1982,258.5842
Venezuela,VEN,1983,252.51303
Venezuela,VEN,1984,236.95323
Venezuela,VEN,1985,242.40807
Venezuela,VEN,1986,252.81496
Venezuela,VEN,1987,240.25777
Venezuela,VEN,1988,248.76485
Venezuela,VEN,1989,242.61266
Venezuela,VEN,1990,244.9972
Venezuela,VEN,1991,232.8189
Venezuela,VEN,1992,277.84363
Venezuela,VEN,1993,250.98235
Venezuela,VEN,1994,280.13885
Venezuela,VEN,1995,269.93954
Venezuela,VEN,1996,219.43677
Venezuela,VEN,1997,237.40268
Venezuela,VEN,1998,221.13942
Venezuela,VEN,1999,247.98494
Venezuela,VEN,2000,274.5401
Venezuela,VEN,2001,310.38766
Venezuela,VEN,2002,326.44745
Venezuela,VEN,2003,277.97723
Venezuela,VEN,2004,299.71182
Venezuela,VEN,2005,323.6661
Venezuela,VEN,2006,349.98526
Venezuela,VEN,2007,366.5889
Venezuela,VEN,2008,405.98865
Venezuela,VEN,2009,426.13004
Venezuela,VEN,2010,429.24103
Venezuela,VEN,2011,444.8657
Venezuela,VEN,2012,482.14752
Venezuela,VEN,2013,489.14056
Venezuela,VEN,2014,452.41968
Venezuela,VEN,2015,395.10608
Venezuela,VEN,2016,342.9766
Venezuela,VEN,2017,295.5038
Venezuela,VEN,2018,239.8746
Venezuela,VEN,2019,233.22482
Venezuela,VEN,2020,131.44684
Venezuela,VEN,2021,143.22684
Venezuela,VEN,2022,168.24236
Venezuela,VEN,2023,204.50266
Venezuela,VEN,2024,178.37195
Venezuela,VEN,2025,176.87067
Vietnam,VNM,1965,18.011541
Vietnam,VNM,1966,39.36429
Vietnam,VNM,1967,57.65242
Vietnam,VNM,1968,58.8141
Vietnam,VNM,1969,71.08363
Vietnam,VNM,1970,73.69463
Vietnam,VNM,1971,62.343384
Vietnam,VNM,1972,64.54946
Vietnam,VNM,1973,63.385326
Vietnam,VNM,1974,38.68622
Vietnam,VNM,1975,36.901665
Vietnam,VNM,1976,9.623759
Vietnam,VNM,1977,9.533664
Vietnam,VNM,1978,11.557438
Vietnam,VNM,1979,13.354331
Vietnam,VNM,1980,23.303205
Vietnam,VNM,1981,20.274591
Vietnam,VNM,1982,20.611074
Vietnam,VNM,1983,23.580103
Vietnam,VNM,1984,23.051208
Vietnam,VNM,1985,24.33014
Vietnam,VNM,1986,26.377874
Vietnam,VNM,1987,30.733547
Vietnam,VNM,1988,32.11995
Vietnam,VNM,1989,29.874668
Vietnam,VNM,1990,35.01246
Vietnam,VNM,1991,34.170475
Vietnam,VNM,1992,37.35379
Vietnam,VNM,1993,47.770557
Vietnam,VNM,1994,52.940754
Vietnam,VNM,1995,58.44378
Vietnam,VNM,1996,67.26731
Vietnam,VNM,1997,76.64519
Vietnam,VNM,1998,84.68616
Vietnam,VNM,1999,93.28242
Vietnam,VNM,2000,101.14568
Vietnam,VNM,2001,109.64855
Vietnam,VNM,2002,120.41934
Vietnam,VNM,2003,128.19476
Vietnam,VNM,2004,162.89162
Vietnam,VNM,2005,151.45514
Vietnam,VNM,2006,148.54881
Vietnam,VNM,2007,165.37703
Vietnam,VNM,2008,173.4066
Vietnam,VNM,2009,176.76808
Vietnam,VNM,2010,200.77858
Vietnam,VNM,2011,198.8463
Vietnam,VNM,2012,193.34613
Vietnam,VNM,2013,197.83301
Vietnam,VNM,2014,210.36154
Vietnam,VNM,2015,221.6576
Vietnam,VNM,2016,248.60498
Vietnam,VNM,2017,259.5756
Vietnam,VNM,2018,290.12668
Vietnam,VNM,2019,294.10193
Vietnam,VNM,2020,271.12466
Vietnam,VNM,2021,236.76315
Vietnam,VNM,2022,309.93494
Vietnam,VNM,2023,339.39584
Vietnam,VNM,2024,366.35706
Vietnam,VNM,2025,379.7858
West Germany,OWID_GFR,1980,1677.1506
West Germany,OWID_GFR,1981,1509.6732
West Germany,OWID_GFR,1982,1458.8221
West Germany,OWID_GFR,1983,1425.3145
West Germany,OWID_GFR,1984,1325.4385
West Germany,OWID_GFR,1985,1386.3376
West Germany,OWID_GFR,1986,1474.7777
West Germany,OWID_GFR,1987,1440.1895
West Germany,OWID_GFR,1988,1456.6177
West Germany,OWID_GFR,1989,1375.6122
West Germany,OWID_GFR,1990,1448.3003
Western Sahara,ESH,1980,0.69326997
Western Sahara,ESH,1981,0.6913758
Western Sahara,ESH,1982,0.7542281
Western Sahara,ESH,1983,0.7542281
Western Sahara,ESH,1984,0.75629455
Western Sahara,ESH,1985,0.8170805
Western Sahara,ESH,1986,0.78926206
Western Sahara,ESH,1987,0.8024358
Western Sahara,ESH,1988,0.80434656
Western Sahara,ESH,1989,0.8024358
Western Sahara,ESH,1990,0.86474633
Western Sahara,ESH,1991,0.86474633
Western Sahara,ESH,1992,0.86682785
Western Sahara,ESH,1993,0.82621384
Western Sahara,ESH,1994,0.82621384
Western Sahara,ESH,1995,0.93199897
Western Sahara,ESH,1996,0.9342647
Western Sahara,ESH,1997,0.93199897
Western Sahara,ESH,1998,0.93199897
Western Sahara,ESH,1999,0.9320109
Western Sahara,ESH,2000,1.0689285
Western Sahara,ESH,2001,1.0689285
Western Sahara,ESH,2002,1.0689285
Western Sahara,ESH,2003,1.0689285
Western Sahara,ESH,2004,1.0689285
Western Sahara,ESH,2005,1.0689285
Western Sahara,ESH,2006,1.0689285
Western Sahara,ESH,2007,1.0689285
Western Sahara,ESH,2008,1.0689285
Western Sahara,ESH,2009,1.0689285
Western Sahara,ESH,2010,1.0689285
Western Sahara,ESH,2011,1.0689285
Western Sahara,ESH,2012,1.0718571
Western Sahara,ESH,2013,1.0689285
Western Sahara,ESH,2014,1.0689285
Western Sahara,ESH,2015,1.0680213
Western Sahara,ESH,2016,1.0656115
Western Sahara,ESH,2017,1.0879078
Western Sahara,ESH,2018,1.0879078
Western Sahara,ESH,2019,1.0879078
Western Sahara,ESH,2020,1.0387679
Western Sahara,ESH,2021,1.0960758
Western Sahara,ESH,2022,1.1305431
Western Sahara,ESH,2023,1.1712292
Western Sahara,ESH,2024,1.2425328
World,OWID_WRL,1900,234.94925
World,OWID_WRL,1901,262.838
World,OWID_WRL,1902,285.38855
World,OWID_WRL,1903,305.04327
World,OWID_WRL,1904,342.5384
World,OWID_WRL,1905,336.89786
World,OWID_WRL,1906,335.54874
World,OWID_WRL,1907,414.90024
World,OWID_WRL,1908,448.53424
World,OWID_WRL,1909,471.31738
World,OWID_WRL,1910,512.63873
World,OWID_WRL,1911,543.0047
World,OWID_WRL,1912,551.7505
World,OWID_WRL,1913,608.3304
World,OWID_WRL,1914,626.5895
World,OWID_WRL,1915,672.5629
World,OWID_WRL,1916,721.4903
World,OWID_WRL,1917,797.5388
World,OWID_WRL,1918,791.8169
World,OWID_WRL,1919,901.77856
World,OWID_WRL,1920,1155.3823
World,OWID_WRL,1921,1250.8414
World,OWID_WRL,1922,1396.228
World,OWID_WRL,1923,1651.332
World,OWID_WRL,1924,1646.6685
World,OWID_WRL,1925,1726.5084
World,OWID_WRL,1926,1771.9933
World,OWID_WRL,1927,2023.1199
World,OWID_WRL,1928,2124.5918
World,OWID_WRL,1929,2381.731
World,OWID_WRL,1930,2271.2344
World,OWID_WRL,1931,2197.5117
World,OWID_WRL,1932,2097.3774
World,OWID_WRL,1933,2290.2725
World,OWID_WRL,1934,2416.8884
World,OWID_WRL,1935,2627.659
World,OWID_WRL,1936,2861.701
World,OWID_WRL,1937,3257.1443
World,OWID_WRL,1938,3179.6301
World,OWID_WRL,1939,3312.7822
World,OWID_WRL,1940,3419.4875
World,OWID_WRL,1941,3522.4246
World,OWID_WRL,1942,3315.6084
World,OWID_WRL,1943,3568.0955
World,OWID_WRL,1944,4098.133
World,OWID_WRL,1945,4093.3413
World,OWID_WRL,1946,4354.1787
World,OWID_WRL,1947,4796.5376
World,OWID_WRL,1948,5428.8726
World,OWID_WRL,1949,5397.739
World,OWID_WRL,1950,6055.5776
World,OWID_WRL,1951,6867.236
World,OWID_WRL,1952,7218.299
World,OWID_WRL,1953,7632.513
World,OWID_WRL,1954,7990.694
World,OWID_WRL,1955,8955.484
World,OWID_WRL,1956,9745.858
World,OWID_WRL,1957,10270.768
World,OWID_WRL,1958,10527.976
World,OWID_WRL,1959,11360.858
World,OWID_WRL,1960,12240.842
World,OWID_WRL,1961,13029.392
World,OWID_WRL,1962,14133.671
World,OWID_WRL,1963,15164.044
World,OWID_WRL,1964,16376.738
World,OWID_WRL,1965,18007.855
World,OWID_WRL,1966,19422.682
World,OWID_WRL,1967,20775.05
World,OWID_WRL,1968,22506.53
World,OWID_WRL,1969,24441.367
World,OWID_WRL,1970,26680.227
World,OWID_WRL,1971,28111.89
World,OWID_WRL,1972,30331.986
World,OWID_WRL,1973,32726.385
World,OWID_WRL,1974,32226.29
World,OWID_WRL,1975,31996.926
World,OWID_WRL,1976,34062.145
World,OWID_WRL,1977,35194.77
World,OWID_WRL,1978,36713.348
World,OWID_WRL,1979,37183.586
World,OWID_WRL,1980,35569.105
World,OWID_WRL,1981,34290.246
World,OWID_WRL,1982,33266.688
World,OWID_WRL,1983,33100.695
World,OWID_WRL,1984,33627.145
World,OWID_WRL,1985,33681.215
World,OWID_WRL,1986,34710.734
World,OWID_WRL,1987,35505.707
World,OWID_WRL,1988,36633.867
World,OWID_WRL,1989,37234.207
World,OWID_WRL,1990,37663.418
World,OWID_WRL,1991,37726.94
World,OWID_WRL,1992,38254.305
World,OWID_WRL,1993,38091.324
World,OWID_WRL,1994,38945.348
World,OWID_WRL,1995,39496.734
World,OWID_WRL,1996,40392.703
World,OWID_WRL,1997,41471.777
World,OWID_WRL,1998,41629.344
World,OWID_WRL,1999,42310.426
World,OWID_WRL,2000,42987.125
World,OWID_WRL,2001,43387.61
World,OWID_WRL,2002,43717.676
World,OWID_WRL,2003,44653.766
World,OWID_WRL,2004,46418.55
World,OWID_WRL,2005,46891.203
World,OWID_WRL,2006,47462.332
World,OWID_WRL,2007,48009.984
World,OWID_WRL,2008,47599.965
World,OWID_WRL,2009,46563.535
World,OWID_WRL,2010,48191.35
World,OWID_WRL,2011,48617.004
World,OWID_WRL,2012,49345.402
World,OWID_WRL,2013,49865.094
World,OWID_WRL,2014,50270.26
World,OWID_WRL,2015,51280.73
World,OWID_WRL,2016,52248.414
World,OWID_WRL,2017,53142.97
World,OWID_WRL,2018,53727.49
World,OWID_WRL,2019,53767.996
World,OWID_WRL,2020,48859.16
World,OWID_WRL,2021,51643.17
World,OWID_WRL,2022,53404.652
World,OWID_WRL,2023,54656.465
World,OWID_WRL,2024,55289.016
World,OWID_WRL,2025,55825.84
Yemen,YEM,1980,27.986021
Yemen,YEM,1981,28.529768
Yemen,YEM,1982,33.491467
Yemen,YEM,1983,31.010618
Yemen,YEM,1984,38.558517
Yemen,YEM,1985,42.79465
Yemen,YEM,1986,41.1821
Yemen,YEM,1987,40.83862
Yemen,YEM,1988,42.12204
Yemen,YEM,1989,44.990585
Yemen,YEM,1990,47.05994
Yemen,YEM,1991,48.70098
Yemen,YEM,1992,51.04823
Yemen,YEM,1993,42.06183
Yemen,YEM,1994,39.833626
Yemen,YEM,1995,44.17098
Yemen,YEM,1996,44.43369
Yemen,YEM,1997,45.844643
Yemen,YEM,1998,49.638477
Yemen,YEM,1999,37.269745
Yemen,YEM,2000,60.13737
Yemen,YEM,2001,64.71264
Yemen,YEM,2002,65.27977
Yemen,YEM,2003,74.84437
Yemen,YEM,2004,79.02306
Yemen,YEM,2005,83.28437
Yemen,YEM,2006,83.2133
Yemen,YEM,2007,88.35374
Yemen,YEM,2008,92.4148
Yemen,YEM,2009,98.05836
Yemen,YEM,2010,87.780624
Yemen,YEM,2011,75.070946
Yemen,YEM,2012,65.98456
Yemen,YEM,2013,89.60938
Yemen,YEM,2014,89.9536
Yemen,YEM,2015,41.79826
Yemen,YEM,2016,35.01871
Yemen,YEM,2017,49.357597
Yemen,YEM,2018,60.71428
Yemen,YEM,2019,66.24875
Yemen,YEM,2020,61.1183
Yemen,YEM,2021,59.9397
Yemen,YEM,2022,61.44986
Yemen,YEM,2023,57.55287
Yemen,YEM,2024,58.19392
Yugoslavia,OWID_YGS,1980,187.30093
Yugoslavia,OWID_YGS,1981,176.86018
Yugoslavia,OWID_YGS,1982,177.48074
Yugoslavia,OWID_YGS,1983,165.69006
Yugoslavia,OWID_YGS,1984,202.23523
Yugoslavia,OWID_YGS,1985,205.40604
Yugoslavia,OWID_YGS,1986,189.2742
Yugoslavia,OWID_YGS,1987,194.79971
Yugoslavia,OWID_YGS,1988,196.89815
Yugoslavia,OWID_YGS,1989,193.48781
Yugoslavia,OWID_YGS,1990,197.24489
Yugoslavia,OWID_YGS,1991,155.91089
Zambia,ZMB,1980,9.885084
Zambia,ZMB,1981,8.625815
Zambia,ZMB,1982,8.625815
Zambia,ZMB,1983,8.625815
Zambia,ZMB,1984,8.0316305
Zambia,ZMB,1985,7.3935566
Zambia,ZMB,1986,7.3294663
Zambia,ZMB,1987,7.729228
Zambia,ZMB,1988,8.410522
Zambia,ZMB,1989,8.260176
Zambia,ZMB,1990,8.187801
Zambia,ZMB,1991,6.887388
Zambia,ZMB,1992,7.9756155
Zambia,ZMB,1993,6.5782743
Zambia,ZMB,1994,6.5237403
Zambia,ZMB,1995,6.584393
Zambia,ZMB,1996,6.849515
Zambia,ZMB,1997,6.8308005
Zambia,ZMB,1998,7.2651024
Zambia,ZMB,1999,6.820649
Zambia,ZMB,2000,6.5355377
Zambia,ZMB,2001,6.857609
Zambia,ZMB,2002,7.2547874
Zambia,ZMB,2003,7.6667066
Zambia,ZMB,2004,8.068332
Zambia,ZMB,2005,8.356333
Zambia,ZMB,2006,8.68096
Zambia,ZMB,2007,6.474666
Zambia,ZMB,2008,7.481261
Zambia,ZMB,2009,7.716735
Zambia,ZMB,2010,8.091438
Zambia,ZMB,2011,9.6109495
Zambia,ZMB,2012,11.744269
Zambia,ZMB,2013,11.720404
Zambia,ZMB,2014,13.463086
Zambia,ZMB,2015,14.336751
Zambia,ZMB,2016,13.949516
Zambia,ZMB,2017,15.685689
Zambia,ZMB,2018,15.302006
Zambia,ZMB,2019,16.821312
Zambia,ZMB,2020,18.078106
Zambia,ZMB,2021,19.092398
Zambia,ZMB,2022,20.00546
Zambia,ZMB,2023,21.869175
Zambia,ZMB,2024,22.436148
Zimbabwe,ZWE,1980,7.8593836
Zimbabwe,ZWE,1981,9.043742
Zimbabwe,ZWE,1982,7.2349935
Zimbabwe,ZWE,1983,9.043742
Zimbabwe,ZWE,1984,9.068519
Zimbabwe,ZWE,1985,9.043742
Zimbabwe,ZWE,1986,9.706949
Zimbabwe,ZWE,1987,10.575654
Zimbabwe,ZWE,1988,10.5594015
Zimbabwe,ZWE,1989,11.596066
Zimbabwe,ZWE,1990,12.346308
Zimbabwe,ZWE,1991,14.293125
Zimbabwe,ZWE,1992,12.606783
Zimbabwe,ZWE,1993,13.402689
Zimbabwe,ZWE,1994,13.7532215
Zimbabwe,ZWE,1995,14.69171
Zimbabwe,ZWE,1996,16.805655
Zimbabwe,ZWE,1997,18.272455
Zimbabwe,ZWE,1998,18.331545
Zimbabwe,ZWE,1999,18.331545
Zimbabwe,ZWE,2000,13.290702
Zimbabwe,ZWE,2001,13.115346
Zimbabwe,ZWE,2002,11.728739
Zimbabwe,ZWE,2003,9.528558
Zimbabwe,ZWE,2004,7.961658
Zimbabwe,ZWE,2005,8.642931
Zimbabwe,ZWE,2006,8.308502
Zimbabwe,ZWE,2007,8.165103
Zimbabwe,ZWE,2008,6.992673
Zimbabwe,ZWE,2009,6.894896
Zimbabwe,ZWE,2010,7.679467
Zimbabwe,ZWE,2011,13.984152
Zimbabwe,ZWE,2012,15.844414
Zimbabwe,ZWE,2013,17.59575
Zimbabwe,ZWE,2014,16.013819
Zimbabwe,ZWE,2015,16.461115
Zimbabwe,ZWE,2016,14.721165
Zimbabwe,ZWE,2017,14.627545
Zimbabwe,ZWE,2018,17.644186
Zimbabwe,ZWE,2019,15.9344
Zimbabwe,ZWE,2020,12.742115
Zimbabwe,ZWE,2021,15.54177
Zimbabwe,ZWE,2022,18.889193
Zimbabwe,ZWE,2023,21.897099
Zimbabwe,ZWE,2024,22.430666