Entity,Code,Year,Gas
Afghanistan,AFG,1900,0
Afghanistan,AFG,1901,0
Afghanistan,AFG,1902,0
Afghanistan,AFG,1903,0
Afghanistan,AFG,1904,0
Afghanistan,AFG,1905,0
Afghanistan,AFG,1906,0
Afghanistan,AFG,1907,0
Afghanistan,AFG,1908,0
Afghanistan,AFG,1909,0
Afghanistan,AFG,1910,0
Afghanistan,AFG,1911,0
Afghanistan,AFG,1912,0
Afghanistan,AFG,1913,0
Afghanistan,AFG,1914,0
Afghanistan,AFG,1915,0
Afghanistan,AFG,1916,0
Afghanistan,AFG,1917,0
Afghanistan,AFG,1918,0
Afghanistan,AFG,1919,0
Afghanistan,AFG,1920,0
Afghanistan,AFG,1921,0
Afghanistan,AFG,1922,0
Afghanistan,AFG,1923,0
Afghanistan,AFG,1924,0
Afghanistan,AFG,1925,0
Afghanistan,AFG,1926,0
Afghanistan,AFG,1927,0
Afghanistan,AFG,1928,0
Afghanistan,AFG,1929,0
Afghanistan,AFG,1930,0
Afghanistan,AFG,1931,0
Afghanistan,AFG,1932,0
Afghanistan,AFG,1933,0
Afghanistan,AFG,1934,0
Afghanistan,AFG,1935,0
Afghanistan,AFG,1936,0
Afghanistan,AFG,1937,0
Afghanistan,AFG,1938,0
Afghanistan,AFG,1939,0
Afghanistan,AFG,1940,0
Afghanistan,AFG,1941,0
Afghanistan,AFG,1942,0
Afghanistan,AFG,1943,0
Afghanistan,AFG,1944,0
Afghanistan,AFG,1945,0
Afghanistan,AFG,1946,0
Afghanistan,AFG,1947,0
Afghanistan,AFG,1948,0
Afghanistan,AFG,1949,0
Afghanistan,AFG,1950,0
Afghanistan,AFG,1951,0
Afghanistan,AFG,1952,0
Afghanistan,AFG,1953,0
Afghanistan,AFG,1954,0
Afghanistan,AFG,1955,0
Afghanistan,AFG,1956,0
Afghanistan,AFG,1957,0
Afghanistan,AFG,1958,0
Afghanistan,AFG,1959,0
Afghanistan,AFG,1960,0
Afghanistan,AFG,1961,0
Afghanistan,AFG,1962,0
Afghanistan,AFG,1963,0
Afghanistan,AFG,1964,0
Afghanistan,AFG,1965,0
Afghanistan,AFG,1966,0
Afghanistan,AFG,1967,4.1187925
Afghanistan,AFG,1968,20.244707
Afghanistan,AFG,1969,24.435759
Afghanistan,AFG,1970,31.107721
Afghanistan,AFG,1971,31.73397
Afghanistan,AFG,1972,34.853176
Afghanistan,AFG,1973,37.514732
Afghanistan,AFG,1974,38.538406
Afghanistan,AFG,1975,35.635986
Afghanistan,AFG,1976,30.662123
Afghanistan,AFG,1977,31.095678
Afghanistan,AFG,1978,30.890942
Afghanistan,AFG,1979,28.903807
Afghanistan,AFG,1980,18.410725
Afghanistan,AFG,1981,24.240788
Afghanistan,AFG,1982,24.854479
Afghanistan,AFG,1983,26.08186
Afghanistan,AFG,1984,26.08186
Afghanistan,AFG,1985,32.21877
Afghanistan,AFG,1986,32.21877
Afghanistan,AFG,1987,30.377695
Afghanistan,AFG,1988,32.52561
Afghanistan,AFG,1989,31.911922
Afghanistan,AFG,1990,31.912683
Afghanistan,AFG,1991,3.3752997
Afghanistan,AFG,1992,3.2508736
Afghanistan,AFG,1993,3.2508736
Afghanistan,AFG,1994,3.249493
Afghanistan,AFG,1995,2.1663287
Afghanistan,AFG,1996,2.4923365
Afghanistan,AFG,1997,2.4923365
Afghanistan,AFG,1998,2.4923365
Afghanistan,AFG,1999,2.4923365
Afghanistan,AFG,2000,2.4923365
Afghanistan,AFG,2001,0.5418123
Afghanistan,AFG,2002,0.5418123
Afghanistan,AFG,2003,0.2167249
Afghanistan,AFG,2004,0.2167249
Afghanistan,AFG,2005,0.2167249
Afghanistan,AFG,2006,0.2167249
Afghanistan,AFG,2007,0.4334498
Afghanistan,AFG,2008,0.5418123
Afghanistan,AFG,2009,0.32508737
Afghanistan,AFG,2010,1.5376502
Afghanistan,AFG,2011,1.7489551
Afghanistan,AFG,2012,1.7370354
Afghanistan,AFG,2013,1.6741858
Afghanistan,AFG,2014,1.5376502
Afghanistan,AFG,2015,1.5842457
Afghanistan,AFG,2016,1.7912163
Afghanistan,AFG,2017,1.7912163
Afghanistan,AFG,2018,1.7579392
Afghanistan,AFG,2019,1.4768066
Afghanistan,AFG,2020,0.9202789
Africa,OWID_AFR,1970,30.07551
Africa,OWID_AFR,1971,37.022903
Africa,OWID_AFR,1972,65.13485
Africa,OWID_AFR,1973,98.32215
Africa,OWID_AFR,1974,102.605
Africa,OWID_AFR,1975,115.33115
Africa,OWID_AFR,1976,137.28214
Africa,OWID_AFR,1977,139.97685
Africa,OWID_AFR,1978,186.69028
Africa,OWID_AFR,1979,283.32996
Africa,OWID_AFR,1980,248.30338
Africa,OWID_AFR,1981,264.74805
Africa,OWID_AFR,1982,325.1129
Africa,OWID_AFR,1983,436.95685
Africa,OWID_AFR,1984,458.6507
Africa,OWID_AFR,1985,505.6782
Africa,OWID_AFR,1986,530.1431
Africa,OWID_AFR,1987,578.9782
Africa,OWID_AFR,1988,617.5323
Africa,OWID_AFR,1989,677.40796
Africa,OWID_AFR,1990,721.5906
Africa,OWID_AFR,1991,773.4517
Africa,OWID_AFR,1992,808.2828
Africa,OWID_AFR,1993,833.40674
Africa,OWID_AFR,1994,789.64624
Africa,OWID_AFR,1995,872.7052
Africa,OWID_AFR,1996,933.325
Africa,OWID_AFR,1997,1041.611
Africa,OWID_AFR,1998,1109.3164
Africa,OWID_AFR,1999,1216.7258
Africa,OWID_AFR,2000,1351.0123
Africa,OWID_AFR,2001,1388.4131
Africa,OWID_AFR,2002,1449.3188
Africa,OWID_AFR,2003,1556.1813
Africa,OWID_AFR,2004,1635.7334
Africa,OWID_AFR,2005,1700.5918
Africa,OWID_AFR,2006,1841.4417
Africa,OWID_AFR,2007,1956.7667
Africa,OWID_AFR,2008,2028.5223
Africa,OWID_AFR,2009,1912.9755
Africa,OWID_AFR,2010,1854.9294
Africa,OWID_AFR,2011,1930.9075
Africa,OWID_AFR,2012,2103.217
Africa,OWID_AFR,2013,2029.7034
Africa,OWID_AFR,2014,2034.369
Africa,OWID_AFR,2015,2076.8125
Africa,OWID_AFR,2016,2148.504
Africa,OWID_AFR,2017,2356.0623
Africa,OWID_AFR,2018,2503.7246
Africa,OWID_AFR,2019,2548.396
Africa,OWID_AFR,2020,2389.5615
Africa,OWID_AFR,2021,2634.8792
Africa,OWID_AFR,2022,2534.2969
Africa,OWID_AFR,2023,2498.2817
Africa,OWID_AFR,2024,2421.153
Africa,OWID_AFR,2025,2405.564
Africa (EI),,1970,30.07551
Africa (EI),,1971,37.022903
Africa (EI),,1972,65.13485
Africa (EI),,1973,98.32215
Africa (EI),,1974,102.605
Africa (EI),,1975,115.33115
Africa (EI),,1976,137.28214
Africa (EI),,1977,139.97685
Africa (EI),,1978,186.69028
Africa (EI),,1979,283.32996
Africa (EI),,1980,248.30338
Africa (EI),,1981,264.74805
Africa (EI),,1982,325.1129
Africa (EI),,1983,436.95685
Africa (EI),,1984,458.6507
Africa (EI),,1985,505.6782
Africa (EI),,1986,530.1431
Africa (EI),,1987,578.9782
Africa (EI),,1988,617.5323
Africa (EI),,1989,677.40796
Africa (EI),,1990,721.5906
Africa (EI),,1991,773.4517
Africa (EI),,1992,808.2828
Africa (EI),,1993,833.40674
Africa (EI),,1994,789.64624
Africa (EI),,1995,872.7052
Africa (EI),,1996,933.325
Africa (EI),,1997,1041.611
Africa (EI),,1998,1109.3164
Africa (EI),,1999,1216.7258
Africa (EI),,2000,1351.0123
Africa (EI),,2001,1388.4131
Africa (EI),,2002,1449.3188
Africa (EI),,2003,1556.1813
Africa (EI),,2004,1635.7334
Africa (EI),,2005,1700.5918
Africa (EI),,2006,1841.4417
Africa (EI),,2007,1956.7667
Africa (EI),,2008,2028.5223
Africa (EI),,2009,1912.9755
Africa (EI),,2010,1854.9294
Africa (EI),,2011,1930.9075
Africa (EI),,2012,2103.217
Africa (EI),,2013,2029.7034
Africa (EI),,2014,2034.369
Africa (EI),,2015,2076.8125
Africa (EI),,2016,2148.504
Africa (EI),,2017,2356.0623
Africa (EI),,2018,2503.7246
Africa (EI),,2019,2548.396
Africa (EI),,2020,2389.5615
Africa (EI),,2021,2634.8792
Africa (EI),,2022,2534.2969
Africa (EI),,2023,2498.2817
Africa (EI),,2024,2421.153
Africa (EI),,2025,2405.564
Albania,ALB,1900,0
Albania,ALB,1901,0
Albania,ALB,1902,0
Albania,ALB,1903,0
Albania,ALB,1904,0
Albania,ALB,1905,0
Albania,ALB,1906,0
Albania,ALB,1907,0
Albania,ALB,1908,0
Albania,ALB,1909,0
Albania,ALB,1910,0
Albania,ALB,1911,0
Albania,ALB,1912,0
Albania,ALB,1913,0
Albania,ALB,1914,0
Albania,ALB,1915,0
Albania,ALB,1916,0
Albania,ALB,1917,0
Albania,ALB,1918,0
Albania,ALB,1919,0
Albania,ALB,1920,0
Albania,ALB,1921,0
Albania,ALB,1922,0
Albania,ALB,1923,0
Albania,ALB,1924,0
Albania,ALB,1925,0
Albania,ALB,1926,0
Albania,ALB,1927,0
Albania,ALB,1928,0
Albania,ALB,1929,0
Albania,ALB,1930,0
Albania,ALB,1931,0
Albania,ALB,1932,0
Albania,ALB,1933,0
Albania,ALB,1934,0
Albania,ALB,1935,0
Albania,ALB,1936,0
Albania,ALB,1937,0
Albania,ALB,1938,0
Albania,ALB,1939,0
Albania,ALB,1940,0
Albania,ALB,1941,0
Albania,ALB,1942,0
Albania,ALB,1943,0
Albania,ALB,1944,0
Albania,ALB,1945,0
Albania,ALB,1946,0
Albania,ALB,1947,0
Albania,ALB,1948,0
Albania,ALB,1949,0
Albania,ALB,1950,0
Albania,ALB,1951,0.060216267
Albania,ALB,1952,0.060216267
Albania,ALB,1953,0.12043253
Albania,ALB,1954,0.12043253
Albania,ALB,1955,0.18064879
Albania,ALB,1956,0.3010813
Albania,ALB,1957,0.36129758
Albania,ALB,1958,0.42151383
Albania,ALB,1959,0.48173013
Albania,ALB,1960,0.5178599
Albania,ALB,1961,0.5178599
Albania,ALB,1962,0.5178599
Albania,ALB,1963,0.5178599
Albania,ALB,1964,0.5178599
Albania,ALB,1965,0.5178599
Albania,ALB,1966,0.65033567
Albania,ALB,1967,0.79485464
Albania,ALB,1968,0.9152872
Albania,ALB,1969,1.0598062
Albania,ALB,1970,1.1802387
Albania,ALB,1971,1.5174499
Albania,ALB,1972,1.7462717
Albania,ALB,1973,2.288218
Albania,ALB,1974,2.4447803
Albania,ALB,1975,3.6129758
Albania,ALB,1976,4.2151384
Albania,ALB,1977,4.2151384
Albania,ALB,1978,4.2633114
Albania,ALB,1979,4.3837442
Albania,ALB,1980,3.068454
Albania,ALB,1981,3.3752997
Albania,ALB,1982,3.068454
Albania,ALB,1983,3.3752997
Albania,ALB,1984,3.3752997
Albania,ALB,1985,3.068454
Albania,ALB,1986,4.295836
Albania,ALB,1987,4.909527
Albania,ALB,1988,7.6711354
Albania,ALB,1989,7.6711354
Albania,ALB,1990,2.7622397
Albania,ALB,1991,1.529831
Albania,ALB,1992,1.1020902
Albania,ALB,1993,0.32401818
Albania,ALB,1994,0.32432416
Albania,ALB,1995,0.32432416
Albania,ALB,1996,0.3241559
Albania,ALB,1997,0.21610393
Albania,ALB,1998,0.3241559
Albania,ALB,1999,0.21610393
Albania,ALB,2000,0.3241559
Albania,ALB,2001,0.3241559
Albania,ALB,2002,0.3241559
Albania,ALB,2003,0.3241559
Albania,ALB,2004,0.3241559
Albania,ALB,2005,0.3241559
Albania,ALB,2006,0.3241559
Albania,ALB,2007,0.10701698
Albania,ALB,2008,0.3139096
Albania,ALB,2009,0.3139096
Albania,ALB,2010,0.103394546
Albania,ALB,2011,0.103394546
Albania,ALB,2012,0.17577073
Albania,ALB,2013,0.19644964
Albania,ALB,2014,0.33086255
Albania,ALB,2015,0.36188093
Albania,ALB,2016,0.46527153
Albania,ALB,2017,0.51696837
Albania,ALB,2018,0.44379425
Albania,ALB,2019,0.80573386
Albania,ALB,2020,0.5789161
Albania,ALB,2021,0.6126176
Albania,ALB,2022,0.52777934
Albania,ALB,2023,0.5191916
Albania,ALB,2024,0.5634579
Algeria,DZA,1900,0
Algeria,DZA,1901,0
Algeria,DZA,1902,0
Algeria,DZA,1903,0
Algeria,DZA,1904,0
Algeria,DZA,1905,0
Algeria,DZA,1906,0
Algeria,DZA,1907,0
Algeria,DZA,1908,0
Algeria,DZA,1909,0
Algeria,DZA,1910,0
Algeria,DZA,1911,0
Algeria,DZA,1912,0
Algeria,DZA,1913,0
Algeria,DZA,1914,0
Algeria,DZA,1915,0
Algeria,DZA,1916,0
Algeria,DZA,1917,0
Algeria,DZA,1918,0
Algeria,DZA,1919,0
Algeria,DZA,1920,0
Algeria,DZA,1921,0
Algeria,DZA,1922,0
Algeria,DZA,1923,0
Algeria,DZA,1924,0
Algeria,DZA,1925,0
Algeria,DZA,1926,0
Algeria,DZA,1927,0
Algeria,DZA,1928,0
Algeria,DZA,1929,0
Algeria,DZA,1930,0
Algeria,DZA,1931,0
Algeria,DZA,1932,0
Algeria,DZA,1933,0
Algeria,DZA,1934,0
Algeria,DZA,1935,0
Algeria,DZA,1936,0
Algeria,DZA,1937,0
Algeria,DZA,1938,0
Algeria,DZA,1939,0
Algeria,DZA,1940,0
Algeria,DZA,1941,0
Algeria,DZA,1942,0
Algeria,DZA,1943,0
Algeria,DZA,1944,0
Algeria,DZA,1945,0
Algeria,DZA,1946,0.8425935
Algeria,DZA,1947,0.8425935
Algeria,DZA,1948,0.86701655
Algeria,DZA,1949,0.879228
Algeria,DZA,1950,0.9158625
Algeria,DZA,1951,0.97692
Algeria,DZA,1952,0.9891315
Algeria,DZA,1953,1.025766
Algeria,DZA,1954,1.0868236
Algeria,DZA,1955,1.0868236
Algeria,DZA,1956,1.196727
Algeria,DZA,1957,1.2333615
Algeria,DZA,1958,1.343265
Algeria,DZA,1959,1.4653801
Algeria,DZA,1960,1.587495
Algeria,DZA,1961,2.662107
Algeria,DZA,1962,4.3228707
Algeria,DZA,1963,4.8723884
Algeria,DZA,1964,9.818047
Algeria,DZA,1965,29.246542
Algeria,DZA,1966,35.230175
Algeria,DZA,1967,29.026737
Algeria,DZA,1968,41.738907
Algeria,DZA,1969,35.31566
Algeria,DZA,1970,24.380125
Algeria,DZA,1971,25.69875
Algeria,DZA,1972,32.561375
Algeria,DZA,1973,43.216248
Algeria,DZA,1974,49.963375
Algeria,DZA,1975,61.523
Algeria,DZA,1976,77.490875
Algeria,DZA,1977,74.165436
Algeria,DZA,1978,115.01875
Algeria,DZA,1979,188.53452
Algeria,DZA,1980,154.09749
Algeria,DZA,1981,178.64844
Algeria,DZA,1982,233.10008
Algeria,DZA,1983,333.79263
Algeria,DZA,1984,339.75882
Algeria,DZA,1985,373.38113
Algeria,DZA,1986,381.89432
Algeria,DZA,1987,431.0078
Algeria,DZA,1988,450.5811
Algeria,DZA,1989,485.83163
Algeria,DZA,1990,516.5697
Algeria,DZA,1991,557.0305
Algeria,DZA,1992,580.01135
Algeria,DZA,1993,587.4662
Algeria,DZA,1994,540.1088
Algeria,DZA,1995,614.91296
Algeria,DZA,1996,652.51276
Algeria,DZA,1997,748.5882
Algeria,DZA,1998,801.62103
Algeria,DZA,1999,901.0691
Algeria,DZA,2000,918.88635
Algeria,DZA,2001,864.7254
Algeria,DZA,2002,889.4159
Algeria,DZA,2003,938.57587
Algeria,DZA,2004,920.5494
Algeria,DZA,2005,849.1175
Algeria,DZA,2006,812.99493
Algeria,DZA,2007,816.45984
Algeria,DZA,2008,826.0079
Algeria,DZA,2009,765.66876
Algeria,DZA,2010,773.9655
Algeria,DZA,2011,795.9875
Algeria,DZA,2012,784.4375
Algeria,DZA,2013,793.38873
Algeria,DZA,2014,801.724
Algeria,DZA,2015,814.1114
Algeria,DZA,2016,913.92267
Algeria,DZA,2017,929.7654
Algeria,DZA,2018,938.4375
Algeria,DZA,2019,869.5225
Algeria,DZA,2020,814.24615
Algeria,DZA,2021,1010.98114
Algeria,DZA,2022,976.3215
Algeria,DZA,2023,1015.2643
Algeria,DZA,2024,1001.924
Algeria,DZA,2025,980.20996
American Samoa,ASM,1980,0
American Samoa,ASM,1981,0
American Samoa,ASM,1982,0
American Samoa,ASM,1983,0
American Samoa,ASM,1984,0
American Samoa,ASM,1985,0
American Samoa,ASM,1986,0
American Samoa,ASM,1987,0
American Samoa,ASM,1988,0
American Samoa,ASM,1989,0
American Samoa,ASM,1990,0
American Samoa,ASM,1991,0
American Samoa,ASM,1992,0
American Samoa,ASM,1993,0
American Samoa,ASM,1994,0
American Samoa,ASM,1995,0
American Samoa,ASM,1996,0
American Samoa,ASM,1997,0
American Samoa,ASM,1998,0
American Samoa,ASM,1999,0
American Samoa,ASM,2000,0
American Samoa,ASM,2001,0
American Samoa,ASM,2002,0
American Samoa,ASM,2003,0
American Samoa,ASM,2004,0
American Samoa,ASM,2005,0
American Samoa,ASM,2006,0
American Samoa,ASM,2007,0
American Samoa,ASM,2008,0
American Samoa,ASM,2009,0
American Samoa,ASM,2010,0
American Samoa,ASM,2011,0
American Samoa,ASM,2012,0
American Samoa,ASM,2013,0
American Samoa,ASM,2014,0
American Samoa,ASM,2015,0
American Samoa,ASM,2016,0
American Samoa,ASM,2017,0
American Samoa,ASM,2018,0
American Samoa,ASM,2019,0
American Samoa,ASM,2020,0
American Samoa,ASM,2021,0
American Samoa,ASM,2022,0
American Samoa,ASM,2023,0
American Samoa,ASM,2024,0
Angola,AGO,1900,0
Angola,AGO,1901,0
Angola,AGO,1902,0
Angola,AGO,1903,0
Angola,AGO,1904,0
Angola,AGO,1905,0
Angola,AGO,1906,0
Angola,AGO,1907,0
Angola,AGO,1908,0
Angola,AGO,1909,0
Angola,AGO,1910,0
Angola,AGO,1911,0
Angola,AGO,1912,0
Angola,AGO,1913,0
Angola,AGO,1914,0
Angola,AGO,1915,0
Angola,AGO,1916,0
Angola,AGO,1917,0
Angola,AGO,1918,0
Angola,AGO,1919,0
Angola,AGO,1920,0
Angola,AGO,1921,0
Angola,AGO,1922,0
Angola,AGO,1923,0
Angola,AGO,1924,0
Angola,AGO,1925,0
Angola,AGO,1926,0
Angola,AGO,1927,0
Angola,AGO,1928,0
Angola,AGO,1929,0
Angola,AGO,1930,0
Angola,AGO,1931,0
Angola,AGO,1932,0
Angola,AGO,1933,0
Angola,AGO,1934,0
Angola,AGO,1935,0
Angola,AGO,1936,0
Angola,AGO,1937,0
Angola,AGO,1938,0
Angola,AGO,1939,0
Angola,AGO,1940,0
Angola,AGO,1941,0
Angola,AGO,1942,0
Angola,AGO,1943,0
Angola,AGO,1944,0
Angola,AGO,1945,0
Angola,AGO,1946,0
Angola,AGO,1947,0
Angola,AGO,1948,0
Angola,AGO,1949,0
Angola,AGO,1950,0
Angola,AGO,1951,0
Angola,AGO,1952,0
Angola,AGO,1953,0
Angola,AGO,1954,0
Angola,AGO,1955,0
Angola,AGO,1956,0
Angola,AGO,1957,0
Angola,AGO,1958,0
Angola,AGO,1959,0
Angola,AGO,1960,0
Angola,AGO,1961,0
Angola,AGO,1962,0
Angola,AGO,1963,0
Angola,AGO,1964,0
Angola,AGO,1965,0
Angola,AGO,1966,0
Angola,AGO,1967,0
Angola,AGO,1968,0
Angola,AGO,1969,0
Angola,AGO,1970,0.5178599
Angola,AGO,1971,0.5178599
Angola,AGO,1972,0.6864654
Angola,AGO,1973,0.78281146
Angola,AGO,1974,0.8189412
Angola,AGO,1975,0.78281146
Angola,AGO,1976,0.6864654
Angola,AGO,1977,0.85507095
Angola,AGO,1978,0.85507095
Angola,AGO,1979,0.85507095
Angola,AGO,1980,2.8229778
Angola,AGO,1981,2.7002397
Angola,AGO,1982,3.068454
Angola,AGO,1983,3.6821449
Angola,AGO,1984,3.6821449
Angola,AGO,1985,3.9889903
Angola,AGO,1986,4.295836
Angola,AGO,1987,4.909527
Angola,AGO,1988,5.523217
Angola,AGO,1989,4.602681
Angola,AGO,1990,5.829791
Angola,AGO,1991,6.136908
Angola,AGO,1992,6.1766596
Angola,AGO,1993,6.0682974
Angola,AGO,1994,5.633682
Angola,AGO,1995,6.0682974
Angola,AGO,1996,6.0682974
Angola,AGO,1997,6.1766596
Angola,AGO,1998,6.2850223
Angola,AGO,1999,6.0682974
Angola,AGO,2000,6.1766596
Angola,AGO,2001,5.7432103
Angola,AGO,2002,6.718472
Angola,AGO,2003,7.0435596
Angola,AGO,2004,8.127184
Angola,AGO,2005,7.0435596
Angola,AGO,2006,7.368647
Angola,AGO,2007,8.994084
Angola,AGO,2008,7.368647
Angola,AGO,2009,7.4770093
Angola,AGO,2010,7.9538045
Angola,AGO,2011,8.148856
Angola,AGO,2012,8.235547
Angola,AGO,2013,10.023527
Angola,AGO,2014,7.9212956
Angola,AGO,2015,8.376418
Angola,AGO,2016,18.5624
Angola,AGO,2017,62.551235
Angola,AGO,2018,69.992676
Angola,AGO,2019,73.33593
Angola,AGO,2020,80.72934
Angola,AGO,2021,64.47511
Angola,AGO,2022,58.406868
Angola,AGO,2023,63.49986
Angola,AGO,2024,62.84969
Antarctica,ATA,1980,0
Antarctica,ATA,1981,0
Antarctica,ATA,1982,0
Antarctica,ATA,1983,0
Antarctica,ATA,1984,0
Antarctica,ATA,1985,0
Antarctica,ATA,1986,0
Antarctica,ATA,1987,0
Antarctica,ATA,1988,0
Antarctica,ATA,1989,0
Antarctica,ATA,1990,0
Antarctica,ATA,1991,0
Antarctica,ATA,1992,0
Antarctica,ATA,1993,0
Antarctica,ATA,1994,0
Antarctica,ATA,1995,0
Antarctica,ATA,1996,0
Antarctica,ATA,1997,0
Antarctica,ATA,1998,0
Antarctica,ATA,1999,0
Antarctica,ATA,2000,0
Antarctica,ATA,2001,0
Antarctica,ATA,2002,0
Antarctica,ATA,2003,0
Antarctica,ATA,2004,0
Antarctica,ATA,2005,0
Antarctica,ATA,2006,0
Antarctica,ATA,2007,0
Antarctica,ATA,2008,0
Antarctica,ATA,2009,0
Antarctica,ATA,2010,0
Antarctica,ATA,2011,0
Antarctica,ATA,2012,0
Antarctica,ATA,2013,0
Antarctica,ATA,2014,0
Antarctica,ATA,2015,0
Antarctica,ATA,2016,0
Antarctica,ATA,2017,0
Antarctica,ATA,2018,0
Antarctica,ATA,2019,0
Antarctica,ATA,2020,0
Antarctica,ATA,2021,0
Antarctica,ATA,2022,0
Antarctica,ATA,2023,0
Antarctica,ATA,2024,0
Antigua and Barbuda,ATG,1980,0
Antigua and Barbuda,ATG,1981,0
Antigua and Barbuda,ATG,1982,0
Antigua and Barbuda,ATG,1983,0
Antigua and Barbuda,ATG,1984,0
Antigua and Barbuda,ATG,1985,0
Antigua and Barbuda,ATG,1986,0
Antigua and Barbuda,ATG,1987,0
Antigua and Barbuda,ATG,1988,0
Antigua and Barbuda,ATG,1989,0
Antigua and Barbuda,ATG,1990,0
Antigua and Barbuda,ATG,1991,0
Antigua and Barbuda,ATG,1992,0
Antigua and Barbuda,ATG,1993,0
Antigua and Barbuda,ATG,1994,0
Antigua and Barbuda,ATG,1995,0
Antigua and Barbuda,ATG,1996,0
Antigua and Barbuda,ATG,1997,0
Antigua and Barbuda,ATG,1998,0
Antigua and Barbuda,ATG,1999,0
Antigua and Barbuda,ATG,2000,0
Antigua and Barbuda,ATG,2001,0
Antigua and Barbuda,ATG,2002,0
Antigua and Barbuda,ATG,2003,0
Antigua and Barbuda,ATG,2004,0
Antigua and Barbuda,ATG,2005,0
Antigua and Barbuda,ATG,2006,0
Antigua and Barbuda,ATG,2007,0
Antigua and Barbuda,ATG,2008,0
Antigua and Barbuda,ATG,2009,0
Antigua and Barbuda,ATG,2010,0
Antigua and Barbuda,ATG,2011,0
Antigua and Barbuda,ATG,2012,0
Antigua and Barbuda,ATG,2013,0
Antigua and Barbuda,ATG,2014,0
Antigua and Barbuda,ATG,2015,0
Antigua and Barbuda,ATG,2016,0
Antigua and Barbuda,ATG,2017,0
Antigua and Barbuda,ATG,2018,0
Antigua and Barbuda,ATG,2019,0
Antigua and Barbuda,ATG,2020,0
Antigua and Barbuda,ATG,2021,0
Antigua and Barbuda,ATG,2022,0
Antigua and Barbuda,ATG,2023,0
Antigua and Barbuda,ATG,2024,0
Argentina,ARG,1900,0
Argentina,ARG,1901,0
Argentina,ARG,1902,0
Argentina,ARG,1903,0
Argentina,ARG,1904,0
Argentina,ARG,1905,0
Argentina,ARG,1906,0
Argentina,ARG,1907,0
Argentina,ARG,1908,0
Argentina,ARG,1909,0
Argentina,ARG,1910,0
Argentina,ARG,1911,0
Argentina,ARG,1912,0
Argentina,ARG,1913,0
Argentina,ARG,1914,0
Argentina,ARG,1915,0
Argentina,ARG,1916,0
Argentina,ARG,1917,0
Argentina,ARG,1918,0
Argentina,ARG,1919,0
Argentina,ARG,1920,0
Argentina,ARG,1921,0
Argentina,ARG,1922,0
Argentina,ARG,1923,0
Argentina,ARG,1924,0
Argentina,ARG,1925,0
Argentina,ARG,1926,0
Argentina,ARG,1927,0
Argentina,ARG,1928,0
Argentina,ARG,1929,2.8851097
Argentina,ARG,1930,3.20821
Argentina,ARG,1931,3.53131
Argentina,ARG,1932,3.8544102
Argentina,ARG,1933,4.1775103
Argentina,ARG,1934,4.5006104
Argentina,ARG,1935,4.8237104
Argentina,ARG,1936,5.146811
Argentina,ARG,1937,5.469911
Argentina,ARG,1938,5.536646
Argentina,ARG,1939,5.603381
Argentina,ARG,1940,5.6701164
Argentina,ARG,1941,5.7368517
Argentina,ARG,1942,5.803587
Argentina,ARG,1943,5.870322
Argentina,ARG,1944,5.9370575
Argentina,ARG,1945,6.003793
Argentina,ARG,1946,6.070528
Argentina,ARG,1947,6.252859
Argentina,ARG,1948,4.794216
Argentina,ARG,1949,7.1216097
Argentina,ARG,1950,8.097613
Argentina,ARG,1951,8.902012
Argentina,ARG,1952,9.631333
Argentina,ARG,1953,7.48627
Argentina,ARG,1954,7.5827975
Argentina,ARG,1955,7.7115016
Argentina,ARG,1956,8.19414
Argentina,ARG,1957,9.137969
Argentina,ARG,1958,9.288123
Argentina,ARG,1959,9.234496
Argentina,ARG,1960,14.833111
Argentina,ARG,1961,25.27957
Argentina,ARG,1962,31.939991
Argentina,ARG,1963,36.530422
Argentina,ARG,1964,40.23066
Argentina,ARG,1965,45.282284
Argentina,ARG,1966,49.089767
Argentina,ARG,1967,51.502964
Argentina,ARG,1968,57.337536
Argentina,ARG,1969,57.552044
Argentina,ARG,1970,58.544502
Argentina,ARG,1971,63.265987
Argentina,ARG,1972,60.1394
Argentina,ARG,1973,65.48815
Argentina,ARG,1974,70.48679
Argentina,ARG,1975,74.804695
Argentina,ARG,1976,71.32315
Argentina,ARG,1977,73.61825
Argentina,ARG,1978,75.952255
Argentina,ARG,1979,70.31175
Argentina,ARG,1980,81.64623
Argentina,ARG,1981,84.952736
Argentina,ARG,1982,95.20775
Argentina,ARG,1983,127.7865
Argentina,ARG,1984,131.093
Argentina,ARG,1985,135.08025
Argentina,ARG,1986,150.83475
Argentina,ARG,1987,147.33376
Argentina,ARG,1988,174.661
Argentina,ARG,1989,184.67775
Argentina,ARG,1990,173.494
Argentina,ARG,1991,193.81926
Argentina,ARG,1992,195.37524
Argentina,ARG,1993,209.28201
Argentina,ARG,1994,216.57574
Argentina,ARG,1995,243.22224
Argentina,ARG,1996,281.34427
Argentina,ARG,1997,266.2705
Argentina,ARG,1998,287.76276
Argentina,ARG,1999,336.19324
Argentina,ARG,2000,363.81226
Argentina,ARG,2001,361.1865
Argentina,ARG,2002,351.16974
Argentina,ARG,2003,399.11398
Argentina,ARG,2004,436.45798
Argentina,ARG,2005,443.75174
Argentina,ARG,2006,448.3225
Argentina,ARG,2007,435.97174
Argentina,ARG,2008,428.4835
Argentina,ARG,2009,403.0119
Argentina,ARG,2010,389.96994
Argentina,ARG,2011,377.17847
Argentina,ARG,2012,366.91202
Argentina,ARG,2013,345.55853
Argentina,ARG,2014,344.8588
Argentina,ARG,2015,354.91144
Argentina,ARG,2016,372.82358
Argentina,ARG,2017,371.4989
Argentina,ARG,2018,394.2329
Argentina,ARG,2019,416.15262
Argentina,ARG,2020,382.92526
Argentina,ARG,2021,386.08496
Argentina,ARG,2022,416.52444
Argentina,ARG,2023,415.93362
Argentina,ARG,2024,441.1331
Argentina,ARG,2025,451.54346
Armenia,ARM,1992,0
Armenia,ARM,1993,0
Armenia,ARM,1994,0
Armenia,ARM,1995,0
Armenia,ARM,1996,0
Armenia,ARM,1997,0
Armenia,ARM,1998,0
Armenia,ARM,1999,0
Armenia,ARM,2000,0
Armenia,ARM,2001,0
Armenia,ARM,2002,0
Armenia,ARM,2003,0
Armenia,ARM,2004,0
Armenia,ARM,2005,0
Armenia,ARM,2006,0
Armenia,ARM,2007,0
Armenia,ARM,2008,0
Armenia,ARM,2009,0
Armenia,ARM,2010,0
Armenia,ARM,2011,0
Armenia,ARM,2012,0
Armenia,ARM,2013,0
Armenia,ARM,2014,0
Armenia,ARM,2015,0
Armenia,ARM,2016,0
Armenia,ARM,2017,0
Armenia,ARM,2018,0
Armenia,ARM,2019,0
Armenia,ARM,2020,0
Armenia,ARM,2021,0
Armenia,ARM,2022,0
Armenia,ARM,2023,0
Armenia,ARM,2024,0
Aruba,ABW,1986,0
Aruba,ABW,1987,0
Aruba,ABW,1988,0
Aruba,ABW,1989,0
Aruba,ABW,1990,0
Aruba,ABW,1991,0
Aruba,ABW,1992,0
Aruba,ABW,1993,0
Aruba,ABW,1994,0
Aruba,ABW,1995,0
Aruba,ABW,1996,0
Aruba,ABW,1997,0
Aruba,ABW,1998,0
Aruba,ABW,1999,0
Aruba,ABW,2000,0
Aruba,ABW,2001,0
Aruba,ABW,2002,0
Aruba,ABW,2003,0
Aruba,ABW,2004,0
Aruba,ABW,2005,0
Aruba,ABW,2006,0
Aruba,ABW,2007,0
Aruba,ABW,2008,0
Aruba,ABW,2009,0
Aruba,ABW,2010,0
Aruba,ABW,2011,0
Aruba,ABW,2012,0
Aruba,ABW,2013,0
Aruba,ABW,2014,0
Aruba,ABW,2015,0
Aruba,ABW,2016,0
Aruba,ABW,2017,0
Aruba,ABW,2018,0
Aruba,ABW,2019,0
Aruba,ABW,2020,0
Aruba,ABW,2021,0
Aruba,ABW,2022,0
Aruba,ABW,2023,0
Aruba,ABW,2024,0
Asia,OWID_ASI,1970,237.09212
Asia,OWID_ASI,1971,316.13116
Asia,OWID_ASI,1972,371.76852
Asia,OWID_ASI,1973,440.78723
Asia,OWID_ASI,1974,502.95798
Asia,OWID_ASI,1975,559.685
Asia,OWID_ASI,1976,614.598
Asia,OWID_ASI,1977,731.16846
Asia,OWID_ASI,1978,809.0592
Asia,OWID_ASI,1979,944.7563
Asia,OWID_ASI,1980,949.7521
Asia,OWID_ASI,1981,972.53546
Asia,OWID_ASI,1982,1047.7648
Asia,OWID_ASI,1983,1137.8873
Asia,OWID_ASI,1984,1394.1504
Asia,OWID_ASI,1985,2809.2764
Asia,OWID_ASI,1986,3071.3447
Asia,OWID_ASI,1987,3242.9316
Asia,OWID_ASI,1988,3410.913
Asia,OWID_ASI,1989,3568.1836
Asia,OWID_ASI,1990,3607.9353
Asia,OWID_ASI,1991,3754.576
Asia,OWID_ASI,1992,3644.5137
Asia,OWID_ASI,1993,3738.7217
Asia,OWID_ASI,1994,3771.8152
Asia,OWID_ASI,1995,4008.082
Asia,OWID_ASI,1996,4336.9854
Asia,OWID_ASI,1997,4456.516
Asia,OWID_ASI,1998,4609.0977
Asia,OWID_ASI,1999,5013.7495
Asia,OWID_ASI,2000,5574.389
Asia,OWID_ASI,2001,5866.365
Asia,OWID_ASI,2002,6317.118
Asia,OWID_ASI,2003,6702.578
Asia,OWID_ASI,2004,7218.8433
Asia,OWID_ASI,2005,7801.1733
Asia,OWID_ASI,2006,8204.316
Asia,OWID_ASI,2007,8808.448
Asia,OWID_ASI,2008,9408.92
Asia,OWID_ASI,2009,9494.53
Asia,OWID_ASI,2010,10474.076
Asia,OWID_ASI,2011,11230.192
Asia,OWID_ASI,2012,11672.042
Asia,OWID_ASI,2013,11819.891
Asia,OWID_ASI,2014,12279.001
Asia,OWID_ASI,2015,12610.615
Asia,OWID_ASI,2016,12853.8
Asia,OWID_ASI,2017,13056.479
Asia,OWID_ASI,2018,13332.584
Asia,OWID_ASI,2019,13594.275
Asia,OWID_ASI,2020,13496.501
Asia,OWID_ASI,2021,14112.489
Asia,OWID_ASI,2022,14269.116
Asia,OWID_ASI,2023,14508.438
Asia,OWID_ASI,2024,14796.603
Asia,OWID_ASI,2025,15163.226
Asia Pacific (EI),,1970,151.01651
Asia Pacific (EI),,1971,180.40475
Asia Pacific (EI),,1972,208.82147
Asia Pacific (EI),,1973,259.10513
Asia Pacific (EI),,1974,316.82742
Asia Pacific (EI),,1975,353.36618
Asia Pacific (EI),,1976,408.37952
Asia Pacific (EI),,1977,498.01404
Asia Pacific (EI),,1978,592.08844
Asia Pacific (EI),,1979,673.21796
Asia Pacific (EI),,1980,718.0478
Asia Pacific (EI),,1981,723.18713
Asia Pacific (EI),,1982,751.7125
Asia Pacific (EI),,1983,848.6298
Asia Pacific (EI),,1984,987.5047
Asia Pacific (EI),,1985,1070.5673
Asia Pacific (EI),,1986,1181.0441
Asia Pacific (EI),,1987,1256.4099
Asia Pacific (EI),,1988,1341.7312
Asia Pacific (EI),,1989,1405.1969
Asia Pacific (EI),,1990,1493.2214
Asia Pacific (EI),,1991,1623.8665
Asia Pacific (EI),,1992,1717.1842
Asia Pacific (EI),,1993,1818.4128
Asia Pacific (EI),,1994,1982.1652
Asia Pacific (EI),,1995,2083.016
Asia Pacific (EI),,1996,2274.243
Asia Pacific (EI),,1997,2421.38
Asia Pacific (EI),,1998,2461.1936
Asia Pacific (EI),,1999,2615.2512
Asia Pacific (EI),,2000,2774.5474
Asia Pacific (EI),,2001,2854.9363
Asia Pacific (EI),,2002,3040.8726
Asia Pacific (EI),,2003,3232.6135
Asia Pacific (EI),,2004,3443.7747
Asia Pacific (EI),,2005,3720.2427
Asia Pacific (EI),,2006,3895.2295
Asia Pacific (EI),,2007,4070.56
Asia Pacific (EI),,2008,4262.7246
Asia Pacific (EI),,2009,4483.975
Asia Pacific (EI),,2010,4842.976
Asia Pacific (EI),,2011,4995.9927
Asia Pacific (EI),,2012,5183.818
Asia Pacific (EI),,2013,5176.4106
Asia Pacific (EI),,2014,5444.1475
Asia Pacific (EI),,2015,5707.2344
Asia Pacific (EI),,2016,5894.2837
Asia Pacific (EI),,2017,6164.9033
Asia Pacific (EI),,2018,6370.2583
Asia Pacific (EI),,2019,6665.149
Asia Pacific (EI),,2020,6580.3643
Asia Pacific (EI),,2021,6821.502
Asia Pacific (EI),,2022,6900.059
Asia Pacific (EI),,2023,6910.573
Asia Pacific (EI),,2024,7084.2993
Asia Pacific (EI),,2025,7176.186
Australia,AUS,1900,0
Australia,AUS,1901,0
Australia,AUS,1902,0
Australia,AUS,1903,0
Australia,AUS,1904,0
Australia,AUS,1905,0
Australia,AUS,1906,0
Australia,AUS,1907,0
Australia,AUS,1908,0
Australia,AUS,1909,0
Australia,AUS,1910,0
Australia,AUS,1911,0
Australia,AUS,1912,0
Australia,AUS,1913,0
Australia,AUS,1914,0
Australia,AUS,1915,0
Australia,AUS,1916,0
Australia,AUS,1917,0
Australia,AUS,1918,0
Australia,AUS,1919,0
Australia,AUS,1920,0
Australia,AUS,1921,0
Australia,AUS,1922,0
Australia,AUS,1923,0
Australia,AUS,1924,0
Australia,AUS,1925,0
Australia,AUS,1926,0
Australia,AUS,1927,0
Australia,AUS,1928,0
Australia,AUS,1929,0
Australia,AUS,1930,0
Australia,AUS,1931,0
Australia,AUS,1932,0
Australia,AUS,1933,0
Australia,AUS,1934,0
Australia,AUS,1935,0
Australia,AUS,1936,0
Australia,AUS,1937,0
Australia,AUS,1938,0
Australia,AUS,1939,0
Australia,AUS,1940,0
Australia,AUS,1941,0
Australia,AUS,1942,0
Australia,AUS,1943,0
Australia,AUS,1944,0
Australia,AUS,1945,0
Australia,AUS,1946,0
Australia,AUS,1947,0
Australia,AUS,1948,0
Australia,AUS,1949,0
Australia,AUS,1950,0
Australia,AUS,1951,0
Australia,AUS,1952,0
Australia,AUS,1953,0
Australia,AUS,1954,0
Australia,AUS,1955,0
Australia,AUS,1956,0
Australia,AUS,1957,0
Australia,AUS,1958,0
Australia,AUS,1959,0
Australia,AUS,1960,0
Australia,AUS,1961,0
Australia,AUS,1962,0.02299923
Australia,AUS,1963,0.034498844
Australia,AUS,1964,0.034498844
Australia,AUS,1965,0.04599846
Australia,AUS,1966,0.04599846
Australia,AUS,1967,0.04599846
Australia,AUS,1968,0.06899769
Australia,AUS,1969,3.0473979
Australia,AUS,1970,17.303974
Australia,AUS,1971,25.82668
Australia,AUS,1972,37.074265
Australia,AUS,1973,47.068798
Australia,AUS,1974,53.70199
Australia,AUS,1975,57.669968
Australia,AUS,1976,68.07722
Australia,AUS,1977,77.76844
Australia,AUS,1978,83.72538
Australia,AUS,1979,96.37518
Australia,AUS,1980,110.665886
Australia,AUS,1981,119.94439
Australia,AUS,1982,116.980835
Australia,AUS,1983,127.07482
Australia,AUS,1984,125.31727
Australia,AUS,1985,133.95262
Australia,AUS,1986,146.32928
Australia,AUS,1987,149.39459
Australia,AUS,1988,152.99338
Australia,AUS,1989,177.07565
Australia,AUS,1990,206.11147
Australia,AUS,1991,215.765
Australia,AUS,1992,233.33595
Australia,AUS,1993,243.83902
Australia,AUS,1994,279.91214
Australia,AUS,1995,295.9597
Australia,AUS,1996,296.33704
Australia,AUS,1997,296.37646
Australia,AUS,1998,302.7371
Australia,AUS,1999,307.1253
Australia,AUS,2000,311.92328
Australia,AUS,2001,326.41318
Australia,AUS,2002,330.01163
Australia,AUS,2003,337.45227
Australia,AUS,2004,359.30313
Australia,AUS,2005,382.3528
Australia,AUS,2006,406.82227
Australia,AUS,2007,427.51187
Australia,AUS,2008,416.829
Australia,AUS,2009,466.97592
Australia,AUS,2010,526.2551
Australia,AUS,2011,544.51514
Australia,AUS,2012,582.85803
Australia,AUS,2013,605.76587
Australia,AUS,2014,652.74426
Australia,AUS,2015,742.9768
Australia,AUS,2016,940.797
Australia,AUS,2017,1102.9464
Australia,AUS,2018,1274.0186
Australia,AUS,2019,1461.0239
Australia,AUS,2020,1457.1638
Australia,AUS,2021,1479.2603
Australia,AUS,2022,1542.3914
Australia,AUS,2023,1507.1117
Australia,AUS,2024,1522.9299
Australia,AUS,2025,1485.7379
Austria,AUT,1900,0
Austria,AUT,1901,0
Austria,AUT,1902,0
Austria,AUT,1903,0
Austria,AUT,1904,0
Austria,AUT,1905,0
Austria,AUT,1906,0
Austria,AUT,1907,0
Austria,AUT,1908,0
Austria,AUT,1909,0
Austria,AUT,1910,0
Austria,AUT,1911,0
Austria,AUT,1912,0
Austria,AUT,1913,0
Austria,AUT,1914,0
Austria,AUT,1915,0
Austria,AUT,1916,0
Austria,AUT,1917,0
Austria,AUT,1918,0
Austria,AUT,1919,0
Austria,AUT,1920,0
Austria,AUT,1921,0
Austria,AUT,1922,0
Austria,AUT,1923,0
Austria,AUT,1924,0
Austria,AUT,1925,0
Austria,AUT,1926,0
Austria,AUT,1927,0
Austria,AUT,1928,0
Austria,AUT,1929,0
Austria,AUT,1930,0
Austria,AUT,1931,0
Austria,AUT,1932,0
Austria,AUT,1933,0
Austria,AUT,1934,0
Austria,AUT,1935,0
Austria,AUT,1936,0
Austria,AUT,1937,0
Austria,AUT,1938,0
Austria,AUT,1939,0
Austria,AUT,1940,0
Austria,AUT,1941,0
Austria,AUT,1942,0
Austria,AUT,1943,0
Austria,AUT,1944,0
Austria,AUT,1945,0
Austria,AUT,1946,0.51113176
Austria,AUT,1947,0.5889127
Austria,AUT,1948,2.677886
Austria,AUT,1949,0.6000243
Austria,AUT,1950,5.222433
Austria,AUT,1951,5.3668838
Austria,AUT,1952,4.977979
Austria,AUT,1953,6.166916
Austria,AUT,1954,6.944725
Austria,AUT,1955,8.511456
Austria,AUT,1956,8.278112
Austria,AUT,1957,8.433675
Austria,AUT,1958,9.111479
Austria,AUT,1959,12.53384
Austria,AUT,1960,16.322882
Austria,AUT,1961,17.289589
Austria,AUT,1962,18.1674
Austria,AUT,1963,18.878542
Austria,AUT,1964,19.600794
Austria,AUT,1965,19.15633
Austria,AUT,1966,20.823065
Austria,AUT,1967,19.967474
Austria,AUT,1968,18.111843
Austria,AUT,1969,16.478443
Austria,AUT,1970,21.07863
Austria,AUT,1971,21.011961
Austria,AUT,1972,21.811993
Austria,AUT,1973,25.223242
Austria,AUT,1974,24.512102
Austria,AUT,1975,26.21217
Austria,AUT,1976,23.823185
Austria,AUT,1977,26.589966
Austria,AUT,1978,26.823307
Austria,AUT,1979,25.689928
Austria,AUT,1980,21.892408
Austria,AUT,1981,16.217087
Austria,AUT,1982,14.945159
Austria,AUT,1983,13.597619
Austria,AUT,1984,14.230066
Austria,AUT,1985,12.977187
Austria,AUT,1986,12.332724
Austria,AUT,1987,12.965171
Austria,AUT,1988,13.849366
Austria,AUT,1989,14.793641
Austria,AUT,1990,13.280516
Austria,AUT,1991,13.870761
Austria,AUT,1992,15.051251
Austria,AUT,1993,15.641497
Austria,AUT,1994,14.121614
Austria,AUT,1995,15.446715
Austria,AUT,1996,15.550002
Austria,AUT,1997,14.882978
Austria,AUT,1998,16.342094
Austria,AUT,1999,18.098703
Austria,AUT,2000,18.774803
Austria,AUT,2001,18.015491
Austria,AUT,2002,19.55492
Austria,AUT,2003,21.749651
Austria,AUT,2004,20.6011
Austria,AUT,2005,18.134844
Austria,AUT,2006,20.953646
Austria,AUT,2007,20.525215
Austria,AUT,2008,17.009615
Austria,AUT,2009,17.314861
Austria,AUT,2010,18.05321
Austria,AUT,2011,17.788498
Austria,AUT,2012,19.118511
Austria,AUT,2013,15.384918
Austria,AUT,2014,14.02036
Austria,AUT,2015,13.405833
Austria,AUT,2016,12.588427
Austria,AUT,2017,13.469405
Austria,AUT,2018,10.94875
Austria,AUT,2019,9.812984
Austria,AUT,2020,8.079679
Austria,AUT,2021,7.2643943
Austria,AUT,2022,6.726423
Austria,AUT,2023,5.985595
Austria,AUT,2024,5.6959977
Azerbaijan,AZE,1985,137.39355
Azerbaijan,AZE,1986,132.804
Azerbaijan,AZE,1987,122.0625
Azerbaijan,AZE,1988,116.2035
Azerbaijan,AZE,1989,108.3915
Azerbaijan,AZE,1990,96.6735
Azerbaijan,AZE,1991,83.979004
Azerbaijan,AZE,1992,77.1435
Azerbaijan,AZE,1993,66.402
Azerbaijan,AZE,1994,62.496
Azerbaijan,AZE,1995,64.449
Azerbaijan,AZE,1996,57.388905
Azerbaijan,AZE,1997,54.654705
Azerbaijan,AZE,1998,51.002594
Azerbaijan,AZE,1999,54.654705
Azerbaijan,AZE,2000,51.529903
Azerbaijan,AZE,2001,50.514343
Azerbaijan,AZE,2002,46.85247
Azerbaijan,AZE,2003,46.705997
Azerbaijan,AZE,2004,45.5049
Azerbaijan,AZE,2005,55.973957
Azerbaijan,AZE,2006,66.0446
Azerbaijan,AZE,2007,105.77545
Azerbaijan,AZE,2008,159.52592
Azerbaijan,AZE,2009,159.39116
Azerbaijan,AZE,2010,162.80891
Azerbaijan,AZE,2011,159.76907
Azerbaijan,AZE,2012,168.36911
Azerbaijan,AZE,2013,174.74565
Azerbaijan,AZE,2014,183.84077
Azerbaijan,AZE,2015,187.84053
Azerbaijan,AZE,2016,182.7754
Azerbaijan,AZE,2017,177.58627
Azerbaijan,AZE,2018,187.58467
Azerbaijan,AZE,2019,239.38214
Azerbaijan,AZE,2020,258.64847
Azerbaijan,AZE,2021,318.08316
Azerbaijan,AZE,2022,341.34042
Azerbaijan,AZE,2023,355.5866
Azerbaijan,AZE,2024,377.59888
Azerbaijan,AZE,2025,378.41913
Bahamas,BHS,1980,0
Bahamas,BHS,1981,0
Bahamas,BHS,1982,0
Bahamas,BHS,1983,0
Bahamas,BHS,1984,0
Bahamas,BHS,1985,0
Bahamas,BHS,1986,0
Bahamas,BHS,1987,0
Bahamas,BHS,1988,0
Bahamas,BHS,1989,0
Bahamas,BHS,1990,0
Bahamas,BHS,1991,0
Bahamas,BHS,1992,0
Bahamas,BHS,1993,0
Bahamas,BHS,1994,0
Bahamas,BHS,1995,0
Bahamas,BHS,1996,0
Bahamas,BHS,1997,0
Bahamas,BHS,1998,0
Bahamas,BHS,1999,0
Bahamas,BHS,2000,0
Bahamas,BHS,2001,0
Bahamas,BHS,2002,0
Bahamas,BHS,2003,0
Bahamas,BHS,2004,0
Bahamas,BHS,2005,0
Bahamas,BHS,2006,0
Bahamas,BHS,2007,0
Bahamas,BHS,2008,0
Bahamas,BHS,2009,0
Bahamas,BHS,2010,0
Bahamas,BHS,2011,0
Bahamas,BHS,2012,0
Bahamas,BHS,2013,0
Bahamas,BHS,2014,0
Bahamas,BHS,2015,0
Bahamas,BHS,2016,0
Bahamas,BHS,2017,0
Bahamas,BHS,2018,0
Bahamas,BHS,2019,0
Bahamas,BHS,2020,0
Bahamas,BHS,2021,0
Bahamas,BHS,2022,0
Bahamas,BHS,2023,0
Bahamas,BHS,2024,0
Bahrain,BHR,1900,0
Bahrain,BHR,1901,0
Bahrain,BHR,1902,0
Bahrain,BHR,1903,0
Bahrain,BHR,1904,0
Bahrain,BHR,1905,0
Bahrain,BHR,1906,0
Bahrain,BHR,1907,0
Bahrain,BHR,1908,0
Bahrain,BHR,1909,0
Bahrain,BHR,1910,0
Bahrain,BHR,1911,0
Bahrain,BHR,1912,0
Bahrain,BHR,1913,0
Bahrain,BHR,1914,0
Bahrain,BHR,1915,0
Bahrain,BHR,1916,0
Bahrain,BHR,1917,0
Bahrain,BHR,1918,0
Bahrain,BHR,1919,0
Bahrain,BHR,1920,0
Bahrain,BHR,1921,0
Bahrain,BHR,1922,0
Bahrain,BHR,1923,0
Bahrain,BHR,1924,0
Bahrain,BHR,1925,0
Bahrain,BHR,1926,0
Bahrain,BHR,1927,0
Bahrain,BHR,1928,0
Bahrain,BHR,1929,0
Bahrain,BHR,1930,0
Bahrain,BHR,1931,0
Bahrain,BHR,1932,0
Bahrain,BHR,1933,0
Bahrain,BHR,1934,0
Bahrain,BHR,1935,0
Bahrain,BHR,1936,0
Bahrain,BHR,1937,0
Bahrain,BHR,1938,0
Bahrain,BHR,1939,0
Bahrain,BHR,1940,0
Bahrain,BHR,1941,0
Bahrain,BHR,1942,0
Bahrain,BHR,1943,0
Bahrain,BHR,1944,0
Bahrain,BHR,1945,0
Bahrain,BHR,1946,0
Bahrain,BHR,1947,0
Bahrain,BHR,1948,0
Bahrain,BHR,1949,0
Bahrain,BHR,1950,0
Bahrain,BHR,1951,0
Bahrain,BHR,1952,0
Bahrain,BHR,1953,0
Bahrain,BHR,1954,0
Bahrain,BHR,1955,0
Bahrain,BHR,1956,0
Bahrain,BHR,1957,0
Bahrain,BHR,1958,0
Bahrain,BHR,1959,0
Bahrain,BHR,1960,0
Bahrain,BHR,1961,0
Bahrain,BHR,1962,0
Bahrain,BHR,1963,0.6021626
Bahrain,BHR,1964,0.6021626
Bahrain,BHR,1965,0.6021626
Bahrain,BHR,1966,0.72259516
Bahrain,BHR,1967,0.72259516
Bahrain,BHR,1968,3.2516782
Bahrain,BHR,1969,3.7334082
Bahrain,BHR,1970,6.50117
Bahrain,BHR,1971,9.47845
Bahrain,BHR,1972,11.82771
Bahrain,BHR,1973,16.77046
Bahrain,BHR,1974,20.67814
Bahrain,BHR,1975,21.75973
Bahrain,BHR,1976,22.80643
Bahrain,BHR,1977,24.73701
Bahrain,BHR,1978,27.17931
Bahrain,BHR,1979,30.133331
Bahrain,BHR,1980,24.457891
Bahrain,BHR,1981,22.6785
Bahrain,BHR,1982,35.80877
Bahrain,BHR,1983,37.53001
Bahrain,BHR,1984,38.66975
Bahrain,BHR,1985,47.20617
Bahrain,BHR,1986,54.044613
Bahrain,BHR,1987,52.50945
Bahrain,BHR,1988,55.77748
Bahrain,BHR,1989,58.02207
Bahrain,BHR,1990,60.76675
Bahrain,BHR,1991,57.92903
Bahrain,BHR,1992,67.6866
Bahrain,BHR,1993,72.50142
Bahrain,BHR,1994,74.22266
Bahrain,BHR,1995,75.45544
Bahrain,BHR,1996,77.70003
Bahrain,BHR,1997,83.42199
Bahrain,BHR,1998,87.713455
Bahrain,BHR,1999,90.76052
Bahrain,BHR,2000,91.74908
Bahrain,BHR,2001,95.54045
Bahrain,BHR,2002,98.99455
Bahrain,BHR,2003,100.77396
Bahrain,BHR,2004,92.69889
Bahrain,BHR,2005,101.74285
Bahrain,BHR,2006,107.63207
Bahrain,BHR,2007,111.98627
Bahrain,BHR,2008,120.17578
Bahrain,BHR,2009,121.335045
Bahrain,BHR,2010,124.28656
Bahrain,BHR,2011,126.24079
Bahrain,BHR,2012,130.51854
Bahrain,BHR,2013,139.5783
Bahrain,BHR,2014,146.96526
Bahrain,BHR,2015,145.84346
Bahrain,BHR,2016,144.41371
Bahrain,BHR,2017,144.66324
Bahrain,BHR,2018,146.47456
Bahrain,BHR,2019,162.65964
Bahrain,BHR,2020,163.69667
Bahrain,BHR,2021,166.20808
Bahrain,BHR,2022,157.687
Bahrain,BHR,2023,157.57086
Bahrain,BHR,2024,165.71913
Bahrain,BHR,2025,160.0826
Bangladesh,BGD,1900,0
Bangladesh,BGD,1901,0
Bangladesh,BGD,1902,0
Bangladesh,BGD,1903,0
Bangladesh,BGD,1904,0
Bangladesh,BGD,1905,0
Bangladesh,BGD,1906,0
Bangladesh,BGD,1907,0
Bangladesh,BGD,1908,0
Bangladesh,BGD,1909,0
Bangladesh,BGD,1910,0
Bangladesh,BGD,1911,0
Bangladesh,BGD,1912,0
Bangladesh,BGD,1913,0
Bangladesh,BGD,1914,0
Bangladesh,BGD,1915,0
Bangladesh,BGD,1916,0
Bangladesh,BGD,1917,0
Bangladesh,BGD,1918,0
Bangladesh,BGD,1919,0
Bangladesh,BGD,1920,0
Bangladesh,BGD,1921,0
Bangladesh,BGD,1922,0
Bangladesh,BGD,1923,0
Bangladesh,BGD,1924,0
Bangladesh,BGD,1925,0
Bangladesh,BGD,1926,0
Bangladesh,BGD,1927,0
Bangladesh,BGD,1928,0
Bangladesh,BGD,1929,0
Bangladesh,BGD,1930,0
Bangladesh,BGD,1931,0
Bangladesh,BGD,1932,0
Bangladesh,BGD,1933,0
Bangladesh,BGD,1934,0
Bangladesh,BGD,1935,0
Bangladesh,BGD,1936,0
Bangladesh,BGD,1937,0
Bangladesh,BGD,1938,0
Bangladesh,BGD,1939,0
Bangladesh,BGD,1940,0
Bangladesh,BGD,1941,0
Bangladesh,BGD,1942,0
Bangladesh,BGD,1943,0
Bangladesh,BGD,1944,0
Bangladesh,BGD,1945,0
Bangladesh,BGD,1946,0
Bangladesh,BGD,1947,0
Bangladesh,BGD,1948,0
Bangladesh,BGD,1949,0
Bangladesh,BGD,1950,0
Bangladesh,BGD,1951,0
Bangladesh,BGD,1952,0
Bangladesh,BGD,1953,0
Bangladesh,BGD,1954,0
Bangladesh,BGD,1955,0
Bangladesh,BGD,1956,0
Bangladesh,BGD,1957,0
Bangladesh,BGD,1958,0
Bangladesh,BGD,1959,0
Bangladesh,BGD,1960,0
Bangladesh,BGD,1961,0
Bangladesh,BGD,1962,0
Bangladesh,BGD,1963,0
Bangladesh,BGD,1964,0
Bangladesh,BGD,1965,0
Bangladesh,BGD,1966,0
Bangladesh,BGD,1967,0
Bangladesh,BGD,1968,0
Bangladesh,BGD,1969,0
Bangladesh,BGD,1970,0
Bangladesh,BGD,1971,4.456375
Bangladesh,BGD,1972,4.456375
Bangladesh,BGD,1973,6.150375
Bangladesh,BGD,1974,6.8145003
Bangladesh,BGD,1975,4.5141253
Bangladesh,BGD,1976,6.87225
Bangladesh,BGD,1977,8.1235
Bangladesh,BGD,1978,8.614375
Bangladesh,BGD,1979,9.865625
Bangladesh,BGD,1980,12.291124
Bangladesh,BGD,1981,13.613856
Bangladesh,BGD,1982,17.674847
Bangladesh,BGD,1983,19.667187
Bangladesh,BGD,1984,22.700663
Bangladesh,BGD,1985,25.780474
Bangladesh,BGD,1986,29.07015
Bangladesh,BGD,1987,34.155926
Bangladesh,BGD,1988,40.201077
Bangladesh,BGD,1989,42.49867
Bangladesh,BGD,1990,45.742012
Bangladesh,BGD,1991,47.107487
Bangladesh,BGD,1992,51.370163
Bangladesh,BGD,1993,57.50253
Bangladesh,BGD,1994,60.985718
Bangladesh,BGD,1995,67.42334
Bangladesh,BGD,1996,72.36467
Bangladesh,BGD,1997,71.13274
Bangladesh,BGD,1998,76.86446
Bangladesh,BGD,1999,83.80357
Bangladesh,BGD,2000,90.581894
Bangladesh,BGD,2001,101.43209
Bangladesh,BGD,2002,106.71138
Bangladesh,BGD,2003,114.7843
Bangladesh,BGD,2004,123.40232
Bangladesh,BGD,2005,132.63358
Bangladesh,BGD,2006,143.63368
Bangladesh,BGD,2007,153.36371
Bangladesh,BGD,2008,163.7642
Bangladesh,BGD,2009,187.46739
Bangladesh,BGD,2010,192.53728
Bangladesh,BGD,2011,195.82149
Bangladesh,BGD,2012,213.3628
Bangladesh,BGD,2013,219.52786
Bangladesh,BGD,2014,230.2227
Bangladesh,BGD,2015,258.54062
Bangladesh,BGD,2016,264.50946
Bangladesh,BGD,2017,265.92673
Bangladesh,BGD,2018,265.81772
Bangladesh,BGD,2019,252.84435
Bangladesh,BGD,2020,237.309
Bangladesh,BGD,2021,236.10979
Bangladesh,BGD,2022,225.12604
Bangladesh,BGD,2023,211.0325
Bangladesh,BGD,2024,197.24965
Bangladesh,BGD,2025,179.95093
Barbados,BRB,1900,0
Barbados,BRB,1901,0
Barbados,BRB,1902,0
Barbados,BRB,1903,0
Barbados,BRB,1904,0
Barbados,BRB,1905,0
Barbados,BRB,1906,0
Barbados,BRB,1907,0
Barbados,BRB,1908,0
Barbados,BRB,1909,0
Barbados,BRB,1910,0
Barbados,BRB,1911,0
Barbados,BRB,1912,0
Barbados,BRB,1913,0
Barbados,BRB,1914,0
Barbados,BRB,1915,0
Barbados,BRB,1916,0
Barbados,BRB,1917,0
Barbados,BRB,1918,0
Barbados,BRB,1919,0
Barbados,BRB,1920,0
Barbados,BRB,1921,0
Barbados,BRB,1922,0
Barbados,BRB,1923,0
Barbados,BRB,1924,0
Barbados,BRB,1925,0
Barbados,BRB,1926,0
Barbados,BRB,1927,0
Barbados,BRB,1928,0
Barbados,BRB,1929,0
Barbados,BRB,1930,0
Barbados,BRB,1931,0
Barbados,BRB,1932,0
Barbados,BRB,1933,0
Barbados,BRB,1934,0
Barbados,BRB,1935,0
Barbados,BRB,1936,0
Barbados,BRB,1937,0
Barbados,BRB,1938,0
Barbados,BRB,1939,0
Barbados,BRB,1940,0
Barbados,BRB,1941,0
Barbados,BRB,1942,0
Barbados,BRB,1943,0
Barbados,BRB,1944,0
Barbados,BRB,1945,0
Barbados,BRB,1946,0
Barbados,BRB,1947,0.0120432535
Barbados,BRB,1948,0.024086507
Barbados,BRB,1949,0.024086507
Barbados,BRB,1950,0.024086507
Barbados,BRB,1951,0.036129758
Barbados,BRB,1952,0.048173014
Barbados,BRB,1953,0.048173014
Barbados,BRB,1954,0.036129758
Barbados,BRB,1955,0.036129758
Barbados,BRB,1956,0.048173014
Barbados,BRB,1957,0.036129758
Barbados,BRB,1958,0.036129758
Barbados,BRB,1959,0.036129758
Barbados,BRB,1960,0.024086507
Barbados,BRB,1961,0.036129758
Barbados,BRB,1962,0.036129758
Barbados,BRB,1963,0.048173014
Barbados,BRB,1964,0.036129758
Barbados,BRB,1965,0.036129758
Barbados,BRB,1966,0.036129758
Barbados,BRB,1967,0.036129758
Barbados,BRB,1968,0.036129758
Barbados,BRB,1969,0.036129758
Barbados,BRB,1970,0.036129758
Barbados,BRB,1971,0.048173014
Barbados,BRB,1972,0.048173014
Barbados,BRB,1973,0.036129758
Barbados,BRB,1974,0.024086507
Barbados,BRB,1975,0.024086507
Barbados,BRB,1976,0.048173014
Barbados,BRB,1977,0.048173014
Barbados,BRB,1978,0.12043253
Barbados,BRB,1979,0.14451903
Barbados,BRB,1980,0.12273816
Barbados,BRB,1981,0.12273816
Barbados,BRB,1982,0.12273816
Barbados,BRB,1983,0.12273816
Barbados,BRB,1984,0.12273816
Barbados,BRB,1985,0.12273816
Barbados,BRB,1986,0.12273816
Barbados,BRB,1987,0.09205362
Barbados,BRB,1988,0.27616087
Barbados,BRB,1989,0.30684543
Barbados,BRB,1990,0.36843234
Barbados,BRB,1991,0.3575961
Barbados,BRB,1992,0.5201398
Barbados,BRB,1993,0.5093035
Barbados,BRB,1994,0.4984673
Barbados,BRB,1995,0.5093035
Barbados,BRB,1996,0.48763105
Barbados,BRB,1997,0.46595857
Barbados,BRB,1998,0.4009411
Barbados,BRB,1999,0.5093035
Barbados,BRB,2000,0.41082594
Barbados,BRB,2001,0.34916037
Barbados,BRB,2002,0.31425115
Barbados,BRB,2003,0.31425115
Barbados,BRB,2004,0.32508737
Barbados,BRB,2005,0.2855504
Barbados,BRB,2006,0.29110587
Barbados,BRB,2007,0.20416299
Barbados,BRB,2008,0.1844411
Barbados,BRB,2009,0.17694125
Barbados,BRB,2010,0.17499684
Barbados,BRB,2011,0.17888567
Barbados,BRB,2012,0.20471853
Barbados,BRB,2013,0.23999566
Barbados,BRB,2014,0.15388611
Barbados,BRB,2015,0.19221875
Barbados,BRB,2016,0.18609346
Barbados,BRB,2017,0.15985493
Barbados,BRB,2018,0.31270972
Barbados,BRB,2019,0.27827242
Barbados,BRB,2020,0.1205197
Barbados,BRB,2021,0.105750024
Barbados,BRB,2022,0.1005595
Barbados,BRB,2023,0.048207868
Barbados,BRB,2024,0.040401414
Belarus,BLR,1992,3.1120865
Belarus,BLR,1993,3.1120865
Belarus,BLR,1994,3.1120865
Belarus,BLR,1995,3.2184565
Belarus,BLR,1996,3.2184565
Belarus,BLR,1997,2.1465495
Belarus,BLR,1998,2.3612046
Belarus,BLR,1999,2.253877
Belarus,BLR,2000,2.157282
Belarus,BLR,2001,2.1465495
Belarus,BLR,2002,2.039222
Belarus,BLR,2003,1.7172396
Belarus,BLR,2004,1.9337575
Belarus,BLR,2005,1.8478128
Belarus,BLR,2006,1.8263265
Belarus,BLR,2007,1.7188956
Belarus,BLR,2008,1.6329508
Belarus,BLR,2009,1.6114646
Belarus,BLR,2010,0.29006362
Belarus,BLR,2011,0.32198244
Belarus,BLR,2012,0.21465495
Belarus,BLR,2013,0.40784442
Belarus,BLR,2014,0.32198244
Belarus,BLR,2015,0.32198244
Belarus,BLR,2016,0.23612118
Belarus,BLR,2017,0.63322943
Belarus,BLR,2018,0.6759562
Belarus,BLR,2019,0.7400464
Belarus,BLR,2020,0.72673565
Belarus,BLR,2021,0.8018643
Belarus,BLR,2022,0.7432533
Belarus,BLR,2023,0.7432533
Belarus,BLR,2024,0.7432533
Belgium,BEL,1900,0
Belgium,BEL,1901,0
Belgium,BEL,1902,0
Belgium,BEL,1903,0
Belgium,BEL,1904,0
Belgium,BEL,1905,0
Belgium,BEL,1906,0
Belgium,BEL,1907,0
Belgium,BEL,1908,0
Belgium,BEL,1909,0
Belgium,BEL,1910,0
Belgium,BEL,1911,0
Belgium,BEL,1912,0
Belgium,BEL,1913,0
Belgium,BEL,1914,0
Belgium,BEL,1915,0
Belgium,BEL,1916,0
Belgium,BEL,1917,0
Belgium,BEL,1918,0
Belgium,BEL,1919,0
Belgium,BEL,1920,0
Belgium,BEL,1921,0
Belgium,BEL,1922,0
Belgium,BEL,1923,0
Belgium,BEL,1924,0
Belgium,BEL,1925,0
Belgium,BEL,1926,0
Belgium,BEL,1927,0
Belgium,BEL,1928,0
Belgium,BEL,1929,0
Belgium,BEL,1930,0
Belgium,BEL,1931,0
Belgium,BEL,1932,0
Belgium,BEL,1933,0
Belgium,BEL,1934,0
Belgium,BEL,1935,0
Belgium,BEL,1936,0
Belgium,BEL,1937,0
Belgium,BEL,1938,0
Belgium,BEL,1939,0
Belgium,BEL,1940,0
Belgium,BEL,1941,0
Belgium,BEL,1942,0
Belgium,BEL,1943,0
Belgium,BEL,1944,0
Belgium,BEL,1945,0
Belgium,BEL,1946,0
Belgium,BEL,1947,0
Belgium,BEL,1948,0
Belgium,BEL,1949,0
Belgium,BEL,1950,0.6678117
Belgium,BEL,1951,1.1981328
Belgium,BEL,1952,1.2177743
Belgium,BEL,1953,1.0802836
Belgium,BEL,1954,1.1784912
Belgium,BEL,1955,1.5713216
Belgium,BEL,1956,1.9052274
Belgium,BEL,1957,2.082001
Belgium,BEL,1958,1.9248688
Belgium,BEL,1959,1.6695291
Belgium,BEL,1960,1.4141893
Belgium,BEL,1961,1.433831
Belgium,BEL,1962,1.4534725
Belgium,BEL,1963,1.4141893
Belgium,BEL,1964,1.3749063
Belgium,BEL,1965,1.6106046
Belgium,BEL,1966,1.2374157
Belgium,BEL,1967,1.4731139
Belgium,BEL,1968,1.2766987
Belgium,BEL,1969,1.0802836
Belgium,BEL,1970,1.0017174
Belgium,BEL,1971,1.0410005
Belgium,BEL,1972,1.0802836
Belgium,BEL,1973,1.2374157
Belgium,BEL,1974,0.5990664
Belgium,BEL,1975,0.5008587
Belgium,BEL,1976,0.33390585
Belgium,BEL,1977,0.37318885
Belgium,BEL,1978,0.37318885
Belgium,BEL,1979,0.37318885
Belgium,BEL,1980,0.43245566
Belgium,BEL,1981,0.34526703
Belgium,BEL,1982,0.3397866
Belgium,BEL,1983,0.188855
Belgium,BEL,1984,0.40842384
Belgium,BEL,1985,0.43778956
Belgium,BEL,1986,0.28407377
Belgium,BEL,1987,0.31036228
Belgium,BEL,1988,0.1842831
Belgium,BEL,1989,0.14697513
Belgium,BEL,1990,0.12382839
Belgium,BEL,1991,0.106430516
Belgium,BEL,1992,0.061447624
Belgium,BEL,1993,0.049444664
Belgium,BEL,1994,0.013528161
Belgium,BEL,1995,0
Belgium,BEL,1996,0.022045085
Belgium,BEL,1997,0
Belgium,BEL,1998,0
Belgium,BEL,1999,0
Belgium,BEL,2000,0.017780965
Belgium,BEL,2001,0
Belgium,BEL,2002,0
Belgium,BEL,2003,0
Belgium,BEL,2004,0
Belgium,BEL,2005,0
Belgium,BEL,2006,0
Belgium,BEL,2007,0
Belgium,BEL,2008,0
Belgium,BEL,2009,0
Belgium,BEL,2010,0
Belgium,BEL,2011,0
Belgium,BEL,2012,0
Belgium,BEL,2013,0
Belgium,BEL,2014,0
Belgium,BEL,2015,0
Belgium,BEL,2016,0
Belgium,BEL,2017,0
Belgium,BEL,2018,0
Belgium,BEL,2019,0.04177911
Belgium,BEL,2020,0.064582236
Belgium,BEL,2021,0.05597127
Belgium,BEL,2022,0.14531003
Belgium,BEL,2023,0.13992818
Belgium,BEL,2024,0.16145559
Belize,BLZ,1980,0
Belize,BLZ,1981,0
Belize,BLZ,1982,0
Belize,BLZ,1983,0
Belize,BLZ,1984,0
Belize,BLZ,1985,0
Belize,BLZ,1986,0
Belize,BLZ,1987,0
Belize,BLZ,1988,0
Belize,BLZ,1989,0
Belize,BLZ,1990,0
Belize,BLZ,1991,0
Belize,BLZ,1992,0
Belize,BLZ,1993,0
Belize,BLZ,1994,0
Belize,BLZ,1995,0
Belize,BLZ,1996,0
Belize,BLZ,1997,0
Belize,BLZ,1998,0
Belize,BLZ,1999,0
Belize,BLZ,2000,0
Belize,BLZ,2001,0
Belize,BLZ,2002,0
Belize,BLZ,2003,0
Belize,BLZ,2004,0
Belize,BLZ,2005,0
Belize,BLZ,2006,0
Belize,BLZ,2007,0
Belize,BLZ,2008,0
Belize,BLZ,2009,0
Belize,BLZ,2010,0
Belize,BLZ,2011,0
Belize,BLZ,2012,0
Belize,BLZ,2013,0
Belize,BLZ,2014,0
Belize,BLZ,2015,0
Belize,BLZ,2016,0
Belize,BLZ,2017,0
Belize,BLZ,2018,0
Belize,BLZ,2019,0
Belize,BLZ,2020,0
Belize,BLZ,2021,0
Belize,BLZ,2022,0
Belize,BLZ,2023,0
Belize,BLZ,2024,0
Benin,BEN,1980,0
Benin,BEN,1981,0
Benin,BEN,1982,0
Benin,BEN,1983,0
Benin,BEN,1984,0
Benin,BEN,1985,0
Benin,BEN,1986,0
Benin,BEN,1987,0
Benin,BEN,1988,0
Benin,BEN,1989,0
Benin,BEN,1990,0
Benin,BEN,1991,0
Benin,BEN,1992,0
Benin,BEN,1993,0
Benin,BEN,1994,0
Benin,BEN,1995,0
Benin,BEN,1996,0
Benin,BEN,1997,0
Benin,BEN,1998,0
Benin,BEN,1999,0
Benin,BEN,2000,0
Benin,BEN,2001,0
Benin,BEN,2002,0
Benin,BEN,2003,0
Benin,BEN,2004,0
Benin,BEN,2005,0
Benin,BEN,2006,0
Benin,BEN,2007,0
Benin,BEN,2008,0
Benin,BEN,2009,0
Benin,BEN,2010,0
Benin,BEN,2011,0
Benin,BEN,2012,0
Benin,BEN,2013,0
Benin,BEN,2014,0
Benin,BEN,2015,0
Benin,BEN,2016,0
Benin,BEN,2017,0
Benin,BEN,2018,0
Benin,BEN,2019,0
Benin,BEN,2020,0
Benin,BEN,2021,0
Benin,BEN,2022,0
Benin,BEN,2023,0
Benin,BEN,2024,0
Bermuda,BMU,1980,0
Bermuda,BMU,1981,0
Bermuda,BMU,1982,0
Bermuda,BMU,1983,0
Bermuda,BMU,1984,0
Bermuda,BMU,1985,0
Bermuda,BMU,1986,0
Bermuda,BMU,1987,0
Bermuda,BMU,1988,0
Bermuda,BMU,1989,0
Bermuda,BMU,1990,0
Bermuda,BMU,1991,0
Bermuda,BMU,1992,0
Bermuda,BMU,1993,0
Bermuda,BMU,1994,0
Bermuda,BMU,1995,0
Bermuda,BMU,1996,0
Bermuda,BMU,1997,0
Bermuda,BMU,1998,0
Bermuda,BMU,1999,0
Bermuda,BMU,2000,0
Bermuda,BMU,2001,0
Bermuda,BMU,2002,0
Bermuda,BMU,2003,0
Bermuda,BMU,2004,0
Bermuda,BMU,2005,0
Bermuda,BMU,2006,0
Bermuda,BMU,2007,0
Bermuda,BMU,2008,0
Bermuda,BMU,2009,0
Bermuda,BMU,2010,0
Bermuda,BMU,2011,0
Bermuda,BMU,2012,0
Bermuda,BMU,2013,0
Bermuda,BMU,2014,0
Bermuda,BMU,2015,0
Bermuda,BMU,2016,0
Bermuda,BMU,2017,0
Bermuda,BMU,2018,0
Bermuda,BMU,2019,0
Bermuda,BMU,2020,0
Bermuda,BMU,2021,0
Bermuda,BMU,2022,0
Bermuda,BMU,2023,0
Bermuda,BMU,2024,0
Bhutan,BTN,1980,0
Bhutan,BTN,1981,0
Bhutan,BTN,1982,0
Bhutan,BTN,1983,0
Bhutan,BTN,1984,0
Bhutan,BTN,1985,0
Bhutan,BTN,1986,0
Bhutan,BTN,1987,0
Bhutan,BTN,1988,0
Bhutan,BTN,1989,0
Bhutan,BTN,1990,0
Bhutan,BTN,1991,0
Bhutan,BTN,1992,0
Bhutan,BTN,1993,0
Bhutan,BTN,1994,0
Bhutan,BTN,1995,0
Bhutan,BTN,1996,0
Bhutan,BTN,1997,0
Bhutan,BTN,1998,0
Bhutan,BTN,1999,0
Bhutan,BTN,2000,0
Bhutan,BTN,2001,0
Bhutan,BTN,2002,0
Bhutan,BTN,2003,0
Bhutan,BTN,2004,0
Bhutan,BTN,2005,0
Bhutan,BTN,2006,0
Bhutan,BTN,2007,0
Bhutan,BTN,2008,0
Bhutan,BTN,2009,0
Bhutan,BTN,2010,0
Bhutan,BTN,2011,0
Bhutan,BTN,2012,0
Bhutan,BTN,2013,0
Bhutan,BTN,2014,0
Bhutan,BTN,2015,0
Bhutan,BTN,2016,0
Bhutan,BTN,2017,0
Bhutan,BTN,2018,0
Bhutan,BTN,2019,0
Bhutan,BTN,2020,0
Bhutan,BTN,2021,0
Bhutan,BTN,2022,0
Bhutan,BTN,2023,0
Bhutan,BTN,2024,0
Bolivia,BOL,1900,0
Bolivia,BOL,1901,0
Bolivia,BOL,1902,0
Bolivia,BOL,1903,0
Bolivia,BOL,1904,0
Bolivia,BOL,1905,0
Bolivia,BOL,1906,0
Bolivia,BOL,1907,0
Bolivia,BOL,1908,0
Bolivia,BOL,1909,0
Bolivia,BOL,1910,0
Bolivia,BOL,1911,0
Bolivia,BOL,1912,0
Bolivia,BOL,1913,0
Bolivia,BOL,1914,0
Bolivia,BOL,1915,0
Bolivia,BOL,1916,0
Bolivia,BOL,1917,0
Bolivia,BOL,1918,0
Bolivia,BOL,1919,0
Bolivia,BOL,1920,0
Bolivia,BOL,1921,0
Bolivia,BOL,1922,0
Bolivia,BOL,1923,0
Bolivia,BOL,1924,0
Bolivia,BOL,1925,0
Bolivia,BOL,1926,0
Bolivia,BOL,1927,0
Bolivia,BOL,1928,0
Bolivia,BOL,1929,0
Bolivia,BOL,1930,0
Bolivia,BOL,1931,0
Bolivia,BOL,1932,0
Bolivia,BOL,1933,0
Bolivia,BOL,1934,0
Bolivia,BOL,1935,0
Bolivia,BOL,1936,0
Bolivia,BOL,1937,0
Bolivia,BOL,1938,0
Bolivia,BOL,1939,0
Bolivia,BOL,1940,0
Bolivia,BOL,1941,0
Bolivia,BOL,1942,0
Bolivia,BOL,1943,0
Bolivia,BOL,1944,0
Bolivia,BOL,1945,0
Bolivia,BOL,1946,0
Bolivia,BOL,1947,0
Bolivia,BOL,1948,0
Bolivia,BOL,1949,0
Bolivia,BOL,1950,0
Bolivia,BOL,1951,0
Bolivia,BOL,1952,0
Bolivia,BOL,1953,0
Bolivia,BOL,1954,0
Bolivia,BOL,1955,0.062794246
Bolivia,BOL,1956,0.07325996
Bolivia,BOL,1957,0.08372566
Bolivia,BOL,1958,0.062794246
Bolivia,BOL,1959,0.07325996
Bolivia,BOL,1960,0.062794246
Bolivia,BOL,1961,0.5232854
Bolivia,BOL,1962,0.59654534
Bolivia,BOL,1963,0.56514823
Bolivia,BOL,1964,0.8895852
Bolivia,BOL,1965,0.8372566
Bolivia,BOL,1966,0.9733108
Bolivia,BOL,1967,0.9523794
Bolivia,BOL,1968,0.79539376
Bolivia,BOL,1969,1.1616936
Bolivia,BOL,1970,0.41868
Bolivia,BOL,1971,0.41868
Bolivia,BOL,1972,11.1648
Bolivia,BOL,1973,17.2124
Bolivia,BOL,1974,18.01487
Bolivia,BOL,1975,17.75901
Bolivia,BOL,1976,18.305618
Bolivia,BOL,1977,19.31743
Bolivia,BOL,1978,19.03831
Bolivia,BOL,1979,20.8177
Bolivia,BOL,1980,25.52785
Bolivia,BOL,1981,27.22583
Bolivia,BOL,1982,28.23764
Bolivia,BOL,1983,27.10953
Bolivia,BOL,1984,26.07446
Bolivia,BOL,1985,25.84186
Bolivia,BOL,1986,26.31869
Bolivia,BOL,1987,27.528212
Bolivia,BOL,1988,29.098259
Bolivia,BOL,1989,30.69157
Bolivia,BOL,1990,31.36611
Bolivia,BOL,1991,31.18003
Bolivia,BOL,1992,28.311234
Bolivia,BOL,1993,28.246838
Bolivia,BOL,1994,30.458206
Bolivia,BOL,1995,30.43367
Bolivia,BOL,1996,30.733114
Bolivia,BOL,1997,25.90445
Bolivia,BOL,1998,27.055004
Bolivia,BOL,1999,21.784061
Bolivia,BOL,2000,31.224026
Bolivia,BOL,2001,45.47095
Bolivia,BOL,2002,58.258457
Bolivia,BOL,2003,66.95389
Bolivia,BOL,2004,94.1988
Bolivia,BOL,2005,116.21581
Bolivia,BOL,2006,124.45293
Bolivia,BOL,2007,133.30193
Bolivia,BOL,2008,137.9202
Bolivia,BOL,2009,118.81584
Bolivia,BOL,2010,137.14502
Bolivia,BOL,2011,150.34001
Bolivia,BOL,2012,168.59476
Bolivia,BOL,2013,195.75163
Bolivia,BOL,2014,204.26025
Bolivia,BOL,2015,200.93651
Bolivia,BOL,2016,188.99504
Bolivia,BOL,2017,185.93495
Bolivia,BOL,2018,173.31442
Bolivia,BOL,2019,150.94989
Bolivia,BOL,2020,146.925
Bolivia,BOL,2021,151.49698
Bolivia,BOL,2022,135.98546
Bolivia,BOL,2023,118.073044
Bolivia,BOL,2024,101.38649
Bolivia,BOL,2025,86.151436
Bosnia and Herzegovina,BIH,1992,0.23606992
Bosnia and Herzegovina,BIH,1993,0
Bosnia and Herzegovina,BIH,1994,0
Bosnia and Herzegovina,BIH,1995,9.239288
Bosnia and Herzegovina,BIH,1996,0
Bosnia and Herzegovina,BIH,1997,0
Bosnia and Herzegovina,BIH,1998,0
Bosnia and Herzegovina,BIH,1999,0
Bosnia and Herzegovina,BIH,2000,0
Bosnia and Herzegovina,BIH,2001,0
Bosnia and Herzegovina,BIH,2002,0
Bosnia and Herzegovina,BIH,2003,0
Bosnia and Herzegovina,BIH,2004,0
Bosnia and Herzegovina,BIH,2005,0
Bosnia and Herzegovina,BIH,2006,0
Bosnia and Herzegovina,BIH,2007,0
Bosnia and Herzegovina,BIH,2008,0
Bosnia and Herzegovina,BIH,2009,0
Bosnia and Herzegovina,BIH,2010,0
Bosnia and Herzegovina,BIH,2011,0
Bosnia and Herzegovina,BIH,2012,0
Bosnia and Herzegovina,BIH,2013,0
Bosnia and Herzegovina,BIH,2014,0
Bosnia and Herzegovina,BIH,2015,0
Bosnia and Herzegovina,BIH,2016,0
Bosnia and Herzegovina,BIH,2017,0
Bosnia and Herzegovina,BIH,2018,0
Bosnia and Herzegovina,BIH,2019,0
Bosnia and Herzegovina,BIH,2020,0
Bosnia and Herzegovina,BIH,2021,0
Bosnia and Herzegovina,BIH,2022,0
Bosnia and Herzegovina,BIH,2023,0
Bosnia and Herzegovina,BIH,2024,0
Botswana,BWA,1980,0
Botswana,BWA,1981,0
Botswana,BWA,1982,0
Botswana,BWA,1983,0
Botswana,BWA,1984,0
Botswana,BWA,1985,0
Botswana,BWA,1986,0
Botswana,BWA,1987,0
Botswana,BWA,1988,0
Botswana,BWA,1989,0
Botswana,BWA,1990,0
Botswana,BWA,1991,0
Botswana,BWA,1992,0
Botswana,BWA,1993,0
Botswana,BWA,1994,0
Botswana,BWA,1995,0
Botswana,BWA,1996,0
Botswana,BWA,1997,0
Botswana,BWA,1998,0
Botswana,BWA,1999,0
Botswana,BWA,2000,0
Botswana,BWA,2001,0
Botswana,BWA,2002,0
Botswana,BWA,2003,0
Botswana,BWA,2004,0
Botswana,BWA,2005,0
Botswana,BWA,2006,0
Botswana,BWA,2007,0
Botswana,BWA,2008,0
Botswana,BWA,2009,0
Botswana,BWA,2010,0
Botswana,BWA,2011,0
Botswana,BWA,2012,0
Botswana,BWA,2013,0
Botswana,BWA,2014,0
Botswana,BWA,2015,0
Botswana,BWA,2016,0
Botswana,BWA,2017,0
Botswana,BWA,2018,0
Botswana,BWA,2019,0
Botswana,BWA,2020,0
Botswana,BWA,2021,0
Botswana,BWA,2022,0
Botswana,BWA,2023,0
Botswana,BWA,2024,0
Brazil,BRA,1900,0
Brazil,BRA,1901,0
Brazil,BRA,1902,0
Brazil,BRA,1903,0
Brazil,BRA,1904,0
Brazil,BRA,1905,0
Brazil,BRA,1906,0
Brazil,BRA,1907,0
Brazil,BRA,1908,0
Brazil,BRA,1909,0
Brazil,BRA,1910,0
Brazil,BRA,1911,0
Brazil,BRA,1912,0
Brazil,BRA,1913,0
Brazil,BRA,1914,0
Brazil,BRA,1915,0
Brazil,BRA,1916,0
Brazil,BRA,1917,0
Brazil,BRA,1918,0
Brazil,BRA,1919,0
Brazil,BRA,1920,0
Brazil,BRA,1921,0
Brazil,BRA,1922,0
Brazil,BRA,1923,0
Brazil,BRA,1924,0
Brazil,BRA,1925,0
Brazil,BRA,1926,0
Brazil,BRA,1927,0
Brazil,BRA,1928,0
Brazil,BRA,1929,0
Brazil,BRA,1930,0
Brazil,BRA,1931,0
Brazil,BRA,1932,0
Brazil,BRA,1933,0
Brazil,BRA,1934,0
Brazil,BRA,1935,0
Brazil,BRA,1936,0
Brazil,BRA,1937,0
Brazil,BRA,1938,0
Brazil,BRA,1939,0
Brazil,BRA,1940,0
Brazil,BRA,1941,0
Brazil,BRA,1942,0
Brazil,BRA,1943,0
Brazil,BRA,1944,0
Brazil,BRA,1945,0
Brazil,BRA,1946,0.104245506
Brazil,BRA,1947,0.011582835
Brazil,BRA,1948,0.034748502
Brazil,BRA,1949,0.057914168
Brazil,BRA,1950,0.057914168
Brazil,BRA,1951,0.09266268
Brazil,BRA,1952,0.08107984
Brazil,BRA,1953,0.3127365
Brazil,BRA,1954,0.7297185
Brazil,BRA,1955,0.7181357
Brazil,BRA,1956,0.9729581
Brazil,BRA,1957,1.8300878
Brazil,BRA,1958,3.4748502
Brazil,BRA,1959,4.9458704
Brazil,BRA,1960,6.1968164
Brazil,BRA,1961,6.104153
Brazil,BRA,1962,5.918828
Brazil,BRA,1963,5.826165
Brazil,BRA,1964,6.1620674
Brazil,BRA,1965,7.9226584
Brazil,BRA,1966,9.138856
Brazil,BRA,1967,10.134979
Brazil,BRA,1968,11.177435
Brazil,BRA,1969,14.14264
Brazil,BRA,1970,0.8110125
Brazil,BRA,1971,1.2874821
Brazil,BRA,1972,1.7538141
Brazil,BRA,1973,2.0072556
Brazil,BRA,1974,3.8624465
Brazil,BRA,1975,4.2071266
Brazil,BRA,1976,4.845799
Brazil,BRA,1977,6.0319047
Brazil,BRA,1978,7.9377837
Brazil,BRA,1979,8.698108
Brazil,BRA,1980,10.168068
Brazil,BRA,1981,9.123889
Brazil,BRA,1982,13.037024
Brazil,BRA,1983,17.629381
Brazil,BRA,1984,20.518614
Brazil,BRA,1985,25.739506
Brazil,BRA,1986,29.977045
Brazil,BRA,1987,33.484676
Brazil,BRA,1988,33.697563
Brazil,BRA,1989,34.54913
Brazil,BRA,1990,31.455137
Brazil,BRA,1991,32.700607
Brazil,BRA,1992,37.04399
Brazil,BRA,1993,43.394627
Brazil,BRA,1994,47.391705
Brazil,BRA,1995,52.304947
Brazil,BRA,1996,57.157547
Brazil,BRA,1997,62.216633
Brazil,BRA,1998,65.17325
Brazil,BRA,1999,76.52524
Brazil,BRA,2000,77.09714
Brazil,BRA,2001,78.73798
Brazil,BRA,2002,95.12576
Brazil,BRA,2003,103.34111
Brazil,BRA,2004,113.657776
Brazil,BRA,2005,112.41441
Brazil,BRA,2006,114.78471
Brazil,BRA,2007,115.57735
Brazil,BRA,2008,143.7607
Brazil,BRA,2009,122.769424
Brazil,BRA,2010,150.20552
Brazil,BRA,2011,172.26965
Brazil,BRA,2012,198.32849
Brazil,BRA,2013,219.49594
Brazil,BRA,2014,233.47676
Brazil,BRA,2015,238.04495
Brazil,BRA,2016,241.23578
Brazil,BRA,2017,271.8142
Brazil,BRA,2018,251.62358
Brazil,BRA,2019,257.46527
Brazil,BRA,2020,242.3634
Brazil,BRA,2021,243.32677
Brazil,BRA,2022,230.02669
Brazil,BRA,2023,234.22762
Brazil,BRA,2024,228.38542
Brazil,BRA,2025,265.6822
British Virgin Islands,VGB,1980,0
British Virgin Islands,VGB,1981,0
British Virgin Islands,VGB,1982,0
British Virgin Islands,VGB,1983,0
British Virgin Islands,VGB,1984,0
British Virgin Islands,VGB,1985,0
British Virgin Islands,VGB,1986,0
British Virgin Islands,VGB,1987,0
British Virgin Islands,VGB,1988,0
British Virgin Islands,VGB,1989,0
British Virgin Islands,VGB,1990,0
British Virgin Islands,VGB,1991,0
British Virgin Islands,VGB,1992,0
British Virgin Islands,VGB,1993,0
British Virgin Islands,VGB,1994,0
British Virgin Islands,VGB,1995,0
British Virgin Islands,VGB,1996,0
British Virgin Islands,VGB,1997,0
British Virgin Islands,VGB,1998,0
British Virgin Islands,VGB,1999,0
British Virgin Islands,VGB,2000,0
British Virgin Islands,VGB,2001,0
British Virgin Islands,VGB,2002,0
British Virgin Islands,VGB,2003,0
British Virgin Islands,VGB,2004,0
British Virgin Islands,VGB,2005,0
British Virgin Islands,VGB,2006,0
British Virgin Islands,VGB,2007,0
British Virgin Islands,VGB,2008,0
British Virgin Islands,VGB,2009,0
British Virgin Islands,VGB,2010,0
British Virgin Islands,VGB,2011,0
British Virgin Islands,VGB,2012,0
British Virgin Islands,VGB,2013,0
British Virgin Islands,VGB,2014,0
British Virgin Islands,VGB,2015,0
British Virgin Islands,VGB,2016,0
British Virgin Islands,VGB,2017,0
British Virgin Islands,VGB,2018,0
British Virgin Islands,VGB,2019,0
British Virgin Islands,VGB,2020,0
British Virgin Islands,VGB,2021,0
British Virgin Islands,VGB,2022,0
British Virgin Islands,VGB,2023,0
British Virgin Islands,VGB,2024,0
Brunei,BRN,1900,0
Brunei,BRN,1901,0
Brunei,BRN,1902,0
Brunei,BRN,1903,0
Brunei,BRN,1904,0
Brunei,BRN,1905,0
Brunei,BRN,1906,0
Brunei,BRN,1907,0
Brunei,BRN,1908,0
Brunei,BRN,1909,0
Brunei,BRN,1910,0
Brunei,BRN,1911,0
Brunei,BRN,1912,0
Brunei,BRN,1913,0
Brunei,BRN,1914,0
Brunei,BRN,1915,0
Brunei,BRN,1916,0
Brunei,BRN,1917,0
Brunei,BRN,1918,0
Brunei,BRN,1919,0
Brunei,BRN,1920,0
Brunei,BRN,1921,0
Brunei,BRN,1922,0
Brunei,BRN,1923,0
Brunei,BRN,1924,0
Brunei,BRN,1925,0
Brunei,BRN,1926,0
Brunei,BRN,1927,0
Brunei,BRN,1928,0
Brunei,BRN,1929,0
Brunei,BRN,1930,0
Brunei,BRN,1931,0
Brunei,BRN,1932,0
Brunei,BRN,1933,0
Brunei,BRN,1934,0
Brunei,BRN,1935,0
Brunei,BRN,1936,0
Brunei,BRN,1937,0.8381376
Brunei,BRN,1938,0
Brunei,BRN,1939,0
Brunei,BRN,1940,0
Brunei,BRN,1941,0
Brunei,BRN,1942,0
Brunei,BRN,1943,0
Brunei,BRN,1944,0
Brunei,BRN,1945,0
Brunei,BRN,1946,0.35557356
Brunei,BRN,1947,0.3174764
Brunei,BRN,1948,0.457166
Brunei,BRN,1949,0
Brunei,BRN,1950,0
Brunei,BRN,1951,0.6349528
Brunei,BRN,1952,0.6349528
Brunei,BRN,1953,0.7492443
Brunei,BRN,1954,0.8635358
Brunei,BRN,1955,0.9778273
Brunei,BRN,1956,1.0413225
Brunei,BRN,1957,0.9651282
Brunei,BRN,1958,0.9524292
Brunei,BRN,1959,2.6414034
Brunei,BRN,1960,2.7302969
Brunei,BRN,1961,2.6668017
Brunei,BRN,1962,2.6541026
Brunei,BRN,1963,2.514413
Brunei,BRN,1964,2.1969366
Brunei,BRN,1965,2.6795006
Brunei,BRN,1966,2.5525103
Brunei,BRN,1967,2.755695
Brunei,BRN,1968,2.7048988
Brunei,BRN,1969,2.4255195
Brunei,BRN,1970,2.13525
Brunei,BRN,1971,2.11575
Brunei,BRN,1972,4.343625
Brunei,BRN,1973,18.968626
Brunei,BRN,1974,41.17425
Brunei,BRN,1975,53.9955
Brunei,BRN,1976,71.214
Brunei,BRN,1977,81.7245
Brunei,BRN,1978,80.10113
Brunei,BRN,1979,83.91825
Brunei,BRN,1980,84.230255
Brunei,BRN,1981,81.548996
Brunei,BRN,1982,81.4515
Brunei,BRN,1983,84.95175
Brunei,BRN,1984,85.96575
Brunei,BRN,1985,83.80613
Brunei,BRN,1986,84.025505
Brunei,BRN,1987,83.8305
Brunei,BRN,1988,87.09675
Brunei,BRN,1989,85.3515
Brunei,BRN,1990,87.02363
Brunei,BRN,1991,88.335
Brunei,BRN,1992,95.082
Brunei,BRN,1993,100.67363
Brunei,BRN,1994,101.31225
Brunei,BRN,1995,114.66975
Brunei,BRN,1996,113.67525
Brunei,BRN,1997,113.763
Brunei,BRN,1998,105.01725
Brunei,BRN,1999,109.473
Brunei,BRN,2000,110.1555
Brunei,BRN,2001,111.12075
Brunei,BRN,2002,111.72525
Brunei,BRN,2003,120.4515
Brunei,BRN,2004,119.26823
Brunei,BRN,2005,117.09443
Brunei,BRN,2006,122.561264
Brunei,BRN,2007,119.47629
Brunei,BRN,2008,118.49997
Brunei,BRN,2009,111.286095
Brunei,BRN,2010,119.75348
Brunei,BRN,2011,124.78791
Brunei,BRN,2012,122.512764
Brunei,BRN,2013,119.01314
Brunei,BRN,2014,126.88147
Brunei,BRN,2015,132.91452
Brunei,BRN,2016,129.42845
Brunei,BRN,2017,128.54909
Brunei,BRN,2018,125.65272
Brunei,BRN,2019,129.80136
Brunei,BRN,2020,126.4079
Brunei,BRN,2021,115.34709
Brunei,BRN,2022,105.931
Brunei,BRN,2023,99.82059
Brunei,BRN,2024,103.65616
Brunei,BRN,2025,105.020256
Bulgaria,BGR,1900,0
Bulgaria,BGR,1901,0
Bulgaria,BGR,1902,0
Bulgaria,BGR,1903,0
Bulgaria,BGR,1904,0
Bulgaria,BGR,1905,0
Bulgaria,BGR,1906,0
Bulgaria,BGR,1907,0
Bulgaria,BGR,1908,0
Bulgaria,BGR,1909,0
Bulgaria,BGR,1910,0
Bulgaria,BGR,1911,0
Bulgaria,BGR,1912,0
Bulgaria,BGR,1913,0
Bulgaria,BGR,1914,0
Bulgaria,BGR,1915,0
Bulgaria,BGR,1916,0
Bulgaria,BGR,1917,0
Bulgaria,BGR,1918,0
Bulgaria,BGR,1919,0
Bulgaria,BGR,1920,0
Bulgaria,BGR,1921,0
Bulgaria,BGR,1922,0
Bulgaria,BGR,1923,0
Bulgaria,BGR,1924,0
Bulgaria,BGR,1925,0
Bulgaria,BGR,1926,0
Bulgaria,BGR,1927,0
Bulgaria,BGR,1928,0
Bulgaria,BGR,1929,0
Bulgaria,BGR,1930,0
Bulgaria,BGR,1931,0
Bulgaria,BGR,1932,0
Bulgaria,BGR,1933,0
Bulgaria,BGR,1934,0
Bulgaria,BGR,1935,0
Bulgaria,BGR,1936,0
Bulgaria,BGR,1937,0
Bulgaria,BGR,1938,0
Bulgaria,BGR,1939,0
Bulgaria,BGR,1940,0
Bulgaria,BGR,1941,0
Bulgaria,BGR,1942,0
Bulgaria,BGR,1943,0
Bulgaria,BGR,1944,0
Bulgaria,BGR,1945,0
Bulgaria,BGR,1946,0
Bulgaria,BGR,1947,0
Bulgaria,BGR,1948,0
Bulgaria,BGR,1949,0
Bulgaria,BGR,1950,0
Bulgaria,BGR,1951,0
Bulgaria,BGR,1952,0
Bulgaria,BGR,1953,0
Bulgaria,BGR,1954,0
Bulgaria,BGR,1955,0
Bulgaria,BGR,1956,0
Bulgaria,BGR,1957,0
Bulgaria,BGR,1958,0
Bulgaria,BGR,1959,0
Bulgaria,BGR,1960,0
Bulgaria,BGR,1961,0
Bulgaria,BGR,1962,0
Bulgaria,BGR,1963,0
Bulgaria,BGR,1964,0
Bulgaria,BGR,1965,0.79239064
Bulgaria,BGR,1966,1.1831586
Bulgaria,BGR,1967,3.5711856
Bulgaria,BGR,1968,5.492461
Bulgaria,BGR,1969,5.6987
Bulgaria,BGR,1970,5.145112
Bulgaria,BGR,1971,3.5494761
Bulgaria,BGR,1972,2.3880267
Bulgaria,BGR,1973,2.4097362
Bulgaria,BGR,1974,1.95384
Bulgaria,BGR,1975,0.11940133
Bulgaria,BGR,1976,0.40162265
Bulgaria,BGR,1977,0.10854666
Bulgaria,BGR,1978,0.34734935
Bulgaria,BGR,1979,1.4870894
Bulgaria,BGR,1980,1.2449659
Bulgaria,BGR,1981,1.1619681
Bulgaria,BGR,1982,0.8299773
Bulgaria,BGR,1983,0.96830684
Bulgaria,BGR,1984,0.8299773
Bulgaria,BGR,1985,1.1066364
Bulgaria,BGR,1986,1.3818301
Bulgaria,BGR,1987,1.2160105
Bulgaria,BGR,1988,0.1105464
Bulgaria,BGR,1989,0.1105464
Bulgaria,BGR,1990,0.0975572
Bulgaria,BGR,1991,0.09416496
Bulgaria,BGR,1992,0.40985227
Bulgaria,BGR,1993,0.717227
Bulgaria,BGR,1994,0.6150975
Bulgaria,BGR,1995,0.5130297
Bulgaria,BGR,1996,0.40951115
Bulgaria,BGR,1997,0.41026625
Bulgaria,BGR,1998,0.30894166
Bulgaria,BGR,1999,0.2063751
Bulgaria,BGR,2000,0.20327017
Bulgaria,BGR,2001,0.20327017
Bulgaria,BGR,2002,0.20888512
Bulgaria,BGR,2003,0.20888512
Bulgaria,BGR,2004,3.453271
Bulgaria,BGR,2005,32.744965
Bulgaria,BGR,2006,4.830746
Bulgaria,BGR,2007,3.0614722
Bulgaria,BGR,2008,1.1407555
Bulgaria,BGR,2009,0.10370505
Bulgaria,BGR,2010,0.52318263
Bulgaria,BGR,2011,3.6622784
Bulgaria,BGR,2012,3.983539
Bulgaria,BGR,2013,2.9088953
Bulgaria,BGR,2014,1.8834574
Bulgaria,BGR,2015,1.0919248
Bulgaria,BGR,2016,0.97311145
Bulgaria,BGR,2017,0.8370851
Bulgaria,BGR,2018,0.34431568
Bulgaria,BGR,2019,0.40598667
Bulgaria,BGR,2020,0.6831033
Bulgaria,BGR,2021,0.3785009
Bulgaria,BGR,2022,0.2030247
Bulgaria,BGR,2023,0.114781514
Bulgaria,BGR,2024,0.09675256
Burkina Faso,BFA,1980,0
Burkina Faso,BFA,1981,0
Burkina Faso,BFA,1982,0
Burkina Faso,BFA,1983,0
Burkina Faso,BFA,1984,0
Burkina Faso,BFA,1985,0
Burkina Faso,BFA,1986,0
Burkina Faso,BFA,1987,0
Burkina Faso,BFA,1988,0
Burkina Faso,BFA,1989,0
Burkina Faso,BFA,1990,0
Burkina Faso,BFA,1991,0
Burkina Faso,BFA,1992,0
Burkina Faso,BFA,1993,0
Burkina Faso,BFA,1994,0
Burkina Faso,BFA,1995,0
Burkina Faso,BFA,1996,0
Burkina Faso,BFA,1997,0
Burkina Faso,BFA,1998,0
Burkina Faso,BFA,1999,0
Burkina Faso,BFA,2000,0
Burkina Faso,BFA,2001,0
Burkina Faso,BFA,2002,0
Burkina Faso,BFA,2003,0
Burkina Faso,BFA,2004,0
Burkina Faso,BFA,2005,0
Burkina Faso,BFA,2006,0
Burkina Faso,BFA,2007,0
Burkina Faso,BFA,2008,0
Burkina Faso,BFA,2009,0
Burkina Faso,BFA,2010,0
Burkina Faso,BFA,2011,0
Burkina Faso,BFA,2012,0
Burkina Faso,BFA,2013,0
Burkina Faso,BFA,2014,0
Burkina Faso,BFA,2015,0
Burkina Faso,BFA,2016,0
Burkina Faso,BFA,2017,0
Burkina Faso,BFA,2018,0
Burkina Faso,BFA,2019,0
Burkina Faso,BFA,2020,0
Burkina Faso,BFA,2021,0
Burkina Faso,BFA,2022,0
Burkina Faso,BFA,2023,0
Burkina Faso,BFA,2024,0
Burundi,BDI,1980,0
Burundi,BDI,1981,0
Burundi,BDI,1982,0
Burundi,BDI,1983,0
Burundi,BDI,1984,0
Burundi,BDI,1985,0
Burundi,BDI,1986,0
Burundi,BDI,1987,0
Burundi,BDI,1988,0
Burundi,BDI,1989,0
Burundi,BDI,1990,0
Burundi,BDI,1991,0
Burundi,BDI,1992,0
Burundi,BDI,1993,0
Burundi,BDI,1994,0
Burundi,BDI,1995,0
Burundi,BDI,1996,0
Burundi,BDI,1997,0
Burundi,BDI,1998,0
Burundi,BDI,1999,0
Burundi,BDI,2000,0
Burundi,BDI,2001,0
Burundi,BDI,2002,0
Burundi,BDI,2003,0
Burundi,BDI,2004,0
Burundi,BDI,2005,0
Burundi,BDI,2006,0
Burundi,BDI,2007,0
Burundi,BDI,2008,0
Burundi,BDI,2009,0
Burundi,BDI,2010,0
Burundi,BDI,2011,0
Burundi,BDI,2012,0
Burundi,BDI,2013,0
Burundi,BDI,2014,0
Burundi,BDI,2015,0
Burundi,BDI,2016,0
Burundi,BDI,2017,0
Burundi,BDI,2018,0
Burundi,BDI,2019,0
Burundi,BDI,2020,0
Burundi,BDI,2021,0
Burundi,BDI,2022,0
Burundi,BDI,2023,0
Burundi,BDI,2024,0
CIS (EI),,1970,1875.0139
CIS (EI),,1971,2011.9374
CIS (EI),,1972,2097.189
CIS (EI),,1973,2238.3276
CIS (EI),,1974,2468.507
CIS (EI),,1975,2740.0618
CIS (EI),,1976,3040.1946
CIS (EI),,1977,3277.4783
CIS (EI),,1978,3525.5698
CIS (EI),,1979,3851.4487
CIS (EI),,1980,4122.3877
CIS (EI),,1981,4407.507
CIS (EI),,1982,4742.8296
CIS (EI),,1983,5074.364
CIS (EI),,1984,5564.087
CIS (EI),,1985,5546.7637
CIS (EI),,1986,5974.689
CIS (EI),,1987,6390.7363
CIS (EI),,1988,6811.0303
CIS (EI),,1989,7065.812
CIS (EI),,1990,7309.516
CIS (EI),,1991,7198.2915
CIS (EI),,1992,6950.1206
CIS (EI),,1993,6799.731
CIS (EI),,1994,6433.262
CIS (EI),,1995,6247.644
CIS (EI),,1996,6390.8794
CIS (EI),,1997,5961.281
CIS (EI),,1998,6138.8906
CIS (EI),,1999,6281.0195
CIS (EI),,2000,6441.6636
CIS (EI),,2001,6462.5073
CIS (EI),,2002,6636.5894
CIS (EI),,2003,6939.657
CIS (EI),,2004,7103.724
CIS (EI),,2005,7259.1797
CIS (EI),,2006,7447.5835
CIS (EI),,2007,7555.058
CIS (EI),,2008,7754.513
CIS (EI),,2009,6701.96
CIS (EI),,2010,7395.152
CIS (EI),,2011,7747.7407
CIS (EI),,2012,7635.306
CIS (EI),,2013,7768.9824
CIS (EI),,2014,7574.071
CIS (EI),,2015,7482.4717
CIS (EI),,2016,7551.4575
CIS (EI),,2017,8022.823
CIS (EI),,2018,8471.55
CIS (EI),,2019,8573.992
CIS (EI),,2020,8083.5747
CIS (EI),,2021,8911.527
CIS (EI),,2022,8075.743
CIS (EI),,2023,7722.6685
CIS (EI),,2024,8140.62
CIS (EI),,2025,7983.721
Cambodia,KHM,1980,0
Cambodia,KHM,1981,0
Cambodia,KHM,1982,0
Cambodia,KHM,1983,0
Cambodia,KHM,1984,0
Cambodia,KHM,1985,0
Cambodia,KHM,1986,0
Cambodia,KHM,1987,0
Cambodia,KHM,1988,0
Cambodia,KHM,1989,0
Cambodia,KHM,1990,0
Cambodia,KHM,1991,0
Cambodia,KHM,1992,0
Cambodia,KHM,1993,0
Cambodia,KHM,1994,0
Cambodia,KHM,1995,0
Cambodia,KHM,1996,0
Cambodia,KHM,1997,0
Cambodia,KHM,1998,0
Cambodia,KHM,1999,0
Cambodia,KHM,2000,0
Cambodia,KHM,2001,0
Cambodia,KHM,2002,0
Cambodia,KHM,2003,0
Cambodia,KHM,2004,0
Cambodia,KHM,2005,0
Cambodia,KHM,2006,0
Cambodia,KHM,2007,0
Cambodia,KHM,2008,0
Cambodia,KHM,2009,0
Cambodia,KHM,2010,0
Cambodia,KHM,2011,0
Cambodia,KHM,2012,0
Cambodia,KHM,2013,0
Cambodia,KHM,2014,0
Cambodia,KHM,2015,0
Cambodia,KHM,2016,0
Cambodia,KHM,2017,0
Cambodia,KHM,2018,0
Cambodia,KHM,2019,0
Cambodia,KHM,2020,0
Cambodia,KHM,2021,0
Cambodia,KHM,2022,0
Cambodia,KHM,2023,0
Cambodia,KHM,2024,0
Cameroon,CMR,1980,0
Cameroon,CMR,1981,0
Cameroon,CMR,1982,0
Cameroon,CMR,1983,0
Cameroon,CMR,1984,0
Cameroon,CMR,1985,0
Cameroon,CMR,1986,0
Cameroon,CMR,1987,0
Cameroon,CMR,1988,0
Cameroon,CMR,1989,0
Cameroon,CMR,1990,0
Cameroon,CMR,1991,0
Cameroon,CMR,1992,0
Cameroon,CMR,1993,0
Cameroon,CMR,1994,0
Cameroon,CMR,1995,0
Cameroon,CMR,1996,0
Cameroon,CMR,1997,0
Cameroon,CMR,1998,0
Cameroon,CMR,1999,0
Cameroon,CMR,2000,0
Cameroon,CMR,2001,0
Cameroon,CMR,2002,0
Cameroon,CMR,2003,0
Cameroon,CMR,2004,0
Cameroon,CMR,2005,0.2167249
Cameroon,CMR,2006,0.2167249
Cameroon,CMR,2007,0.2167249
Cameroon,CMR,2008,0.2167249
Cameroon,CMR,2009,0.2167249
Cameroon,CMR,2010,2.2756116
Cameroon,CMR,2011,1.6254368
Cameroon,CMR,2012,2.9474587
Cameroon,CMR,2013,5.4506697e-16
Cameroon,CMR,2014,5.082199
Cameroon,CMR,2015,7.368647
Cameroon,CMR,2016,7.802093
Cameroon,CMR,2017,6.656765
Cameroon,CMR,2018,17.441462
Cameroon,CMR,2019,25.637829
Cameroon,CMR,2020,25.975994
Cameroon,CMR,2021,25.434185
Cameroon,CMR,2022,26.192717
Cameroon,CMR,2023,27.199425
Cameroon,CMR,2024,27.347887
Canada,CAN,1900,0
Canada,CAN,1901,0
Canada,CAN,1902,0
Canada,CAN,1903,0
Canada,CAN,1904,0
Canada,CAN,1905,0
Canada,CAN,1906,0
Canada,CAN,1907,0
Canada,CAN,1908,0
Canada,CAN,1909,0
Canada,CAN,1910,3.8721852
Canada,CAN,1911,3.962145
Canada,CAN,1912,4.052105
Canada,CAN,1913,4.1420646
Canada,CAN,1914,4.2320247
Canada,CAN,1915,4.321985
Canada,CAN,1916,4.4119444
Canada,CAN,1917,4.501904
Canada,CAN,1918,4.591864
Canada,CAN,1919,4.681824
Canada,CAN,1920,4.771784
Canada,CAN,1921,4.8617435
Canada,CAN,1922,4.9517035
Canada,CAN,1923,5.462128
Canada,CAN,1924,5.9725523
Canada,CAN,1925,6.482977
Canada,CAN,1926,6.993401
Canada,CAN,1927,7.5038257
Canada,CAN,1928,8.01425
Canada,CAN,1929,8.280218
Canada,CAN,1930,8.546186
Canada,CAN,1931,8.812155
Canada,CAN,1932,9.078123
Canada,CAN,1933,9.344091
Canada,CAN,1934,9.61006
Canada,CAN,1935,9.876028
Canada,CAN,1936,10.141996
Canada,CAN,1937,10.407965
Canada,CAN,1938,11.019431
Canada,CAN,1939,11.630897
Canada,CAN,1940,12.242364
Canada,CAN,1941,12.85383
Canada,CAN,1942,13.465296
Canada,CAN,1943,14.076762
Canada,CAN,1944,14.688229
Canada,CAN,1945,15.299695
Canada,CAN,1946,15.911161
Canada,CAN,1947,17.495235
Canada,CAN,1948,19.290524
Canada,CAN,1949,20.088427
Canada,CAN,1950,22.540812
Canada,CAN,1951,26.401264
Canada,CAN,1952,29.463808
Canada,CAN,1953,33.558937
Canada,CAN,1954,40.118187
Canada,CAN,1955,50.092
Canada,CAN,1956,56.205357
Canada,CAN,1957,73.102165
Canada,CAN,1958,112.24643
Canada,CAN,1959,138.67117
Canada,CAN,1960,173.76724
Canada,CAN,1961,217.87495
Canada,CAN,1962,314.56226
Canada,CAN,1963,371.2839
Canada,CAN,1964,437.58038
Canada,CAN,1965,479.28268
Canada,CAN,1966,445.84106
Canada,CAN,1967,486.89795
Canada,CAN,1968,562.3
Canada,CAN,1969,659.64435
Canada,CAN,1970,540.1628
Canada,CAN,1971,590.55
Canada,CAN,1972,666.75
Canada,CAN,1973,714.375
Canada,CAN,1974,699.5541
Canada,CAN,1975,714.5655
Canada,CAN,1976,720.852
Canada,CAN,1977,757.2375
Canada,CAN,1978,730.758
Canada,CAN,1979,770.5725
Canada,CAN,1980,712.2795
Canada,CAN,1981,688.2765
Canada,CAN,1982,722.47125
Canada,CAN,1983,679.5135
Canada,CAN,1984,744.75977
Canada,CAN,1985,805.13684
Canada,CAN,1986,755.1515
Canada,CAN,1987,818.5652
Canada,CAN,1988,945.2686
Canada,CAN,1989,1004.26935
Canada,CAN,1990,1034.4779
Canada,CAN,1991,1088.7856
Canada,CAN,1992,1199.6471
Canada,CAN,1993,1320.6403
Canada,CAN,1994,1429.4711
Canada,CAN,1995,1527.4125
Canada,CAN,1996,1539.1808
Canada,CAN,1997,1597.309
Canada,CAN,1998,1656.041
Canada,CAN,1999,1705.402
Canada,CAN,2000,1763.0468
Canada,CAN,2001,1794.1923
Canada,CAN,2002,1807.2258
Canada,CAN,2003,1760.47
Canada,CAN,2004,1767.352
Canada,CAN,2005,1791.5245
Canada,CAN,2006,1793.974
Canada,CAN,2007,1746.7913
Canada,CAN,2008,1664.916
Canada,CAN,2009,1550.5082
Canada,CAN,2010,1495.9108
Canada,CAN,2011,1510.7133
Canada,CAN,2012,1503.052
Canada,CAN,2013,1519.2035
Canada,CAN,2014,1589.916
Canada,CAN,2015,1607.5568
Canada,CAN,2016,1691.1692
Canada,CAN,2017,1748.0621
Canada,CAN,2018,1800.5444
Canada,CAN,2019,1734.476
Canada,CAN,2020,1697.0734
Canada,CAN,2021,1765.0311
Canada,CAN,2022,1894.5349
Canada,CAN,2023,1950.195
Canada,CAN,2024,1994.7085
Canada,CAN,2025,2062.2717
Cape Verde,CPV,1980,0
Cape Verde,CPV,1981,0
Cape Verde,CPV,1982,0
Cape Verde,CPV,1983,0
Cape Verde,CPV,1984,0
Cape Verde,CPV,1985,0
Cape Verde,CPV,1986,0
Cape Verde,CPV,1987,0
Cape Verde,CPV,1988,0
Cape Verde,CPV,1989,0
Cape Verde,CPV,1990,0
Cape Verde,CPV,1991,0
Cape Verde,CPV,1992,0
Cape Verde,CPV,1993,0
Cape Verde,CPV,1994,0
Cape Verde,CPV,1995,0
Cape Verde,CPV,1996,0
Cape Verde,CPV,1997,0
Cape Verde,CPV,1998,0
Cape Verde,CPV,1999,0
Cape Verde,CPV,2000,0
Cape Verde,CPV,2001,0
Cape Verde,CPV,2002,0
Cape Verde,CPV,2003,0
Cape Verde,CPV,2004,0
Cape Verde,CPV,2005,0
Cape Verde,CPV,2006,0
Cape Verde,CPV,2007,0
Cape Verde,CPV,2008,0
Cape Verde,CPV,2009,0
Cape Verde,CPV,2010,0
Cape Verde,CPV,2011,0
Cape Verde,CPV,2012,0
Cape Verde,CPV,2013,0
Cape Verde,CPV,2014,0
Cape Verde,CPV,2015,0
Cape Verde,CPV,2016,0
Cape Verde,CPV,2017,0
Cape Verde,CPV,2018,0
Cape Verde,CPV,2019,0
Cape Verde,CPV,2020,0
Cape Verde,CPV,2021,0
Cape Verde,CPV,2022,0
Cape Verde,CPV,2023,0
Cape Verde,CPV,2024,0
Cayman Islands,CYM,1980,0
Cayman Islands,CYM,1981,0
Cayman Islands,CYM,1982,0
Cayman Islands,CYM,1983,0
Cayman Islands,CYM,1984,0
Cayman Islands,CYM,1985,0
Cayman Islands,CYM,1986,0
Cayman Islands,CYM,1987,0
Cayman Islands,CYM,1988,0
Cayman Islands,CYM,1989,0
Cayman Islands,CYM,1990,0
Cayman Islands,CYM,1991,0
Cayman Islands,CYM,1992,0
Cayman Islands,CYM,1993,0
Cayman Islands,CYM,1994,0
Cayman Islands,CYM,1995,0
Cayman Islands,CYM,1996,0
Cayman Islands,CYM,1997,0
Cayman Islands,CYM,1998,0
Cayman Islands,CYM,1999,0
Cayman Islands,CYM,2000,0
Cayman Islands,CYM,2001,0
Cayman Islands,CYM,2002,0
Cayman Islands,CYM,2003,0
Cayman Islands,CYM,2004,0
Cayman Islands,CYM,2005,0
Cayman Islands,CYM,2006,0
Cayman Islands,CYM,2007,0
Cayman Islands,CYM,2008,0
Cayman Islands,CYM,2009,0
Cayman Islands,CYM,2010,0
Cayman Islands,CYM,2011,0
Cayman Islands,CYM,2012,0
Cayman Islands,CYM,2013,0
Cayman Islands,CYM,2014,0
Cayman Islands,CYM,2015,0
Cayman Islands,CYM,2016,0
Cayman Islands,CYM,2017,0
Cayman Islands,CYM,2018,0
Cayman Islands,CYM,2019,0
Cayman Islands,CYM,2020,0
Cayman Islands,CYM,2021,0
Cayman Islands,CYM,2022,0
Cayman Islands,CYM,2023,0
Cayman Islands,CYM,2024,0
Central African Republic,CAF,1980,0
Central African Republic,CAF,1981,0
Central African Republic,CAF,1982,0
Central African Republic,CAF,1983,0
Central African Republic,CAF,1984,0
Central African Republic,CAF,1985,0
Central African Republic,CAF,1986,0
Central African Republic,CAF,1987,0
Central African Republic,CAF,1988,0
Central African Republic,CAF,1989,0
Central African Republic,CAF,1990,0
Central African Republic,CAF,1991,0
Central African Republic,CAF,1992,0
Central African Republic,CAF,1993,0
Central African Republic,CAF,1994,0
Central African Republic,CAF,1995,0
Central African Republic,CAF,1996,0
Central African Republic,CAF,1997,0
Central African Republic,CAF,1998,0
Central African Republic,CAF,1999,0
Central African Republic,CAF,2000,0
Central African Republic,CAF,2001,0
Central African Republic,CAF,2002,0
Central African Republic,CAF,2003,0
Central African Republic,CAF,2004,0
Central African Republic,CAF,2005,0
Central African Republic,CAF,2006,0
Central African Republic,CAF,2007,0
Central African Republic,CAF,2008,0
Central African Republic,CAF,2009,0
Central African Republic,CAF,2010,0
Central African Republic,CAF,2011,0
Central African Republic,CAF,2012,0
Central African Republic,CAF,2013,0
Central African Republic,CAF,2014,0
Central African Republic,CAF,2015,0
Central African Republic,CAF,2016,0
Central African Republic,CAF,2017,0
Central African Republic,CAF,2018,0
Central African Republic,CAF,2019,0
Central African Republic,CAF,2020,0
Central African Republic,CAF,2021,0
Central African Republic,CAF,2022,0
Central African Republic,CAF,2023,0
Central African Republic,CAF,2024,0
Chad,TCD,1980,0
Chad,TCD,1981,0
Chad,TCD,1982,0
Chad,TCD,1983,0
Chad,TCD,1984,0
Chad,TCD,1985,0
Chad,TCD,1986,0
Chad,TCD,1987,0
Chad,TCD,1988,0
Chad,TCD,1989,0
Chad,TCD,1990,0
Chad,TCD,1991,0
Chad,TCD,1992,0
Chad,TCD,1993,0
Chad,TCD,1994,0
Chad,TCD,1995,0
Chad,TCD,1996,0
Chad,TCD,1997,0
Chad,TCD,1998,0
Chad,TCD,1999,0
Chad,TCD,2000,0
Chad,TCD,2001,0
Chad,TCD,2002,0
Chad,TCD,2003,0
Chad,TCD,2004,0
Chad,TCD,2005,0
Chad,TCD,2006,0
Chad,TCD,2007,0
Chad,TCD,2008,0
Chad,TCD,2009,0
Chad,TCD,2010,0
Chad,TCD,2011,0
Chad,TCD,2012,0
Chad,TCD,2013,0
Chad,TCD,2014,0
Chad,TCD,2015,0
Chad,TCD,2016,0
Chad,TCD,2017,0
Chad,TCD,2018,0
Chad,TCD,2019,0
Chad,TCD,2020,0
Chad,TCD,2021,0
Chad,TCD,2022,0
Chad,TCD,2023,0
Chad,TCD,2024,0
Chile,CHL,1900,0
Chile,CHL,1901,0
Chile,CHL,1902,0
Chile,CHL,1903,0
Chile,CHL,1904,0
Chile,CHL,1905,0
Chile,CHL,1906,0
Chile,CHL,1907,0
Chile,CHL,1908,0
Chile,CHL,1909,0
Chile,CHL,1910,0
Chile,CHL,1911,0
Chile,CHL,1912,0
Chile,CHL,1913,0
Chile,CHL,1914,0
Chile,CHL,1915,0
Chile,CHL,1916,0
Chile,CHL,1917,0
Chile,CHL,1918,0
Chile,CHL,1919,0
Chile,CHL,1920,0
Chile,CHL,1921,0
Chile,CHL,1922,0
Chile,CHL,1923,0
Chile,CHL,1924,0
Chile,CHL,1925,0
Chile,CHL,1926,0
Chile,CHL,1927,0
Chile,CHL,1928,0
Chile,CHL,1929,0
Chile,CHL,1930,0
Chile,CHL,1931,0
Chile,CHL,1932,0
Chile,CHL,1933,0
Chile,CHL,1934,0
Chile,CHL,1935,0
Chile,CHL,1936,0
Chile,CHL,1937,0
Chile,CHL,1938,0
Chile,CHL,1939,0
Chile,CHL,1940,0
Chile,CHL,1941,0
Chile,CHL,1942,0
Chile,CHL,1943,0
Chile,CHL,1944,0
Chile,CHL,1945,0
Chile,CHL,1946,0
Chile,CHL,1947,0
Chile,CHL,1948,0
Chile,CHL,1949,0.04600208
Chile,CHL,1950,2.2886033
Chile,CHL,1951,1.6445743
Chile,CHL,1952,0.67853063
Chile,CHL,1953,0.80503637
Chile,CHL,1954,1.0350467
Chile,CHL,1955,1.2880582
Chile,CHL,1956,1.725078
Chile,CHL,1957,2.87513
Chile,CHL,1958,5.175234
Chile,CHL,1959,6.900312
Chile,CHL,1960,9.464928
Chile,CHL,1961,13.812123
Chile,CHL,1962,18.055815
Chile,CHL,1963,17.618795
Chile,CHL,1964,14.950675
Chile,CHL,1965,14.766667
Chile,CHL,1966,13.04159
Chile,CHL,1967,14.38715
Chile,CHL,1968,17.239279
Chile,CHL,1969,21.068953
Chile,CHL,1970,25.979673
Chile,CHL,1971,37.319183
Chile,CHL,1972,41.90789
Chile,CHL,1973,41.792885
Chile,CHL,1974,39.101765
Chile,CHL,1975,39.17077
Chile,CHL,1976,46.197586
Chile,CHL,1977,43.59847
Chile,CHL,1978,40.25182
Chile,CHL,1979,44.96703
Chile,CHL,1980,24.911041
Chile,CHL,1981,24.911041
Chile,CHL,1982,14.360482
Chile,CHL,1983,13.481269
Chile,CHL,1984,14.067411
Chile,CHL,1985,12.895127
Chile,CHL,1986,7.619848
Chile,CHL,1987,7.619848
Chile,CHL,1988,10.257487
Chile,CHL,1989,16.705051
Chile,CHL,1990,19.342691
Chile,CHL,1991,15.239696
Chile,CHL,1992,16.249193
Chile,CHL,1993,18.111792
Chile,CHL,1994,20.0783
Chile,CHL,1995,19.66507
Chile,CHL,1996,19.669804
Chile,CHL,1997,23.147339
Chile,CHL,1998,21.625917
Chile,CHL,1999,13.040754
Chile,CHL,2000,12.388716
Chile,CHL,2001,13.040754
Chile,CHL,2002,21.442467
Chile,CHL,2003,17.91396
Chile,CHL,2004,17.751106
Chile,CHL,2005,20.867048
Chile,CHL,2006,20.041922
Chile,CHL,2007,19.303648
Chile,CHL,2008,18.815086
Chile,CHL,2009,21.01735
Chile,CHL,2010,20.248924
Chile,CHL,2011,17.272419
Chile,CHL,2012,13.622398
Chile,CHL,2013,10.6247015
Chile,CHL,2014,8.679662
Chile,CHL,2015,10.950062
Chile,CHL,2016,13.111812
Chile,CHL,2017,13.296484
Chile,CHL,2018,13.55465
Chile,CHL,2019,15.292741
Chile,CHL,2020,14.858219
Chile,CHL,2021,13.663281
Chile,CHL,2022,14.853276
Chile,CHL,2023,14.798961
Chile,CHL,2024,11.871886
China,CHN,1900,0
China,CHN,1901,0
China,CHN,1902,0
China,CHN,1903,0
China,CHN,1904,0
China,CHN,1905,0
China,CHN,1906,0
China,CHN,1907,0
China,CHN,1908,0
China,CHN,1909,0
China,CHN,1910,0
China,CHN,1911,0
China,CHN,1912,0
China,CHN,1913,0
China,CHN,1914,0
China,CHN,1915,0
China,CHN,1916,0
China,CHN,1917,0
China,CHN,1918,0
China,CHN,1919,0
China,CHN,1920,0
China,CHN,1921,0
China,CHN,1922,0
China,CHN,1923,0
China,CHN,1924,0
China,CHN,1925,0
China,CHN,1926,0
China,CHN,1927,0
China,CHN,1928,0
China,CHN,1929,0
China,CHN,1930,0
China,CHN,1931,0
China,CHN,1932,0
China,CHN,1933,0
China,CHN,1934,0
China,CHN,1935,0
China,CHN,1936,0
China,CHN,1937,0
China,CHN,1938,0
China,CHN,1939,0
China,CHN,1940,0
China,CHN,1941,0
China,CHN,1942,0
China,CHN,1943,0
China,CHN,1944,0
China,CHN,1945,0
China,CHN,1946,0
China,CHN,1947,0
China,CHN,1948,0
China,CHN,1949,0
China,CHN,1950,0
China,CHN,1951,0
China,CHN,1952,0
China,CHN,1953,0
China,CHN,1954,0
China,CHN,1955,1.3247578
China,CHN,1956,2.769948
China,CHN,1957,3.9742734
China,CHN,1958,4.757085
China,CHN,1959,5.539896
China,CHN,1960,6.322707
China,CHN,1961,7.105519
China,CHN,1962,7.8883305
China,CHN,1963,8.671142
China,CHN,1964,9.453954
China,CHN,1965,10.236765
China,CHN,1966,11.019576
China,CHN,1967,11.802388
China,CHN,1968,12.585199
China,CHN,1969,15.355147
China,CHN,1970,28.925762
China,CHN,1971,37.6942
China,CHN,1972,48.780727
China,CHN,1973,60.270405
China,CHN,1974,75.892334
China,CHN,1975,89.19617
China,CHN,1976,101.794495
China,CHN,1977,122.1534
China,CHN,1978,138.38004
China,CHN,1979,146.24141
China,CHN,1980,143.82251
China,CHN,1981,128.40216
China,CHN,1982,120.23845
China,CHN,1983,123.06047
China,CHN,1984,125.27778
China,CHN,1985,130.31711
China,CHN,1986,138.6824
China,CHN,1987,139.99261
China,CHN,1988,143.72173
China,CHN,1989,151.6738
China,CHN,1990,154.18338
China,CHN,1991,156.11848
China,CHN,1992,159.14209
China,CHN,1993,168.96878
China,CHN,1994,176.97124
China,CHN,1995,180.912
China,CHN,1996,202.72221
China,CHN,1997,228.81587
China,CHN,1998,234.62119
China,CHN,1999,253.96214
China,CHN,2000,274.13962
China,CHN,2001,305.67575
China,CHN,2002,329.1792
China,CHN,2003,352.90436
China,CHN,2004,417.86133
China,CHN,2005,497.07965
China,CHN,2006,590.1359
China,CHN,2007,697.8466
China,CHN,2008,809.31665
China,CHN,2009,859.3975
China,CHN,2010,965.4452
China,CHN,2011,1061.6561
China,CHN,2012,1114.7808
China,CHN,2013,1218.1072
China,CHN,2014,1311.8086
China,CHN,2015,1356.6887
China,CHN,2016,1379.4161
China,CHN,2017,1491.9949
China,CHN,2018,1614.1885
China,CHN,2019,1767.4144
China,CHN,2020,1940.0923
China,CHN,2021,2092.1692
China,CHN,2022,2218.4143
China,CHN,2023,2342.5835
China,CHN,2024,2483.8965
China,CHN,2025,2641.2344
Colombia,COL,1900,0
Colombia,COL,1901,0
Colombia,COL,1902,0
Colombia,COL,1903,0
Colombia,COL,1904,0
Colombia,COL,1905,0
Colombia,COL,1906,0
Colombia,COL,1907,0
Colombia,COL,1908,0
Colombia,COL,1909,0
Colombia,COL,1910,0
Colombia,COL,1911,0
Colombia,COL,1912,0
Colombia,COL,1913,0
Colombia,COL,1914,0
Colombia,COL,1915,0
Colombia,COL,1916,0
Colombia,COL,1917,0
Colombia,COL,1918,0
Colombia,COL,1919,0
Colombia,COL,1920,0
Colombia,COL,1921,0
Colombia,COL,1922,0
Colombia,COL,1923,0
Colombia,COL,1924,0
Colombia,COL,1925,0
Colombia,COL,1926,0
Colombia,COL,1927,0
Colombia,COL,1928,0
Colombia,COL,1929,0
Colombia,COL,1930,0
Colombia,COL,1931,0
Colombia,COL,1932,0
Colombia,COL,1933,0
Colombia,COL,1934,0
Colombia,COL,1935,0
Colombia,COL,1936,0
Colombia,COL,1937,6.417572
Colombia,COL,1938,6.569674
Colombia,COL,1939,6.7217755
Colombia,COL,1940,6.873877
Colombia,COL,1941,7.025978
Colombia,COL,1942,7.17808
Colombia,COL,1943,7.3301816
Colombia,COL,1944,7.482283
Colombia,COL,1945,7.634385
Colombia,COL,1946,7.7864866
Colombia,COL,1947,7.070632
Colombia,COL,1948,4.3830385
Colombia,COL,1949,6.2040715
Colombia,COL,1950,6.4050136
Colombia,COL,1951,6.141277
Colombia,COL,1952,2.5620053
Colombia,COL,1953,6.078483
Colombia,COL,1954,6.8445725
Colombia,COL,1955,6.7692194
Colombia,COL,1956,7.7990456
Colombia,COL,1957,7.949752
Colombia,COL,1958,9.971726
Colombia,COL,1959,4.8728333
Colombia,COL,1960,5.073775
Colombia,COL,1961,5.23704
Colombia,COL,1962,7.4348392
Colombia,COL,1963,8.816313
Colombia,COL,1964,10.47408
Colombia,COL,1965,11.378318
Colombia,COL,1966,13.802175
Colombia,COL,1967,14.455235
Colombia,COL,1968,15.233884
Colombia,COL,1969,16.803741
Colombia,COL,1970,12.493251
Colombia,COL,1971,13.0045
Colombia,COL,1972,15.8855
Colombia,COL,1973,16.46
Colombia,COL,1974,17.1255
Colombia,COL,1975,14.91575
Colombia,COL,1976,15.148
Colombia,COL,1977,17.174751
Colombia,COL,1978,22.808249
Colombia,COL,1979,26.056002
Colombia,COL,1980,27.844751
Colombia,COL,1981,30.519
Colombia,COL,1982,32.536
Colombia,COL,1983,35.745502
Colombia,COL,1984,36.340748
Colombia,COL,1985,37.0675
Colombia,COL,1986,36.1265
Colombia,COL,1987,38.069252
Colombia,COL,1988,36.71075
Colombia,COL,1989,37.1025
Colombia,COL,1990,39.246
Colombia,COL,1991,38.8615
Colombia,COL,1992,39.809
Colombia,COL,1993,38.97375
Colombia,COL,1994,40.2045
Colombia,COL,1995,42.149
Colombia,COL,1996,45.468502
Colombia,COL,1997,56.74
Colombia,COL,1998,64.8955
Colombia,COL,1999,56.929
Colombia,COL,2000,57.358074
Colombia,COL,2001,59.38993
Colombia,COL,2002,59.986813
Colombia,COL,2003,57.499798
Colombia,COL,2004,61.3482
Colombia,COL,2005,64.46344
Colombia,COL,2006,67.64682
Colombia,COL,2007,72.57884
Colombia,COL,2008,87.188644
Colombia,COL,2009,101.118195
Colombia,COL,2010,108.433876
Colombia,COL,2011,105.458466
Colombia,COL,2012,115.25648
Colombia,COL,2013,132.23476
Colombia,COL,2014,123.32835
Colombia,COL,2015,116.10316
Colombia,COL,2016,119.92117
Colombia,COL,2017,117.52476
Colombia,COL,2018,123.76339
Colombia,COL,2019,126.1822
Colombia,COL,2020,124.550316
Colombia,COL,2021,125.66442
Colombia,COL,2022,124.32279
Colombia,COL,2023,120.612
Colombia,COL,2024,110.95444
Colombia,COL,2025,94.13379
Comoros,COM,1980,0
Comoros,COM,1981,0
Comoros,COM,1982,0
Comoros,COM,1983,0
Comoros,COM,1984,0
Comoros,COM,1985,0
Comoros,COM,1986,0
Comoros,COM,1987,0
Comoros,COM,1988,0
Comoros,COM,1989,0
Comoros,COM,1990,0
Comoros,COM,1991,0
Comoros,COM,1992,0
Comoros,COM,1993,0
Comoros,COM,1994,0
Comoros,COM,1995,0
Comoros,COM,1996,0
Comoros,COM,1997,0
Comoros,COM,1998,0
Comoros,COM,1999,0
Comoros,COM,2000,0
Comoros,COM,2001,0
Comoros,COM,2002,0
Comoros,COM,2003,0
Comoros,COM,2004,0
Comoros,COM,2005,0
Comoros,COM,2006,0
Comoros,COM,2007,0
Comoros,COM,2008,0
Comoros,COM,2009,0
Comoros,COM,2010,0
Comoros,COM,2011,0
Comoros,COM,2012,0
Comoros,COM,2013,0
Comoros,COM,2014,0
Comoros,COM,2015,0
Comoros,COM,2016,0
Comoros,COM,2017,0
Comoros,COM,2018,0
Comoros,COM,2019,0
Comoros,COM,2020,0
Comoros,COM,2021,0
Comoros,COM,2022,0
Comoros,COM,2023,0
Comoros,COM,2024,0
Congo,COG,1980,0.15342271
Congo,COG,1981,0.18410724
Congo,COG,1982,0.18410724
Congo,COG,1983,0.21479179
Congo,COG,1984,0.21479179
Congo,COG,1985,0.61369085
Congo,COG,1986,0.12273816
Congo,COG,1987,0.61369085
Congo,COG,1988,0
Congo,COG,1989,0
Congo,COG,1990,0
Congo,COG,1991,0
Congo,COG,1992,0
Congo,COG,1993,0
Congo,COG,1994,0
Congo,COG,1995,0
Congo,COG,1996,0
Congo,COG,1997,0
Congo,COG,1998,0
Congo,COG,1999,0
Congo,COG,2000,0
Congo,COG,2001,0
Congo,COG,2002,0
Congo,COG,2003,0
Congo,COG,2004,0
Congo,COG,2005,1.3003495
Congo,COG,2006,1.9505242
Congo,COG,2007,3.1425111
Congo,COG,2008,4.009411
Congo,COG,2009,5.7432103
Congo,COG,2010,10.077708
Congo,COG,2011,12.461682
Congo,COG,2012,12.667572
Congo,COG,2013,17.879805
Congo,COG,2014,16.254368
Congo,COG,2015,16.254368
Congo,COG,2016,15.1707535
Congo,COG,2017,9.320382
Congo,COG,2018,9.394945
Congo,COG,2019,12.520166
Congo,COG,2020,13.665025
Congo,COG,2021,13.905479
Congo,COG,2022,15.641257
Congo,COG,2023,14.007458
Congo,COG,2024,19.207432
Cook Islands,COK,1980,0
Cook Islands,COK,1981,0
Cook Islands,COK,1982,0
Cook Islands,COK,1983,0
Cook Islands,COK,1984,0
Cook Islands,COK,1985,0
Cook Islands,COK,1986,0
Cook Islands,COK,1987,0
Cook Islands,COK,1988,0
Cook Islands,COK,1989,0
Cook Islands,COK,1990,0
Cook Islands,COK,1991,0
Cook Islands,COK,1992,0
Cook Islands,COK,1993,0
Cook Islands,COK,1994,0
Cook Islands,COK,1995,0
Cook Islands,COK,1996,0
Cook Islands,COK,1997,0
Cook Islands,COK,1998,0
Cook Islands,COK,1999,0
Cook Islands,COK,2000,0
Cook Islands,COK,2001,0
Cook Islands,COK,2002,0
Cook Islands,COK,2003,0
Cook Islands,COK,2004,0
Cook Islands,COK,2005,0
Cook Islands,COK,2006,0
Cook Islands,COK,2007,0
Cook Islands,COK,2008,0
Cook Islands,COK,2009,0
Cook Islands,COK,2010,0
Cook Islands,COK,2011,0
Cook Islands,COK,2012,0
Cook Islands,COK,2013,0
Cook Islands,COK,2014,0
Cook Islands,COK,2015,0
Cook Islands,COK,2016,0
Cook Islands,COK,2017,0
Cook Islands,COK,2018,0
Cook Islands,COK,2019,0
Cook Islands,COK,2020,0
Cook Islands,COK,2021,0
Cook Islands,COK,2022,0
Cook Islands,COK,2023,0
Cook Islands,COK,2024,0
Costa Rica,CRI,1980,0
Costa Rica,CRI,1981,0
Costa Rica,CRI,1982,0
Costa Rica,CRI,1983,0
Costa Rica,CRI,1984,0
Costa Rica,CRI,1985,0
Costa Rica,CRI,1986,0
Costa Rica,CRI,1987,0
Costa Rica,CRI,1988,0
Costa Rica,CRI,1989,0
Costa Rica,CRI,1990,0
Costa Rica,CRI,1991,0
Costa Rica,CRI,1992,0
Costa Rica,CRI,1993,0
Costa Rica,CRI,1994,0
Costa Rica,CRI,1995,0
Costa Rica,CRI,1996,0
Costa Rica,CRI,1997,0
Costa Rica,CRI,1998,0
Costa Rica,CRI,1999,0
Costa Rica,CRI,2000,0
Costa Rica,CRI,2001,0
Costa Rica,CRI,2002,0
Costa Rica,CRI,2003,0
Costa Rica,CRI,2004,0
Costa Rica,CRI,2005,0
Costa Rica,CRI,2006,0
Costa Rica,CRI,2007,0
Costa Rica,CRI,2008,0
Costa Rica,CRI,2009,0
Costa Rica,CRI,2010,0
Costa Rica,CRI,2011,0
Costa Rica,CRI,2012,0
Costa Rica,CRI,2013,0
Costa Rica,CRI,2014,0
Costa Rica,CRI,2015,0
Costa Rica,CRI,2016,0
Costa Rica,CRI,2017,0
Costa Rica,CRI,2018,0
Costa Rica,CRI,2019,0
Costa Rica,CRI,2020,0
Costa Rica,CRI,2021,0
Costa Rica,CRI,2022,0
Costa Rica,CRI,2023,0
Costa Rica,CRI,2024,0
Cote d'Ivoire,CIV,1980,0
Cote d'Ivoire,CIV,1981,0
Cote d'Ivoire,CIV,1982,0
Cote d'Ivoire,CIV,1983,0
Cote d'Ivoire,CIV,1984,0
Cote d'Ivoire,CIV,1985,0
Cote d'Ivoire,CIV,1986,0
Cote d'Ivoire,CIV,1987,0
Cote d'Ivoire,CIV,1988,0
Cote d'Ivoire,CIV,1989,0
Cote d'Ivoire,CIV,1990,0
Cote d'Ivoire,CIV,1991,0
Cote d'Ivoire,CIV,1992,0
Cote d'Ivoire,CIV,1993,0
Cote d'Ivoire,CIV,1994,0
Cote d'Ivoire,CIV,1995,0.43265203
Cote d'Ivoire,CIV,1996,3.9010484
Cote d'Ivoire,CIV,1997,6.501747
Cote d'Ivoire,CIV,1998,8.668997
Cote d'Ivoire,CIV,1999,14.520569
Cote d'Ivoire,CIV,2000,14.628932
Cote d'Ivoire,CIV,2001,14.628932
Cote d'Ivoire,CIV,2002,13.8826065
Cote d'Ivoire,CIV,2003,13.8826065
Cote d'Ivoire,CIV,2004,13.468201
Cote d'Ivoire,CIV,2005,13.468201
Cote d'Ivoire,CIV,2006,13.468201
Cote d'Ivoire,CIV,2007,15.540232
Cote d'Ivoire,CIV,2008,16.576248
Cote d'Ivoire,CIV,2009,16.576248
Cote d'Ivoire,CIV,2010,17.146055
Cote d'Ivoire,CIV,2011,16.887053
Cote d'Ivoire,CIV,2012,18.441074
Cote d'Ivoire,CIV,2013,21.176155
Cote d'Ivoire,CIV,2014,21.35228
Cote d'Ivoire,CIV,2015,21.373
Cote d'Ivoire,CIV,2016,23.931936
Cote d'Ivoire,CIV,2017,23.931936
Cote d'Ivoire,CIV,2018,22.130203
Cote d'Ivoire,CIV,2019,23.622084
Cote d'Ivoire,CIV,2020,24.350935
Cote d'Ivoire,CIV,2021,25.84472
Cote d'Ivoire,CIV,2022,27.823162
Cote d'Ivoire,CIV,2023,29.563354
Cote d'Ivoire,CIV,2024,28.06103
Croatia,HRV,1992,19.721874
Croatia,HRV,1993,22.409355
Croatia,HRV,1994,19.506163
Croatia,HRV,1995,21.347235
Croatia,HRV,1996,19.506163
Croatia,HRV,1997,17.337994
Croatia,HRV,1998,17.012905
Croatia,HRV,1999,16.79618
Croatia,HRV,2000,17.988169
Croatia,HRV,2001,19.071793
Croatia,HRV,2002,16.36304
Croatia,HRV,2003,19.530083
Croatia,HRV,2004,17.245258
Croatia,HRV,2005,16.17778
Croatia,HRV,2006,16.581629
Croatia,HRV,2007,21.377708
Croatia,HRV,2008,21.419903
Croatia,HRV,2009,20.840988
Croatia,HRV,2010,19.994581
Croatia,HRV,2011,19.055025
Croatia,HRV,2012,17.904333
Croatia,HRV,2013,15.624065
Croatia,HRV,2014,14.747851
Croatia,HRV,2015,14.241125
Croatia,HRV,2016,12.784299
Croatia,HRV,2017,11.063555
Croatia,HRV,2018,12.924144
Croatia,HRV,2019,10.810221
Croatia,HRV,2020,8.962648
Croatia,HRV,2021,7.8742514
Croatia,HRV,2022,7.86475
Croatia,HRV,2023,7.2978544
Croatia,HRV,2024,6.8734746
Cuba,CUB,1980,0.18410724
Cuba,CUB,1981,0.09205362
Cuba,CUB,1982,0.09205362
Cuba,CUB,1983,0.09205362
Cuba,CUB,1984,0.03068454
Cuba,CUB,1985,0.06136908
Cuba,CUB,1986,0.06136908
Cuba,CUB,1987,0.24547632
Cuba,CUB,1988,0.21479179
Cuba,CUB,1989,0.33752996
Cuba,CUB,1990,0.34980378
Cuba,CUB,1991,0.3620776
Cuba,CUB,1992,0.3743514
Cuba,CUB,1993,0.38355675
Cuba,CUB,1994,0.3743514
Cuba,CUB,1995,0.44443643
Cuba,CUB,1996,0.46595857
Cuba,CUB,1997,8.127184
Cuba,CUB,1998,4.3344984
Cuba,CUB,1999,5.4181232
Cuba,CUB,2000,6.501747
Cuba,CUB,2001,3.2508736
Cuba,CUB,2002,3.792686
Cuba,CUB,2003,4.009411
Cuba,CUB,2004,4.009411
Cuba,CUB,2005,4.3344984
Cuba,CUB,2006,4.3344984
Cuba,CUB,2007,6.160204
Cuba,CUB,2008,11.909727
Cuba,CUB,2009,11.909727
Cuba,CUB,2010,10.985697
Cuba,CUB,2011,10.575017
Cuba,CUB,2012,10.616084
Cuba,CUB,2013,10.944629
Cuba,CUB,2014,12.320408
Cuba,CUB,2015,12.833758
Cuba,CUB,2016,12.217743
Cuba,CUB,2017,10.846465
Cuba,CUB,2018,10.021859
Cuba,CUB,2019,9.827377
Cuba,CUB,2020,9.296314
Cuba,CUB,2021,8.974703
Cuba,CUB,2022,8.769364
Cuba,CUB,2023,9.914342
Cuba,CUB,2024,9.958911
Cyprus,CYP,1980,0
Cyprus,CYP,1981,0
Cyprus,CYP,1982,0
Cyprus,CYP,1983,0
Cyprus,CYP,1984,0
Cyprus,CYP,1985,0
Cyprus,CYP,1986,0
Cyprus,CYP,1987,0
Cyprus,CYP,1988,0
Cyprus,CYP,1989,0
Cyprus,CYP,1990,0
Cyprus,CYP,1991,0
Cyprus,CYP,1992,0
Cyprus,CYP,1993,0
Cyprus,CYP,1994,0
Cyprus,CYP,1995,0
Cyprus,CYP,1996,0
Cyprus,CYP,1997,0
Cyprus,CYP,1998,0
Cyprus,CYP,1999,0
Cyprus,CYP,2000,0
Cyprus,CYP,2001,0
Cyprus,CYP,2002,0
Cyprus,CYP,2003,0
Cyprus,CYP,2004,0
Cyprus,CYP,2005,0
Cyprus,CYP,2006,0
Cyprus,CYP,2007,0
Cyprus,CYP,2008,0
Cyprus,CYP,2009,0
Cyprus,CYP,2010,0
Cyprus,CYP,2011,0
Cyprus,CYP,2012,0
Cyprus,CYP,2013,0
Cyprus,CYP,2014,0
Cyprus,CYP,2015,0
Cyprus,CYP,2016,0
Cyprus,CYP,2017,0
Cyprus,CYP,2018,0
Cyprus,CYP,2019,0
Cyprus,CYP,2020,0
Cyprus,CYP,2021,0
Cyprus,CYP,2022,0
Cyprus,CYP,2023,0
Cyprus,CYP,2024,0
Czechia,CZE,1900,0
Czechia,CZE,1901,0
Czechia,CZE,1902,0
Czechia,CZE,1903,0
Czechia,CZE,1904,0
Czechia,CZE,1905,0
Czechia,CZE,1906,0
Czechia,CZE,1907,0
Czechia,CZE,1908,0
Czechia,CZE,1909,0
Czechia,CZE,1910,0
Czechia,CZE,1911,0
Czechia,CZE,1912,0
Czechia,CZE,1913,0
Czechia,CZE,1914,0
Czechia,CZE,1915,0
Czechia,CZE,1916,0
Czechia,CZE,1917,0
Czechia,CZE,1918,0
Czechia,CZE,1919,0
Czechia,CZE,1920,0
Czechia,CZE,1921,0
Czechia,CZE,1922,0
Czechia,CZE,1923,0
Czechia,CZE,1924,0
Czechia,CZE,1925,0
Czechia,CZE,1926,0
Czechia,CZE,1927,0
Czechia,CZE,1928,0
Czechia,CZE,1929,0
Czechia,CZE,1930,0
Czechia,CZE,1931,0
Czechia,CZE,1932,0
Czechia,CZE,1933,0
Czechia,CZE,1934,0
Czechia,CZE,1935,0
Czechia,CZE,1936,0
Czechia,CZE,1937,0
Czechia,CZE,1938,0
Czechia,CZE,1939,0
Czechia,CZE,1940,0
Czechia,CZE,1941,0
Czechia,CZE,1942,0
Czechia,CZE,1943,0
Czechia,CZE,1944,0
Czechia,CZE,1945,0
Czechia,CZE,1946,0
Czechia,CZE,1947,0
Czechia,CZE,1948,0
Czechia,CZE,1949,0
Czechia,CZE,1950,0.39472815
Czechia,CZE,1951,0.86413455
Czechia,CZE,1952,1.333541
Czechia,CZE,1953,1.7922792
Czechia,CZE,1954,1.8349526
Czechia,CZE,1955,1.8456208
Czechia,CZE,1956,2.923122
Czechia,CZE,1957,8.2359495
Czechia,CZE,1958,13.314074
Czechia,CZE,1959,15.895808
Czechia,CZE,1960,15.383729
Czechia,CZE,1961,15.042342
Czechia,CZE,1962,12.748652
Czechia,CZE,1963,11.873849
Czechia,CZE,1964,10.892363
Czechia,CZE,1965,10.294936
Czechia,CZE,1966,11.415112
Czechia,CZE,1967,10.8496895
Czechia,CZE,1968,11.820507
Czechia,CZE,1969,12.588628
Czechia,CZE,1970,12.844667
Czechia,CZE,1971,13.047365
Czechia,CZE,1972,12.396597
Czechia,CZE,1973,11.116398
Czechia,CZE,1974,9.473475
Czechia,CZE,1975,8.652015
Czechia,CZE,1976,8.545331
Czechia,CZE,1977,10.028229
Czechia,CZE,1978,7.894563
Czechia,CZE,1979,9.078748
Czechia,CZE,1993,2.43124
Czechia,CZE,1994,2.8741832
Czechia,CZE,1995,2.5578687
Czechia,CZE,1996,2.3521795
Czechia,CZE,1997,2.1103666
Czechia,CZE,1998,2.1874933
Czechia,CZE,1999,2.2638128
Czechia,CZE,2000,2.187276
Czechia,CZE,2001,1.5748264
Czechia,CZE,2002,1.4821748
Czechia,CZE,2003,1.6935593
Czechia,CZE,2004,2.098371
Czechia,CZE,2005,1.9908574
Czechia,CZE,2006,1.9034534
Czechia,CZE,2007,2.1177564
Czechia,CZE,2008,2.0719688
Czechia,CZE,2009,2.3473358
Czechia,CZE,2010,2.6184237
Czechia,CZE,2011,2.4474225
Czechia,CZE,2012,2.7637951
Czechia,CZE,2013,2.6607287
Czechia,CZE,2014,2.7385225
Czechia,CZE,2015,2.6468372
Czechia,CZE,2016,2.3360777
Czechia,CZE,2017,2.4539518
Czechia,CZE,2018,2.333854
Czechia,CZE,2019,2.2405462
Czechia,CZE,2020,2.1118755
Czechia,CZE,2021,2.1868863
Czechia,CZE,2022,2.4036036
Czechia,CZE,2023,1.7496154
Czechia,CZE,2024,1.9456404
Czechoslovakia,OWID_CZS,1980,5.4388127
Czechoslovakia,OWID_CZS,1981,6.9832973
Czechoslovakia,OWID_CZS,1982,6.9832973
Czechoslovakia,OWID_CZS,1983,6.3760543
Czechoslovakia,OWID_CZS,1984,7.894162
Czechoslovakia,OWID_CZS,1985,7.1875677
Czechoslovakia,OWID_CZS,1986,7.1875677
Czechoslovakia,OWID_CZS,1987,6.7810783
Czechoslovakia,OWID_CZS,1988,9.139714
Czechoslovakia,OWID_CZS,1989,8.844885
Czechoslovakia,OWID_CZS,1990,7.370737
Czechoslovakia,OWID_CZS,1991,5.7090244
Czechoslovakia,OWID_CZS,1992,2.8231127
Democratic Republic of Congo,COD,1980,0
Democratic Republic of Congo,COD,1981,0
Democratic Republic of Congo,COD,1982,0
Democratic Republic of Congo,COD,1983,0
Democratic Republic of Congo,COD,1984,0
Democratic Republic of Congo,COD,1985,0
Democratic Republic of Congo,COD,1986,0
Democratic Republic of Congo,COD,1987,0
Democratic Republic of Congo,COD,1988,0
Democratic Republic of Congo,COD,1989,0
Democratic Republic of Congo,COD,1990,0
Democratic Republic of Congo,COD,1991,0
Democratic Republic of Congo,COD,1992,0
Democratic Republic of Congo,COD,1993,0
Democratic Republic of Congo,COD,1994,0
Democratic Republic of Congo,COD,1995,0
Democratic Republic of Congo,COD,1996,0
Democratic Republic of Congo,COD,1997,0
Democratic Republic of Congo,COD,1998,0
Democratic Republic of Congo,COD,1999,0
Democratic Republic of Congo,COD,2000,0
Democratic Republic of Congo,COD,2001,0
Democratic Republic of Congo,COD,2002,0
Democratic Republic of Congo,COD,2003,0
Democratic Republic of Congo,COD,2004,0
Democratic Republic of Congo,COD,2005,0
Democratic Republic of Congo,COD,2006,0
Democratic Republic of Congo,COD,2007,0
Democratic Republic of Congo,COD,2008,0
Democratic Republic of Congo,COD,2009,0
Democratic Republic of Congo,COD,2010,0
Democratic Republic of Congo,COD,2011,0
Democratic Republic of Congo,COD,2012,0
Democratic Republic of Congo,COD,2013,0
Democratic Republic of Congo,COD,2014,0
Democratic Republic of Congo,COD,2015,0
Democratic Republic of Congo,COD,2016,0
Democratic Republic of Congo,COD,2017,0
Democratic Republic of Congo,COD,2018,0
Democratic Republic of Congo,COD,2019,0
Democratic Republic of Congo,COD,2020,0
Democratic Republic of Congo,COD,2021,0
Democratic Republic of Congo,COD,2022,0
Democratic Republic of Congo,COD,2023,0
Democratic Republic of Congo,COD,2024,0
Denmark,DNK,1900,0
Denmark,DNK,1901,0
Denmark,DNK,1902,0
Denmark,DNK,1903,0
Denmark,DNK,1904,0
Denmark,DNK,1905,0
Denmark,DNK,1906,0
Denmark,DNK,1907,0
Denmark,DNK,1908,0
Denmark,DNK,1909,0
Denmark,DNK,1910,0
Denmark,DNK,1911,0
Denmark,DNK,1912,0
Denmark,DNK,1913,0
Denmark,DNK,1914,0
Denmark,DNK,1915,0
Denmark,DNK,1916,0
Denmark,DNK,1917,0
Denmark,DNK,1918,0
Denmark,DNK,1919,0
Denmark,DNK,1920,0
Denmark,DNK,1921,0
Denmark,DNK,1922,0
Denmark,DNK,1923,0
Denmark,DNK,1924,0
Denmark,DNK,1925,0
Denmark,DNK,1926,0
Denmark,DNK,1927,0
Denmark,DNK,1928,0
Denmark,DNK,1929,0
Denmark,DNK,1930,0
Denmark,DNK,1931,0
Denmark,DNK,1932,0
Denmark,DNK,1933,0
Denmark,DNK,1934,0
Denmark,DNK,1935,0
Denmark,DNK,1936,0
Denmark,DNK,1937,0
Denmark,DNK,1938,0
Denmark,DNK,1939,0
Denmark,DNK,1940,0
Denmark,DNK,1941,0
Denmark,DNK,1942,0
Denmark,DNK,1943,0
Denmark,DNK,1944,0
Denmark,DNK,1945,0
Denmark,DNK,1946,0
Denmark,DNK,1947,0
Denmark,DNK,1948,0
Denmark,DNK,1949,0
Denmark,DNK,1950,0
Denmark,DNK,1951,0
Denmark,DNK,1952,0
Denmark,DNK,1953,0
Denmark,DNK,1954,0
Denmark,DNK,1955,0
Denmark,DNK,1956,0
Denmark,DNK,1957,0
Denmark,DNK,1958,0
Denmark,DNK,1959,0
Denmark,DNK,1960,0
Denmark,DNK,1961,0
Denmark,DNK,1962,0
Denmark,DNK,1963,0
Denmark,DNK,1964,0
Denmark,DNK,1965,0
Denmark,DNK,1966,0
Denmark,DNK,1967,0
Denmark,DNK,1968,0
Denmark,DNK,1969,0
Denmark,DNK,1970,0
Denmark,DNK,1971,0
Denmark,DNK,1972,0
Denmark,DNK,1973,0
Denmark,DNK,1974,0
Denmark,DNK,1975,0
Denmark,DNK,1976,0
Denmark,DNK,1977,0
Denmark,DNK,1978,0
Denmark,DNK,1979,0
Denmark,DNK,1980,0
Denmark,DNK,1981,0
Denmark,DNK,1982,0
Denmark,DNK,1983,0.4844465
Denmark,DNK,1984,2.4186
Denmark,DNK,1985,11.69685
Denmark,DNK,1986,19.838776
Denmark,DNK,1987,25.28584
Denmark,DNK,1988,24.973087
Denmark,DNK,1989,32.0256
Denmark,DNK,1990,32.703224
Denmark,DNK,1991,41.088234
Denmark,DNK,1992,42.798996
Denmark,DNK,1993,46.9529
Denmark,DNK,1994,50.87366
Denmark,DNK,1995,55.085052
Denmark,DNK,1996,66.93522
Denmark,DNK,1997,81.939125
Denmark,DNK,1998,78.867
Denmark,DNK,1999,80.85002
Denmark,DNK,2000,84.994865
Denmark,DNK,2001,87.3835
Denmark,DNK,2002,87.570564
Denmark,DNK,2003,82.93448
Denmark,DNK,2004,98.32064
Denmark,DNK,2005,109.1301
Denmark,DNK,2006,108.42959
Denmark,DNK,2007,96.1517
Denmark,DNK,2008,104.90115
Denmark,DNK,2009,87.56752
Denmark,DNK,2010,85.35939
Denmark,DNK,2011,68.57123
Denmark,DNK,2012,59.91195
Denmark,DNK,2013,49.735855
Denmark,DNK,2014,48.006546
Denmark,DNK,2015,47.935455
Denmark,DNK,2016,47.001026
Denmark,DNK,2017,50.500286
Denmark,DNK,2018,42.927612
Denmark,DNK,2019,32.025566
Denmark,DNK,2020,13.796929
Denmark,DNK,2021,14.660419
Denmark,DNK,2022,14.723674
Denmark,DNK,2023,13.5122595
Denmark,DNK,2024,16.762222
Denmark,DNK,2025,30.698574
Djibouti,DJI,1980,0
Djibouti,DJI,1981,0
Djibouti,DJI,1982,0
Djibouti,DJI,1983,0
Djibouti,DJI,1984,0
Djibouti,DJI,1985,0
Djibouti,DJI,1986,0
Djibouti,DJI,1987,0
Djibouti,DJI,1988,0
Djibouti,DJI,1989,0
Djibouti,DJI,1990,0
Djibouti,DJI,1991,0
Djibouti,DJI,1992,0
Djibouti,DJI,1993,0
Djibouti,DJI,1994,0
Djibouti,DJI,1995,0
Djibouti,DJI,1996,0
Djibouti,DJI,1997,0
Djibouti,DJI,1998,0
Djibouti,DJI,1999,0
Djibouti,DJI,2000,0
Djibouti,DJI,2001,0
Djibouti,DJI,2002,0
Djibouti,DJI,2003,0
Djibouti,DJI,2004,0
Djibouti,DJI,2005,0
Djibouti,DJI,2006,0
Djibouti,DJI,2007,0
Djibouti,DJI,2008,0
Djibouti,DJI,2009,0
Djibouti,DJI,2010,0
Djibouti,DJI,2011,0
Djibouti,DJI,2012,0
Djibouti,DJI,2013,0
Djibouti,DJI,2014,0
Djibouti,DJI,2015,0
Djibouti,DJI,2016,0
Djibouti,DJI,2017,0
Djibouti,DJI,2018,0
Djibouti,DJI,2019,0
Djibouti,DJI,2020,0
Djibouti,DJI,2021,0
Djibouti,DJI,2022,0
Djibouti,DJI,2023,0
Djibouti,DJI,2024,0
Dominica,DMA,1980,0
Dominica,DMA,1981,0
Dominica,DMA,1982,0
Dominica,DMA,1983,0
Dominica,DMA,1984,0
Dominica,DMA,1985,0
Dominica,DMA,1986,0
Dominica,DMA,1987,0
Dominica,DMA,1988,0
Dominica,DMA,1989,0
Dominica,DMA,1990,0
Dominica,DMA,1991,0
Dominica,DMA,1992,0
Dominica,DMA,1993,0
Dominica,DMA,1994,0
Dominica,DMA,1995,0
Dominica,DMA,1996,0
Dominica,DMA,1997,0
Dominica,DMA,1998,0
Dominica,DMA,1999,0
Dominica,DMA,2000,0
Dominica,DMA,2001,0
Dominica,DMA,2002,0
Dominica,DMA,2003,0
Dominica,DMA,2004,0
Dominica,DMA,2005,0
Dominica,DMA,2006,0
Dominica,DMA,2007,0
Dominica,DMA,2008,0
Dominica,DMA,2009,0
Dominica,DMA,2010,0
Dominica,DMA,2011,0
Dominica,DMA,2012,0
Dominica,DMA,2013,0
Dominica,DMA,2014,0
Dominica,DMA,2015,0
Dominica,DMA,2016,0
Dominica,DMA,2017,0
Dominica,DMA,2018,0
Dominica,DMA,2019,0
Dominica,DMA,2020,0
Dominica,DMA,2021,0
Dominica,DMA,2022,0
Dominica,DMA,2023,0
Dominica,DMA,2024,0
Dominican Republic,DOM,1980,0
Dominican Republic,DOM,1981,0
Dominican Republic,DOM,1982,0
Dominican Republic,DOM,1983,0
Dominican Republic,DOM,1984,0
Dominican Republic,DOM,1985,0
Dominican Republic,DOM,1986,0
Dominican Republic,DOM,1987,0
Dominican Republic,DOM,1988,0
Dominican Republic,DOM,1989,0
Dominican Republic,DOM,1990,0
Dominican Republic,DOM,1991,0
Dominican Republic,DOM,1992,0
Dominican Republic,DOM,1993,0
Dominican Republic,DOM,1994,0
Dominican Republic,DOM,1995,0
Dominican Republic,DOM,1996,0
Dominican Republic,DOM,1997,0
Dominican Republic,DOM,1998,0
Dominican Republic,DOM,1999,0
Dominican Republic,DOM,2000,0
Dominican Republic,DOM,2001,0
Dominican Republic,DOM,2002,0
Dominican Republic,DOM,2003,0
Dominican Republic,DOM,2004,0
Dominican Republic,DOM,2005,0
Dominican Republic,DOM,2006,0
Dominican Republic,DOM,2007,0
Dominican Republic,DOM,2008,0
Dominican Republic,DOM,2009,0
Dominican Republic,DOM,2010,0
Dominican Republic,DOM,2011,0
Dominican Republic,DOM,2012,0
Dominican Republic,DOM,2013,0
Dominican Republic,DOM,2014,0
Dominican Republic,DOM,2015,0
Dominican Republic,DOM,2016,0
Dominican Republic,DOM,2017,0
Dominican Republic,DOM,2018,0
Dominican Republic,DOM,2019,0
Dominican Republic,DOM,2020,0
Dominican Republic,DOM,2021,0
Dominican Republic,DOM,2022,0
Dominican Republic,DOM,2023,0
Dominican Republic,DOM,2024,0
East Germany,OWID_GDR,1980,28.117239
East Germany,OWID_GDR,1981,31.660467
East Germany,OWID_GDR,1982,27.660048
East Germany,OWID_GDR,1983,34.63221
East Germany,OWID_GDR,1984,37.718246
East Germany,OWID_GDR,1985,37.946842
East Germany,OWID_GDR,1986,34.63221
East Germany,OWID_GDR,1987,33.260635
East Germany,OWID_GDR,1988,35.0894
East Germany,OWID_GDR,1989,32.00336
East Germany,OWID_GDR,1990,15.54449
East Timor,TLS,2003,0
East Timor,TLS,2004,0
East Timor,TLS,2005,0
East Timor,TLS,2006,45.41438
East Timor,TLS,2007,61.89892
East Timor,TLS,2008,71.19217
East Timor,TLS,2009,71.62893
East Timor,TLS,2010,65.405075
East Timor,TLS,2011,60.709885
East Timor,TLS,2012,59.945553
East Timor,TLS,2013,70.42783
East Timor,TLS,2014,68.78998
East Timor,TLS,2015,84.076645
East Timor,TLS,2016,68.887665
East Timor,TLS,2017,63.166134
East Timor,TLS,2018,68.31408
East Timor,TLS,2019,60.24342
East Timor,TLS,2020,73.24253
East Timor,TLS,2021,66.23373
East Timor,TLS,2022,31.942862
East Timor,TLS,2023,5.689135
East Timor,TLS,2024,0
Ecuador,ECU,1900,0
Ecuador,ECU,1901,0
Ecuador,ECU,1902,0
Ecuador,ECU,1903,0
Ecuador,ECU,1904,0
Ecuador,ECU,1905,0
Ecuador,ECU,1906,0
Ecuador,ECU,1907,0
Ecuador,ECU,1908,0
Ecuador,ECU,1909,0
Ecuador,ECU,1910,0
Ecuador,ECU,1911,0
Ecuador,ECU,1912,0
Ecuador,ECU,1913,0
Ecuador,ECU,1914,0
Ecuador,ECU,1915,0
Ecuador,ECU,1916,0
Ecuador,ECU,1917,0
Ecuador,ECU,1918,0
Ecuador,ECU,1919,0
Ecuador,ECU,1920,0
Ecuador,ECU,1921,0
Ecuador,ECU,1922,0
Ecuador,ECU,1923,0
Ecuador,ECU,1924,0
Ecuador,ECU,1925,0
Ecuador,ECU,1926,0
Ecuador,ECU,1927,0
Ecuador,ECU,1928,0
Ecuador,ECU,1929,0
Ecuador,ECU,1930,0
Ecuador,ECU,1931,0
Ecuador,ECU,1932,0
Ecuador,ECU,1933,0
Ecuador,ECU,1934,0
Ecuador,ECU,1935,0
Ecuador,ECU,1936,0
Ecuador,ECU,1937,0.48173013
Ecuador,ECU,1938,0.5165217
Ecuador,ECU,1939,0.55131334
Ecuador,ECU,1940,0.5861049
Ecuador,ECU,1941,0.6208966
Ecuador,ECU,1942,0.6556882
Ecuador,ECU,1943,0.6904798
Ecuador,ECU,1944,0.72527146
Ecuador,ECU,1945,0.7600631
Ecuador,ECU,1946,0.79485464
Ecuador,ECU,1947,1.047763
Ecuador,ECU,1948,1.2765849
Ecuador,ECU,1949,1.3127146
Ecuador,ECU,1950,1.5897093
Ecuador,ECU,1951,1.8305744
Ecuador,ECU,1952,0
Ecuador,ECU,1953,0
Ecuador,ECU,1954,0
Ecuador,ECU,1955,0
Ecuador,ECU,1956,0
Ecuador,ECU,1957,0
Ecuador,ECU,1958,0
Ecuador,ECU,1959,0
Ecuador,ECU,1960,0
Ecuador,ECU,1961,0
Ecuador,ECU,1962,0
Ecuador,ECU,1963,0
Ecuador,ECU,1964,0
Ecuador,ECU,1965,0
Ecuador,ECU,1966,0
Ecuador,ECU,1967,0.19269206
Ecuador,ECU,1968,0.16860554
Ecuador,ECU,1969,0.16860554
Ecuador,ECU,1970,0.16860554
Ecuador,ECU,1971,0.16860554
Ecuador,ECU,1972,0.2047353
Ecuador,ECU,1973,0.33721107
Ecuador,ECU,1974,0.33721107
Ecuador,ECU,1975,0.37334085
Ecuador,ECU,1976,0.37334085
Ecuador,ECU,1977,0.48173013
Ecuador,ECU,1978,0.48173013
Ecuador,ECU,1979,0.42151383
Ecuador,ECU,1980,1.1429771
Ecuador,ECU,1981,0.72388554
Ecuador,ECU,1982,0.76198477
Ecuador,ECU,1983,1.1429771
Ecuador,ECU,1984,1.5239695
Ecuador,ECU,1985,1.5239695
Ecuador,ECU,1986,1.1429771
Ecuador,ECU,1987,0.72388554
Ecuador,ECU,1988,1.0667787
Ecuador,ECU,1989,1.0667787
Ecuador,ECU,1990,1.5239695
Ecuador,ECU,1991,1.2291446
Ecuador,ECU,1992,1.3454746
Ecuador,ECU,1993,1.3449031
Ecuador,ECU,1994,1.3449031
Ecuador,ECU,1995,1.6154077
Ecuador,ECU,1996,1.6145695
Ecuador,ECU,1997,1.3454746
Ecuador,ECU,1998,1.3454746
Ecuador,ECU,1999,1.3454746
Ecuador,ECU,2000,1.8836645
Ecuador,ECU,2001,2.1527593
Ecuador,ECU,2002,1.3454746
Ecuador,ECU,2003,2.0182118
Ecuador,ECU,2004,2.2873068
Ecuador,ECU,2005,3.498234
Ecuador,ECU,2006,3.767329
Ecuador,ECU,2007,3.7000551
Ecuador,ECU,2008,3.0057902
Ecuador,ECU,2009,3.2351007
Ecuador,ECU,2010,3.6067
Ecuador,ECU,2011,2.633984
Ecuador,ECU,2012,5.6504965
Ecuador,ECU,2013,5.628638
Ecuador,ECU,2014,6.3171897
Ecuador,ECU,2015,5.431909
Ecuador,ECU,2016,5.978374
Ecuador,ECU,2017,5.2217126
Ecuador,ECU,2018,4.1446867
Ecuador,ECU,2019,3.7422228
Ecuador,ECU,2020,3.1658876
Ecuador,ECU,2021,3.3121977
Ecuador,ECU,2022,2.9747536
Ecuador,ECU,2023,2.6937695
Ecuador,ECU,2024,2.9092696
Egypt,EGY,1900,0
Egypt,EGY,1901,0
Egypt,EGY,1902,0
Egypt,EGY,1903,0
Egypt,EGY,1904,0
Egypt,EGY,1905,0
Egypt,EGY,1906,0
Egypt,EGY,1907,0
Egypt,EGY,1908,0
Egypt,EGY,1909,0
Egypt,EGY,1910,0
Egypt,EGY,1911,0
Egypt,EGY,1912,0
Egypt,EGY,1913,0
Egypt,EGY,1914,0
Egypt,EGY,1915,0
Egypt,EGY,1916,0
Egypt,EGY,1917,0
Egypt,EGY,1918,0
Egypt,EGY,1919,0
Egypt,EGY,1920,0
Egypt,EGY,1921,0
Egypt,EGY,1922,0
Egypt,EGY,1923,0
Egypt,EGY,1924,0
Egypt,EGY,1925,0
Egypt,EGY,1926,0
Egypt,EGY,1927,0
Egypt,EGY,1928,0
Egypt,EGY,1929,0
Egypt,EGY,1930,0
Egypt,EGY,1931,0
Egypt,EGY,1932,0
Egypt,EGY,1933,0
Egypt,EGY,1934,0
Egypt,EGY,1935,0
Egypt,EGY,1936,0
Egypt,EGY,1937,0
Egypt,EGY,1938,0
Egypt,EGY,1939,0
Egypt,EGY,1940,0
Egypt,EGY,1941,0
Egypt,EGY,1942,0
Egypt,EGY,1943,0
Egypt,EGY,1944,0
Egypt,EGY,1945,0
Egypt,EGY,1946,0
Egypt,EGY,1947,0
Egypt,EGY,1948,0
Egypt,EGY,1949,0
Egypt,EGY,1950,0
Egypt,EGY,1951,0
Egypt,EGY,1952,0
Egypt,EGY,1953,0
Egypt,EGY,1954,0
Egypt,EGY,1955,0
Egypt,EGY,1956,0
Egypt,EGY,1957,0
Egypt,EGY,1958,0
Egypt,EGY,1959,0
Egypt,EGY,1960,0
Egypt,EGY,1961,0
Egypt,EGY,1962,0
Egypt,EGY,1963,0.62624913
Egypt,EGY,1964,0.62624913
Egypt,EGY,1965,0.59011936
Egypt,EGY,1966,0.67442214
Egypt,EGY,1967,0.67442214
Egypt,EGY,1968,0.67442214
Egypt,EGY,1969,0.85507095
Egypt,EGY,1970,0.81812495
Egypt,EGY,1971,0.81812495
Egypt,EGY,1972,0.683375
Egypt,EGY,1973,0.548625
Egypt,EGY,1974,0.5775
Egypt,EGY,1975,0.48125002
Egypt,EGY,1976,3.6575
Egypt,EGY,1977,4.4275
Egypt,EGY,1978,7.1225
Egypt,EGY,1979,10.78
Egypt,EGY,1980,20.9825
Egypt,EGY,1981,23.485
Egypt,EGY,1982,25.69875
Egypt,EGY,1983,30.126251
Egypt,EGY,1984,38.6925
Egypt,EGY,1985,47.45125
Egypt,EGY,1986,54.670002
Egypt,EGY,1987,60.445
Egypt,EGY,1988,66.604996
Egypt,EGY,1989,74.497505
Egypt,EGY,1990,77.67375
Egypt,EGY,1991,87.395004
Egypt,EGY,1992,94.5175
Egypt,EGY,1993,108.666245
Egypt,EGY,1994,116.4625
Egypt,EGY,1995,120.3125
Egypt,EGY,1996,128.0125
Egypt,EGY,1997,130.90001
Egypt,EGY,1998,134.75
Egypt,EGY,1999,161.7
Egypt,EGY,2000,202.125
Egypt,EGY,2001,242.54999
Egypt,EGY,2002,262.7625
Egypt,EGY,2003,289.71252
Egypt,EGY,2004,317.625
Egypt,EGY,2005,409.0625
Egypt,EGY,2006,526.4875
Egypt,EGY,2007,536.01624
Egypt,EGY,2008,567.58624
Egypt,EGY,2009,603.39124
Egypt,EGY,2010,590.205
Egypt,EGY,2011,591.4328
Egypt,EGY,2012,585.9818
Egypt,EGY,2013,539.6484
Egypt,EGY,2014,469.6105
Egypt,EGY,2015,425.90625
Egypt,EGY,2016,402.5175
Egypt,EGY,2017,488.11273
Egypt,EGY,2018,585.59
Egypt,EGY,2019,649.3875
Egypt,EGY,2020,584.65173
Egypt,EGY,2021,677.9944
Egypt,EGY,2022,644.88184
Egypt,EGY,2023,571.004
Egypt,EGY,2024,475.1917
Egypt,EGY,2025,407.5741
El Salvador,SLV,1980,0
El Salvador,SLV,1981,0
El Salvador,SLV,1982,0
El Salvador,SLV,1983,0
El Salvador,SLV,1984,0
El Salvador,SLV,1985,0
El Salvador,SLV,1986,0
El Salvador,SLV,1987,0
El Salvador,SLV,1988,0
El Salvador,SLV,1989,0
El Salvador,SLV,1990,0
El Salvador,SLV,1991,0
El Salvador,SLV,1992,0
El Salvador,SLV,1993,0
El Salvador,SLV,1994,0
El Salvador,SLV,1995,0
El Salvador,SLV,1996,0
El Salvador,SLV,1997,0
El Salvador,SLV,1998,0
El Salvador,SLV,1999,0
El Salvador,SLV,2000,0
El Salvador,SLV,2001,0
El Salvador,SLV,2002,0
El Salvador,SLV,2003,0
El Salvador,SLV,2004,0
El Salvador,SLV,2005,0
El Salvador,SLV,2006,0
El Salvador,SLV,2007,0
El Salvador,SLV,2008,0
El Salvador,SLV,2009,0
El Salvador,SLV,2010,0
El Salvador,SLV,2011,0
El Salvador,SLV,2012,0
El Salvador,SLV,2013,0
El Salvador,SLV,2014,0
El Salvador,SLV,2015,0
El Salvador,SLV,2016,0
El Salvador,SLV,2017,0
El Salvador,SLV,2018,0
El Salvador,SLV,2019,0
El Salvador,SLV,2020,0
El Salvador,SLV,2021,0
El Salvador,SLV,2022,0
El Salvador,SLV,2023,0
El Salvador,SLV,2024,0
Equatorial Guinea,GNQ,1980,0
Equatorial Guinea,GNQ,1981,0
Equatorial Guinea,GNQ,1982,0
Equatorial Guinea,GNQ,1983,0
Equatorial Guinea,GNQ,1984,0
Equatorial Guinea,GNQ,1985,0
Equatorial Guinea,GNQ,1986,0
Equatorial Guinea,GNQ,1987,0
Equatorial Guinea,GNQ,1988,0
Equatorial Guinea,GNQ,1989,0
Equatorial Guinea,GNQ,1990,0
Equatorial Guinea,GNQ,1991,0
Equatorial Guinea,GNQ,1992,0
Equatorial Guinea,GNQ,1993,0
Equatorial Guinea,GNQ,1994,0
Equatorial Guinea,GNQ,1995,0
Equatorial Guinea,GNQ,1996,0
Equatorial Guinea,GNQ,1997,0
Equatorial Guinea,GNQ,1998,0.2167249
Equatorial Guinea,GNQ,1999,0.2167249
Equatorial Guinea,GNQ,2000,0.32508737
Equatorial Guinea,GNQ,2001,0.32508737
Equatorial Guinea,GNQ,2002,13.7620325
Equatorial Guinea,GNQ,2003,14.087119
Equatorial Guinea,GNQ,2004,1.0836246
Equatorial Guinea,GNQ,2005,14.087119
Equatorial Guinea,GNQ,2006,14.087119
Equatorial Guinea,GNQ,2007,31.641838
Equatorial Guinea,GNQ,2008,64.47566
Equatorial Guinea,GNQ,2009,67.94326
Equatorial Guinea,GNQ,2010,73.03629
Equatorial Guinea,GNQ,2011,74.553375
Equatorial Guinea,GNQ,2012,69.026886
Equatorial Guinea,GNQ,2013,70.97741
Equatorial Guinea,GNQ,2014,66.751274
Equatorial Guinea,GNQ,2015,67.18472
Equatorial Guinea,GNQ,2016,62.893604
Equatorial Guinea,GNQ,2017,90.00937
Equatorial Guinea,GNQ,2018,80.791534
Equatorial Guinea,GNQ,2019,64.98916
Equatorial Guinea,GNQ,2020,62.78729
Equatorial Guinea,GNQ,2021,73.452415
Equatorial Guinea,GNQ,2022,84.48164
Equatorial Guinea,GNQ,2023,74.039825
Equatorial Guinea,GNQ,2024,72.06974
Eritrea,ERI,1994,0
Eritrea,ERI,1995,0
Eritrea,ERI,1996,0
Eritrea,ERI,1997,0
Eritrea,ERI,1998,0
Eritrea,ERI,1999,0
Eritrea,ERI,2000,0
Eritrea,ERI,2001,0
Eritrea,ERI,2002,0
Eritrea,ERI,2003,0
Eritrea,ERI,2004,0
Eritrea,ERI,2005,0
Eritrea,ERI,2006,0
Eritrea,ERI,2007,0
Eritrea,ERI,2008,0
Eritrea,ERI,2009,0
Eritrea,ERI,2010,0
Eritrea,ERI,2011,0
Eritrea,ERI,2012,0
Eritrea,ERI,2013,0
Eritrea,ERI,2014,0
Eritrea,ERI,2015,0
Eritrea,ERI,2016,0
Eritrea,ERI,2017,0
Eritrea,ERI,2018,0
Eritrea,ERI,2019,0
Eritrea,ERI,2020,0
Eritrea,ERI,2021,0
Eritrea,ERI,2022,0
Eritrea,ERI,2023,0
Eritrea,ERI,2024,0
Estonia,EST,1992,0
Estonia,EST,1993,0
Estonia,EST,1994,0
Estonia,EST,1995,0
Estonia,EST,1996,0
Estonia,EST,1997,0
Estonia,EST,1998,0
Estonia,EST,1999,0
Estonia,EST,2000,0
Estonia,EST,2001,0
Estonia,EST,2002,0
Estonia,EST,2003,0
Estonia,EST,2004,0
Estonia,EST,2005,0
Estonia,EST,2006,0
Estonia,EST,2007,0
Estonia,EST,2008,0
Estonia,EST,2009,0
Estonia,EST,2010,0
Estonia,EST,2011,0
Estonia,EST,2012,0
Estonia,EST,2013,0
Estonia,EST,2014,0
Estonia,EST,2015,0
Estonia,EST,2016,0
Estonia,EST,2017,0
Estonia,EST,2018,0
Estonia,EST,2019,0
Estonia,EST,2020,0
Estonia,EST,2021,0
Estonia,EST,2022,0
Estonia,EST,2023,0
Estonia,EST,2024,0
Eswatini,SWZ,1980,0
Eswatini,SWZ,1981,0
Eswatini,SWZ,1982,0
Eswatini,SWZ,1983,0
Eswatini,SWZ,1984,0
Eswatini,SWZ,1985,0
Eswatini,SWZ,1986,0
Eswatini,SWZ,1987,0
Eswatini,SWZ,1988,0
Eswatini,SWZ,1989,0
Eswatini,SWZ,1990,0
Eswatini,SWZ,1991,0
Eswatini,SWZ,1992,0
Eswatini,SWZ,1993,0
Eswatini,SWZ,1994,0
Eswatini,SWZ,1995,0
Eswatini,SWZ,1996,0
Eswatini,SWZ,1997,0
Eswatini,SWZ,1998,0
Eswatini,SWZ,1999,0
Eswatini,SWZ,2000,0
Eswatini,SWZ,2001,0
Eswatini,SWZ,2002,0
Eswatini,SWZ,2003,0
Eswatini,SWZ,2004,0
Eswatini,SWZ,2005,0
Eswatini,SWZ,2006,0
Eswatini,SWZ,2007,0
Eswatini,SWZ,2008,0
Eswatini,SWZ,2009,0
Eswatini,SWZ,2010,0
Eswatini,SWZ,2011,0
Eswatini,SWZ,2012,0
Eswatini,SWZ,2013,0
Eswatini,SWZ,2014,0
Eswatini,SWZ,2015,0
Eswatini,SWZ,2016,0
Eswatini,SWZ,2017,0
Eswatini,SWZ,2018,0
Eswatini,SWZ,2019,0
Eswatini,SWZ,2020,0
Eswatini,SWZ,2021,0
Eswatini,SWZ,2022,0
Eswatini,SWZ,2023,0
Eswatini,SWZ,2024,0
Ethiopia,ETH,1980,0
Ethiopia,ETH,1981,0
Ethiopia,ETH,1982,0
Ethiopia,ETH,1983,0
Ethiopia,ETH,1984,0
Ethiopia,ETH,1985,0
Ethiopia,ETH,1986,0
Ethiopia,ETH,1987,0
Ethiopia,ETH,1988,0
Ethiopia,ETH,1989,0
Ethiopia,ETH,1990,0
Ethiopia,ETH,1991,0
Ethiopia,ETH,1992,0
Ethiopia,ETH,1993,0
Ethiopia,ETH,1994,0
Ethiopia,ETH,1995,0
Ethiopia,ETH,1996,0
Ethiopia,ETH,1997,0
Ethiopia,ETH,1998,0
Ethiopia,ETH,1999,0
Ethiopia,ETH,2000,0
Ethiopia,ETH,2001,0
Ethiopia,ETH,2002,0
Ethiopia,ETH,2003,0
Ethiopia,ETH,2004,0
Ethiopia,ETH,2005,0
Ethiopia,ETH,2006,0
Ethiopia,ETH,2007,0
Ethiopia,ETH,2008,0
Ethiopia,ETH,2009,0
Ethiopia,ETH,2010,0
Ethiopia,ETH,2011,0
Ethiopia,ETH,2012,0
Ethiopia,ETH,2013,0
Ethiopia,ETH,2014,0
Ethiopia,ETH,2015,0
Ethiopia,ETH,2016,0
Ethiopia,ETH,2017,0
Ethiopia,ETH,2018,0
Ethiopia,ETH,2019,0
Ethiopia,ETH,2020,0
Ethiopia,ETH,2021,0
Ethiopia,ETH,2022,0
Ethiopia,ETH,2023,0
Ethiopia,ETH,2024,0
Europe,OWID_EUR,1970,2924.3228
Europe,OWID_EUR,1971,3293.77
Europe,OWID_EUR,1972,3641.016
Europe,OWID_EUR,1973,3975.1533
Europe,OWID_EUR,1974,4397.654
Europe,OWID_EUR,1975,4746.386
Europe,OWID_EUR,1976,5174.7397
Europe,OWID_EUR,1977,5474.294
Europe,OWID_EUR,1978,5772.542
Europe,OWID_EUR,1979,6173.29
Europe,OWID_EUR,1980,6407.9336
Europe,OWID_EUR,1981,6655.2744
Europe,OWID_EUR,1982,6865.2144
Europe,OWID_EUR,1983,7243.2534
Europe,OWID_EUR,1984,7765.6675
Europe,OWID_EUR,1985,6926.1465
Europe,OWID_EUR,1986,7209.2266
Europe,OWID_EUR,1987,7604.917
Europe,OWID_EUR,1988,7879.0337
Europe,OWID_EUR,1989,8139.22
Europe,OWID_EUR,1990,8427.861
Europe,OWID_EUR,1991,8426.993
Europe,OWID_EUR,1992,8401.151
Europe,OWID_EUR,1993,8264.51
Europe,OWID_EUR,1994,8164.945
Europe,OWID_EUR,1995,8074.603
Europe,OWID_EUR,1996,8522.61
Europe,OWID_EUR,1997,8190.6543
Europe,OWID_EUR,1998,7919.2085
Europe,OWID_EUR,1999,8469.628
Europe,OWID_EUR,2000,8476.795
Europe,OWID_EUR,2001,8491.507
Europe,OWID_EUR,2002,8706.022
Europe,OWID_EUR,2003,8972.001
Europe,OWID_EUR,2004,9205.696
Europe,OWID_EUR,2005,9175.268
Europe,OWID_EUR,2006,9253.746
Europe,OWID_EUR,2007,9076.114
Europe,OWID_EUR,2008,9296.14
Europe,OWID_EUR,2009,8358.236
Europe,OWID_EUR,2010,9068.794
Europe,OWID_EUR,2011,9014.331
Europe,OWID_EUR,2012,8885.634
Europe,OWID_EUR,2013,8936.242
Europe,OWID_EUR,2014,8560.176
Europe,OWID_EUR,2015,8440.008
Europe,OWID_EUR,2016,8479.917
Europe,OWID_EUR,2017,8968.825
Europe,OWID_EUR,2018,9191.894
Europe,OWID_EUR,2019,9127.491
Europe,OWID_EUR,2020,8559.687
Europe,OWID_EUR,2021,9118.476
Europe,OWID_EUR,2022,8384.374
Europe,OWID_EUR,2023,7901.937
Europe,OWID_EUR,2024,8385.65
Europe,OWID_EUR,2025,8131.899
Europe (EI),,1970,1049.3088
Europe (EI),,1971,1281.8326
Europe (EI),,1972,1543.827
Europe (EI),,1973,1736.8257
Europe (EI),,1974,1929.1467
Europe (EI),,1975,2006.3243
Europe (EI),,1976,2134.5452
Europe (EI),,1977,2196.8154
Europe (EI),,1978,2246.9724
Europe (EI),,1979,2321.8416
Europe (EI),,1980,2285.5457
Europe (EI),,1981,2247.7673
Europe (EI),,1982,2122.385
Europe (EI),,1983,2168.8894
Europe (EI),,1984,2201.5806
Europe (EI),,1985,2677.3342
Europe (EI),,1986,2583.5554
Europe (EI),,1987,2599.4446
Europe (EI),,1988,2455.1357
Europe (EI),,1989,2476.2217
Europe (EI),,1990,2431.9617
Europe (EI),,1991,2513.8594
Europe (EI),,1992,2478.8208
Europe (EI),,1993,2578.521
Europe (EI),,1994,2580.1138
Europe (EI),,1995,2662.6597
Europe (EI),,1996,2999.3936
Europe (EI),,1997,2955.2773
Europe (EI),,1998,2506.3455
Europe (EI),,1999,3025.4976
Europe (EI),,2000,3106.235
Europe (EI),,2001,3143.937
Europe (EI),,2002,3230.6255
Europe (EI),,2003,3265.7803
Europe (EI),,2004,3379.9255
Europe (EI),,2005,3280.5251
Europe (EI),,2006,3205.9336
Europe (EI),,2007,3059.9827
Europe (EI),,2008,3181.6091
Europe (EI),,2009,2996.3386
Europe (EI),,2010,3084.9265
Europe (EI),,2011,2846.0542
Europe (EI),,2012,2867.0837
Europe (EI),,2013,2791.28
Europe (EI),,2014,2648.6238
Europe (EI),,2015,2595.612
Europe (EI),,2016,2587.1633
Europe (EI),,2017,2613.2163
Europe (EI),,2018,2500.8347
Europe (EI),,2019,2337.223
Europe (EI),,2020,2175.22
Europe (EI),,2021,2097.3074
Europe (EI),,2022,2200.692
Europe (EI),,2023,2038.115
Europe (EI),,2024,2087.0117
Europe (EI),,2025,2038.0403
European Union (27),OWID_EU27,1970,929.8414
European Union (27),OWID_EU27,1971,1088.0288
European Union (27),OWID_EU27,1972,1266.7449
European Union (27),OWID_EU27,1973,1435.201
European Union (27),OWID_EU27,1974,1567.413
European Union (27),OWID_EU27,1975,1630.5305
European Union (27),OWID_EU27,1976,1734.6769
European Union (27),OWID_EU27,1977,1752.006
European Union (27),OWID_EU27,1978,1703.95
European Union (27),OWID_EU27,1979,1711.5576
European Union (27),OWID_EU27,1980,1649.6066
European Union (27),OWID_EU27,1981,1615.1256
European Union (27),OWID_EU27,1982,1492.911
European Union (27),OWID_EU27,1983,1531.7124
European Union (27),OWID_EU27,1984,1551.0483
European Union (27),OWID_EU27,1985,1568.3376
European Union (27),OWID_EU27,1986,1480.4048
European Union (27),OWID_EU27,1987,1491.446
European Union (27),OWID_EU27,1988,1392.8856
European Union (27),OWID_EU27,1989,1435.4435
European Union (27),OWID_EU27,1990,1426.0217
European Union (27),OWID_EU27,1991,1493.6143
European Union (27),OWID_EU27,1992,1473.3148
European Union (27),OWID_EU27,1993,1504.7974
European Union (27),OWID_EU27,1994,1454.4899
European Union (27),OWID_EU27,1995,1474.7289
European Union (27),OWID_EU27,1996,1576.4994
European Union (27),OWID_EU27,1997,1456.4752
European Union (27),OWID_EU27,1998,1391.138
European Union (27),OWID_EU27,1999,1333.4482
European Union (27),OWID_EU27,2000,1298.462
European Union (27),OWID_EU27,2001,1324.5518
European Union (27),OWID_EU27,2002,1306.1135
European Union (27),OWID_EU27,2003,1266.3218
European Union (27),OWID_EU27,2004,1375.1455
European Union (27),OWID_EU27,2005,1292.11
European Union (27),OWID_EU27,2006,1275.0154
European Union (27),OWID_EU27,2007,1200.6735
European Union (27),OWID_EU27,2008,1268.503
European Union (27),OWID_EU27,2009,1176.4108
European Union (27),OWID_EU27,2010,1255.6503
European Union (27),OWID_EU27,2011,1174.5338
European Union (27),OWID_EU27,2012,1139.4167
European Union (27),OWID_EU27,2013,1139.252
European Union (27),OWID_EU27,2014,999.2236
European Union (27),OWID_EU27,2015,842.80865
European Union (27),OWID_EU27,2016,823.56024
European Union (27),OWID_EU27,2017,767.6755
European Union (27),OWID_EU27,2018,689.7106
European Union (27),OWID_EU27,2019,609.69073
European Union (27),OWID_EU27,2020,478.5834
European Union (27),OWID_EU27,2021,443.20322
European Union (27),OWID_EU27,2022,408.33136
European Union (27),OWID_EU27,2023,344.66293
European Union (27),OWID_EU27,2024,331.22427
European Union (27),OWID_EU27,2025,339.467
Falkland Islands,FLK,1980,0
Falkland Islands,FLK,1981,0
Falkland Islands,FLK,1982,0
Falkland Islands,FLK,1983,0
Falkland Islands,FLK,1984,0
Falkland Islands,FLK,1985,0
Falkland Islands,FLK,1986,0
Falkland Islands,FLK,1987,0
Falkland Islands,FLK,1988,0
Falkland Islands,FLK,1989,0
Falkland Islands,FLK,1990,0
Falkland Islands,FLK,1991,0
Falkland Islands,FLK,1992,0
Falkland Islands,FLK,1993,0
Falkland Islands,FLK,1994,0
Falkland Islands,FLK,1995,0
Falkland Islands,FLK,1996,0
Falkland Islands,FLK,1997,0
Falkland Islands,FLK,1998,0
Falkland Islands,FLK,1999,0
Falkland Islands,FLK,2000,0
Falkland Islands,FLK,2001,0
Falkland Islands,FLK,2002,0
Falkland Islands,FLK,2003,0
Falkland Islands,FLK,2004,0
Falkland Islands,FLK,2005,0
Falkland Islands,FLK,2006,0
Falkland Islands,FLK,2007,0
Falkland Islands,FLK,2008,0
Falkland Islands,FLK,2009,0
Falkland Islands,FLK,2010,0
Falkland Islands,FLK,2011,0
Falkland Islands,FLK,2012,0
Falkland Islands,FLK,2013,0
Falkland Islands,FLK,2014,0
Falkland Islands,FLK,2015,0
Falkland Islands,FLK,2016,0
Falkland Islands,FLK,2017,0
Falkland Islands,FLK,2018,0
Falkland Islands,FLK,2019,0
Falkland Islands,FLK,2020,0
Falkland Islands,FLK,2021,0
Falkland Islands,FLK,2022,0
Falkland Islands,FLK,2023,0
Falkland Islands,FLK,2024,0
Faroe Islands,FRO,1980,0
Faroe Islands,FRO,1981,0
Faroe Islands,FRO,1982,0
Faroe Islands,FRO,1983,0
Faroe Islands,FRO,1984,0
Faroe Islands,FRO,1985,0
Faroe Islands,FRO,1986,0
Faroe Islands,FRO,1987,0
Faroe Islands,FRO,1988,0
Faroe Islands,FRO,1989,0
Faroe Islands,FRO,1990,0
Faroe Islands,FRO,1991,0
Faroe Islands,FRO,1992,0
Faroe Islands,FRO,1993,0
Faroe Islands,FRO,1994,0
Faroe Islands,FRO,1995,0
Faroe Islands,FRO,1996,0
Faroe Islands,FRO,1997,0
Faroe Islands,FRO,1998,0
Faroe Islands,FRO,1999,0
Faroe Islands,FRO,2000,0
Faroe Islands,FRO,2001,0
Faroe Islands,FRO,2002,0
Faroe Islands,FRO,2003,0
Faroe Islands,FRO,2004,0
Faroe Islands,FRO,2005,0
Faroe Islands,FRO,2006,0
Faroe Islands,FRO,2007,0
Faroe Islands,FRO,2008,0
Faroe Islands,FRO,2009,0
Faroe Islands,FRO,2010,0
Faroe Islands,FRO,2011,0
Faroe Islands,FRO,2012,0
Faroe Islands,FRO,2013,0
Faroe Islands,FRO,2014,0
Faroe Islands,FRO,2015,0
Faroe Islands,FRO,2016,0
Faroe Islands,FRO,2017,0
Faroe Islands,FRO,2018,0
Faroe Islands,FRO,2019,0
Faroe Islands,FRO,2020,0
Faroe Islands,FRO,2021,0
Faroe Islands,FRO,2022,0
Faroe Islands,FRO,2023,0
Faroe Islands,FRO,2024,0
Fiji,FJI,1980,0
Fiji,FJI,1981,0
Fiji,FJI,1982,0
Fiji,FJI,1983,0
Fiji,FJI,1984,0
Fiji,FJI,1985,0
Fiji,FJI,1986,0
Fiji,FJI,1987,0
Fiji,FJI,1988,0
Fiji,FJI,1989,0
Fiji,FJI,1990,0
Fiji,FJI,1991,0
Fiji,FJI,1992,0
Fiji,FJI,1993,0
Fiji,FJI,1994,0
Fiji,FJI,1995,0
Fiji,FJI,1996,0
Fiji,FJI,1997,0
Fiji,FJI,1998,0
Fiji,FJI,1999,0
Fiji,FJI,2000,0
Fiji,FJI,2001,0
Fiji,FJI,2002,0
Fiji,FJI,2003,0
Fiji,FJI,2004,0
Fiji,FJI,2005,0
Fiji,FJI,2006,0
Fiji,FJI,2007,0
Fiji,FJI,2008,0
Fiji,FJI,2009,0
Fiji,FJI,2010,0
Fiji,FJI,2011,0
Fiji,FJI,2012,0
Fiji,FJI,2013,0
Fiji,FJI,2014,0
Fiji,FJI,2015,0
Fiji,FJI,2016,0
Fiji,FJI,2017,0
Fiji,FJI,2018,0
Fiji,FJI,2019,0
Fiji,FJI,2020,0
Fiji,FJI,2021,0
Fiji,FJI,2022,0
Fiji,FJI,2023,0
Fiji,FJI,2024,0
Finland,FIN,1980,0
Finland,FIN,1981,0
Finland,FIN,1982,0
Finland,FIN,1983,0
Finland,FIN,1984,0
Finland,FIN,1985,0
Finland,FIN,1986,0
Finland,FIN,1987,0
Finland,FIN,1988,0
Finland,FIN,1989,0
Finland,FIN,1990,0
Finland,FIN,1991,0
Finland,FIN,1992,0
Finland,FIN,1993,0
Finland,FIN,1994,0
Finland,FIN,1995,0
Finland,FIN,1996,0
Finland,FIN,1997,0
Finland,FIN,1998,0
Finland,FIN,1999,0
Finland,FIN,2000,0
Finland,FIN,2001,0
Finland,FIN,2002,0
Finland,FIN,2003,0
Finland,FIN,2004,0
Finland,FIN,2005,0
Finland,FIN,2006,0
Finland,FIN,2007,0
Finland,FIN,2008,0
Finland,FIN,2009,0
Finland,FIN,2010,0
Finland,FIN,2011,0
Finland,FIN,2012,0
Finland,FIN,2013,0
Finland,FIN,2014,0
Finland,FIN,2015,0
Finland,FIN,2016,0
Finland,FIN,2017,0
Finland,FIN,2018,0
Finland,FIN,2019,0
Finland,FIN,2020,0
Finland,FIN,2021,0
Finland,FIN,2022,0
Finland,FIN,2023,0
Finland,FIN,2024,0
France,FRA,1900,0
France,FRA,1901,0
France,FRA,1902,0
France,FRA,1903,0
France,FRA,1904,0
France,FRA,1905,0
France,FRA,1906,0
France,FRA,1907,0
France,FRA,1908,0
France,FRA,1909,0
France,FRA,1910,0
France,FRA,1911,0
France,FRA,1912,0
France,FRA,1913,0
France,FRA,1914,0
France,FRA,1915,0
France,FRA,1916,0
France,FRA,1917,0
France,FRA,1918,0
France,FRA,1919,0
France,FRA,1920,0
France,FRA,1921,0
France,FRA,1922,0
France,FRA,1923,0
France,FRA,1924,0
France,FRA,1925,0
France,FRA,1926,0
France,FRA,1927,0
France,FRA,1928,0
France,FRA,1929,0
France,FRA,1930,0
France,FRA,1931,0
France,FRA,1932,0
France,FRA,1933,0
France,FRA,1934,0
France,FRA,1935,0
France,FRA,1936,0
France,FRA,1937,0
France,FRA,1938,0
France,FRA,1939,0
France,FRA,1940,0
France,FRA,1941,0
France,FRA,1942,0
France,FRA,1943,0
France,FRA,1944,0
France,FRA,1945,0
France,FRA,1946,1.1770982
France,FRA,1947,3.1032588
France,FRA,1948,3.8309193
France,FRA,1949,5.2220354
France,FRA,1950,5.6286693
France,FRA,1951,6.4205356
France,FRA,1952,6.217219
France,FRA,1953,5.6072674
France,FRA,1954,6.3135266
France,FRA,1955,6.784365
France,FRA,1956,8.282491
France,FRA,1957,11.942196
France,FRA,1958,17.891891
France,FRA,1959,41.73348
France,FRA,1960,30.454739
France,FRA,1961,42.910576
France,FRA,1962,50.72223
France,FRA,1963,52.017036
France,FRA,1964,54.46754
France,FRA,1965,54.018105
France,FRA,1966,55.227306
France,FRA,1967,59.52906
France,FRA,1968,60.802467
France,FRA,1969,69.62
France,FRA,1970,73.62214
France,FRA,1971,76.50068
France,FRA,1972,80.43861
France,FRA,1973,80.74893
France,FRA,1974,81.6264
France,FRA,1975,78.54455
France,FRA,1976,74.24279
France,FRA,1977,81.305374
France,FRA,1978,81.43379
France,FRA,1979,83.13523
France,FRA,1980,81.73166
France,FRA,1981,77.048965
France,FRA,1982,71.3628
France,FRA,1983,72.17139
France,FRA,1984,68.62435
France,FRA,1985,58.07555
France,FRA,1986,45.71293
France,FRA,1987,42.413246
France,FRA,1988,34.971584
France,FRA,1989,33.645733
France,FRA,1990,32.530598
France,FRA,1991,36.784523
France,FRA,1992,35.971767
France,FRA,1993,37.26861
France,FRA,1994,38.467285
France,FRA,1995,36.09065
France,FRA,1996,31.092386
France,FRA,1997,27.48724
France,FRA,1998,23.739017
France,FRA,1999,21.56419
France,FRA,2000,19.436932
France,FRA,2001,19.985575
France,FRA,2002,19.491787
France,FRA,2003,16.829819
France,FRA,2004,14.547686
France,FRA,2005,11.747546
France,FRA,2006,12.959404
France,FRA,2007,11.535479
France,FRA,2008,10.016955
France,FRA,2009,9.526789
France,FRA,2010,8.055288
France,FRA,2011,6.6567993
France,FRA,2012,5.8329496
France,FRA,2013,3.7387102
France,FRA,2014,0.19663927
France,FRA,2015,0.24721216
France,FRA,2016,0.23544025
France,FRA,2017,0.18835261
France,FRA,2018,0.10318988
France,FRA,2019,0.19109015
France,FRA,2020,0.20838545
France,FRA,2021,0.26746944
France,FRA,2022,0.23812564
France,FRA,2023,0.21204892
France,FRA,2024,0.14867687
French Guiana,GUF,1980,0
French Guiana,GUF,1981,0
French Guiana,GUF,1982,0
French Guiana,GUF,1983,0
French Guiana,GUF,1984,0
French Guiana,GUF,1985,0
French Guiana,GUF,1986,0
French Guiana,GUF,1987,0
French Guiana,GUF,1988,0
French Guiana,GUF,1989,0
French Guiana,GUF,1990,0
French Guiana,GUF,1991,0
French Guiana,GUF,1992,0
French Guiana,GUF,1993,0
French Guiana,GUF,1994,0
French Guiana,GUF,1995,0
French Guiana,GUF,1996,0
French Guiana,GUF,1997,0
French Guiana,GUF,1998,0
French Guiana,GUF,1999,0
French Guiana,GUF,2000,0
French Guiana,GUF,2001,0
French Guiana,GUF,2002,0
French Guiana,GUF,2003,0
French Guiana,GUF,2004,0
French Guiana,GUF,2005,0
French Guiana,GUF,2006,0
French Guiana,GUF,2007,0
French Guiana,GUF,2008,0
French Guiana,GUF,2009,0
French Guiana,GUF,2010,0
French Guiana,GUF,2011,0
French Polynesia,PYF,1980,0
French Polynesia,PYF,1981,0
French Polynesia,PYF,1982,0
French Polynesia,PYF,1983,0
French Polynesia,PYF,1984,0
French Polynesia,PYF,1985,0
French Polynesia,PYF,1986,0
French Polynesia,PYF,1987,0
French Polynesia,PYF,1988,0
French Polynesia,PYF,1989,0
French Polynesia,PYF,1990,0
French Polynesia,PYF,1991,0
French Polynesia,PYF,1992,0
French Polynesia,PYF,1993,0
French Polynesia,PYF,1994,0
French Polynesia,PYF,1995,0
French Polynesia,PYF,1996,0
French Polynesia,PYF,1997,0
French Polynesia,PYF,1998,0
French Polynesia,PYF,1999,0
French Polynesia,PYF,2000,0
French Polynesia,PYF,2001,0
French Polynesia,PYF,2002,0
French Polynesia,PYF,2003,0
French Polynesia,PYF,2004,0
French Polynesia,PYF,2005,0
French Polynesia,PYF,2006,0
French Polynesia,PYF,2007,0
French Polynesia,PYF,2008,0
French Polynesia,PYF,2009,0
French Polynesia,PYF,2010,0
French Polynesia,PYF,2011,0
French Polynesia,PYF,2012,0
French Polynesia,PYF,2013,0
French Polynesia,PYF,2014,0
French Polynesia,PYF,2015,0
French Polynesia,PYF,2016,0
French Polynesia,PYF,2017,0
French Polynesia,PYF,2018,0
French Polynesia,PYF,2019,0
French Polynesia,PYF,2020,0
French Polynesia,PYF,2021,0
French Polynesia,PYF,2022,0
French Polynesia,PYF,2023,0
French Polynesia,PYF,2024,0
Gabon,GAB,1980,0.7671135
Gabon,GAB,1981,0.6443754
Gabon,GAB,1982,0.61369085
Gabon,GAB,1983,1.6262808
Gabon,GAB,1984,1.6262808
Gabon,GAB,1985,0.61369085
Gabon,GAB,1986,0.30684543
Gabon,GAB,1987,1.2580662
Gabon,GAB,1988,1.073959
Gabon,GAB,1989,0.9819053
Gabon,GAB,1990,0.9205362
Gabon,GAB,1991,1.0888692
Gabon,GAB,1992,1.0836246
Gabon,GAB,1993,1.0836246
Gabon,GAB,1994,1.0831643
Gabon,GAB,1995,1.0831643
Gabon,GAB,1996,1.0836246
Gabon,GAB,1997,1.0836246
Gabon,GAB,1998,1.0836246
Gabon,GAB,1999,1.0836246
Gabon,GAB,2000,0.8668996
Gabon,GAB,2001,0.8668996
Gabon,GAB,2002,0.9752621
Gabon,GAB,2003,0.9752621
Gabon,GAB,2004,1.0836246
Gabon,GAB,2005,1.0836246
Gabon,GAB,2006,1.0836246
Gabon,GAB,2007,0.8668996
Gabon,GAB,2008,0.8668996
Gabon,GAB,2009,0.8668996
Gabon,GAB,2010,0.8668996
Gabon,GAB,2011,0.7585372
Gabon,GAB,2012,4.1719546
Gabon,GAB,2013,3.445926
Gabon,GAB,2014,4.5512233
Gabon,GAB,2015,4.096101
Gabon,GAB,2016,4.106937
Gabon,GAB,2017,5.2769175
Gabon,GAB,2018,5.742097
Gabon,GAB,2019,5.027975
Gabon,GAB,2020,5.4391365
Gabon,GAB,2021,4.91853
Gabon,GAB,2022,5.0169005
Gabon,GAB,2023,5.0171394
Gabon,GAB,2024,5.1726704
Gambia,GMB,1980,0
Gambia,GMB,1981,0
Gambia,GMB,1982,0
Gambia,GMB,1983,0
Gambia,GMB,1984,0
Gambia,GMB,1985,0
Gambia,GMB,1986,0
Gambia,GMB,1987,0
Gambia,GMB,1988,0
Gambia,GMB,1989,0
Gambia,GMB,1990,0
Gambia,GMB,1991,0
Gambia,GMB,1992,0
Gambia,GMB,1993,0
Gambia,GMB,1994,0
Gambia,GMB,1995,0
Gambia,GMB,1996,0
Gambia,GMB,1997,0
Gambia,GMB,1998,0
Gambia,GMB,1999,0
Gambia,GMB,2000,0
Gambia,GMB,2001,0
Gambia,GMB,2002,0
Gambia,GMB,2003,0
Gambia,GMB,2004,0
Gambia,GMB,2005,0
Gambia,GMB,2006,0
Gambia,GMB,2007,0
Gambia,GMB,2008,0
Gambia,GMB,2009,0
Gambia,GMB,2010,0
Gambia,GMB,2011,0
Gambia,GMB,2012,0
Gambia,GMB,2013,0
Gambia,GMB,2014,0
Gambia,GMB,2015,0
Gambia,GMB,2016,0
Gambia,GMB,2017,0
Gambia,GMB,2018,0
Gambia,GMB,2019,0
Gambia,GMB,2020,0
Gambia,GMB,2021,0
Gambia,GMB,2022,0
Gambia,GMB,2023,0
Gambia,GMB,2024,0
Georgia,GEO,1992,0.21786024
Georgia,GEO,1993,0
Georgia,GEO,1994,0
Georgia,GEO,1995,0
Georgia,GEO,1996,0
Georgia,GEO,1997,0.65017474
Georgia,GEO,1998,0.65017474
Georgia,GEO,1999,0.65017474
Georgia,GEO,2000,0.65017474
Georgia,GEO,2001,0.65017474
Georgia,GEO,2002,0.13885298
Georgia,GEO,2003,0.21361996
Georgia,GEO,2004,0.20720309
Georgia,GEO,2005,0.15540232
Georgia,GEO,2006,0.103601545
Georgia,GEO,2007,0.096770674
Georgia,GEO,2008,0.07542937
Georgia,GEO,2009,0.094286725
Georgia,GEO,2010,0.04864408
Georgia,GEO,2011,0.02918645
Georgia,GEO,2012,0.019457633
Georgia,GEO,2013,0.0583729
Georgia,GEO,2014,0.009728816
Georgia,GEO,2015,0.09728816
Georgia,GEO,2016,0.06191065
Georgia,GEO,2017,0.07163939
Georgia,GEO,2018,0.087818906
Georgia,GEO,2019,0.087818906
Georgia,GEO,2020,0.059350938
Georgia,GEO,2021,0.10940771
Georgia,GEO,2022,0.09587504
Georgia,GEO,2023,0.11322137
Georgia,GEO,2024,0.100768596
Germany,DEU,1900,0
Germany,DEU,1901,0
Germany,DEU,1902,0
Germany,DEU,1903,0
Germany,DEU,1904,0
Germany,DEU,1905,0
Germany,DEU,1906,0
Germany,DEU,1907,0
Germany,DEU,1908,0
Germany,DEU,1909,0
Germany,DEU,1910,0
Germany,DEU,1911,0
Germany,DEU,1912,0
Germany,DEU,1913,0
Germany,DEU,1914,0
Germany,DEU,1915,0
Germany,DEU,1916,0
Germany,DEU,1917,0
Germany,DEU,1918,0
Germany,DEU,1919,0
Germany,DEU,1920,0
Germany,DEU,1921,0
Germany,DEU,1922,0
Germany,DEU,1923,0
Germany,DEU,1924,0
Germany,DEU,1925,0
Germany,DEU,1926,0
Germany,DEU,1927,0
Germany,DEU,1928,0
Germany,DEU,1929,0
Germany,DEU,1930,0
Germany,DEU,1931,0
Germany,DEU,1932,0
Germany,DEU,1933,0
Germany,DEU,1934,0
Germany,DEU,1935,0
Germany,DEU,1936,0
Germany,DEU,1937,0
Germany,DEU,1938,0
Germany,DEU,1939,0
Germany,DEU,1940,0
Germany,DEU,1941,0
Germany,DEU,1942,0
Germany,DEU,1943,0
Germany,DEU,1944,0
Germany,DEU,1945,0
Germany,DEU,1946,2.346598
Germany,DEU,1947,1.6792169
Germany,DEU,1948,1.4424043
Germany,DEU,1949,1.1625348
Germany,DEU,1950,1.4639328
Germany,DEU,1951,1.786859
Germany,DEU,1952,2.0667286
Germany,DEU,1953,2.238956
Germany,DEU,1954,3.2292633
Germany,DEU,1955,5.1668215
Germany,DEU,1956,7.900931
Germany,DEU,1957,7.6856465
Germany,DEU,1958,7.791574
Germany,DEU,1959,8.72275
Germany,DEU,1960,10.062679
Germany,DEU,1961,10.966016
Germany,DEU,1962,14.113475
Germany,DEU,1963,21.322067
Germany,DEU,1964,33.102993
Germany,DEU,1965,49.95258
Germany,DEU,1966,62.46719
Germany,DEU,1967,81.676575
Germany,DEU,1968,126.88369
Germany,DEU,1969,181.7238
Germany,DEU,1970,120.12975
Germany,DEU,1971,147.99725
Germany,DEU,1972,177.18575
Germany,DEU,1973,198.37451
Germany,DEU,1974,206.037
Germany,DEU,1975,191.252
Germany,DEU,1976,197.20975
Germany,DEU,1977,196.06601
Germany,DEU,1978,202.7125
Germany,DEU,1979,203.00475
Germany,DEU,1980,184.81549
Germany,DEU,1981,189.32574
Germany,DEU,1982,166.2025
Germany,DEU,1983,183.71301
Germany,DEU,1984,180.5255
Germany,DEU,1985,171.077
Germany,DEU,1986,140.1515
Germany,DEU,1987,157.3055
Germany,DEU,1988,146.38426
Germany,DEU,1989,153.2025
Germany,DEU,1990,150.24626
Germany,DEU,1991,153.95282
Germany,DEU,1992,156.15968
Germany,DEU,1993,155.40355
Germany,DEU,1994,162.92096
Germany,DEU,1995,168.11719
Germany,DEU,1996,182.06174
Germany,DEU,1997,178.96686
Germany,DEU,1998,174.86966
Germany,DEU,1999,186.78319
Germany,DEU,2000,176.6545
Germany,DEU,2001,178.33382
Germany,DEU,2002,177.86783
Germany,DEU,2003,185.15663
Germany,DEU,2004,171.33516
Germany,DEU,2005,165.42674
Germany,DEU,2006,163.4221
Germany,DEU,2007,149.69736
Germany,DEU,2008,136.35068
Germany,DEU,2009,127.461685
Germany,DEU,2010,111.23992
Germany,DEU,2011,104.6545
Germany,DEU,2012,94.61372
Germany,DEU,2013,86.04125
Germany,DEU,2014,80.82743
Germany,DEU,2015,75.24433
Germany,DEU,2016,69.230415
Germany,DEU,2017,63.761612
Germany,DEU,2018,55.41774
Germany,DEU,2019,53.30759
Germany,DEU,2020,45.324203
Germany,DEU,2021,45.368168
Germany,DEU,2022,42.57275
Germany,DEU,2023,38.061188
Germany,DEU,2024,36.60267
Germany,DEU,2025,37.37218
Ghana,GHA,1980,0
Ghana,GHA,1981,0
Ghana,GHA,1982,0
Ghana,GHA,1983,0
Ghana,GHA,1984,0
Ghana,GHA,1985,0
Ghana,GHA,1986,0
Ghana,GHA,1987,0
Ghana,GHA,1988,0
Ghana,GHA,1989,0
Ghana,GHA,1990,0
Ghana,GHA,1991,0
Ghana,GHA,1992,0
Ghana,GHA,1993,0
Ghana,GHA,1994,0
Ghana,GHA,1995,0
Ghana,GHA,1996,0
Ghana,GHA,1997,0
Ghana,GHA,1998,0
Ghana,GHA,1999,0
Ghana,GHA,2000,0
Ghana,GHA,2001,0
Ghana,GHA,2002,0
Ghana,GHA,2003,0
Ghana,GHA,2004,0
Ghana,GHA,2005,0
Ghana,GHA,2006,0
Ghana,GHA,2007,0
Ghana,GHA,2008,0
Ghana,GHA,2009,0
Ghana,GHA,2010,0
Ghana,GHA,2011,0
Ghana,GHA,2012,0
Ghana,GHA,2013,0
Ghana,GHA,2014,0.5418123
Ghana,GHA,2015,7.748901
Ghana,GHA,2016,6.892031
Ghana,GHA,2017,9.893752
Ghana,GHA,2018,11.4791
Ghana,GHA,2019,16.235147
Ghana,GHA,2020,27.949114
Ghana,GHA,2021,31.648262
Ghana,GHA,2022,34.733612
Ghana,GHA,2023,33.762062
Ghana,GHA,2024,37.016285
Gibraltar,GIB,1980,0
Gibraltar,GIB,1981,0
Gibraltar,GIB,1982,0
Gibraltar,GIB,1983,0
Gibraltar,GIB,1984,0
Gibraltar,GIB,1985,0
Gibraltar,GIB,1986,0
Gibraltar,GIB,1987,0
Gibraltar,GIB,1988,0
Gibraltar,GIB,1989,0
Gibraltar,GIB,1990,0
Gibraltar,GIB,1991,0
Gibraltar,GIB,1992,0
Gibraltar,GIB,1993,0
Gibraltar,GIB,1994,0
Gibraltar,GIB,1995,0
Gibraltar,GIB,1996,0
Gibraltar,GIB,1997,0
Gibraltar,GIB,1998,0
Gibraltar,GIB,1999,0
Gibraltar,GIB,2000,0
Gibraltar,GIB,2001,0
Gibraltar,GIB,2002,0
Gibraltar,GIB,2003,0
Gibraltar,GIB,2004,0
Gibraltar,GIB,2005,0
Gibraltar,GIB,2006,0
Gibraltar,GIB,2007,0
Gibraltar,GIB,2008,0
Gibraltar,GIB,2009,0
Gibraltar,GIB,2010,0
Gibraltar,GIB,2011,0
Gibraltar,GIB,2012,0
Gibraltar,GIB,2013,0
Gibraltar,GIB,2014,0
Gibraltar,GIB,2015,0
Gibraltar,GIB,2016,0
Gibraltar,GIB,2017,0
Gibraltar,GIB,2018,0
Gibraltar,GIB,2019,0
Gibraltar,GIB,2020,0
Gibraltar,GIB,2021,0
Gibraltar,GIB,2022,0
Gibraltar,GIB,2023,0
Gibraltar,GIB,2024,0
Greece,GRC,1900,0
Greece,GRC,1901,0
Greece,GRC,1902,0
Greece,GRC,1903,0
Greece,GRC,1904,0
Greece,GRC,1905,0
Greece,GRC,1906,0
Greece,GRC,1907,0
Greece,GRC,1908,0
Greece,GRC,1909,0
Greece,GRC,1910,0
Greece,GRC,1911,0
Greece,GRC,1912,0
Greece,GRC,1913,0
Greece,GRC,1914,0
Greece,GRC,1915,0
Greece,GRC,1916,0
Greece,GRC,1917,0
Greece,GRC,1918,0
Greece,GRC,1919,0
Greece,GRC,1920,0
Greece,GRC,1921,0
Greece,GRC,1922,0
Greece,GRC,1923,0
Greece,GRC,1924,0
Greece,GRC,1925,0
Greece,GRC,1926,0
Greece,GRC,1927,0
Greece,GRC,1928,0
Greece,GRC,1929,0
Greece,GRC,1930,0
Greece,GRC,1931,0
Greece,GRC,1932,0
Greece,GRC,1933,0
Greece,GRC,1934,0
Greece,GRC,1935,0
Greece,GRC,1936,0
Greece,GRC,1937,0
Greece,GRC,1938,0
Greece,GRC,1939,0
Greece,GRC,1940,0
Greece,GRC,1941,0
Greece,GRC,1942,0
Greece,GRC,1943,0
Greece,GRC,1944,0
Greece,GRC,1945,0
Greece,GRC,1946,0
Greece,GRC,1947,0
Greece,GRC,1948,0
Greece,GRC,1949,0
Greece,GRC,1950,0
Greece,GRC,1951,0
Greece,GRC,1952,0
Greece,GRC,1953,0
Greece,GRC,1954,0
Greece,GRC,1955,0
Greece,GRC,1956,0
Greece,GRC,1957,0
Greece,GRC,1958,0
Greece,GRC,1959,0
Greece,GRC,1960,0
Greece,GRC,1961,0
Greece,GRC,1962,0
Greece,GRC,1963,0
Greece,GRC,1964,0
Greece,GRC,1965,0
Greece,GRC,1966,0
Greece,GRC,1967,0
Greece,GRC,1968,0
Greece,GRC,1969,0
Greece,GRC,1970,0
Greece,GRC,1971,0
Greece,GRC,1972,0
Greece,GRC,1973,0
Greece,GRC,1974,0
Greece,GRC,1975,0
Greece,GRC,1976,0
Greece,GRC,1977,0
Greece,GRC,1978,0
Greece,GRC,1979,0
Greece,GRC,1980,0
Greece,GRC,1981,0
Greece,GRC,1982,0.92715967
Greece,GRC,1983,0.885016
Greece,GRC,1984,0.9699773
Greece,GRC,1985,0.92780435
Greece,GRC,1986,1.2643086
Greece,GRC,1987,1.4338795
Greece,GRC,1988,1.7338965
Greece,GRC,1989,1.7338965
Greece,GRC,1990,1.6435425
Greece,GRC,1991,1.7220856
Greece,GRC,1992,1.6927786
Greece,GRC,1993,1.2036364
Greece,GRC,1994,0.6138139
Greece,GRC,1995,0.5533328
Greece,GRC,1996,0.598198
Greece,GRC,1997,0.58283895
Greece,GRC,1998,0.5205124
Greece,GRC,1999,0.032498386
Greece,GRC,2000,0.5465939
Greece,GRC,2001,0.51837
Greece,GRC,2002,0.5479911
Greece,GRC,2003,0.4004443
Greece,GRC,2004,0.37129924
Greece,GRC,2005,0.23630674
Greece,GRC,2006,0.3358822
Greece,GRC,2007,0.28494048
Greece,GRC,2008,0.18909092
Greece,GRC,2009,0.15141766
Greece,GRC,2010,0.09082898
Greece,GRC,2011,0.083051525
Greece,GRC,2012,0.08916294
Greece,GRC,2013,0.07499686
Greece,GRC,2014,0.07027484
Greece,GRC,2015,0.060830787
Greece,GRC,2016,0.13686863
Greece,GRC,2017,0.12166106
Greece,GRC,2018,0.17132014
Greece,GRC,2019,0.17132014
Greece,GRC,2020,0.087374374
Greece,GRC,2021,0.049948547
Greece,GRC,2022,0
Greece,GRC,2023,0.02976121
Greece,GRC,2024,0.030278267
Greenland,GRL,1980,0
Greenland,GRL,1981,0
Greenland,GRL,1982,0
Greenland,GRL,1983,0
Greenland,GRL,1984,0
Greenland,GRL,1985,0
Greenland,GRL,1986,0
Greenland,GRL,1987,0
Greenland,GRL,1988,0
Greenland,GRL,1989,0
Greenland,GRL,1990,0
Greenland,GRL,1991,0
Greenland,GRL,1992,0
Greenland,GRL,1993,0
Greenland,GRL,1994,0
Greenland,GRL,1995,0
Greenland,GRL,1996,0
Greenland,GRL,1997,0
Greenland,GRL,1998,0
Greenland,GRL,1999,0
Greenland,GRL,2000,0
Greenland,GRL,2001,0
Greenland,GRL,2002,0
Greenland,GRL,2003,0
Greenland,GRL,2004,0
Greenland,GRL,2005,0
Greenland,GRL,2006,0
Greenland,GRL,2007,0
Greenland,GRL,2008,0
Greenland,GRL,2009,0
Greenland,GRL,2010,0
Greenland,GRL,2011,0
Greenland,GRL,2012,0
Greenland,GRL,2013,0
Greenland,GRL,2014,0
Greenland,GRL,2015,0
Greenland,GRL,2016,0
Greenland,GRL,2017,0
Greenland,GRL,2018,0
Greenland,GRL,2019,0
Greenland,GRL,2020,0
Greenland,GRL,2021,0
Greenland,GRL,2022,0
Greenland,GRL,2023,0
Greenland,GRL,2024,0
Grenada,GRD,1980,0
Grenada,GRD,1981,0
Grenada,GRD,1982,0
Grenada,GRD,1983,0
Grenada,GRD,1984,0
Grenada,GRD,1985,0
Grenada,GRD,1986,0
Grenada,GRD,1987,0
Grenada,GRD,1988,0
Grenada,GRD,1989,0
Grenada,GRD,1990,0
Grenada,GRD,1991,0
Grenada,GRD,1992,0
Grenada,GRD,1993,0
Grenada,GRD,1994,0
Grenada,GRD,1995,0
Grenada,GRD,1996,0
Grenada,GRD,1997,0
Grenada,GRD,1998,0
Grenada,GRD,1999,0
Grenada,GRD,2000,0
Grenada,GRD,2001,0
Grenada,GRD,2002,0
Grenada,GRD,2003,0
Grenada,GRD,2004,0
Grenada,GRD,2005,0
Grenada,GRD,2006,0
Grenada,GRD,2007,0
Grenada,GRD,2008,0
Grenada,GRD,2009,0
Grenada,GRD,2010,0
Grenada,GRD,2011,0
Grenada,GRD,2012,0
Grenada,GRD,2013,0
Grenada,GRD,2014,0
Grenada,GRD,2015,0
Grenada,GRD,2016,0
Grenada,GRD,2017,0
Grenada,GRD,2018,0
Grenada,GRD,2019,0
Grenada,GRD,2020,0
Grenada,GRD,2021,0
Grenada,GRD,2022,0
Grenada,GRD,2023,0
Grenada,GRD,2024,0
Guadeloupe,GLP,1980,0
Guadeloupe,GLP,1981,0
Guadeloupe,GLP,1982,0
Guadeloupe,GLP,1983,0
Guadeloupe,GLP,1984,0
Guadeloupe,GLP,1985,0
Guadeloupe,GLP,1986,0
Guadeloupe,GLP,1987,0
Guadeloupe,GLP,1988,0
Guadeloupe,GLP,1989,0
Guadeloupe,GLP,1990,0
Guadeloupe,GLP,1991,0
Guadeloupe,GLP,1992,0
Guadeloupe,GLP,1993,0
Guadeloupe,GLP,1994,0
Guadeloupe,GLP,1995,0
Guadeloupe,GLP,1996,0
Guadeloupe,GLP,1997,0
Guadeloupe,GLP,1998,0
Guadeloupe,GLP,1999,0
Guadeloupe,GLP,2000,0
Guadeloupe,GLP,2001,0
Guadeloupe,GLP,2002,0
Guadeloupe,GLP,2003,0
Guadeloupe,GLP,2004,0
Guadeloupe,GLP,2005,0
Guadeloupe,GLP,2006,0
Guadeloupe,GLP,2007,0
Guadeloupe,GLP,2008,0
Guadeloupe,GLP,2009,0
Guadeloupe,GLP,2010,0
Guadeloupe,GLP,2011,0
Guam,GUM,1980,0
Guam,GUM,1981,0
Guam,GUM,1982,0
Guam,GUM,1983,0
Guam,GUM,1984,0
Guam,GUM,1985,0
Guam,GUM,1986,0
Guam,GUM,1987,0
Guam,GUM,1988,0
Guam,GUM,1989,0
Guam,GUM,1990,0
Guam,GUM,1991,0
Guam,GUM,1992,0
Guam,GUM,1993,0
Guam,GUM,1994,0
Guam,GUM,1995,0
Guam,GUM,1996,0
Guam,GUM,1997,0
Guam,GUM,1998,0
Guam,GUM,1999,0
Guam,GUM,2000,0
Guam,GUM,2001,0
Guam,GUM,2002,0
Guam,GUM,2003,0
Guam,GUM,2004,0
Guam,GUM,2005,0
Guam,GUM,2006,0
Guam,GUM,2007,0
Guam,GUM,2008,0
Guam,GUM,2009,0
Guam,GUM,2010,0
Guam,GUM,2011,0
Guam,GUM,2012,0
Guam,GUM,2013,0
Guam,GUM,2014,0
Guam,GUM,2015,0
Guam,GUM,2016,0
Guam,GUM,2017,0
Guam,GUM,2018,0
Guam,GUM,2019,0
Guam,GUM,2020,0
Guam,GUM,2021,0
Guam,GUM,2022,0
Guam,GUM,2023,0
Guam,GUM,2024,0
Guatemala,GTM,1980,0
Guatemala,GTM,1981,0
Guatemala,GTM,1982,0
Guatemala,GTM,1983,0
Guatemala,GTM,1984,0
Guatemala,GTM,1985,0
Guatemala,GTM,1986,0
Guatemala,GTM,1987,0
Guatemala,GTM,1988,0
Guatemala,GTM,1989,0
Guatemala,GTM,1990,0
Guatemala,GTM,1991,0
Guatemala,GTM,1992,0
Guatemala,GTM,1993,0
Guatemala,GTM,1994,0
Guatemala,GTM,1995,0
Guatemala,GTM,1996,0
Guatemala,GTM,1997,0
Guatemala,GTM,1998,0
Guatemala,GTM,1999,0
Guatemala,GTM,2000,0
Guatemala,GTM,2001,0
Guatemala,GTM,2002,0
Guatemala,GTM,2003,0
Guatemala,GTM,2004,0
Guatemala,GTM,2005,0
Guatemala,GTM,2006,0
Guatemala,GTM,2007,0
Guatemala,GTM,2008,0
Guatemala,GTM,2009,0
Guatemala,GTM,2010,0
Guatemala,GTM,2011,0
Guatemala,GTM,2012,0
Guatemala,GTM,2013,0
Guatemala,GTM,2014,0
Guatemala,GTM,2015,0
Guatemala,GTM,2016,0
Guatemala,GTM,2017,0
Guatemala,GTM,2018,0.7250222
Guatemala,GTM,2019,0.75227815
Guatemala,GTM,2020,0.7240753
Guatemala,GTM,2021,0.7749795
Guatemala,GTM,2022,0.7790111
Guatemala,GTM,2023,0.73329234
Guatemala,GTM,2024,0.77704364
Guinea,GIN,1980,0
Guinea,GIN,1981,0
Guinea,GIN,1982,0
Guinea,GIN,1983,0
Guinea,GIN,1984,0
Guinea,GIN,1985,0
Guinea,GIN,1986,0
Guinea,GIN,1987,0
Guinea,GIN,1988,0
Guinea,GIN,1989,0
Guinea,GIN,1990,0
Guinea,GIN,1991,0
Guinea,GIN,1992,0
Guinea,GIN,1993,0
Guinea,GIN,1994,0
Guinea,GIN,1995,0
Guinea,GIN,1996,0
Guinea,GIN,1997,0
Guinea,GIN,1998,0
Guinea,GIN,1999,0
Guinea,GIN,2000,0
Guinea,GIN,2001,0
Guinea,GIN,2002,0
Guinea,GIN,2003,0
Guinea,GIN,2004,0
Guinea,GIN,2005,0
Guinea,GIN,2006,0
Guinea,GIN,2007,0
Guinea,GIN,2008,0
Guinea,GIN,2009,0
Guinea,GIN,2010,0
Guinea,GIN,2011,0
Guinea,GIN,2012,0
Guinea,GIN,2013,0
Guinea,GIN,2014,0
Guinea,GIN,2015,0
Guinea,GIN,2016,0
Guinea,GIN,2017,0
Guinea,GIN,2018,0
Guinea,GIN,2019,0
Guinea,GIN,2020,0
Guinea,GIN,2021,0
Guinea,GIN,2022,0
Guinea,GIN,2023,0
Guinea,GIN,2024,0
Guinea-Bissau,GNB,1980,0
Guinea-Bissau,GNB,1981,0
Guinea-Bissau,GNB,1982,0
Guinea-Bissau,GNB,1983,0
Guinea-Bissau,GNB,1984,0
Guinea-Bissau,GNB,1985,0
Guinea-Bissau,GNB,1986,0
Guinea-Bissau,GNB,1987,0
Guinea-Bissau,GNB,1988,0
Guinea-Bissau,GNB,1989,0
Guinea-Bissau,GNB,1990,0
Guinea-Bissau,GNB,1991,0
Guinea-Bissau,GNB,1992,0
Guinea-Bissau,GNB,1993,0
Guinea-Bissau,GNB,1994,0
Guinea-Bissau,GNB,1995,0
Guinea-Bissau,GNB,1996,0
Guinea-Bissau,GNB,1997,0
Guinea-Bissau,GNB,1998,0
Guinea-Bissau,GNB,1999,0
Guinea-Bissau,GNB,2000,0
Guinea-Bissau,GNB,2001,0
Guinea-Bissau,GNB,2002,0
Guinea-Bissau,GNB,2003,0
Guinea-Bissau,GNB,2004,0
Guinea-Bissau,GNB,2005,0
Guinea-Bissau,GNB,2006,0
Guinea-Bissau,GNB,2007,0
Guinea-Bissau,GNB,2008,0
Guinea-Bissau,GNB,2009,0
Guinea-Bissau,GNB,2010,0
Guinea-Bissau,GNB,2011,0
Guinea-Bissau,GNB,2012,0
Guinea-Bissau,GNB,2013,0
Guinea-Bissau,GNB,2014,0
Guinea-Bissau,GNB,2015,0
Guinea-Bissau,GNB,2016,0
Guinea-Bissau,GNB,2017,0
Guinea-Bissau,GNB,2018,0
Guinea-Bissau,GNB,2019,0
Guinea-Bissau,GNB,2020,0
Guinea-Bissau,GNB,2021,0
Guinea-Bissau,GNB,2022,0
Guinea-Bissau,GNB,2023,0
Guinea-Bissau,GNB,2024,0
Guyana,GUY,1980,0
Guyana,GUY,1981,0
Guyana,GUY,1982,0
Guyana,GUY,1983,0
Guyana,GUY,1984,0
Guyana,GUY,1985,0
Guyana,GUY,1986,0
Guyana,GUY,1987,0
Guyana,GUY,1988,0
Guyana,GUY,1989,0
Guyana,GUY,1990,0
Guyana,GUY,1991,0
Guyana,GUY,1992,0
Guyana,GUY,1993,0
Guyana,GUY,1994,0
Guyana,GUY,1995,0
Guyana,GUY,1996,0
Guyana,GUY,1997,0
Guyana,GUY,1998,0
Guyana,GUY,1999,0
Guyana,GUY,2000,0
Guyana,GUY,2001,0
Guyana,GUY,2002,0
Guyana,GUY,2003,0
Guyana,GUY,2004,0
Guyana,GUY,2005,0
Guyana,GUY,2006,0
Guyana,GUY,2007,0
Guyana,GUY,2008,0
Guyana,GUY,2009,0
Guyana,GUY,2010,0
Guyana,GUY,2011,0
Guyana,GUY,2012,0
Guyana,GUY,2013,0
Guyana,GUY,2014,0
Guyana,GUY,2015,0
Guyana,GUY,2016,0
Guyana,GUY,2017,0
Guyana,GUY,2018,0
Guyana,GUY,2019,0
Guyana,GUY,2020,0
Guyana,GUY,2021,0
Guyana,GUY,2022,0
Guyana,GUY,2023,0
Guyana,GUY,2024,0
Haiti,HTI,1980,0
Haiti,HTI,1981,0
Haiti,HTI,1982,0
Haiti,HTI,1983,0
Haiti,HTI,1984,0
Haiti,HTI,1985,0
Haiti,HTI,1986,0
Haiti,HTI,1987,0
Haiti,HTI,1988,0
Haiti,HTI,1989,0
Haiti,HTI,1990,0
Haiti,HTI,1991,0
Haiti,HTI,1992,0
Haiti,HTI,1993,0
Haiti,HTI,1994,0
Haiti,HTI,1995,0
Haiti,HTI,1996,0
Haiti,HTI,1997,0
Haiti,HTI,1998,0
Haiti,HTI,1999,0
Haiti,HTI,2000,0
Haiti,HTI,2001,0
Haiti,HTI,2002,0
Haiti,HTI,2003,0
Haiti,HTI,2004,0
Haiti,HTI,2005,0
Haiti,HTI,2006,0
Haiti,HTI,2007,0
Haiti,HTI,2008,0
Haiti,HTI,2009,0
Haiti,HTI,2010,0
Haiti,HTI,2011,0
Haiti,HTI,2012,0
Haiti,HTI,2013,0
Haiti,HTI,2014,0
Haiti,HTI,2015,0
Haiti,HTI,2016,0
Haiti,HTI,2017,0
Haiti,HTI,2018,0
Haiti,HTI,2019,0
Haiti,HTI,2020,0
Haiti,HTI,2021,0
Haiti,HTI,2022,0
Haiti,HTI,2023,0
Haiti,HTI,2024,0
High-income countries,OWID_HIC,1970,7256.238
High-income countries,OWID_HIC,1971,7711.102
High-income countries,OWID_HIC,1972,8045.7036
High-income countries,OWID_HIC,1973,8309.3
High-income countries,OWID_HIC,1974,8259.518
High-income countries,OWID_HIC,1975,7968.2827
High-income countries,OWID_HIC,1976,8087.5986
High-income countries,OWID_HIC,1977,8258.002
High-income countries,OWID_HIC,1978,8299.086
High-income countries,OWID_HIC,1979,8659.142
High-income countries,OWID_HIC,1980,8564.128
High-income countries,OWID_HIC,1981,8494.545
High-income countries,OWID_HIC,1982,8062.4805
High-income countries,OWID_HIC,1983,7623.5884
High-income countries,OWID_HIC,1984,8195.659
High-income countries,OWID_HIC,1985,12342.022
High-income countries,OWID_HIC,1986,12626.15
High-income countries,OWID_HIC,1987,13305.397
High-income countries,OWID_HIC,1988,13930.725
High-income countries,OWID_HIC,1989,14403.344
High-income countries,OWID_HIC,1990,14920.317
High-income countries,OWID_HIC,1991,15021.197
High-income countries,OWID_HIC,1992,15252.637
High-income countries,OWID_HIC,1993,15385.038
High-income countries,OWID_HIC,1994,15727.341
High-income countries,OWID_HIC,1995,15807.828
High-income countries,OWID_HIC,1996,16402.826
High-income countries,OWID_HIC,1997,16241.906
High-income countries,OWID_HIC,1998,16159.965
High-income countries,OWID_HIC,1999,16783.527
High-income countries,OWID_HIC,2000,17108.104
High-income countries,OWID_HIC,2001,17432.662
High-income countries,OWID_HIC,2002,17570.26
High-income countries,OWID_HIC,2003,18045.533
High-income countries,OWID_HIC,2004,18341.197
High-income countries,OWID_HIC,2005,18421.6
High-income countries,OWID_HIC,2006,18830.984
High-income countries,OWID_HIC,2007,19008.709
High-income countries,OWID_HIC,2008,19599.23
High-income countries,OWID_HIC,2009,18793.207
High-income countries,OWID_HIC,2010,20164.812
High-income countries,OWID_HIC,2011,20923.39
High-income countries,OWID_HIC,2012,21376.305
High-income countries,OWID_HIC,2013,21676.025
High-income countries,OWID_HIC,2014,21942.586
High-income countries,OWID_HIC,2015,22466.469
High-income countries,OWID_HIC,2016,22658.553
High-income countries,OWID_HIC,2017,23503.277
High-income countries,OWID_HIC,2018,24974.814
High-income countries,OWID_HIC,2019,25993.385
High-income countries,OWID_HIC,2020,25347.906
High-income countries,OWID_HIC,2021,26247.297
High-income countries,OWID_HIC,2022,26280.473
High-income countries,OWID_HIC,2023,26276.729
High-income countries,OWID_HIC,2024,26951.605
High-income countries,OWID_HIC,2025,27318.904
Honduras,HND,1980,0
Honduras,HND,1981,0
Honduras,HND,1982,0
Honduras,HND,1983,0
Honduras,HND,1984,0
Honduras,HND,1985,0
Honduras,HND,1986,0
Honduras,HND,1987,0
Honduras,HND,1988,0
Honduras,HND,1989,0
Honduras,HND,1990,0
Honduras,HND,1991,0
Honduras,HND,1992,0
Honduras,HND,1993,0
Honduras,HND,1994,0
Honduras,HND,1995,0
Honduras,HND,1996,0
Honduras,HND,1997,0
Honduras,HND,1998,0
Honduras,HND,1999,0
Honduras,HND,2000,0
Honduras,HND,2001,0
Honduras,HND,2002,0
Honduras,HND,2003,0
Honduras,HND,2004,0
Honduras,HND,2005,0
Honduras,HND,2006,0
Honduras,HND,2007,0
Honduras,HND,2008,0
Honduras,HND,2009,0
Honduras,HND,2010,0
Honduras,HND,2011,0
Honduras,HND,2012,0
Honduras,HND,2013,0
Honduras,HND,2014,0
Honduras,HND,2015,0
Honduras,HND,2016,0
Honduras,HND,2017,0
Honduras,HND,2018,0
Honduras,HND,2019,0
Honduras,HND,2020,0
Honduras,HND,2021,0
Honduras,HND,2022,0
Honduras,HND,2023,0
Honduras,HND,2024,0
Hong Kong,HKG,1980,0
Hong Kong,HKG,1981,0
Hong Kong,HKG,1982,0
Hong Kong,HKG,1983,0
Hong Kong,HKG,1984,0
Hong Kong,HKG,1985,0
Hong Kong,HKG,1986,0
Hong Kong,HKG,1987,0
Hong Kong,HKG,1988,0
Hong Kong,HKG,1989,0
Hong Kong,HKG,1990,0
Hong Kong,HKG,1991,0
Hong Kong,HKG,1992,0
Hong Kong,HKG,1993,0
Hong Kong,HKG,1994,0
Hong Kong,HKG,1995,0
Hong Kong,HKG,1996,0
Hong Kong,HKG,1997,0
Hong Kong,HKG,1998,0
Hong Kong,HKG,1999,0
Hong Kong,HKG,2000,0
Hong Kong,HKG,2001,0
Hong Kong,HKG,2002,0
Hong Kong,HKG,2003,0
Hong Kong,HKG,2004,0
Hong Kong,HKG,2005,0
Hong Kong,HKG,2006,0
Hong Kong,HKG,2007,0
Hong Kong,HKG,2008,0
Hong Kong,HKG,2009,0
Hong Kong,HKG,2010,0
Hong Kong,HKG,2011,0
Hong Kong,HKG,2012,0
Hong Kong,HKG,2013,0
Hong Kong,HKG,2014,0
Hong Kong,HKG,2015,0
Hong Kong,HKG,2016,0
Hong Kong,HKG,2017,0
Hong Kong,HKG,2018,0
Hong Kong,HKG,2019,0
Hong Kong,HKG,2020,0
Hong Kong,HKG,2021,0
Hong Kong,HKG,2022,0
Hong Kong,HKG,2023,0
Hong Kong,HKG,2024,0
Hungary,HUN,1900,0
Hungary,HUN,1901,0
Hungary,HUN,1902,0
Hungary,HUN,1903,0
Hungary,HUN,1904,0
Hungary,HUN,1905,0
Hungary,HUN,1906,0
Hungary,HUN,1907,0
Hungary,HUN,1908,0
Hungary,HUN,1909,0
Hungary,HUN,1910,0
Hungary,HUN,1911,0
Hungary,HUN,1912,0
Hungary,HUN,1913,0
Hungary,HUN,1914,0
Hungary,HUN,1915,0
Hungary,HUN,1916,0
Hungary,HUN,1917,0
Hungary,HUN,1918,0
Hungary,HUN,1919,0
Hungary,HUN,1920,0
Hungary,HUN,1921,0
Hungary,HUN,1922,0
Hungary,HUN,1923,0
Hungary,HUN,1924,0
Hungary,HUN,1925,0
Hungary,HUN,1926,0
Hungary,HUN,1927,0
Hungary,HUN,1928,0
Hungary,HUN,1929,0
Hungary,HUN,1930,0
Hungary,HUN,1931,0
Hungary,HUN,1932,0
Hungary,HUN,1933,0
Hungary,HUN,1934,0
Hungary,HUN,1935,0
Hungary,HUN,1936,0
Hungary,HUN,1937,0
Hungary,HUN,1938,0
Hungary,HUN,1939,0
Hungary,HUN,1940,0
Hungary,HUN,1941,0
Hungary,HUN,1942,0
Hungary,HUN,1943,0
Hungary,HUN,1944,0
Hungary,HUN,1945,0
Hungary,HUN,1946,1.040456
Hungary,HUN,1947,1.1547918
Hungary,HUN,1948,3.6587462
Hungary,HUN,1949,4.2532926
Hungary,HUN,1950,4.356195
Hungary,HUN,1951,4.630601
Hungary,HUN,1952,5.716791
Hungary,HUN,1953,6.2770367
Hungary,HUN,1954,6.379939
Hungary,HUN,1955,6.2313023
Hungary,HUN,1956,5.1679792
Hungary,HUN,1957,4.699202
Hungary,HUN,1958,4.2875934
Hungary,HUN,1959,3.8188162
Hungary,HUN,1960,3.910285
Hungary,HUN,1961,3.7044806
Hungary,HUN,1962,3.887418
Hungary,HUN,1963,6.9973526
Hungary,HUN,1964,8.963928
Hungary,HUN,1965,12.668409
Hungary,HUN,1966,17.756353
Hungary,HUN,1967,23.381676
Hungary,HUN,1968,30.687735
Hungary,HUN,1969,36.987637
Hungary,HUN,1970,39.663097
Hungary,HUN,1971,42.361423
Hungary,HUN,1972,46.717617
Hungary,HUN,1973,55.1213
Hungary,HUN,1974,58.24267
Hungary,HUN,1975,59.248825
Hungary,HUN,1976,69.53905
Hungary,HUN,1977,75.58741
Hungary,HUN,1978,83.9911
Hungary,HUN,1979,74.55839
Hungary,HUN,1980,65.822296
Hungary,HUN,1981,63.698997
Hungary,HUN,1982,69.55631
Hungary,HUN,1983,66.99282
Hungary,HUN,1984,69.930275
Hungary,HUN,1985,75.359116
Hungary,HUN,1986,71.93371
Hungary,HUN,1987,70.7919
Hungary,HUN,1988,63.149487
Hungary,HUN,1989,60.898407
Hungary,HUN,1990,49.148018
Hungary,HUN,1991,49.77519
Hungary,HUN,1992,49.615124
Hungary,HUN,1993,50.200672
Hungary,HUN,1994,48.49987
Hungary,HUN,1995,48.95119
Hungary,HUN,1996,46.52531
Hungary,HUN,1997,43.409565
Hungary,HUN,1998,38.320515
Hungary,HUN,1999,33.897297
Hungary,HUN,2000,31.999443
Hungary,HUN,2001,32.00229
Hungary,HUN,2002,30.44273
Hungary,HUN,2003,29.53529
Hungary,HUN,2004,30.566782
Hungary,HUN,2005,30.11698
Hungary,HUN,2006,30.783373
Hungary,HUN,2007,25.900955
Hungary,HUN,2008,25.932096
Hungary,HUN,2009,29.55093
Hungary,HUN,2010,28.878765
Hungary,HUN,2011,27.333082
Hungary,HUN,2012,22.846659
Hungary,HUN,2013,19.955776
Hungary,HUN,2014,18.572514
Hungary,HUN,2015,17.690218
Hungary,HUN,2016,18.379053
Hungary,HUN,2017,18.149443
Hungary,HUN,2018,18.858242
Hungary,HUN,2019,17.02135
Hungary,HUN,2020,16.821688
Hungary,HUN,2021,14.9828
Hungary,HUN,2022,15.152513
Hungary,HUN,2023,16.18177
Hungary,HUN,2024,17.209032
Iceland,ISL,1980,0
Iceland,ISL,1981,0
Iceland,ISL,1982,0
Iceland,ISL,1983,0
Iceland,ISL,1984,0
Iceland,ISL,1985,0
Iceland,ISL,1986,0
Iceland,ISL,1987,0
Iceland,ISL,1988,0
Iceland,ISL,1989,0
Iceland,ISL,1990,0
Iceland,ISL,1991,0
Iceland,ISL,1992,0
Iceland,ISL,1993,0
Iceland,ISL,1994,0
Iceland,ISL,1995,0
Iceland,ISL,1996,0
Iceland,ISL,1997,0
Iceland,ISL,1998,0
Iceland,ISL,1999,0
Iceland,ISL,2000,0
Iceland,ISL,2001,0
Iceland,ISL,2002,0
Iceland,ISL,2003,0
Iceland,ISL,2004,0
Iceland,ISL,2005,0
Iceland,ISL,2006,0
Iceland,ISL,2007,0
Iceland,ISL,2008,0
Iceland,ISL,2009,0
Iceland,ISL,2010,0
Iceland,ISL,2011,0
Iceland,ISL,2012,0
Iceland,ISL,2013,0
Iceland,ISL,2014,0
Iceland,ISL,2015,0
Iceland,ISL,2016,0
Iceland,ISL,2017,0
Iceland,ISL,2018,0
Iceland,ISL,2019,0
Iceland,ISL,2020,0
Iceland,ISL,2021,0
Iceland,ISL,2022,0
Iceland,ISL,2023,0
Iceland,ISL,2024,0
India,IND,1900,0
India,IND,1901,0
India,IND,1902,0
India,IND,1903,0
India,IND,1904,0
India,IND,1905,0
India,IND,1906,0
India,IND,1907,0
India,IND,1908,0
India,IND,1909,0
India,IND,1910,0
India,IND,1911,0
India,IND,1912,0
India,IND,1913,0
India,IND,1914,0
India,IND,1915,0
India,IND,1916,0
India,IND,1917,0
India,IND,1918,0
India,IND,1919,0
India,IND,1920,0
India,IND,1921,0
India,IND,1922,0
India,IND,1923,0
India,IND,1924,0
India,IND,1925,0
India,IND,1926,0
India,IND,1927,0
India,IND,1928,0
India,IND,1929,0
India,IND,1930,0
India,IND,1931,0
India,IND,1932,0
India,IND,1933,0
India,IND,1934,0
India,IND,1935,0
India,IND,1936,0
India,IND,1937,0
India,IND,1938,0
India,IND,1939,0
India,IND,1940,0
India,IND,1941,0
India,IND,1942,0
India,IND,1943,0
India,IND,1944,0
India,IND,1945,0
India,IND,1946,0
India,IND,1947,0
India,IND,1948,0
India,IND,1949,0
India,IND,1950,0
India,IND,1951,0
India,IND,1952,0
India,IND,1953,0
India,IND,1954,0
India,IND,1955,0
India,IND,1956,0
India,IND,1957,0
India,IND,1958,0
India,IND,1959,0
India,IND,1960,1.615672
India,IND,1961,1.2437186
India,IND,1962,2.4874372
India,IND,1963,3.1151085
India,IND,1964,3.7427797
India,IND,1965,4.6494155
India,IND,1966,4.33558
India,IND,1967,5.4165688
India,IND,1968,7.0206175
India,IND,1969,8.47356
India,IND,1970,6.3284664
India,IND,1971,6.706219
India,IND,1972,7.3559065
India,IND,1973,7.336656
India,IND,1974,8.303968
India,IND,1975,10.630813
India,IND,1976,12.914344
India,IND,1977,13.792624
India,IND,1978,15.404812
India,IND,1979,19.158562
India,IND,1980,11.331031
India,IND,1981,19.781782
India,IND,1982,25.934563
India,IND,1983,30.857752
India,IND,1984,35.340595
India,IND,1985,43.228283
India,IND,1986,60.40024
India,IND,1987,69.577
India,IND,1988,81.50488
India,IND,1989,96.904594
India,IND,1990,115.92735
India,IND,1991,129.10802
India,IND,1992,144.34691
India,IND,1993,146.67085
India,IND,1994,158.56918
India,IND,1995,180.77829
India,IND,1996,197.31721
India,IND,1997,214.52634
India,IND,1998,235.42874
India,IND,1999,241.23369
India,IND,2000,253.62694
India,IND,2001,254.27748
India,IND,2002,265.54413
India,IND,2003,284.26898
India,IND,2004,281.37762
India,IND,2005,285.12137
India,IND,2006,281.8681
India,IND,2007,289.64514
India,IND,2008,293.9186
India,IND,2009,361.4994
India,IND,2010,474.29187
India,IND,2011,429.33395
India,IND,2012,372.67825
India,IND,2013,310.6313
India,IND,2014,293.5522
India,IND,2015,281.4278
India,IND,2016,265.82315
India,IND,2017,276.93326
India,IND,2018,274.91486
India,IND,2019,269.05524
India,IND,2020,237.60626
India,IND,2021,285.38812
India,IND,2022,298.0193
India,IND,2023,315.8549
India,IND,2024,323.71182
India,IND,2025,311.6532
Indonesia,IDN,1900,0
Indonesia,IDN,1901,0
Indonesia,IDN,1902,0
Indonesia,IDN,1903,0
Indonesia,IDN,1904,0
Indonesia,IDN,1905,0
Indonesia,IDN,1906,0
Indonesia,IDN,1907,0
Indonesia,IDN,1908,0
Indonesia,IDN,1909,0
Indonesia,IDN,1910,0
Indonesia,IDN,1911,0
Indonesia,IDN,1912,0
Indonesia,IDN,1913,0
Indonesia,IDN,1914,0
Indonesia,IDN,1915,0
Indonesia,IDN,1916,0
Indonesia,IDN,1917,0
Indonesia,IDN,1918,0
Indonesia,IDN,1919,0
Indonesia,IDN,1920,0
Indonesia,IDN,1921,0
Indonesia,IDN,1922,1.3127146
Indonesia,IDN,1923,1.8064879
Indonesia,IDN,1924,2.3002613
Indonesia,IDN,1925,2.7940347
Indonesia,IDN,1926,3.287808
Indonesia,IDN,1927,3.7815814
Indonesia,IDN,1928,4.275355
Indonesia,IDN,1929,4.981892
Indonesia,IDN,1930,5.68843
Indonesia,IDN,1931,6.3949676
Indonesia,IDN,1932,7.101505
Indonesia,IDN,1933,7.8080425
Indonesia,IDN,1934,8.51458
Indonesia,IDN,1935,9.221117
Indonesia,IDN,1936,9.927654
Indonesia,IDN,1937,10.634192
Indonesia,IDN,1938,0
Indonesia,IDN,1939,0
Indonesia,IDN,1940,0
Indonesia,IDN,1941,0
Indonesia,IDN,1942,0
Indonesia,IDN,1943,0
Indonesia,IDN,1944,0
Indonesia,IDN,1945,0
Indonesia,IDN,1946,0
Indonesia,IDN,1947,0.28903806
Indonesia,IDN,1948,4.44396
Indonesia,IDN,1949,7.117563
Indonesia,IDN,1950,7.4788604
Indonesia,IDN,1951,9.453954
Indonesia,IDN,1952,12.874237
Indonesia,IDN,1953,16.451082
Indonesia,IDN,1954,19.052425
Indonesia,IDN,1955,22.978527
Indonesia,IDN,1956,24.628452
Indonesia,IDN,1957,26.109774
Indonesia,IDN,1958,25.134268
Indonesia,IDN,1959,26.856455
Indonesia,IDN,1960,29.277145
Indonesia,IDN,1961,30.927073
Indonesia,IDN,1962,32.577
Indonesia,IDN,1963,33.69702
Indonesia,IDN,1964,32.89012
Indonesia,IDN,1965,38.008507
Indonesia,IDN,1966,38.080765
Indonesia,IDN,1967,33.432068
Indonesia,IDN,1968,51.629425
Indonesia,IDN,1969,31.360632
Indonesia,IDN,1970,12.7890005
Indonesia,IDN,1971,15.224999
Indonesia,IDN,1972,11.27665
Indonesia,IDN,1973,17.4783
Indonesia,IDN,1974,18.0467
Indonesia,IDN,1975,23.6495
Indonesia,IDN,1976,23.852499
Indonesia,IDN,1977,57.449
Indonesia,IDN,1978,110.432
Indonesia,IDN,1979,160.167
Indonesia,IDN,1980,187.87651
Indonesia,IDN,1981,190.5155
Indonesia,IDN,1982,193.662
Indonesia,IDN,1983,220.9655
Indonesia,IDN,1984,297.9025
Indonesia,IDN,1985,327.84497
Indonesia,IDN,1986,341.14148
Indonesia,IDN,1987,364.4865
Indonesia,IDN,1988,398.083
Indonesia,IDN,1989,418.789
Indonesia,IDN,1990,445.39825
Indonesia,IDN,1991,489.0921
Indonesia,IDN,1992,518.31085
Indonesia,IDN,1993,538.47565
Indonesia,IDN,1994,613.5329
Indonesia,IDN,1995,616.30426
Indonesia,IDN,1996,649.38776
Indonesia,IDN,1997,666.68976
Indonesia,IDN,1998,655.5651
Indonesia,IDN,1999,710.88837
Indonesia,IDN,2000,706.84424
Indonesia,IDN,2001,686.26495
Indonesia,IDN,2002,755.9024
Indonesia,IDN,2003,791.5684
Indonesia,IDN,2004,756.94684
Indonesia,IDN,2005,762.6978
Indonesia,IDN,2006,753.971
Indonesia,IDN,2007,725.79126
Indonesia,IDN,2008,748.29944
Indonesia,IDN,2009,819.0661
Indonesia,IDN,2010,831.86194
Indonesia,IDN,2011,894.3392
Indonesia,IDN,2012,942.41003
Indonesia,IDN,2013,827.2839
Indonesia,IDN,2014,871.55084
Indonesia,IDN,2015,866.4775
Indonesia,IDN,2016,852.7792
Indonesia,IDN,2017,831.9047
Indonesia,IDN,2018,829.79193
Indonesia,IDN,2019,755.74695
Indonesia,IDN,2020,664.38885
Indonesia,IDN,2021,665.4733
Indonesia,IDN,2022,654.9914
Indonesia,IDN,2023,681.4389
Indonesia,IDN,2024,713.88745
Indonesia,IDN,2025,718.1722
Iran,IRN,1900,0
Iran,IRN,1901,0
Iran,IRN,1902,0
Iran,IRN,1903,0
Iran,IRN,1904,0
Iran,IRN,1905,0
Iran,IRN,1906,0
Iran,IRN,1907,0
Iran,IRN,1908,0
Iran,IRN,1909,0
Iran,IRN,1910,0
Iran,IRN,1911,0
Iran,IRN,1912,0
Iran,IRN,1913,0
Iran,IRN,1914,0
Iran,IRN,1915,0
Iran,IRN,1916,0
Iran,IRN,1917,0
Iran,IRN,1918,0
Iran,IRN,1919,0
Iran,IRN,1920,0
Iran,IRN,1921,0
Iran,IRN,1922,0
Iran,IRN,1923,0
Iran,IRN,1924,0
Iran,IRN,1925,0
Iran,IRN,1926,0
Iran,IRN,1927,0
Iran,IRN,1928,0
Iran,IRN,1929,0
Iran,IRN,1930,0
Iran,IRN,1931,0
Iran,IRN,1932,0
Iran,IRN,1933,0
Iran,IRN,1934,0
Iran,IRN,1935,0
Iran,IRN,1936,0
Iran,IRN,1937,0
Iran,IRN,1938,0
Iran,IRN,1939,0
Iran,IRN,1940,0
Iran,IRN,1941,0
Iran,IRN,1942,0
Iran,IRN,1943,0
Iran,IRN,1944,0
Iran,IRN,1945,0
Iran,IRN,1946,0
Iran,IRN,1947,0
Iran,IRN,1948,0
Iran,IRN,1949,0
Iran,IRN,1950,0
Iran,IRN,1951,0
Iran,IRN,1952,0
Iran,IRN,1953,0
Iran,IRN,1954,0
Iran,IRN,1955,3.6441832
Iran,IRN,1956,5.3326545
Iran,IRN,1957,8.794628
Iran,IRN,1958,9.037574
Iran,IRN,1959,11.029727
Iran,IRN,1960,11.539913
Iran,IRN,1961,11.940772
Iran,IRN,1962,12.778935
Iran,IRN,1963,13.835748
Iran,IRN,1964,14.479554
Iran,IRN,1965,14.929003
Iran,IRN,1966,16.836124
Iran,IRN,1967,17.807907
Iran,IRN,1968,19.04693
Iran,IRN,1969,56.594162
Iran,IRN,1970,34.95454
Iran,IRN,1971,84.544
Iran,IRN,1972,114.00435
Iran,IRN,1973,125.98127
Iran,IRN,1974,130.7201
Iran,IRN,1975,136.17853
Iran,IRN,1976,138.73764
Iran,IRN,1977,140.884
Iran,IRN,1978,88.254166
Iran,IRN,1979,85.00565
Iran,IRN,1980,45.35404
Iran,IRN,1981,49.280403
Iran,IRN,1982,67.49103
Iran,IRN,1983,77.13311
Iran,IRN,1984,89.78872
Iran,IRN,1985,96.86438
Iran,IRN,1986,93.05475
Iran,IRN,1987,113.91767
Iran,IRN,1988,123.67468
Iran,IRN,1989,156.16837
Iran,IRN,1990,247.18037
Iran,IRN,1991,291.9969
Iran,IRN,1992,309.0442
Iran,IRN,1993,165.13165
Iran,IRN,1994,262.31458
Iran,IRN,1995,318.67996
Iran,IRN,1996,374.79385
Iran,IRN,1997,393.79935
Iran,IRN,1998,444.71783
Iran,IRN,1999,529.8003
Iran,IRN,2000,563.3661
Iran,IRN,2001,626.05237
Iran,IRN,2002,744.47144
Iran,IRN,2003,780.8762
Iran,IRN,2004,910.4013
Iran,IRN,2005,966.12524
Iran,IRN,2006,1052.7727
Iran,IRN,2007,1180.1443
Iran,IRN,2008,1235.6742
Iran,IRN,2009,1357.3561
Iran,IRN,2010,1439.1016
Iran,IRN,2011,1509.8625
Iran,IRN,2012,1569.3575
Iran,IRN,2013,1575.2805
Iran,IRN,2014,1754.506
Iran,IRN,2015,1835.4789
Iran,IRN,2016,1993.4192
Iran,IRN,2017,2138.5007
Iran,IRN,2018,2201.2517
Iran,IRN,2019,2283.1396
Iran,IRN,2020,2357.7551
Iran,IRN,2021,2428.488
Iran,IRN,2022,2477.0579
Iran,IRN,2023,2597.375
Iran,IRN,2024,2622.0337
Iran,IRN,2025,2648.254
Iraq,IRQ,1900,0
Iraq,IRQ,1901,0
Iraq,IRQ,1902,0
Iraq,IRQ,1903,0
Iraq,IRQ,1904,0
Iraq,IRQ,1905,0
Iraq,IRQ,1906,0
Iraq,IRQ,1907,0
Iraq,IRQ,1908,0
Iraq,IRQ,1909,0
Iraq,IRQ,1910,0
Iraq,IRQ,1911,0
Iraq,IRQ,1912,0
Iraq,IRQ,1913,0
Iraq,IRQ,1914,0
Iraq,IRQ,1915,0
Iraq,IRQ,1916,0
Iraq,IRQ,1917,0
Iraq,IRQ,1918,0
Iraq,IRQ,1919,0
Iraq,IRQ,1920,0
Iraq,IRQ,1921,0
Iraq,IRQ,1922,0
Iraq,IRQ,1923,0
Iraq,IRQ,1924,0
Iraq,IRQ,1925,0
Iraq,IRQ,1926,0
Iraq,IRQ,1927,0
Iraq,IRQ,1928,0
Iraq,IRQ,1929,0
Iraq,IRQ,1930,0
Iraq,IRQ,1931,0
Iraq,IRQ,1932,0
Iraq,IRQ,1933,0
Iraq,IRQ,1934,0
Iraq,IRQ,1935,0
Iraq,IRQ,1936,0
Iraq,IRQ,1937,0
Iraq,IRQ,1938,0
Iraq,IRQ,1939,0
Iraq,IRQ,1940,0
Iraq,IRQ,1941,0
Iraq,IRQ,1942,0
Iraq,IRQ,1943,0
Iraq,IRQ,1944,0
Iraq,IRQ,1945,0
Iraq,IRQ,1946,0
Iraq,IRQ,1947,0
Iraq,IRQ,1948,0
Iraq,IRQ,1949,0
Iraq,IRQ,1950,0
Iraq,IRQ,1951,0
Iraq,IRQ,1952,0
Iraq,IRQ,1953,0
Iraq,IRQ,1954,0
Iraq,IRQ,1955,3.9863167
Iraq,IRQ,1956,4.335571
Iraq,IRQ,1957,3.239635
Iraq,IRQ,1958,2.5892992
Iraq,IRQ,1959,4.0224466
Iraq,IRQ,1960,7.2620816
Iraq,IRQ,1961,7.6715517
Iraq,IRQ,1962,7.7678976
Iraq,IRQ,1963,8.731359
Iraq,IRQ,1964,9.152872
Iraq,IRQ,1965,4.3957872
Iraq,IRQ,1966,7.310254
Iraq,IRQ,1967,6.2865777
Iraq,IRQ,1968,8.683185
Iraq,IRQ,1969,10.778711
Iraq,IRQ,1970,7.41
Iraq,IRQ,1971,8.7875
Iraq,IRQ,1972,8.882501
Iraq,IRQ,1973,8.645
Iraq,IRQ,1974,7.9420004
Iraq,IRQ,1975,12.3025
Iraq,IRQ,1976,17.1475
Iraq,IRQ,1977,11.191
Iraq,IRQ,1978,11.5995
Iraq,IRQ,1979,16.6345
Iraq,IRQ,1980,12.1695
Iraq,IRQ,1981,5.89
Iraq,IRQ,1982,6.46
Iraq,IRQ,1983,4.465
Iraq,IRQ,1984,5.605
Iraq,IRQ,1985,8.075
Iraq,IRQ,1986,14.725
Iraq,IRQ,1987,35.625
Iraq,IRQ,1988,53.2
Iraq,IRQ,1989,61.274998
Iraq,IRQ,1990,37.809998
Iraq,IRQ,1991,16.53
Iraq,IRQ,1992,21.565
Iraq,IRQ,1993,24.225
Iraq,IRQ,1994,30.115
Iraq,IRQ,1995,30.115
Iraq,IRQ,1996,30.78
Iraq,IRQ,1997,28.975
Iraq,IRQ,1998,28.025002
Iraq,IRQ,1999,30.21
Iraq,IRQ,2000,29.925001
Iraq,IRQ,2001,26.220001
Iraq,IRQ,2002,22.42
Iraq,IRQ,2003,14.82
Iraq,IRQ,2004,9.5
Iraq,IRQ,2005,13.775
Iraq,IRQ,2006,13.775
Iraq,IRQ,2007,45.429573
Iraq,IRQ,2008,64.57625
Iraq,IRQ,2009,68.5273
Iraq,IRQ,2010,71.35259
Iraq,IRQ,2011,63.0192
Iraq,IRQ,2012,63.413452
Iraq,IRQ,2013,70.72655
Iraq,IRQ,2014,75.30834
Iraq,IRQ,2015,73.01097
Iraq,IRQ,2016,98.95578
Iraq,IRQ,2017,101.17798
Iraq,IRQ,2018,105.73736
Iraq,IRQ,2019,109.66854
Iraq,IRQ,2020,70.053535
Iraq,IRQ,2021,91.069595
Iraq,IRQ,2022,92.89099
Iraq,IRQ,2023,104.1485
Iraq,IRQ,2024,105.18999
Iraq,IRQ,2025,109.39759
Ireland,IRL,1900,0
Ireland,IRL,1901,0
Ireland,IRL,1902,0
Ireland,IRL,1903,0
Ireland,IRL,1904,0
Ireland,IRL,1905,0
Ireland,IRL,1906,0
Ireland,IRL,1907,0
Ireland,IRL,1908,0
Ireland,IRL,1909,0
Ireland,IRL,1910,0
Ireland,IRL,1911,0
Ireland,IRL,1912,0
Ireland,IRL,1913,0
Ireland,IRL,1914,0
Ireland,IRL,1915,0
Ireland,IRL,1916,0
Ireland,IRL,1917,0
Ireland,IRL,1918,0
Ireland,IRL,1919,0
Ireland,IRL,1920,0
Ireland,IRL,1921,0
Ireland,IRL,1922,0
Ireland,IRL,1923,0
Ireland,IRL,1924,0
Ireland,IRL,1925,0
Ireland,IRL,1926,0
Ireland,IRL,1927,0
Ireland,IRL,1928,0
Ireland,IRL,1929,0
Ireland,IRL,1930,0
Ireland,IRL,1931,0
Ireland,IRL,1932,0
Ireland,IRL,1933,0
Ireland,IRL,1934,0
Ireland,IRL,1935,0
Ireland,IRL,1936,0
Ireland,IRL,1937,0
Ireland,IRL,1938,0
Ireland,IRL,1939,0
Ireland,IRL,1940,0
Ireland,IRL,1941,0
Ireland,IRL,1942,0
Ireland,IRL,1943,0
Ireland,IRL,1944,0
Ireland,IRL,1945,0
Ireland,IRL,1946,0
Ireland,IRL,1947,0
Ireland,IRL,1948,0
Ireland,IRL,1949,0
Ireland,IRL,1950,0
Ireland,IRL,1951,0
Ireland,IRL,1952,0
Ireland,IRL,1953,0
Ireland,IRL,1954,0
Ireland,IRL,1955,0
Ireland,IRL,1956,0
Ireland,IRL,1957,0
Ireland,IRL,1958,0
Ireland,IRL,1959,0
Ireland,IRL,1960,0
Ireland,IRL,1961,0
Ireland,IRL,1962,0
Ireland,IRL,1963,0
Ireland,IRL,1964,0
Ireland,IRL,1965,0
Ireland,IRL,1966,0
Ireland,IRL,1967,0
Ireland,IRL,1968,0
Ireland,IRL,1969,0
Ireland,IRL,1970,0
Ireland,IRL,1971,0
Ireland,IRL,1972,0
Ireland,IRL,1973,0
Ireland,IRL,1974,0
Ireland,IRL,1975,0
Ireland,IRL,1976,0
Ireland,IRL,1977,0
Ireland,IRL,1978,0
Ireland,IRL,1979,0
Ireland,IRL,1980,9.472057
Ireland,IRL,1981,14.504087
Ireland,IRL,1982,21.312128
Ireland,IRL,1983,22.996702
Ireland,IRL,1984,24.17602
Ireland,IRL,1985,25.650166
Ireland,IRL,1986,17.429522
Ireland,IRL,1987,17.429522
Ireland,IRL,1988,20.97451
Ireland,IRL,1989,23.680141
Ireland,IRL,1990,24.248114
Ireland,IRL,1991,24.86415
Ireland,IRL,1992,24.544172
Ireland,IRL,1993,27.861673
Ireland,IRL,1994,28.34368
Ireland,IRL,1995,29.069487
Ireland,IRL,1996,28.021662
Ireland,IRL,1997,24.620943
Ireland,IRL,1998,18.173595
Ireland,IRL,1999,14.250936
Ireland,IRL,2000,12.753589
Ireland,IRL,2001,8.76406
Ireland,IRL,2002,8.664464
Ireland,IRL,2003,7.23707
Ireland,IRL,2004,8.902178
Ireland,IRL,2005,5.973369
Ireland,IRL,2006,5.30502
Ireland,IRL,2007,4.7724295
Ireland,IRL,2008,4.5740137
Ireland,IRL,2009,4.087241
Ireland,IRL,2010,2.895683
Ireland,IRL,2011,2.4059894
Ireland,IRL,2012,2.193247
Ireland,IRL,2013,1.8751951
Ireland,IRL,2014,1.5863069
Ireland,IRL,2015,1.3857586
Ireland,IRL,2016,32.218628
Ireland,IRL,2017,36.932266
Ireland,IRL,2018,35.618702
Ireland,IRL,2019,27.842766
Ireland,IRL,2020,21.752645
Ireland,IRL,2021,16.467829
Ireland,IRL,2022,15.25827
Ireland,IRL,2023,12.2867985
Ireland,IRL,2024,11.532868
Israel,ISR,1900,0
Israel,ISR,1901,0
Israel,ISR,1902,0
Israel,ISR,1903,0
Israel,ISR,1904,0
Israel,ISR,1905,0
Israel,ISR,1906,0
Israel,ISR,1907,0
Israel,ISR,1908,0
Israel,ISR,1909,0
Israel,ISR,1910,0
Israel,ISR,1911,0
Israel,ISR,1912,0
Israel,ISR,1913,0
Israel,ISR,1914,0
Israel,ISR,1915,0
Israel,ISR,1916,0
Israel,ISR,1917,0
Israel,ISR,1918,0
Israel,ISR,1919,0
Israel,ISR,1920,0
Israel,ISR,1921,0
Israel,ISR,1922,0
Israel,ISR,1923,0
Israel,ISR,1924,0
Israel,ISR,1925,0
Israel,ISR,1926,0
Israel,ISR,1927,0
Israel,ISR,1928,0
Israel,ISR,1929,0
Israel,ISR,1930,0
Israel,ISR,1931,0
Israel,ISR,1932,0
Israel,ISR,1933,0
Israel,ISR,1934,0
Israel,ISR,1935,0
Israel,ISR,1936,0
Israel,ISR,1937,0
Israel,ISR,1938,0
Israel,ISR,1939,0
Israel,ISR,1940,0
Israel,ISR,1941,0
Israel,ISR,1942,0
Israel,ISR,1943,0
Israel,ISR,1944,0
Israel,ISR,1945,0
Israel,ISR,1946,0
Israel,ISR,1947,0
Israel,ISR,1948,0
Israel,ISR,1949,0
Israel,ISR,1950,0
Israel,ISR,1951,0
Israel,ISR,1952,0
Israel,ISR,1953,0
Israel,ISR,1954,0
Israel,ISR,1955,0
Israel,ISR,1956,0
Israel,ISR,1957,0
Israel,ISR,1958,0
Israel,ISR,1959,0
Israel,ISR,1960,0
Israel,ISR,1961,0.03585839
Israel,ISR,1962,0.13148077
Israel,ISR,1963,0.119527966
Israel,ISR,1964,0.3466311
Israel,ISR,1965,0.86060137
Israel,ISR,1966,1.1355157
Israel,ISR,1967,1.3028549
Israel,ISR,1968,1.6972972
Israel,ISR,1969,1.6972972
Israel,ISR,1970,1.2773637
Israel,ISR,1971,1.1956639
Israel,ISR,1972,1.1819577
Israel,ISR,1973,0.5130417
Israel,ISR,1974,0.62699115
Israel,ISR,1975,0.5729725
Israel,ISR,1976,0.5520103
Israel,ISR,1977,0.5485164
Israel,ISR,1978,0.53964776
Israel,ISR,1979,0.38431084
Israel,ISR,1980,0.018274918
Israel,ISR,1981,0.019349916
Israel,ISR,1982,0.43080443
Israel,ISR,1983,0.6103286
Israel,ISR,1984,0.5329292
Israel,ISR,1985,0.5014855
Israel,ISR,1986,0.37597972
Israel,ISR,1987,0.42838585
Israel,ISR,1988,0.3931797
Israel,ISR,1989,0.36092973
Israel,ISR,1990,0.3122861
Israel,ISR,1991,0.25988027
Israel,ISR,1992,0.22225527
Israel,ISR,1993,0.22144917
Israel,ISR,1994,0.20451778
Israel,ISR,1995,0.23838027
Israel,ISR,1996,0.14969306
Israel,ISR,1997,0.17871806
Israel,ISR,1998,0.11233695
Israel,ISR,1999,0.101049446
Israel,ISR,2000,0.09083722
Israel,ISR,2001,0.09513722
Israel,ISR,2002,0.08492472
Israel,ISR,2003,0.07713083
Israel,ISR,2004,11.32024
Israel,ISR,2005,15.710523
Israel,ISR,2006,21.952484
Israel,ISR,2007,26.175337
Israel,ISR,2008,32.614826
Israel,ISR,2009,25.340372
Israel,ISR,2010,30.750114
Israel,ISR,2011,40.43071
Israel,ISR,2012,23.659595
Israel,ISR,2013,60.63382
Israel,ISR,2014,71.465546
Israel,ISR,2015,78.66829
Israel,ISR,2016,88.35931
Israel,ISR,2017,93.39483
Israel,ISR,2018,99.38046
Israel,ISR,2019,99.61799
Israel,ISR,2020,146.69543
Israel,ISR,2021,183.27429
Israel,ISR,2022,208.45195
Israel,ISR,2023,234.67479
Israel,ISR,2024,258.42676
Israel,ISR,2025,259.40213
Italy,ITA,1900,0
Italy,ITA,1901,0
Italy,ITA,1902,0
Italy,ITA,1903,0
Italy,ITA,1904,0
Italy,ITA,1905,0
Italy,ITA,1906,0
Italy,ITA,1907,0
Italy,ITA,1908,0
Italy,ITA,1909,0
Italy,ITA,1910,0
Italy,ITA,1911,0
Italy,ITA,1912,0
Italy,ITA,1913,0
Italy,ITA,1914,0
Italy,ITA,1915,0
Italy,ITA,1916,0
Italy,ITA,1917,0
Italy,ITA,1918,0
Italy,ITA,1919,0
Italy,ITA,1920,0
Italy,ITA,1921,0
Italy,ITA,1922,0
Italy,ITA,1923,0
Italy,ITA,1924,0
Italy,ITA,1925,0
Italy,ITA,1926,0
Italy,ITA,1927,0
Italy,ITA,1928,0
Italy,ITA,1929,0
Italy,ITA,1930,0
Italy,ITA,1931,0
Italy,ITA,1932,0
Italy,ITA,1933,0
Italy,ITA,1934,0
Italy,ITA,1935,0
Italy,ITA,1936,0
Italy,ITA,1937,0
Italy,ITA,1938,0
Italy,ITA,1939,0
Italy,ITA,1940,0
Italy,ITA,1941,0
Italy,ITA,1942,0
Italy,ITA,1943,0
Italy,ITA,1944,0
Italy,ITA,1945,0
Italy,ITA,1946,0.6821941
Italy,ITA,1947,1.0019726
Italy,ITA,1948,1.2471361
Italy,ITA,1949,2.6541615
Italy,ITA,1950,5.436234
Italy,ITA,1951,10.296867
Italy,ITA,1952,15.274753
Italy,ITA,1953,24.303164
Italy,ITA,1954,31.626091
Italy,ITA,1955,38.661217
Italy,ITA,1956,47.593697
Italy,ITA,1957,53.15784
Italy,ITA,1958,55.16179
Italy,ITA,1959,65.202835
Italy,ITA,1960,68.72039
Italy,ITA,1961,73.154655
Italy,ITA,1962,76.22453
Italy,ITA,1963,77.471664
Italy,ITA,1964,83.8246
Italy,ITA,1965,83.16373
Italy,ITA,1966,93.74838
Italy,ITA,1967,99.131325
Italy,ITA,1968,110.87786
Italy,ITA,1969,127.48502
Italy,ITA,1970,125.815506
Italy,ITA,1971,128.202
Italy,ITA,1972,135.87325
Italy,ITA,1973,146.7525
Italy,ITA,1974,146.48451
Italy,ITA,1975,139.61826
Italy,ITA,1976,150.02875
Italy,ITA,1977,131.612
Italy,ITA,1978,131.455
Italy,ITA,1979,128.2585
Italy,ITA,1980,119.35625
Italy,ITA,1981,133.75874
Italy,ITA,1982,137.34074
Italy,ITA,1983,123.1495
Italy,ITA,1984,130.33925
Italy,ITA,1985,134.19225
Italy,ITA,1986,150.37625
Italy,ITA,1987,154.11826
Italy,ITA,1988,156.64076
Italy,ITA,1989,160.11275
Italy,ITA,1990,163.166
Italy,ITA,1991,164.11075
Italy,ITA,1992,171.35075
Italy,ITA,1993,182.3775
Italy,ITA,1994,192.42624
Italy,ITA,1995,190.112
Italy,ITA,1996,190.30876
Italy,ITA,1997,184.85886
Italy,ITA,1998,182.38165
Italy,ITA,1999,167.68134
Italy,ITA,2000,159.58687
Italy,ITA,2001,146.24725
Italy,ITA,2002,140.30432
Italy,ITA,2003,133.22165
Italy,ITA,2004,124.35959
Italy,ITA,2005,115.823166
Italy,ITA,2006,105.344536
Italy,ITA,2007,93.12675
Italy,ITA,2008,88.15178
Italy,ITA,2009,76.323944
Italy,ITA,2010,80.06565
Italy,ITA,2011,80.47827
Italy,ITA,2012,81.958046
Italy,ITA,2013,73.67495
Italy,ITA,2014,68.095566
Italy,ITA,2015,64.49688
Italy,ITA,2016,55.09763
Italy,ITA,2017,52.730587
Italy,ITA,2018,51.891968
Italy,ITA,2019,46.212475
Italy,ITA,2020,39.120907
Italy,ITA,2021,31.841406
Italy,ITA,2022,31.58104
Italy,ITA,2023,28.462662
Italy,ITA,2024,28.000662
Italy,ITA,2025,32.643906
Jamaica,JAM,1980,0
Jamaica,JAM,1981,0
Jamaica,JAM,1982,0
Jamaica,JAM,1983,0
Jamaica,JAM,1984,0
Jamaica,JAM,1985,0
Jamaica,JAM,1986,0
Jamaica,JAM,1987,0
Jamaica,JAM,1988,0
Jamaica,JAM,1989,0
Jamaica,JAM,1990,0
Jamaica,JAM,1991,0
Jamaica,JAM,1992,0
Jamaica,JAM,1993,0
Jamaica,JAM,1994,0
Jamaica,JAM,1995,0
Jamaica,JAM,1996,0
Jamaica,JAM,1997,0
Jamaica,JAM,1998,0
Jamaica,JAM,1999,0
Jamaica,JAM,2000,0
Jamaica,JAM,2001,0
Jamaica,JAM,2002,0
Jamaica,JAM,2003,0
Jamaica,JAM,2004,0
Jamaica,JAM,2005,0
Jamaica,JAM,2006,0
Jamaica,JAM,2007,0
Jamaica,JAM,2008,0
Jamaica,JAM,2009,0
Jamaica,JAM,2010,0
Jamaica,JAM,2011,0
Jamaica,JAM,2012,0
Jamaica,JAM,2013,0
Jamaica,JAM,2014,0
Jamaica,JAM,2015,0
Jamaica,JAM,2016,0
Jamaica,JAM,2017,0
Jamaica,JAM,2018,0
Jamaica,JAM,2019,0
Jamaica,JAM,2020,0
Jamaica,JAM,2021,0
Jamaica,JAM,2022,0
Jamaica,JAM,2023,0
Jamaica,JAM,2024,0
Japan,JPN,1900,0
Japan,JPN,1901,0
Japan,JPN,1902,0
Japan,JPN,1903,0
Japan,JPN,1904,0
Japan,JPN,1905,0
Japan,JPN,1906,0
Japan,JPN,1907,0
Japan,JPN,1908,0
Japan,JPN,1909,0
Japan,JPN,1910,0
Japan,JPN,1911,0
Japan,JPN,1912,0
Japan,JPN,1913,0
Japan,JPN,1914,0
Japan,JPN,1915,0
Japan,JPN,1916,0
Japan,JPN,1917,0
Japan,JPN,1918,0
Japan,JPN,1919,0
Japan,JPN,1920,0
Japan,JPN,1921,0
Japan,JPN,1922,0.3386656
Japan,JPN,1923,0.33490264
Japan,JPN,1924,0.3311397
Japan,JPN,1925,0.32737675
Japan,JPN,1926,0.3236138
Japan,JPN,1927,0.31985083
Japan,JPN,1928,0.3160879
Japan,JPN,1929,0.34117424
Japan,JPN,1930,0.36626056
Japan,JPN,1931,0.3913469
Japan,JPN,1932,0.41643327
Japan,JPN,1933,0.4415196
Japan,JPN,1934,0.46660593
Japan,JPN,1935,0.49169227
Japan,JPN,1936,0.51677865
Japan,JPN,1937,0.541865
Japan,JPN,1938,0.52681315
Japan,JPN,1939,0.51176137
Japan,JPN,1940,0.49670953
Japan,JPN,1941,0.48165774
Japan,JPN,1942,0.46660593
Japan,JPN,1943,0.45155415
Japan,JPN,1944,0.43650234
Japan,JPN,1945,0.42145053
Japan,JPN,1946,0.40639874
Japan,JPN,1947,0.4402653
Japan,JPN,1948,0.5757315
Japan,JPN,1949,0.6547535
Japan,JPN,1950,0.7789309
Japan,JPN,1951,0.9369748
Japan,JPN,1952,1.0272856
Japan,JPN,1953,1.2417738
Japan,JPN,1954,1.5917284
Japan,JPN,1955,1.7610612
Japan,JPN,1956,1.9981271
Japan,JPN,1957,2.7544801
Japan,JPN,1958,4.154298
Japan,JPN,1959,5.7234488
Japan,JPN,1960,8.252152
Japan,JPN,1961,12.643516
Japan,JPN,1962,16.131771
Japan,JPN,1963,21.832644
Japan,JPN,1964,23.740458
Japan,JPN,1965,23.02926
Japan,JPN,1966,24.079124
Japan,JPN,1967,25.433786
Japan,JPN,1968,27.26258
Japan,JPN,1969,29.554218
Japan,JPN,1970,26.630404
Japan,JPN,1971,27.465782
Japan,JPN,1972,27.939913
Japan,JPN,1973,29.294573
Japan,JPN,1974,29.03493
Japan,JPN,1975,27.499645
Japan,JPN,1976,28.143112
Japan,JPN,1977,31.653944
Japan,JPN,1978,29.813862
Japan,JPN,1979,27.251291
Japan,JPN,1980,25.168358
Japan,JPN,1981,23.877672
Japan,JPN,1982,23.23233
Japan,JPN,1983,23.877672
Japan,JPN,1984,24.200344
Japan,JPN,1985,25.49103
Japan,JPN,1986,23.877672
Japan,JPN,1987,24.845686
Japan,JPN,1988,23.877672
Japan,JPN,1989,22.909658
Japan,JPN,1990,26.255903
Japan,JPN,1991,27.5686
Japan,JPN,1992,27.31125
Japan,JPN,1993,28.194193
Japan,JPN,1994,27.94261
Japan,JPN,1995,28.385166
Japan,JPN,1996,27.728493
Japan,JPN,1997,29.014809
Japan,JPN,1998,28.789059
Japan,JPN,1999,28.890032
Japan,JPN,2000,31.156141
Japan,JPN,2001,31.008564
Japan,JPN,2002,34.32376
Japan,JPN,2003,35.399315
Japan,JPN,2004,36.747604
Japan,JPN,2005,39.454617
Japan,JPN,2006,43.495625
Japan,JPN,2007,46.21281
Japan,JPN,2008,46.00005
Japan,JPN,2009,44.29604
Japan,JPN,2010,40.80097
Japan,JPN,2011,40.756416
Japan,JPN,2012,38.86067
Japan,JPN,2013,35.493362
Japan,JPN,2014,33.1262
Japan,JPN,2015,32.755707
Japan,JPN,2016,33.74057
Japan,JPN,2017,35.29318
Japan,JPN,2018,32.19942
Japan,JPN,2019,29.243181
Japan,JPN,2020,26.595518
Japan,JPN,2021,26.701527
Japan,JPN,2022,24.885946
Japan,JPN,2023,23.397573
Japan,JPN,2024,22.044764
Jordan,JOR,1980,0
Jordan,JOR,1981,0
Jordan,JOR,1982,0
Jordan,JOR,1983,0
Jordan,JOR,1984,0
Jordan,JOR,1985,0
Jordan,JOR,1986,0
Jordan,JOR,1987,0
Jordan,JOR,1988,0
Jordan,JOR,1989,0.85916716
Jordan,JOR,1990,1.4084204
Jordan,JOR,1991,1.4084204
Jordan,JOR,1992,1.6262808
Jordan,JOR,1993,2.1672492
Jordan,JOR,1994,3.034701
Jordan,JOR,1995,3.142097
Jordan,JOR,1996,2.9257865
Jordan,JOR,1997,3.1425111
Jordan,JOR,1998,3.0341487
Jordan,JOR,1999,3.0341487
Jordan,JOR,2000,3.1425111
Jordan,JOR,2001,3.1425111
Jordan,JOR,2002,3.359236
Jordan,JOR,2003,3.359236
Jordan,JOR,2004,3.359236
Jordan,JOR,2005,3.0341487
Jordan,JOR,2006,3.4675984
Jordan,JOR,2007,2.1682842
Jordan,JOR,2008,1.8213587
Jordan,JOR,2009,1.9080901
Jordan,JOR,2010,1.9080901
Jordan,JOR,2011,1.7259542
Jordan,JOR,2012,1.5611646
Jordan,JOR,2013,1.4397407
Jordan,JOR,2014,1.2576047
Jordan,JOR,2015,1.3096436
Jordan,JOR,2016,1.1101632
Jordan,JOR,2017,1.0667979
Jordan,JOR,2018,1.0053561
Jordan,JOR,2019,1.0660728
Jordan,JOR,2020,1.6201732
Jordan,JOR,2021,2.11119
Jordan,JOR,2022,1.7429057
Jordan,JOR,2023,1.9845546
Jordan,JOR,2024,1.9845546
Kazakhstan,KAZ,1985,38.678776
Kazakhstan,KAZ,1986,41.28761
Kazakhstan,KAZ,1987,44.74006
Kazakhstan,KAZ,1988,50.574482
Kazakhstan,KAZ,1989,47.568653
Kazakhstan,KAZ,1990,50.429157
Kazakhstan,KAZ,1991,55.899197
Kazakhstan,KAZ,1992,57.511993
Kazakhstan,KAZ,1993,47.39426
Kazakhstan,KAZ,1994,31.815702
Kazakhstan,KAZ,1995,41.9384
Kazakhstan,KAZ,1996,46.25006
Kazakhstan,KAZ,1997,57.522625
Kazakhstan,KAZ,1998,56.343693
Kazakhstan,KAZ,1999,70.50866
Kazakhstan,KAZ,2000,81.82305
Kazakhstan,KAZ,2001,82.30441
Kazakhstan,KAZ,2002,100.02249
Kazakhstan,KAZ,2003,117.65905
Kazakhstan,KAZ,2004,164.0192
Kazakhstan,KAZ,2005,189.83255
Kazakhstan,KAZ,2006,198.51454
Kazakhstan,KAZ,2007,225.09683
Kazakhstan,KAZ,2008,251.19086
Kazakhstan,KAZ,2009,260.1371
Kazakhstan,KAZ,2010,272.46854
Kazakhstan,KAZ,2011,286.73767
Kazakhstan,KAZ,2012,290.19424
Kazakhstan,KAZ,2013,304.45566
Kazakhstan,KAZ,2014,327.73605
Kazakhstan,KAZ,2015,271.43234
Kazakhstan,KAZ,2016,309.2923
Kazakhstan,KAZ,2017,363.78152
Kazakhstan,KAZ,2018,391.78378
Kazakhstan,KAZ,2019,334.95978
Kazakhstan,KAZ,2020,306.1421
Kazakhstan,KAZ,2021,266.95502
Kazakhstan,KAZ,2022,276.00665
Kazakhstan,KAZ,2023,295.3611
Kazakhstan,KAZ,2024,333.82675
Kazakhstan,KAZ,2025,383.91223
Kenya,KEN,1980,0
Kenya,KEN,1981,0
Kenya,KEN,1982,0
Kenya,KEN,1983,0
Kenya,KEN,1984,0
Kenya,KEN,1985,0
Kenya,KEN,1986,0
Kenya,KEN,1987,0
Kenya,KEN,1988,0
Kenya,KEN,1989,0
Kenya,KEN,1990,0
Kenya,KEN,1991,0
Kenya,KEN,1992,0
Kenya,KEN,1993,0
Kenya,KEN,1994,0
Kenya,KEN,1995,0
Kenya,KEN,1996,0
Kenya,KEN,1997,0
Kenya,KEN,1998,0
Kenya,KEN,1999,0
Kenya,KEN,2000,0
Kenya,KEN,2001,0
Kenya,KEN,2002,0
Kenya,KEN,2003,0
Kenya,KEN,2004,0
Kenya,KEN,2005,0
Kenya,KEN,2006,0
Kenya,KEN,2007,0
Kenya,KEN,2008,0
Kenya,KEN,2009,0
Kenya,KEN,2010,0
Kenya,KEN,2011,0
Kenya,KEN,2012,0
Kenya,KEN,2013,0
Kenya,KEN,2014,0
Kenya,KEN,2015,0
Kenya,KEN,2016,0
Kenya,KEN,2017,0
Kenya,KEN,2018,0
Kenya,KEN,2019,0
Kenya,KEN,2020,0
Kenya,KEN,2021,0
Kenya,KEN,2022,0
Kenya,KEN,2023,0
Kenya,KEN,2024,0
Kiribati,KIR,1980,0
Kiribati,KIR,1981,0
Kiribati,KIR,1982,0
Kiribati,KIR,1983,0
Kiribati,KIR,1984,0
Kiribati,KIR,1985,0
Kiribati,KIR,1986,0
Kiribati,KIR,1987,0
Kiribati,KIR,1988,0
Kiribati,KIR,1989,0
Kiribati,KIR,1990,0
Kiribati,KIR,1991,0
Kiribati,KIR,1992,0
Kiribati,KIR,1993,0
Kiribati,KIR,1994,0
Kiribati,KIR,1995,0
Kiribati,KIR,1996,0
Kiribati,KIR,1997,0
Kiribati,KIR,1998,0
Kiribati,KIR,1999,0
Kiribati,KIR,2000,0
Kiribati,KIR,2001,0
Kiribati,KIR,2002,0
Kiribati,KIR,2003,0
Kiribati,KIR,2004,0
Kiribati,KIR,2005,0
Kiribati,KIR,2006,0
Kiribati,KIR,2007,0
Kiribati,KIR,2008,0
Kiribati,KIR,2009,0
Kiribati,KIR,2010,0
Kiribati,KIR,2011,0
Kiribati,KIR,2012,0
Kiribati,KIR,2013,0
Kiribati,KIR,2014,0
Kiribati,KIR,2015,0
Kiribati,KIR,2016,0
Kiribati,KIR,2017,0
Kiribati,KIR,2018,0
Kiribati,KIR,2019,0
Kiribati,KIR,2020,0
Kiribati,KIR,2021,0
Kiribati,KIR,2022,0
Kiribati,KIR,2023,0
Kiribati,KIR,2024,0
Kosovo,OWID_KOS,2008,0
Kosovo,OWID_KOS,2009,0
Kosovo,OWID_KOS,2010,0
Kosovo,OWID_KOS,2011,0
Kosovo,OWID_KOS,2012,0
Kosovo,OWID_KOS,2013,0
Kosovo,OWID_KOS,2014,0
Kosovo,OWID_KOS,2015,0
Kosovo,OWID_KOS,2016,0
Kosovo,OWID_KOS,2017,0
Kosovo,OWID_KOS,2018,0
Kosovo,OWID_KOS,2019,0
Kosovo,OWID_KOS,2020,0
Kosovo,OWID_KOS,2021,0
Kosovo,OWID_KOS,2022,0
Kosovo,OWID_KOS,2023,0
Kosovo,OWID_KOS,2024,0
Kuwait,KWT,1900,0
Kuwait,KWT,1901,0
Kuwait,KWT,1902,0
Kuwait,KWT,1903,0
Kuwait,KWT,1904,0
Kuwait,KWT,1905,0
Kuwait,KWT,1906,0
Kuwait,KWT,1907,0
Kuwait,KWT,1908,0
Kuwait,KWT,1909,0
Kuwait,KWT,1910,0
Kuwait,KWT,1911,0
Kuwait,KWT,1912,0
Kuwait,KWT,1913,0
Kuwait,KWT,1914,0
Kuwait,KWT,1915,0
Kuwait,KWT,1916,0
Kuwait,KWT,1917,0
Kuwait,KWT,1918,0
Kuwait,KWT,1919,0
Kuwait,KWT,1920,0
Kuwait,KWT,1921,0
Kuwait,KWT,1922,0
Kuwait,KWT,1923,0
Kuwait,KWT,1924,0
Kuwait,KWT,1925,0
Kuwait,KWT,1926,0
Kuwait,KWT,1927,0
Kuwait,KWT,1928,0
Kuwait,KWT,1929,0
Kuwait,KWT,1930,0
Kuwait,KWT,1931,0
Kuwait,KWT,1932,0
Kuwait,KWT,1933,0
Kuwait,KWT,1934,0
Kuwait,KWT,1935,0
Kuwait,KWT,1936,0
Kuwait,KWT,1937,0
Kuwait,KWT,1938,0
Kuwait,KWT,1939,0
Kuwait,KWT,1940,0
Kuwait,KWT,1941,0
Kuwait,KWT,1942,0
Kuwait,KWT,1943,0
Kuwait,KWT,1944,0
Kuwait,KWT,1945,0
Kuwait,KWT,1946,0
Kuwait,KWT,1947,0
Kuwait,KWT,1948,0
Kuwait,KWT,1949,0
Kuwait,KWT,1950,0
Kuwait,KWT,1951,0
Kuwait,KWT,1952,0
Kuwait,KWT,1953,0
Kuwait,KWT,1954,0
Kuwait,KWT,1955,0
Kuwait,KWT,1956,0
Kuwait,KWT,1957,0
Kuwait,KWT,1958,0
Kuwait,KWT,1959,0
Kuwait,KWT,1960,11.332701
Kuwait,KWT,1961,11.81443
Kuwait,KWT,1962,15.95731
Kuwait,KWT,1963,18.293701
Kuwait,KWT,1964,20.184492
Kuwait,KWT,1965,21.605597
Kuwait,KWT,1966,20.666222
Kuwait,KWT,1967,32.61313
Kuwait,KWT,1968,40.21242
Kuwait,KWT,1969,44.8852
Kuwait,KWT,1970,19.351501
Kuwait,KWT,1971,19.987999
Kuwait,KWT,1972,23.626501
Kuwait,KWT,1973,26.467
Kuwait,KWT,1974,27.8445
Kuwait,KWT,1975,30.514
Kuwait,KWT,1976,36.708
Kuwait,KWT,1977,40.023502
Kuwait,KWT,1978,44.8495
Kuwait,KWT,1979,59.384502
Kuwait,KWT,1980,38.6745
Kuwait,KWT,1981,44.498
Kuwait,KWT,1982,34.912502
Kuwait,KWT,1983,38.3325
Kuwait,KWT,1984,41.572
Kuwait,KWT,1985,39.899998
Kuwait,KWT,1986,54.435
Kuwait,KWT,1987,45.41
Kuwait,KWT,1988,64.979996
Kuwait,KWT,1989,77.52
Kuwait,KWT,1990,39.805
Kuwait,KWT,1991,4.75
Kuwait,KWT,1992,24.89
Kuwait,KWT,1993,51.489998
Kuwait,KWT,1994,56.715
Kuwait,KWT,1995,88.141
Kuwait,KWT,1996,88.369
Kuwait,KWT,1997,88.065
Kuwait,KWT,1998,90.1645
Kuwait,KWT,1999,82.536
Kuwait,KWT,2000,91.2
Kuwait,KWT,2001,90.25
Kuwait,KWT,2002,82.744995
Kuwait,KWT,2003,95
Kuwait,KWT,2004,103.549995
Kuwait,KWT,2005,116.85
Kuwait,KWT,2006,117.895
Kuwait,KWT,2007,106.96999
Kuwait,KWT,2008,120.65
Kuwait,KWT,2009,109.1455
Kuwait,KWT,2010,111.4635
Kuwait,KWT,2011,128.5635
Kuwait,KWT,2012,147.3925
Kuwait,KWT,2013,154.95638
Kuwait,KWT,2014,142.77338
Kuwait,KWT,2015,160.6355
Kuwait,KWT,2016,164.26451
Kuwait,KWT,2017,162.4664
Kuwait,KWT,2018,168.50893
Kuwait,KWT,2019,132.544
Kuwait,KWT,2020,122.388504
Kuwait,KWT,2021,120.916084
Kuwait,KWT,2022,131.8885
Kuwait,KWT,2023,147.6948
Kuwait,KWT,2024,155.0875
Kuwait,KWT,2025,155.29651
Kyrgyzstan,KGZ,1992,1.0686808
Kyrgyzstan,KGZ,1993,0.42769328
Kyrgyzstan,KGZ,1994,0.37612742
Kyrgyzstan,KGZ,1995,0.37741986
Kyrgyzstan,KGZ,1996,0.2608186
Kyrgyzstan,KGZ,1997,0.19505243
Kyrgyzstan,KGZ,1998,0.15170743
Kyrgyzstan,KGZ,1999,0.10836245
Kyrgyzstan,KGZ,2000,0.1408712
Kyrgyzstan,KGZ,2001,0.17337993
Kyrgyzstan,KGZ,2002,0.10836245
Kyrgyzstan,KGZ,2003,0.29257864
Kyrgyzstan,KGZ,2004,0.31425115
Kyrgyzstan,KGZ,2005,0.32508737
Kyrgyzstan,KGZ,2006,0.2817424
Kyrgyzstan,KGZ,2007,0.19938692
Kyrgyzstan,KGZ,2008,0.32508737
Kyrgyzstan,KGZ,2009,0.1668782
Kyrgyzstan,KGZ,2010,0.13003495
Kyrgyzstan,KGZ,2011,0.10836245
Kyrgyzstan,KGZ,2012,0.06501748
Kyrgyzstan,KGZ,2013,0.34675986
Kyrgyzstan,KGZ,2014,0.36843234
Kyrgyzstan,KGZ,2015,0.32508737
Kyrgyzstan,KGZ,2016,0.2946104
Kyrgyzstan,KGZ,2017,0.2946104
Kyrgyzstan,KGZ,2018,0.3085119
Kyrgyzstan,KGZ,2019,0.27689117
Kyrgyzstan,KGZ,2020,0.25647444
Kyrgyzstan,KGZ,2021,0.2543939
Kyrgyzstan,KGZ,2022,0.33774558
Kyrgyzstan,KGZ,2023,0.3106552
Kyrgyzstan,KGZ,2024,0.33774558
Laos,LAO,1980,0
Laos,LAO,1981,0
Laos,LAO,1982,0
Laos,LAO,1983,0
Laos,LAO,1984,0
Laos,LAO,1985,0
Laos,LAO,1986,0
Laos,LAO,1987,0
Laos,LAO,1988,0
Laos,LAO,1989,0
Laos,LAO,1990,0
Laos,LAO,1991,0
Laos,LAO,1992,0
Laos,LAO,1993,0
Laos,LAO,1994,0
Laos,LAO,1995,0
Laos,LAO,1996,0
Laos,LAO,1997,0
Laos,LAO,1998,0
Laos,LAO,1999,0
Laos,LAO,2000,0
Laos,LAO,2001,0
Laos,LAO,2002,0
Laos,LAO,2003,0
Laos,LAO,2004,0
Laos,LAO,2005,0
Laos,LAO,2006,0
Laos,LAO,2007,0
Laos,LAO,2008,0
Laos,LAO,2009,0
Laos,LAO,2010,0
Laos,LAO,2011,0
Laos,LAO,2012,0
Laos,LAO,2013,0
Laos,LAO,2014,0
Laos,LAO,2015,0
Laos,LAO,2016,0
Laos,LAO,2017,0
Laos,LAO,2018,0
Laos,LAO,2019,0
Laos,LAO,2020,0
Laos,LAO,2021,0
Laos,LAO,2022,0
Laos,LAO,2023,0
Laos,LAO,2024,0
Latvia,LVA,1992,0
Latvia,LVA,1993,0
Latvia,LVA,1994,0
Latvia,LVA,1995,0
Latvia,LVA,1996,0
Latvia,LVA,1997,0
Latvia,LVA,1998,0
Latvia,LVA,1999,0
Latvia,LVA,2000,0
Latvia,LVA,2001,0
Latvia,LVA,2002,0
Latvia,LVA,2003,0
Latvia,LVA,2004,0
Latvia,LVA,2005,0
Latvia,LVA,2006,0
Latvia,LVA,2007,0
Latvia,LVA,2008,0
Latvia,LVA,2009,0
Latvia,LVA,2010,0
Latvia,LVA,2011,0
Latvia,LVA,2012,0
Latvia,LVA,2013,0
Latvia,LVA,2014,0
Latvia,LVA,2015,0
Latvia,LVA,2016,0
Latvia,LVA,2017,0
Latvia,LVA,2018,0
Latvia,LVA,2019,0
Latvia,LVA,2020,0
Latvia,LVA,2021,0
Latvia,LVA,2022,0
Latvia,LVA,2023,0
Latvia,LVA,2024,0
Lebanon,LBN,1980,0
Lebanon,LBN,1981,0
Lebanon,LBN,1982,0
Lebanon,LBN,1983,0
Lebanon,LBN,1984,0
Lebanon,LBN,1985,0
Lebanon,LBN,1986,0
Lebanon,LBN,1987,0
Lebanon,LBN,1988,0
Lebanon,LBN,1989,0
Lebanon,LBN,1990,0
Lebanon,LBN,1991,0
Lebanon,LBN,1992,0
Lebanon,LBN,1993,0
Lebanon,LBN,1994,0
Lebanon,LBN,1995,0
Lebanon,LBN,1996,0
Lebanon,LBN,1997,0
Lebanon,LBN,1998,0
Lebanon,LBN,1999,0
Lebanon,LBN,2000,0
Lebanon,LBN,2001,0
Lebanon,LBN,2002,0
Lebanon,LBN,2003,0
Lebanon,LBN,2004,0
Lebanon,LBN,2005,0
Lebanon,LBN,2006,0
Lebanon,LBN,2007,0
Lebanon,LBN,2008,0
Lebanon,LBN,2009,0
Lebanon,LBN,2010,0
Lebanon,LBN,2011,0
Lebanon,LBN,2012,0
Lebanon,LBN,2013,0
Lebanon,LBN,2014,0
Lebanon,LBN,2015,0
Lebanon,LBN,2016,0
Lebanon,LBN,2017,0
Lebanon,LBN,2018,0
Lebanon,LBN,2019,0
Lebanon,LBN,2020,0
Lebanon,LBN,2021,0
Lebanon,LBN,2022,0
Lebanon,LBN,2023,0
Lebanon,LBN,2024,0
Lesotho,LSO,1980,0
Lesotho,LSO,1981,0
Lesotho,LSO,1982,0
Lesotho,LSO,1983,0
Lesotho,LSO,1984,0
Lesotho,LSO,1985,0
Lesotho,LSO,1986,0
Lesotho,LSO,1987,0
Lesotho,LSO,1988,0
Lesotho,LSO,1989,0
Lesotho,LSO,1990,0
Lesotho,LSO,1991,0
Lesotho,LSO,1992,0
Lesotho,LSO,1993,0
Lesotho,LSO,1994,0
Lesotho,LSO,1995,0
Lesotho,LSO,1996,0
Lesotho,LSO,1997,0
Lesotho,LSO,1998,0
Lesotho,LSO,1999,0
Lesotho,LSO,2000,0
Lesotho,LSO,2001,0
Lesotho,LSO,2002,0
Lesotho,LSO,2003,0
Lesotho,LSO,2004,0
Lesotho,LSO,2005,0
Lesotho,LSO,2006,0
Lesotho,LSO,2007,0
Lesotho,LSO,2008,0
Lesotho,LSO,2009,0
Lesotho,LSO,2010,0
Lesotho,LSO,2011,0
Lesotho,LSO,2012,0
Lesotho,LSO,2013,0
Lesotho,LSO,2014,0
Lesotho,LSO,2015,0
Lesotho,LSO,2016,0
Lesotho,LSO,2017,0
Lesotho,LSO,2018,0
Lesotho,LSO,2019,0
Lesotho,LSO,2020,0
Lesotho,LSO,2021,0
Lesotho,LSO,2022,0
Lesotho,LSO,2023,0
Lesotho,LSO,2024,0
Liberia,LBR,1980,0
Liberia,LBR,1981,0
Liberia,LBR,1982,0
Liberia,LBR,1983,0
Liberia,LBR,1984,0
Liberia,LBR,1985,0
Liberia,LBR,1986,0
Liberia,LBR,1987,0
Liberia,LBR,1988,0
Liberia,LBR,1989,0
Liberia,LBR,1990,0
Liberia,LBR,1991,0
Liberia,LBR,1992,0
Liberia,LBR,1993,0
Liberia,LBR,1994,0
Liberia,LBR,1995,0
Liberia,LBR,1996,0
Liberia,LBR,1997,0
Liberia,LBR,1998,0
Liberia,LBR,1999,0
Liberia,LBR,2000,0
Liberia,LBR,2001,0
Liberia,LBR,2002,0
Liberia,LBR,2003,0
Liberia,LBR,2004,0
Liberia,LBR,2005,0
Liberia,LBR,2006,0
Liberia,LBR,2007,0
Liberia,LBR,2008,0
Liberia,LBR,2009,0
Liberia,LBR,2010,0
Liberia,LBR,2011,0
Liberia,LBR,2012,0
Liberia,LBR,2013,0
Liberia,LBR,2014,0
Liberia,LBR,2015,0
Liberia,LBR,2016,0
Liberia,LBR,2017,0
Liberia,LBR,2018,0
Liberia,LBR,2019,0
Liberia,LBR,2020,0
Liberia,LBR,2021,0
Liberia,LBR,2022,0
Liberia,LBR,2023,0
Liberia,LBR,2024,0
Libya,LBY,1900,0
Libya,LBY,1901,0
Libya,LBY,1902,0
Libya,LBY,1903,0
Libya,LBY,1904,0
Libya,LBY,1905,0
Libya,LBY,1906,0
Libya,LBY,1907,0
Libya,LBY,1908,0
Libya,LBY,1909,0
Libya,LBY,1910,0
Libya,LBY,1911,0
Libya,LBY,1912,0
Libya,LBY,1913,0
Libya,LBY,1914,0
Libya,LBY,1915,0
Libya,LBY,1916,0
Libya,LBY,1917,0
Libya,LBY,1918,0
Libya,LBY,1919,0
Libya,LBY,1920,0
Libya,LBY,1921,0
Libya,LBY,1922,0
Libya,LBY,1923,0
Libya,LBY,1924,0
Libya,LBY,1925,0
Libya,LBY,1926,0
Libya,LBY,1927,0
Libya,LBY,1928,0
Libya,LBY,1929,0
Libya,LBY,1930,0
Libya,LBY,1931,0
Libya,LBY,1932,0
Libya,LBY,1933,0
Libya,LBY,1934,0
Libya,LBY,1935,0
Libya,LBY,1936,0
Libya,LBY,1937,0
Libya,LBY,1938,0
Libya,LBY,1939,0
Libya,LBY,1940,0
Libya,LBY,1941,0
Libya,LBY,1942,0
Libya,LBY,1943,0
Libya,LBY,1944,0
Libya,LBY,1945,0
Libya,LBY,1946,0
Libya,LBY,1947,0
Libya,LBY,1948,0
Libya,LBY,1949,0
Libya,LBY,1950,0
Libya,LBY,1951,0
Libya,LBY,1952,0
Libya,LBY,1953,0
Libya,LBY,1954,0
Libya,LBY,1955,0
Libya,LBY,1956,0
Libya,LBY,1957,0
Libya,LBY,1958,0
Libya,LBY,1959,0
Libya,LBY,1960,0
Libya,LBY,1961,0
Libya,LBY,1962,0
Libya,LBY,1963,0
Libya,LBY,1964,0
Libya,LBY,1965,0
Libya,LBY,1966,0
Libya,LBY,1967,0
Libya,LBY,1968,0
Libya,LBY,1969,0
Libya,LBY,1970,2.793
Libya,LBY,1971,6.7260003
Libya,LBY,1972,26.904001
Libya,LBY,1973,43.0445
Libya,LBY,1974,38.7125
Libya,LBY,1975,44.0325
Libya,LBY,1976,45.4005
Libya,LBY,1977,47.9845
Libya,LBY,1978,48.6495
Libya,LBY,1979,64.457504
Libya,LBY,1980,49.115
Libya,LBY,1981,29.925001
Libya,LBY,1982,31.824999
Libya,LBY,1983,35.245
Libya,LBY,1984,43.699997
Libya,LBY,1985,49.399998
Libya,LBY,1986,53.2
Libya,LBY,1987,47.5
Libya,LBY,1988,52.25
Libya,LBY,1989,64.6
Libya,LBY,1990,58.9
Libya,LBY,1991,62.129997
Libya,LBY,1992,64.315
Libya,LBY,1993,60.42
Libya,LBY,1994,60.705
Libya,LBY,1995,60.23
Libya,LBY,1996,60.99
Libya,LBY,1997,62.415
Libya,LBY,1998,60.42
Libya,LBY,1999,49.399998
Libya,LBY,2000,55.86
Libya,LBY,2001,58.71
Libya,LBY,2002,56.050003
Libya,LBY,2003,52.25
Libya,LBY,2004,76.57
Libya,LBY,2005,107.35
Libya,LBY,2006,125.3525
Libya,LBY,2007,145.15999
Libya,LBY,2008,151.05
Libya,LBY,2009,151.05
Libya,LBY,2010,182.20064
Libya,LBY,2011,85.11871
Libya,LBY,2012,152.665
Libya,LBY,2013,161.40501
Libya,LBY,2014,157.605
Libya,LBY,2015,143.925
Libya,LBY,2016,177.84
Libya,LBY,2017,196.555
Libya,LBY,2018,220.59
Libya,LBY,2019,254.88501
Libya,LBY,2020,198.835
Libya,LBY,2021,123.595
Libya,LBY,2022,119.415
Libya,LBY,2023,116.565
Libya,LBY,2024,123.595
Libya,LBY,2025,117.257935
Lithuania,LTU,1992,0
Lithuania,LTU,1993,0
Lithuania,LTU,1994,0
Lithuania,LTU,1995,0
Lithuania,LTU,1996,0
Lithuania,LTU,1997,0
Lithuania,LTU,1998,0
Lithuania,LTU,1999,0
Lithuania,LTU,2000,0
Lithuania,LTU,2001,0
Lithuania,LTU,2002,0
Lithuania,LTU,2003,0
Lithuania,LTU,2004,0
Lithuania,LTU,2005,0
Lithuania,LTU,2006,0
Lithuania,LTU,2007,0
Lithuania,LTU,2008,0
Lithuania,LTU,2009,0
Lithuania,LTU,2010,0
Lithuania,LTU,2011,0
Lithuania,LTU,2012,0
Lithuania,LTU,2013,0
Lithuania,LTU,2014,0
Lithuania,LTU,2015,0
Lithuania,LTU,2016,0
Lithuania,LTU,2017,0
Lithuania,LTU,2018,0
Lithuania,LTU,2019,0
Lithuania,LTU,2020,0
Lithuania,LTU,2021,0
Lithuania,LTU,2022,0
Lithuania,LTU,2023,0
Lithuania,LTU,2024,0
Low-income countries,OWID_LIC,1975,0
Low-income countries,OWID_LIC,1976,0.314
Low-income countries,OWID_LIC,1977,0.3495
Low-income countries,OWID_LIC,1978,0.337
Low-income countries,OWID_LIC,1979,0.3475
Low-income countries,OWID_LIC,1980,0.46775
Low-income countries,OWID_LIC,1981,0.472
Low-income countries,OWID_LIC,1982,0.4925
Low-income countries,OWID_LIC,1983,0.7475
Low-income countries,OWID_LIC,1984,1.2624999
Low-income countries,OWID_LIC,1985,1.5
Low-income countries,OWID_LIC,1986,3.79275
Low-income countries,OWID_LIC,1987,3.7342498
Low-income countries,OWID_LIC,1988,8.833501
Low-income countries,OWID_LIC,1989,14.4592495
Low-income countries,OWID_LIC,1990,15.92175
Low-income countries,OWID_LIC,1991,18.583502
Low-income countries,OWID_LIC,1992,19.221998
Low-income countries,OWID_LIC,1993,19.025
Low-income countries,OWID_LIC,1994,20.623
Low-income countries,OWID_LIC,1995,26.0055
Low-income countries,OWID_LIC,1996,27.7095
Low-income countries,OWID_LIC,1997,42.978
Low-income countries,OWID_LIC,1998,54.193752
Low-income countries,OWID_LIC,1999,53.7225
Low-income countries,OWID_LIC,2000,53.7225
Low-income countries,OWID_LIC,2001,55.042
Low-income countries,OWID_LIC,2002,60.885498
Low-income countries,OWID_LIC,2003,64.56125
Low-income countries,OWID_LIC,2004,59.377502
Low-income countries,OWID_LIC,2005,57.4925
Low-income countries,OWID_LIC,2006,58.906246
Low-income countries,OWID_LIC,2007,56.550003
Low-income countries,OWID_LIC,2008,55.6075
Low-income countries,OWID_LIC,2009,61.356747
Low-income countries,OWID_LIC,2010,84.2595
Low-income countries,OWID_LIC,2011,74.17475
Low-income countries,OWID_LIC,2012,60.79125
Low-income countries,OWID_LIC,2013,49.9525
Low-income countries,OWID_LIC,2014,46.1825
Low-income countries,OWID_LIC,2015,40.5275
Low-income countries,OWID_LIC,2016,35.34375
Low-income countries,OWID_LIC,2017,37.5115
Low-income countries,OWID_LIC,2018,32.70475
Low-income countries,OWID_LIC,2019,30.442749
Low-income countries,OWID_LIC,2020,25.824501
Low-income countries,OWID_LIC,2021,39.679253
Low-income countries,OWID_LIC,2022,34.40125
Low-income countries,OWID_LIC,2023,35.15525
Low-income countries,OWID_LIC,2024,35.15525
Low-income countries,OWID_LIC,2025,33.09063
Lower-middle-income countries,OWID_LMC,1970,123.37839
Lower-middle-income countries,OWID_LMC,1971,123.794266
Lower-middle-income countries,OWID_LMC,1972,136.85889
Lower-middle-income countries,OWID_LMC,1973,168.95062
Lower-middle-income countries,OWID_LMC,1974,183.07603
Lower-middle-income countries,OWID_LMC,1975,180.96759
Lower-middle-income countries,OWID_LMC,1976,218.66452
Lower-middle-income countries,OWID_LMC,1977,239.79036
Lower-middle-income countries,OWID_LMC,1978,248.8871
Lower-middle-income countries,OWID_LMC,1979,285.10382
Lower-middle-income countries,OWID_LMC,1980,313.68756
Lower-middle-income countries,OWID_LMC,1981,342.146
Lower-middle-income countries,OWID_LMC,1982,373.8546
Lower-middle-income countries,OWID_LMC,1983,385.08823
Lower-middle-income countries,OWID_LMC,1984,419.74673
Lower-middle-income countries,OWID_LMC,1985,769.7445
Lower-middle-income countries,OWID_LMC,1986,866.2494
Lower-middle-income countries,OWID_LMC,1987,899.93616
Lower-middle-income countries,OWID_LMC,1988,940.9573
Lower-middle-income countries,OWID_LMC,1989,997.0738
Lower-middle-income countries,OWID_LMC,1990,1031.4475
Lower-middle-income countries,OWID_LMC,1991,1072.271
Lower-middle-income countries,OWID_LMC,1992,1100.4209
Lower-middle-income countries,OWID_LMC,1993,1187.9844
Lower-middle-income countries,OWID_LMC,1994,1249.8114
Lower-middle-income countries,OWID_LMC,1995,1329.9092
Lower-middle-income countries,OWID_LMC,1996,1409.7106
Lower-middle-income countries,OWID_LMC,1997,1443.9995
Lower-middle-income countries,OWID_LMC,1998,1553.8462
Lower-middle-income countries,OWID_LMC,1999,1544.401
Lower-middle-income countries,OWID_LMC,2000,1721.7477
Lower-middle-income countries,OWID_LMC,2001,1897.795
Lower-middle-income countries,OWID_LMC,2002,1995.4697
Lower-middle-income countries,OWID_LMC,2003,2130.3838
Lower-middle-income countries,OWID_LMC,2004,2305.8596
Lower-middle-income countries,OWID_LMC,2005,2469.4097
Lower-middle-income countries,OWID_LMC,2006,2717.7473
Lower-middle-income countries,OWID_LMC,2007,2881.0273
Lower-middle-income countries,OWID_LMC,2008,2903.3447
Lower-middle-income countries,OWID_LMC,2009,2865.8306
Lower-middle-income countries,OWID_LMC,2010,3054.7622
Lower-middle-income countries,OWID_LMC,2011,3078.8784
Lower-middle-income countries,OWID_LMC,2012,3107.6274
Lower-middle-income countries,OWID_LMC,2013,2938.7354
Lower-middle-income countries,OWID_LMC,2014,2943.239
Lower-middle-income countries,OWID_LMC,2015,3062.5017
Lower-middle-income countries,OWID_LMC,2016,2981.4304
Lower-middle-income countries,OWID_LMC,2017,3135.5896
Lower-middle-income countries,OWID_LMC,2018,3193.0933
Lower-middle-income countries,OWID_LMC,2019,3157.1282
Lower-middle-income countries,OWID_LMC,2020,2868.3777
Lower-middle-income countries,OWID_LMC,2021,3163.5278
Lower-middle-income countries,OWID_LMC,2022,3009.5906
Lower-middle-income countries,OWID_LMC,2023,2826.9126
Lower-middle-income countries,OWID_LMC,2024,2677.4187
Lower-middle-income countries,OWID_LMC,2025,2592.4314
Luxembourg,LUX,1980,0
Luxembourg,LUX,1981,0
Luxembourg,LUX,1982,0
Luxembourg,LUX,1983,0
Luxembourg,LUX,1984,0
Luxembourg,LUX,1985,0
Luxembourg,LUX,1986,0
Luxembourg,LUX,1987,0
Luxembourg,LUX,1988,0
Luxembourg,LUX,1989,0
Luxembourg,LUX,1990,0
Luxembourg,LUX,1991,0
Luxembourg,LUX,1992,0
Luxembourg,LUX,1993,0
Luxembourg,LUX,1994,0
Luxembourg,LUX,1995,0
Luxembourg,LUX,1996,0
Luxembourg,LUX,1997,0
Luxembourg,LUX,1998,0
Luxembourg,LUX,1999,0
Luxembourg,LUX,2000,0
Luxembourg,LUX,2001,0
Luxembourg,LUX,2002,0
Luxembourg,LUX,2003,0
Luxembourg,LUX,2004,0
Luxembourg,LUX,2005,0
Luxembourg,LUX,2006,0
Luxembourg,LUX,2007,0
Luxembourg,LUX,2008,0
Luxembourg,LUX,2009,0
Luxembourg,LUX,2010,0
Luxembourg,LUX,2011,0
Luxembourg,LUX,2012,0
Luxembourg,LUX,2013,0
Luxembourg,LUX,2014,0
Luxembourg,LUX,2015,0
Luxembourg,LUX,2016,0
Luxembourg,LUX,2017,0
Luxembourg,LUX,2018,0
Luxembourg,LUX,2019,0
Luxembourg,LUX,2020,0
Luxembourg,LUX,2021,0
Luxembourg,LUX,2022,0
Luxembourg,LUX,2023,0
Luxembourg,LUX,2024,0
Macao,MAC,1980,0
Macao,MAC,1981,0
Macao,MAC,1982,0
Macao,MAC,1983,0
Macao,MAC,1984,0
Macao,MAC,1985,0
Macao,MAC,1986,0
Macao,MAC,1987,0
Macao,MAC,1988,0
Macao,MAC,1989,0
Macao,MAC,1990,0
Macao,MAC,1991,0
Macao,MAC,1992,0
Macao,MAC,1993,0
Macao,MAC,1994,0
Macao,MAC,1995,0
Macao,MAC,1996,0
Macao,MAC,1997,0
Macao,MAC,1998,0
Macao,MAC,1999,0
Macao,MAC,2000,0
Macao,MAC,2001,0
Macao,MAC,2002,0
Macao,MAC,2003,0
Macao,MAC,2004,0
Macao,MAC,2005,0
Macao,MAC,2006,0
Macao,MAC,2007,0
Macao,MAC,2008,0
Macao,MAC,2009,0
Macao,MAC,2010,0
Macao,MAC,2011,0
Macao,MAC,2012,0
Macao,MAC,2013,0
Macao,MAC,2014,0
Macao,MAC,2015,0
Macao,MAC,2016,0
Macao,MAC,2017,0
Macao,MAC,2018,0
Macao,MAC,2019,0
Macao,MAC,2020,0
Macao,MAC,2021,0
Macao,MAC,2022,0
Macao,MAC,2023,0
Macao,MAC,2024,0
Madagascar,MDG,1980,0
Madagascar,MDG,1981,0
Madagascar,MDG,1982,0
Madagascar,MDG,1983,0
Madagascar,MDG,1984,0
Madagascar,MDG,1985,0
Madagascar,MDG,1986,0
Madagascar,MDG,1987,0
Madagascar,MDG,1988,0
Madagascar,MDG,1989,0
Madagascar,MDG,1990,0
Madagascar,MDG,1991,0
Madagascar,MDG,1992,0
Madagascar,MDG,1993,0
Madagascar,MDG,1994,0
Madagascar,MDG,1995,0
Madagascar,MDG,1996,0
Madagascar,MDG,1997,0
Madagascar,MDG,1998,0
Madagascar,MDG,1999,0
Madagascar,MDG,2000,0
Madagascar,MDG,2001,0
Madagascar,MDG,2002,0
Madagascar,MDG,2003,0
Madagascar,MDG,2004,0
Madagascar,MDG,2005,0
Madagascar,MDG,2006,0
Madagascar,MDG,2007,0
Madagascar,MDG,2008,0
Madagascar,MDG,2009,0
Madagascar,MDG,2010,0
Madagascar,MDG,2011,0
Madagascar,MDG,2012,0
Madagascar,MDG,2013,0
Madagascar,MDG,2014,0
Madagascar,MDG,2015,0
Madagascar,MDG,2016,0
Madagascar,MDG,2017,0
Madagascar,MDG,2018,0
Madagascar,MDG,2019,0
Madagascar,MDG,2020,0
Madagascar,MDG,2021,0
Madagascar,MDG,2022,0
Madagascar,MDG,2023,0
Madagascar,MDG,2024,0
Malawi,MWI,1980,0
Malawi,MWI,1981,0
Malawi,MWI,1982,0
Malawi,MWI,1983,0
Malawi,MWI,1984,0
Malawi,MWI,1985,0
Malawi,MWI,1986,0
Malawi,MWI,1987,0
Malawi,MWI,1988,0
Malawi,MWI,1989,0
Malawi,MWI,1990,0
Malawi,MWI,1991,0
Malawi,MWI,1992,0
Malawi,MWI,1993,0
Malawi,MWI,1994,0
Malawi,MWI,1995,0
Malawi,MWI,1996,0
Malawi,MWI,1997,0
Malawi,MWI,1998,0
Malawi,MWI,1999,0
Malawi,MWI,2000,0
Malawi,MWI,2001,0
Malawi,MWI,2002,0
Malawi,MWI,2003,0
Malawi,MWI,2004,0
Malawi,MWI,2005,0
Malawi,MWI,2006,0
Malawi,MWI,2007,0
Malawi,MWI,2008,0
Malawi,MWI,2009,0
Malawi,MWI,2010,0
Malawi,MWI,2011,0
Malawi,MWI,2012,0
Malawi,MWI,2013,0
Malawi,MWI,2014,0
Malawi,MWI,2015,0
Malawi,MWI,2016,0
Malawi,MWI,2017,0
Malawi,MWI,2018,0
Malawi,MWI,2019,0
Malawi,MWI,2020,0
Malawi,MWI,2021,0
Malawi,MWI,2022,0
Malawi,MWI,2023,0
Malawi,MWI,2024,0
Malaysia,MYS,1900,0
Malaysia,MYS,1901,0
Malaysia,MYS,1902,0
Malaysia,MYS,1903,0
Malaysia,MYS,1904,0
Malaysia,MYS,1905,0
Malaysia,MYS,1906,0
Malaysia,MYS,1907,0
Malaysia,MYS,1908,0
Malaysia,MYS,1909,0
Malaysia,MYS,1910,0
Malaysia,MYS,1911,0
Malaysia,MYS,1912,0
Malaysia,MYS,1913,0
Malaysia,MYS,1914,0
Malaysia,MYS,1915,0
Malaysia,MYS,1916,0
Malaysia,MYS,1917,0
Malaysia,MYS,1918,0
Malaysia,MYS,1919,0
Malaysia,MYS,1920,0
Malaysia,MYS,1921,0
Malaysia,MYS,1922,0
Malaysia,MYS,1923,0
Malaysia,MYS,1924,0
Malaysia,MYS,1925,0
Malaysia,MYS,1926,0
Malaysia,MYS,1927,0
Malaysia,MYS,1928,0
Malaysia,MYS,1929,0
Malaysia,MYS,1930,0
Malaysia,MYS,1931,0
Malaysia,MYS,1932,0
Malaysia,MYS,1933,0
Malaysia,MYS,1934,0
Malaysia,MYS,1935,0
Malaysia,MYS,1936,0
Malaysia,MYS,1937,0
Malaysia,MYS,1938,0
Malaysia,MYS,1939,0
Malaysia,MYS,1940,0
Malaysia,MYS,1941,0
Malaysia,MYS,1942,0
Malaysia,MYS,1943,0
Malaysia,MYS,1944,0
Malaysia,MYS,1945,0
Malaysia,MYS,1946,0
Malaysia,MYS,1947,0
Malaysia,MYS,1948,0
Malaysia,MYS,1949,0
Malaysia,MYS,1950,0
Malaysia,MYS,1951,0
Malaysia,MYS,1952,0
Malaysia,MYS,1953,0
Malaysia,MYS,1954,0
Malaysia,MYS,1955,0
Malaysia,MYS,1956,0
Malaysia,MYS,1957,0
Malaysia,MYS,1958,0
Malaysia,MYS,1959,0
Malaysia,MYS,1960,0
Malaysia,MYS,1961,0
Malaysia,MYS,1962,0
Malaysia,MYS,1963,0
Malaysia,MYS,1964,0
Malaysia,MYS,1965,0
Malaysia,MYS,1966,0
Malaysia,MYS,1967,0
Malaysia,MYS,1968,0
Malaysia,MYS,1969,0
Malaysia,MYS,1970,0
Malaysia,MYS,1971,0.8287492
Malaysia,MYS,1972,1.1605095
Malaysia,MYS,1973,1.1605095
Malaysia,MYS,1974,2.4192624
Malaysia,MYS,1975,2.916263
Malaysia,MYS,1976,3.4717677
Malaysia,MYS,1977,3.1767573
Malaysia,MYS,1978,23.655596
Malaysia,MYS,1979,29.354116
Malaysia,MYS,1980,26.109348
Malaysia,MYS,1981,21.99233
Malaysia,MYS,1982,27.66777
Malaysia,MYS,1983,66.72131
Malaysia,MYS,1984,101.355446
Malaysia,MYS,1985,111.985275
Malaysia,MYS,1986,150.6085
Malaysia,MYS,1987,162.84326
Malaysia,MYS,1988,168.11165
Malaysia,MYS,1989,181.95135
Malaysia,MYS,1990,180.11382
Malaysia,MYS,1991,213.8757
Malaysia,MYS,1992,223.90076
Malaysia,MYS,1993,241.24109
Malaysia,MYS,1994,255.52274
Malaysia,MYS,1995,282.88812
Malaysia,MYS,1996,361.46042
Malaysia,MYS,1997,413.086
Malaysia,MYS,1998,412.26022
Malaysia,MYS,1999,422.27368
Malaysia,MYS,2000,496.82196
Malaysia,MYS,2001,490.23938
Malaysia,MYS,2002,505.88174
Malaysia,MYS,2003,527.2228
Malaysia,MYS,2004,601.4222
Malaysia,MYS,2005,676.9998
Malaysia,MYS,2006,674.6589
Malaysia,MYS,2007,676.287
Malaysia,MYS,2008,692.0507
Malaysia,MYS,2009,661.6569
Malaysia,MYS,2010,650.8206
Malaysia,MYS,2011,669.5117
Malaysia,MYS,2012,692.5072
Malaysia,MYS,2013,725.88605
Malaysia,MYS,2014,721.741
Malaysia,MYS,2015,768.4601
Malaysia,MYS,2016,766.95483
Malaysia,MYS,2017,795.83105
Malaysia,MYS,2018,761.19
Malaysia,MYS,2019,774.80853
Malaysia,MYS,2020,730.9279
Malaysia,MYS,2021,789.77936
Malaysia,MYS,2022,830.02747
Malaysia,MYS,2023,780.06445
Malaysia,MYS,2024,798.03436
Malaysia,MYS,2025,802.3436
Maldives,MDV,1980,0
Maldives,MDV,1981,0
Maldives,MDV,1982,0
Maldives,MDV,1983,0
Maldives,MDV,1984,0
Maldives,MDV,1985,0
Maldives,MDV,1986,0
Maldives,MDV,1987,0
Maldives,MDV,1988,0
Maldives,MDV,1989,0
Maldives,MDV,1990,0
Maldives,MDV,1991,0
Maldives,MDV,1992,0
Maldives,MDV,1993,0
Maldives,MDV,1994,0
Maldives,MDV,1995,0
Maldives,MDV,1996,0
Maldives,MDV,1997,0
Maldives,MDV,1998,0
Maldives,MDV,1999,0
Maldives,MDV,2000,0
Maldives,MDV,2001,0
Maldives,MDV,2002,0
Maldives,MDV,2003,0
Maldives,MDV,2004,0
Maldives,MDV,2005,0
Maldives,MDV,2006,0
Maldives,MDV,2007,0
Maldives,MDV,2008,0
Maldives,MDV,2009,0
Maldives,MDV,2010,0
Maldives,MDV,2011,0
Maldives,MDV,2012,0
Maldives,MDV,2013,0
Maldives,MDV,2014,0
Maldives,MDV,2015,0
Maldives,MDV,2016,0
Maldives,MDV,2017,0
Maldives,MDV,2018,0
Maldives,MDV,2019,0
Maldives,MDV,2020,0
Maldives,MDV,2021,0
Maldives,MDV,2022,0
Maldives,MDV,2023,0
Maldives,MDV,2024,0
Mali,MLI,1980,0
Mali,MLI,1981,0
Mali,MLI,1982,0
Mali,MLI,1983,0
Mali,MLI,1984,0
Mali,MLI,1985,0
Mali,MLI,1986,0
Mali,MLI,1987,0
Mali,MLI,1988,0
Mali,MLI,1989,0
Mali,MLI,1990,0
Mali,MLI,1991,0
Mali,MLI,1992,0
Mali,MLI,1993,0
Mali,MLI,1994,0
Mali,MLI,1995,0
Mali,MLI,1996,0
Mali,MLI,1997,0
Mali,MLI,1998,0
Mali,MLI,1999,0
Mali,MLI,2000,0
Mali,MLI,2001,0
Mali,MLI,2002,0
Mali,MLI,2003,0
Mali,MLI,2004,0
Mali,MLI,2005,0
Mali,MLI,2006,0
Mali,MLI,2007,0
Mali,MLI,2008,0
Mali,MLI,2009,0
Mali,MLI,2010,0
Mali,MLI,2011,0
Mali,MLI,2012,0
Mali,MLI,2013,0
Mali,MLI,2014,0
Mali,MLI,2015,0
Mali,MLI,2016,0
Mali,MLI,2017,0
Mali,MLI,2018,0
Mali,MLI,2019,0
Mali,MLI,2020,0
Mali,MLI,2021,0
Mali,MLI,2022,0
Mali,MLI,2023,0
Mali,MLI,2024,0
Malta,MLT,1980,0
Malta,MLT,1981,0
Malta,MLT,1982,0
Malta,MLT,1983,0
Malta,MLT,1984,0
Malta,MLT,1985,0
Malta,MLT,1986,0
Malta,MLT,1987,0
Malta,MLT,1988,0
Malta,MLT,1989,0
Malta,MLT,1990,0
Malta,MLT,1991,0
Malta,MLT,1992,0
Malta,MLT,1993,0
Malta,MLT,1994,0
Malta,MLT,1995,0
Malta,MLT,1996,0
Malta,MLT,1997,0
Malta,MLT,1998,0
Malta,MLT,1999,0
Malta,MLT,2000,0
Malta,MLT,2001,0
Malta,MLT,2002,0
Malta,MLT,2003,0
Malta,MLT,2004,0
Malta,MLT,2005,0
Malta,MLT,2006,0
Malta,MLT,2007,0
Malta,MLT,2008,0
Malta,MLT,2009,0
Malta,MLT,2010,0
Malta,MLT,2011,0
Malta,MLT,2012,0
Malta,MLT,2013,0
Malta,MLT,2014,0
Malta,MLT,2015,0
Malta,MLT,2016,0
Malta,MLT,2017,0
Malta,MLT,2018,0
Malta,MLT,2019,0
Malta,MLT,2020,0
Malta,MLT,2021,0
Malta,MLT,2022,0
Malta,MLT,2023,0
Malta,MLT,2024,0
Martinique,MTQ,1980,0
Martinique,MTQ,1981,0
Martinique,MTQ,1982,0
Martinique,MTQ,1983,0
Martinique,MTQ,1984,0
Martinique,MTQ,1985,0
Martinique,MTQ,1986,0
Martinique,MTQ,1987,0
Martinique,MTQ,1988,0
Martinique,MTQ,1989,0
Martinique,MTQ,1990,0
Martinique,MTQ,1991,0
Martinique,MTQ,1992,0
Martinique,MTQ,1993,0
Martinique,MTQ,1994,0
Martinique,MTQ,1995,0
Martinique,MTQ,1996,0
Martinique,MTQ,1997,0
Martinique,MTQ,1998,0
Martinique,MTQ,1999,0
Martinique,MTQ,2000,0
Martinique,MTQ,2001,0
Martinique,MTQ,2002,0
Martinique,MTQ,2003,0
Martinique,MTQ,2004,0
Martinique,MTQ,2005,0
Martinique,MTQ,2006,0
Martinique,MTQ,2007,0
Martinique,MTQ,2008,0
Martinique,MTQ,2009,0
Martinique,MTQ,2010,0
Martinique,MTQ,2011,0
Mauritania,MRT,1980,0
Mauritania,MRT,1981,0
Mauritania,MRT,1982,0
Mauritania,MRT,1983,0
Mauritania,MRT,1984,0
Mauritania,MRT,1985,0
Mauritania,MRT,1986,0
Mauritania,MRT,1987,0
Mauritania,MRT,1988,0
Mauritania,MRT,1989,0
Mauritania,MRT,1990,0
Mauritania,MRT,1991,0
Mauritania,MRT,1992,0
Mauritania,MRT,1993,0
Mauritania,MRT,1994,0
Mauritania,MRT,1995,0
Mauritania,MRT,1996,0
Mauritania,MRT,1997,0
Mauritania,MRT,1998,0
Mauritania,MRT,1999,0
Mauritania,MRT,2000,0
Mauritania,MRT,2001,0
Mauritania,MRT,2002,0
Mauritania,MRT,2003,0
Mauritania,MRT,2004,0
Mauritania,MRT,2005,0
Mauritania,MRT,2006,0
Mauritania,MRT,2007,0
Mauritania,MRT,2008,0
Mauritania,MRT,2009,0
Mauritania,MRT,2010,0
Mauritania,MRT,2011,0
Mauritania,MRT,2012,0
Mauritania,MRT,2013,0
Mauritania,MRT,2014,0
Mauritania,MRT,2015,0
Mauritania,MRT,2016,0
Mauritania,MRT,2017,0
Mauritania,MRT,2018,0
Mauritania,MRT,2019,0
Mauritania,MRT,2020,0
Mauritania,MRT,2021,0
Mauritania,MRT,2022,0
Mauritania,MRT,2023,0
Mauritania,MRT,2024,0
Mauritius,MUS,1980,0
Mauritius,MUS,1981,0
Mauritius,MUS,1982,0
Mauritius,MUS,1983,0
Mauritius,MUS,1984,0
Mauritius,MUS,1985,0
Mauritius,MUS,1986,0
Mauritius,MUS,1987,0
Mauritius,MUS,1988,0
Mauritius,MUS,1989,0
Mauritius,MUS,1990,0
Mauritius,MUS,1991,0
Mauritius,MUS,1992,0
Mauritius,MUS,1993,0
Mauritius,MUS,1994,0
Mauritius,MUS,1995,0
Mauritius,MUS,1996,0
Mauritius,MUS,1997,0
Mauritius,MUS,1998,0
Mauritius,MUS,1999,0
Mauritius,MUS,2000,0
Mauritius,MUS,2001,0
Mauritius,MUS,2002,0
Mauritius,MUS,2003,0
Mauritius,MUS,2004,0
Mauritius,MUS,2005,0
Mauritius,MUS,2006,0
Mauritius,MUS,2007,0
Mauritius,MUS,2008,0
Mauritius,MUS,2009,0
Mauritius,MUS,2010,0
Mauritius,MUS,2011,0
Mauritius,MUS,2012,0
Mauritius,MUS,2013,0
Mauritius,MUS,2014,0
Mauritius,MUS,2015,0
Mauritius,MUS,2016,0
Mauritius,MUS,2017,0
Mauritius,MUS,2018,0
Mauritius,MUS,2019,0
Mauritius,MUS,2020,0
Mauritius,MUS,2021,0
Mauritius,MUS,2022,0
Mauritius,MUS,2023,0
Mauritius,MUS,2024,0
Mexico,MEX,1900,0
Mexico,MEX,1901,0
Mexico,MEX,1902,0
Mexico,MEX,1903,0
Mexico,MEX,1904,0
Mexico,MEX,1905,0
Mexico,MEX,1906,0
Mexico,MEX,1907,0
Mexico,MEX,1908,0
Mexico,MEX,1909,0
Mexico,MEX,1910,0
Mexico,MEX,1911,0
Mexico,MEX,1912,0
Mexico,MEX,1913,0
Mexico,MEX,1914,0
Mexico,MEX,1915,0
Mexico,MEX,1916,0
Mexico,MEX,1917,0
Mexico,MEX,1918,0
Mexico,MEX,1919,0
Mexico,MEX,1920,0
Mexico,MEX,1921,0
Mexico,MEX,1922,0
Mexico,MEX,1923,0
Mexico,MEX,1924,0
Mexico,MEX,1925,0
Mexico,MEX,1926,0
Mexico,MEX,1927,0
Mexico,MEX,1928,0
Mexico,MEX,1929,0
Mexico,MEX,1930,0
Mexico,MEX,1931,0
Mexico,MEX,1932,0
Mexico,MEX,1933,0
Mexico,MEX,1934,0
Mexico,MEX,1935,0
Mexico,MEX,1936,0
Mexico,MEX,1937,10.743775
Mexico,MEX,1938,10.797571
Mexico,MEX,1939,10.851367
Mexico,MEX,1940,10.905162
Mexico,MEX,1941,10.958959
Mexico,MEX,1942,11.012754
Mexico,MEX,1943,11.066549
Mexico,MEX,1944,11.120345
Mexico,MEX,1945,11.174141
Mexico,MEX,1946,11.227938
Mexico,MEX,1947,13.706383
Mexico,MEX,1948,14.374987
Mexico,MEX,1949,14.640123
Mexico,MEX,1950,10.605443
Mexico,MEX,1951,15.10123
Mexico,MEX,1952,16.599825
Mexico,MEX,1953,16.599825
Mexico,MEX,1954,16.599825
Mexico,MEX,1955,21.326162
Mexico,MEX,1956,20.74978
Mexico,MEX,1957,27.435822
Mexico,MEX,1958,43.920372
Mexico,MEX,1959,54.525814
Mexico,MEX,1960,56.485516
Mexico,MEX,1961,60.63547
Mexico,MEX,1962,62.36462
Mexico,MEX,1963,70.3187
Mexico,MEX,1964,80.69359
Mexico,MEX,1965,85.76576
Mexico,MEX,1966,87.37963
Mexico,MEX,1967,94.872604
Mexico,MEX,1968,101.78921
Mexico,MEX,1969,116.31406
Mexico,MEX,1970,110.30307
Mexico,MEX,1971,109.181725
Mexico,MEX,1972,113.480225
Mexico,MEX,1973,123.30594
Mexico,MEX,1974,129.26202
Mexico,MEX,1975,131.39035
Mexico,MEX,1976,128.85493
Mexico,MEX,1977,136.65276
Mexico,MEX,1978,171.05864
Mexico,MEX,1979,207.65465
Mexico,MEX,1980,251.15242
Mexico,MEX,1981,270.57907
Mexico,MEX,1982,288.5231
Mexico,MEX,1983,290.96167
Mexico,MEX,1984,286.19363
Mexico,MEX,1985,277.63766
Mexico,MEX,1986,246.61609
Mexico,MEX,1987,250.671
Mexico,MEX,1988,253.9323
Mexico,MEX,1989,243.76479
Mexico,MEX,1990,263.8614
Mexico,MEX,1991,267.59097
Mexico,MEX,1992,259.37534
Mexico,MEX,1993,277.7821
Mexico,MEX,1994,292.23007
Mexico,MEX,1995,291.86252
Mexico,MEX,1996,308.0503
Mexico,MEX,1997,311.06473
Mexico,MEX,1998,329.34113
Mexico,MEX,1999,342.3527
Mexico,MEX,2000,333.7867
Mexico,MEX,2001,331.40704
Mexico,MEX,2002,337.2773
Mexico,MEX,2003,348.40408
Mexico,MEX,2004,370.27045
Mexico,MEX,2005,443.1189
Mexico,MEX,2006,484.522
Mexico,MEX,2007,468.58575
Mexico,MEX,2008,472.3058
Mexico,MEX,2009,525.8305
Mexico,MEX,2010,511.77817
Mexico,MEX,2011,520.98987
Mexico,MEX,2012,508.50186
Mexico,MEX,2013,524.8804
Mexico,MEX,2014,512.99805
Mexico,MEX,2015,479.46945
Mexico,MEX,2016,459.29507
Mexico,MEX,2017,419.1266
Mexico,MEX,2018,397.84943
Mexico,MEX,2019,385.86258
Mexico,MEX,2020,361.15512
Mexico,MEX,2021,343.37772
Mexico,MEX,2022,360.95642
Mexico,MEX,2023,387.01062
Mexico,MEX,2024,358.43738
Mexico,MEX,2025,347.90982
Micronesia (country),FSM,1980,0
Micronesia (country),FSM,1981,0
Micronesia (country),FSM,1982,0
Micronesia (country),FSM,1983,0
Micronesia (country),FSM,1984,0
Micronesia (country),FSM,1985,0
Micronesia (country),FSM,1986,0
Micronesia (country),FSM,1987,0
Micronesia (country),FSM,1988,0
Micronesia (country),FSM,1989,0
Micronesia (country),FSM,1990,0
Micronesia (country),FSM,1991,0
Micronesia (country),FSM,1992,0
Micronesia (country),FSM,1993,0
Micronesia (country),FSM,1994,0
Micronesia (country),FSM,1995,0
Micronesia (country),FSM,1996,0
Micronesia (country),FSM,1997,0
Micronesia (country),FSM,1998,0
Micronesia (country),FSM,1999,0
Micronesia (country),FSM,2000,0
Micronesia (country),FSM,2001,0
Micronesia (country),FSM,2002,0
Micronesia (country),FSM,2003,0
Micronesia (country),FSM,2004,0
Micronesia (country),FSM,2005,0
Micronesia (country),FSM,2006,0
Micronesia (country),FSM,2007,0
Micronesia (country),FSM,2008,0
Micronesia (country),FSM,2009,0
Micronesia (country),FSM,2010,0
Micronesia (country),FSM,2011,0
Micronesia (country),FSM,2012,0
Micronesia (country),FSM,2013,0
Micronesia (country),FSM,2014,0
Micronesia (country),FSM,2015,0
Micronesia (country),FSM,2016,0
Micronesia (country),FSM,2017,0
Micronesia (country),FSM,2018,0
Micronesia (country),FSM,2019,0
Micronesia (country),FSM,2020,0
Micronesia (country),FSM,2021,0
Micronesia (country),FSM,2022,0
Micronesia (country),FSM,2023,0
Micronesia (country),FSM,2024,0
Middle East (EI),,1970,103.37957
Middle East (EI),,1971,161.5531
Middle East (EI),,1972,200.02132
Middle East (EI),,1973,228.7509
Middle East (EI),,1974,239.83252
Middle East (EI),,1975,263.98877
Middle East (EI),,1976,274.29572
Middle East (EI),,1977,310.92288
Middle East (EI),,1978,300.6962
Middle East (EI),,1979,367.9135
Middle East (EI),,1980,342.37015
Middle East (EI),,1981,369.2927
Middle East (EI),,1982,413.03302
Middle East (EI),,1983,416.33234
Middle East (EI),,1984,531.9629
Middle East (EI),,1985,574.71027
Middle East (EI),,1986,687.61206
Middle East (EI),,1987,750.6527
Middle East (EI),,1988,835.04346
Middle East (EI),,1989,937.2487
Middle East (EI),,1990,1007.2091
Middle East (EI),,1991,1061.317
Middle East (EI),,1992,1132.8749
Middle East (EI),,1993,1050.4059
Middle East (EI),,1994,1221.131
Middle East (EI),,1995,1385.3253
Middle East (EI),,1996,1491.417
Middle East (EI),,1997,1605.6083
Middle East (EI),,1998,1724.6138
Middle East (EI),,1999,1868.7344
Middle East (EI),,2000,2040.6619
Middle East (EI),,2001,2222.9048
Middle East (EI),,2002,2445.0642
Middle East (EI),,2003,2573.9805
Middle East (EI),,2004,2856.4187
Middle East (EI),,2005,3098.8455
Middle East (EI),,2006,3316.1372
Middle East (EI),,2007,3626.4727
Middle East (EI),,2008,3923.0405
Middle East (EI),,2009,4137.469
Middle East (EI),,2010,4746.0713
Middle East (EI),,2011,5199.2505
Middle East (EI),,2012,5454.3257
Middle East (EI),,2013,5625.2256
Middle East (EI),,2014,5825.0786
Middle East (EI),,2015,6008.282
Middle East (EI),,2016,6241.609
Middle East (EI),,2017,6327.307
Middle East (EI),,2018,6455.853
Middle East (EI),,2019,6606.4272
Middle East (EI),,2020,6674.1924
Middle East (EI),,2021,6879.889
Middle East (EI),,2022,7019.387
Middle East (EI),,2023,7246.13
Middle East (EI),,2024,7393.2515
Middle East (EI),,2025,7582.915
Moldova,MDA,1992,0
Moldova,MDA,1993,0
Moldova,MDA,1994,0
Moldova,MDA,1995,0
Moldova,MDA,1996,0
Moldova,MDA,1997,0
Moldova,MDA,1998,0
Moldova,MDA,1999,0
Moldova,MDA,2000,0
Moldova,MDA,2001,0
Moldova,MDA,2002,0
Moldova,MDA,2003,0
Moldova,MDA,2004,0
Moldova,MDA,2005,0
Moldova,MDA,2006,0.5418123
Moldova,MDA,2007,0
Moldova,MDA,2008,0
Moldova,MDA,2009,0
Moldova,MDA,2010,0
Moldova,MDA,2011,0
Moldova,MDA,2012,0
Moldova,MDA,2013,0
Moldova,MDA,2014,0
Moldova,MDA,2015,0
Moldova,MDA,2016,0.10256656
Moldova,MDA,2017,0.000989881
Moldova,MDA,2018,0.0009106023
Moldova,MDA,2019,0.0006689129
Moldova,MDA,2020,0.0001025657
Moldova,MDA,2021,0
Moldova,MDA,2022,0
Moldova,MDA,2023,0
Moldova,MDA,2024,0
Mongolia,MNG,1980,0
Mongolia,MNG,1981,0
Mongolia,MNG,1982,0
Mongolia,MNG,1983,0
Mongolia,MNG,1984,0
Mongolia,MNG,1985,0
Mongolia,MNG,1986,0
Mongolia,MNG,1987,0
Mongolia,MNG,1988,0
Mongolia,MNG,1989,0
Mongolia,MNG,1990,0
Mongolia,MNG,1991,0
Mongolia,MNG,1992,0
Mongolia,MNG,1993,0
Mongolia,MNG,1994,0
Mongolia,MNG,1995,0
Mongolia,MNG,1996,0
Mongolia,MNG,1997,0
Mongolia,MNG,1998,0
Mongolia,MNG,1999,0
Mongolia,MNG,2000,0
Mongolia,MNG,2001,0
Mongolia,MNG,2002,0
Mongolia,MNG,2003,0
Mongolia,MNG,2004,0
Mongolia,MNG,2005,0
Mongolia,MNG,2006,0
Mongolia,MNG,2007,0
Mongolia,MNG,2008,0
Mongolia,MNG,2009,0
Mongolia,MNG,2010,0
Mongolia,MNG,2011,0
Mongolia,MNG,2012,0
Mongolia,MNG,2013,0
Mongolia,MNG,2014,0
Mongolia,MNG,2015,0
Mongolia,MNG,2016,0
Mongolia,MNG,2017,0
Mongolia,MNG,2018,0
Mongolia,MNG,2019,0
Mongolia,MNG,2020,0
Mongolia,MNG,2021,0
Mongolia,MNG,2022,0
Mongolia,MNG,2023,0
Mongolia,MNG,2024,0
Montenegro,MNE,2006,0
Montenegro,MNE,2007,0
Montenegro,MNE,2008,0
Montenegro,MNE,2009,0
Montenegro,MNE,2010,0
Montenegro,MNE,2011,0
Montenegro,MNE,2012,0
Montenegro,MNE,2013,0
Montenegro,MNE,2014,0
Montenegro,MNE,2015,0
Montenegro,MNE,2016,0
Montenegro,MNE,2017,0
Montenegro,MNE,2018,0
Montenegro,MNE,2019,0
Montenegro,MNE,2020,0
Montenegro,MNE,2021,0
Montenegro,MNE,2022,0
Montenegro,MNE,2023,0
Montenegro,MNE,2024,0
Montserrat,MSR,1980,0
Montserrat,MSR,1981,0
Montserrat,MSR,1982,0
Montserrat,MSR,1983,0
Montserrat,MSR,1984,0
Montserrat,MSR,1985,0
Montserrat,MSR,1986,0
Montserrat,MSR,1987,0
Montserrat,MSR,1988,0
Montserrat,MSR,1989,0
Montserrat,MSR,1990,0
Montserrat,MSR,1991,0
Montserrat,MSR,1992,0
Montserrat,MSR,1993,0
Montserrat,MSR,1994,0
Montserrat,MSR,1995,0
Montserrat,MSR,1996,0
Montserrat,MSR,1997,0
Montserrat,MSR,1998,0
Montserrat,MSR,1999,0
Montserrat,MSR,2000,0
Montserrat,MSR,2001,0
Montserrat,MSR,2002,0
Montserrat,MSR,2003,0
Montserrat,MSR,2004,0
Montserrat,MSR,2005,0
Montserrat,MSR,2006,0
Montserrat,MSR,2007,0
Montserrat,MSR,2008,0
Montserrat,MSR,2009,0
Montserrat,MSR,2010,0
Montserrat,MSR,2011,0
Montserrat,MSR,2012,0
Montserrat,MSR,2013,0
Montserrat,MSR,2014,0
Montserrat,MSR,2015,0
Montserrat,MSR,2016,0
Montserrat,MSR,2017,0
Montserrat,MSR,2018,0
Montserrat,MSR,2019,0
Montserrat,MSR,2020,0
Montserrat,MSR,2021,0
Montserrat,MSR,2022,0
Montserrat,MSR,2023,0
Montserrat,MSR,2024,0
Morocco,MAR,1900,0
Morocco,MAR,1901,0
Morocco,MAR,1902,0
Morocco,MAR,1903,0
Morocco,MAR,1904,0
Morocco,MAR,1905,0
Morocco,MAR,1906,0
Morocco,MAR,1907,0
Morocco,MAR,1908,0
Morocco,MAR,1909,0
Morocco,MAR,1910,0
Morocco,MAR,1911,0
Morocco,MAR,1912,0
Morocco,MAR,1913,0
Morocco,MAR,1914,0
Morocco,MAR,1915,0
Morocco,MAR,1916,0
Morocco,MAR,1917,0
Morocco,MAR,1918,0
Morocco,MAR,1919,0
Morocco,MAR,1920,0
Morocco,MAR,1921,0
Morocco,MAR,1922,0
Morocco,MAR,1923,0
Morocco,MAR,1924,0
Morocco,MAR,1925,0
Morocco,MAR,1926,0
Morocco,MAR,1927,0
Morocco,MAR,1928,0
Morocco,MAR,1929,0
Morocco,MAR,1930,0
Morocco,MAR,1931,0
Morocco,MAR,1932,0
Morocco,MAR,1933,0
Morocco,MAR,1934,0
Morocco,MAR,1935,0
Morocco,MAR,1936,0
Morocco,MAR,1937,0
Morocco,MAR,1938,0
Morocco,MAR,1939,0
Morocco,MAR,1940,0
Morocco,MAR,1941,0
Morocco,MAR,1942,0
Morocco,MAR,1943,0
Morocco,MAR,1944,0
Morocco,MAR,1945,0
Morocco,MAR,1946,0
Morocco,MAR,1947,0
Morocco,MAR,1948,0
Morocco,MAR,1949,0
Morocco,MAR,1950,0
Morocco,MAR,1951,0
Morocco,MAR,1952,0
Morocco,MAR,1953,0.048173014
Morocco,MAR,1954,0.09634603
Morocco,MAR,1955,0.08430277
Morocco,MAR,1956,0.08430277
Morocco,MAR,1957,0.036129758
Morocco,MAR,1958,0.0120432535
Morocco,MAR,1959,0.10838927
Morocco,MAR,1960,0.09634603
Morocco,MAR,1961,0.09634603
Morocco,MAR,1962,0.10838927
Morocco,MAR,1963,0.13247578
Morocco,MAR,1964,0.13247578
Morocco,MAR,1965,0.15656228
Morocco,MAR,1966,0.12043253
Morocco,MAR,1967,0.0120432535
Morocco,MAR,1968,0.5058166
Morocco,MAR,1969,0.5299031
Morocco,MAR,1970,0.5780761
Morocco,MAR,1971,0.62624913
Morocco,MAR,1972,0.78281146
Morocco,MAR,1973,0.7105519
Morocco,MAR,1974,0.85507095
Morocco,MAR,1975,0.55398965
Morocco,MAR,1976,1.0357198
Morocco,MAR,1977,1.0357198
Morocco,MAR,1978,0.97550344
Morocco,MAR,1979,0.8068979
Morocco,MAR,1980,0.7671135
Morocco,MAR,1981,0.9819053
Morocco,MAR,1982,0.9205362
Morocco,MAR,1983,0.9819053
Morocco,MAR,1984,0.61369085
Morocco,MAR,1985,0.9205362
Morocco,MAR,1986,0.9205362
Morocco,MAR,1987,0.6443754
Morocco,MAR,1988,0.6443754
Morocco,MAR,1989,0.6443754
Morocco,MAR,1990,0.61369085
Morocco,MAR,1991,0.42165905
Morocco,MAR,1992,0.2599953
Morocco,MAR,1993,0.3249493
Morocco,MAR,1994,0.32525614
Morocco,MAR,1995,0.21786024
Morocco,MAR,1996,0.21786024
Morocco,MAR,1997,0.5418123
Morocco,MAR,1998,0.5418123
Morocco,MAR,1999,0.4334498
Morocco,MAR,2000,0.5418123
Morocco,MAR,2001,0.5418123
Morocco,MAR,2002,0.5418123
Morocco,MAR,2003,0.5418123
Morocco,MAR,2004,0.4334498
Morocco,MAR,2005,0.49499103
Morocco,MAR,2006,0.72220916
Morocco,MAR,2007,0.69276524
Morocco,MAR,2008,0.6613526
Morocco,MAR,2009,0.6613526
Morocco,MAR,2010,0.74984336
Morocco,MAR,2011,0.64272285
Morocco,MAR,2012,0.8462518
Morocco,MAR,2013,1.0390686
Morocco,MAR,2014,1.0390686
Morocco,MAR,2015,1.0069325
Morocco,MAR,2016,0.9212369
Morocco,MAR,2017,0.9319488
Morocco,MAR,2018,0.9958941
Morocco,MAR,2019,1.1320468
Morocco,MAR,2020,1.1314719
Morocco,MAR,2021,1.2654034
Morocco,MAR,2022,0.8889425
Morocco,MAR,2023,0.597031
Morocco,MAR,2024,0.46053922
Mozambique,MOZ,1980,0
Mozambique,MOZ,1981,0
Mozambique,MOZ,1982,0
Mozambique,MOZ,1983,0
Mozambique,MOZ,1984,0
Mozambique,MOZ,1985,0
Mozambique,MOZ,1986,0
Mozambique,MOZ,1987,0
Mozambique,MOZ,1988,0
Mozambique,MOZ,1989,0
Mozambique,MOZ,1990,0
Mozambique,MOZ,1991,0
Mozambique,MOZ,1992,0
Mozambique,MOZ,1993,0
Mozambique,MOZ,1994,0
Mozambique,MOZ,1995,0
Mozambique,MOZ,1996,0
Mozambique,MOZ,1997,0
Mozambique,MOZ,1998,0.65017474
Mozambique,MOZ,1999,0.65017474
Mozambique,MOZ,2000,0.65017474
Mozambique,MOZ,2001,0.65017474
Mozambique,MOZ,2002,0.65017474
Mozambique,MOZ,2003,0.8668996
Mozambique,MOZ,2004,12.5700445
Mozambique,MOZ,2005,23.948103
Mozambique,MOZ,2006,27.957514
Mozambique,MOZ,2007,28.607689
Mozambique,MOZ,2008,33.714695
Mozambique,MOZ,2009,30.733126
Mozambique,MOZ,2010,35.778862
Mozambique,MOZ,2011,43.80617
Mozambique,MOZ,2012,56.076485
Mozambique,MOZ,2013,60.548843
Mozambique,MOZ,2014,64.21847
Mozambique,MOZ,2015,65.30789
Mozambique,MOZ,2016,66.3973
Mozambique,MOZ,2017,68.759605
Mozambique,MOZ,2018,68.88715
Mozambique,MOZ,2019,62.19768
Mozambique,MOZ,2020,61.03929
Mozambique,MOZ,2021,61.65638
Mozambique,MOZ,2022,64.56507
Mozambique,MOZ,2023,122.56466
Mozambique,MOZ,2024,139.54887
Myanmar,MMR,1900,0
Myanmar,MMR,1901,0
Myanmar,MMR,1902,0
Myanmar,MMR,1903,0
Myanmar,MMR,1904,0
Myanmar,MMR,1905,0
Myanmar,MMR,1906,0
Myanmar,MMR,1907,0
Myanmar,MMR,1908,0
Myanmar,MMR,1909,0
Myanmar,MMR,1910,0
Myanmar,MMR,1911,0
Myanmar,MMR,1912,0
Myanmar,MMR,1913,0
Myanmar,MMR,1914,0
Myanmar,MMR,1915,0
Myanmar,MMR,1916,0
Myanmar,MMR,1917,0
Myanmar,MMR,1918,0
Myanmar,MMR,1919,0
Myanmar,MMR,1920,0
Myanmar,MMR,1921,0
Myanmar,MMR,1922,0
Myanmar,MMR,1923,0
Myanmar,MMR,1924,0
Myanmar,MMR,1925,0
Myanmar,MMR,1926,0
Myanmar,MMR,1927,0
Myanmar,MMR,1928,0
Myanmar,MMR,1929,0
Myanmar,MMR,1930,0
Myanmar,MMR,1931,0
Myanmar,MMR,1932,0
Myanmar,MMR,1933,0
Myanmar,MMR,1934,0
Myanmar,MMR,1935,0
Myanmar,MMR,1936,0
Myanmar,MMR,1937,0
Myanmar,MMR,1938,0
Myanmar,MMR,1939,0
Myanmar,MMR,1940,0
Myanmar,MMR,1941,0
Myanmar,MMR,1942,0
Myanmar,MMR,1943,0
Myanmar,MMR,1944,0
Myanmar,MMR,1945,0
Myanmar,MMR,1946,0
Myanmar,MMR,1947,0
Myanmar,MMR,1948,0
Myanmar,MMR,1949,0
Myanmar,MMR,1950,0.024086507
Myanmar,MMR,1951,0.024086507
Myanmar,MMR,1952,0.036129758
Myanmar,MMR,1953,0.060216267
Myanmar,MMR,1954,0.060216267
Myanmar,MMR,1955,0.072259516
Myanmar,MMR,1956,0.08430277
Myanmar,MMR,1957,0.072259516
Myanmar,MMR,1958,0.10838927
Myanmar,MMR,1959,0.060216267
Myanmar,MMR,1960,0.2529083
Myanmar,MMR,1961,0.10838927
Myanmar,MMR,1962,0.21677855
Myanmar,MMR,1963,0.19269206
Myanmar,MMR,1964,0.12043253
Myanmar,MMR,1965,0.12043253
Myanmar,MMR,1966,0.13247578
Myanmar,MMR,1967,0.08430277
Myanmar,MMR,1968,0.14451903
Myanmar,MMR,1969,0.2047353
Myanmar,MMR,1970,0.0736875
Myanmar,MMR,1971,0.1424625
Myanmar,MMR,1972,0.15228751
Myanmar,MMR,1973,0.18421862
Myanmar,MMR,1974,1.6481435
Myanmar,MMR,1975,1.7685
Myanmar,MMR,1976,2.45625
Myanmar,MMR,1977,2.25975
Myanmar,MMR,1978,2.65275
Myanmar,MMR,1979,2.65275
Myanmar,MMR,1980,3.43875
Myanmar,MMR,1981,4.1265
Myanmar,MMR,1982,4.42125
Myanmar,MMR,1983,5.895
Myanmar,MMR,1984,6.2879996
Myanmar,MMR,1985,9.039
Myanmar,MMR,1986,10.51275
Myanmar,MMR,1987,11.691751
Myanmar,MMR,1988,10.218
Myanmar,MMR,1989,10.70925
Myanmar,MMR,1990,8.351251
Myanmar,MMR,1991,8.4495
Myanmar,MMR,1992,8.5477495
Myanmar,MMR,1993,10.8075
Myanmar,MMR,1994,14.04975
Myanmar,MMR,1995,16.113
Myanmar,MMR,1996,15.719999
Myanmar,MMR,1997,14.835751
Myanmar,MMR,1998,17.292
Myanmar,MMR,1999,16.899
Myanmar,MMR,2000,33.405003
Myanmar,MMR,2001,68.775
Myanmar,MMR,2002,82.53
Myanmar,MMR,2003,94.32
Myanmar,MMR,2004,100.215004
Myanmar,MMR,2005,119.865
Myanmar,MMR,2006,123.795
Myanmar,MMR,2007,132.834
Myanmar,MMR,2008,121.83
Myanmar,MMR,2009,113.52373
Myanmar,MMR,2010,122.07877
Myanmar,MMR,2011,125.50024
Myanmar,MMR,2012,125.111015
Myanmar,MMR,2013,128.60942
Myanmar,MMR,2014,165.43192
Myanmar,MMR,2015,192.16682
Myanmar,MMR,2016,182.80075
Myanmar,MMR,2017,177.98892
Myanmar,MMR,2018,169.71709
Myanmar,MMR,2019,184.81905
Myanmar,MMR,2020,175.06865
Myanmar,MMR,2021,171.73647
Myanmar,MMR,2022,168.45529
Myanmar,MMR,2023,151.50475
Myanmar,MMR,2024,140.2359
Myanmar,MMR,2025,139.1643
Namibia,NAM,1990,0
Namibia,NAM,1991,0
Namibia,NAM,1992,0
Namibia,NAM,1993,0
Namibia,NAM,1994,0
Namibia,NAM,1995,0
Namibia,NAM,1996,0
Namibia,NAM,1997,0
Namibia,NAM,1998,0
Namibia,NAM,1999,0
Namibia,NAM,2000,0
Namibia,NAM,2001,0
Namibia,NAM,2002,0
Namibia,NAM,2003,0
Namibia,NAM,2004,0
Namibia,NAM,2005,0
Namibia,NAM,2006,0
Namibia,NAM,2007,0
Namibia,NAM,2008,0
Namibia,NAM,2009,0
Namibia,NAM,2010,0
Namibia,NAM,2011,0
Namibia,NAM,2012,0
Namibia,NAM,2013,0
Namibia,NAM,2014,0
Namibia,NAM,2015,0
Namibia,NAM,2016,0
Namibia,NAM,2017,0
Namibia,NAM,2018,0
Namibia,NAM,2019,0
Namibia,NAM,2020,0
Namibia,NAM,2021,0
Namibia,NAM,2022,0
Namibia,NAM,2023,0
Namibia,NAM,2024,0
Nauru,NRU,1980,0
Nauru,NRU,1981,0
Nauru,NRU,1982,0
Nauru,NRU,1983,0
Nauru,NRU,1984,0
Nauru,NRU,1985,0
Nauru,NRU,1986,0
Nauru,NRU,1987,0
Nauru,NRU,1988,0
Nauru,NRU,1989,0
Nauru,NRU,1990,0
Nauru,NRU,1991,0
Nauru,NRU,1992,0
Nauru,NRU,1993,0
Nauru,NRU,1994,0
Nauru,NRU,1995,0
Nauru,NRU,1996,0
Nauru,NRU,1997,0
Nauru,NRU,1998,0
Nauru,NRU,1999,0
Nauru,NRU,2000,0
Nauru,NRU,2001,0
Nauru,NRU,2002,0
Nauru,NRU,2003,0
Nauru,NRU,2004,0
Nauru,NRU,2005,0
Nauru,NRU,2006,0
Nauru,NRU,2007,0
Nauru,NRU,2008,0
Nauru,NRU,2009,0
Nauru,NRU,2010,0
Nauru,NRU,2011,0
Nauru,NRU,2012,0
Nauru,NRU,2013,0
Nauru,NRU,2014,0
Nauru,NRU,2015,0
Nauru,NRU,2016,0
Nauru,NRU,2017,0
Nauru,NRU,2018,0
Nauru,NRU,2019,0
Nauru,NRU,2020,0
Nauru,NRU,2021,0
Nauru,NRU,2022,0
Nauru,NRU,2023,0
Nauru,NRU,2024,0
Nepal,NPL,1980,0
Nepal,NPL,1981,0
Nepal,NPL,1982,0
Nepal,NPL,1983,0
Nepal,NPL,1984,0
Nepal,NPL,1985,0
Nepal,NPL,1986,0
Nepal,NPL,1987,0
Nepal,NPL,1988,0
Nepal,NPL,1989,0
Nepal,NPL,1990,0
Nepal,NPL,1991,0
Nepal,NPL,1992,0
Nepal,NPL,1993,0
Nepal,NPL,1994,0
Nepal,NPL,1995,0
Nepal,NPL,1996,0
Nepal,NPL,1997,0
Nepal,NPL,1998,0
Nepal,NPL,1999,0
Nepal,NPL,2000,0
Nepal,NPL,2001,0
Nepal,NPL,2002,0
Nepal,NPL,2003,0
Nepal,NPL,2004,0
Nepal,NPL,2005,0
Nepal,NPL,2006,0
Nepal,NPL,2007,0
Nepal,NPL,2008,0
Nepal,NPL,2009,0
Nepal,NPL,2010,0
Nepal,NPL,2011,0
Nepal,NPL,2012,0
Nepal,NPL,2013,0
Nepal,NPL,2014,0
Nepal,NPL,2015,0
Nepal,NPL,2016,0
Nepal,NPL,2017,0
Nepal,NPL,2018,0
Nepal,NPL,2019,0
Nepal,NPL,2020,0
Nepal,NPL,2021,0
Nepal,NPL,2022,0
Nepal,NPL,2023,0
Nepal,NPL,2024,0
Netherlands,NLD,1900,0
Netherlands,NLD,1901,0
Netherlands,NLD,1902,0
Netherlands,NLD,1903,0
Netherlands,NLD,1904,0
Netherlands,NLD,1905,0
Netherlands,NLD,1906,0
Netherlands,NLD,1907,0
Netherlands,NLD,1908,0
Netherlands,NLD,1909,0
Netherlands,NLD,1910,0
Netherlands,NLD,1911,0
Netherlands,NLD,1912,0
Netherlands,NLD,1913,0
Netherlands,NLD,1914,0
Netherlands,NLD,1915,0
Netherlands,NLD,1916,0
Netherlands,NLD,1917,0
Netherlands,NLD,1918,0
Netherlands,NLD,1919,0
Netherlands,NLD,1920,0
Netherlands,NLD,1921,0
Netherlands,NLD,1922,0
Netherlands,NLD,1923,0
Netherlands,NLD,1924,0
Netherlands,NLD,1925,0
Netherlands,NLD,1926,0
Netherlands,NLD,1927,0
Netherlands,NLD,1928,0
Netherlands,NLD,1929,0
Netherlands,NLD,1930,0
Netherlands,NLD,1931,0
Netherlands,NLD,1932,0
Netherlands,NLD,1933,0
Netherlands,NLD,1934,0
Netherlands,NLD,1935,0
Netherlands,NLD,1936,0
Netherlands,NLD,1937,0
Netherlands,NLD,1938,0
Netherlands,NLD,1939,0
Netherlands,NLD,1940,0
Netherlands,NLD,1941,0
Netherlands,NLD,1942,0
Netherlands,NLD,1943,0
Netherlands,NLD,1944,0
Netherlands,NLD,1945,0
Netherlands,NLD,1946,0
Netherlands,NLD,1947,0.009768295
Netherlands,NLD,1948,0.05860977
Netherlands,NLD,1949,0.06837807
Netherlands,NLD,1950,0.07814636
Netherlands,NLD,1951,0.08791466
Netherlands,NLD,1952,0.28328055
Netherlands,NLD,1953,0.84984165
Netherlands,NLD,1954,1.4359394
Netherlands,NLD,1955,1.3187199
Netherlands,NLD,1956,1.4750125
Netherlands,NLD,1957,1.4066346
Netherlands,NLD,1958,2.3248544
Netherlands,NLD,1959,2.2076347
Netherlands,NLD,1960,3.2235374
Netherlands,NLD,1961,4.385965
Netherlands,NLD,1962,4.874379
Netherlands,NLD,1963,5.577697
Netherlands,NLD,1964,8.156527
Netherlands,NLD,1965,17.02614
Netherlands,NLD,1966,34.120655
Netherlands,NLD,1967,68.29015
Netherlands,NLD,1968,137.86972
Netherlands,NLD,1969,213.86707
Netherlands,NLD,1970,279.16666
Netherlands,NLD,1971,385.83334
Netherlands,NLD,1972,514.44446
Netherlands,NLD,1973,625.5556
Netherlands,NLD,1974,741.6667
Netherlands,NLD,1975,803.3333
Netherlands,NLD,1976,858.3333
Netherlands,NLD,1977,861.1111
Netherlands,NLD,1978,788.3334
Netherlands,NLD,1979,826.6667
Netherlands,NLD,1980,799.44446
Netherlands,NLD,1981,742.2222
Netherlands,NLD,1982,634.7222
Netherlands,NLD,1983,675.8334
Netherlands,NLD,1984,684.1667
Netherlands,NLD,1985,716.3889
Netherlands,NLD,1986,655
Netherlands,NLD,1987,656.1111
Netherlands,NLD,1988,579.1667
Netherlands,NLD,1989,633.05554
Netherlands,NLD,1990,634.1667
Netherlands,NLD,1991,716.99994
Netherlands,NLD,1992,720.05554
Netherlands,NLD,1993,734
Netherlands,NLD,1994,696.2778
Netherlands,NLD,1995,707.8333
Netherlands,NLD,1996,801.0833
Netherlands,NLD,1997,709.5
Netherlands,NLD,1998,676.7778
Netherlands,NLD,1999,629.3333
Netherlands,NLD,2000,613.61115
Netherlands,NLD,2001,646.4722
Netherlands,NLD,2002,635.19446
Netherlands,NLD,2003,607.1667
Netherlands,NLD,2004,716.1667
Netherlands,NLD,2005,653.3333
Netherlands,NLD,2006,645.0278
Netherlands,NLD,2007,620.0278
Netherlands,NLD,2008,709.0834
Netherlands,NLD,2009,655
Netherlands,NLD,2010,752.6667
Netherlands,NLD,2011,694.9722
Netherlands,NLD,2012,684.02783
Netherlands,NLD,2013,724.05554
Netherlands,NLD,2014,603.8611
Netherlands,NLD,2015,458.77777
Netherlands,NLD,2016,442.94443
Netherlands,NLD,2017,379.27777
Netherlands,NLD,2018,324.8333
Netherlands,NLD,2019,277.44443
Netherlands,NLD,2020,200.91666
Netherlands,NLD,2021,180.22223
Netherlands,NLD,2022,149.80556
Netherlands,NLD,2023,98.52778
Netherlands,NLD,2024,83.361115
Netherlands,NLD,2025,77.69445
Netherlands Antilles,ANT,1980,0
Netherlands Antilles,ANT,1981,0
Netherlands Antilles,ANT,1982,0
Netherlands Antilles,ANT,1983,0
Netherlands Antilles,ANT,1984,0
Netherlands Antilles,ANT,1985,0
Netherlands Antilles,ANT,1986,0
Netherlands Antilles,ANT,1987,0
Netherlands Antilles,ANT,1988,0
Netherlands Antilles,ANT,1989,0
Netherlands Antilles,ANT,1990,0
Netherlands Antilles,ANT,1991,0
Netherlands Antilles,ANT,1992,0
Netherlands Antilles,ANT,1993,0
Netherlands Antilles,ANT,1994,0
Netherlands Antilles,ANT,1995,0
Netherlands Antilles,ANT,1996,0
Netherlands Antilles,ANT,1997,0
Netherlands Antilles,ANT,1998,0
Netherlands Antilles,ANT,1999,0
Netherlands Antilles,ANT,2000,0
Netherlands Antilles,ANT,2001,0
Netherlands Antilles,ANT,2002,0
Netherlands Antilles,ANT,2003,0
Netherlands Antilles,ANT,2004,0
Netherlands Antilles,ANT,2005,0
Netherlands Antilles,ANT,2006,0
Netherlands Antilles,ANT,2007,0
Netherlands Antilles,ANT,2008,0
Netherlands Antilles,ANT,2009,0
Netherlands Antilles,ANT,2010,0
Netherlands Antilles,ANT,2011,0
Netherlands Antilles,ANT,2012,0
Netherlands Antilles,ANT,2013,0
Netherlands Antilles,ANT,2014,0
Netherlands Antilles,ANT,2015,0
Netherlands Antilles,ANT,2016,0
Netherlands Antilles,ANT,2017,0
Netherlands Antilles,ANT,2018,0
Netherlands Antilles,ANT,2019,0
Netherlands Antilles,ANT,2020,0
Netherlands Antilles,ANT,2021,0
Netherlands Antilles,ANT,2022,0
Netherlands Antilles,ANT,2023,0
Netherlands Antilles,ANT,2024,0
New Caledonia,NCL,1980,0
New Caledonia,NCL,1981,0
New Caledonia,NCL,1982,0
New Caledonia,NCL,1983,0
New Caledonia,NCL,1984,0
New Caledonia,NCL,1985,0
New Caledonia,NCL,1986,0
New Caledonia,NCL,1987,0
New Caledonia,NCL,1988,0
New Caledonia,NCL,1989,0
New Caledonia,NCL,1990,0
New Caledonia,NCL,1991,0
New Caledonia,NCL,1992,0
New Caledonia,NCL,1993,0
New Caledonia,NCL,1994,0
New Caledonia,NCL,1995,0
New Caledonia,NCL,1996,0
New Caledonia,NCL,1997,0
New Caledonia,NCL,1998,0
New Caledonia,NCL,1999,0
New Caledonia,NCL,2000,0
New Caledonia,NCL,2001,0
New Caledonia,NCL,2002,0
New Caledonia,NCL,2003,0
New Caledonia,NCL,2004,0
New Caledonia,NCL,2005,0
New Caledonia,NCL,2006,0
New Caledonia,NCL,2007,0
New Caledonia,NCL,2008,0
New Caledonia,NCL,2009,0
New Caledonia,NCL,2010,0
New Caledonia,NCL,2011,0
New Caledonia,NCL,2012,0
New Caledonia,NCL,2013,0
New Caledonia,NCL,2014,0
New Caledonia,NCL,2015,0
New Caledonia,NCL,2016,0
New Caledonia,NCL,2017,0
New Caledonia,NCL,2018,0
New Caledonia,NCL,2019,0
New Caledonia,NCL,2020,0
New Caledonia,NCL,2021,0
New Caledonia,NCL,2022,0
New Caledonia,NCL,2023,0
New Caledonia,NCL,2024,0
New Zealand,NZL,1900,0
New Zealand,NZL,1901,0
New Zealand,NZL,1902,0
New Zealand,NZL,1903,0
New Zealand,NZL,1904,0
New Zealand,NZL,1905,0
New Zealand,NZL,1906,0
New Zealand,NZL,1907,0
New Zealand,NZL,1908,0
New Zealand,NZL,1909,0
New Zealand,NZL,1910,0
New Zealand,NZL,1911,0
New Zealand,NZL,1912,0
New Zealand,NZL,1913,0
New Zealand,NZL,1914,0
New Zealand,NZL,1915,0
New Zealand,NZL,1916,0
New Zealand,NZL,1917,0
New Zealand,NZL,1918,0
New Zealand,NZL,1919,0
New Zealand,NZL,1920,0
New Zealand,NZL,1921,0
New Zealand,NZL,1922,0
New Zealand,NZL,1923,0
New Zealand,NZL,1924,0
New Zealand,NZL,1925,0
New Zealand,NZL,1926,0
New Zealand,NZL,1927,0
New Zealand,NZL,1928,0
New Zealand,NZL,1929,0
New Zealand,NZL,1930,0
New Zealand,NZL,1931,0
New Zealand,NZL,1932,0
New Zealand,NZL,1933,0
New Zealand,NZL,1934,0
New Zealand,NZL,1935,0
New Zealand,NZL,1936,0
New Zealand,NZL,1937,0
New Zealand,NZL,1938,0
New Zealand,NZL,1939,0
New Zealand,NZL,1940,0
New Zealand,NZL,1941,0
New Zealand,NZL,1942,0
New Zealand,NZL,1943,0
New Zealand,NZL,1944,0
New Zealand,NZL,1945,0
New Zealand,NZL,1946,0
New Zealand,NZL,1947,0
New Zealand,NZL,1948,0
New Zealand,NZL,1949,0
New Zealand,NZL,1950,0
New Zealand,NZL,1951,0
New Zealand,NZL,1952,0
New Zealand,NZL,1953,0
New Zealand,NZL,1954,0
New Zealand,NZL,1955,0
New Zealand,NZL,1956,0
New Zealand,NZL,1957,0
New Zealand,NZL,1958,0
New Zealand,NZL,1959,0
New Zealand,NZL,1960,1.1827897
New Zealand,NZL,1961,1.194737
New Zealand,NZL,1962,1.1350001
New Zealand,NZL,1963,1.2186317
New Zealand,NZL,1964,1.194737
New Zealand,NZL,1965,1.2425265
New Zealand,NZL,1966,1.2425265
New Zealand,NZL,1967,1.2066844
New Zealand,NZL,1968,1.230579
New Zealand,NZL,1969,1.3142107
New Zealand,NZL,1970,1.2783686
New Zealand,NZL,1971,1.6248423
New Zealand,NZL,1972,2.652316
New Zealand,NZL,1973,3.1780002
New Zealand,NZL,1974,3.620053
New Zealand,NZL,1975,6.2723694
New Zealand,NZL,1976,16.977213
New Zealand,NZL,1977,26.965214
New Zealand,NZL,1978,25.38816
New Zealand,NZL,1979,15.615212
New Zealand,NZL,1980,10.691232
New Zealand,NZL,1981,12.920332
New Zealand,NZL,1982,22.694252
New Zealand,NZL,1983,24.296764
New Zealand,NZL,1984,30.754877
New Zealand,NZL,1985,39.29028
New Zealand,NZL,1986,47.25068
New Zealand,NZL,1987,45.3041
New Zealand,NZL,1988,49.76874
New Zealand,NZL,1989,51.067635
New Zealand,NZL,1990,50.66818
New Zealand,NZL,1991,55.274376
New Zealand,NZL,1992,58.63896
New Zealand,NZL,1993,52.56686
New Zealand,NZL,1994,53.310562
New Zealand,NZL,1995,50.38455
New Zealand,NZL,1996,57.42858
New Zealand,NZL,1997,61.458694
New Zealand,NZL,1998,53.811707
New Zealand,NZL,1999,62.17662
New Zealand,NZL,2000,62.697666
New Zealand,NZL,2001,69.18417
New Zealand,NZL,2002,65.1277
New Zealand,NZL,2003,49.784092
New Zealand,NZL,2004,43.744072
New Zealand,NZL,2005,41.70872
New Zealand,NZL,2006,42.79288
New Zealand,NZL,2007,47.1223
New Zealand,NZL,2008,44.44584
New Zealand,NZL,2009,46.434494
New Zealand,NZL,2010,49.81449
New Zealand,NZL,2011,44.980576
New Zealand,NZL,2012,49.69666
New Zealand,NZL,2013,51.99082
New Zealand,NZL,2014,56.67468
New Zealand,NZL,2015,52.25288
New Zealand,NZL,2016,53.4342
New Zealand,NZL,2017,53.866653
New Zealand,NZL,2018,47.515717
New Zealand,NZL,2019,50.32357
New Zealand,NZL,2020,49.812878
New Zealand,NZL,2021,43.875412
New Zealand,NZL,2022,41.227196
New Zealand,NZL,2023,42.394455
New Zealand,NZL,2024,35.273346
Nicaragua,NIC,1980,0
Nicaragua,NIC,1981,0
Nicaragua,NIC,1982,0
Nicaragua,NIC,1983,0
Nicaragua,NIC,1984,0
Nicaragua,NIC,1985,0
Nicaragua,NIC,1986,0
Nicaragua,NIC,1987,0
Nicaragua,NIC,1988,0
Nicaragua,NIC,1989,0
Nicaragua,NIC,1990,0
Nicaragua,NIC,1991,0
Nicaragua,NIC,1992,0
Nicaragua,NIC,1993,0
Nicaragua,NIC,1994,0
Nicaragua,NIC,1995,0
Nicaragua,NIC,1996,0
Nicaragua,NIC,1997,0
Nicaragua,NIC,1998,0
Nicaragua,NIC,1999,0
Nicaragua,NIC,2000,0
Nicaragua,NIC,2001,0
Nicaragua,NIC,2002,0
Nicaragua,NIC,2003,0
Nicaragua,NIC,2004,0
Nicaragua,NIC,2005,0
Nicaragua,NIC,2006,0
Nicaragua,NIC,2007,0
Nicaragua,NIC,2008,0
Nicaragua,NIC,2009,0
Nicaragua,NIC,2010,0
Nicaragua,NIC,2011,0
Nicaragua,NIC,2012,0
Nicaragua,NIC,2013,0
Nicaragua,NIC,2014,0
Nicaragua,NIC,2015,0
Nicaragua,NIC,2016,0
Nicaragua,NIC,2017,0
Nicaragua,NIC,2018,0
Nicaragua,NIC,2019,0
Nicaragua,NIC,2020,0
Nicaragua,NIC,2021,0
Nicaragua,NIC,2022,0
Nicaragua,NIC,2023,0
Nicaragua,NIC,2024,0
Niger,NER,1980,0
Niger,NER,1981,0
Niger,NER,1982,0
Niger,NER,1983,0
Niger,NER,1984,0
Niger,NER,1985,0
Niger,NER,1986,0
Niger,NER,1987,0
Niger,NER,1988,0
Niger,NER,1989,0
Niger,NER,1990,0
Niger,NER,1991,0
Niger,NER,1992,0
Niger,NER,1993,0
Niger,NER,1994,0
Niger,NER,1995,0
Niger,NER,1996,0
Niger,NER,1997,0
Niger,NER,1998,0
Niger,NER,1999,0
Niger,NER,2000,0
Niger,NER,2001,0
Niger,NER,2002,0
Niger,NER,2003,0
Niger,NER,2004,0
Niger,NER,2005,0
Niger,NER,2006,0
Niger,NER,2007,0
Niger,NER,2008,0
Niger,NER,2009,0
Niger,NER,2010,0
Niger,NER,2011,0
Niger,NER,2012,0
Niger,NER,2013,0
Niger,NER,2014,0
Niger,NER,2015,0
Niger,NER,2016,0
Niger,NER,2017,0
Niger,NER,2018,0.3809076
Niger,NER,2019,0.41779107
Niger,NER,2020,0.41978452
Niger,NER,2021,0.31914386
Niger,NER,2022,0.2898989
Niger,NER,2023,0.2898989
Niger,NER,2024,0.2898989
Nigeria,NGA,1900,0
Nigeria,NGA,1901,0
Nigeria,NGA,1902,0
Nigeria,NGA,1903,0
Nigeria,NGA,1904,0
Nigeria,NGA,1905,0
Nigeria,NGA,1906,0
Nigeria,NGA,1907,0
Nigeria,NGA,1908,0
Nigeria,NGA,1909,0
Nigeria,NGA,1910,0
Nigeria,NGA,1911,0
Nigeria,NGA,1912,0
Nigeria,NGA,1913,0
Nigeria,NGA,1914,0
Nigeria,NGA,1915,0
Nigeria,NGA,1916,0
Nigeria,NGA,1917,0
Nigeria,NGA,1918,0
Nigeria,NGA,1919,0
Nigeria,NGA,1920,0
Nigeria,NGA,1921,0
Nigeria,NGA,1922,0
Nigeria,NGA,1923,0
Nigeria,NGA,1924,0
Nigeria,NGA,1925,0
Nigeria,NGA,1926,0
Nigeria,NGA,1927,0
Nigeria,NGA,1928,0
Nigeria,NGA,1929,0
Nigeria,NGA,1930,0
Nigeria,NGA,1931,0
Nigeria,NGA,1932,0
Nigeria,NGA,1933,0
Nigeria,NGA,1934,0
Nigeria,NGA,1935,0
Nigeria,NGA,1936,0
Nigeria,NGA,1937,0
Nigeria,NGA,1938,0
Nigeria,NGA,1939,0
Nigeria,NGA,1940,0
Nigeria,NGA,1941,0
Nigeria,NGA,1942,0
Nigeria,NGA,1943,0
Nigeria,NGA,1944,0
Nigeria,NGA,1945,0
Nigeria,NGA,1946,0
Nigeria,NGA,1947,0
Nigeria,NGA,1948,0
Nigeria,NGA,1949,0
Nigeria,NGA,1950,0
Nigeria,NGA,1951,0
Nigeria,NGA,1952,0
Nigeria,NGA,1953,0
Nigeria,NGA,1954,0
Nigeria,NGA,1955,0
Nigeria,NGA,1956,0
Nigeria,NGA,1957,0
Nigeria,NGA,1958,0
Nigeria,NGA,1959,0
Nigeria,NGA,1960,0
Nigeria,NGA,1961,0
Nigeria,NGA,1962,0.024086507
Nigeria,NGA,1963,0.37334085
Nigeria,NGA,1964,0.65033567
Nigeria,NGA,1965,1.1802387
Nigeria,NGA,1966,2.1196125
Nigeria,NGA,1967,2.1798286
Nigeria,NGA,1968,1.7703581
Nigeria,NGA,1969,0.7707682
Nigeria,NGA,1970,1.0545
Nigeria,NGA,1971,1.95225
Nigeria,NGA,1972,2.61725
Nigeria,NGA,1973,4.0090003
Nigeria,NGA,1974,3.743
Nigeria,NGA,1975,3.3535001
Nigeria,NGA,1976,6.22725
Nigeria,NGA,1977,8.1985
Nigeria,NGA,1978,9.93225
Nigeria,NGA,1979,13.091001
Nigeria,NGA,1980,15.822249
Nigeria,NGA,1981,23.3035
Nigeria,NGA,1982,24.277248
Nigeria,NGA,1983,27.521502
Nigeria,NGA,1984,26.4765
Nigeria,NGA,1985,25.08
Nigeria,NGA,1986,29.2505
Nigeria,NGA,1987,28.9655
Nigeria,NGA,1988,34.82225
Nigeria,NGA,1989,40.318
Nigeria,NGA,1990,38.3895
Nigeria,NGA,1991,37.448997
Nigeria,NGA,1992,40.5365
Nigeria,NGA,1993,46.189
Nigeria,NGA,1994,42.1895
Nigeria,NGA,1995,45.913498
Nigeria,NGA,1996,51.6515
Nigeria,NGA,1997,49.745975
Nigeria,NGA,1998,60.17689
Nigeria,NGA,1999,43.377163
Nigeria,NGA,2000,112.04464
Nigeria,NGA,2001,152.61342
Nigeria,NGA,2002,171.40392
Nigeria,NGA,2003,213.93889
Nigeria,NGA,2004,228.94197
Nigeria,NGA,2005,229.83986
Nigeria,NGA,2006,268.91507
Nigeria,NGA,2007,336.3423
Nigeria,NGA,2008,327.7922
Nigeria,NGA,2009,231.91939
Nigeria,NGA,2010,309.06668
Nigeria,NGA,2011,364.25815
Nigeria,NGA,2012,391.60303
Nigeria,NGA,2013,330.99573
Nigeria,NGA,2014,399.82535
Nigeria,NGA,2015,475.65283
Nigeria,NGA,2016,426.3702
Nigeria,NGA,2017,472.0562
Nigeria,NGA,2018,482.69553
Nigeria,NGA,2019,492.7915
Nigeria,NGA,2020,494.31137
Nigeria,NGA,2021,524.4082
Nigeria,NGA,2022,471.1942
Nigeria,NGA,2023,443.5072
Nigeria,NGA,2024,468.4584
Nigeria,NGA,2025,507.74347
Niue,NIU,1980,0
Niue,NIU,1981,0
Niue,NIU,1982,0
Niue,NIU,1983,0
Niue,NIU,1984,0
Niue,NIU,1985,0
Niue,NIU,1986,0
Niue,NIU,1987,0
Niue,NIU,1988,0
Niue,NIU,1989,0
Niue,NIU,1990,0
Niue,NIU,1991,0
Niue,NIU,1992,0
Niue,NIU,1993,0
Niue,NIU,1994,0
Niue,NIU,1995,0
Niue,NIU,1996,0
Niue,NIU,1997,0
Niue,NIU,1998,0
Niue,NIU,1999,0
Niue,NIU,2000,0
Niue,NIU,2001,0
Niue,NIU,2002,0
Niue,NIU,2003,0
Niue,NIU,2004,0
Niue,NIU,2005,0
Niue,NIU,2006,0
Niue,NIU,2007,0
Niue,NIU,2008,0
Niue,NIU,2009,0
Niue,NIU,2010,0
Niue,NIU,2011,0
Niue,NIU,2012,0
Niue,NIU,2013,0
Niue,NIU,2014,0
Niue,NIU,2015,0
Niue,NIU,2016,0
Niue,NIU,2017,0
Niue,NIU,2018,0
Niue,NIU,2019,0
Niue,NIU,2020,0
Niue,NIU,2021,0
Niue,NIU,2022,0
Niue,NIU,2023,0
Niue,NIU,2024,0
North America,OWID_NAM,1970,6382.9004
North America,OWID_NAM,1971,6595.06
North America,OWID_NAM,1972,6657.1353
North America,OWID_NAM,1973,6708.5825
North America,OWID_NAM,1974,6440.4043
North America,OWID_NAM,1975,6041.9253
North America,OWID_NAM,1976,6005.463
North America,OWID_NAM,1977,6075.059
North America,OWID_NAM,1978,6065.774
North America,OWID_NAM,1979,6299.021
North America,OWID_NAM,1980,6242.9756
North America,OWID_NAM,1981,6186.2104
North America,OWID_NAM,1982,5881.014
North America,OWID_NAM,1983,5386.6987
North America,OWID_NAM,1984,5822.198
North America,OWID_NAM,1985,5604.0566
North America,OWID_NAM,1986,5408.0845
North America,OWID_NAM,1987,5635.1904
North America,OWID_NAM,1988,5894.136
North America,OWID_NAM,1989,6008.7983
North America,OWID_NAM,1990,6187.361
North America,OWID_NAM,1991,6220.311
North America,OWID_NAM,1992,6359.61
North America,OWID_NAM,1993,6560.731
North America,OWID_NAM,1994,6894.168
North America,OWID_NAM,1995,6926.7153
North America,OWID_NAM,1996,7033.366
North America,OWID_NAM,1997,7114.8276
North America,OWID_NAM,1998,7250.7695
North America,OWID_NAM,1999,7268.483
North America,OWID_NAM,2000,7427.526
North America,OWID_NAM,2001,7598.2344
North America,OWID_NAM,2002,7435.8174
North America,OWID_NAM,2003,7545.856
North America,OWID_NAM,2004,7461.5312
North America,OWID_NAM,2005,7436.566
North America,OWID_NAM,2006,7662.098
North America,OWID_NAM,2007,7823.205
North America,OWID_NAM,2008,7983.232
North America,OWID_NAM,2009,8049.026
North America,OWID_NAM,2010,8172.674
North America,OWID_NAM,2011,8600.862
North America,OWID_NAM,2012,8897.071
North America,OWID_NAM,2013,8996.767
North America,OWID_NAM,2014,9539.74
North America,OWID_NAM,2015,9859.392
North America,OWID_NAM,2016,9746.136
North America,OWID_NAM,2017,9966.339
North America,OWID_NAM,2018,10956.767
North America,OWID_NAM,2019,11756.024
North America,OWID_NAM,2020,11609.425
North America,OWID_NAM,2021,11806.926
North America,OWID_NAM,2022,12430.976
North America,OWID_NAM,2023,12882.454
North America,OWID_NAM,2024,12921.776
North America,OWID_NAM,2025,13391.485
North America (EI),,1970,6365.089
North America (EI),,1971,6576.3374
North America (EI),,1972,6637.7803
North America (EI),,1973,6689.904
North America (EI),,1974,6423.288
North America (EI),,1975,6026.37
North America (EI),,1976,5987.9126
North America (EI),,1977,6054.517
North America (EI),,1978,6041.3154
North America (EI),,1979,6273.644
North America (EI),,1980,6214.3394
North America (EI),,1981,6154.7827
North America (EI),,1982,5842.893
North America (EI),,1983,5347.2134
North America (EI),,1984,5780.797
North America (EI),,1985,5561.5864
North America (EI),,1986,5364.635
North America (EI),,1987,5589.048
North America (EI),,1988,5841.0767
North America (EI),,1989,5955.502
North America (EI),,1990,6132.1187
North America (EI),,1991,6164.46
North America (EI),,1992,6305.712
North America (EI),,1993,6500.221
North America (EI),,1994,6825.0093
North America (EI),,1995,6852.484
North America (EI),,1996,6949.552
North America (EI),,1997,7023.7725
North America (EI),,1998,7158.6626
North America (EI),,1999,7149.1353
North America (EI),,2000,7282.837
North America (EI),,2001,7444.5493
North America (EI),,2002,7256.791
North America (EI),,2003,7287.4316
North America (EI),,2004,7168.723
North America (EI),,2005,7129.0513
North America (EI),,2006,7295.7363
North America (EI),,2007,7434.266
North America (EI),,2008,7597.8965
North America (EI),,2009,7652.164
North America (EI),,2010,7759.263
North America (EI),,2011,8205.288
North America (EI),,2012,8502.803
North America (EI),,2013,8601.011
North America (EI),,2014,9150.179
North America (EI),,2015,9490.059
North America (EI),,2016,9424.025
North America (EI),,2017,9638.262
North America (EI),,2018,10607.756
North America (EI),,2019,11401.449
North America (EI),,2020,11306.358
North America (EI),,2021,11552.968
North America (EI),,2022,12162.498
North America (EI),,2023,12626.091
North America (EI),,2024,12671.791
North America (EI),,2025,13147.608
North Korea,PRK,1980,0
North Korea,PRK,1981,0
North Korea,PRK,1982,0
North Korea,PRK,1983,0
North Korea,PRK,1984,0
North Korea,PRK,1985,0
North Korea,PRK,1986,0
North Korea,PRK,1987,0
North Korea,PRK,1988,0
North Korea,PRK,1989,0
North Korea,PRK,1990,0
North Korea,PRK,1991,0
North Korea,PRK,1992,0
North Korea,PRK,1993,0
North Korea,PRK,1994,0
North Korea,PRK,1995,0
North Korea,PRK,1996,0
North Korea,PRK,1997,0
North Korea,PRK,1998,0
North Korea,PRK,1999,0
North Korea,PRK,2000,0
North Korea,PRK,2001,0
North Korea,PRK,2002,0
North Korea,PRK,2003,0
North Korea,PRK,2004,0
North Korea,PRK,2005,0
North Korea,PRK,2006,0
North Korea,PRK,2007,0
North Korea,PRK,2008,0
North Korea,PRK,2009,0
North Korea,PRK,2010,0
North Korea,PRK,2011,0
North Korea,PRK,2012,0
North Korea,PRK,2013,0
North Korea,PRK,2014,0
North Korea,PRK,2015,0
North Korea,PRK,2016,0
North Korea,PRK,2017,0
North Korea,PRK,2018,0
North Korea,PRK,2019,0
North Korea,PRK,2020,0
North Korea,PRK,2021,0
North Korea,PRK,2022,0
North Korea,PRK,2023,0
North Korea,PRK,2024,0
North Macedonia,MKD,1992,0
North Macedonia,MKD,1993,0
North Macedonia,MKD,1994,0
North Macedonia,MKD,1995,0
North Macedonia,MKD,1996,0
North Macedonia,MKD,1997,0
North Macedonia,MKD,1998,0
North Macedonia,MKD,1999,0
North Macedonia,MKD,2000,0
North Macedonia,MKD,2001,0
North Macedonia,MKD,2002,0
North Macedonia,MKD,2003,0
North Macedonia,MKD,2004,0
North Macedonia,MKD,2005,0
North Macedonia,MKD,2006,0
North Macedonia,MKD,2007,0
North Macedonia,MKD,2008,0
North Macedonia,MKD,2009,0
North Macedonia,MKD,2010,0
North Macedonia,MKD,2011,0
North Macedonia,MKD,2012,0
North Macedonia,MKD,2013,0
North Macedonia,MKD,2014,0
North Macedonia,MKD,2015,0
North Macedonia,MKD,2016,0
North Macedonia,MKD,2017,0
North Macedonia,MKD,2018,0
North Macedonia,MKD,2019,0
North Macedonia,MKD,2020,0
North Macedonia,MKD,2021,0
North Macedonia,MKD,2022,0
North Macedonia,MKD,2023,0
North Macedonia,MKD,2024,0
Northern Mariana Islands,MNP,1980,0
Northern Mariana Islands,MNP,1981,0
Northern Mariana Islands,MNP,1982,0
Northern Mariana Islands,MNP,1983,0
Northern Mariana Islands,MNP,1984,0
Northern Mariana Islands,MNP,1985,0
Northern Mariana Islands,MNP,1986,0
Northern Mariana Islands,MNP,1987,0
Northern Mariana Islands,MNP,1988,0
Northern Mariana Islands,MNP,1989,0
Northern Mariana Islands,MNP,1990,0
Northern Mariana Islands,MNP,1991,0
Northern Mariana Islands,MNP,1992,0
Northern Mariana Islands,MNP,1993,0
Northern Mariana Islands,MNP,1994,0
Northern Mariana Islands,MNP,1995,0
Northern Mariana Islands,MNP,1996,0
Northern Mariana Islands,MNP,1997,0
Northern Mariana Islands,MNP,1998,0
Northern Mariana Islands,MNP,1999,0
Northern Mariana Islands,MNP,2000,0
Northern Mariana Islands,MNP,2001,0
Northern Mariana Islands,MNP,2002,0
Northern Mariana Islands,MNP,2003,0
Northern Mariana Islands,MNP,2004,0
Northern Mariana Islands,MNP,2005,0
Northern Mariana Islands,MNP,2006,0
Northern Mariana Islands,MNP,2007,0
Northern Mariana Islands,MNP,2008,0
Northern Mariana Islands,MNP,2009,0
Northern Mariana Islands,MNP,2010,0
Northern Mariana Islands,MNP,2011,0
Northern Mariana Islands,MNP,2012,0
Northern Mariana Islands,MNP,2013,0
Northern Mariana Islands,MNP,2014,0
Northern Mariana Islands,MNP,2015,0
Northern Mariana Islands,MNP,2016,0
Northern Mariana Islands,MNP,2017,0
Northern Mariana Islands,MNP,2018,0
Northern Mariana Islands,MNP,2019,0
Northern Mariana Islands,MNP,2020,0
Northern Mariana Islands,MNP,2021,0
Northern Mariana Islands,MNP,2022,0
Northern Mariana Islands,MNP,2023,0
Northern Mariana Islands,MNP,2024,0
Norway,NOR,1900,0
Norway,NOR,1901,0
Norway,NOR,1902,0
Norway,NOR,1903,0
Norway,NOR,1904,0
Norway,NOR,1905,0
Norway,NOR,1906,0
Norway,NOR,1907,0
Norway,NOR,1908,0
Norway,NOR,1909,0
Norway,NOR,1910,0
Norway,NOR,1911,0
Norway,NOR,1912,0
Norway,NOR,1913,0
Norway,NOR,1914,0
Norway,NOR,1915,0
Norway,NOR,1916,0
Norway,NOR,1917,0
Norway,NOR,1918,0
Norway,NOR,1919,0
Norway,NOR,1920,0
Norway,NOR,1921,0
Norway,NOR,1922,0
Norway,NOR,1923,0
Norway,NOR,1924,0
Norway,NOR,1925,0
Norway,NOR,1926,0
Norway,NOR,1927,0
Norway,NOR,1928,0
Norway,NOR,1929,0
Norway,NOR,1930,0
Norway,NOR,1931,0
Norway,NOR,1932,0
Norway,NOR,1933,0
Norway,NOR,1934,0
Norway,NOR,1935,0
Norway,NOR,1936,0
Norway,NOR,1937,0
Norway,NOR,1938,0
Norway,NOR,1939,0
Norway,NOR,1940,0
Norway,NOR,1941,0
Norway,NOR,1942,0
Norway,NOR,1943,0
Norway,NOR,1944,0
Norway,NOR,1945,0
Norway,NOR,1946,0
Norway,NOR,1947,0
Norway,NOR,1948,0
Norway,NOR,1949,0
Norway,NOR,1950,0
Norway,NOR,1951,0
Norway,NOR,1952,0
Norway,NOR,1953,0
Norway,NOR,1954,0
Norway,NOR,1955,0
Norway,NOR,1956,0
Norway,NOR,1957,0
Norway,NOR,1958,0
Norway,NOR,1959,0
Norway,NOR,1960,0
Norway,NOR,1961,0
Norway,NOR,1962,0
Norway,NOR,1963,0
Norway,NOR,1964,0
Norway,NOR,1965,0
Norway,NOR,1966,0
Norway,NOR,1967,0
Norway,NOR,1968,0
Norway,NOR,1969,0
Norway,NOR,1970,0
Norway,NOR,1971,0
Norway,NOR,1972,0
Norway,NOR,1973,0
Norway,NOR,1974,0
Norway,NOR,1975,0
Norway,NOR,1976,0
Norway,NOR,1977,26.349882
Norway,NOR,1978,140.9424
Norway,NOR,1979,205.14702
Norway,NOR,1980,249.00156
Norway,NOR,1981,247.63988
Norway,NOR,1982,237.80336
Norway,NOR,1983,234.35478
Norway,NOR,1984,257.67877
Norway,NOR,1985,259.8926
Norway,NOR,1986,258.9403
Norway,NOR,1987,279.39752
Norway,NOR,1988,281.17096
Norway,NOR,1989,285.22195
Norway,NOR,1990,252.88354
Norway,NOR,1991,248.3931
Norway,NOR,1992,256.39908
Norway,NOR,1993,246.17819
Norway,NOR,1994,266.40295
Norway,NOR,1995,276.05
Norway,NOR,1996,371.1746
Norway,NOR,1997,426.22638
Norway,NOR,1998,519.28284
Norway,NOR,1999,481.0726
Norway,NOR,2000,501.2096
Norway,NOR,2001,541.3105
Norway,NOR,2002,655.119
Norway,NOR,2003,729.23456
Norway,NOR,2004,792.1163
Norway,NOR,2005,856.7091
Norway,NOR,2006,882.24945
Norway,NOR,2007,893.61475
Norway,NOR,2008,970.52
Norway,NOR,2009,995.28937
Norway,NOR,2010,1045.6365
Norway,NOR,2011,1003.0435
Norway,NOR,2012,1130.5948
Norway,NOR,2013,1070.3325
Norway,NOR,2014,1062.7272
Norway,NOR,2015,1148.4377
Norway,NOR,2016,1146.6488
Norway,NOR,2017,1223.7234
Norway,NOR,2018,1199.5273
Norway,NOR,2019,1131.1782
Norway,NOR,2020,1101.0774
Norway,NOR,2021,1130.9902
Norway,NOR,2022,1228.4415
Norway,NOR,2023,1160.313
Norway,NOR,2024,1242.6053
Norway,NOR,2025,1205.6047
OECD (EI),,1970,7246.023
OECD (EI),,1971,7684.0537
OECD (EI),,1972,8015.114
OECD (EI),,1973,8255.177
OECD (EI),,1974,8180.4995
OECD (EI),,1975,7840.328
OECD (EI),,1976,7923.642
OECD (EI),,1977,8055.405
OECD (EI),,1978,8100.2983
OECD (EI),,1979,8425.303
OECD (EI),,1980,8330.111
OECD (EI),,1981,8229.922
OECD (EI),,1982,7796.3394
OECD (EI),,1983,7366.8994
OECD (EI),,1984,7841.957
OECD (EI),,1985,7718.7466
OECD (EI),,1986,7470.6787
OECD (EI),,1987,7765.9893
OECD (EI),,1988,7916.8887
OECD (EI),,1989,8131.684
OECD (EI),,1990,8336.06
OECD (EI),,1991,8534.481
OECD (EI),,1992,8724.725
OECD (EI),,1993,9046.032
OECD (EI),,1994,9451.023
OECD (EI),,1995,9588.925
OECD (EI),,1996,10043.352
OECD (EI),,1997,10107.805
OECD (EI),,1998,9815.476
OECD (EI),,1999,10329.661
OECD (EI),,2000,10559.445
OECD (EI),,2001,10778.666
OECD (EI),,2002,10666.134
OECD (EI),,2003,10716.817
OECD (EI),,2004,10734.737
OECD (EI),,2005,10632.756
OECD (EI),,2006,10750.065
OECD (EI),,2007,10783.069
OECD (EI),,2008,11079.0625
OECD (EI),,2009,11008.697
OECD (EI),,2010,11292.233
OECD (EI),,2011,11510.416
OECD (EI),,2012,11865.187
OECD (EI),,2013,11958.108
OECD (EI),,2014,12411.683
OECD (EI),,2015,12798.092
OECD (EI),,2016,12948.448
OECD (EI),,2017,13347.942
OECD (EI),,2018,14381.962
OECD (EI),,2019,15213.62
OECD (EI),,2020,15004.087
OECD (EI),,2021,15230.677
OECD (EI),,2022,16036.729
OECD (EI),,2023,16327.413
OECD (EI),,2024,16439.326
OECD (EI),,2025,16829.965
Oceania,OWID_OCE,1970,17.303974
Oceania,OWID_OCE,1971,25.82668
Oceania,OWID_OCE,1972,37.074265
Oceania,OWID_OCE,1973,47.068798
Oceania,OWID_OCE,1974,53.70199
Oceania,OWID_OCE,1975,57.669968
Oceania,OWID_OCE,1976,68.07722
Oceania,OWID_OCE,1977,77.76844
Oceania,OWID_OCE,1978,83.72538
Oceania,OWID_OCE,1979,96.37518
Oceania,OWID_OCE,1980,110.665886
Oceania,OWID_OCE,1981,119.94439
Oceania,OWID_OCE,1982,116.980835
Oceania,OWID_OCE,1983,127.07482
Oceania,OWID_OCE,1984,125.31727
Oceania,OWID_OCE,1985,133.95262
Oceania,OWID_OCE,1986,146.32928
Oceania,OWID_OCE,1987,149.39459
Oceania,OWID_OCE,1988,152.99338
Oceania,OWID_OCE,1989,177.07565
Oceania,OWID_OCE,1990,206.11147
Oceania,OWID_OCE,1991,215.765
Oceania,OWID_OCE,1992,233.33595
Oceania,OWID_OCE,1993,243.83902
Oceania,OWID_OCE,1994,279.91214
Oceania,OWID_OCE,1995,295.9597
Oceania,OWID_OCE,1996,296.33704
Oceania,OWID_OCE,1997,296.37646
Oceania,OWID_OCE,1998,302.7371
Oceania,OWID_OCE,1999,307.1253
Oceania,OWID_OCE,2000,311.92328
Oceania,OWID_OCE,2001,326.41318
Oceania,OWID_OCE,2002,330.01163
Oceania,OWID_OCE,2003,337.45227
Oceania,OWID_OCE,2004,359.30313
Oceania,OWID_OCE,2005,382.3528
Oceania,OWID_OCE,2006,406.82227
Oceania,OWID_OCE,2007,427.51187
Oceania,OWID_OCE,2008,416.829
Oceania,OWID_OCE,2009,466.97592
Oceania,OWID_OCE,2010,526.2551
Oceania,OWID_OCE,2011,544.51514
Oceania,OWID_OCE,2012,582.85803
Oceania,OWID_OCE,2013,605.76587
Oceania,OWID_OCE,2014,652.74426
Oceania,OWID_OCE,2015,742.9768
Oceania,OWID_OCE,2016,940.797
Oceania,OWID_OCE,2017,1102.9464
Oceania,OWID_OCE,2018,1274.0186
Oceania,OWID_OCE,2019,1461.0239
Oceania,OWID_OCE,2020,1457.1638
Oceania,OWID_OCE,2021,1479.2603
Oceania,OWID_OCE,2022,1542.3914
Oceania,OWID_OCE,2023,1507.1117
Oceania,OWID_OCE,2024,1522.9299
Oceania,OWID_OCE,2025,1485.7379
Oman,OMN,1900,0
Oman,OMN,1901,0
Oman,OMN,1902,0
Oman,OMN,1903,0
Oman,OMN,1904,0
Oman,OMN,1905,0
Oman,OMN,1906,0
Oman,OMN,1907,0
Oman,OMN,1908,0
Oman,OMN,1909,0
Oman,OMN,1910,0
Oman,OMN,1911,0
Oman,OMN,1912,0
Oman,OMN,1913,0
Oman,OMN,1914,0
Oman,OMN,1915,0
Oman,OMN,1916,0
Oman,OMN,1917,0
Oman,OMN,1918,0
Oman,OMN,1919,0
Oman,OMN,1920,0
Oman,OMN,1921,0
Oman,OMN,1922,0
Oman,OMN,1923,0
Oman,OMN,1924,0
Oman,OMN,1925,0
Oman,OMN,1926,0
Oman,OMN,1927,0
Oman,OMN,1928,0
Oman,OMN,1929,0
Oman,OMN,1930,0
Oman,OMN,1931,0
Oman,OMN,1932,0
Oman,OMN,1933,0
Oman,OMN,1934,0
Oman,OMN,1935,0
Oman,OMN,1936,0
Oman,OMN,1937,0
Oman,OMN,1938,0
Oman,OMN,1939,0
Oman,OMN,1940,0
Oman,OMN,1941,0
Oman,OMN,1942,0
Oman,OMN,1943,0
Oman,OMN,1944,0
Oman,OMN,1945,0
Oman,OMN,1946,0
Oman,OMN,1947,0
Oman,OMN,1948,0
Oman,OMN,1949,0
Oman,OMN,1950,0
Oman,OMN,1951,0
Oman,OMN,1952,0
Oman,OMN,1953,0
Oman,OMN,1954,0
Oman,OMN,1955,0
Oman,OMN,1956,0
Oman,OMN,1957,0
Oman,OMN,1958,0
Oman,OMN,1959,0
Oman,OMN,1960,0
Oman,OMN,1961,0
Oman,OMN,1962,0
Oman,OMN,1963,0
Oman,OMN,1964,0
Oman,OMN,1965,0
Oman,OMN,1966,0
Oman,OMN,1967,0
Oman,OMN,1968,0
Oman,OMN,1969,0
Oman,OMN,1970,0
Oman,OMN,1971,0
Oman,OMN,1972,0
Oman,OMN,1973,0
Oman,OMN,1974,0
Oman,OMN,1975,0
Oman,OMN,1976,0
Oman,OMN,1977,0
Oman,OMN,1978,3.025425
Oman,OMN,1979,5.0895
Oman,OMN,1980,6.460838
Oman,OMN,1981,7.6154
Oman,OMN,1982,8.3317
Oman,OMN,1983,10.348649
Oman,OMN,1984,13.0065
Oman,OMN,1985,16.559725
Oman,OMN,1986,19.35895
Oman,OMN,1987,21.686924
Oman,OMN,1988,21.823587
Oman,OMN,1989,22.648275
Oman,OMN,1990,24.476727
Oman,OMN,1991,24.816025
Oman,OMN,1992,27.12515
Oman,OMN,1993,26.03185
Oman,OMN,1994,27.257101
Oman,OMN,1995,38.180676
Oman,OMN,1996,41.281498
Oman,OMN,1997,46.955353
Oman,OMN,1998,48.755524
Oman,OMN,1999,51.385098
Oman,OMN,2000,103.21108
Oman,OMN,2001,154.2464
Oman,OMN,2002,166.441
Oman,OMN,2003,183.3549
Oman,OMN,2004,186.57536
Oman,OMN,2005,208.49399
Oman,OMN,2006,242.9146
Oman,OMN,2007,246.06517
Oman,OMN,2008,241.36316
Oman,OMN,2009,239.1397
Oman,OMN,2010,256.9776
Oman,OMN,2011,271.27878
Oman,OMN,2012,283.2199
Oman,OMN,2013,307.859
Oman,OMN,2014,293.49078
Oman,OMN,2015,307.4712
Oman,OMN,2016,314.77505
Oman,OMN,2017,323.23413
Oman,OMN,2018,363.32648
Oman,OMN,2019,366.90195
Oman,OMN,2020,369.30405
Oman,OMN,2021,402.51956
Oman,OMN,2022,421.11182
Oman,OMN,2023,431.52698
Oman,OMN,2024,453.20673
Oman,OMN,2025,456.13635
Pakistan,PAK,1900,0
Pakistan,PAK,1901,0
Pakistan,PAK,1902,0
Pakistan,PAK,1903,0
Pakistan,PAK,1904,0
Pakistan,PAK,1905,0
Pakistan,PAK,1906,0
Pakistan,PAK,1907,0
Pakistan,PAK,1908,0
Pakistan,PAK,1909,0
Pakistan,PAK,1910,0
Pakistan,PAK,1911,0
Pakistan,PAK,1912,0
Pakistan,PAK,1913,0
Pakistan,PAK,1914,0
Pakistan,PAK,1915,0
Pakistan,PAK,1916,0
Pakistan,PAK,1917,0
Pakistan,PAK,1918,0
Pakistan,PAK,1919,0
Pakistan,PAK,1920,0
Pakistan,PAK,1921,0
Pakistan,PAK,1922,0
Pakistan,PAK,1923,0
Pakistan,PAK,1924,0
Pakistan,PAK,1925,0
Pakistan,PAK,1926,0
Pakistan,PAK,1927,0
Pakistan,PAK,1928,0
Pakistan,PAK,1929,0
Pakistan,PAK,1930,0
Pakistan,PAK,1931,0
Pakistan,PAK,1932,0
Pakistan,PAK,1933,0
Pakistan,PAK,1934,0
Pakistan,PAK,1935,0
Pakistan,PAK,1936,0
Pakistan,PAK,1937,0
Pakistan,PAK,1938,0
Pakistan,PAK,1939,0
Pakistan,PAK,1940,0
Pakistan,PAK,1941,0
Pakistan,PAK,1942,0
Pakistan,PAK,1943,0
Pakistan,PAK,1944,0
Pakistan,PAK,1945,0
Pakistan,PAK,1946,0
Pakistan,PAK,1947,0
Pakistan,PAK,1948,0
Pakistan,PAK,1949,0
Pakistan,PAK,1950,0
Pakistan,PAK,1951,0
Pakistan,PAK,1952,0
Pakistan,PAK,1953,0
Pakistan,PAK,1954,0
Pakistan,PAK,1955,0.43719614
Pakistan,PAK,1956,2.1747704
Pakistan,PAK,1957,3.2509456
Pakistan,PAK,1958,4.013236
Pakistan,PAK,1959,4.876418
Pakistan,PAK,1960,7.0960298
Pakistan,PAK,1961,8.631821
Pakistan,PAK,1962,10.638439
Pakistan,PAK,1963,13.328877
Pakistan,PAK,1964,16.759184
Pakistan,PAK,1965,19.830767
Pakistan,PAK,1966,22.409103
Pakistan,PAK,1967,26.142088
Pakistan,PAK,1968,29.33698
Pakistan,PAK,1969,36.141544
Pakistan,PAK,1970,29.103926
Pakistan,PAK,1971,26.36095
Pakistan,PAK,1972,27.9892
Pakistan,PAK,1973,31.95545
Pakistan,PAK,1974,36.64815
Pakistan,PAK,1975,38.076
Pakistan,PAK,1976,38.8275
Pakistan,PAK,1977,42.418003
Pakistan,PAK,1978,43.587
Pakistan,PAK,1979,49.098003
Pakistan,PAK,1980,59.953
Pakistan,PAK,1981,65.3805
Pakistan,PAK,1982,71.309
Pakistan,PAK,1983,70.307
Pakistan,PAK,1984,72.144
Pakistan,PAK,1985,73.647
Pakistan,PAK,1986,78.991
Pakistan,PAK,1987,84.585495
Pakistan,PAK,1988,89.67899
Pakistan,PAK,1989,95.6075
Pakistan,PAK,1990,102.1205
Pakistan,PAK,1991,110.303505
Pakistan,PAK,1992,108.215996
Pakistan,PAK,1993,124.582
Pakistan,PAK,1994,127.0035
Pakistan,PAK,1995,130.26
Pakistan,PAK,1996,141.5325
Pakistan,PAK,1997,141.115
Pakistan,PAK,1998,148.62999
Pakistan,PAK,1999,169.50499
Pakistan,PAK,2000,179.525
Pakistan,PAK,2001,189.545
Pakistan,PAK,2002,205.4935
Pakistan,PAK,2003,255.5038
Pakistan,PAK,2004,306.76593
Pakistan,PAK,2005,326.10187
Pakistan,PAK,2006,333.1948
Pakistan,PAK,2007,338.00253
Pakistan,PAK,2008,346.0761
Pakistan,PAK,2009,347.0167
Pakistan,PAK,2010,353.48395
Pakistan,PAK,2011,353.39645
Pakistan,PAK,2012,365.97232
Pakistan,PAK,2013,355.85727
Pakistan,PAK,2014,349.86688
Pakistan,PAK,2015,350.47568
Pakistan,PAK,2016,346.78687
Pakistan,PAK,2017,346.51498
Pakistan,PAK,2018,342.00107
Pakistan,PAK,2019,326.9343
Pakistan,PAK,2020,305.88312
Pakistan,PAK,2021,326.6143
Pakistan,PAK,2022,286.28293
Pakistan,PAK,2023,277.03018
Pakistan,PAK,2024,260.8878
Pakistan,PAK,2025,249.421
Palestine,PSE,1997,0
Palestine,PSE,1998,0
Palestine,PSE,1999,0
Palestine,PSE,2000,0
Palestine,PSE,2001,0
Palestine,PSE,2002,0
Palestine,PSE,2003,0
Palestine,PSE,2004,0
Palestine,PSE,2005,0
Palestine,PSE,2006,0
Palestine,PSE,2007,0
Palestine,PSE,2008,0
Palestine,PSE,2009,0
Palestine,PSE,2010,0
Palestine,PSE,2011,0
Palestine,PSE,2012,0
Palestine,PSE,2013,0
Palestine,PSE,2014,0
Palestine,PSE,2015,0
Palestine,PSE,2016,0
Palestine,PSE,2017,0
Palestine,PSE,2018,0
Palestine,PSE,2019,0
Palestine,PSE,2020,0
Palestine,PSE,2021,0
Palestine,PSE,2022,0
Palestine,PSE,2023,0
Palestine,PSE,2024,0
Panama,PAN,1980,0
Panama,PAN,1981,0
Panama,PAN,1982,0
Panama,PAN,1983,0
Panama,PAN,1984,0
Panama,PAN,1985,0
Panama,PAN,1986,0
Panama,PAN,1987,0
Panama,PAN,1988,0
Panama,PAN,1989,0
Panama,PAN,1990,0
Panama,PAN,1991,0
Panama,PAN,1992,0
Panama,PAN,1993,0
Panama,PAN,1994,0
Panama,PAN,1995,0
Panama,PAN,1996,0
Panama,PAN,1997,0
Panama,PAN,1998,0
Panama,PAN,1999,0
Panama,PAN,2000,0
Panama,PAN,2001,0
Panama,PAN,2002,0
Panama,PAN,2003,0
Panama,PAN,2004,0
Panama,PAN,2005,0
Panama,PAN,2006,0
Panama,PAN,2007,0
Panama,PAN,2008,0
Panama,PAN,2009,0
Panama,PAN,2010,0
Panama,PAN,2011,0
Panama,PAN,2012,0
Panama,PAN,2013,0
Panama,PAN,2014,0
Panama,PAN,2015,0
Panama,PAN,2016,0
Panama,PAN,2017,0
Panama,PAN,2018,0
Panama,PAN,2019,0
Panama,PAN,2020,0
Panama,PAN,2021,0
Panama,PAN,2022,0
Panama,PAN,2023,0
Panama,PAN,2024,0
Papua New Guinea,PNG,1980,0
Papua New Guinea,PNG,1981,0
Papua New Guinea,PNG,1982,0
Papua New Guinea,PNG,1983,0
Papua New Guinea,PNG,1984,0
Papua New Guinea,PNG,1985,0
Papua New Guinea,PNG,1986,0
Papua New Guinea,PNG,1987,0
Papua New Guinea,PNG,1988,0
Papua New Guinea,PNG,1989,0
Papua New Guinea,PNG,1990,0
Papua New Guinea,PNG,1991,0
Papua New Guinea,PNG,1992,0.6505123
Papua New Guinea,PNG,1993,0.8668996
Papua New Guinea,PNG,1994,0.5431164
Papua New Guinea,PNG,1995,1.0831643
Papua New Guinea,PNG,1996,1.408712
Papua New Guinea,PNG,1997,1.191987
Papua New Guinea,PNG,1998,1.191987
Papua New Guinea,PNG,1999,1.191987
Papua New Guinea,PNG,2000,1.191987
Papua New Guinea,PNG,2001,1.191987
Papua New Guinea,PNG,2002,1.191987
Papua New Guinea,PNG,2003,1.5170743
Papua New Guinea,PNG,2004,1.5170743
Papua New Guinea,PNG,2005,1.0836246
Papua New Guinea,PNG,2006,1.5170743
Papua New Guinea,PNG,2007,1.4737294
Papua New Guinea,PNG,2008,1.408712
Papua New Guinea,PNG,2009,1.0836246
Papua New Guinea,PNG,2010,1.191987
Papua New Guinea,PNG,2011,1.0836246
Papua New Guinea,PNG,2012,1.0836246
Papua New Guinea,PNG,2013,1.191987
Papua New Guinea,PNG,2014,51.472168
Papua New Guinea,PNG,2015,106.195206
Papua New Guinea,PNG,2016,119.13626
Papua New Guinea,PNG,2017,121.32242
Papua New Guinea,PNG,2018,109.108444
Papua New Guinea,PNG,2019,124.7461
Papua New Guinea,PNG,2020,128.64441
Papua New Guinea,PNG,2021,122.52587
Papua New Guinea,PNG,2022,129.71072
Papua New Guinea,PNG,2023,125.37671
Papua New Guinea,PNG,2024,123.60902
Paraguay,PRY,1980,0
Paraguay,PRY,1981,0
Paraguay,PRY,1982,0
Paraguay,PRY,1983,0
Paraguay,PRY,1984,0
Paraguay,PRY,1985,0
Paraguay,PRY,1986,0
Paraguay,PRY,1987,0
Paraguay,PRY,1988,0
Paraguay,PRY,1989,0
Paraguay,PRY,1990,0
Paraguay,PRY,1991,0
Paraguay,PRY,1992,0
Paraguay,PRY,1993,0
Paraguay,PRY,1994,0
Paraguay,PRY,1995,0
Paraguay,PRY,1996,0
Paraguay,PRY,1997,0
Paraguay,PRY,1998,0
Paraguay,PRY,1999,0
Paraguay,PRY,2000,0
Paraguay,PRY,2001,0
Paraguay,PRY,2002,0
Paraguay,PRY,2003,0
Paraguay,PRY,2004,0
Paraguay,PRY,2005,0
Paraguay,PRY,2006,0
Paraguay,PRY,2007,0
Paraguay,PRY,2008,0
Paraguay,PRY,2009,0
Paraguay,PRY,2010,0
Paraguay,PRY,2011,0
Paraguay,PRY,2012,0
Paraguay,PRY,2013,0
Paraguay,PRY,2014,0
Paraguay,PRY,2015,0
Paraguay,PRY,2016,0
Paraguay,PRY,2017,0
Paraguay,PRY,2018,0
Paraguay,PRY,2019,0
Paraguay,PRY,2020,0
Paraguay,PRY,2021,0
Paraguay,PRY,2022,0
Paraguay,PRY,2023,0
Paraguay,PRY,2024,0
Peru,PER,1900,0
Peru,PER,1901,0
Peru,PER,1902,0
Peru,PER,1903,0
Peru,PER,1904,0
Peru,PER,1905,0
Peru,PER,1906,0
Peru,PER,1907,0
Peru,PER,1908,0
Peru,PER,1909,0
Peru,PER,1910,0
Peru,PER,1911,0
Peru,PER,1912,0
Peru,PER,1913,0
Peru,PER,1914,0
Peru,PER,1915,0
Peru,PER,1916,0
Peru,PER,1917,0
Peru,PER,1918,0
Peru,PER,1919,0
Peru,PER,1920,0
Peru,PER,1921,0
Peru,PER,1922,0
Peru,PER,1923,0
Peru,PER,1924,0
Peru,PER,1925,0
Peru,PER,1926,0
Peru,PER,1927,0
Peru,PER,1928,0
Peru,PER,1929,0
Peru,PER,1930,0
Peru,PER,1931,0
Peru,PER,1932,0
Peru,PER,1933,0
Peru,PER,1934,0
Peru,PER,1935,0
Peru,PER,1936,0
Peru,PER,1937,0
Peru,PER,1938,0
Peru,PER,1939,0
Peru,PER,1940,0
Peru,PER,1941,0
Peru,PER,1942,0
Peru,PER,1943,0
Peru,PER,1944,0
Peru,PER,1945,0
Peru,PER,1946,0
Peru,PER,1947,0
Peru,PER,1948,0
Peru,PER,1949,0
Peru,PER,1950,4.5243607
Peru,PER,1951,4.580217
Peru,PER,1952,4.580217
Peru,PER,1953,4.580217
Peru,PER,1954,4.580217
Peru,PER,1955,4.580217
Peru,PER,1956,4.6360736
Peru,PER,1957,5.5856304
Peru,PER,1958,4.747786
Peru,PER,1959,4.6919293
Peru,PER,1960,4.6360736
Peru,PER,1961,4.6919293
Peru,PER,1962,4.8036423
Peru,PER,1963,4.9153547
Peru,PER,1964,5.004725
Peru,PER,1965,4.881841
Peru,PER,1966,5.1052666
Peru,PER,1967,4.7813
Peru,PER,1968,5.3175206
Peru,PER,1969,5.4180617
Peru,PER,1970,3.975125
Peru,PER,1971,4.7451253
Peru,PER,1972,4.56225
Peru,PER,1973,4.466
Peru,PER,1974,4.60075
Peru,PER,1975,5.6787496
Peru,PER,1976,6.16
Peru,PER,1977,6.116688
Peru,PER,1978,6.391
Peru,PER,1979,5.90975
Peru,PER,1980,6.3525
Peru,PER,1981,7.2957497
Peru,PER,1982,7.6566873
Peru,PER,1983,5.0435
Peru,PER,1984,6.8145003
Peru,PER,1985,5.313
Peru,PER,1986,5.6354375
Peru,PER,1987,5.60175
Peru,PER,1988,5.284125
Peru,PER,1989,4.4804378
Peru,PER,1990,4.2879376
Peru,PER,1991,4.02325
Peru,PER,1992,3.628625
Peru,PER,1993,3.821125
Peru,PER,1994,3.98475
Peru,PER,1995,3.859625
Peru,PER,1996,3.917375
Peru,PER,1997,2.319625
Peru,PER,1998,3.936625
Peru,PER,1999,3.955875
Peru,PER,2000,3.3254375
Peru,PER,2001,3.56125
Peru,PER,2002,4.25425
Peru,PER,2003,5.033875
Peru,PER,2004,8.2775
Peru,PER,2005,14.599701
Peru,PER,2006,17.086443
Peru,PER,2007,25.751993
Peru,PER,2008,34.97944
Peru,PER,2009,35.857998
Peru,PER,2010,73.14946
Peru,PER,2011,114.80541
Peru,PER,2012,119.58075
Peru,PER,2013,123.99126
Peru,PER,2014,131.27231
Peru,PER,2015,126.56717
Peru,PER,2016,140.18434
Peru,PER,2017,130.10747
Peru,PER,2018,128.11485
Peru,PER,2019,134.95792
Peru,PER,2020,132.06778
Peru,PER,2021,124.34072
Peru,PER,2022,149.55145
Peru,PER,2023,154.24945
Peru,PER,2024,159.60516
Peru,PER,2025,154.64174
Philippines,PHL,1980,0
Philippines,PHL,1981,0
Philippines,PHL,1982,0
Philippines,PHL,1983,0
Philippines,PHL,1984,0
Philippines,PHL,1985,0
Philippines,PHL,1986,0
Philippines,PHL,1987,0
Philippines,PHL,1988,0
Philippines,PHL,1989,0
Philippines,PHL,1990,0
Philippines,PHL,1991,0
Philippines,PHL,1992,0
Philippines,PHL,1993,0
Philippines,PHL,1994,0
Philippines,PHL,1995,0.10021566
Philippines,PHL,1996,0.10111759
Philippines,PHL,1997,0.10111759
Philippines,PHL,1998,0.10111759
Philippines,PHL,1999,0.10111759
Philippines,PHL,2000,0.10111759
Philippines,PHL,2001,2.0223517
Philippines,PHL,2002,20.195574
Philippines,PHL,2003,24.447275
Philippines,PHL,2004,23.38435
Philippines,PHL,2005,22.321423
Philippines,PHL,2006,23.38435
Philippines,PHL,2007,30.944881
Philippines,PHL,2008,31.432564
Philippines,PHL,2009,33.67775
Philippines,PHL,2010,30.636457
Philippines,PHL,2011,33.74295
Philippines,PHL,2012,29.458132
Philippines,PHL,2013,37.59929
Philippines,PHL,2014,28.92253
Philippines,PHL,2015,27.851324
Philippines,PHL,2016,33.271576
Philippines,PHL,2017,40.216946
Philippines,PHL,2018,45.084843
Philippines,PHL,2019,45.407433
Philippines,PHL,2020,41.233665
Philippines,PHL,2021,35.136005
Philippines,PHL,2022,32.431385
Philippines,PHL,2023,22.872763
Philippines,PHL,2024,17.770134
Poland,POL,1900,0
Poland,POL,1901,0
Poland,POL,1902,0
Poland,POL,1903,0
Poland,POL,1904,0
Poland,POL,1905,0
Poland,POL,1906,0
Poland,POL,1907,0
Poland,POL,1908,0
Poland,POL,1909,0
Poland,POL,1910,0
Poland,POL,1911,0
Poland,POL,1912,0
Poland,POL,1913,0
Poland,POL,1914,0
Poland,POL,1915,0
Poland,POL,1916,0
Poland,POL,1917,0
Poland,POL,1918,0
Poland,POL,1919,0
Poland,POL,1920,0
Poland,POL,1921,0
Poland,POL,1922,3.45642
Poland,POL,1923,3.5478363
Poland,POL,1924,3.6392531
Poland,POL,1925,3.7306697
Poland,POL,1926,3.8220866
Poland,POL,1927,3.9135032
Poland,POL,1928,4.0049195
Poland,POL,1929,4.0755377
Poland,POL,1930,4.146156
Poland,POL,1931,4.216774
Poland,POL,1932,4.2873926
Poland,POL,1933,4.3580103
Poland,POL,1934,4.4286284
Poland,POL,1935,4.4992466
Poland,POL,1936,4.569865
Poland,POL,1937,4.6404834
Poland,POL,1938,4.269012
Poland,POL,1939,3.8975415
Poland,POL,1940,3.5260706
Poland,POL,1941,3.1546
Poland,POL,1942,2.783129
Poland,POL,1943,2.411658
Poland,POL,1944,2.0401874
Poland,POL,1945,1.6687167
Poland,POL,1946,1.2972457
Poland,POL,1947,1.2885394
Poland,POL,1948,1.3668965
Poland,POL,1949,1.1840632
Poland,POL,1950,1.5932616
Poland,POL,1951,2.411658
Poland,POL,1952,2.7250867
Poland,POL,1953,2.777325
Poland,POL,1954,3.1168723
Poland,POL,1955,3.4215946
Poland,POL,1956,3.7959673
Poland,POL,1957,3.6479592
Poland,POL,1958,3.3432374
Poland,POL,1959,3.6914914
Poland,POL,1960,4.7797847
Poland,POL,1961,6.390459
Poland,POL,1962,7.147911
Poland,POL,1963,8.558339
Poland,POL,1964,10.717513
Poland,POL,1965,11.997347
Poland,POL,1966,11.979934
Poland,POL,1967,13.651552
Poland,POL,1968,22.270836
Poland,POL,1969,34.12888
Poland,POL,1970,51.19325
Poland,POL,1971,52.79025
Poland,POL,1972,55.840748
Poland,POL,1973,56.64775
Poland,POL,1974,54.83525
Poland,POL,1975,56.43775
Poland,POL,1976,61.4325
Poland,POL,1977,64.661
Poland,POL,1978,69.33525
Poland,POL,1979,62.208
Poland,POL,1980,52.83525
Poland,POL,1981,46.959003
Poland,POL,1982,43.278
Poland,POL,1983,42.311253
Poland,POL,1984,46.4745
Poland,POL,1985,48.061996
Poland,POL,1986,43.63425
Poland,POL,1987,43.837
Poland,POL,1988,43.505
Poland,POL,1989,40.28375
Poland,POL,1990,27.655249
Poland,POL,1991,30.915
Poland,POL,1992,29.7705
Poland,POL,1993,38.041
Poland,POL,1994,36.04525
Poland,POL,1995,36.858
Poland,POL,1996,36.52025
Poland,POL,1997,37.264
Poland,POL,1998,37.78125
Poland,POL,1999,36.078503
Poland,POL,2000,38.534496
Poland,POL,2001,40.61225
Poland,POL,2002,41.50925
Poland,POL,2003,41.99925
Poland,POL,2004,45.6545
Poland,POL,2005,45.175003
Poland,POL,2006,45.1285
Poland,POL,2007,45.31861
Poland,POL,2008,42.913055
Poland,POL,2009,42.797222
Poland,POL,2010,42.949165
Poland,POL,2011,44.77361
Poland,POL,2012,45.435833
Poland,POL,2013,44.46306
Poland,POL,2014,43.33722
Poland,POL,2015,42.8325
Poland,POL,2016,41.318054
Poland,POL,2017,40.399998
Poland,POL,2018,39.813053
Poland,POL,2019,39.851944
Poland,POL,2020,39.287777
Poland,POL,2021,38.842777
Poland,POL,2022,38.043613
Poland,POL,2023,36.72278
Poland,POL,2024,35.78158
Poland,POL,2025,34.23203
Portugal,PRT,1980,0
Portugal,PRT,1981,0
Portugal,PRT,1982,0
Portugal,PRT,1983,0
Portugal,PRT,1984,0
Portugal,PRT,1985,0
Portugal,PRT,1986,0
Portugal,PRT,1987,0
Portugal,PRT,1988,0
Portugal,PRT,1989,0
Portugal,PRT,1990,0
Portugal,PRT,1991,0
Portugal,PRT,1992,0
Portugal,PRT,1993,0
Portugal,PRT,1994,0
Portugal,PRT,1995,0
Portugal,PRT,1996,0
Portugal,PRT,1997,0
Portugal,PRT,1998,0
Portugal,PRT,1999,0
Portugal,PRT,2000,0
Portugal,PRT,2001,0
Portugal,PRT,2002,0
Portugal,PRT,2003,0
Portugal,PRT,2004,0
Portugal,PRT,2005,0
Portugal,PRT,2006,0
Portugal,PRT,2007,0
Portugal,PRT,2008,0
Portugal,PRT,2009,0
Portugal,PRT,2010,0
Portugal,PRT,2011,0
Portugal,PRT,2012,0
Portugal,PRT,2013,0
Portugal,PRT,2014,0
Portugal,PRT,2015,0
Portugal,PRT,2016,0
Portugal,PRT,2017,0
Portugal,PRT,2018,0
Portugal,PRT,2019,0
Portugal,PRT,2020,0
Portugal,PRT,2021,0
Portugal,PRT,2022,0
Portugal,PRT,2023,0
Portugal,PRT,2024,0
Puerto Rico,PRI,1980,0
Puerto Rico,PRI,1981,0
Puerto Rico,PRI,1982,0
Puerto Rico,PRI,1983,0
Puerto Rico,PRI,1984,0
Puerto Rico,PRI,1985,0
Puerto Rico,PRI,1986,0
Puerto Rico,PRI,1987,0
Puerto Rico,PRI,1988,0
Puerto Rico,PRI,1989,0
Puerto Rico,PRI,1990,0
Puerto Rico,PRI,1991,0
Puerto Rico,PRI,1992,0
Puerto Rico,PRI,1993,0
Puerto Rico,PRI,1994,0
Puerto Rico,PRI,1995,0
Puerto Rico,PRI,1996,0
Puerto Rico,PRI,1997,0
Puerto Rico,PRI,1998,0
Puerto Rico,PRI,1999,0
Puerto Rico,PRI,2000,0
Puerto Rico,PRI,2001,0
Puerto Rico,PRI,2002,0
Puerto Rico,PRI,2003,0
Puerto Rico,PRI,2004,0
Puerto Rico,PRI,2005,0
Puerto Rico,PRI,2006,0
Puerto Rico,PRI,2007,0
Puerto Rico,PRI,2008,0
Puerto Rico,PRI,2009,0
Puerto Rico,PRI,2010,0
Puerto Rico,PRI,2011,0
Puerto Rico,PRI,2012,0
Puerto Rico,PRI,2013,0
Puerto Rico,PRI,2014,0
Puerto Rico,PRI,2015,0
Puerto Rico,PRI,2016,0
Puerto Rico,PRI,2017,0
Puerto Rico,PRI,2018,0
Puerto Rico,PRI,2019,0
Puerto Rico,PRI,2020,0
Puerto Rico,PRI,2021,0
Puerto Rico,PRI,2022,0
Puerto Rico,PRI,2023,0
Puerto Rico,PRI,2024,0
Qatar,QAT,1900,0
Qatar,QAT,1901,0
Qatar,QAT,1902,0
Qatar,QAT,1903,0
Qatar,QAT,1904,0
Qatar,QAT,1905,0
Qatar,QAT,1906,0
Qatar,QAT,1907,0
Qatar,QAT,1908,0
Qatar,QAT,1909,0
Qatar,QAT,1910,0
Qatar,QAT,1911,0
Qatar,QAT,1912,0
Qatar,QAT,1913,0
Qatar,QAT,1914,0
Qatar,QAT,1915,0
Qatar,QAT,1916,0
Qatar,QAT,1917,0
Qatar,QAT,1918,0
Qatar,QAT,1919,0
Qatar,QAT,1920,0
Qatar,QAT,1921,0
Qatar,QAT,1922,0
Qatar,QAT,1923,0
Qatar,QAT,1924,0
Qatar,QAT,1925,0
Qatar,QAT,1926,0
Qatar,QAT,1927,0
Qatar,QAT,1928,0
Qatar,QAT,1929,0
Qatar,QAT,1930,0
Qatar,QAT,1931,0
Qatar,QAT,1932,0
Qatar,QAT,1933,0
Qatar,QAT,1934,0
Qatar,QAT,1935,0
Qatar,QAT,1936,0
Qatar,QAT,1937,0
Qatar,QAT,1938,0
Qatar,QAT,1939,0
Qatar,QAT,1940,0
Qatar,QAT,1941,0
Qatar,QAT,1942,0
Qatar,QAT,1943,0
Qatar,QAT,1944,0
Qatar,QAT,1945,0
Qatar,QAT,1946,0
Qatar,QAT,1947,0
Qatar,QAT,1948,0
Qatar,QAT,1949,0
Qatar,QAT,1950,0
Qatar,QAT,1951,0
Qatar,QAT,1952,0
Qatar,QAT,1953,0
Qatar,QAT,1954,0
Qatar,QAT,1955,0
Qatar,QAT,1956,0
Qatar,QAT,1957,0
Qatar,QAT,1958,0
Qatar,QAT,1959,0
Qatar,QAT,1960,0
Qatar,QAT,1961,0
Qatar,QAT,1962,0
Qatar,QAT,1963,1.0598062
Qatar,QAT,1964,0.95141697
Qatar,QAT,1965,0.97550344
Qatar,QAT,1966,0.9875467
Qatar,QAT,1967,1.3488443
Qatar,QAT,1968,6.178189
Qatar,QAT,1969,10.236765
Qatar,QAT,1970,10.401751
Qatar,QAT,1971,10.401751
Qatar,QAT,1972,11.41605
Qatar,QAT,1973,16.353
Qatar,QAT,1974,13.4343
Qatar,QAT,1975,20.73105
Qatar,QAT,1976,11.3229
Qatar,QAT,1977,16.05285
Qatar,QAT,1978,15.307651
Qatar,QAT,1979,45.1467
Qatar,QAT,1980,49.06935
Qatar,QAT,1981,44.74305
Qatar,QAT,1982,52.319252
Qatar,QAT,1983,54.182247
Qatar,QAT,1984,61.3755
Qatar,QAT,1985,56.510998
Qatar,QAT,1986,60.03
Qatar,QAT,1987,58.0635
Qatar,QAT,1988,60.651
Qatar,QAT,1989,64.17
Qatar,QAT,1990,65.205
Qatar,QAT,1991,78.9705
Qatar,QAT,1992,82.25773
Qatar,QAT,1993,85.71816
Qatar,QAT,1994,89.40334
Qatar,QAT,1995,93.08852
Qatar,QAT,1996,97.0391
Qatar,QAT,1997,134.11154
Qatar,QAT,1998,162.29366
Qatar,QAT,1999,213.64838
Qatar,QAT,2000,257.715
Qatar,QAT,2001,279.44998
Qatar,QAT,2002,305.32498
Qatar,QAT,2003,324.99
Qatar,QAT,2004,405.40952
Qatar,QAT,2005,474.03
Qatar,QAT,2006,524.745
Qatar,QAT,2007,654.12
Qatar,QAT,2008,796.75336
Qatar,QAT,2009,924.255
Qatar,QAT,2010,1231.1127
Qatar,QAT,2011,1503.559
Qatar,QAT,2012,1625.4633
Qatar,QAT,2013,1678.8921
Qatar,QAT,2014,1694.2522
Qatar,QAT,2015,1758.6449
Qatar,QAT,2016,1747.6855
Qatar,QAT,2017,1705.3588
Qatar,QAT,2018,1752.0287
Qatar,QAT,2019,1771.5247
Qatar,QAT,2020,1749.3484
Qatar,QAT,2021,1769.8041
Qatar,QAT,2022,1784.783
Qatar,QAT,2023,1809.7659
Qatar,QAT,2024,1797.0342
Qatar,QAT,2025,1835.1544
Reunion,REU,1980,0
Reunion,REU,1981,0
Reunion,REU,1982,0
Reunion,REU,1983,0
Reunion,REU,1984,0
Reunion,REU,1985,0
Reunion,REU,1986,0
Reunion,REU,1987,0
Reunion,REU,1988,0
Reunion,REU,1989,0
Reunion,REU,1990,0
Reunion,REU,1991,0
Reunion,REU,1992,0
Reunion,REU,1993,0
Reunion,REU,1994,0
Reunion,REU,1995,0
Reunion,REU,1996,0
Reunion,REU,1997,0
Reunion,REU,1998,0
Reunion,REU,1999,0
Reunion,REU,2000,0
Reunion,REU,2001,0
Reunion,REU,2002,0
Reunion,REU,2003,0
Reunion,REU,2004,0
Reunion,REU,2005,0
Reunion,REU,2006,0
Reunion,REU,2007,0
Reunion,REU,2008,0
Reunion,REU,2009,0
Reunion,REU,2010,0
Reunion,REU,2011,0
Romania,ROU,1900,0
Romania,ROU,1901,0
Romania,ROU,1902,0
Romania,ROU,1903,0
Romania,ROU,1904,0
Romania,ROU,1905,0
Romania,ROU,1906,0
Romania,ROU,1907,0
Romania,ROU,1908,0
Romania,ROU,1909,0
Romania,ROU,1910,0
Romania,ROU,1911,0
Romania,ROU,1912,0
Romania,ROU,1913,0
Romania,ROU,1914,0
Romania,ROU,1915,0
Romania,ROU,1916,0
Romania,ROU,1917,0
Romania,ROU,1918,0
Romania,ROU,1919,0
Romania,ROU,1920,0
Romania,ROU,1921,0
Romania,ROU,1922,2.6751199
Romania,ROU,1923,3.3858736
Romania,ROU,1924,4.096627
Romania,ROU,1925,4.807381
Romania,ROU,1926,5.5181346
Romania,ROU,1927,6.228888
Romania,ROU,1928,6.939642
Romania,ROU,1929,8.655897
Romania,ROU,1930,10.372152
Romania,ROU,1931,12.0884075
Romania,ROU,1932,13.804664
Romania,ROU,1933,15.52092
Romania,ROU,1934,17.237173
Romania,ROU,1935,18.95343
Romania,ROU,1936,20.669685
Romania,ROU,1937,22.385942
Romania,ROU,1938,21.555174
Romania,ROU,1939,20.724407
Romania,ROU,1940,19.893639
Romania,ROU,1941,19.062872
Romania,ROU,1942,18.232105
Romania,ROU,1943,17.401339
Romania,ROU,1944,16.570572
Romania,ROU,1945,15.739803
Romania,ROU,1946,14.909037
Romania,ROU,1947,13.162933
Romania,ROU,1948,26.258709
Romania,ROU,1949,52.830822
Romania,ROU,1950,36.2988
Romania,ROU,1951,45.275566
Romania,ROU,1952,55.43878
Romania,ROU,1953,62.62467
Romania,ROU,1954,65.21024
Romania,ROU,1955,69.04944
Romania,ROU,1956,75.619705
Romania,ROU,1957,81.6751
Romania,ROU,1958,93.047165
Romania,ROU,1959,104.15059
Romania,ROU,1960,113.519104
Romania,ROU,1961,122.16007
Romania,ROU,1962,144.45648
Romania,ROU,1963,159.63414
Romania,ROU,1964,172.96497
Romania,ROU,1965,193.42572
Romania,ROU,1966,208.36835
Romania,ROU,1967,231.62732
Romania,ROU,1968,245.5178
Romania,ROU,1969,269.60507
Romania,ROU,1970,217.42856
Romania,ROU,1971,232.36145
Romania,ROU,1972,237.68698
Romania,ROU,1973,251.63676
Romania,ROU,1974,259.7159
Romania,ROU,1975,282.12225
Romania,ROU,1976,307.73413
Romania,ROU,1977,325.8959
Romania,ROU,1978,328.12302
Romania,ROU,1979,313.5256
Romania,ROU,1980,323.734
Romania,ROU,1981,340.7496
Romania,ROU,1982,344.5236
Romania,ROU,1983,341.88644
Romania,ROU,1984,339.445
Romania,ROU,1985,324.45154
Romania,ROU,1986,328.342
Romania,ROU,1987,312.05792
Romania,ROU,1988,305.59088
Romania,ROU,1989,273.94525
Romania,ROU,1990,266.45276
Romania,ROU,1991,233.26851
Romania,ROU,1992,204.82324
Romania,ROU,1993,194.92026
Romania,ROU,1994,172.3985
Romania,ROU,1995,168.00299
Romania,ROU,1996,160.07549
Romania,ROU,1997,138.4895
Romania,ROU,1998,129.669
Romania,ROU,1999,130.16699
Romania,ROU,2000,127.55925
Romania,ROU,2001,125.374
Romania,ROU,2002,123.266
Romania,ROU,2003,121.283745
Romania,ROU,2004,120.68975
Romania,ROU,2005,112.826256
Romania,ROU,2006,111.164
Romania,ROU,2007,107.37675
Romania,ROU,2008,104.5835
Romania,ROU,2009,103.954
Romania,ROU,2010,100.2345
Romania,ROU,2011,100.795
Romania,ROU,2012,100.979744
Romania,ROU,2013,100.019005
Romania,ROU,2014,101.943
Romania,ROU,2015,102.17226
Romania,ROU,2016,90.52775
Romania,ROU,2017,100.11401
Romania,ROU,2018,99.5765
Romania,ROU,2019,96.22586
Romania,ROU,2020,85.96322
Romania,ROU,2021,86.356865
Romania,ROU,2022,87.505684
Romania,ROU,2023,88.99473
Romania,ROU,2024,89.70379
Romania,ROU,2025,89.07403
Russia,RUS,1985,4248.812
Russia,RUS,1986,4625.6714
Russia,RUS,1987,5005.4727
Russia,RUS,1988,5423.898
Russia,RUS,1989,5662.9985
Russia,RUS,1990,5995.9
Russia,RUS,1991,5913.1343
Russia,RUS,1992,5922.33
Russia,RUS,1993,5685.9893
Russia,RUS,1994,5584.831
Russia,RUS,1995,5411.9434
Russia,RUS,1996,5523.217
Russia,RUS,1997,5235.377
Russia,RUS,1998,5412.8633
Russia,RUS,1999,5444.13
Russia,RUS,2000,5370.56
Russia,RUS,2001,5347.5703
Russia,RUS,2002,5475.3965
Russia,RUS,2003,5706.2207
Russia,RUS,2004,5825.7705
Russia,RUS,2005,5894.742
Russia,RUS,2006,6047.812
Russia,RUS,2007,6016.1313
Russia,RUS,2008,6114.5303
Russia,RUS,2009,5361.8975
Russia,RUS,2010,5983.8677
Russia,RUS,2011,6168.277
Russia,RUS,2012,6018.55
Russia,RUS,2013,6144.9624
Russia,RUS,2014,5911.552
Russia,RUS,2015,5844.3955
Russia,RUS,2016,5892.7534
Russia,RUS,2017,6355.609
Russia,RUS,2018,6691.0586
Russia,RUS,2019,6790.2686
Russia,RUS,2020,6384.4663
Russia,RUS,2021,7021.1685
Russia,RUS,2022,6183.682
Russia,RUS,2023,5863.822
Russia,RUS,2024,6298.6387
Russia,RUS,2025,6093.8584
Rwanda,RWA,1980,0
Rwanda,RWA,1981,0
Rwanda,RWA,1982,0
Rwanda,RWA,1983,0
Rwanda,RWA,1984,0
Rwanda,RWA,1985,0
Rwanda,RWA,1986,0
Rwanda,RWA,1987,0
Rwanda,RWA,1988,0
Rwanda,RWA,1989,0
Rwanda,RWA,1990,0
Rwanda,RWA,1991,0
Rwanda,RWA,1992,0
Rwanda,RWA,1993,0
Rwanda,RWA,1994,0
Rwanda,RWA,1995,0
Rwanda,RWA,1996,0
Rwanda,RWA,1997,0
Rwanda,RWA,1998,0
Rwanda,RWA,1999,0
Rwanda,RWA,2000,0
Rwanda,RWA,2001,0
Rwanda,RWA,2002,0
Rwanda,RWA,2003,0
Rwanda,RWA,2004,0
Rwanda,RWA,2005,0
Rwanda,RWA,2006,0
Rwanda,RWA,2007,0
Rwanda,RWA,2008,0
Rwanda,RWA,2009,0
Rwanda,RWA,2010,0
Rwanda,RWA,2011,0
Rwanda,RWA,2012,0
Rwanda,RWA,2013,0
Rwanda,RWA,2014,0
Rwanda,RWA,2015,0
Rwanda,RWA,2016,0
Rwanda,RWA,2017,0.3224383
Rwanda,RWA,2018,0.5310339
Rwanda,RWA,2019,0.6488081
Rwanda,RWA,2020,0.6352416
Rwanda,RWA,2021,0.6769617
Rwanda,RWA,2022,0.6885543
Rwanda,RWA,2023,0.9728129
Rwanda,RWA,2024,0.9728129
Saint Helena,SHN,1980,0
Saint Helena,SHN,1981,0
Saint Helena,SHN,1982,0
Saint Helena,SHN,1983,0
Saint Helena,SHN,1984,0
Saint Helena,SHN,1985,0
Saint Helena,SHN,1986,0
Saint Helena,SHN,1987,0
Saint Helena,SHN,1988,0
Saint Helena,SHN,1989,0
Saint Helena,SHN,1990,0
Saint Helena,SHN,1991,0
Saint Helena,SHN,1992,0
Saint Helena,SHN,1993,0
Saint Helena,SHN,1994,0
Saint Helena,SHN,1995,0
Saint Helena,SHN,1996,0
Saint Helena,SHN,1997,0
Saint Helena,SHN,1998,0
Saint Helena,SHN,1999,0
Saint Helena,SHN,2000,0
Saint Helena,SHN,2001,0
Saint Helena,SHN,2002,0
Saint Helena,SHN,2003,0
Saint Helena,SHN,2004,0
Saint Helena,SHN,2005,0
Saint Helena,SHN,2006,0
Saint Helena,SHN,2007,0
Saint Helena,SHN,2008,0
Saint Helena,SHN,2009,0
Saint Helena,SHN,2010,0
Saint Helena,SHN,2011,0
Saint Helena,SHN,2012,0
Saint Helena,SHN,2013,0
Saint Helena,SHN,2014,0
Saint Helena,SHN,2015,0
Saint Helena,SHN,2016,0
Saint Helena,SHN,2017,0
Saint Helena,SHN,2018,0
Saint Helena,SHN,2019,0
Saint Helena,SHN,2020,0
Saint Helena,SHN,2021,0
Saint Helena,SHN,2022,0
Saint Helena,SHN,2023,0
Saint Helena,SHN,2024,0
Saint Kitts and Nevis,KNA,1980,0
Saint Kitts and Nevis,KNA,1981,0
Saint Kitts and Nevis,KNA,1982,0
Saint Kitts and Nevis,KNA,1983,0
Saint Kitts and Nevis,KNA,1984,0
Saint Kitts and Nevis,KNA,1985,0
Saint Kitts and Nevis,KNA,1986,0
Saint Kitts and Nevis,KNA,1987,0
Saint Kitts and Nevis,KNA,1988,0
Saint Kitts and Nevis,KNA,1989,0
Saint Kitts and Nevis,KNA,1990,0
Saint Kitts and Nevis,KNA,1991,0
Saint Kitts and Nevis,KNA,1992,0
Saint Kitts and Nevis,KNA,1993,0
Saint Kitts and Nevis,KNA,1994,0
Saint Kitts and Nevis,KNA,1995,0
Saint Kitts and Nevis,KNA,1996,0
Saint Kitts and Nevis,KNA,1997,0
Saint Kitts and Nevis,KNA,1998,0
Saint Kitts and Nevis,KNA,1999,0
Saint Kitts and Nevis,KNA,2000,0
Saint Kitts and Nevis,KNA,2001,0
Saint Kitts and Nevis,KNA,2002,0
Saint Kitts and Nevis,KNA,2003,0
Saint Kitts and Nevis,KNA,2004,0
Saint Kitts and Nevis,KNA,2005,0
Saint Kitts and Nevis,KNA,2006,0
Saint Kitts and Nevis,KNA,2007,0
Saint Kitts and Nevis,KNA,2008,0
Saint Kitts and Nevis,KNA,2009,0
Saint Kitts and Nevis,KNA,2010,0
Saint Kitts and Nevis,KNA,2011,0
Saint Kitts and Nevis,KNA,2012,0
Saint Kitts and Nevis,KNA,2013,0
Saint Kitts and Nevis,KNA,2014,0
Saint Kitts and Nevis,KNA,2015,0
Saint Kitts and Nevis,KNA,2016,0
Saint Kitts and Nevis,KNA,2017,0
Saint Kitts and Nevis,KNA,2018,0
Saint Kitts and Nevis,KNA,2019,0
Saint Kitts and Nevis,KNA,2020,0
Saint Kitts and Nevis,KNA,2021,0
Saint Kitts and Nevis,KNA,2022,0
Saint Kitts and Nevis,KNA,2023,0
Saint Kitts and Nevis,KNA,2024,0
Saint Lucia,LCA,1980,0
Saint Lucia,LCA,1981,0
Saint Lucia,LCA,1982,0
Saint Lucia,LCA,1983,0
Saint Lucia,LCA,1984,0
Saint Lucia,LCA,1985,0
Saint Lucia,LCA,1986,0
Saint Lucia,LCA,1987,0
Saint Lucia,LCA,1988,0
Saint Lucia,LCA,1989,0
Saint Lucia,LCA,1990,0
Saint Lucia,LCA,1991,0
Saint Lucia,LCA,1992,0
Saint Lucia,LCA,1993,0
Saint Lucia,LCA,1994,0
Saint Lucia,LCA,1995,0
Saint Lucia,LCA,1996,0
Saint Lucia,LCA,1997,0
Saint Lucia,LCA,1998,0
Saint Lucia,LCA,1999,0
Saint Lucia,LCA,2000,0
Saint Lucia,LCA,2001,0
Saint Lucia,LCA,2002,0
Saint Lucia,LCA,2003,0
Saint Lucia,LCA,2004,0
Saint Lucia,LCA,2005,0
Saint Lucia,LCA,2006,0
Saint Lucia,LCA,2007,0
Saint Lucia,LCA,2008,0
Saint Lucia,LCA,2009,0
Saint Lucia,LCA,2010,0
Saint Lucia,LCA,2011,0
Saint Lucia,LCA,2012,0
Saint Lucia,LCA,2013,0
Saint Lucia,LCA,2014,0
Saint Lucia,LCA,2015,0
Saint Lucia,LCA,2016,0
Saint Lucia,LCA,2017,0
Saint Lucia,LCA,2018,0
Saint Lucia,LCA,2019,0
Saint Lucia,LCA,2020,0
Saint Lucia,LCA,2021,0
Saint Lucia,LCA,2022,0
Saint Lucia,LCA,2023,0
Saint Lucia,LCA,2024,0
Saint Pierre and Miquelon,SPM,1980,0
Saint Pierre and Miquelon,SPM,1981,0
Saint Pierre and Miquelon,SPM,1982,0
Saint Pierre and Miquelon,SPM,1983,0
Saint Pierre and Miquelon,SPM,1984,0
Saint Pierre and Miquelon,SPM,1985,0
Saint Pierre and Miquelon,SPM,1986,0
Saint Pierre and Miquelon,SPM,1987,0
Saint Pierre and Miquelon,SPM,1988,0
Saint Pierre and Miquelon,SPM,1989,0
Saint Pierre and Miquelon,SPM,1990,0
Saint Pierre and Miquelon,SPM,1991,0
Saint Pierre and Miquelon,SPM,1992,0
Saint Pierre and Miquelon,SPM,1993,0
Saint Pierre and Miquelon,SPM,1994,0
Saint Pierre and Miquelon,SPM,1995,0
Saint Pierre and Miquelon,SPM,1996,0
Saint Pierre and Miquelon,SPM,1997,0
Saint Pierre and Miquelon,SPM,1998,0
Saint Pierre and Miquelon,SPM,1999,0
Saint Pierre and Miquelon,SPM,2000,0
Saint Pierre and Miquelon,SPM,2001,0
Saint Pierre and Miquelon,SPM,2002,0
Saint Pierre and Miquelon,SPM,2003,0
Saint Pierre and Miquelon,SPM,2004,0
Saint Pierre and Miquelon,SPM,2005,0
Saint Pierre and Miquelon,SPM,2006,0
Saint Pierre and Miquelon,SPM,2007,0
Saint Pierre and Miquelon,SPM,2008,0
Saint Pierre and Miquelon,SPM,2009,0
Saint Pierre and Miquelon,SPM,2010,0
Saint Pierre and Miquelon,SPM,2011,0
Saint Pierre and Miquelon,SPM,2012,0
Saint Pierre and Miquelon,SPM,2013,0
Saint Pierre and Miquelon,SPM,2014,0
Saint Pierre and Miquelon,SPM,2015,0
Saint Pierre and Miquelon,SPM,2016,0
Saint Pierre and Miquelon,SPM,2017,0
Saint Pierre and Miquelon,SPM,2018,0
Saint Pierre and Miquelon,SPM,2019,0
Saint Pierre and Miquelon,SPM,2020,0
Saint Pierre and Miquelon,SPM,2021,0
Saint Pierre and Miquelon,SPM,2022,0
Saint Pierre and Miquelon,SPM,2023,0
Saint Pierre and Miquelon,SPM,2024,0
Saint Vincent and the Grenadines,VCT,1980,0
Saint Vincent and the Grenadines,VCT,1981,0
Saint Vincent and the Grenadines,VCT,1982,0
Saint Vincent and the Grenadines,VCT,1983,0
Saint Vincent and the Grenadines,VCT,1984,0
Saint Vincent and the Grenadines,VCT,1985,0
Saint Vincent and the Grenadines,VCT,1986,0
Saint Vincent and the Grenadines,VCT,1987,0
Saint Vincent and the Grenadines,VCT,1988,0
Saint Vincent and the Grenadines,VCT,1989,0
Saint Vincent and the Grenadines,VCT,1990,0
Saint Vincent and the Grenadines,VCT,1991,0
Saint Vincent and the Grenadines,VCT,1992,0
Saint Vincent and the Grenadines,VCT,1993,0
Saint Vincent and the Grenadines,VCT,1994,0
Saint Vincent and the Grenadines,VCT,1995,0
Saint Vincent and the Grenadines,VCT,1996,0
Saint Vincent and the Grenadines,VCT,1997,0
Saint Vincent and the Grenadines,VCT,1998,0
Saint Vincent and the Grenadines,VCT,1999,0
Saint Vincent and the Grenadines,VCT,2000,0
Saint Vincent and the Grenadines,VCT,2001,0
Saint Vincent and the Grenadines,VCT,2002,0
Saint Vincent and the Grenadines,VCT,2003,0
Saint Vincent and the Grenadines,VCT,2004,0
Saint Vincent and the Grenadines,VCT,2005,0
Saint Vincent and the Grenadines,VCT,2006,0
Saint Vincent and the Grenadines,VCT,2007,0
Saint Vincent and the Grenadines,VCT,2008,0
Saint Vincent and the Grenadines,VCT,2009,0
Saint Vincent and the Grenadines,VCT,2010,0
Saint Vincent and the Grenadines,VCT,2011,0
Saint Vincent and the Grenadines,VCT,2012,0
Saint Vincent and the Grenadines,VCT,2013,0
Saint Vincent and the Grenadines,VCT,2014,0
Saint Vincent and the Grenadines,VCT,2015,0
Saint Vincent and the Grenadines,VCT,2016,0
Saint Vincent and the Grenadines,VCT,2017,0
Saint Vincent and the Grenadines,VCT,2018,0
Saint Vincent and the Grenadines,VCT,2019,0
Saint Vincent and the Grenadines,VCT,2020,0
Saint Vincent and the Grenadines,VCT,2021,0
Saint Vincent and the Grenadines,VCT,2022,0
Saint Vincent and the Grenadines,VCT,2023,0
Saint Vincent and the Grenadines,VCT,2024,0
Samoa,WSM,1980,0
Samoa,WSM,1981,0
Samoa,WSM,1982,0
Samoa,WSM,1983,0
Samoa,WSM,1984,0
Samoa,WSM,1985,0
Samoa,WSM,1986,0
Samoa,WSM,1987,0
Samoa,WSM,1988,0
Samoa,WSM,1989,0
Samoa,WSM,1990,0
Samoa,WSM,1991,0
Samoa,WSM,1992,0
Samoa,WSM,1993,0
Samoa,WSM,1994,0
Samoa,WSM,1995,0
Samoa,WSM,1996,0
Samoa,WSM,1997,0
Samoa,WSM,1998,0
Samoa,WSM,1999,0
Samoa,WSM,2000,0
Samoa,WSM,2001,0
Samoa,WSM,2002,0
Samoa,WSM,2003,0
Samoa,WSM,2004,0
Samoa,WSM,2005,0
Samoa,WSM,2006,0
Samoa,WSM,2007,0
Samoa,WSM,2008,0
Samoa,WSM,2009,0
Samoa,WSM,2010,0
Samoa,WSM,2011,0
Samoa,WSM,2012,0
Samoa,WSM,2013,0
Samoa,WSM,2014,0
Samoa,WSM,2015,0
Samoa,WSM,2016,0
Samoa,WSM,2017,0
Samoa,WSM,2018,0
Samoa,WSM,2019,0
Samoa,WSM,2020,0
Samoa,WSM,2021,0
Samoa,WSM,2022,0
Samoa,WSM,2023,0
Samoa,WSM,2024,0
Sao Tome and Principe,STP,1980,0
Sao Tome and Principe,STP,1981,0
Sao Tome and Principe,STP,1982,0
Sao Tome and Principe,STP,1983,0
Sao Tome and Principe,STP,1984,0
Sao Tome and Principe,STP,1985,0
Sao Tome and Principe,STP,1986,0
Sao Tome and Principe,STP,1987,0
Sao Tome and Principe,STP,1988,0
Sao Tome and Principe,STP,1989,0
Sao Tome and Principe,STP,1990,0
Sao Tome and Principe,STP,1991,0
Sao Tome and Principe,STP,1992,0
Sao Tome and Principe,STP,1993,0
Sao Tome and Principe,STP,1994,0
Sao Tome and Principe,STP,1995,0
Sao Tome and Principe,STP,1996,0
Sao Tome and Principe,STP,1997,0
Sao Tome and Principe,STP,1998,0
Sao Tome and Principe,STP,1999,0
Sao Tome and Principe,STP,2000,0
Sao Tome and Principe,STP,2001,0
Sao Tome and Principe,STP,2002,0
Sao Tome and Principe,STP,2003,0
Sao Tome and Principe,STP,2004,0
Sao Tome and Principe,STP,2005,0
Sao Tome and Principe,STP,2006,0
Sao Tome and Principe,STP,2007,0
Sao Tome and Principe,STP,2008,0
Sao Tome and Principe,STP,2009,0
Sao Tome and Principe,STP,2010,0
Sao Tome and Principe,STP,2011,0
Sao Tome and Principe,STP,2012,0
Sao Tome and Principe,STP,2013,0
Sao Tome and Principe,STP,2014,0
Sao Tome and Principe,STP,2015,0
Sao Tome and Principe,STP,2016,0
Sao Tome and Principe,STP,2017,0
Sao Tome and Principe,STP,2018,0
Sao Tome and Principe,STP,2019,0
Sao Tome and Principe,STP,2020,0
Sao Tome and Principe,STP,2021,0
Sao Tome and Principe,STP,2022,0
Sao Tome and Principe,STP,2023,0
Sao Tome and Principe,STP,2024,0
Saudi Arabia,SAU,1900,0
Saudi Arabia,SAU,1901,0
Saudi Arabia,SAU,1902,0
Saudi Arabia,SAU,1903,0
Saudi Arabia,SAU,1904,0
Saudi Arabia,SAU,1905,0
Saudi Arabia,SAU,1906,0
Saudi Arabia,SAU,1907,0
Saudi Arabia,SAU,1908,0
Saudi Arabia,SAU,1909,0
Saudi Arabia,SAU,1910,0
Saudi Arabia,SAU,1911,0
Saudi Arabia,SAU,1912,0
Saudi Arabia,SAU,1913,0
Saudi Arabia,SAU,1914,0
Saudi Arabia,SAU,1915,0
Saudi Arabia,SAU,1916,0
Saudi Arabia,SAU,1917,0
Saudi Arabia,SAU,1918,0
Saudi Arabia,SAU,1919,0
Saudi Arabia,SAU,1920,0
Saudi Arabia,SAU,1921,0
Saudi Arabia,SAU,1922,0
Saudi Arabia,SAU,1923,0
Saudi Arabia,SAU,1924,0
Saudi Arabia,SAU,1925,0
Saudi Arabia,SAU,1926,0
Saudi Arabia,SAU,1927,0
Saudi Arabia,SAU,1928,0
Saudi Arabia,SAU,1929,0
Saudi Arabia,SAU,1930,0
Saudi Arabia,SAU,1931,0
Saudi Arabia,SAU,1932,0
Saudi Arabia,SAU,1933,0
Saudi Arabia,SAU,1934,0
Saudi Arabia,SAU,1935,0
Saudi Arabia,SAU,1936,0
Saudi Arabia,SAU,1937,0
Saudi Arabia,SAU,1938,0
Saudi Arabia,SAU,1939,0
Saudi Arabia,SAU,1940,0
Saudi Arabia,SAU,1941,0
Saudi Arabia,SAU,1942,0
Saudi Arabia,SAU,1943,0
Saudi Arabia,SAU,1944,0
Saudi Arabia,SAU,1945,0
Saudi Arabia,SAU,1946,0
Saudi Arabia,SAU,1947,0
Saudi Arabia,SAU,1948,0
Saudi Arabia,SAU,1949,0
Saudi Arabia,SAU,1950,0
Saudi Arabia,SAU,1951,0
Saudi Arabia,SAU,1952,0
Saudi Arabia,SAU,1953,0
Saudi Arabia,SAU,1954,0
Saudi Arabia,SAU,1955,0
Saudi Arabia,SAU,1956,0
Saudi Arabia,SAU,1957,0
Saudi Arabia,SAU,1958,0
Saudi Arabia,SAU,1959,0
Saudi Arabia,SAU,1960,0
Saudi Arabia,SAU,1961,0.0120432535
Saudi Arabia,SAU,1962,0.14451903
Saudi Arabia,SAU,1963,0.18064879
Saudi Arabia,SAU,1964,7.7799416
Saudi Arabia,SAU,1965,12.392507
Saudi Arabia,SAU,1966,13.645005
Saudi Arabia,SAU,1967,13.681135
Saudi Arabia,SAU,1968,19.738892
Saudi Arabia,SAU,1969,21.003433
Saudi Arabia,SAU,1970,15.361501
Saudi Arabia,SAU,1971,12.8155
Saudi Arabia,SAU,1972,14.525499
Saudi Arabia,SAU,1973,17.1
Saudi Arabia,SAU,1974,21.641
Saudi Arabia,SAU,1975,25.744999
Saudi Arabia,SAU,1976,27.792252
Saudi Arabia,SAU,1977,39.1115
Saudi Arabia,SAU,1978,53.9315
Saudi Arabia,SAU,1979,66.215
Saudi Arabia,SAU,1980,92.378
Saudi Arabia,SAU,1981,107.711
Saudi Arabia,SAU,1982,114.1615
Saudi Arabia,SAU,1983,111.47301
Saudi Arabia,SAU,1984,172.9
Saudi Arabia,SAU,1985,178.6
Saudi Arabia,SAU,1986,239.40001
Saudi Arabia,SAU,1987,254.59999
Saudi Arabia,SAU,1988,276.45
Saudi Arabia,SAU,1989,283.1
Saudi Arabia,SAU,1990,318.44
Saudi Arabia,SAU,1991,334.115
Saudi Arabia,SAU,1992,363.375
Saudi Arabia,SAU,1993,380.37997
Saudi Arabia,SAU,1994,406.315
Saudi Arabia,SAU,1995,407.83502
Saudi Arabia,SAU,1996,421.895
Saudi Arabia,SAU,1997,430.72998
Saudi Arabia,SAU,1998,444.78998
Saudi Arabia,SAU,1999,438.9
Saudi Arabia,SAU,2000,473.195
Saudi Arabia,SAU,2001,510.055
Saudi Arabia,SAU,2002,538.64996
Saudi Arabia,SAU,2003,570.57
Saudi Arabia,SAU,2004,623.96
Saudi Arabia,SAU,2005,676.78
Saudi Arabia,SAU,2006,697.8795
Saudi Arabia,SAU,2007,706.99005
Saudi Arabia,SAU,2008,764.18005
Saudi Arabia,SAU,2009,745.275
Saudi Arabia,SAU,2010,832.77
Saudi Arabia,SAU,2011,876.47003
Saudi Arabia,SAU,2012,943.63495
Saudi Arabia,SAU,2013,950.285
Saudi Arabia,SAU,2014,972.61
Saudi Arabia,SAU,2015,992.275
Saudi Arabia,SAU,2016,1053.17
Saudi Arabia,SAU,2017,1092.5021
Saudi Arabia,SAU,2018,1121
Saudi Arabia,SAU,2019,1111.5
Saudi Arabia,SAU,2020,1130.5
Saudi Arabia,SAU,2021,1144.6068
Saudi Arabia,SAU,2022,1167.4989
Saudi Arabia,SAU,2023,1173.547
Saudi Arabia,SAU,2024,1235.683
Saudi Arabia,SAU,2025,1337.5457
Senegal,SEN,1980,0
Senegal,SEN,1981,0
Senegal,SEN,1982,0
Senegal,SEN,1983,0
Senegal,SEN,1984,0
Senegal,SEN,1985,0
Senegal,SEN,1986,0
Senegal,SEN,1987,0
Senegal,SEN,1988,0
Senegal,SEN,1989,0
Senegal,SEN,1990,0
Senegal,SEN,1991,0
Senegal,SEN,1992,0
Senegal,SEN,1993,0.18608949
Senegal,SEN,1994,0.37149397
Senegal,SEN,1995,0.4663435
Senegal,SEN,1996,0.5582685
Senegal,SEN,1997,0.37217897
Senegal,SEN,1998,0.37217897
Senegal,SEN,1999,0.37217897
Senegal,SEN,2000,0.46522373
Senegal,SEN,2001,0.46522373
Senegal,SEN,2002,0.46522373
Senegal,SEN,2003,0.46522373
Senegal,SEN,2004,0.46522373
Senegal,SEN,2005,0.46522373
Senegal,SEN,2006,0.46522373
Senegal,SEN,2007,0.46522373
Senegal,SEN,2008,0.46522373
Senegal,SEN,2009,0.46522373
Senegal,SEN,2010,0.46522373
Senegal,SEN,2011,0.37217897
Senegal,SEN,2012,0.44661477
Senegal,SEN,2013,0.5582685
Senegal,SEN,2014,0.5582685
Senegal,SEN,2015,0.5768774
Senegal,SEN,2016,0.55826867
Senegal,SEN,2017,0.55826867
Senegal,SEN,2018,0.55826867
Senegal,SEN,2019,0.6069588
Senegal,SEN,2020,0.59507215
Senegal,SEN,2021,0.50876456
Senegal,SEN,2022,0.32267663
Senegal,SEN,2023,0.32267663
Senegal,SEN,2024,0.32267663
Serbia,SRB,2006,2.0513313
Serbia,SRB,2007,1.0225607
Serbia,SRB,2008,1.0287706
Serbia,SRB,2009,1.9546641
Serbia,SRB,2010,3.600697
Serbia,SRB,2011,5.349607
Serbia,SRB,2012,5.7816906
Serbia,SRB,2013,6.378378
Serbia,SRB,2014,6.1726236
Serbia,SRB,2015,6.1726236
Serbia,SRB,2016,5.6582427
Serbia,SRB,2017,5.267313
Serbia,SRB,2018,4.862698
Serbia,SRB,2019,4.7505627
Serbia,SRB,2020,4.462508
Serbia,SRB,2021,3.9850802
Serbia,SRB,2022,3.632904
Serbia,SRB,2023,3.4996076
Serbia,SRB,2024,3.314636
Serbia and Montenegro,OWID_SRM,1992,9.167314
Serbia and Montenegro,OWID_SRM,1993,10.424468
Serbia and Montenegro,OWID_SRM,1994,8.530302
Serbia and Montenegro,OWID_SRM,1995,9.819054
Serbia and Montenegro,OWID_SRM,1996,7.271121
Serbia and Montenegro,OWID_SRM,1997,7.455337
Serbia and Montenegro,OWID_SRM,1998,10.207743
Serbia and Montenegro,OWID_SRM,1999,7.3578105
Serbia and Montenegro,OWID_SRM,2000,5.884082
Serbia and Montenegro,OWID_SRM,2001,6.52342
Serbia and Montenegro,OWID_SRM,2002,6.501747
Serbia and Montenegro,OWID_SRM,2003,3.575961
Serbia and Montenegro,OWID_SRM,2004,2.600699
Serbia and Montenegro,OWID_SRM,2005,2.7090616
Seychelles,SYC,1980,0
Seychelles,SYC,1981,0
Seychelles,SYC,1982,0
Seychelles,SYC,1983,0
Seychelles,SYC,1984,0
Seychelles,SYC,1985,0
Seychelles,SYC,1986,0
Seychelles,SYC,1987,0
Seychelles,SYC,1988,0
Seychelles,SYC,1989,0
Seychelles,SYC,1990,0
Seychelles,SYC,1991,0
Seychelles,SYC,1992,0
Seychelles,SYC,1993,0
Seychelles,SYC,1994,0
Seychelles,SYC,1995,0
Seychelles,SYC,1996,0
Seychelles,SYC,1997,0
Seychelles,SYC,1998,0
Seychelles,SYC,1999,0
Seychelles,SYC,2000,0
Seychelles,SYC,2001,0
Seychelles,SYC,2002,0
Seychelles,SYC,2003,0
Seychelles,SYC,2004,0
Seychelles,SYC,2005,0
Seychelles,SYC,2006,0
Seychelles,SYC,2007,0
Seychelles,SYC,2008,0
Seychelles,SYC,2009,0
Seychelles,SYC,2010,0
Seychelles,SYC,2011,0
Seychelles,SYC,2012,0
Seychelles,SYC,2013,0
Seychelles,SYC,2014,0
Seychelles,SYC,2015,0
Seychelles,SYC,2016,0
Seychelles,SYC,2017,0
Seychelles,SYC,2018,0
Seychelles,SYC,2019,0
Seychelles,SYC,2020,0
Seychelles,SYC,2021,0
Seychelles,SYC,2022,0
Seychelles,SYC,2023,0
Seychelles,SYC,2024,0
Sierra Leone,SLE,1980,0
Sierra Leone,SLE,1981,0
Sierra Leone,SLE,1982,0
Sierra Leone,SLE,1983,0
Sierra Leone,SLE,1984,0
Sierra Leone,SLE,1985,0
Sierra Leone,SLE,1986,0
Sierra Leone,SLE,1987,0
Sierra Leone,SLE,1988,0
Sierra Leone,SLE,1989,0
Sierra Leone,SLE,1990,0
Sierra Leone,SLE,1991,0
Sierra Leone,SLE,1992,0
Sierra Leone,SLE,1993,0
Sierra Leone,SLE,1994,0
Sierra Leone,SLE,1995,0
Sierra Leone,SLE,1996,0
Sierra Leone,SLE,1997,0
Sierra Leone,SLE,1998,0
Sierra Leone,SLE,1999,0
Sierra Leone,SLE,2000,0
Sierra Leone,SLE,2001,0
Sierra Leone,SLE,2002,0
Sierra Leone,SLE,2003,0
Sierra Leone,SLE,2004,0
Sierra Leone,SLE,2005,0
Sierra Leone,SLE,2006,0
Sierra Leone,SLE,2007,0
Sierra Leone,SLE,2008,0
Sierra Leone,SLE,2009,0
Sierra Leone,SLE,2010,0
Sierra Leone,SLE,2011,0
Sierra Leone,SLE,2012,0
Sierra Leone,SLE,2013,0
Sierra Leone,SLE,2014,0
Sierra Leone,SLE,2015,0
Sierra Leone,SLE,2016,0
Sierra Leone,SLE,2017,0
Sierra Leone,SLE,2018,0
Sierra Leone,SLE,2019,0
Sierra Leone,SLE,2020,0
Sierra Leone,SLE,2021,0
Sierra Leone,SLE,2022,0
Sierra Leone,SLE,2023,0
Sierra Leone,SLE,2024,0
Singapore,SGP,1980,0
Singapore,SGP,1981,0
Singapore,SGP,1982,0
Singapore,SGP,1983,0
Singapore,SGP,1984,0
Singapore,SGP,1985,0
Singapore,SGP,1986,0
Singapore,SGP,1987,0
Singapore,SGP,1988,0
Singapore,SGP,1989,0
Singapore,SGP,1990,0
Singapore,SGP,1991,0
Singapore,SGP,1992,0
Singapore,SGP,1993,0
Singapore,SGP,1994,0
Singapore,SGP,1995,0
Singapore,SGP,1996,0
Singapore,SGP,1997,0
Singapore,SGP,1998,0
Singapore,SGP,1999,0
Singapore,SGP,2000,0
Singapore,SGP,2001,0
Singapore,SGP,2002,0
Singapore,SGP,2003,0
Singapore,SGP,2004,0
Singapore,SGP,2005,0
Singapore,SGP,2006,0
Singapore,SGP,2007,0
Singapore,SGP,2008,0
Singapore,SGP,2009,0
Singapore,SGP,2010,0
Singapore,SGP,2011,0
Singapore,SGP,2012,0
Singapore,SGP,2013,0
Singapore,SGP,2014,0
Singapore,SGP,2015,0
Singapore,SGP,2016,0
Singapore,SGP,2017,0
Singapore,SGP,2018,0
Singapore,SGP,2019,0
Singapore,SGP,2020,0
Singapore,SGP,2021,0
Singapore,SGP,2022,0
Singapore,SGP,2023,0
Singapore,SGP,2024,0
Slovakia,SVK,1993,2.5425642
Slovakia,SVK,1994,2.9345007
Slovakia,SVK,1995,3.41419
Slovakia,SVK,1996,3.1198452
Slovakia,SVK,1997,2.87145
Slovakia,SVK,1998,2.583311
Slovakia,SVK,1999,2.116328
Slovakia,SVK,2000,1.717105
Slovakia,SVK,2001,1.9474193
Slovakia,SVK,2002,1.8758814
Slovakia,SVK,2003,2.1510518
Slovakia,SVK,2004,1.8340889
Slovakia,SVK,2005,1.632485
Slovakia,SVK,2006,2.2749078
Slovakia,SVK,2007,1.4042615
Slovakia,SVK,2008,1.1295778
Slovakia,SVK,2009,1.1331898
Slovakia,SVK,2010,1.1410635
Slovakia,SVK,2011,1.3280538
Slovakia,SVK,2012,1.6435561
Slovakia,SVK,2013,1.3488224
Slovakia,SVK,2014,1.083288
Slovakia,SVK,2015,1.0163325
Slovakia,SVK,2016,1.0055205
Slovakia,SVK,2017,1.539062
Slovakia,SVK,2018,0.87213516
Slovakia,SVK,2019,0.7490102
Slovakia,SVK,2020,0.6758432
Slovakia,SVK,2021,0.60015947
Slovakia,SVK,2022,0.56772363
Slovakia,SVK,2023,0.5028519
Slovakia,SVK,2024,0.40554428
Slovenia,SVN,1992,0.16020145
Slovenia,SVN,1993,0.19850926
Slovenia,SVN,1994,0.0983693
Slovenia,SVN,1995,0.0983693
Slovenia,SVN,1996,0.10790877
Slovenia,SVN,1997,0.14248577
Slovenia,SVN,1998,0.09799195
Slovenia,SVN,1999,0
Slovenia,SVN,2000,0
Slovenia,SVN,2001,0
Slovenia,SVN,2002,0.06656995
Slovenia,SVN,2003,0.055474956
Slovenia,SVN,2004,0.055474956
Slovenia,SVN,2005,0.044379964
Slovenia,SVN,2006,0.044379964
Slovenia,SVN,2007,0.033284973
Slovenia,SVN,2008,0.033253923
Slovenia,SVN,2009,0.033253923
Slovenia,SVN,2010,0.077583976
Slovenia,SVN,2011,0.02217685
Slovenia,SVN,2012,0.022226848
Slovenia,SVN,2013,0.033275276
Slovenia,SVN,2014,0.033275276
Slovenia,SVN,2015,0.033227775
Slovenia,SVN,2016,0.05537944
Slovenia,SVN,2017,0.08860693
Slovenia,SVN,2018,0.17275831
Slovenia,SVN,2019,0.11178479
Slovenia,SVN,2020,0.05420546
Slovenia,SVN,2021,0.051059924
Slovenia,SVN,2022,0.042730898
Slovenia,SVN,2023,0.044414427
Slovenia,SVN,2024,0.037049
Solomon Islands,SLB,1980,0
Solomon Islands,SLB,1981,0
Solomon Islands,SLB,1982,0
Solomon Islands,SLB,1983,0
Solomon Islands,SLB,1984,0
Solomon Islands,SLB,1985,0
Solomon Islands,SLB,1986,0
Solomon Islands,SLB,1987,0
Solomon Islands,SLB,1988,0
Solomon Islands,SLB,1989,0
Solomon Islands,SLB,1990,0
Solomon Islands,SLB,1991,0
Solomon Islands,SLB,1992,0
Solomon Islands,SLB,1993,0
Solomon Islands,SLB,1994,0
Solomon Islands,SLB,1995,0
Solomon Islands,SLB,1996,0
Solomon Islands,SLB,1997,0
Solomon Islands,SLB,1998,0
Solomon Islands,SLB,1999,0
Solomon Islands,SLB,2000,0
Solomon Islands,SLB,2001,0
Solomon Islands,SLB,2002,0
Solomon Islands,SLB,2003,0
Solomon Islands,SLB,2004,0
Solomon Islands,SLB,2005,0
Solomon Islands,SLB,2006,0
Solomon Islands,SLB,2007,0
Solomon Islands,SLB,2008,0
Solomon Islands,SLB,2009,0
Solomon Islands,SLB,2010,0
Solomon Islands,SLB,2011,0
Solomon Islands,SLB,2012,0
Solomon Islands,SLB,2013,0
Solomon Islands,SLB,2014,0
Solomon Islands,SLB,2015,0
Solomon Islands,SLB,2016,0
Solomon Islands,SLB,2017,0
Solomon Islands,SLB,2018,0
Solomon Islands,SLB,2019,0
Solomon Islands,SLB,2020,0
Solomon Islands,SLB,2021,0
Solomon Islands,SLB,2022,0
Solomon Islands,SLB,2023,0
Solomon Islands,SLB,2024,0
Somalia,SOM,1980,0
Somalia,SOM,1981,0
Somalia,SOM,1982,0
Somalia,SOM,1983,0
Somalia,SOM,1984,0
Somalia,SOM,1985,0
Somalia,SOM,1986,0
Somalia,SOM,1987,0
Somalia,SOM,1988,0
Somalia,SOM,1989,0
Somalia,SOM,1990,0
Somalia,SOM,1991,0
Somalia,SOM,1992,0
Somalia,SOM,1993,0
Somalia,SOM,1994,0
Somalia,SOM,1995,0
Somalia,SOM,1996,0
Somalia,SOM,1997,0
Somalia,SOM,1998,0
Somalia,SOM,1999,0
Somalia,SOM,2000,0
Somalia,SOM,2001,0
Somalia,SOM,2002,0
Somalia,SOM,2003,0
Somalia,SOM,2004,0
Somalia,SOM,2005,0
Somalia,SOM,2006,0
Somalia,SOM,2007,0
Somalia,SOM,2008,0
Somalia,SOM,2009,0
Somalia,SOM,2010,0
Somalia,SOM,2011,0
Somalia,SOM,2012,0
Somalia,SOM,2013,0
Somalia,SOM,2014,0
Somalia,SOM,2015,0
Somalia,SOM,2016,0
Somalia,SOM,2017,0
Somalia,SOM,2018,0
Somalia,SOM,2019,0
Somalia,SOM,2020,0
Somalia,SOM,2021,0
Somalia,SOM,2022,0
Somalia,SOM,2023,0
Somalia,SOM,2024,0
South Africa,ZAF,1980,0
South Africa,ZAF,1981,0
South Africa,ZAF,1982,0
South Africa,ZAF,1983,0
South Africa,ZAF,1984,0
South Africa,ZAF,1985,0
South Africa,ZAF,1986,0
South Africa,ZAF,1987,0
South Africa,ZAF,1988,0
South Africa,ZAF,1989,0
South Africa,ZAF,1990,0
South Africa,ZAF,1991,0
South Africa,ZAF,1992,13.653669
South Africa,ZAF,1993,19.451546
South Africa,ZAF,1994,21.238918
South Africa,ZAF,1995,21.23984
South Africa,ZAF,1996,19.947973
South Africa,ZAF,1997,18.96343
South Africa,ZAF,1998,15.712557
South Africa,ZAF,1999,15.170744
South Africa,ZAF,2000,17.879805
South Africa,ZAF,2001,22.756115
South Africa,ZAF,2002,24.923365
South Africa,ZAF,2003,24.706638
South Africa,ZAF,2004,21.99758
South Africa,ZAF,2005,20.155416
South Africa,ZAF,2006,31.425114
South Africa,ZAF,2007,16.579456
South Africa,ZAF,2008,14.737294
South Africa,ZAF,2009,11.486421
South Africa,ZAF,2010,10.511158
South Africa,ZAF,2011,13.870394
South Africa,ZAF,2012,11.91987
South Africa,ZAF,2013,12.78677
South Africa,ZAF,2014,10.294434
South Africa,ZAF,2015,11.91987
South Africa,ZAF,2016,10.522006
South Africa,ZAF,2017,9.850164
South Africa,ZAF,2018,11.700679
South Africa,ZAF,2019,13.319882
South Africa,ZAF,2020,12.79954
South Africa,ZAF,2021,0.7855827
South Africa,ZAF,2022,0.6333998
South Africa,ZAF,2023,0.630409
South Africa,ZAF,2024,0.628361
South America,OWID_SAM,1970,169.18536
South America,OWID_SAM,1971,173.37167
South America,OWID_SAM,1972,183.34215
South America,OWID_SAM,1973,212.78174
South America,OWID_SAM,1974,227.80113
South America,OWID_SAM,1975,229.13478
South America,OWID_SAM,1976,256.7117
South America,OWID_SAM,1977,276.02597
South America,OWID_SAM,1978,288.97922
South America,OWID_SAM,1979,300.43512
South America,OWID_SAM,1980,323.90515
South America,OWID_SAM,1981,332.55704
South America,OWID_SAM,1982,361.6873
South America,OWID_SAM,1983,396.47827
South America,OWID_SAM,1984,422.96616
South America,OWID_SAM,1985,431.69424
South America,OWID_SAM,1986,470.1853
South America,OWID_SAM,1987,467.6257
South America,OWID_SAM,1988,503.23453
South America,OWID_SAM,1989,526.30664
South America,OWID_SAM,1990,547.006
South America,OWID_SAM,1991,568.58966
South America,OWID_SAM,1992,571.4468
South America,OWID_SAM,1993,605.08777
South America,OWID_SAM,1994,642.0299
South America,OWID_SAM,1995,705.4345
South America,OWID_SAM,1996,777.33887
South America,OWID_SAM,1997,782.9854
South America,OWID_SAM,1998,832.5737
South America,OWID_SAM,1999,827.0387
South America,OWID_SAM,2000,872.50543
South America,OWID_SAM,2001,908.24475
South America,OWID_SAM,2002,913.1484
South America,OWID_SAM,2003,937.91174
South America,OWID_SAM,2004,1057.508
South America,OWID_SAM,2005,1086.274
South America,OWID_SAM,2006,1151.7034
South America,OWID_SAM,2007,1183.5896
South America,OWID_SAM,2008,1193.5272
South America,OWID_SAM,2009,1126.2592
South America,OWID_SAM,2010,1190.8202
South America,OWID_SAM,2011,1245.2474
South America,OWID_SAM,2012,1308.6335
South America,OWID_SAM,2013,1341.9803
South America,OWID_SAM,2014,1372.4249
South America,OWID_SAM,2015,1416.3956
South America,OWID_SAM,2016,1457.5311
South America,OWID_SAM,2017,1484.9685
South America,OWID_SAM,2018,1408.6255
South America,OWID_SAM,2019,1365.0314
South America,OWID_SAM,2020,1263.113
South America,OWID_SAM,2021,1330.754
South America,OWID_SAM,2022,1366.5419
South America,OWID_SAM,2023,1362.7267
South America,OWID_SAM,2024,1383.6866
South America,OWID_SAM,2025,1386.5372
South Korea,KOR,1900,0
South Korea,KOR,1901,0
South Korea,KOR,1902,0
South Korea,KOR,1903,0
South Korea,KOR,1904,0
South Korea,KOR,1905,0
South Korea,KOR,1906,0
South Korea,KOR,1907,0
South Korea,KOR,1908,0
South Korea,KOR,1909,0
South Korea,KOR,1910,0
South Korea,KOR,1911,0
South Korea,KOR,1912,0
South Korea,KOR,1913,0
South Korea,KOR,1914,0
South Korea,KOR,1915,0
South Korea,KOR,1916,0
South Korea,KOR,1917,0
South Korea,KOR,1918,0
South Korea,KOR,1919,0
South Korea,KOR,1920,0
South Korea,KOR,1921,0
South Korea,KOR,1922,0
South Korea,KOR,1923,0
South Korea,KOR,1924,0
South Korea,KOR,1925,0
South Korea,KOR,1926,0
South Korea,KOR,1927,0
South Korea,KOR,1928,0
South Korea,KOR,1929,0
South Korea,KOR,1930,0
South Korea,KOR,1931,0
South Korea,KOR,1932,0
South Korea,KOR,1933,0
South Korea,KOR,1934,0
South Korea,KOR,1935,0
South Korea,KOR,1936,0
South Korea,KOR,1937,0
South Korea,KOR,1938,0
South Korea,KOR,1939,0
South Korea,KOR,1940,0
South Korea,KOR,1941,0
South Korea,KOR,1942,0
South Korea,KOR,1943,0
South Korea,KOR,1944,0
South Korea,KOR,1945,0
South Korea,KOR,1946,0
South Korea,KOR,1947,0
South Korea,KOR,1948,0
South Korea,KOR,1949,0
South Korea,KOR,1950,0
South Korea,KOR,1951,0
South Korea,KOR,1952,0
South Korea,KOR,1953,0
South Korea,KOR,1954,0
South Korea,KOR,1955,0
South Korea,KOR,1956,0
South Korea,KOR,1957,0
South Korea,KOR,1958,0
South Korea,KOR,1959,0
South Korea,KOR,1960,0
South Korea,KOR,1961,0
South Korea,KOR,1962,0
South Korea,KOR,1963,0
South Korea,KOR,1964,0
South Korea,KOR,1965,0
South Korea,KOR,1966,0
South Korea,KOR,1967,0
South Korea,KOR,1968,0
South Korea,KOR,1969,0
South Korea,KOR,1970,0
South Korea,KOR,1971,0
South Korea,KOR,1972,0
South Korea,KOR,1973,0
South Korea,KOR,1974,0
South Korea,KOR,1975,0
South Korea,KOR,1976,0
South Korea,KOR,1977,0
South Korea,KOR,1978,0
South Korea,KOR,1979,0
South Korea,KOR,1980,0
South Korea,KOR,1981,0
South Korea,KOR,1982,0
South Korea,KOR,1983,0
South Korea,KOR,1984,0
South Korea,KOR,1985,0
South Korea,KOR,1986,0
South Korea,KOR,1987,0
South Korea,KOR,1988,0
South Korea,KOR,1989,0
South Korea,KOR,1990,0
South Korea,KOR,1991,0
South Korea,KOR,1992,0
South Korea,KOR,1993,0
South Korea,KOR,1994,0
South Korea,KOR,1995,0
South Korea,KOR,1996,0
South Korea,KOR,1997,0
South Korea,KOR,1998,0
South Korea,KOR,1999,0
South Korea,KOR,2000,0
South Korea,KOR,2001,0
South Korea,KOR,2002,0
South Korea,KOR,2003,0
South Korea,KOR,2004,0
South Korea,KOR,2005,5.6980643
South Korea,KOR,2006,5.0772004
South Korea,KOR,2007,4.1034904
South Korea,KOR,2008,2.5154166
South Korea,KOR,2009,5.797112
South Korea,KOR,2010,6.26016
South Korea,KOR,2011,5.249547
South Korea,KOR,2012,5.056177
South Korea,KOR,2013,5.368646
South Korea,KOR,2014,3.7309294
South Korea,KOR,2015,2.1783066
South Korea,KOR,2016,1.7836742
South Korea,KOR,2017,3.9452457
South Korea,KOR,2018,3.536598
South Korea,KOR,2019,2.998294
South Korea,KOR,2020,2.1416388
South Korea,KOR,2021,0.6367034
South Korea,KOR,2022,0
South Korea,KOR,2023,0
South Korea,KOR,2024,0
South Sudan,SSD,2012,0
South Sudan,SSD,2013,0
South Sudan,SSD,2014,0
South Sudan,SSD,2015,0
South Sudan,SSD,2016,0
South Sudan,SSD,2017,0
South Sudan,SSD,2018,0
South Sudan,SSD,2019,0
South Sudan,SSD,2020,0
South Sudan,SSD,2021,0
South Sudan,SSD,2022,0
South Sudan,SSD,2023,0
South Sudan,SSD,2024,0
South and Central America (EI),,1970,186.99683
South and Central America (EI),,1971,192.09407
South and Central America (EI),,1972,202.69667
South and Central America (EI),,1973,231.46017
South and Central America (EI),,1974,244.91734
South and Central America (EI),,1975,244.68973
South and Central America (EI),,1976,274.26166
South and Central America (EI),,1977,296.5679
South and Central America (EI),,1978,313.43765
South and Central America (EI),,1979,325.8117
South and Central America (EI),,1980,352.5416
South and Central America (EI),,1981,363.98456
South and Central America (EI),,1982,399.80844
South and Central America (EI),,1983,435.96393
South and Central America (EI),,1984,464.36707
South and Central America (EI),,1985,474.16425
South and Central America (EI),,1986,513.63495
South and Central America (EI),,1987,513.76807
South and Central America (EI),,1988,556.2944
South and Central America (EI),,1989,579.603
South and Central America (EI),,1990,602.24835
South and Central America (EI),,1991,624.4404
South and Central America (EI),,1992,625.3448
South and Central America (EI),,1993,665.5974
South and Central America (EI),,1994,711.1885
South and Central America (EI),,1995,779.6663
South and Central America (EI),,1996,861.153
South and Central America (EI),,1997,874.0406
South and Central America (EI),,1998,924.6806
South and Central America (EI),,1999,946.3864
South and Central America (EI),,2000,1017.1946
South and Central America (EI),,2001,1061.9297
South and Central America (EI),,2002,1092.1747
South and Central America (EI),,2003,1196.3357
South and Central America (EI),,2004,1350.3158
South and Central America (EI),,2005,1393.7888
South and Central America (EI),,2006,1518.065
South and Central America (EI),,2007,1572.5289
South and Central America (EI),,2008,1578.8629
South and Central America (EI),,2009,1523.1208
South and Central America (EI),,2010,1604.231
South and Central America (EI),,2011,1640.8215
South and Central America (EI),,2012,1702.9031
South and Central America (EI),,2013,1737.7357
South and Central America (EI),,2014,1761.9866
South and Central America (EI),,2015,1785.7285
South and Central America (EI),,2016,1779.6417
South and Central America (EI),,2017,1813.045
South and Central America (EI),,2018,1757.6368
South and Central America (EI),,2019,1719.6061
South and Central America (EI),,2020,1566.1852
South and Central America (EI),,2021,1584.7263
South and Central America (EI),,2022,1635.0323
South and Central America (EI),,2023,1619.0898
South and Central America (EI),,2024,1633.8768
South and Central America (EI),,2025,1630.6753
Spain,ESP,1900,0
Spain,ESP,1901,0
Spain,ESP,1902,0
Spain,ESP,1903,0
Spain,ESP,1904,0
Spain,ESP,1905,0
Spain,ESP,1906,0
Spain,ESP,1907,0
Spain,ESP,1908,0
Spain,ESP,1909,0
Spain,ESP,1910,0
Spain,ESP,1911,0
Spain,ESP,1912,0
Spain,ESP,1913,0
Spain,ESP,1914,0
Spain,ESP,1915,0
Spain,ESP,1916,0
Spain,ESP,1917,0
Spain,ESP,1918,0
Spain,ESP,1919,0
Spain,ESP,1920,0
Spain,ESP,1921,0
Spain,ESP,1922,0.48115116
Spain,ESP,1923,0.5693623
Spain,ESP,1924,0.6575733
Spain,ESP,1925,0.74578434
Spain,ESP,1926,0.8339954
Spain,ESP,1927,0.9222064
Spain,ESP,1928,1.0104175
Spain,ESP,1929,1.1013017
Spain,ESP,1930,1.1921858
Spain,ESP,1931,1.2830698
Spain,ESP,1932,1.3739539
Spain,ESP,1933,1.4648381
Spain,ESP,1934,1.5557222
Spain,ESP,1935,1.6466062
Spain,ESP,1936,1.7374904
Spain,ESP,1937,1.8283746
Spain,ESP,1938,1.8938645
Spain,ESP,1939,1.9593545
Spain,ESP,1940,2.0248446
Spain,ESP,1941,2.0903347
Spain,ESP,1942,2.1558247
Spain,ESP,1943,2.2213147
Spain,ESP,1944,2.2868047
Spain,ESP,1945,2.3522947
Spain,ESP,1946,2.4177847
Spain,ESP,1947,2.574159
Spain,ESP,1948,2.8147345
Spain,ESP,1949,3.0793676
Spain,ESP,1950,3.2116842
Spain,ESP,1951,3.319943
Spain,ESP,1952,3.6206627
Spain,ESP,1953,3.8371806
Spain,ESP,1954,3.873267
Spain,ESP,1955,3.8010943
Spain,ESP,1956,4.0176125
Spain,ESP,1957,4.2221017
Spain,ESP,1958,4.366447
Spain,ESP,1959,4.4987636
Spain,ESP,1960,4.6190515
Spain,ESP,1961,4.63108
Spain,ESP,1962,4.8355694
Spain,ESP,1963,4.847598
Spain,ESP,1964,4.847598
Spain,ESP,1965,5.1603465
Spain,ESP,1966,5.6655555
Spain,ESP,1967,6.4835124
Spain,ESP,1968,7.59016
Spain,ESP,1969,8.540434
Spain,ESP,1970,9.0215845
Spain,ESP,1971,0.31274828
Spain,ESP,1972,0.02405756
Spain,ESP,1973,0.03608634
Spain,ESP,1974,0.03608634
Spain,ESP,1975,0.03608634
Spain,ESP,1976,0.03608634
Spain,ESP,1977,0.04811512
Spain,ESP,1978,0.18043171
Spain,ESP,1979,0.12028779
Spain,ESP,1980,0
Spain,ESP,1981,0
Spain,ESP,1982,0
Spain,ESP,1983,0.81309634
Spain,ESP,1984,2.5928876
Spain,ESP,1985,2.9633002
Spain,ESP,1986,4.3776026
Spain,ESP,1987,8.374506
Spain,ESP,1988,10.384388
Spain,ESP,1989,18.375557
Spain,ESP,1990,16.37095
Spain,ESP,1991,15.368647
Spain,ESP,1992,14.075941
Spain,ESP,1993,7.699748
Spain,ESP,1994,2.3330529
Spain,ESP,1995,4.9022174
Spain,ESP,1996,5.503053
Spain,ESP,1997,2.103867
Spain,ESP,1998,1.3214631
Spain,ESP,1999,1.6901852
Spain,ESP,2000,1.8124785
Spain,ESP,2001,5.7677393
Spain,ESP,2002,6.030407
Spain,ESP,2003,2.4032247
Spain,ESP,2004,4.0016484
Spain,ESP,2005,1.8666908
Spain,ESP,2006,0.8152231
Spain,ESP,2007,0.20101391
Spain,ESP,2008,0.18104914
Spain,ESP,2009,0.15938699
Spain,ESP,2010,0.5760917
Spain,ESP,2011,0.58747435
Spain,ESP,2012,0.669142
Spain,ESP,2013,0.6553617
Spain,ESP,2014,0.26887542
Spain,ESP,2015,0.6996924
Spain,ESP,2016,0.6094103
Spain,ESP,2017,0.39498428
Spain,ESP,2018,1.0269592
Spain,ESP,2019,1.5009402
Spain,ESP,2020,0.6545454
Spain,ESP,2021,0.53450894
Spain,ESP,2022,0.46279857
Spain,ESP,2023,0.3847948
Spain,ESP,2024,0.33237475
Sri Lanka,LKA,1980,0
Sri Lanka,LKA,1981,0
Sri Lanka,LKA,1982,0
Sri Lanka,LKA,1983,0
Sri Lanka,LKA,1984,0
Sri Lanka,LKA,1985,0
Sri Lanka,LKA,1986,0
Sri Lanka,LKA,1987,0
Sri Lanka,LKA,1988,0
Sri Lanka,LKA,1989,0
Sri Lanka,LKA,1990,0
Sri Lanka,LKA,1991,0
Sri Lanka,LKA,1992,0
Sri Lanka,LKA,1993,0
Sri Lanka,LKA,1994,0
Sri Lanka,LKA,1995,0
Sri Lanka,LKA,1996,0
Sri Lanka,LKA,1997,0
Sri Lanka,LKA,1998,0
Sri Lanka,LKA,1999,0
Sri Lanka,LKA,2000,0
Sri Lanka,LKA,2001,0
Sri Lanka,LKA,2002,0
Sri Lanka,LKA,2003,0
Sri Lanka,LKA,2004,0
Sri Lanka,LKA,2005,0
Sri Lanka,LKA,2006,0
Sri Lanka,LKA,2007,0
Sri Lanka,LKA,2008,0
Sri Lanka,LKA,2009,0
Sri Lanka,LKA,2010,0
Sri Lanka,LKA,2011,0
Sri Lanka,LKA,2012,0
Sri Lanka,LKA,2013,0
Sri Lanka,LKA,2014,0
Sri Lanka,LKA,2015,0
Sri Lanka,LKA,2016,0
Sri Lanka,LKA,2017,0
Sri Lanka,LKA,2018,0
Sri Lanka,LKA,2019,0
Sri Lanka,LKA,2020,0
Sri Lanka,LKA,2021,0
Sri Lanka,LKA,2022,0
Sri Lanka,LKA,2023,0
Sri Lanka,LKA,2024,0
Sudan,SDN,1980,0
Sudan,SDN,1981,0
Sudan,SDN,1982,0
Sudan,SDN,1983,0
Sudan,SDN,1984,0
Sudan,SDN,1985,0
Sudan,SDN,1986,0
Sudan,SDN,1987,0
Sudan,SDN,1988,0
Sudan,SDN,1989,0
Sudan,SDN,1990,0
Sudan,SDN,1991,0
Sudan,SDN,1992,0
Sudan,SDN,1993,0
Sudan,SDN,1994,0
Sudan,SDN,1995,0
Sudan,SDN,1996,0
Sudan,SDN,1997,0
Sudan,SDN,1998,0
Sudan,SDN,1999,0
Sudan,SDN,2000,0
Sudan,SDN,2001,0
Sudan,SDN,2002,0
Sudan,SDN,2003,0
Sudan,SDN,2004,0
Sudan,SDN,2005,0
Sudan,SDN,2006,0
Sudan,SDN,2007,0
Sudan,SDN,2008,0
Sudan,SDN,2009,0
Sudan,SDN,2010,0
Sudan,SDN,2011,0
Sudan,SDN,2012,0
Sudan,SDN,2013,0
Sudan,SDN,2014,0
Sudan,SDN,2015,0
Sudan,SDN,2016,0
Sudan,SDN,2017,0
Sudan,SDN,2018,0
Sudan,SDN,2019,0
Sudan,SDN,2020,0
Sudan,SDN,2021,0
Sudan,SDN,2022,0
Sudan,SDN,2023,0
Sudan,SDN,2024,0
Suriname,SUR,1980,0
Suriname,SUR,1981,0
Suriname,SUR,1982,0
Suriname,SUR,1983,0
Suriname,SUR,1984,0
Suriname,SUR,1985,0
Suriname,SUR,1986,0
Suriname,SUR,1987,0
Suriname,SUR,1988,0
Suriname,SUR,1989,0
Suriname,SUR,1990,0
Suriname,SUR,1991,0
Suriname,SUR,1992,0
Suriname,SUR,1993,0
Suriname,SUR,1994,0
Suriname,SUR,1995,0
Suriname,SUR,1996,0
Suriname,SUR,1997,0
Suriname,SUR,1998,0
Suriname,SUR,1999,0
Suriname,SUR,2000,0
Suriname,SUR,2001,0
Suriname,SUR,2002,0
Suriname,SUR,2003,0
Suriname,SUR,2004,0
Suriname,SUR,2005,0
Suriname,SUR,2006,0
Suriname,SUR,2007,0
Suriname,SUR,2008,0
Suriname,SUR,2009,0
Suriname,SUR,2010,0
Suriname,SUR,2011,0
Suriname,SUR,2012,0
Suriname,SUR,2013,0
Suriname,SUR,2014,0
Suriname,SUR,2015,0
Suriname,SUR,2016,0
Suriname,SUR,2017,0.05542695
Suriname,SUR,2018,0.060279753
Suriname,SUR,2019,0.065539636
Suriname,SUR,2020,0.071158856
Suriname,SUR,2021,0.07688514
Suriname,SUR,2022,0.07757403
Suriname,SUR,2023,0.076691404
Suriname,SUR,2024,0.076691404
Sweden,SWE,1980,0
Sweden,SWE,1981,0
Sweden,SWE,1982,0
Sweden,SWE,1983,0
Sweden,SWE,1984,0
Sweden,SWE,1985,0
Sweden,SWE,1986,0
Sweden,SWE,1987,0
Sweden,SWE,1988,0
Sweden,SWE,1989,0
Sweden,SWE,1990,0
Sweden,SWE,1991,0
Sweden,SWE,1992,0
Sweden,SWE,1993,0
Sweden,SWE,1994,0
Sweden,SWE,1995,0
Sweden,SWE,1996,0
Sweden,SWE,1997,0
Sweden,SWE,1998,0
Sweden,SWE,1999,0
Sweden,SWE,2000,0
Sweden,SWE,2001,0
Sweden,SWE,2002,0
Sweden,SWE,2003,0
Sweden,SWE,2004,0
Sweden,SWE,2005,0
Sweden,SWE,2006,0
Sweden,SWE,2007,0
Sweden,SWE,2008,0
Sweden,SWE,2009,0
Sweden,SWE,2010,0
Sweden,SWE,2011,0
Sweden,SWE,2012,0
Sweden,SWE,2013,0
Sweden,SWE,2014,0
Sweden,SWE,2015,0
Sweden,SWE,2016,0
Sweden,SWE,2017,0
Sweden,SWE,2018,0
Sweden,SWE,2019,0
Sweden,SWE,2020,0
Sweden,SWE,2021,0
Sweden,SWE,2022,0
Sweden,SWE,2023,0
Sweden,SWE,2024,0
Switzerland,CHE,1900,0
Switzerland,CHE,1901,0
Switzerland,CHE,1902,0
Switzerland,CHE,1903,0
Switzerland,CHE,1904,0
Switzerland,CHE,1905,0
Switzerland,CHE,1906,0
Switzerland,CHE,1907,0
Switzerland,CHE,1908,0
Switzerland,CHE,1909,0
Switzerland,CHE,1910,0
Switzerland,CHE,1911,0
Switzerland,CHE,1912,0
Switzerland,CHE,1913,0
Switzerland,CHE,1914,0
Switzerland,CHE,1915,0
Switzerland,CHE,1916,0
Switzerland,CHE,1917,0
Switzerland,CHE,1918,0
Switzerland,CHE,1919,0
Switzerland,CHE,1920,0
Switzerland,CHE,1921,0
Switzerland,CHE,1922,0
Switzerland,CHE,1923,0
Switzerland,CHE,1924,0
Switzerland,CHE,1925,0
Switzerland,CHE,1926,0
Switzerland,CHE,1927,0
Switzerland,CHE,1928,0
Switzerland,CHE,1929,0
Switzerland,CHE,1930,0
Switzerland,CHE,1931,0
Switzerland,CHE,1932,0
Switzerland,CHE,1933,0
Switzerland,CHE,1934,0
Switzerland,CHE,1935,0
Switzerland,CHE,1936,0
Switzerland,CHE,1937,0
Switzerland,CHE,1938,0
Switzerland,CHE,1939,0
Switzerland,CHE,1940,0
Switzerland,CHE,1941,0
Switzerland,CHE,1942,0
Switzerland,CHE,1943,0
Switzerland,CHE,1944,0
Switzerland,CHE,1945,0
Switzerland,CHE,1946,0
Switzerland,CHE,1947,0
Switzerland,CHE,1948,0
Switzerland,CHE,1949,0
Switzerland,CHE,1950,0
Switzerland,CHE,1951,0
Switzerland,CHE,1952,0
Switzerland,CHE,1953,0
Switzerland,CHE,1954,0
Switzerland,CHE,1955,0
Switzerland,CHE,1956,0
Switzerland,CHE,1957,0
Switzerland,CHE,1958,0
Switzerland,CHE,1959,0
Switzerland,CHE,1960,0
Switzerland,CHE,1961,0
Switzerland,CHE,1962,0
Switzerland,CHE,1963,0
Switzerland,CHE,1964,0
Switzerland,CHE,1965,0
Switzerland,CHE,1966,0
Switzerland,CHE,1967,0
Switzerland,CHE,1968,0
Switzerland,CHE,1969,0
Switzerland,CHE,1970,0
Switzerland,CHE,1971,0
Switzerland,CHE,1972,0
Switzerland,CHE,1973,0
Switzerland,CHE,1974,0
Switzerland,CHE,1975,0
Switzerland,CHE,1976,0
Switzerland,CHE,1977,0
Switzerland,CHE,1978,0
Switzerland,CHE,1979,0
Switzerland,CHE,1980,0
Switzerland,CHE,1981,0
Switzerland,CHE,1982,0
Switzerland,CHE,1983,0
Switzerland,CHE,1984,0
Switzerland,CHE,1985,0.30567312
Switzerland,CHE,1986,0.2948295
Switzerland,CHE,1987,0.08906429
Switzerland,CHE,1988,0.06295167
Switzerland,CHE,1989,0.03343941
Switzerland,CHE,1990,0.03880232
Switzerland,CHE,1991,0.033049624
Switzerland,CHE,1992,0.030280104
Switzerland,CHE,1993,0.024984429
Switzerland,CHE,1994,0.01111569
Switzerland,CHE,1995,0
Switzerland,CHE,1996,0
Switzerland,CHE,1997,0
Switzerland,CHE,1998,0
Switzerland,CHE,1999,0
Switzerland,CHE,2000,0
Switzerland,CHE,2001,0
Switzerland,CHE,2002,0
Switzerland,CHE,2003,0
Switzerland,CHE,2004,0
Switzerland,CHE,2005,0
Switzerland,CHE,2006,0
Switzerland,CHE,2007,0
Switzerland,CHE,2008,0
Switzerland,CHE,2009,0
Switzerland,CHE,2010,0
Switzerland,CHE,2011,0
Switzerland,CHE,2012,0
Switzerland,CHE,2013,0
Switzerland,CHE,2014,0
Switzerland,CHE,2015,0
Switzerland,CHE,2016,0
Switzerland,CHE,2017,0
Switzerland,CHE,2018,0
Switzerland,CHE,2019,0
Switzerland,CHE,2020,0
Switzerland,CHE,2021,0
Switzerland,CHE,2022,0
Switzerland,CHE,2023,0
Switzerland,CHE,2024,0
Syria,SYR,1900,0
Syria,SYR,1901,0
Syria,SYR,1902,0
Syria,SYR,1903,0
Syria,SYR,1904,0
Syria,SYR,1905,0
Syria,SYR,1906,0
Syria,SYR,1907,0
Syria,SYR,1908,0
Syria,SYR,1909,0
Syria,SYR,1910,0
Syria,SYR,1911,0
Syria,SYR,1912,0
Syria,SYR,1913,0
Syria,SYR,1914,0
Syria,SYR,1915,0
Syria,SYR,1916,0
Syria,SYR,1917,0
Syria,SYR,1918,0
Syria,SYR,1919,0
Syria,SYR,1920,0
Syria,SYR,1921,0
Syria,SYR,1922,0
Syria,SYR,1923,0
Syria,SYR,1924,0
Syria,SYR,1925,0
Syria,SYR,1926,0
Syria,SYR,1927,0
Syria,SYR,1928,0
Syria,SYR,1929,0
Syria,SYR,1930,0
Syria,SYR,1931,0
Syria,SYR,1932,0
Syria,SYR,1933,0
Syria,SYR,1934,0
Syria,SYR,1935,0
Syria,SYR,1936,0
Syria,SYR,1937,0
Syria,SYR,1938,0
Syria,SYR,1939,0
Syria,SYR,1940,0
Syria,SYR,1941,0
Syria,SYR,1942,0
Syria,SYR,1943,0
Syria,SYR,1944,0
Syria,SYR,1945,0
Syria,SYR,1946,0
Syria,SYR,1947,0
Syria,SYR,1948,0
Syria,SYR,1949,0
Syria,SYR,1950,0
Syria,SYR,1951,0
Syria,SYR,1952,0
Syria,SYR,1953,0
Syria,SYR,1954,0
Syria,SYR,1955,0
Syria,SYR,1956,0
Syria,SYR,1957,0
Syria,SYR,1958,0
Syria,SYR,1959,0
Syria,SYR,1960,0
Syria,SYR,1961,0
Syria,SYR,1962,0
Syria,SYR,1963,0
Syria,SYR,1964,0
Syria,SYR,1965,0
Syria,SYR,1966,0
Syria,SYR,1967,0
Syria,SYR,1968,0
Syria,SYR,1969,1.2043252
Syria,SYR,1970,2.047353
Syria,SYR,1971,2.384564
Syria,SYR,1972,2.7338183
Syria,SYR,1973,2.384564
Syria,SYR,1974,2.1677854
Syria,SYR,1975,0
Syria,SYR,1976,0.314
Syria,SYR,1977,0.3495
Syria,SYR,1978,0.337
Syria,SYR,1979,0.3475
Syria,SYR,1980,0.46775
Syria,SYR,1981,0.472
Syria,SYR,1982,0.4925
Syria,SYR,1983,0.7475
Syria,SYR,1984,1.2624999
Syria,SYR,1985,1.5
Syria,SYR,1986,3.79275
Syria,SYR,1987,3.7342498
Syria,SYR,1988,8.833501
Syria,SYR,1989,14.4592495
Syria,SYR,1990,15.92175
Syria,SYR,1991,18.583502
Syria,SYR,1992,19.221998
Syria,SYR,1993,19.025
Syria,SYR,1994,20.623
Syria,SYR,1995,26.0055
Syria,SYR,1996,27.7095
Syria,SYR,1997,42.978
Syria,SYR,1998,54.193752
Syria,SYR,1999,53.7225
Syria,SYR,2000,53.7225
Syria,SYR,2001,55.042
Syria,SYR,2002,60.885498
Syria,SYR,2003,64.56125
Syria,SYR,2004,59.377502
Syria,SYR,2005,57.4925
Syria,SYR,2006,58.906246
Syria,SYR,2007,56.550003
Syria,SYR,2008,55.6075
Syria,SYR,2009,61.356747
Syria,SYR,2010,84.2595
Syria,SYR,2011,74.17475
Syria,SYR,2012,60.79125
Syria,SYR,2013,49.9525
Syria,SYR,2014,46.1825
Syria,SYR,2015,40.5275
Syria,SYR,2016,35.34375
Syria,SYR,2017,37.5115
Syria,SYR,2018,32.70475
Syria,SYR,2019,30.442749
Syria,SYR,2020,25.824501
Syria,SYR,2021,39.679253
Syria,SYR,2022,34.40125
Syria,SYR,2023,35.15525
Syria,SYR,2024,35.15525
Syria,SYR,2025,33.09063
Taiwan,TWN,1900,0
Taiwan,TWN,1901,0
Taiwan,TWN,1902,0
Taiwan,TWN,1903,0
Taiwan,TWN,1904,0
Taiwan,TWN,1905,0
Taiwan,TWN,1906,0
Taiwan,TWN,1907,0
Taiwan,TWN,1908,0
Taiwan,TWN,1909,0
Taiwan,TWN,1910,0
Taiwan,TWN,1911,0
Taiwan,TWN,1912,0
Taiwan,TWN,1913,0
Taiwan,TWN,1914,0
Taiwan,TWN,1915,0
Taiwan,TWN,1916,0
Taiwan,TWN,1917,0
Taiwan,TWN,1918,0
Taiwan,TWN,1919,0
Taiwan,TWN,1920,0
Taiwan,TWN,1921,0
Taiwan,TWN,1922,0
Taiwan,TWN,1923,0
Taiwan,TWN,1924,0
Taiwan,TWN,1925,0
Taiwan,TWN,1926,0
Taiwan,TWN,1927,0
Taiwan,TWN,1928,0
Taiwan,TWN,1929,0.8309844
Taiwan,TWN,1930,0
Taiwan,TWN,1931,0
Taiwan,TWN,1932,0
Taiwan,TWN,1933,0
Taiwan,TWN,1934,0
Taiwan,TWN,1935,0
Taiwan,TWN,1936,0
Taiwan,TWN,1937,0.4576436
Taiwan,TWN,1938,0
Taiwan,TWN,1939,0
Taiwan,TWN,1940,0
Taiwan,TWN,1941,0
Taiwan,TWN,1942,0
Taiwan,TWN,1943,0
Taiwan,TWN,1944,0
Taiwan,TWN,1945,0
Taiwan,TWN,1946,0.4576436
Taiwan,TWN,1947,0.27699482
Taiwan,TWN,1948,0.2288218
Taiwan,TWN,1949,0.2288218
Taiwan,TWN,1950,0.28903806
Taiwan,TWN,1951,0.2529083
Taiwan,TWN,1952,0.2047353
Taiwan,TWN,1953,0.24086507
Taiwan,TWN,1954,0.32516783
Taiwan,TWN,1955,0.31312457
Taiwan,TWN,1956,0.32516783
Taiwan,TWN,1957,0.34925434
Taiwan,TWN,1958,0.31312457
Taiwan,TWN,1959,0.31312457
Taiwan,TWN,1960,0.3010813
Taiwan,TWN,1961,0.44560036
Taiwan,TWN,1962,0.4576436
Taiwan,TWN,1963,0.6142059
Taiwan,TWN,1964,2.0353098
Taiwan,TWN,1965,3.7334082
Taiwan,TWN,1966,5.2869883
Taiwan,TWN,1967,6.346794
Taiwan,TWN,1968,8.47845
Taiwan,TWN,1969,10.754624
Taiwan,TWN,1970,11.055706
Taiwan,TWN,1971,13.139188
Taiwan,TWN,1972,15.2226715
Taiwan,TWN,1973,17.51089
Taiwan,TWN,1974,19.112642
Taiwan,TWN,1975,18.968122
Taiwan,TWN,1976,22.111412
Taiwan,TWN,1977,22.713575
Taiwan,TWN,1978,22.171629
Taiwan,TWN,1979,20.726439
Taiwan,TWN,1980,13.194353
Taiwan,TWN,1981,16.262806
Taiwan,TWN,1982,14.421734
Taiwan,TWN,1983,14.421734
Taiwan,TWN,1984,15.955961
Taiwan,TWN,1985,15.342271
Taiwan,TWN,1986,12.273816
Taiwan,TWN,1987,13.194353
Taiwan,TWN,1988,7.3642898
Taiwan,TWN,1989,15.342271
Taiwan,TWN,1990,24.548098
Taiwan,TWN,1991,10.066762
Taiwan,TWN,1992,9.107828
Taiwan,TWN,1993,8.589912
Taiwan,TWN,1994,9.521879
Taiwan,TWN,1995,9.832535
Taiwan,TWN,1996,9.418322
Taiwan,TWN,1997,9.625319
Taiwan,TWN,1998,9.211326
Taiwan,TWN,1999,9.211326
Taiwan,TWN,2000,9.211326
Taiwan,TWN,2001,8.797335
Taiwan,TWN,2002,9.625319
Taiwan,TWN,2003,8.590338
Taiwan,TWN,2004,8.797335
Taiwan,TWN,2005,8.279844
Taiwan,TWN,2006,4.450416
Taiwan,TWN,2007,3.9329257
Taiwan,TWN,2008,3.2084396
Taiwan,TWN,2009,3.2084396
Taiwan,TWN,2010,2.6909492
Taiwan,TWN,2011,3.0014434
Taiwan,TWN,2012,4.1088724
Taiwan,TWN,2013,3.549983
Taiwan,TWN,2014,3.5292835
Taiwan,TWN,2015,3.4775345
Taiwan,TWN,2016,2.9910977
Taiwan,TWN,2017,2.4736118
Taiwan,TWN,2018,1.6978761
Taiwan,TWN,2019,1.3503554
Taiwan,TWN,2020,0.78819835
Taiwan,TWN,2021,0.8440454
Taiwan,TWN,2022,0.67850167
Taiwan,TWN,2023,0.6225097
Taiwan,TWN,2024,0.6225097
Tajikistan,TJK,1992,1.0831643
Tajikistan,TJK,1993,0
Tajikistan,TJK,1994,0.35900912
Tajikistan,TJK,1995,0.42344666
Tajikistan,TJK,1996,0.30377695
Tajikistan,TJK,1997,0.4334498
Tajikistan,TJK,1998,0.65017474
Tajikistan,TJK,1999,0.65017474
Tajikistan,TJK,2000,0.4334498
Tajikistan,TJK,2001,0.5418123
Tajikistan,TJK,2002,0.2167249
Tajikistan,TJK,2003,0.4334498
Tajikistan,TJK,2004,0.4226136
Tajikistan,TJK,2005,0.44428605
Tajikistan,TJK,2006,0.39010486
Tajikistan,TJK,2007,0.2167249
Tajikistan,TJK,2008,0.32508737
Tajikistan,TJK,2009,0.41177735
Tajikistan,TJK,2010,0.44428605
Tajikistan,TJK,2011,0.20588867
Tajikistan,TJK,2012,0.16254368
Tajikistan,TJK,2013,0.1408712
Tajikistan,TJK,2014,0.13003495
Tajikistan,TJK,2015,0.2167249
Tajikistan,TJK,2016,0.20584029
Tajikistan,TJK,2017,0.20559841
Tajikistan,TJK,2018,0.1991276
Tajikistan,TJK,2019,0.1991276
Tajikistan,TJK,2020,0.20024723
Tajikistan,TJK,2021,0.20024723
Tajikistan,TJK,2022,0.20024723
Tajikistan,TJK,2023,0.20024723
Tajikistan,TJK,2024,0.195501
Tanzania,TZA,1980,0
Tanzania,TZA,1981,0
Tanzania,TZA,1982,0
Tanzania,TZA,1983,0
Tanzania,TZA,1984,0
Tanzania,TZA,1985,0
Tanzania,TZA,1986,0
Tanzania,TZA,1987,0
Tanzania,TZA,1988,0
Tanzania,TZA,1989,0
Tanzania,TZA,1990,0
Tanzania,TZA,1991,0
Tanzania,TZA,1992,0
Tanzania,TZA,1993,0
Tanzania,TZA,1994,0
Tanzania,TZA,1995,0
Tanzania,TZA,1996,0
Tanzania,TZA,1997,0
Tanzania,TZA,1998,0
Tanzania,TZA,1999,0
Tanzania,TZA,2000,0
Tanzania,TZA,2001,0
Tanzania,TZA,2002,0
Tanzania,TZA,2003,0
Tanzania,TZA,2004,1.2887508
Tanzania,TZA,2005,4.418574
Tanzania,TZA,2006,5.4618483
Tanzania,TZA,2007,5.7432103
Tanzania,TZA,2008,6.075539
Tanzania,TZA,2009,7.13025
Tanzania,TZA,2010,8.452271
Tanzania,TZA,2011,5.4181232
Tanzania,TZA,2012,6.2850223
Tanzania,TZA,2013,7.0435596
Tanzania,TZA,2014,5.959935
Tanzania,TZA,2015,11.91987
Tanzania,TZA,2016,16.284286
Tanzania,TZA,2017,10.259069
Tanzania,TZA,2018,13.7870245
Tanzania,TZA,2019,14.94061
Tanzania,TZA,2020,12.966349
Tanzania,TZA,2021,15.372019
Tanzania,TZA,2022,20.013739
Tanzania,TZA,2023,21.585352
Tanzania,TZA,2024,21.585352
Thailand,THA,1900,0
Thailand,THA,1901,0
Thailand,THA,1902,0
Thailand,THA,1903,0
Thailand,THA,1904,0
Thailand,THA,1905,0
Thailand,THA,1906,0
Thailand,THA,1907,0
Thailand,THA,1908,0
Thailand,THA,1909,0
Thailand,THA,1910,0
Thailand,THA,1911,0
Thailand,THA,1912,0
Thailand,THA,1913,0
Thailand,THA,1914,0
Thailand,THA,1915,0
Thailand,THA,1916,0
Thailand,THA,1917,0
Thailand,THA,1918,0
Thailand,THA,1919,0
Thailand,THA,1920,0
Thailand,THA,1921,0
Thailand,THA,1922,0
Thailand,THA,1923,0
Thailand,THA,1924,0
Thailand,THA,1925,0
Thailand,THA,1926,0
Thailand,THA,1927,0
Thailand,THA,1928,0
Thailand,THA,1929,0
Thailand,THA,1930,0
Thailand,THA,1931,0
Thailand,THA,1932,0
Thailand,THA,1933,0
Thailand,THA,1934,0
Thailand,THA,1935,0
Thailand,THA,1936,0
Thailand,THA,1937,0
Thailand,THA,1938,0
Thailand,THA,1939,0
Thailand,THA,1940,0
Thailand,THA,1941,0
Thailand,THA,1942,0
Thailand,THA,1943,0
Thailand,THA,1944,0
Thailand,THA,1945,0
Thailand,THA,1946,0
Thailand,THA,1947,0
Thailand,THA,1948,0
Thailand,THA,1949,0
Thailand,THA,1950,0
Thailand,THA,1951,0
Thailand,THA,1952,0
Thailand,THA,1953,0
Thailand,THA,1954,0
Thailand,THA,1955,0
Thailand,THA,1956,0
Thailand,THA,1957,0
Thailand,THA,1958,0
Thailand,THA,1959,0
Thailand,THA,1960,0
Thailand,THA,1961,0
Thailand,THA,1962,0
Thailand,THA,1963,0
Thailand,THA,1964,0
Thailand,THA,1965,0
Thailand,THA,1966,0
Thailand,THA,1967,0
Thailand,THA,1968,0
Thailand,THA,1969,0
Thailand,THA,1970,0
Thailand,THA,1971,0
Thailand,THA,1972,0
Thailand,THA,1973,0
Thailand,THA,1974,0
Thailand,THA,1975,0
Thailand,THA,1976,0
Thailand,THA,1977,0
Thailand,THA,1978,0
Thailand,THA,1979,0
Thailand,THA,1980,0
Thailand,THA,1981,2.7255611
Thailand,THA,1982,13.891569
Thailand,THA,1983,16.353365
Thailand,THA,1984,24.41282
Thailand,THA,1985,32.09128
Thailand,THA,1986,37.43983
Thailand,THA,1987,52.30879
Thailand,THA,1988,61.9986
Thailand,THA,1989,61.936176
Thailand,THA,1990,67.498665
Thailand,THA,1991,83.651276
Thailand,THA,1992,89.24366
Thailand,THA,1993,100.44572
Thailand,THA,1994,111.035835
Thailand,THA,1995,117.561066
Thailand,THA,1996,135.9035
Thailand,THA,1997,167.30255
Thailand,THA,1998,181.63666
Thailand,THA,1999,198.96596
Thailand,THA,2000,208.95029
Thailand,THA,2001,203.24478
Thailand,THA,2002,212.44427
Thailand,THA,2003,222.17865
Thailand,THA,2004,231.47572
Thailand,THA,2005,245.1774
Thailand,THA,2006,251.70262
Thailand,THA,2007,269.03192
Thailand,THA,2008,297.9794
Thailand,THA,2009,293.89734
Thailand,THA,2010,337.15103
Thailand,THA,2011,338.03888
Thailand,THA,2012,384.49857
Thailand,THA,2013,389.34747
Thailand,THA,2014,390.91995
Thailand,THA,2015,374.77267
Thailand,THA,2016,372.7371
Thailand,THA,2017,359.46515
Thailand,THA,2018,347.28116
Thailand,THA,2019,357.72687
Thailand,THA,2020,327.01578
Thailand,THA,2021,315.2594
Thailand,THA,2022,253.43556
Thailand,THA,2023,256.71954
Thailand,THA,2024,285.32764
Thailand,THA,2025,293.73138
Togo,TGO,1980,0
Togo,TGO,1981,0
Togo,TGO,1982,0
Togo,TGO,1983,0
Togo,TGO,1984,0
Togo,TGO,1985,0
Togo,TGO,1986,0
Togo,TGO,1987,0
Togo,TGO,1988,0
Togo,TGO,1989,0
Togo,TGO,1990,0
Togo,TGO,1991,0
Togo,TGO,1992,0
Togo,TGO,1993,0
Togo,TGO,1994,0
Togo,TGO,1995,0
Togo,TGO,1996,0
Togo,TGO,1997,0
Togo,TGO,1998,0
Togo,TGO,1999,0
Togo,TGO,2000,0
Togo,TGO,2001,0
Togo,TGO,2002,0
Togo,TGO,2003,0
Togo,TGO,2004,0
Togo,TGO,2005,0
Togo,TGO,2006,0
Togo,TGO,2007,0
Togo,TGO,2008,0
Togo,TGO,2009,0
Togo,TGO,2010,0
Togo,TGO,2011,0
Togo,TGO,2012,0
Togo,TGO,2013,0
Togo,TGO,2014,0
Togo,TGO,2015,0
Togo,TGO,2016,0
Togo,TGO,2017,0
Togo,TGO,2018,0
Togo,TGO,2019,0
Togo,TGO,2020,0
Togo,TGO,2021,0
Togo,TGO,2022,0
Togo,TGO,2023,0
Togo,TGO,2024,0
Tonga,TON,1980,0
Tonga,TON,1981,0
Tonga,TON,1982,0
Tonga,TON,1983,0
Tonga,TON,1984,0
Tonga,TON,1985,0
Tonga,TON,1986,0
Tonga,TON,1987,0
Tonga,TON,1988,0
Tonga,TON,1989,0
Tonga,TON,1990,0
Tonga,TON,1991,0
Tonga,TON,1992,0
Tonga,TON,1993,0
Tonga,TON,1994,0
Tonga,TON,1995,0
Tonga,TON,1996,0
Tonga,TON,1997,0
Tonga,TON,1998,0
Tonga,TON,1999,0
Tonga,TON,2000,0
Tonga,TON,2001,0
Tonga,TON,2002,0
Tonga,TON,2003,0
Tonga,TON,2004,0
Tonga,TON,2005,0
Tonga,TON,2006,0
Tonga,TON,2007,0
Tonga,TON,2008,0
Tonga,TON,2009,0
Tonga,TON,2010,0
Tonga,TON,2011,0
Tonga,TON,2012,0
Tonga,TON,2013,0
Tonga,TON,2014,0
Tonga,TON,2015,0
Tonga,TON,2016,0
Tonga,TON,2017,0
Tonga,TON,2018,0
Tonga,TON,2019,0
Tonga,TON,2020,0
Tonga,TON,2021,0
Tonga,TON,2022,0
Tonga,TON,2023,0
Tonga,TON,2024,0
Trinidad and Tobago,TTO,1900,0
Trinidad and Tobago,TTO,1901,0
Trinidad and Tobago,TTO,1902,0
Trinidad and Tobago,TTO,1903,0
Trinidad and Tobago,TTO,1904,0
Trinidad and Tobago,TTO,1905,0
Trinidad and Tobago,TTO,1906,0
Trinidad and Tobago,TTO,1907,0
Trinidad and Tobago,TTO,1908,0
Trinidad and Tobago,TTO,1909,0
Trinidad and Tobago,TTO,1910,0
Trinidad and Tobago,TTO,1911,0
Trinidad and Tobago,TTO,1912,0
Trinidad and Tobago,TTO,1913,0
Trinidad and Tobago,TTO,1914,0
Trinidad and Tobago,TTO,1915,0
Trinidad and Tobago,TTO,1916,0
Trinidad and Tobago,TTO,1917,0
Trinidad and Tobago,TTO,1918,0
Trinidad and Tobago,TTO,1919,0
Trinidad and Tobago,TTO,1920,0
Trinidad and Tobago,TTO,1921,0
Trinidad and Tobago,TTO,1922,0
Trinidad and Tobago,TTO,1923,0
Trinidad and Tobago,TTO,1924,0
Trinidad and Tobago,TTO,1925,0
Trinidad and Tobago,TTO,1926,0
Trinidad and Tobago,TTO,1927,0
Trinidad and Tobago,TTO,1928,0
Trinidad and Tobago,TTO,1929,1.6102808
Trinidad and Tobago,TTO,1930,1.7800211
Trinidad and Tobago,TTO,1931,1.9497615
Trinidad and Tobago,TTO,1932,2.119502
Trinidad and Tobago,TTO,1933,2.2892425
Trinidad and Tobago,TTO,1934,2.458983
Trinidad and Tobago,TTO,1935,2.6287231
Trinidad and Tobago,TTO,1936,2.7984636
Trinidad and Tobago,TTO,1937,2.968204
Trinidad and Tobago,TTO,1938,3.175164
Trinidad and Tobago,TTO,1939,3.3821237
Trinidad and Tobago,TTO,1940,3.5890837
Trinidad and Tobago,TTO,1941,3.7960432
Trinidad and Tobago,TTO,1942,4.003003
Trinidad and Tobago,TTO,1943,4.209963
Trinidad and Tobago,TTO,1944,4.4169226
Trinidad and Tobago,TTO,1945,4.6238823
Trinidad and Tobago,TTO,1946,4.8308425
Trinidad and Tobago,TTO,1947,4.8909273
Trinidad and Tobago,TTO,1948,5.5879145
Trinidad and Tobago,TTO,1949,5.8763227
Trinidad and Tobago,TTO,1950,5.7080846
Trinidad and Tobago,TTO,1951,5.6600165
Trinidad and Tobago,TTO,1952,5.744136
Trinidad and Tobago,TTO,1953,6.0205274
Trinidad and Tobago,TTO,1954,6.1887655
Trinidad and Tobago,TTO,1955,5.984476
Trinidad and Tobago,TTO,1956,6.5733104
Trinidad and Tobago,TTO,1957,7.2102127
Trinidad and Tobago,TTO,1958,7.9672847
Trinidad and Tobago,TTO,1959,8.5801525
Trinidad and Tobago,TTO,1960,9.205038
Trinidad and Tobago,TTO,1961,9.998161
Trinidad and Tobago,TTO,1962,10.214468
Trinidad and Tobago,TTO,1963,9.998161
Trinidad and Tobago,TTO,1964,13.086535
Trinidad and Tobago,TTO,1965,14.107983
Trinidad and Tobago,TTO,1966,16.57147
Trinidad and Tobago,TTO,1967,18.289906
Trinidad and Tobago,TTO,1968,19.287317
Trinidad and Tobago,TTO,1969,19.287317
Trinidad and Tobago,TTO,1970,17.767576
Trinidad and Tobago,TTO,1971,18.635
Trinidad and Tobago,TTO,1972,19.26075
Trinidad and Tobago,TTO,1973,18.498
Trinidad and Tobago,TTO,1974,16.89975
Trinidad and Tobago,TTO,1975,15.35975
Trinidad and Tobago,TTO,1976,17.28825
Trinidad and Tobago,TTO,1977,20.3215
Trinidad and Tobago,TTO,1978,24.26025
Trinidad and Tobago,TTO,1979,25.0765
Trinidad and Tobago,TTO,1980,28.3325
Trinidad and Tobago,TTO,1981,31.2095
Trinidad and Tobago,TTO,1982,37.931248
Trinidad and Tobago,TTO,1983,39.297253
Trinidad and Tobago,TTO,1984,41.176003
Trinidad and Tobago,TTO,1985,42.152
Trinidad and Tobago,TTO,1986,43.1345
Trinidad and Tobago,TTO,1987,45.6935
Trinidad and Tobago,TTO,1988,52.59425
Trinidad and Tobago,TTO,1989,52.694748
Trinidad and Tobago,TTO,1990,54.63375
Trinidad and Tobago,TTO,1991,55.351654
Trinidad and Tobago,TTO,1992,53.48801
Trinidad and Tobago,TTO,1993,60.033134
Trinidad and Tobago,TTO,1994,68.75722
Trinidad and Tobago,TTO,1995,73.813225
Trinidad and Tobago,TTO,1996,83.34405
Trinidad and Tobago,TTO,1997,90.44337
Trinidad and Tobago,TTO,1998,90.44337
Trinidad and Tobago,TTO,1999,114.07534
Trinidad and Tobago,TTO,2000,138.3067
Trinidad and Tobago,TTO,2001,147.14865
Trinidad and Tobago,TTO,2002,172.62419
Trinidad and Tobago,TTO,2003,251.85416
Trinidad and Tobago,TTO,2004,285.78665
Trinidad and Tobago,TTO,2005,300.10345
Trinidad and Tobago,TTO,2006,355.6027
Trinidad and Tobago,TTO,2007,377.03345
Trinidad and Tobago,TTO,2008,373.99518
Trinidad and Tobago,TTO,2009,385.58212
Trinidad and Tobago,TTO,2010,402.9303
Trinidad and Tobago,TTO,2011,386.85217
Trinidad and Tobago,TTO,2012,385.32407
Trinidad and Tobago,TTO,2013,387.4726
Trinidad and Tobago,TTO,2014,380.67206
Trinidad and Tobago,TTO,2015,359.55856
Trinidad and Tobago,TTO,2016,312.817
Trinidad and Tobago,TTO,2017,318.72928
Trinidad and Tobago,TTO,2018,339.61115
Trinidad and Tobago,TTO,2019,345.6089
Trinidad and Tobago,TTO,2020,294.65265
Trinidad and Tobago,TTO,2021,247.22997
Trinidad and Tobago,TTO,2022,259.79886
Trinidad and Tobago,TTO,2023,249.93607
Trinidad and Tobago,TTO,2024,244.12564
Trinidad and Tobago,TTO,2025,238.0383
Tunisia,TUN,1900,0
Tunisia,TUN,1901,0
Tunisia,TUN,1902,0
Tunisia,TUN,1903,0
Tunisia,TUN,1904,0
Tunisia,TUN,1905,0
Tunisia,TUN,1906,0
Tunisia,TUN,1907,0
Tunisia,TUN,1908,0
Tunisia,TUN,1909,0
Tunisia,TUN,1910,0
Tunisia,TUN,1911,0
Tunisia,TUN,1912,0
Tunisia,TUN,1913,0
Tunisia,TUN,1914,0
Tunisia,TUN,1915,0
Tunisia,TUN,1916,0
Tunisia,TUN,1917,0
Tunisia,TUN,1918,0
Tunisia,TUN,1919,0
Tunisia,TUN,1920,0
Tunisia,TUN,1921,0
Tunisia,TUN,1922,0
Tunisia,TUN,1923,0
Tunisia,TUN,1924,0
Tunisia,TUN,1925,0
Tunisia,TUN,1926,0
Tunisia,TUN,1927,0
Tunisia,TUN,1928,0
Tunisia,TUN,1929,0
Tunisia,TUN,1930,0
Tunisia,TUN,1931,0
Tunisia,TUN,1932,0
Tunisia,TUN,1933,0
Tunisia,TUN,1934,0
Tunisia,TUN,1935,0
Tunisia,TUN,1936,0
Tunisia,TUN,1937,0
Tunisia,TUN,1938,0
Tunisia,TUN,1939,0
Tunisia,TUN,1940,0
Tunisia,TUN,1941,0
Tunisia,TUN,1942,0
Tunisia,TUN,1943,0
Tunisia,TUN,1944,0
Tunisia,TUN,1945,0
Tunisia,TUN,1946,0
Tunisia,TUN,1947,0
Tunisia,TUN,1948,0
Tunisia,TUN,1949,0
Tunisia,TUN,1950,0.0120432535
Tunisia,TUN,1951,0.024086507
Tunisia,TUN,1952,0.036129758
Tunisia,TUN,1953,0.036129758
Tunisia,TUN,1954,0.048173014
Tunisia,TUN,1955,0.048173014
Tunisia,TUN,1956,0.072259516
Tunisia,TUN,1957,0.072259516
Tunisia,TUN,1958,0.072259516
Tunisia,TUN,1959,0.072259516
Tunisia,TUN,1960,0.08430277
Tunisia,TUN,1961,0.08430277
Tunisia,TUN,1962,0.08430277
Tunisia,TUN,1963,0.08430277
Tunisia,TUN,1964,0.09634603
Tunisia,TUN,1965,0.08430277
Tunisia,TUN,1966,0.09634603
Tunisia,TUN,1967,0.10838927
Tunisia,TUN,1968,0.10838927
Tunisia,TUN,1969,0.10838927
Tunisia,TUN,1970,0.060216267
Tunisia,TUN,1971,0.0120432535
Tunisia,TUN,1972,0.24086507
Tunisia,TUN,1973,1.3729308
Tunisia,TUN,1974,2.4206939
Tunisia,TUN,1975,2.5411263
Tunisia,TUN,1976,2.5772562
Tunisia,TUN,1977,2.769948
Tunisia,TUN,1978,3.4443705
Tunisia,TUN,1979,3.9742734
Tunisia,TUN,1980,4.709066
Tunisia,TUN,1981,5.0713015
Tunisia,TUN,1982,6.520245
Tunisia,TUN,1983,5.7957735
Tunisia,TUN,1984,7.244717
Tunisia,TUN,1985,5.0713015
Tunisia,TUN,1986,5.433538
Tunisia,TUN,1987,4.709066
Tunisia,TUN,1988,4.3468304
Tunisia,TUN,1989,4.709066
Tunisia,TUN,1990,4.3468304
Tunisia,TUN,1991,3.070166
Tunisia,TUN,1992,5.1169434
Tunisia,TUN,1993,4.4969354
Tunisia,TUN,1994,4.252649
Tunisia,TUN,1995,4.0083623
Tunisia,TUN,1996,9.5990305
Tunisia,TUN,1997,20.170115
Tunisia,TUN,1998,23.086275
Tunisia,TUN,1999,23.086275
Tunisia,TUN,2000,22.843262
Tunisia,TUN,2001,27.339008
Tunisia,TUN,2002,26.123941
Tunisia,TUN,2003,27.825037
Tunisia,TUN,2004,29.161612
Tunisia,TUN,2005,30.376678
Tunisia,TUN,2006,30.376678
Tunisia,TUN,2007,19.198061
Tunisia,TUN,2008,33.228775
Tunisia,TUN,2009,20.250532
Tunisia,TUN,2010,22.33374
Tunisia,TUN,2011,21.233557
Tunisia,TUN,2012,20.463428
Tunisia,TUN,2013,20.35341
Tunisia,TUN,2014,18.27406
Tunisia,TUN,2015,17.327902
Tunisia,TUN,2016,15.061542
Tunisia,TUN,2017,14.027377
Tunisia,TUN,2018,13.427502
Tunisia,TUN,2019,12.342447
Tunisia,TUN,2020,13.332712
Tunisia,TUN,2021,17.110355
Tunisia,TUN,2022,16.780302
Tunisia,TUN,2023,16.270262
Tunisia,TUN,2024,12.86756
Turkey,TUR,1900,0
Turkey,TUR,1901,0
Turkey,TUR,1902,0
Turkey,TUR,1903,0
Turkey,TUR,1904,0
Turkey,TUR,1905,0
Turkey,TUR,1906,0
Turkey,TUR,1907,0
Turkey,TUR,1908,0
Turkey,TUR,1909,0
Turkey,TUR,1910,0
Turkey,TUR,1911,0
Turkey,TUR,1912,0
Turkey,TUR,1913,0
Turkey,TUR,1914,0
Turkey,TUR,1915,0
Turkey,TUR,1916,0
Turkey,TUR,1917,0
Turkey,TUR,1918,0
Turkey,TUR,1919,0
Turkey,TUR,1920,0
Turkey,TUR,1921,0
Turkey,TUR,1922,0
Turkey,TUR,1923,0
Turkey,TUR,1924,0
Turkey,TUR,1925,0
Turkey,TUR,1926,0
Turkey,TUR,1927,0
Turkey,TUR,1928,0
Turkey,TUR,1929,0
Turkey,TUR,1930,0
Turkey,TUR,1931,0
Turkey,TUR,1932,0
Turkey,TUR,1933,0
Turkey,TUR,1934,0
Turkey,TUR,1935,0
Turkey,TUR,1936,0
Turkey,TUR,1937,0
Turkey,TUR,1938,0
Turkey,TUR,1939,0
Turkey,TUR,1940,0
Turkey,TUR,1941,0
Turkey,TUR,1942,0
Turkey,TUR,1943,0
Turkey,TUR,1944,0
Turkey,TUR,1945,0
Turkey,TUR,1946,0
Turkey,TUR,1947,0
Turkey,TUR,1948,0
Turkey,TUR,1949,0
Turkey,TUR,1950,0
Turkey,TUR,1951,0
Turkey,TUR,1952,0
Turkey,TUR,1953,0
Turkey,TUR,1954,0
Turkey,TUR,1955,0
Turkey,TUR,1956,0
Turkey,TUR,1957,0
Turkey,TUR,1958,0
Turkey,TUR,1959,0
Turkey,TUR,1960,0
Turkey,TUR,1961,0
Turkey,TUR,1962,0
Turkey,TUR,1963,0
Turkey,TUR,1964,0
Turkey,TUR,1965,0
Turkey,TUR,1966,0
Turkey,TUR,1967,0
Turkey,TUR,1968,0
Turkey,TUR,1969,0
Turkey,TUR,1970,0
Turkey,TUR,1971,0.14835615
Turkey,TUR,1972,0.14835615
Turkey,TUR,1973,0.14835615
Turkey,TUR,1974,0.14835615
Turkey,TUR,1975,0.14835615
Turkey,TUR,1976,0.22253422
Turkey,TUR,1977,0.2331311
Turkey,TUR,1978,0.2331311
Turkey,TUR,1979,0.36029354
Turkey,TUR,1980,0
Turkey,TUR,1981,0
Turkey,TUR,1982,0.30127707
Turkey,TUR,1983,0.75319266
Turkey,TUR,1984,0.4217879
Turkey,TUR,1985,0.60255414
Turkey,TUR,1986,4.8251224
Turkey,TUR,1987,3.0157013
Turkey,TUR,1988,0.9038312
Turkey,TUR,1989,1.8076624
Turkey,TUR,1990,2.255595
Turkey,TUR,1991,2.1598387
Turkey,TUR,1992,2.1066406
Turkey,TUR,1993,2.12792
Turkey,TUR,1994,2.1172802
Turkey,TUR,1995,1.936407
Turkey,TUR,1996,2.1917574
Turkey,TUR,1997,2.6944373
Turkey,TUR,1998,6.011374
Turkey,TUR,1999,7.7775474
Turkey,TUR,2000,6.798704
Turkey,TUR,2001,3.319555
Turkey,TUR,2002,4.0217686
Turkey,TUR,2003,5.9581757
Turkey,TUR,2004,7.3200445
Turkey,TUR,2005,9.543721
Turkey,TUR,2006,9.628837
Turkey,TUR,2007,9.501163
Turkey,TUR,2008,10.830997
Turkey,TUR,2009,7.284565
Turkey,TUR,2010,7.2592072
Turkey,TUR,2011,8.081694
Turkey,TUR,2012,6.7284117
Turkey,TUR,2013,5.7197056
Turkey,TUR,2014,5.0990076
Turkey,TUR,2015,4.0509186
Turkey,TUR,2016,3.9020674
Turkey,TUR,2017,3.7638483
Turkey,TUR,2018,4.546898
Turkey,TUR,2019,5.033659
Turkey,TUR,2020,4.7108736
Turkey,TUR,2021,4.211583
Turkey,TUR,2022,4.0561395
Turkey,TUR,2023,8.583197
Turkey,TUR,2024,24.020233
Turkmenistan,TKM,1985,787.31934
Turkmenistan,TKM,1986,801.61017
Turkmenistan,TKM,1987,833.78815
Turkmenistan,TKM,1988,835.6809
Turkmenistan,TKM,1989,850.82355
Turkmenistan,TKM,1990,792.4263
Turkmenistan,TKM,1991,761.4338
Turkmenistan,TKM,1992,503.0025
Turkmenistan,TKM,1993,588.85754
Turkmenistan,TKM,1994,323.30374
Turkmenistan,TKM,1995,291.6375
Turkmenistan,TKM,1996,317.625
Turkmenistan,TKM,1997,156.21376
Turkmenistan,TKM,1998,120.119995
Turkmenistan,TKM,1999,205.87875
Turkmenistan,TKM,2000,424.36627
Turkmenistan,TKM,2001,463.25125
Turkmenistan,TKM,2002,483.07877
Turkmenistan,TKM,2003,534.1875
Turkmenistan,TKM,2004,526.4875
Turkmenistan,TKM,2005,568.8375
Turkmenistan,TKM,2006,565.95
Turkmenistan,TKM,2007,616
Turkmenistan,TKM,2008,616
Turkmenistan,TKM,2009,333.21753
Turkmenistan,TKM,2010,401.27826
Turkmenistan,TKM,2011,563.11456
Turkmenistan,TKM,2012,589.6141
Turkmenistan,TKM,2013,589.6141
Turkmenistan,TKM,2014,635.0418
Turkmenistan,TKM,2015,658.702
Turkmenistan,TKM,2016,632.2026
Turkmenistan,TKM,2017,586.77484
Turkmenistan,TKM,2018,615.1672
Turkmenistan,TKM,2019,631.63184
Turkmenistan,TKM,2020,660.1465
Turkmenistan,TKM,2021,792.83594
Turkmenistan,TKM,2022,782.6819
Turkmenistan,TKM,2023,762.98425
Turkmenistan,TKM,2024,734.63354
Turkmenistan,TKM,2025,724.26086
Turks and Caicos Islands,TCA,1980,0
Turks and Caicos Islands,TCA,1981,0
Turks and Caicos Islands,TCA,1982,0
Turks and Caicos Islands,TCA,1983,0
Turks and Caicos Islands,TCA,1984,0
Turks and Caicos Islands,TCA,1985,0
Turks and Caicos Islands,TCA,1986,0
Turks and Caicos Islands,TCA,1987,0
Turks and Caicos Islands,TCA,1988,0
Turks and Caicos Islands,TCA,1989,0
Turks and Caicos Islands,TCA,1990,0
Turks and Caicos Islands,TCA,1991,0
Turks and Caicos Islands,TCA,1992,0
Turks and Caicos Islands,TCA,1993,0
Turks and Caicos Islands,TCA,1994,0
Turks and Caicos Islands,TCA,1995,0
Turks and Caicos Islands,TCA,1996,0
Turks and Caicos Islands,TCA,1997,0
Turks and Caicos Islands,TCA,1998,0
Turks and Caicos Islands,TCA,1999,0
Turks and Caicos Islands,TCA,2000,0
Turks and Caicos Islands,TCA,2001,0
Turks and Caicos Islands,TCA,2002,0
Turks and Caicos Islands,TCA,2003,0
Turks and Caicos Islands,TCA,2004,0
Turks and Caicos Islands,TCA,2005,0
Turks and Caicos Islands,TCA,2006,0
Turks and Caicos Islands,TCA,2007,0
Turks and Caicos Islands,TCA,2008,0
Turks and Caicos Islands,TCA,2009,0
Turks and Caicos Islands,TCA,2010,0
Turks and Caicos Islands,TCA,2011,0
Turks and Caicos Islands,TCA,2012,0
Turks and Caicos Islands,TCA,2013,0
Turks and Caicos Islands,TCA,2014,0
Turks and Caicos Islands,TCA,2015,0
Turks and Caicos Islands,TCA,2016,0
Turks and Caicos Islands,TCA,2017,0
Turks and Caicos Islands,TCA,2018,0
Turks and Caicos Islands,TCA,2019,0
Turks and Caicos Islands,TCA,2020,0
Turks and Caicos Islands,TCA,2021,0
Turks and Caicos Islands,TCA,2022,0
Turks and Caicos Islands,TCA,2023,0
Turks and Caicos Islands,TCA,2024,0
Tuvalu,TUV,1980,0
Tuvalu,TUV,1981,0
Tuvalu,TUV,1982,0
Tuvalu,TUV,1983,0
Tuvalu,TUV,1984,0
Tuvalu,TUV,1985,0
Tuvalu,TUV,1986,0
Tuvalu,TUV,1987,0
Tuvalu,TUV,1988,0
Tuvalu,TUV,1989,0
Tuvalu,TUV,1990,0
Tuvalu,TUV,1991,0
Tuvalu,TUV,1992,0
Tuvalu,TUV,1993,0
Tuvalu,TUV,1994,0
Tuvalu,TUV,1995,0
Tuvalu,TUV,1996,0
Tuvalu,TUV,1997,0
Tuvalu,TUV,1998,0
Tuvalu,TUV,1999,0
Tuvalu,TUV,2000,0
Tuvalu,TUV,2001,0
Tuvalu,TUV,2002,0
Tuvalu,TUV,2003,0
Tuvalu,TUV,2004,0
Tuvalu,TUV,2005,0
Tuvalu,TUV,2006,0
Tuvalu,TUV,2007,0
Tuvalu,TUV,2008,0
Tuvalu,TUV,2009,0
Tuvalu,TUV,2010,0
Tuvalu,TUV,2011,0
Tuvalu,TUV,2012,0
Tuvalu,TUV,2013,0
Tuvalu,TUV,2014,0
Tuvalu,TUV,2015,0
Tuvalu,TUV,2016,0
Tuvalu,TUV,2017,0
Tuvalu,TUV,2018,0
Tuvalu,TUV,2019,0
Tuvalu,TUV,2020,0
Tuvalu,TUV,2021,0
Tuvalu,TUV,2022,0
Tuvalu,TUV,2023,0
Tuvalu,TUV,2024,0
USSR,OWID_USS,1900,0
USSR,OWID_USS,1901,0
USSR,OWID_USS,1902,0
USSR,OWID_USS,1903,0
USSR,OWID_USS,1904,0
USSR,OWID_USS,1905,0
USSR,OWID_USS,1906,0
USSR,OWID_USS,1907,0
USSR,OWID_USS,1908,0
USSR,OWID_USS,1909,0
USSR,OWID_USS,1910,0
USSR,OWID_USS,1911,0
USSR,OWID_USS,1912,0
USSR,OWID_USS,1913,0
USSR,OWID_USS,1914,0
USSR,OWID_USS,1915,0
USSR,OWID_USS,1916,0
USSR,OWID_USS,1917,0
USSR,OWID_USS,1918,0
USSR,OWID_USS,1919,0
USSR,OWID_USS,1920,0
USSR,OWID_USS,1921,0
USSR,OWID_USS,1922,0.21712047
USSR,OWID_USS,1923,0.7168422
USSR,OWID_USS,1924,1.2165639
USSR,OWID_USS,1925,1.7162856
USSR,OWID_USS,1926,2.2160075
USSR,OWID_USS,1927,2.7157292
USSR,OWID_USS,1928,3.2154508
USSR,OWID_USS,1929,5.3211746
USSR,OWID_USS,1930,7.4268985
USSR,OWID_USS,1931,9.532622
USSR,OWID_USS,1932,11.638346
USSR,OWID_USS,1933,13.744071
USSR,OWID_USS,1934,15.849793
USSR,OWID_USS,1935,17.955519
USSR,OWID_USS,1936,20.061241
USSR,OWID_USS,1937,22.166965
USSR,OWID_USS,1938,24.011917
USSR,OWID_USS,1939,25.856865
USSR,OWID_USS,1940,27.701815
USSR,OWID_USS,1941,29.546766
USSR,OWID_USS,1942,31.391714
USSR,OWID_USS,1943,33.236664
USSR,OWID_USS,1944,35.08161
USSR,OWID_USS,1945,36.926563
USSR,OWID_USS,1946,38.77151
USSR,OWID_USS,1947,47.456333
USSR,OWID_USS,1948,52.419083
USSR,OWID_USS,1949,54.176727
USSR,OWID_USS,1950,59.563385
USSR,OWID_USS,1951,64.63987
USSR,OWID_USS,1952,66.00462
USSR,OWID_USS,1953,71.00873
USSR,OWID_USS,1954,77.66709
USSR,OWID_USS,1955,92.64841
USSR,OWID_USS,1956,124.76156
USSR,OWID_USS,1957,192.13094
USSR,OWID_USS,1958,290.37277
USSR,OWID_USS,1959,365.85834
USSR,OWID_USS,1960,468.3909
USSR,OWID_USS,1961,609.80865
USSR,OWID_USS,1962,760.1801
USSR,OWID_USS,1963,928.77936
USSR,OWID_USS,1964,1122.4714
USSR,OWID_USS,1965,1319.9476
USSR,OWID_USS,1966,1478.0941
USSR,OWID_USS,1967,1627.8348
USSR,OWID_USS,1968,1748.3472
USSR,OWID_USS,1969,1872.6227
USSR,OWID_USS,1970,1875.0139
USSR,OWID_USS,1971,2011.9374
USSR,OWID_USS,1972,2097.189
USSR,OWID_USS,1973,2238.3276
USSR,OWID_USS,1974,2468.507
USSR,OWID_USS,1975,2740.0618
USSR,OWID_USS,1976,3040.1946
USSR,OWID_USS,1977,3277.4783
USSR,OWID_USS,1978,3525.5698
USSR,OWID_USS,1979,3851.4487
USSR,OWID_USS,1980,4122.3877
USSR,OWID_USS,1981,4407.507
USSR,OWID_USS,1982,4742.8296
USSR,OWID_USS,1983,5074.364
USSR,OWID_USS,1984,5564.087
Uganda,UGA,1980,0
Uganda,UGA,1981,0
Uganda,UGA,1982,0
Uganda,UGA,1983,0
Uganda,UGA,1984,0
Uganda,UGA,1985,0
Uganda,UGA,1986,0
Uganda,UGA,1987,0
Uganda,UGA,1988,0
Uganda,UGA,1989,0
Uganda,UGA,1990,0
Uganda,UGA,1991,0
Uganda,UGA,1992,0
Uganda,UGA,1993,0
Uganda,UGA,1994,0
Uganda,UGA,1995,0
Uganda,UGA,1996,0
Uganda,UGA,1997,0
Uganda,UGA,1998,0
Uganda,UGA,1999,0
Uganda,UGA,2000,0
Uganda,UGA,2001,0
Uganda,UGA,2002,0
Uganda,UGA,2003,0
Uganda,UGA,2004,0
Uganda,UGA,2005,0
Uganda,UGA,2006,0
Uganda,UGA,2007,0
Uganda,UGA,2008,0
Uganda,UGA,2009,0
Uganda,UGA,2010,0
Uganda,UGA,2011,0
Uganda,UGA,2012,0
Uganda,UGA,2013,0
Uganda,UGA,2014,0
Uganda,UGA,2015,0
Uganda,UGA,2016,0
Uganda,UGA,2017,0
Uganda,UGA,2018,0
Uganda,UGA,2019,0
Uganda,UGA,2020,0
Uganda,UGA,2021,0
Uganda,UGA,2022,0
Uganda,UGA,2023,0
Uganda,UGA,2024,0
Ukraine,UKR,1900,0
Ukraine,UKR,1901,0
Ukraine,UKR,1902,0
Ukraine,UKR,1903,0
Ukraine,UKR,1904,0
Ukraine,UKR,1905,0
Ukraine,UKR,1906,0
Ukraine,UKR,1907,0
Ukraine,UKR,1908,0
Ukraine,UKR,1909,0
Ukraine,UKR,1910,0
Ukraine,UKR,1911,0
Ukraine,UKR,1912,0
Ukraine,UKR,1913,0
Ukraine,UKR,1914,0
Ukraine,UKR,1915,0
Ukraine,UKR,1916,0
Ukraine,UKR,1917,0
Ukraine,UKR,1918,0
Ukraine,UKR,1919,0
Ukraine,UKR,1920,0
Ukraine,UKR,1921,0
Ukraine,UKR,1922,0
Ukraine,UKR,1923,0
Ukraine,UKR,1924,0
Ukraine,UKR,1925,0
Ukraine,UKR,1926,0
Ukraine,UKR,1927,0
Ukraine,UKR,1928,0
Ukraine,UKR,1929,0
Ukraine,UKR,1930,0
Ukraine,UKR,1931,0
Ukraine,UKR,1932,0
Ukraine,UKR,1933,0
Ukraine,UKR,1934,0
Ukraine,UKR,1935,0
Ukraine,UKR,1936,0
Ukraine,UKR,1937,0
Ukraine,UKR,1938,0
Ukraine,UKR,1939,0
Ukraine,UKR,1940,0
Ukraine,UKR,1941,0
Ukraine,UKR,1942,0
Ukraine,UKR,1943,0
Ukraine,UKR,1944,0
Ukraine,UKR,1945,0
Ukraine,UKR,1946,0
Ukraine,UKR,1947,0
Ukraine,UKR,1948,0
Ukraine,UKR,1949,0
Ukraine,UKR,1950,0
Ukraine,UKR,1951,0
Ukraine,UKR,1952,0
Ukraine,UKR,1953,0
Ukraine,UKR,1954,0
Ukraine,UKR,1955,0
Ukraine,UKR,1956,0
Ukraine,UKR,1957,0
Ukraine,UKR,1958,0
Ukraine,UKR,1959,0
Ukraine,UKR,1960,0
Ukraine,UKR,1961,0
Ukraine,UKR,1962,0
Ukraine,UKR,1963,0
Ukraine,UKR,1964,0
Ukraine,UKR,1965,0
Ukraine,UKR,1966,0
Ukraine,UKR,1967,0
Ukraine,UKR,1968,0
Ukraine,UKR,1969,0
Ukraine,UKR,1970,0
Ukraine,UKR,1971,0
Ukraine,UKR,1972,0
Ukraine,UKR,1973,0
Ukraine,UKR,1974,0
Ukraine,UKR,1975,0
Ukraine,UKR,1976,0
Ukraine,UKR,1977,0
Ukraine,UKR,1978,0
Ukraine,UKR,1979,0
Ukraine,UKR,1985,405.82104
Ukraine,UKR,1986,375.72516
Ukraine,UKR,1987,336.9223
Ukraine,UKR,1988,306.63715
Ukraine,UKR,1989,291.4946
Ukraine,UKR,1990,265.9415
Ukraine,UKR,1991,230.92429
Ukraine,UKR,1992,198.7463
Ukraine,UKR,1993,181.71092
Ukraine,UKR,1994,172.24681
Ukraine,UKR,1995,160.68166
Ukraine,UKR,1996,162.44199
Ukraine,UKR,1997,164.85533
Ukraine,UKR,1998,158.63742
Ukraine,UKR,1999,159.90086
Ukraine,UKR,2000,157.88028
Ukraine,UKR,2001,161.56181
Ukraine,UKR,2002,176.78958
Ukraine,UKR,2003,182.96964
Ukraine,UKR,2004,193.66408
Ukraine,UKR,2005,196.73991
Ukraine,UKR,2006,199.63594
Ukraine,UKR,2007,199.73058
Ukraine,UKR,2008,202.94838
Ukraine,UKR,2009,203.37427
Ukraine,UKR,2010,194.27925
Ukraine,UKR,2011,195.44333
Ukraine,UKR,2012,193.92908
Ukraine,UKR,2013,201.58554
Ukraine,UKR,2014,202.19125
Ukraine,UKR,2015,188.3358
Ukraine,UKR,2016,190.22862
Ukraine,UKR,2017,194.01427
Ukraine,UKR,2018,196.8535
Ukraine,UKR,2019,194.01427
Ukraine,UKR,2020,191.17503
Ukraine,UKR,2021,187.38939
Ukraine,UKR,2022,175.4646
Ukraine,UKR,2023,176.97885
Ukraine,UKR,2024,180.9538
Ukraine,UKR,2025,160.60596
United Arab Emirates,ARE,1900,0
United Arab Emirates,ARE,1901,0
United Arab Emirates,ARE,1902,0
United Arab Emirates,ARE,1903,0
United Arab Emirates,ARE,1904,0
United Arab Emirates,ARE,1905,0
United Arab Emirates,ARE,1906,0
United Arab Emirates,ARE,1907,0
United Arab Emirates,ARE,1908,0
United Arab Emirates,ARE,1909,0
United Arab Emirates,ARE,1910,0
United Arab Emirates,ARE,1911,0
United Arab Emirates,ARE,1912,0
United Arab Emirates,ARE,1913,0
United Arab Emirates,ARE,1914,0
United Arab Emirates,ARE,1915,0
United Arab Emirates,ARE,1916,0
United Arab Emirates,ARE,1917,0
United Arab Emirates,ARE,1918,0
United Arab Emirates,ARE,1919,0
United Arab Emirates,ARE,1920,0
United Arab Emirates,ARE,1921,0
United Arab Emirates,ARE,1922,0
United Arab Emirates,ARE,1923,0
United Arab Emirates,ARE,1924,0
United Arab Emirates,ARE,1925,0
United Arab Emirates,ARE,1926,0
United Arab Emirates,ARE,1927,0
United Arab Emirates,ARE,1928,0
United Arab Emirates,ARE,1929,0
United Arab Emirates,ARE,1930,0
United Arab Emirates,ARE,1931,0
United Arab Emirates,ARE,1932,0
United Arab Emirates,ARE,1933,0
United Arab Emirates,ARE,1934,0
United Arab Emirates,ARE,1935,0
United Arab Emirates,ARE,1936,0
United Arab Emirates,ARE,1937,0
United Arab Emirates,ARE,1938,0
United Arab Emirates,ARE,1939,0
United Arab Emirates,ARE,1940,0
United Arab Emirates,ARE,1941,0
United Arab Emirates,ARE,1942,0
United Arab Emirates,ARE,1943,0
United Arab Emirates,ARE,1944,0
United Arab Emirates,ARE,1945,0
United Arab Emirates,ARE,1946,0
United Arab Emirates,ARE,1947,0
United Arab Emirates,ARE,1948,0
United Arab Emirates,ARE,1949,0
United Arab Emirates,ARE,1950,0
United Arab Emirates,ARE,1951,0
United Arab Emirates,ARE,1952,0
United Arab Emirates,ARE,1953,0
United Arab Emirates,ARE,1954,0
United Arab Emirates,ARE,1955,0
United Arab Emirates,ARE,1956,0
United Arab Emirates,ARE,1957,0
United Arab Emirates,ARE,1958,0
United Arab Emirates,ARE,1959,0
United Arab Emirates,ARE,1960,0
United Arab Emirates,ARE,1961,1.0116332
United Arab Emirates,ARE,1962,2.0232663
United Arab Emirates,ARE,1963,3.0348997
United Arab Emirates,ARE,1964,4.0465326
United Arab Emirates,ARE,1965,5.058166
United Arab Emirates,ARE,1966,6.0697994
United Arab Emirates,ARE,1967,7.0814323
United Arab Emirates,ARE,1968,8.093065
United Arab Emirates,ARE,1969,9.104699
United Arab Emirates,ARE,1970,8.12175
United Arab Emirates,ARE,1971,14.34225
United Arab Emirates,ARE,1972,14.55675
United Arab Emirates,ARE,1973,16.921125
United Arab Emirates,ARE,1974,16.9455
United Arab Emirates,ARE,1975,16.185
United Arab Emirates,ARE,1976,18.915
United Arab Emirates,ARE,1977,38.024998
United Arab Emirates,ARE,1978,55.6725
United Arab Emirates,ARE,1979,59.5725
United Arab Emirates,ARE,1980,73.32
United Arab Emirates,ARE,1981,86.385
United Arab Emirates,ARE,1982,92.625
United Arab Emirates,ARE,1983,81.509995
United Arab Emirates,ARE,1984,107.25
United Arab Emirates,ARE,1985,128.9925
United Arab Emirates,ARE,1986,148.395
United Arab Emirates,ARE,1987,164.6775
United Arab Emirates,ARE,1988,169.26001
United Arab Emirates,ARE,1989,198.705
United Arab Emirates,ARE,1990,196.0725
United Arab Emirates,ARE,1991,232.1475
United Arab Emirates,ARE,1992,216.1575
United Arab Emirates,ARE,1993,224.15251
United Arab Emirates,ARE,1994,251.745
United Arab Emirates,ARE,1995,305.37
United Arab Emirates,ARE,1996,329.55002
United Arab Emirates,ARE,1997,354.02252
United Arab Emirates,ARE,1998,361.4325
United Arab Emirates,ARE,1999,375.2775
United Arab Emirates,ARE,2000,374.20502
United Arab Emirates,ARE,2001,383.76
United Arab Emirates,ARE,2002,423.05252
United Arab Emirates,ARE,2003,436.7025
United Arab Emirates,ARE,2004,451.32748
United Arab Emirates,ARE,2005,465.95248
United Arab Emirates,ARE,2006,475.70248
United Arab Emirates,ARE,2007,490.3275
United Arab Emirates,ARE,2008,489.84
United Arab Emirates,ARE,2009,476.18997
United Arab Emirates,ARE,2010,499.99948
United Arab Emirates,ARE,2011,510.003
United Arab Emirates,ARE,2012,529.425
United Arab Emirates,ARE,2013,532.35004
United Arab Emirates,ARE,2014,528.88477
United Arab Emirates,ARE,2015,585.98737
United Arab Emirates,ARE,2016,595.2082
United Arab Emirates,ARE,2017,527.33514
United Arab Emirates,ARE,2018,464.33398
United Arab Emirates,ARE,2019,537.1913
United Arab Emirates,ARE,2020,536.8787
United Arab Emirates,ARE,2021,531.226
United Arab Emirates,ARE,2022,541.8506
United Arab Emirates,ARE,2023,552.68756
United Arab Emirates,ARE,2024,563.74133
United Arab Emirates,ARE,2025,586.29095
United Kingdom,GBR,1900,0
United Kingdom,GBR,1901,0
United Kingdom,GBR,1902,0
United Kingdom,GBR,1903,0
United Kingdom,GBR,1904,0
United Kingdom,GBR,1905,0
United Kingdom,GBR,1906,0
United Kingdom,GBR,1907,0
United Kingdom,GBR,1908,0
United Kingdom,GBR,1909,0
United Kingdom,GBR,1910,0
United Kingdom,GBR,1911,0
United Kingdom,GBR,1912,0
United Kingdom,GBR,1913,0
United Kingdom,GBR,1914,0
United Kingdom,GBR,1915,0
United Kingdom,GBR,1916,0
United Kingdom,GBR,1917,0
United Kingdom,GBR,1918,0
United Kingdom,GBR,1919,0
United Kingdom,GBR,1920,0
United Kingdom,GBR,1921,0
United Kingdom,GBR,1922,0
United Kingdom,GBR,1923,0
United Kingdom,GBR,1924,0
United Kingdom,GBR,1925,0
United Kingdom,GBR,1926,0
United Kingdom,GBR,1927,0
United Kingdom,GBR,1928,0
United Kingdom,GBR,1929,0
United Kingdom,GBR,1930,0
United Kingdom,GBR,1931,0
United Kingdom,GBR,1932,0
United Kingdom,GBR,1933,0
United Kingdom,GBR,1934,0
United Kingdom,GBR,1935,0
United Kingdom,GBR,1936,0
United Kingdom,GBR,1937,0
United Kingdom,GBR,1938,0
United Kingdom,GBR,1939,0
United Kingdom,GBR,1940,0
United Kingdom,GBR,1941,0
United Kingdom,GBR,1942,0
United Kingdom,GBR,1943,0
United Kingdom,GBR,1944,0
United Kingdom,GBR,1945,0
United Kingdom,GBR,1946,0
United Kingdom,GBR,1947,0
United Kingdom,GBR,1948,0
United Kingdom,GBR,1949,0
United Kingdom,GBR,1950,0.010773256
United Kingdom,GBR,1951,0
United Kingdom,GBR,1952,0
United Kingdom,GBR,1953,0.096959315
United Kingdom,GBR,1954,0
United Kingdom,GBR,1955,0.32319772
United Kingdom,GBR,1956,0.1723721
United Kingdom,GBR,1957,0.31242445
United Kingdom,GBR,1958,0.5171163
United Kingdom,GBR,1959,0.6679419
United Kingdom,GBR,1960,0.8510873
United Kingdom,GBR,1961,0.88340706
United Kingdom,GBR,1962,1.2820175
United Kingdom,GBR,1963,1.7129477
United Kingdom,GBR,1964,1.9176397
United Kingdom,GBR,1965,2.0361457
United Kingdom,GBR,1966,1.9822793
United Kingdom,GBR,1967,7.0026164
United Kingdom,GBR,1968,23.690393
United Kingdom,GBR,1969,56.57037
United Kingdom,GBR,1970,109.496445
United Kingdom,GBR,1971,181.96298
United Kingdom,GBR,1972,262.55887
United Kingdom,GBR,1973,285.07455
United Kingdom,GBR,1974,343.80606
United Kingdom,GBR,1975,358.0063
United Kingdom,GBR,1976,379.12637
United Kingdom,GBR,1977,396.12943
United Kingdom,GBR,1978,379.33572
United Kingdom,GBR,1979,383.0457
United Kingdom,GBR,1980,364.14694
United Kingdom,GBR,1981,363.33282
United Kingdom,GBR,1982,369.28738
United Kingdom,GBR,1983,380.7778
United Kingdom,GBR,1984,372.2414
United Kingdom,GBR,1985,415.31894
United Kingdom,GBR,1986,436.64838
United Kingdom,GBR,1987,457.1404
United Kingdom,GBR,1988,440.2304
United Kingdom,GBR,1989,431.1125
United Kingdom,GBR,1990,476.03915
United Kingdom,GBR,1991,530.02563
United Kingdom,GBR,1992,538.9924
United Kingdom,GBR,1993,633.69543
United Kingdom,GBR,1994,676.54034
United Kingdom,GBR,1995,740.4534
United Kingdom,GBR,1996,880.6077
United Kingdom,GBR,1997,898.50867
United Kingdom,GBR,1998,943.974
United Kingdom,GBR,1999,1037.367
United Kingdom,GBR,2000,1134.5905
United Kingdom,GBR,2001,1108.1367
United Kingdom,GBR,2002,1084.8645
United Kingdom,GBR,2003,1078.061
United Kingdom,GBR,2004,1009.1314
United Kingdom,GBR,2005,923.39026
United Kingdom,GBR,2006,837.4842
United Kingdom,GBR,2007,754.9284
United Kingdom,GBR,2008,727.7056
United Kingdom,GBR,2009,612.0575
United Kingdom,GBR,2010,579.00934
United Kingdom,GBR,2011,460.82526
United Kingdom,GBR,2012,391.92386
United Kingdom,GBR,2013,369.8038
United Kingdom,GBR,2014,374.31516
United Kingdom,GBR,2015,406.61182
United Kingdom,GBR,2016,417.38196
United Kingdom,GBR,2017,418.84647
United Kingdom,GBR,2018,405.52698
United Kingdom,GBR,2019,392.90912
United Kingdom,GBR,2020,395.7142
United Kingdom,GBR,2021,327.86414
United Kingdom,GBR,2022,381.18198
United Kingdom,GBR,2023,344.8968
United Kingdom,GBR,2024,307.18628
United Kingdom,GBR,2025,299.32214
United States,USA,1900,73.84043
United States,USA,1901,81.828064
United States,USA,1902,89.815704
United States,USA,1903,97.80334
United States,USA,1904,105.79098
United States,USA,1905,113.77863
United States,USA,1906,121.766266
United States,USA,1907,129.7539
United States,USA,1908,137.74155
United States,USA,1909,145.72919
United States,USA,1910,153.71683
United States,USA,1911,162.0032
United States,USA,1912,170.28955
United States,USA,1913,178.57593
United States,USA,1914,186.86229
United States,USA,1915,195.14865
United States,USA,1916,203.43503
United States,USA,1917,211.7214
United States,USA,1918,220.00777
United States,USA,1919,228.29414
United States,USA,1920,236.5805
United States,USA,1921,244.86688
United States,USA,1922,253.15324
United States,USA,1923,296.52304
United States,USA,1924,339.89282
United States,USA,1925,383.2626
United States,USA,1926,426.63235
United States,USA,1927,470.00214
United States,USA,1928,513.37195
United States,USA,1929,536.52246
United States,USA,1930,559.673
United States,USA,1931,582.82355
United States,USA,1932,605.9741
United States,USA,1933,629.1246
United States,USA,1934,652.27515
United States,USA,1935,675.4257
United States,USA,1936,698.57623
United States,USA,1937,721.72675
United States,USA,1938,783.1316
United States,USA,1939,844.5365
United States,USA,1940,905.94135
United States,USA,1941,967.34625
United States,USA,1942,1028.751
United States,USA,1943,1090.1559
United States,USA,1944,1151.5608
United States,USA,1945,1212.9656
United States,USA,1946,1274.3705
United States,USA,1947,1406.0132
United States,USA,1948,1579.691
United States,USA,1949,1663.165
United States,USA,1950,1927.6752
United States,USA,1951,2288.2297
United States,USA,1952,2458.8406
United States,USA,1953,2576.6777
United States,USA,1954,2682.8435
United States,USA,1955,2885.986
United States,USA,1956,3093.7231
United States,USA,1957,3277.23
United States,USA,1958,3384.6309
United States,USA,1959,3696.3994
United States,USA,1960,3918.863
United States,USA,1961,4044.9902
United States,USA,1962,4234.9336
United States,USA,1963,4500.6685
United States,USA,1964,4755.458
United States,USA,1965,4921.9834
United States,USA,1966,5280.089
United States,USA,1967,5575.895
United States,USA,1968,5929.0913
United States,USA,1969,6351.328
United States,USA,1970,5714.623
United States,USA,1971,5876.606
United States,USA,1972,5857.5503
United States,USA,1973,5852.223
United States,USA,1974,5594.4717
United States,USA,1975,5180.4146
United States,USA,1976,5138.206
United States,USA,1977,5160.627
United States,USA,1978,5139.4985
United States,USA,1979,5295.417
United States,USA,1980,5250.9077
United States,USA,1981,5195.9272
United States,USA,1982,4831.8984
United States,USA,1983,4376.7383
United States,USA,1984,4749.8438
United States,USA,1985,4478.812
United States,USA,1986,4362.867
United States,USA,1987,4519.8115
United States,USA,1988,4641.8755
United States,USA,1989,4707.468
United States,USA,1990,4833.7793
United States,USA,1991,4808.0835
United States,USA,1992,4846.6895
United States,USA,1993,4901.7993
United States,USA,1994,5103.3086
United States,USA,1995,5033.2085
United States,USA,1996,5102.321
United States,USA,1997,5115.399
United States,USA,1998,5173.2803
United States,USA,1999,5101.3804
United States,USA,2000,5186.003
United States,USA,2001,5318.95
United States,USA,2002,5112.2876
United States,USA,2003,5178.558
United States,USA,2004,5031.101
United States,USA,2005,4894.408
United States,USA,2006,5017.24
United States,USA,2007,5218.889
United States,USA,2008,5460.6743
United States,USA,2009,5575.825
United States,USA,2010,5751.574
United States,USA,2011,6173.5854
United States,USA,2012,6491.2485
United States,USA,2013,6556.9272
United States,USA,2014,7047.2646
United States,USA,2015,7403.032
United States,USA,2016,7273.561
United States,USA,2017,7471.073
United States,USA,2018,8409.362
United States,USA,2019,9281.11
United States,USA,2020,9248.13
United States,USA,2021,9444.559
United States,USA,2022,9907.006
United States,USA,2023,10288.885
United States,USA,2024,10318.645
United States,USA,2025,10737.427
United States Virgin Islands,VIR,1980,0
United States Virgin Islands,VIR,1981,0
United States Virgin Islands,VIR,1982,0
United States Virgin Islands,VIR,1983,0
United States Virgin Islands,VIR,1984,0
United States Virgin Islands,VIR,1985,0
United States Virgin Islands,VIR,1986,0
United States Virgin Islands,VIR,1987,0
United States Virgin Islands,VIR,1988,0
United States Virgin Islands,VIR,1989,0
United States Virgin Islands,VIR,1990,0
United States Virgin Islands,VIR,1991,0
United States Virgin Islands,VIR,1992,0
United States Virgin Islands,VIR,1993,0
United States Virgin Islands,VIR,1994,0
United States Virgin Islands,VIR,1995,0
United States Virgin Islands,VIR,1996,0
United States Virgin Islands,VIR,1997,0
United States Virgin Islands,VIR,1998,0
United States Virgin Islands,VIR,1999,0
United States Virgin Islands,VIR,2000,0
United States Virgin Islands,VIR,2001,0
United States Virgin Islands,VIR,2002,0
United States Virgin Islands,VIR,2003,0
United States Virgin Islands,VIR,2004,0
United States Virgin Islands,VIR,2005,0
United States Virgin Islands,VIR,2006,0
United States Virgin Islands,VIR,2007,0
United States Virgin Islands,VIR,2008,0
United States Virgin Islands,VIR,2009,0
United States Virgin Islands,VIR,2010,0
United States Virgin Islands,VIR,2011,0
United States Virgin Islands,VIR,2012,0
United States Virgin Islands,VIR,2013,0
United States Virgin Islands,VIR,2014,0
United States Virgin Islands,VIR,2015,0
United States Virgin Islands,VIR,2016,0
United States Virgin Islands,VIR,2017,0
United States Virgin Islands,VIR,2018,0
United States Virgin Islands,VIR,2019,0
United States Virgin Islands,VIR,2020,0
United States Virgin Islands,VIR,2021,0
United States Virgin Islands,VIR,2022,0
United States Virgin Islands,VIR,2023,0
United States Virgin Islands,VIR,2024,0
Upper-middle-income countries,OWID_UMC,1970,2172.3933
Upper-middle-income countries,OWID_UMC,1971,2382.9265
Upper-middle-income countries,OWID_UMC,1972,2536.5803
Upper-middle-income countries,OWID_UMC,1973,2749.8513
Upper-middle-income countries,OWID_UMC,1974,3017.5408
Upper-middle-income countries,OWID_UMC,1975,3340.857
Upper-middle-income countries,OWID_UMC,1976,3674.4216
Upper-middle-income countries,OWID_UMC,1977,3974.0767
Upper-middle-income countries,OWID_UMC,1978,4345.707
Upper-middle-income countries,OWID_UMC,1979,4860.4736
Upper-middle-income countries,OWID_UMC,1980,5118.096
Upper-middle-income countries,OWID_UMC,1981,5417.453
Upper-middle-income countries,OWID_UMC,1982,5874.3096
Upper-middle-income countries,OWID_UMC,1983,6429.899
Upper-middle-income countries,OWID_UMC,1984,7073.3984
Upper-middle-income countries,OWID_UMC,1985,2980.3523
Upper-middle-income countries,OWID_UMC,1986,3031.72
Upper-middle-income countries,OWID_UMC,1987,3160.7122
Upper-middle-income countries,OWID_UMC,1988,3265.2727
Upper-middle-income countries,OWID_UMC,1989,3385.3967
Upper-middle-income countries,OWID_UMC,1990,3425.855
Upper-middle-income countries,OWID_UMC,1991,3540.3516
Upper-middle-income countries,OWID_UMC,1992,3339.1958
Upper-middle-income countries,OWID_UMC,1993,3346.4048
Upper-middle-income countries,OWID_UMC,1994,3242.9678
Upper-middle-income countries,OWID_UMC,1995,3415.1123
Upper-middle-income countries,OWID_UMC,1996,3750.9639
Upper-middle-income countries,OWID_UMC,1997,3846.6538
Upper-middle-income countries,OWID_UMC,1998,3964.765
Upper-middle-income countries,OWID_UMC,1999,4416.0137
Upper-middle-income countries,OWID_UMC,2000,4821.213
Upper-middle-income countries,OWID_UMC,2001,4872.347
Upper-middle-income countries,OWID_UMC,2002,5193.482
Upper-middle-income countries,OWID_UMC,2003,5498.211
Upper-middle-income countries,OWID_UMC,2004,5884.5586
Upper-middle-income countries,OWID_UMC,2005,6270.2007
Upper-middle-income countries,OWID_UMC,2006,6505.4214
Upper-middle-income countries,OWID_UMC,2007,6889.541
Upper-middle-income countries,OWID_UMC,2008,7293.703
Upper-middle-income countries,OWID_UMC,2009,7198.6245
Upper-middle-income countries,OWID_UMC,2010,7424.8
Upper-middle-income countries,OWID_UMC,2011,7910.0137
Upper-middle-income countries,OWID_UMC,2012,8345.032
Upper-middle-income countries,OWID_UMC,2013,8472.084
Upper-middle-income countries,OWID_UMC,2014,8878.435
Upper-middle-income countries,OWID_UMC,2015,8957.201
Upper-middle-income countries,OWID_UMC,2016,9306.37
Upper-middle-income countries,OWID_UMC,2017,9572.631
Upper-middle-income countries,OWID_UMC,2018,9802.038
Upper-middle-income countries,OWID_UMC,2019,9991.951
Upper-middle-income countries,OWID_UMC,2020,9850.883
Upper-middle-income countries,OWID_UMC,2021,10376.862
Upper-middle-income countries,OWID_UMC,2022,10557.401
Upper-middle-income countries,OWID_UMC,2023,10869.16
Upper-middle-income countries,OWID_UMC,2024,11120.6875
Upper-middle-income countries,OWID_UMC,2025,11329.549
Uruguay,URY,1980,0
Uruguay,URY,1981,0
Uruguay,URY,1982,0
Uruguay,URY,1983,0
Uruguay,URY,1984,0
Uruguay,URY,1985,0
Uruguay,URY,1986,0
Uruguay,URY,1987,0
Uruguay,URY,1988,0
Uruguay,URY,1989,0
Uruguay,URY,1990,0
Uruguay,URY,1991,0
Uruguay,URY,1992,0
Uruguay,URY,1993,0
Uruguay,URY,1994,0
Uruguay,URY,1995,0
Uruguay,URY,1996,0
Uruguay,URY,1997,0
Uruguay,URY,1998,0
Uruguay,URY,1999,0
Uruguay,URY,2000,0
Uruguay,URY,2001,0
Uruguay,URY,2002,0
Uruguay,URY,2003,0
Uruguay,URY,2004,0
Uruguay,URY,2005,0
Uruguay,URY,2006,0
Uruguay,URY,2007,0
Uruguay,URY,2008,0
Uruguay,URY,2009,0
Uruguay,URY,2010,0
Uruguay,URY,2011,0
Uruguay,URY,2012,0
Uruguay,URY,2013,0
Uruguay,URY,2014,0
Uruguay,URY,2015,0
Uruguay,URY,2016,0
Uruguay,URY,2017,0
Uruguay,URY,2018,0
Uruguay,URY,2019,0
Uruguay,URY,2020,0
Uruguay,URY,2021,0
Uruguay,URY,2022,0
Uruguay,URY,2023,0
Uruguay,URY,2024,0
Uzbekistan,UZB,1985,327.3636
Uzbekistan,UZB,1986,365.31464
Uzbekistan,UZB,1987,376.6716
Uzbekistan,UZB,1988,377.618
Uzbekistan,UZB,1989,388.9749
Uzbekistan,UZB,1990,368.06
Uzbekistan,UZB,1991,378.16623
Uzbekistan,UZB,1992,384.615
Uzbekistan,UZB,1993,406.36752
Uzbekistan,UZB,1994,426.195
Uzbekistan,UZB,1995,433.41376
Uzbekistan,UZB,1996,442.36502
Uzbekistan,UZB,1997,453.62625
Uzbekistan,UZB,1998,494.725
Uzbekistan,UZB,1999,501.8475
Uzbekistan,UZB,2000,509.25873
Uzbekistan,UZB,2001,514.64874
Uzbekistan,UZB,2002,527.35376
Uzbekistan,UZB,2003,530.915
Uzbekistan,UZB,2004,538.0375
Uzbekistan,UZB,2005,546.21875
Uzbekistan,UZB,2006,565.95
Uzbekistan,UZB,2007,589.05
Uzbekistan,UZB,2008,610.225
Uzbekistan,UZB,2009,584.2375
Uzbekistan,UZB,2010,571.4362
Uzbekistan,UZB,2011,566.4312
Uzbekistan,UZB,2012,565.2763
Uzbekistan,UZB,2013,551.8087
Uzbekistan,UZB,2014,512.5876
Uzbekistan,UZB,2015,516.7452
Uzbekistan,UZB,2016,531.24
Uzbekistan,UZB,2017,536.068
Uzbekistan,UZB,2018,582.8515
Uzbekistan,UZB,2019,574.58417
Uzbekistan,UZB,2020,471.01172
Uzbekistan,UZB,2021,509.1885
Uzbekistan,UZB,2022,489.0901
Uzbekistan,UZB,2023,442.0724
Uzbekistan,UZB,2024,392.9849
Uzbekistan,UZB,2025,400.33185
Vanuatu,VUT,1980,0
Vanuatu,VUT,1981,0
Vanuatu,VUT,1982,0
Vanuatu,VUT,1983,0
Vanuatu,VUT,1984,0
Vanuatu,VUT,1985,0
Vanuatu,VUT,1986,0
Vanuatu,VUT,1987,0
Vanuatu,VUT,1988,0
Vanuatu,VUT,1989,0
Vanuatu,VUT,1990,0
Vanuatu,VUT,1991,0
Vanuatu,VUT,1992,0
Vanuatu,VUT,1993,0
Vanuatu,VUT,1994,0
Vanuatu,VUT,1995,0
Vanuatu,VUT,1996,0
Vanuatu,VUT,1997,0
Vanuatu,VUT,1998,0
Vanuatu,VUT,1999,0
Vanuatu,VUT,2000,0
Vanuatu,VUT,2001,0
Vanuatu,VUT,2002,0
Vanuatu,VUT,2003,0
Vanuatu,VUT,2004,0
Vanuatu,VUT,2005,0
Vanuatu,VUT,2006,0
Vanuatu,VUT,2007,0
Vanuatu,VUT,2008,0
Vanuatu,VUT,2009,0
Vanuatu,VUT,2010,0
Vanuatu,VUT,2011,0
Vanuatu,VUT,2012,0
Vanuatu,VUT,2013,0
Vanuatu,VUT,2014,0
Vanuatu,VUT,2015,0
Vanuatu,VUT,2016,0
Vanuatu,VUT,2017,0
Vanuatu,VUT,2018,0
Vanuatu,VUT,2019,0
Vanuatu,VUT,2020,0
Vanuatu,VUT,2021,0
Vanuatu,VUT,2022,0
Vanuatu,VUT,2023,0
Vanuatu,VUT,2024,0
Venezuela,VEN,1900,0
Venezuela,VEN,1901,0
Venezuela,VEN,1902,0
Venezuela,VEN,1903,0
Venezuela,VEN,1904,0
Venezuela,VEN,1905,0
Venezuela,VEN,1906,0
Venezuela,VEN,1907,0
Venezuela,VEN,1908,0
Venezuela,VEN,1909,0
Venezuela,VEN,1910,0
Venezuela,VEN,1911,0
Venezuela,VEN,1912,0
Venezuela,VEN,1913,0
Venezuela,VEN,1914,0
Venezuela,VEN,1915,0
Venezuela,VEN,1916,0
Venezuela,VEN,1917,0
Venezuela,VEN,1918,0
Venezuela,VEN,1919,0
Venezuela,VEN,1920,0
Venezuela,VEN,1921,0
Venezuela,VEN,1922,0
Venezuela,VEN,1923,0
Venezuela,VEN,1924,0
Venezuela,VEN,1925,0
Venezuela,VEN,1926,0
Venezuela,VEN,1927,0
Venezuela,VEN,1928,0
Venezuela,VEN,1929,0
Venezuela,VEN,1930,0
Venezuela,VEN,1931,0
Venezuela,VEN,1932,0
Venezuela,VEN,1933,0
Venezuela,VEN,1934,0
Venezuela,VEN,1935,0
Venezuela,VEN,1936,0
Venezuela,VEN,1937,8.811957
Venezuela,VEN,1938,8.944905
Venezuela,VEN,1939,9.077852
Venezuela,VEN,1940,9.2108
Venezuela,VEN,1941,9.343748
Venezuela,VEN,1942,9.476697
Venezuela,VEN,1943,9.609645
Venezuela,VEN,1944,9.742593
Venezuela,VEN,1945,9.875541
Venezuela,VEN,1946,10.008489
Venezuela,VEN,1947,14.059246
Venezuela,VEN,1948,14.669976
Venezuela,VEN,1949,13.573156
Venezuela,VEN,1950,13.922145
Venezuela,VEN,1951,17.947975
Venezuela,VEN,1952,21.836702
Venezuela,VEN,1953,27.071527
Venezuela,VEN,1954,30.511557
Venezuela,VEN,1955,34.250717
Venezuela,VEN,1956,37.31683
Venezuela,VEN,1957,45.169067
Venezuela,VEN,1958,48.970547
Venezuela,VEN,1959,52.24855
Venezuela,VEN,1960,57.40859
Venezuela,VEN,1961,60.960796
Venezuela,VEN,1962,64.675026
Venezuela,VEN,1963,69.92232
Venezuela,VEN,1964,76.067
Venezuela,VEN,1965,81.488785
Venezuela,VEN,1966,85.4523
Venezuela,VEN,1967,93.616135
Venezuela,VEN,1968,96.64486
Venezuela,VEN,1969,99.46169
Venezuela,VEN,1970,85.581
Venezuela,VEN,1971,82.9392
Venezuela,VEN,1972,82.4397
Venezuela,VEN,1973,101.553894
Venezuela,VEN,1974,107.325905
Venezuela,VEN,1975,104.3844
Venezuela,VEN,1976,129.40381
Venezuela,VEN,1977,141.25305
Venezuela,VEN,1978,142.53511
Venezuela,VEN,1979,159.6402
Venezuela,VEN,1980,164.34105
Venezuela,VEN,1981,165.22905
Venezuela,VEN,1982,176.3013
Venezuela,VEN,1983,173.604
Venezuela,VEN,1984,192.03
Venezuela,VEN,1985,192.31305
Venezuela,VEN,1986,211.72139
Venezuela,VEN,1987,206.3157
Venezuela,VEN,1988,211.2108
Venezuela,VEN,1989,216.8718
Venezuela,VEN,1990,243.81705
Venezuela,VEN,1991,243.1122
Venezuela,VEN,1992,239.95981
Venezuela,VEN,1993,258.9519
Venezuela,VEN,1994,273.89804
Venezuela,VEN,1995,305.2611
Venezuela,VEN,1996,330.0141
Venezuela,VEN,1997,342.213
Venezuela,VEN,1998,358.92404
Venezuela,VEN,1999,304.251
Venezuela,VEN,2000,309.9564
Venezuela,VEN,2001,328.4823
Venezuela,VEN,2002,315.41205
Venezuela,VEN,2003,279.9864
Venezuela,VEN,2004,315.2955
Venezuela,VEN,2005,304.3509
Venezuela,VEN,2006,349.45023
Venezuela,VEN,2007,372.47162
Venezuela,VEN,2008,334.2321
Venezuela,VEN,2009,317.95947
Venezuela,VEN,2010,304.51743
Venezuela,VEN,2011,302.36398
Venezuela,VEN,2012,319.0473
Venezuela,VEN,2013,305.9049
Venezuela,VEN,2014,317.8818
Venezuela,VEN,2015,360.6501
Venezuela,VEN,2016,372.38733
Venezuela,VEN,2017,386.0539
Venezuela,VEN,2018,316.19098
Venezuela,VEN,2019,255.76219
Venezuela,VEN,2020,215.61089
Venezuela,VEN,2021,280.5911
Venezuela,VEN,2022,290.55545
Venezuela,VEN,2023,296.8337
Venezuela,VEN,2024,317.31195
Venezuela,VEN,2025,310.44107
Vietnam,VNM,1980,0
Vietnam,VNM,1981,0.0965
Vietnam,VNM,1982,0.18335
Vietnam,VNM,1983,0.632075
Vietnam,VNM,1984,0.55004996
Vietnam,VNM,1985,0.342575
Vietnam,VNM,1986,0.35705
Vietnam,VNM,1987,0.35705
Vietnam,VNM,1988,0.27019998
Vietnam,VNM,1989,0.31845
Vietnam,VNM,1990,0.386
Vietnam,VNM,1991,0.6948
Vietnam,VNM,1992,2.0265
Vietnam,VNM,1993,2.4125001
Vietnam,VNM,1994,2.4125001
Vietnam,VNM,1995,1.404075
Vietnam,VNM,1996,2.76955
Vietnam,VNM,1997,5.1241503
Vietnam,VNM,1998,8.685
Vietnam,VNM,1999,12.545
Vietnam,VNM,2000,15.44
Vietnam,VNM,2001,19.300001
Vietnam,VNM,2002,23.16
Vietnam,VNM,2003,22.89945
Vietnam,VNM,2004,40.144
Vietnam,VNM,2005,62.146
Vietnam,VNM,2006,67.55
Vietnam,VNM,2007,68.322
Vietnam,VNM,2008,72.36536
Vietnam,VNM,2009,77.2965
Vietnam,VNM,2010,90.729294
Vietnam,VNM,2011,81.832
Vietnam,VNM,2012,90.27575
Vietnam,VNM,2013,94.09715
Vietnam,VNM,2014,98.526505
Vietnam,VNM,2015,102.868996
Vietnam,VNM,2016,102.3865
Vietnam,VNM,2017,95.206894
Vietnam,VNM,2018,96.5965
Vietnam,VNM,2019,98.43
Vietnam,VNM,2020,88.394005
Vietnam,VNM,2021,71.989
Vietnam,VNM,2022,77.972
Vietnam,VNM,2023,72.05703
Vietnam,VNM,2024,61.2706
Vietnam,VNM,2025,57.838917
West Germany,OWID_GFR,1980,176.7078
West Germany,OWID_GFR,1981,179.05
West Germany,OWID_GFR,1982,153.54579
West Germany,OWID_GFR,1983,163.69543
West Germany,OWID_GFR,1984,171.24258
West Germany,OWID_GFR,1985,155.36752
West Germany,OWID_GFR,1986,142.35518
West Germany,OWID_GFR,1987,164.47617
West Germany,OWID_GFR,1988,153.28555
West Germany,OWID_GFR,1989,150.94331
West Germany,OWID_GFR,1990,150.68307
Western Sahara,ESH,1980,0
Western Sahara,ESH,1981,0
Western Sahara,ESH,1982,0
Western Sahara,ESH,1983,0
Western Sahara,ESH,1984,0
Western Sahara,ESH,1985,0
Western Sahara,ESH,1986,0
Western Sahara,ESH,1987,0
Western Sahara,ESH,1988,0
Western Sahara,ESH,1989,0
Western Sahara,ESH,1990,0
Western Sahara,ESH,1991,0
Western Sahara,ESH,1992,0
Western Sahara,ESH,1993,0
Western Sahara,ESH,1994,0
Western Sahara,ESH,1995,0
Western Sahara,ESH,1996,0
Western Sahara,ESH,1997,0
Western Sahara,ESH,1998,0
Western Sahara,ESH,1999,0
Western Sahara,ESH,2000,0
Western Sahara,ESH,2001,0
Western Sahara,ESH,2002,0
Western Sahara,ESH,2003,0
Western Sahara,ESH,2004,0
Western Sahara,ESH,2005,0
Western Sahara,ESH,2006,0
Western Sahara,ESH,2007,0
Western Sahara,ESH,2008,0
Western Sahara,ESH,2009,0
Western Sahara,ESH,2010,0
Western Sahara,ESH,2011,0
Western Sahara,ESH,2012,0
Western Sahara,ESH,2013,0
Western Sahara,ESH,2014,0
Western Sahara,ESH,2015,0
Western Sahara,ESH,2016,0
Western Sahara,ESH,2017,0
Western Sahara,ESH,2018,0
Western Sahara,ESH,2019,0
Western Sahara,ESH,2020,0
Western Sahara,ESH,2021,0
Western Sahara,ESH,2022,0
Western Sahara,ESH,2023,0
Western Sahara,ESH,2024,0
World,OWID_WRL,1900,73.84043
World,OWID_WRL,1901,81.828064
World,OWID_WRL,1902,89.815704
World,OWID_WRL,1903,97.80334
World,OWID_WRL,1904,105.79098
World,OWID_WRL,1905,113.77863
World,OWID_WRL,1906,121.766266
World,OWID_WRL,1907,129.7539
World,OWID_WRL,1908,137.74155
World,OWID_WRL,1909,145.72919
World,OWID_WRL,1910,157.589
World,OWID_WRL,1911,165.96535
World,OWID_WRL,1912,174.34166
World,OWID_WRL,1913,182.71799
World,OWID_WRL,1914,191.09433
World,OWID_WRL,1915,199.47064
World,OWID_WRL,1916,207.84698
World,OWID_WRL,1917,216.22331
World,OWID_WRL,1918,224.59962
World,OWID_WRL,1919,232.97597
World,OWID_WRL,1920,241.3523
World,OWID_WRL,1921,249.7286
World,OWID_WRL,1922,266.58612
World,OWID_WRL,1923,312.34644
World,OWID_WRL,1924,358.10675
World,OWID_WRL,1925,403.8671
World,OWID_WRL,1926,449.6274
World,OWID_WRL,1927,495.38773
World,OWID_WRL,1928,541.1481
World,OWID_WRL,1929,574.606
World,OWID_WRL,1930,602.39954
World,OWID_WRL,1931,631.0239
World,OWID_WRL,1932,659.64844
World,OWID_WRL,1933,688.2728
World,OWID_WRL,1934,716.89734
World,OWID_WRL,1935,745.5217
World,OWID_WRL,1936,774.1462
World,OWID_WRL,1937,830.5215
World,OWID_WRL,1938,881.94836
World,OWID_WRL,1939,945.3051
World,OWID_WRL,1940,1008.6619
World,OWID_WRL,1941,1072.0187
World,OWID_WRL,1942,1135.3756
World,OWID_WRL,1943,1198.7323
World,OWID_WRL,1944,1262.0891
World,OWID_WRL,1945,1325.4459
World,OWID_WRL,1946,1396.3861
World,OWID_WRL,1947,1544.8779
World,OWID_WRL,1948,1746.5739
World,OWID_WRL,1949,1866.3092
World,OWID_WRL,1950,2136.6338
World,OWID_WRL,1951,2534.5093
World,OWID_WRL,1952,2729.6267
World,OWID_WRL,1953,2886.345
World,OWID_WRL,1954,3027.598
World,OWID_WRL,1955,3293.563
World,OWID_WRL,1956,3571.7498
World,OWID_WRL,1957,3880.7158
World,OWID_WRL,1958,4174.047
World,OWID_WRL,1959,4659.676
World,OWID_WRL,1960,5072.3237
World,OWID_WRL,1961,5449.4346
World,OWID_WRL,1962,5961.9946
World,OWID_WRL,1963,6523.5044
World,OWID_WRL,1964,7127.6064
World,OWID_WRL,1965,7638.4854
World,OWID_WRL,1966,8219.038
World,OWID_WRL,1967,8845.135
World,OWID_WRL,1968,9675.573
World,OWID_WRL,1969,10625.759
World,OWID_WRL,1970,9760.88
World,OWID_WRL,1971,10441.183
World,OWID_WRL,1972,10955.471
World,OWID_WRL,1973,11482.695
World,OWID_WRL,1974,11725.124
World,OWID_WRL,1975,11750.132
World,OWID_WRL,1976,12256.871
World,OWID_WRL,1977,12774.293
World,OWID_WRL,1978,13206.7705
World,OWID_WRL,1979,14097.207
World,OWID_WRL,1980,14283.535
World,OWID_WRL,1981,14531.27
World,OWID_WRL,1982,14597.774
World,OWID_WRL,1983,14728.349
World,OWID_WRL,1984,15988.949
World,OWID_WRL,1985,16410.805
World,OWID_WRL,1986,16835.312
World,OWID_WRL,1987,17679.037
World,OWID_WRL,1988,18457.844
World,OWID_WRL,1989,19096.994
World,OWID_WRL,1990,19697.865
World,OWID_WRL,1991,19959.688
World,OWID_WRL,1992,20018.34
World,OWID_WRL,1993,20246.297
World,OWID_WRL,1994,20542.516
World,OWID_WRL,1995,20883.5
World,OWID_WRL,1996,21899.963
World,OWID_WRL,1997,21882.97
World,OWID_WRL,1998,22023.703
World,OWID_WRL,1999,23102.75
World,OWID_WRL,2000,24014.15
World,OWID_WRL,2001,24579.178
World,OWID_WRL,2002,25151.438
World,OWID_WRL,2003,26051.98
World,OWID_WRL,2004,26938.617
World,OWID_WRL,2005,27582.227
World,OWID_WRL,2006,28520.127
World,OWID_WRL,2007,29275.635
World,OWID_WRL,2008,30327.17
World,OWID_WRL,2009,29408.004
World,OWID_WRL,2010,31287.549
World,OWID_WRL,2011,32566.057
World,OWID_WRL,2012,33449.453
World,OWID_WRL,2013,33730.348
World,OWID_WRL,2014,34438.457
World,OWID_WRL,2015,35146.2
World,OWID_WRL,2016,35626.684
World,OWID_WRL,2017,36935.62
World,OWID_WRL,2018,38667.617
World,OWID_WRL,2019,39852.242
World,OWID_WRL,2020,38775.457
World,OWID_WRL,2021,40482.8
World,OWID_WRL,2022,40527.707
World,OWID_WRL,2023,40660.945
World,OWID_WRL,2024,41432.004
World,OWID_WRL,2025,41964.707
Yemen,YEM,1980,0
Yemen,YEM,1981,0
Yemen,YEM,1982,0
Yemen,YEM,1983,0
Yemen,YEM,1984,0
Yemen,YEM,1985,0
Yemen,YEM,1986,0
Yemen,YEM,1987,0
Yemen,YEM,1988,0
Yemen,YEM,1989,0
Yemen,YEM,1990,0
Yemen,YEM,1991,0
Yemen,YEM,1992,0
Yemen,YEM,1993,0
Yemen,YEM,1994,0
Yemen,YEM,1995,0
Yemen,YEM,1996,0
Yemen,YEM,1997,0
Yemen,YEM,1998,0
Yemen,YEM,1999,0
Yemen,YEM,2000,0
Yemen,YEM,2001,0
Yemen,YEM,2002,0
Yemen,YEM,2003,0
Yemen,YEM,2004,0
Yemen,YEM,2005,0
Yemen,YEM,2006,0
Yemen,YEM,2007,0
Yemen,YEM,2008,0
Yemen,YEM,2009,8.75904
Yemen,YEM,2010,69.94315
Yemen,YEM,2011,105.36308
Yemen,YEM,2012,81.824524
Yemen,YEM,2013,115.451035
Yemen,YEM,2014,104.242195
Yemen,YEM,2015,30.263865
Yemen,YEM,2016,5.469944
Yemen,YEM,2017,3.2388406
Yemen,YEM,2018,1.0077375
Yemen,YEM,2019,0.11529618
Yemen,YEM,2020,0.11636073
Yemen,YEM,2021,0.11636073
Yemen,YEM,2022,0.11636073
Yemen,YEM,2023,0.11636073
Yemen,YEM,2024,0.11636073
Yugoslavia,OWID_YGS,1900,0
Yugoslavia,OWID_YGS,1901,0
Yugoslavia,OWID_YGS,1902,0
Yugoslavia,OWID_YGS,1903,0
Yugoslavia,OWID_YGS,1904,0
Yugoslavia,OWID_YGS,1905,0
Yugoslavia,OWID_YGS,1906,0
Yugoslavia,OWID_YGS,1907,0
Yugoslavia,OWID_YGS,1908,0
Yugoslavia,OWID_YGS,1909,0
Yugoslavia,OWID_YGS,1910,0
Yugoslavia,OWID_YGS,1911,0
Yugoslavia,OWID_YGS,1912,0
Yugoslavia,OWID_YGS,1913,0
Yugoslavia,OWID_YGS,1914,0
Yugoslavia,OWID_YGS,1915,0
Yugoslavia,OWID_YGS,1916,0
Yugoslavia,OWID_YGS,1917,0
Yugoslavia,OWID_YGS,1918,0
Yugoslavia,OWID_YGS,1919,0
Yugoslavia,OWID_YGS,1920,0
Yugoslavia,OWID_YGS,1921,0
Yugoslavia,OWID_YGS,1922,0
Yugoslavia,OWID_YGS,1923,0
Yugoslavia,OWID_YGS,1924,0
Yugoslavia,OWID_YGS,1925,0
Yugoslavia,OWID_YGS,1926,0
Yugoslavia,OWID_YGS,1927,0
Yugoslavia,OWID_YGS,1928,0
Yugoslavia,OWID_YGS,1929,0
Yugoslavia,OWID_YGS,1930,0
Yugoslavia,OWID_YGS,1931,0
Yugoslavia,OWID_YGS,1932,0
Yugoslavia,OWID_YGS,1933,0
Yugoslavia,OWID_YGS,1934,0
Yugoslavia,OWID_YGS,1935,0
Yugoslavia,OWID_YGS,1936,0
Yugoslavia,OWID_YGS,1937,0
Yugoslavia,OWID_YGS,1938,0
Yugoslavia,OWID_YGS,1939,0
Yugoslavia,OWID_YGS,1940,0
Yugoslavia,OWID_YGS,1941,0
Yugoslavia,OWID_YGS,1942,0
Yugoslavia,OWID_YGS,1943,0
Yugoslavia,OWID_YGS,1944,0
Yugoslavia,OWID_YGS,1945,0
Yugoslavia,OWID_YGS,1946,0.06589868
Yugoslavia,OWID_YGS,1947,0.13179736
Yugoslavia,OWID_YGS,1948,0.09884802
Yugoslavia,OWID_YGS,1949,0.08786491
Yugoslavia,OWID_YGS,1950,0.1647467
Yugoslavia,OWID_YGS,1951,0.14278048
Yugoslavia,OWID_YGS,1952,0.15376359
Yugoslavia,OWID_YGS,1953,0.26359472
Yugoslavia,OWID_YGS,1954,0.30752718
Yugoslavia,OWID_YGS,1955,0.37342584
Yugoslavia,OWID_YGS,1956,0.4173583
Yugoslavia,OWID_YGS,1957,0.46129078
Yugoslavia,OWID_YGS,1958,0.5052232
Yugoslavia,OWID_YGS,1959,0.54915565
Yugoslavia,OWID_YGS,1960,0.582105
Yugoslavia,OWID_YGS,1961,0.75783485
Yugoslavia,OWID_YGS,1962,1.0433958
Yugoslavia,OWID_YGS,1963,2.0977747
Yugoslavia,OWID_YGS,1964,3.009373
Yugoslavia,OWID_YGS,1965,3.6244276
Yugoslavia,OWID_YGS,1966,4.4152117
Yugoslavia,OWID_YGS,1967,5.0741987
Yugoslavia,OWID_YGS,1968,6.414138
Yugoslavia,OWID_YGS,1969,8.017673
Yugoslavia,OWID_YGS,1970,10.730502
Yugoslavia,OWID_YGS,1971,12.641563
Yugoslavia,OWID_YGS,1972,13.641027
Yugoslavia,OWID_YGS,1973,14.596558
Yugoslavia,OWID_YGS,1974,15.892566
Yugoslavia,OWID_YGS,1975,16.29894
Yugoslavia,OWID_YGS,1976,19.000786
Yugoslavia,OWID_YGS,1977,20.834967
Yugoslavia,OWID_YGS,1978,21.252325
Yugoslavia,OWID_YGS,1979,20.395641
Yugoslavia,OWID_YGS,1980,21.044847
Yugoslavia,OWID_YGS,1981,20.61755
Yugoslavia,OWID_YGS,1982,19.078926
Yugoslavia,OWID_YGS,1983,17.41311
Yugoslavia,OWID_YGS,1984,21.94516
Yugoslavia,OWID_YGS,1985,25.49777
Yugoslavia,OWID_YGS,1986,26.741564
Yugoslavia,OWID_YGS,1987,23.943027
Yugoslavia,OWID_YGS,1988,33.27148
Yugoslavia,OWID_YGS,1989,31.405788
Yugoslavia,OWID_YGS,1990,29.22915
Yugoslavia,OWID_YGS,1991,28.607254
Zambia,ZMB,1980,0
Zambia,ZMB,1981,0
Zambia,ZMB,1982,0
Zambia,ZMB,1983,0
Zambia,ZMB,1984,0
Zambia,ZMB,1985,0
Zambia,ZMB,1986,0
Zambia,ZMB,1987,0
Zambia,ZMB,1988,0
Zambia,ZMB,1989,0
Zambia,ZMB,1990,0
Zambia,ZMB,1991,0
Zambia,ZMB,1992,0
Zambia,ZMB,1993,0
Zambia,ZMB,1994,0
Zambia,ZMB,1995,0
Zambia,ZMB,1996,0
Zambia,ZMB,1997,0
Zambia,ZMB,1998,0
Zambia,ZMB,1999,0
Zambia,ZMB,2000,0
Zambia,ZMB,2001,0
Zambia,ZMB,2002,0
Zambia,ZMB,2003,0
Zambia,ZMB,2004,0
Zambia,ZMB,2005,0
Zambia,ZMB,2006,0
Zambia,ZMB,2007,0
Zambia,ZMB,2008,0
Zambia,ZMB,2009,0
Zambia,ZMB,2010,0
Zambia,ZMB,2011,0
Zambia,ZMB,2012,0
Zambia,ZMB,2013,0
Zambia,ZMB,2014,0
Zambia,ZMB,2015,0
Zambia,ZMB,2016,0
Zambia,ZMB,2017,0
Zambia,ZMB,2018,0
Zambia,ZMB,2019,0
Zambia,ZMB,2020,0
Zambia,ZMB,2021,0
Zambia,ZMB,2022,0
Zambia,ZMB,2023,0
Zambia,ZMB,2024,0
Zimbabwe,ZWE,1980,0
Zimbabwe,ZWE,1981,0
Zimbabwe,ZWE,1982,0
Zimbabwe,ZWE,1983,0
Zimbabwe,ZWE,1984,0
Zimbabwe,ZWE,1985,0
Zimbabwe,ZWE,1986,0
Zimbabwe,ZWE,1987,0
Zimbabwe,ZWE,1988,0
Zimbabwe,ZWE,1989,0
Zimbabwe,ZWE,1990,0
Zimbabwe,ZWE,1991,0
Zimbabwe,ZWE,1992,0
Zimbabwe,ZWE,1993,0
Zimbabwe,ZWE,1994,0
Zimbabwe,ZWE,1995,0
Zimbabwe,ZWE,1996,0
Zimbabwe,ZWE,1997,0
Zimbabwe,ZWE,1998,0
Zimbabwe,ZWE,1999,0
Zimbabwe,ZWE,2000,0
Zimbabwe,ZWE,2001,0
Zimbabwe,ZWE,2002,0
Zimbabwe,ZWE,2003,0
Zimbabwe,ZWE,2004,0
Zimbabwe,ZWE,2005,0
Zimbabwe,ZWE,2006,0
Zimbabwe,ZWE,2007,0
Zimbabwe,ZWE,2008,0
Zimbabwe,ZWE,2009,0
Zimbabwe,ZWE,2010,0
Zimbabwe,ZWE,2011,0
Zimbabwe,ZWE,2012,0
Zimbabwe,ZWE,2013,0
Zimbabwe,ZWE,2014,0
Zimbabwe,ZWE,2015,0
Zimbabwe,ZWE,2016,0
Zimbabwe,ZWE,2017,0
Zimbabwe,ZWE,2018,0
Zimbabwe,ZWE,2019,0
Zimbabwe,ZWE,2020,0
Zimbabwe,ZWE,2021,0
Zimbabwe,ZWE,2022,0
Zimbabwe,ZWE,2023,0
Zimbabwe,ZWE,2024,0