Entity,Code,Year,Oil
Afghanistan,AFG,1980,0
Afghanistan,AFG,1981,0
Afghanistan,AFG,1982,0
Afghanistan,AFG,1983,0
Afghanistan,AFG,1984,0
Afghanistan,AFG,1985,0
Afghanistan,AFG,1986,0
Afghanistan,AFG,1987,0
Afghanistan,AFG,1988,0
Afghanistan,AFG,1989,0
Afghanistan,AFG,1990,0
Afghanistan,AFG,1991,0
Afghanistan,AFG,1992,0
Afghanistan,AFG,1993,0
Afghanistan,AFG,1994,0
Afghanistan,AFG,1995,0
Afghanistan,AFG,1996,0
Afghanistan,AFG,1997,0
Afghanistan,AFG,1998,0
Afghanistan,AFG,1999,0
Afghanistan,AFG,2000,0
Afghanistan,AFG,2001,0
Afghanistan,AFG,2002,0
Afghanistan,AFG,2003,0
Afghanistan,AFG,2004,0
Afghanistan,AFG,2005,0
Afghanistan,AFG,2006,0
Afghanistan,AFG,2007,0
Afghanistan,AFG,2008,0
Afghanistan,AFG,2009,0
Afghanistan,AFG,2010,0
Afghanistan,AFG,2011,0
Afghanistan,AFG,2012,0
Afghanistan,AFG,2013,0
Afghanistan,AFG,2014,0
Afghanistan,AFG,2015,0
Afghanistan,AFG,2016,0
Afghanistan,AFG,2017,0
Afghanistan,AFG,2018,0
Afghanistan,AFG,2019,0
Afghanistan,AFG,2020,0
Afghanistan,AFG,2021,0
Afghanistan,AFG,2022,0
Afghanistan,AFG,2023,0
Afghanistan,AFG,2024,0
Africa,OWID_AFR,1965,1235.101
Africa,OWID_AFR,1966,1571.8269
Africa,OWID_AFR,1967,1729.137
Africa,OWID_AFR,1968,2216.126
Africa,OWID_AFR,1969,2818.2944
Africa,OWID_AFR,1970,3399.6292
Africa,OWID_AFR,1971,3181.0298
Africa,OWID_AFR,1972,3194.1733
Africa,OWID_AFR,1973,3346.9214
Africa,OWID_AFR,1974,3085.5674
Africa,OWID_AFR,1975,2831.0925
Africa,OWID_AFR,1976,3377.11
Africa,OWID_AFR,1977,3541.0354
Africa,OWID_AFR,1978,3456.5452
Africa,OWID_AFR,1979,3800.2239
Africa,OWID_AFR,1980,3492.487
Africa,OWID_AFR,1981,2773.1401
Africa,OWID_AFR,1982,2666.0615
Africa,OWID_AFR,1983,2702.3513
Africa,OWID_AFR,1984,2885.7793
Africa,OWID_AFR,1985,3000.331
Africa,OWID_AFR,1986,2991.7114
Africa,OWID_AFR,1987,2997.6375
Africa,OWID_AFR,1988,3124.9639
Africa,OWID_AFR,1989,3449.0317
Africa,OWID_AFR,1990,3696.372
Africa,OWID_AFR,1991,3834.5972
Africa,OWID_AFR,1992,3907.2974
Africa,OWID_AFR,1993,3856.3594
Africa,OWID_AFR,1994,3848.5923
Africa,OWID_AFR,1995,3910.9531
Africa,OWID_AFR,1996,4037.5745
Africa,OWID_AFR,1997,4131.454
Africa,OWID_AFR,1998,4145.346
Africa,OWID_AFR,1999,4028.149
Africa,OWID_AFR,2000,4319.322
Africa,OWID_AFR,2001,4275.9756
Africa,OWID_AFR,2002,4304.742
Africa,OWID_AFR,2003,4681.981
Africa,OWID_AFR,2004,5210.7056
Africa,OWID_AFR,2005,5401.9175
Africa,OWID_AFR,2006,5488.3853
Africa,OWID_AFR,2007,5605.5054
Africa,OWID_AFR,2008,5664.0703
Africa,OWID_AFR,2009,5446.1265
Africa,OWID_AFR,2010,5628.514
Africa,OWID_AFR,2011,4715.9775
Africa,OWID_AFR,2012,5110.917
Africa,OWID_AFR,2013,4747.6934
Africa,OWID_AFR,2014,4531.725
Africa,OWID_AFR,2015,4481.6978
Africa,OWID_AFR,2016,4230.382
Africa,OWID_AFR,2017,4464.1685
Africa,OWID_AFR,2018,4548.0557
Africa,OWID_AFR,2019,4599.61
Africa,OWID_AFR,2020,3882.5833
Africa,OWID_AFR,2021,4038.8652
Africa,OWID_AFR,2022,3862.4673
Africa,OWID_AFR,2023,3991.0828
Africa,OWID_AFR,2024,4015.6895
Africa,OWID_AFR,2025,4172.367
Africa (EI),,1965,1235.101
Africa (EI),,1966,1571.8269
Africa (EI),,1967,1729.137
Africa (EI),,1968,2216.126
Africa (EI),,1969,2818.2944
Africa (EI),,1970,3399.6292
Africa (EI),,1971,3181.0298
Africa (EI),,1972,3194.1733
Africa (EI),,1973,3346.9214
Africa (EI),,1974,3085.5674
Africa (EI),,1975,2831.0925
Africa (EI),,1976,3377.11
Africa (EI),,1977,3541.0354
Africa (EI),,1978,3456.5452
Africa (EI),,1979,3800.2239
Africa (EI),,1980,3492.487
Africa (EI),,1981,2773.1401
Africa (EI),,1982,2666.0615
Africa (EI),,1983,2702.3513
Africa (EI),,1984,2885.7793
Africa (EI),,1985,3000.331
Africa (EI),,1986,2991.7114
Africa (EI),,1987,2997.6375
Africa (EI),,1988,3124.9639
Africa (EI),,1989,3449.0317
Africa (EI),,1990,3696.372
Africa (EI),,1991,3834.5972
Africa (EI),,1992,3907.2974
Africa (EI),,1993,3856.3594
Africa (EI),,1994,3848.5923
Africa (EI),,1995,3910.9531
Africa (EI),,1996,4037.5745
Africa (EI),,1997,4131.454
Africa (EI),,1998,4145.346
Africa (EI),,1999,4028.149
Africa (EI),,2000,4319.322
Africa (EI),,2001,4275.9756
Africa (EI),,2002,4304.742
Africa (EI),,2003,4681.981
Africa (EI),,2004,5210.7056
Africa (EI),,2005,5401.9175
Africa (EI),,2006,5488.3853
Africa (EI),,2007,5605.5054
Africa (EI),,2008,5664.0703
Africa (EI),,2009,5446.1265
Africa (EI),,2010,5628.514
Africa (EI),,2011,4715.9775
Africa (EI),,2012,5110.917
Africa (EI),,2013,4747.6934
Africa (EI),,2014,4531.725
Africa (EI),,2015,4481.6978
Africa (EI),,2016,4230.382
Africa (EI),,2017,4464.1685
Africa (EI),,2018,4548.0557
Africa (EI),,2019,4599.61
Africa (EI),,2020,3882.5833
Africa (EI),,2021,4038.8652
Africa (EI),,2022,3862.4673
Africa (EI),,2023,3991.0828
Africa (EI),,2024,4015.6895
Africa (EI),,2025,4172.367
Albania,ALB,1900,0
Albania,ALB,1901,0
Albania,ALB,1902,0
Albania,ALB,1903,0
Albania,ALB,1904,0
Albania,ALB,1905,0
Albania,ALB,1906,0
Albania,ALB,1907,0
Albania,ALB,1908,0
Albania,ALB,1909,0
Albania,ALB,1910,0
Albania,ALB,1911,0
Albania,ALB,1912,0
Albania,ALB,1913,0
Albania,ALB,1914,0
Albania,ALB,1915,0
Albania,ALB,1916,0
Albania,ALB,1917,0
Albania,ALB,1918,0
Albania,ALB,1919,0
Albania,ALB,1920,0
Albania,ALB,1921,0
Albania,ALB,1922,0
Albania,ALB,1923,0
Albania,ALB,1924,0
Albania,ALB,1925,0
Albania,ALB,1926,0
Albania,ALB,1927,0
Albania,ALB,1928,0
Albania,ALB,1929,0
Albania,ALB,1930,0
Albania,ALB,1931,0
Albania,ALB,1932,0
Albania,ALB,1933,0.023260001
Albania,ALB,1934,0.023260001
Albania,ALB,1935,0.06978
Albania,ALB,1936,0.47683
Albania,ALB,1937,1.09322
Albania,ALB,1938,1.32582
Albania,ALB,1939,1.63983
Albania,ALB,1940,2.62838
Albania,ALB,1941,2.34926
Albania,ALB,1942,2.81446
Albania,ALB,1943,1.7561299
Albania,ALB,1944,0.5815
Albania,ALB,1945,0.46519998
Albania,ALB,1946,1.7561299
Albania,ALB,1947,3.5122597
Albania,ALB,1948,2.6400099
Albania,ALB,1949,3.84953
Albania,ALB,1950,1.53516
Albania,ALB,1951,1.41886
Albania,ALB,1952,1.7328701
Albania,ALB,1953,1.7445
Albania,ALB,1954,2.03525
Albania,ALB,1955,2.41904
Albania,ALB,1956,3.09358
Albania,ALB,1957,5.6987
Albania,ALB,1958,4.68689
Albania,ALB,1959,5.57077
Albania,ALB,1960,8.4666395
Albania,ALB,1961,8.96673
Albania,ALB,1962,9.12955
Albania,ALB,1963,8.73413
Albania,ALB,1964,8.88532
Albania,ALB,1965,9.55986
Albania,ALB,1966,10.30418
Albania,ALB,1967,11.44392
Albania,ALB,1968,13.188419
Albania,ALB,1969,15.200411
Albania,ALB,1970,17.29381
Albania,ALB,1971,19.27091
Albania,ALB,1972,25.004501
Albania,ALB,1973,24.504412
Albania,ALB,1974,20.5851
Albania,ALB,1975,21.166601
Albania,ALB,1976,22.097
Albania,ALB,1977,22.678501
Albania,ALB,1978,24.422998
Albania,ALB,1979,24.422998
Albania,ALB,1980,0
Albania,ALB,1981,0
Albania,ALB,1982,0
Albania,ALB,1983,0
Albania,ALB,1984,36.52028
Albania,ALB,1985,33.721825
Albania,ALB,1986,30.349642
Albania,ALB,1987,26.977734
Albania,ALB,1988,20.288658
Albania,ALB,1989,20.233225
Albania,ALB,1990,13.488816
Albania,ALB,1991,11.119959
Albania,ALB,1992,8.115463
Albania,ALB,1993,7.4188495
Albania,ALB,1994,6.744408
Albania,ALB,1995,6.0699677
Albania,ALB,1996,6.0865974
Albania,ALB,1997,4.822516
Albania,ALB,1998,5.051488
Albania,ALB,1999,4.3570433
Albania,ALB,2000,3.865666
Albania,ALB,2001,3.7930553
Albania,ALB,2002,4.7925763
Albania,ALB,2003,4.046645
Albania,ALB,2004,4.73402
Albania,ALB,2005,4.721086
Albania,ALB,2006,6.0699677
Albania,ALB,2007,6.744408
Albania,ALB,2008,6.762886
Albania,ALB,2009,6.744408
Albania,ALB,2010,8.767732
Albania,ALB,2011,10.791053
Albania,ALB,2012,12.173195
Albania,ALB,2013,14.163258
Albania,ALB,2014,16.18658
Albania,ALB,2015,15.512139
Albania,ALB,2016,12.849484
Albania,ALB,2017,11.465495
Albania,ALB,2018,10.791053
Albania,ALB,2019,12.1399355
Albania,ALB,2020,11.673708
Albania,ALB,2021,10.853919
Albania,ALB,2022,10.11878
Albania,ALB,2023,9.433256
Albania,ALB,2024,8.819114
Algeria,DZA,1900,0
Algeria,DZA,1901,0
Algeria,DZA,1902,0
Algeria,DZA,1903,0
Algeria,DZA,1904,0
Algeria,DZA,1905,0
Algeria,DZA,1906,0
Algeria,DZA,1907,0
Algeria,DZA,1908,0
Algeria,DZA,1909,0
Algeria,DZA,1910,0
Algeria,DZA,1911,0
Algeria,DZA,1912,0
Algeria,DZA,1913,0
Algeria,DZA,1914,0
Algeria,DZA,1915,0
Algeria,DZA,1916,0.011630001
Algeria,DZA,1917,0.011630001
Algeria,DZA,1918,0.011630001
Algeria,DZA,1919,0.011630001
Algeria,DZA,1920,0.011630001
Algeria,DZA,1921,0
Algeria,DZA,1922,0.011630001
Algeria,DZA,1923,0.011630001
Algeria,DZA,1924,0.023260001
Algeria,DZA,1925,0.023260001
Algeria,DZA,1926,0.011630001
Algeria,DZA,1927,0.011630001
Algeria,DZA,1928,0.011630001
Algeria,DZA,1929,0.03489
Algeria,DZA,1930,0.023260001
Algeria,DZA,1931,0.011630001
Algeria,DZA,1932,0.011630001
Algeria,DZA,1933,0.011630001
Algeria,DZA,1934,0
Algeria,DZA,1935,0
Algeria,DZA,1936,0
Algeria,DZA,1937,0
Algeria,DZA,1938,0
Algeria,DZA,1939,0
Algeria,DZA,1940,0
Algeria,DZA,1941,0
Algeria,DZA,1942,0
Algeria,DZA,1943,0
Algeria,DZA,1944,0.011630001
Algeria,DZA,1945,0
Algeria,DZA,1946,0
Algeria,DZA,1947,0
Algeria,DZA,1948,0
Algeria,DZA,1949,0
Algeria,DZA,1950,0.03489
Algeria,DZA,1951,0.081410006
Algeria,DZA,1952,0.53498
Algeria,DZA,1953,0.98855
Algeria,DZA,1954,0.84898996
Algeria,DZA,1955,0.63965
Algeria,DZA,1956,0.39542
Algeria,DZA,1957,0.24423
Algeria,DZA,1958,4.9892697
Algeria,DZA,1959,14.32816
Algeria,DZA,1960,100.39016
Algeria,DZA,1961,182.09091
Algeria,DZA,1962,238.49641
Algeria,DZA,1963,274.8983
Algeria,DZA,1964,308.06708
Algeria,DZA,1965,304.0002
Algeria,DZA,1966,391.262
Algeria,DZA,1967,449.44415
Algeria,DZA,1968,493.38818
Algeria,DZA,1969,516.78827
Algeria,DZA,1970,561.8859
Algeria,DZA,1971,427.9568
Algeria,DZA,1972,578.319
Algeria,DZA,1973,601.25507
Algeria,DZA,1974,556.3107
Algeria,DZA,1975,544.32935
Algeria,DZA,1976,607.42487
Algeria,DZA,1977,648.445
Algeria,DZA,1978,662.15814
Algeria,DZA,1979,675.54517
Algeria,DZA,1980,599.4387
Algeria,DZA,1981,534.1274
Algeria,DZA,1982,531.3829
Algeria,DZA,1983,522.8083
Algeria,DZA,1984,567.38074
Algeria,DZA,1985,547.31964
Algeria,DZA,1986,563.81366
Algeria,DZA,1987,583.7999
Algeria,DZA,1988,611.4504
Algeria,DZA,1989,633.65845
Algeria,DZA,1990,678.6744
Algeria,DZA,1991,682.6081
Algeria,DZA,1992,657.1114
Algeria,DZA,1993,655.03894
Algeria,DZA,1994,652.1087
Algeria,DZA,1995,649.08484
Algeria,DZA,1996,686.3133
Algeria,DZA,1997,716.0245
Algeria,DZA,1998,713.91675
Algeria,DZA,1999,680.686
Algeria,DZA,2000,776.73285
Algeria,DZA,2001,764.68414
Algeria,DZA,2002,824.4972
Algeria,DZA,2003,918.8281
Algeria,DZA,2004,971.6982
Algeria,DZA,2005,1005.2701
Algeria,DZA,2006,1002.5293
Algeria,DZA,2007,1005.7857
Algeria,DZA,2008,985.7705
Algeria,DZA,2009,898.23145
Algeria,DZA,2010,858.0033
Algeria,DZA,2011,833.58026
Algeria,DZA,2012,781.67554
Algeria,DZA,2013,753.43787
Algeria,DZA,2014,799.80676
Algeria,DZA,2015,781.8267
Algeria,DZA,2016,795.6897
Algeria,DZA,2017,775.1163
Algeria,DZA,2018,759.81116
Algeria,DZA,2019,748.1579
Algeria,DZA,2020,670.1788
Algeria,DZA,2021,676.866
Algeria,DZA,2022,721.8276
Algeria,DZA,2023,732.75977
Algeria,DZA,2024,739.15625
Algeria,DZA,2025,760.7269
American Samoa,ASM,1980,0
American Samoa,ASM,1981,0
American Samoa,ASM,1982,0
American Samoa,ASM,1983,0
American Samoa,ASM,1984,0
American Samoa,ASM,1985,0
American Samoa,ASM,1986,0
American Samoa,ASM,1987,0
American Samoa,ASM,1988,0
American Samoa,ASM,1989,0
American Samoa,ASM,1990,0
American Samoa,ASM,1991,0
American Samoa,ASM,1992,0
American Samoa,ASM,1993,0
American Samoa,ASM,1994,0
American Samoa,ASM,1995,0
American Samoa,ASM,1996,0
American Samoa,ASM,1997,0
American Samoa,ASM,1998,0
American Samoa,ASM,1999,0
American Samoa,ASM,2000,0
American Samoa,ASM,2001,0
American Samoa,ASM,2002,0
American Samoa,ASM,2003,0
American Samoa,ASM,2004,0
American Samoa,ASM,2005,0
American Samoa,ASM,2006,0
American Samoa,ASM,2007,0
American Samoa,ASM,2008,0
American Samoa,ASM,2009,0
American Samoa,ASM,2010,0
American Samoa,ASM,2011,0
American Samoa,ASM,2012,0
American Samoa,ASM,2013,0
American Samoa,ASM,2014,0
American Samoa,ASM,2015,0
American Samoa,ASM,2016,0
American Samoa,ASM,2017,0
American Samoa,ASM,2018,0
American Samoa,ASM,2019,0
American Samoa,ASM,2020,0
American Samoa,ASM,2021,0
American Samoa,ASM,2022,0
American Samoa,ASM,2023,0
American Samoa,ASM,2024,0
Angola,AGO,1900,0
Angola,AGO,1901,0
Angola,AGO,1902,0
Angola,AGO,1903,0
Angola,AGO,1904,0
Angola,AGO,1905,0
Angola,AGO,1906,0
Angola,AGO,1907,0
Angola,AGO,1908,0
Angola,AGO,1909,0
Angola,AGO,1910,0
Angola,AGO,1911,0
Angola,AGO,1912,0
Angola,AGO,1913,0
Angola,AGO,1914,0
Angola,AGO,1915,0
Angola,AGO,1916,0
Angola,AGO,1917,0
Angola,AGO,1918,0
Angola,AGO,1919,0
Angola,AGO,1920,0
Angola,AGO,1921,0
Angola,AGO,1922,0
Angola,AGO,1923,0
Angola,AGO,1924,0
Angola,AGO,1925,0
Angola,AGO,1926,0
Angola,AGO,1927,0
Angola,AGO,1928,0
Angola,AGO,1929,0
Angola,AGO,1930,0
Angola,AGO,1931,0
Angola,AGO,1932,0
Angola,AGO,1933,0
Angola,AGO,1934,0
Angola,AGO,1935,0
Angola,AGO,1936,0
Angola,AGO,1937,0
Angola,AGO,1938,0
Angola,AGO,1939,0
Angola,AGO,1940,0
Angola,AGO,1941,0
Angola,AGO,1942,0
Angola,AGO,1943,0
Angola,AGO,1944,0
Angola,AGO,1945,0
Angola,AGO,1946,0
Angola,AGO,1947,0
Angola,AGO,1948,0
Angola,AGO,1949,0
Angola,AGO,1950,0
Angola,AGO,1951,0
Angola,AGO,1952,0
Angola,AGO,1953,0
Angola,AGO,1954,0
Angola,AGO,1955,0
Angola,AGO,1956,0.093040004
Angola,AGO,1957,0.116299994
Angola,AGO,1958,0.59313
Angola,AGO,1959,0.59313
Angola,AGO,1960,0.77921003
Angola,AGO,1961,1.20952
Angola,AGO,1962,5.47773
Angola,AGO,1963,9.304
Angola,AGO,1964,10.525149
Angola,AGO,1965,7.6176496
Angola,AGO,1966,7.3385296
Angola,AGO,1967,6.24531
Angola,AGO,1968,8.7225
Angola,AGO,1969,28.58654
Angola,AGO,1970,58.905952
Angola,AGO,1971,66.53523
Angola,AGO,1972,82.072914
Angola,AGO,1973,95.07525
Angola,AGO,1974,99.33183
Angola,AGO,1975,90.60933
Angola,AGO,1976,87.96932
Angola,AGO,1977,82.13106
Angola,AGO,1978,75.23447
Angola,AGO,1979,83.736
Angola,AGO,1980,86.38764
Angola,AGO,1981,83.24754
Angola,AGO,1982,74.5483
Angola,AGO,1983,102.2277
Angola,AGO,1984,117.16062
Angola,AGO,1985,133.18675
Angola,AGO,1986,161.95938
Angola,AGO,1987,203.59479
Angola,AGO,1988,259.5816
Angola,AGO,1989,263.32648
Angola,AGO,1990,271.9094
Angola,AGO,1991,285.0978
Angola,AGO,1992,315.7894
Angola,AGO,1993,288.54028
Angola,AGO,1994,318.94113
Angola,AGO,1995,362.542
Angola,AGO,1996,411.2833
Angola,AGO,1997,424.495
Angola,AGO,1998,418.68
Angola,AGO,1999,426.821
Angola,AGO,2000,428.5655
Angola,AGO,2001,425.07648
Angola,AGO,2002,518.698
Angola,AGO,2003,498.14465
Angola,AGO,2004,634.8
Angola,AGO,2005,726.11163
Angola,AGO,2006,798.73517
Angola,AGO,2007,944.1738
Angola,AGO,2008,1073.3398
Angola,AGO,2009,1000.6081
Angola,AGO,2010,1034.2383
Angola,AGO,2011,954.0293
Angola,AGO,2012,991.99084
Angola,AGO,2013,990.9448
Angola,AGO,2014,968.5163
Angola,AGO,2015,1025.3317
Angola,AGO,2016,997.48224
Angola,AGO,2017,949.0655
Angola,AGO,2018,861.41077
Angola,AGO,2019,802.00006
Angola,AGO,2020,748.5814
Angola,AGO,2021,666.19714
Angola,AGO,2022,671.45935
Angola,AGO,2023,652.18713
Angola,AGO,2024,669.6342
Angola,AGO,2025,616.5964
Antarctica,ATA,1980,0
Antarctica,ATA,1981,0
Antarctica,ATA,1982,0
Antarctica,ATA,1983,0
Antarctica,ATA,1984,0
Antarctica,ATA,1985,0
Antarctica,ATA,1986,0
Antarctica,ATA,1987,0
Antarctica,ATA,1988,0
Antarctica,ATA,1989,0
Antarctica,ATA,1990,0
Antarctica,ATA,1991,0
Antarctica,ATA,1992,0
Antarctica,ATA,1993,0
Antarctica,ATA,1994,0
Antarctica,ATA,1995,0
Antarctica,ATA,1996,0
Antarctica,ATA,1997,0
Antarctica,ATA,1998,0
Antarctica,ATA,1999,0
Antarctica,ATA,2000,0
Antarctica,ATA,2001,0
Antarctica,ATA,2002,0
Antarctica,ATA,2003,0
Antarctica,ATA,2004,0
Antarctica,ATA,2005,0
Antarctica,ATA,2006,0
Antarctica,ATA,2007,0
Antarctica,ATA,2008,0
Antarctica,ATA,2009,0
Antarctica,ATA,2010,0
Antarctica,ATA,2011,0
Antarctica,ATA,2012,0
Antarctica,ATA,2013,0
Antarctica,ATA,2014,0
Antarctica,ATA,2015,0
Antarctica,ATA,2016,0
Antarctica,ATA,2017,0
Antarctica,ATA,2018,0
Antarctica,ATA,2019,0
Antarctica,ATA,2020,0
Antarctica,ATA,2021,0
Antarctica,ATA,2022,0
Antarctica,ATA,2023,0
Antarctica,ATA,2024,0
Antigua and Barbuda,ATG,1980,0
Antigua and Barbuda,ATG,1981,0
Antigua and Barbuda,ATG,1982,0
Antigua and Barbuda,ATG,1983,0
Antigua and Barbuda,ATG,1984,0
Antigua and Barbuda,ATG,1985,0
Antigua and Barbuda,ATG,1986,0
Antigua and Barbuda,ATG,1987,0
Antigua and Barbuda,ATG,1988,0
Antigua and Barbuda,ATG,1989,0
Antigua and Barbuda,ATG,1990,0
Antigua and Barbuda,ATG,1991,0
Antigua and Barbuda,ATG,1992,0
Antigua and Barbuda,ATG,1993,0
Antigua and Barbuda,ATG,1994,0
Antigua and Barbuda,ATG,1995,0
Antigua and Barbuda,ATG,1996,0
Antigua and Barbuda,ATG,1997,0
Antigua and Barbuda,ATG,1998,0
Antigua and Barbuda,ATG,1999,0
Antigua and Barbuda,ATG,2000,0
Antigua and Barbuda,ATG,2001,0
Antigua and Barbuda,ATG,2002,0
Antigua and Barbuda,ATG,2003,0
Antigua and Barbuda,ATG,2004,0
Antigua and Barbuda,ATG,2005,0
Antigua and Barbuda,ATG,2006,0
Antigua and Barbuda,ATG,2007,0
Antigua and Barbuda,ATG,2008,0
Antigua and Barbuda,ATG,2009,0
Antigua and Barbuda,ATG,2010,0
Antigua and Barbuda,ATG,2011,0
Antigua and Barbuda,ATG,2012,0
Antigua and Barbuda,ATG,2013,0
Antigua and Barbuda,ATG,2014,0
Antigua and Barbuda,ATG,2015,0
Antigua and Barbuda,ATG,2016,0
Antigua and Barbuda,ATG,2017,0
Antigua and Barbuda,ATG,2018,0
Antigua and Barbuda,ATG,2019,0
Antigua and Barbuda,ATG,2020,0
Antigua and Barbuda,ATG,2021,0
Antigua and Barbuda,ATG,2022,0
Antigua and Barbuda,ATG,2023,0
Antigua and Barbuda,ATG,2024,0
Argentina,ARG,1900,0
Argentina,ARG,1901,0
Argentina,ARG,1902,0
Argentina,ARG,1903,0
Argentina,ARG,1904,0
Argentina,ARG,1905,0
Argentina,ARG,1906,0
Argentina,ARG,1907,0
Argentina,ARG,1908,0.023260001
Argentina,ARG,1909,0.03489
Argentina,ARG,1910,0.03489
Argentina,ARG,1911,0.023260001
Argentina,ARG,1912,0.081410006
Argentina,ARG,1913,0.22096999
Argentina,ARG,1914,0.46519998
Argentina,ARG,1915,0.86062
Argentina,ARG,1916,1.4653801
Argentina,ARG,1917,2.05851
Argentina,ARG,1918,2.27948
Argentina,ARG,1919,2.24459
Argentina,ARG,1920,2.7795699
Argentina,ARG,1921,3.5122597
Argentina,ARG,1922,5.1055703
Argentina,ARG,1923,5.78011
Argentina,ARG,1924,7.87351
Argentina,ARG,1925,10.31581
Argentina,ARG,1926,13.32798
Argentina,ARG,1927,14.61891
Argentina,ARG,1928,15.32834
Argentina,ARG,1929,15.84006
Argentina,ARG,1930,15.17715
Argentina,ARG,1931,19.212759
Argentina,ARG,1932,21.80625
Argentina,ARG,1933,22.69013
Argentina,ARG,1934,23.23674
Argentina,ARG,1935,23.69031
Argentina,ARG,1936,25.72556
Argentina,ARG,1937,27.2142
Argentina,ARG,1938,28.42372
Argentina,ARG,1939,30.970692
Argentina,ARG,1940,34.28524
Argentina,ARG,1941,36.634502
Argentina,ARG,1942,39.44896
Argentina,ARG,1943,41.32139
Argentina,ARG,1944,40.32121
Argentina,ARG,1945,38.07662
Argentina,ARG,1946,34.61088
Argentina,ARG,1947,36.35538
Argentina,ARG,1948,38.64649
Argentina,ARG,1949,37.58816
Argentina,ARG,1950,39.041912
Argentina,ARG,1951,40.71663
Argentina,ARG,1952,41.30976
Argentina,ARG,1953,47.450397
Argentina,ARG,1954,49.18327
Argentina,ARG,1955,50.764946
Argentina,ARG,1956,51.602306
Argentina,ARG,1957,56.49854
Argentina,ARG,1958,59.33626
Argentina,ARG,1959,74.17614
Argentina,ARG,1960,106.27493
Argentina,ARG,1961,136.67575
Argentina,ARG,1962,159.50545
Argentina,ARG,1963,157.77258
Argentina,ARG,1964,162.86652
Argentina,ARG,1965,160.08415
Argentina,ARG,1966,170.30933
Argentina,ARG,1967,185.64127
Argentina,ARG,1968,203.38063
Argentina,ARG,1969,210.5816
Argentina,ARG,1970,232.60602
Argentina,ARG,1971,250.86913
Argentina,ARG,1972,258.39575
Argentina,ARG,1973,251.22162
Argentina,ARG,1974,245.91354
Argentina,ARG,1975,235.63022
Argentina,ARG,1976,237.41643
Argentina,ARG,1977,256.58066
Argentina,ARG,1978,269.9307
Argentina,ARG,1979,282.35434
Argentina,ARG,1980,293.85562
Argentina,ARG,1981,299.3141
Argentina,ARG,1982,297.39435
Argentina,ARG,1983,298.51083
Argentina,ARG,1984,292.39865
Argentina,ARG,1985,280.96475
Argentina,ARG,1986,265.96246
Argentina,ARG,1987,262.51917
Argentina,ARG,1988,275.8608
Argentina,ARG,1989,281.7945
Argentina,ARG,1990,295.8271
Argentina,ARG,1991,301.00766
Argentina,ARG,1992,337.74042
Argentina,ARG,1993,361.31882
Argentina,ARG,1994,401.36295
Argentina,ARG,1995,435.6241
Argentina,ARG,1996,474.6901
Argentina,ARG,1997,504.57437
Argentina,ARG,1998,512.04645
Argentina,ARG,1999,484.84152
Argentina,ARG,2000,480.87112
Argentina,ARG,2001,510.89627
Argentina,ARG,2002,503.27725
Argentina,ARG,2003,501.18347
Argentina,ARG,2004,477.1305
Argentina,ARG,2005,457.86237
Argentina,ARG,2006,458.60773
Argentina,ARG,2007,444.4343
Argentina,ARG,2008,439.66977
Argentina,ARG,2009,395.9278
Argentina,ARG,2010,387.02927
Argentina,ARG,2011,362.68546
Argentina,ARG,2012,358.6779
Argentina,ARG,2013,351.06256
Argentina,ARG,2014,346.41473
Argentina,ARG,2015,349.43137
Argentina,ARG,2016,333.0377
Argentina,ARG,2017,317.0157
Argentina,ARG,2018,320.5191
Argentina,ARG,2019,393.4316
Argentina,ARG,2020,392.29428
Argentina,ARG,2021,437.04614
Argentina,ARG,2022,527.52936
Argentina,ARG,2023,595.3271
Argentina,ARG,2024,682.9139
Argentina,ARG,2025,801.4902
Armenia,ARM,1992,0
Armenia,ARM,1993,0
Armenia,ARM,1994,0
Armenia,ARM,1995,0
Armenia,ARM,1996,0
Armenia,ARM,1997,0
Armenia,ARM,1998,0
Armenia,ARM,1999,0
Armenia,ARM,2000,0
Armenia,ARM,2001,0
Armenia,ARM,2002,0
Armenia,ARM,2003,0
Armenia,ARM,2004,0
Armenia,ARM,2005,0
Armenia,ARM,2006,0
Armenia,ARM,2007,0
Armenia,ARM,2008,0
Armenia,ARM,2009,0
Armenia,ARM,2010,0
Armenia,ARM,2011,0
Armenia,ARM,2012,0
Armenia,ARM,2013,0
Armenia,ARM,2014,0
Armenia,ARM,2015,0
Armenia,ARM,2016,0
Armenia,ARM,2017,0
Armenia,ARM,2018,0
Armenia,ARM,2019,0
Armenia,ARM,2020,0
Armenia,ARM,2021,0
Armenia,ARM,2022,0
Armenia,ARM,2023,0
Armenia,ARM,2024,0
Aruba,ABW,1986,0
Aruba,ABW,1987,0
Aruba,ABW,1988,0
Aruba,ABW,1989,0
Aruba,ABW,1990,0
Aruba,ABW,1991,0
Aruba,ABW,1992,0
Aruba,ABW,1993,0
Aruba,ABW,1994,0
Aruba,ABW,1995,0
Aruba,ABW,1996,0
Aruba,ABW,1997,0
Aruba,ABW,1998,0
Aruba,ABW,1999,0
Aruba,ABW,2000,0
Aruba,ABW,2001,0
Aruba,ABW,2002,0
Aruba,ABW,2003,0
Aruba,ABW,2004,0
Aruba,ABW,2005,0
Aruba,ABW,2006,0
Aruba,ABW,2007,0
Aruba,ABW,2008,0
Aruba,ABW,2009,0
Aruba,ABW,2010,0
Aruba,ABW,2011,0
Aruba,ABW,2012,0
Aruba,ABW,2013,0
Aruba,ABW,2014,0
Aruba,ABW,2015,0
Aruba,ABW,2016,0
Aruba,ABW,2017,0
Aruba,ABW,2018,0
Aruba,ABW,2019,0
Aruba,ABW,2020,0
Aruba,ABW,2021,0
Aruba,ABW,2022,0
Aruba,ABW,2023,0
Aruba,ABW,2024,0
Asia,OWID_ASI,1965,5387.5947
Asia,OWID_ASI,1966,6009.961
Asia,OWID_ASI,1967,6417.0938
Asia,OWID_ASI,1968,7239.6665
Asia,OWID_ASI,1969,8000.2954
Asia,OWID_ASI,1970,9110.328
Asia,OWID_ASI,1971,10643.599
Asia,OWID_ASI,1972,11943.729
Asia,OWID_ASI,1973,14014.748
Asia,OWID_ASI,1974,14524.374
Asia,OWID_ASI,1975,13329.333
Asia,OWID_ASI,1976,15197.327
Asia,OWID_ASI,1977,15469.906
Asia,OWID_ASI,1978,14973.696
Asia,OWID_ASI,1979,15331.503
Asia,OWID_ASI,1980,13456.259
Asia,OWID_ASI,1981,11841.785
Asia,OWID_ASI,1982,10184.702
Asia,OWID_ASI,1983,9447.745
Asia,OWID_ASI,1984,9336.171
Asia,OWID_ASI,1985,9541.106
Asia,OWID_ASI,1986,11060.38
Asia,OWID_ASI,1987,11054.437
Asia,OWID_ASI,1988,12359.029
Asia,OWID_ASI,1989,13087.647
Asia,OWID_ASI,1990,13749.835
Asia,OWID_ASI,1991,13714.863
Asia,OWID_ASI,1992,14737.893
Asia,OWID_ASI,1993,15144.8
Asia,OWID_ASI,1994,15453.292
Asia,OWID_ASI,1995,15635.969
Asia,OWID_ASI,1996,16008.615
Asia,OWID_ASI,1997,16434.533
Asia,OWID_ASI,1998,17334.137
Asia,OWID_ASI,1999,16916.264
Asia,OWID_ASI,2000,17903.486
Asia,OWID_ASI,2001,17702.648
Asia,OWID_ASI,2002,16786.79
Asia,OWID_ASI,2003,17903.973
Asia,OWID_ASI,2004,19027.342
Asia,OWID_ASI,2005,19546.465
Asia,OWID_ASI,2006,19877.346
Asia,OWID_ASI,2007,19800.773
Asia,OWID_ASI,2008,20569.35
Asia,OWID_ASI,2009,19620.28
Asia,OWID_ASI,2010,20182.719
Asia,OWID_ASI,2011,21355.156
Asia,OWID_ASI,2012,21646.46
Asia,OWID_ASI,2013,21414.746
Asia,OWID_ASI,2014,21527.787
Asia,OWID_ASI,2015,22429.463
Asia,OWID_ASI,2016,23266.785
Asia,OWID_ASI,2017,22918.05
Asia,OWID_ASI,2018,23042.67
Asia,OWID_ASI,2019,22121.889
Asia,OWID_ASI,2020,20610.055
Asia,OWID_ASI,2021,20743.223
Asia,OWID_ASI,2022,22165.182
Asia,OWID_ASI,2023,21861.955
Asia,OWID_ASI,2024,21730.572
Asia,OWID_ASI,2025,22438.277
Asia Pacific (EI),,1965,522.24554
Asia Pacific (EI),,1966,581.64026
Asia Pacific (EI),,1967,616.6964
Asia Pacific (EI),,1968,721.63995
Asia Pacific (EI),,1969,830.6773
Asia Pacific (EI),,1970,1148.6549
Asia Pacific (EI),,1971,1379.3431
Asia Pacific (EI),,1972,1624.5076
Asia Pacific (EI),,1973,1939.5765
Asia Pacific (EI),,1974,2067.8262
Asia Pacific (EI),,1975,2198.2175
Asia Pacific (EI),,1976,2508.1074
Asia Pacific (EI),,1977,2738.5405
Asia Pacific (EI),,1978,2862.0737
Asia Pacific (EI),,1979,2935.8198
Asia Pacific (EI),,1980,2847.7197
Asia Pacific (EI),,1981,2814.622
Asia Pacific (EI),,1982,2756.8235
Asia Pacific (EI),,1983,2960.2754
Asia Pacific (EI),,1984,3255.4893
Asia Pacific (EI),,1985,3365.3345
Asia Pacific (EI),,1986,3488.1985
Asia Pacific (EI),,1987,3519.8416
Asia Pacific (EI),,1988,3557.6663
Asia Pacific (EI),,1989,3661.528
Asia Pacific (EI),,1990,3791.2954
Asia Pacific (EI),,1991,3898.6807
Asia Pacific (EI),,1992,3892.5122
Asia Pacific (EI),,1993,3916.5498
Asia Pacific (EI),,1994,4025.685
Asia Pacific (EI),,1995,4096.689
Asia Pacific (EI),,1996,4232.756
Asia Pacific (EI),,1997,4273.505
Asia Pacific (EI),,1998,4254.9185
Asia Pacific (EI),,1999,4213.6743
Asia Pacific (EI),,2000,4436.488
Asia Pacific (EI),,2001,4393.0024
Asia Pacific (EI),,2002,4405.33
Asia Pacific (EI),,2003,4360.241
Asia Pacific (EI),,2004,4407.143
Asia Pacific (EI),,2005,4451.6226
Asia Pacific (EI),,2006,4424.1045
Asia Pacific (EI),,2007,4441.6323
Asia Pacific (EI),,2008,4523.157
Asia Pacific (EI),,2009,4490.0312
Asia Pacific (EI),,2010,4690.432
Asia Pacific (EI),,2011,4600.173
Asia Pacific (EI),,2012,4658.046
Asia Pacific (EI),,2013,4574.9966
Asia Pacific (EI),,2014,4586.6255
Asia Pacific (EI),,2015,4652.512
Asia Pacific (EI),,2016,4468.7656
Asia Pacific (EI),,2017,4293.1973
Asia Pacific (EI),,2018,4201.2227
Asia Pacific (EI),,2019,4211.9326
Asia Pacific (EI),,2020,4113.5923
Asia Pacific (EI),,2021,4054.1387
Asia Pacific (EI),,2022,4010.5403
Asia Pacific (EI),,2023,4011.4187
Asia Pacific (EI),,2024,4036.9187
Asia Pacific (EI),,2025,4063.3174
Australia,AUS,1900,0
Australia,AUS,1901,0
Australia,AUS,1902,0
Australia,AUS,1903,0
Australia,AUS,1904,0
Australia,AUS,1905,0
Australia,AUS,1906,0
Australia,AUS,1907,0
Australia,AUS,1908,0
Australia,AUS,1909,0
Australia,AUS,1910,0
Australia,AUS,1911,0
Australia,AUS,1912,0
Australia,AUS,1913,0
Australia,AUS,1914,0
Australia,AUS,1915,0
Australia,AUS,1916,0
Australia,AUS,1917,0
Australia,AUS,1918,0
Australia,AUS,1919,0
Australia,AUS,1920,0
Australia,AUS,1921,0
Australia,AUS,1922,0
Australia,AUS,1923,0
Australia,AUS,1924,0
Australia,AUS,1925,0
Australia,AUS,1926,0
Australia,AUS,1927,0
Australia,AUS,1928,0
Australia,AUS,1929,0
Australia,AUS,1930,0
Australia,AUS,1931,0
Australia,AUS,1932,0
Australia,AUS,1933,0
Australia,AUS,1934,0
Australia,AUS,1935,0
Australia,AUS,1936,0
Australia,AUS,1937,0
Australia,AUS,1938,0
Australia,AUS,1939,0
Australia,AUS,1940,0
Australia,AUS,1941,0
Australia,AUS,1942,0
Australia,AUS,1943,0
Australia,AUS,1944,0
Australia,AUS,1945,0
Australia,AUS,1946,0
Australia,AUS,1947,0
Australia,AUS,1948,0
Australia,AUS,1949,0
Australia,AUS,1950,0
Australia,AUS,1951,0
Australia,AUS,1952,0
Australia,AUS,1953,0
Australia,AUS,1954,0
Australia,AUS,1955,0
Australia,AUS,1956,0
Australia,AUS,1957,0
Australia,AUS,1958,0
Australia,AUS,1959,0
Australia,AUS,1960,0
Australia,AUS,1961,0
Australia,AUS,1962,0
Australia,AUS,1963,0
Australia,AUS,1964,2.2096999
Australia,AUS,1965,4.0263753
Australia,AUS,1966,5.1767683
Australia,AUS,1967,12.079125
Australia,AUS,1968,22.494122
Australia,AUS,1969,25.883842
Australia,AUS,1970,101.23458
Australia,AUS,1971,177.42035
Australia,AUS,1972,189.33647
Australia,AUS,1973,237.18723
Australia,AUS,1974,234.67719
Australia,AUS,1975,251.46202
Australia,AUS,1976,257.49902
Australia,AUS,1977,272.4299
Australia,AUS,1978,269.70963
Australia,AUS,1979,270.70334
Australia,AUS,1980,253.9847
Australia,AUS,1981,247.38208
Australia,AUS,1982,243.93091
Australia,AUS,1983,237.44705
Australia,AUS,1984,307.9994
Australia,AUS,1985,356.84106
Australia,AUS,1986,318.80838
Australia,AUS,1987,338.87204
Australia,AUS,1988,321.6083
Australia,AUS,1989,303.33276
Australia,AUS,1990,352.09924
Australia,AUS,1991,332.76974
Australia,AUS,1992,327.94684
Australia,AUS,1993,305.8865
Australia,AUS,1994,329.3391
Australia,AUS,1995,310.114
Australia,AUS,1996,326.40598
Australia,AUS,1997,346.43536
Australia,AUS,1998,328.0255
Australia,AUS,1999,319.49728
Australia,AUS,2000,431.37653
Australia,AUS,2001,399.1475
Australia,AUS,2002,396.66782
Australia,AUS,2003,343.3505
Australia,AUS,2004,299.8592
Australia,AUS,2005,294.55624
Australia,AUS,2006,268.95715
Australia,AUS,2007,286.4461
Australia,AUS,2008,285.7068
Australia,AUS,2009,280.429
Australia,AUS,2010,286.53317
Australia,AUS,2011,249.01212
Australia,AUS,2012,246.37003
Australia,AUS,2013,204.80865
Australia,AUS,2014,216.3719
Australia,AUS,2015,195.42085
Australia,AUS,2016,178.5461
Australia,AUS,2017,161.66643
Australia,AUS,2018,170.05481
Australia,AUS,2019,223.93333
Australia,AUS,2020,222.27069
Australia,AUS,2021,214.2501
Australia,AUS,2022,198.70668
Australia,AUS,2023,181.57283
Australia,AUS,2024,175.79169
Australia,AUS,2025,160.11562
Austria,AUT,1900,0
Austria,AUT,1901,0
Austria,AUT,1902,0.011630001
Austria,AUT,1903,0.011630001
Austria,AUT,1904,0.011630001
Austria,AUT,1905,0.011630001
Austria,AUT,1906,0.011630001
Austria,AUT,1907,0.011630001
Austria,AUT,1908,0.023260001
Austria,AUT,1909,0.023260001
Austria,AUT,1910,0.023260001
Austria,AUT,1911,0.011630001
Austria,AUT,1912,0.011630001
Austria,AUT,1913,0.011630001
Austria,AUT,1914,0.011630001
Austria,AUT,1915,0.011630001
Austria,AUT,1916,0
Austria,AUT,1917,0
Austria,AUT,1918,0
Austria,AUT,1919,0
Austria,AUT,1920,0
Austria,AUT,1921,0
Austria,AUT,1922,0
Austria,AUT,1923,0
Austria,AUT,1924,0
Austria,AUT,1925,0
Austria,AUT,1926,0
Austria,AUT,1927,0
Austria,AUT,1928,0
Austria,AUT,1929,0
Austria,AUT,1930,0
Austria,AUT,1931,0
Austria,AUT,1932,0
Austria,AUT,1933,0.011630001
Austria,AUT,1934,0.046520002
Austria,AUT,1935,0.081410006
Austria,AUT,1936,0.093040004
Austria,AUT,1937,0.38379
Austria,AUT,1938,0.66291
Austria,AUT,1939,1.6747199
Austria,AUT,1940,4.8031898
Austria,AUT,1941,7.5827603
Austria,AUT,1942,10.12973
Austria,AUT,1943,12.8395195
Austria,AUT,1944,14.107191
Austria,AUT,1945,5.1753497
Austria,AUT,1946,9.827351
Austria,AUT,1947,10.583301
Austria,AUT,1948,11.0485
Austria,AUT,1949,13.374499
Austria,AUT,1950,19.75937
Austria,AUT,1951,26.55129
Austria,AUT,1952,32.14532
Austria,AUT,1953,37.460228
Austria,AUT,1954,40.10024
Austria,AUT,1955,42.63558
Austria,AUT,1956,39.86764
Austria,AUT,1957,37.05318
Austria,AUT,1958,32.98268
Austria,AUT,1959,28.58654
Austria,AUT,1960,28.47024
Austria,AUT,1961,27.40028
Austria,AUT,1962,27.84222
Austria,AUT,1963,30.470598
Austria,AUT,1964,30.970692
Austria,AUT,1965,33.20365
Austria,AUT,1966,32.06391
Austria,AUT,1967,31.22655
Austria,AUT,1968,31.68012
Austria,AUT,1969,32.07554
Austria,AUT,1970,32.54074
Austria,AUT,1971,29.26108
Austria,AUT,1972,28.81914
Austria,AUT,1973,29.99377
Austria,AUT,1974,26.027939
Austria,AUT,1975,23.69031
Austria,AUT,1976,22.45753
Austria,AUT,1977,20.78281
Austria,AUT,1978,20.8177
Austria,AUT,1979,20.09664
Austria,AUT,1980,0
Austria,AUT,1981,0
Austria,AUT,1982,0
Austria,AUT,1983,0
Austria,AUT,1984,15.31
Austria,AUT,1985,14.4692745
Austria,AUT,1986,14.474365
Austria,AUT,1987,13.505294
Austria,AUT,1988,15.2059
Austria,AUT,1989,15.20177
Austria,AUT,1990,14.884559
Austria,AUT,1991,16.461754
Austria,AUT,1992,15.237346
Austria,AUT,1993,14.400079
Austria,AUT,1994,14.027786
Austria,AUT,1995,13.494934
Austria,AUT,1996,13.071133
Austria,AUT,1997,12.309247
Austria,AUT,1998,12.529799
Austria,AUT,1999,12.155744
Austria,AUT,2000,12.5088
Austria,AUT,2001,13.054618
Austria,AUT,2002,13.403361
Austria,AUT,2003,12.708289
Austria,AUT,2004,12.422794
Austria,AUT,2005,11.891386
Austria,AUT,2006,11.923605
Austria,AUT,2007,12.567464
Austria,AUT,2008,12.213981
Austria,AUT,2009,12.293773
Austria,AUT,2010,12.642716
Austria,AUT,2011,13.195808
Austria,AUT,2012,12.78835
Austria,AUT,2013,10.862427
Austria,AUT,2014,11.513495
Austria,AUT,2015,11.07945
Austria,AUT,2016,9.790736
Austria,AUT,2017,9.134302
Austria,AUT,2018,8.545067
Austria,AUT,2019,8.075203
Austria,AUT,2020,6.9862633
Austria,AUT,2021,6.981972
Austria,AUT,2022,6.4095645
Austria,AUT,2023,5.7907395
Austria,AUT,2024,5.747875
Azerbaijan,AZE,1985,153.8649
Azerbaijan,AZE,1986,151.7715
Azerbaijan,AZE,1987,161.7733
Azerbaijan,AZE,1988,159.7962
Azerbaijan,AZE,1989,153.0508
Azerbaijan,AZE,1990,145.375
Azerbaijan,AZE,1991,136.92813
Azerbaijan,AZE,1992,130.206
Azerbaijan,AZE,1993,119.22262
Azerbaijan,AZE,1994,111.21537
Azerbaijan,AZE,1995,106.550575
Azerbaijan,AZE,1996,105.837654
Azerbaijan,AZE,1997,104.98402
Azerbaijan,AZE,1998,133.15187
Azerbaijan,AZE,1999,161.08713
Azerbaijan,AZE,2000,163.62247
Azerbaijan,AZE,2001,174.20576
Azerbaijan,AZE,2002,178.33441
Azerbaijan,AZE,2003,178.84615
Azerbaijan,AZE,2004,179.78816
Azerbaijan,AZE,2005,258.35114
Azerbaijan,AZE,2006,375.2722
Azerbaijan,AZE,2007,496.10675
Azerbaijan,AZE,2008,518.3956
Azerbaijan,AZE,2009,587.0347
Azerbaijan,AZE,2010,591.9461
Azerbaijan,AZE,2011,531.3305
Azerbaijan,AZE,2012,505.04205
Azerbaijan,AZE,2013,505.99106
Azerbaijan,AZE,2014,490.1894
Azerbaijan,AZE,2015,484.68375
Azerbaijan,AZE,2016,477.72086
Azerbaijan,AZE,2017,450.31827
Azerbaijan,AZE,2018,451.1161
Azerbaijan,AZE,2019,436.85303
Azerbaijan,AZE,2020,402.75156
Azerbaijan,AZE,2021,402.6969
Azerbaijan,AZE,2022,380.20096
Azerbaijan,AZE,2023,351.90518
Azerbaijan,AZE,2024,339.2471
Azerbaijan,AZE,2025,323.18143
Bahamas,BHS,1980,0
Bahamas,BHS,1981,0
Bahamas,BHS,1982,0
Bahamas,BHS,1983,0
Bahamas,BHS,1984,0
Bahamas,BHS,1985,0
Bahamas,BHS,1986,0
Bahamas,BHS,1987,0
Bahamas,BHS,1988,0
Bahamas,BHS,1989,0
Bahamas,BHS,1990,0
Bahamas,BHS,1991,0
Bahamas,BHS,1992,0
Bahamas,BHS,1993,0
Bahamas,BHS,1994,0
Bahamas,BHS,1995,0
Bahamas,BHS,1996,0
Bahamas,BHS,1997,0
Bahamas,BHS,1998,0
Bahamas,BHS,1999,0
Bahamas,BHS,2000,0
Bahamas,BHS,2001,0
Bahamas,BHS,2002,0
Bahamas,BHS,2003,0
Bahamas,BHS,2004,0
Bahamas,BHS,2005,0
Bahamas,BHS,2006,0
Bahamas,BHS,2007,0
Bahamas,BHS,2008,0
Bahamas,BHS,2009,0
Bahamas,BHS,2010,0
Bahamas,BHS,2011,0
Bahamas,BHS,2012,0
Bahamas,BHS,2013,0
Bahamas,BHS,2014,0
Bahamas,BHS,2015,0
Bahamas,BHS,2016,0
Bahamas,BHS,2017,0
Bahamas,BHS,2018,0
Bahamas,BHS,2019,0
Bahamas,BHS,2020,0
Bahamas,BHS,2021,0
Bahamas,BHS,2022,0
Bahamas,BHS,2023,0
Bahamas,BHS,2024,0
Bahrain,BHR,1900,0
Bahrain,BHR,1901,0
Bahrain,BHR,1902,0
Bahrain,BHR,1903,0
Bahrain,BHR,1904,0
Bahrain,BHR,1905,0
Bahrain,BHR,1906,0
Bahrain,BHR,1907,0
Bahrain,BHR,1908,0
Bahrain,BHR,1909,0
Bahrain,BHR,1910,0
Bahrain,BHR,1911,0
Bahrain,BHR,1912,0
Bahrain,BHR,1913,0
Bahrain,BHR,1914,0
Bahrain,BHR,1915,0
Bahrain,BHR,1916,0
Bahrain,BHR,1917,0
Bahrain,BHR,1918,0
Bahrain,BHR,1919,0
Bahrain,BHR,1920,0
Bahrain,BHR,1921,0
Bahrain,BHR,1922,0
Bahrain,BHR,1923,0
Bahrain,BHR,1924,0
Bahrain,BHR,1925,0
Bahrain,BHR,1926,0
Bahrain,BHR,1927,0
Bahrain,BHR,1928,0
Bahrain,BHR,1929,0
Bahrain,BHR,1930,0
Bahrain,BHR,1931,0
Bahrain,BHR,1932,0
Bahrain,BHR,1933,0.046520002
Bahrain,BHR,1934,0.45357
Bahrain,BHR,1935,2.0119898
Bahrain,BHR,1936,7.38505
Bahrain,BHR,1937,12.33943
Bahrain,BHR,1938,13.17679
Bahrain,BHR,1939,12.071939
Bahrain,BHR,1940,11.24621
Bahrain,BHR,1941,10.80427
Bahrain,BHR,1942,9.92039
Bahrain,BHR,1943,10.45537
Bahrain,BHR,1944,10.67634
Bahrain,BHR,1945,11.61837
Bahrain,BHR,1946,12.73485
Bahrain,BHR,1947,14.96781
Bahrain,BHR,1948,17.35196
Bahrain,BHR,1949,17.46826
Bahrain,BHR,1950,17.51478
Bahrain,BHR,1951,17.47989
Bahrain,BHR,1952,17.503149
Bahrain,BHR,1953,17.45663
Bahrain,BHR,1954,17.47989
Bahrain,BHR,1955,17.46826
Bahrain,BHR,1956,17.51478
Bahrain,BHR,1957,18.596369
Bahrain,BHR,1958,23.655418
Bahrain,BHR,1959,26.190762
Bahrain,BHR,1960,26.23728
Bahrain,BHR,1961,26.14424
Bahrain,BHR,1962,26.15587
Bahrain,BHR,1963,26.23728
Bahrain,BHR,1964,28.62143
Bahrain,BHR,1965,33.05246
Bahrain,BHR,1966,35.80877
Bahrain,BHR,1967,40.34447
Bahrain,BHR,1968,43.87999
Bahrain,BHR,1969,44.170742
Bahrain,BHR,1970,44.48475
Bahrain,BHR,1971,43.48457
Bahrain,BHR,1972,40.565437
Bahrain,BHR,1973,39.66993
Bahrain,BHR,1974,39.11169
Bahrain,BHR,1975,35.4715
Bahrain,BHR,1976,33.75026
Bahrain,BHR,1977,33.66885
Bahrain,BHR,1978,32.02902
Bahrain,BHR,1979,29.72628
Bahrain,BHR,1980,0
Bahrain,BHR,1981,0
Bahrain,BHR,1982,0
Bahrain,BHR,1983,0
Bahrain,BHR,1984,30.623901
Bahrain,BHR,1985,30.084028
Bahrain,BHR,1986,31.341303
Bahrain,BHR,1987,31.16971
Bahrain,BHR,1988,31.253502
Bahrain,BHR,1989,31.16811
Bahrain,BHR,1990,30.997839
Bahrain,BHR,1991,31.915007
Bahrain,BHR,1992,32.29155
Bahrain,BHR,1993,31.744736
Bahrain,BHR,1994,119.37186
Bahrain,BHR,1995,120.62956
Bahrain,BHR,1996,121.104126
Bahrain,BHR,1997,123.28867
Bahrain,BHR,1998,124.18869
Bahrain,BHR,1999,120.01267
Bahrain,BHR,2000,122.723274
Bahrain,BHR,2001,119.73175
Bahrain,BHR,2002,121.28786
Bahrain,BHR,2003,123.63962
Bahrain,BHR,2004,123.76776
Bahrain,BHR,2005,122.701836
Bahrain,BHR,2006,120.43883
Bahrain,BHR,2007,120.778404
Bahrain,BHR,2008,120.25952
Bahrain,BHR,2009,119.634125
Bahrain,BHR,2010,118.41901
Bahrain,BHR,2011,124.13587
Bahrain,BHR,2012,113.47492
Bahrain,BHR,2013,129.22357
Bahrain,BHR,2014,132.28374
Bahrain,BHR,2015,132.19226
Bahrain,BHR,2016,132.16806
Bahrain,BHR,2017,130.4713
Bahrain,BHR,2018,129.01251
Bahrain,BHR,2019,129.00757
Bahrain,BHR,2020,112.6832
Bahrain,BHR,2021,114.842766
Bahrain,BHR,2022,123.12102
Bahrain,BHR,2023,117.659966
Bahrain,BHR,2024,114.19472
Bangladesh,BGD,1900,0
Bangladesh,BGD,1901,0
Bangladesh,BGD,1902,0
Bangladesh,BGD,1903,0
Bangladesh,BGD,1904,0
Bangladesh,BGD,1905,0
Bangladesh,BGD,1906,0
Bangladesh,BGD,1907,0
Bangladesh,BGD,1908,0
Bangladesh,BGD,1909,0
Bangladesh,BGD,1910,0
Bangladesh,BGD,1911,0
Bangladesh,BGD,1912,0
Bangladesh,BGD,1913,0
Bangladesh,BGD,1914,0
Bangladesh,BGD,1915,0
Bangladesh,BGD,1916,0
Bangladesh,BGD,1917,0
Bangladesh,BGD,1918,0
Bangladesh,BGD,1919,0
Bangladesh,BGD,1920,0
Bangladesh,BGD,1921,0
Bangladesh,BGD,1922,0
Bangladesh,BGD,1923,0
Bangladesh,BGD,1924,0
Bangladesh,BGD,1925,0
Bangladesh,BGD,1926,0
Bangladesh,BGD,1927,0
Bangladesh,BGD,1928,0
Bangladesh,BGD,1929,0
Bangladesh,BGD,1930,0
Bangladesh,BGD,1931,0
Bangladesh,BGD,1932,0
Bangladesh,BGD,1933,0
Bangladesh,BGD,1934,0
Bangladesh,BGD,1935,0
Bangladesh,BGD,1936,0
Bangladesh,BGD,1937,0
Bangladesh,BGD,1938,0
Bangladesh,BGD,1939,0
Bangladesh,BGD,1940,0
Bangladesh,BGD,1941,0
Bangladesh,BGD,1942,0
Bangladesh,BGD,1943,0
Bangladesh,BGD,1944,0
Bangladesh,BGD,1945,0
Bangladesh,BGD,1946,0
Bangladesh,BGD,1947,0
Bangladesh,BGD,1948,0
Bangladesh,BGD,1949,0
Bangladesh,BGD,1950,0
Bangladesh,BGD,1951,0
Bangladesh,BGD,1952,0
Bangladesh,BGD,1953,0
Bangladesh,BGD,1954,0
Bangladesh,BGD,1955,0
Bangladesh,BGD,1956,0
Bangladesh,BGD,1957,0
Bangladesh,BGD,1958,0
Bangladesh,BGD,1959,0
Bangladesh,BGD,1960,0
Bangladesh,BGD,1961,0
Bangladesh,BGD,1962,0
Bangladesh,BGD,1963,0
Bangladesh,BGD,1964,0
Bangladesh,BGD,1965,0
Bangladesh,BGD,1966,0
Bangladesh,BGD,1967,0
Bangladesh,BGD,1968,0
Bangladesh,BGD,1969,0
Bangladesh,BGD,1970,0
Bangladesh,BGD,1971,0
Bangladesh,BGD,1972,0
Bangladesh,BGD,1973,0
Bangladesh,BGD,1974,0
Bangladesh,BGD,1975,0
Bangladesh,BGD,1976,0
Bangladesh,BGD,1977,0
Bangladesh,BGD,1978,0
Bangladesh,BGD,1979,0
Bangladesh,BGD,1980,0
Bangladesh,BGD,1981,0
Bangladesh,BGD,1982,0
Bangladesh,BGD,1983,0
Bangladesh,BGD,1984,0
Bangladesh,BGD,1985,1.2374111
Bangladesh,BGD,1986,1.8706664
Bangladesh,BGD,1987,1.863932
Bangladesh,BGD,1988,1.863932
Bangladesh,BGD,1989,1.8588393
Bangladesh,BGD,1990,1.8588393
Bangladesh,BGD,1991,1.8588393
Bangladesh,BGD,1992,1.863932
Bangladesh,BGD,1993,1.8588393
Bangladesh,BGD,1994,1.8588393
Bangladesh,BGD,1995,1.8588393
Bangladesh,BGD,1996,1.863932
Bangladesh,BGD,1997,1.5464864
Bangladesh,BGD,1998,1.2392262
Bangladesh,BGD,1999,2.2255144
Bangladesh,BGD,2000,2.4852428
Bangladesh,BGD,2001,2.4784524
Bangladesh,BGD,2002,3.7176785
Bangladesh,BGD,2003,1.2996969
Bangladesh,BGD,2004,5.0311217
Bangladesh,BGD,2005,5.0173755
Bangladesh,BGD,2006,5.0173755
Bangladesh,BGD,2007,4.584143
Bangladesh,BGD,2008,6.561695
Bangladesh,BGD,2009,5.6974597
Bangladesh,BGD,2010,6.1306915
Bangladesh,BGD,2011,6.1306915
Bangladesh,BGD,2012,5.9403844
Bangladesh,BGD,2013,5.5110784
Bangladesh,BGD,2014,5.5110784
Bangladesh,BGD,2015,5.944311
Bangladesh,BGD,2016,7.2638545
Bangladesh,BGD,2017,7.197994
Bangladesh,BGD,2018,7.1707006
Bangladesh,BGD,2019,6.977046
Bangladesh,BGD,2020,6.586069
Bangladesh,BGD,2021,5.890066
Bangladesh,BGD,2022,4.8983974
Bangladesh,BGD,2023,4.844333
Bangladesh,BGD,2024,4.7692637
Barbados,BRB,1900,0
Barbados,BRB,1901,0
Barbados,BRB,1902,0
Barbados,BRB,1903,0
Barbados,BRB,1904,0
Barbados,BRB,1905,0
Barbados,BRB,1906,0
Barbados,BRB,1907,0
Barbados,BRB,1908,0
Barbados,BRB,1909,0
Barbados,BRB,1910,0
Barbados,BRB,1911,0
Barbados,BRB,1912,0
Barbados,BRB,1913,0
Barbados,BRB,1914,0
Barbados,BRB,1915,0
Barbados,BRB,1916,0
Barbados,BRB,1917,0
Barbados,BRB,1918,0
Barbados,BRB,1919,0
Barbados,BRB,1920,0
Barbados,BRB,1921,0
Barbados,BRB,1922,0
Barbados,BRB,1923,0
Barbados,BRB,1924,0
Barbados,BRB,1925,0
Barbados,BRB,1926,0
Barbados,BRB,1927,0
Barbados,BRB,1928,0.011630001
Barbados,BRB,1929,0.011630001
Barbados,BRB,1930,0.023260001
Barbados,BRB,1931,0.011630001
Barbados,BRB,1932,0.011630001
Barbados,BRB,1933,0.011630001
Barbados,BRB,1934,0.011630001
Barbados,BRB,1935,0
Barbados,BRB,1936,0
Barbados,BRB,1937,0
Barbados,BRB,1938,0
Barbados,BRB,1939,0.011630001
Barbados,BRB,1940,0
Barbados,BRB,1941,0
Barbados,BRB,1942,0
Barbados,BRB,1943,0
Barbados,BRB,1944,0
Barbados,BRB,1945,0
Barbados,BRB,1946,0
Barbados,BRB,1947,0
Barbados,BRB,1948,0
Barbados,BRB,1949,0
Barbados,BRB,1950,0
Barbados,BRB,1951,0
Barbados,BRB,1952,0
Barbados,BRB,1953,0
Barbados,BRB,1954,0
Barbados,BRB,1955,0
Barbados,BRB,1956,0
Barbados,BRB,1957,0
Barbados,BRB,1958,0
Barbados,BRB,1959,0
Barbados,BRB,1960,0
Barbados,BRB,1961,0
Barbados,BRB,1962,0
Barbados,BRB,1963,0
Barbados,BRB,1964,0
Barbados,BRB,1965,0
Barbados,BRB,1966,0
Barbados,BRB,1967,0
Barbados,BRB,1968,0
Barbados,BRB,1969,0
Barbados,BRB,1970,0
Barbados,BRB,1971,0
Barbados,BRB,1972,0.011630001
Barbados,BRB,1973,0.023260001
Barbados,BRB,1974,0.093040004
Barbados,BRB,1975,0.19771
Barbados,BRB,1976,0.23259999
Barbados,BRB,1977,0.19771
Barbados,BRB,1978,0.43031
Barbados,BRB,1979,0.45357
Barbados,BRB,1980,0
Barbados,BRB,1981,0
Barbados,BRB,1982,0
Barbados,BRB,1983,0
Barbados,BRB,1984,0
Barbados,BRB,1985,0
Barbados,BRB,1986,0
Barbados,BRB,1987,0
Barbados,BRB,1988,0
Barbados,BRB,1989,0
Barbados,BRB,1990,0.6275883
Barbados,BRB,1991,0.6275883
Barbados,BRB,1992,0.6293077
Barbados,BRB,1993,0.6275883
Barbados,BRB,1994,0.6275883
Barbados,BRB,1995,0.6275883
Barbados,BRB,1996,0.6293077
Barbados,BRB,1997,0.6275883
Barbados,BRB,1998,0.6275883
Barbados,BRB,1999,0.6275883
Barbados,BRB,2000,0.6293077
Barbados,BRB,2001,0.6275883
Barbados,BRB,2002,0.6723413
Barbados,BRB,2003,0.63627815
Barbados,BRB,2004,0.6293077
Barbados,BRB,2005,0.6275883
Barbados,BRB,2006,0.6275883
Barbados,BRB,2007,0.6275883
Barbados,BRB,2008,0.6293077
Barbados,BRB,2009,0.6275883
Barbados,BRB,2010,0.6275883
Barbados,BRB,2011,0.6275883
Barbados,BRB,2012,0.6293077
Barbados,BRB,2013,0.6275883
Barbados,BRB,2014,0.6275883
Barbados,BRB,2015,0.6275883
Barbados,BRB,2016,0.6293077
Barbados,BRB,2017,0.40219465
Barbados,BRB,2018,0.6275883
Barbados,BRB,2019,0.6275883
Barbados,BRB,2020,0.6293077
Barbados,BRB,2021,0.33420363
Barbados,BRB,2022,0.3178382
Barbados,BRB,2023,0.6275883
Barbados,BRB,2024,0.6293077
Belarus,BLR,1992,24.597761
Belarus,BLR,1993,25.159542
Belarus,BLR,1994,25.159542
Belarus,BLR,1995,24.530554
Belarus,BLR,1996,23.229074
Belarus,BLR,1997,22.71564
Belarus,BLR,1998,22.95793
Belarus,BLR,1999,23.345644
Belarus,BLR,2000,23.285252
Belarus,BLR,2001,23.297737
Belarus,BLR,2002,23.222258
Belarus,BLR,2003,22.895184
Belarus,BLR,2004,22.693642
Belarus,BLR,2005,22.454893
Belarus,BLR,2006,22.391994
Belarus,BLR,2007,22.140398
Belarus,BLR,2008,22.074913
Belarus,BLR,2009,20.756622
Belarus,BLR,2010,18.869658
Belarus,BLR,2011,18.869658
Belarus,BLR,2012,18.921354
Belarus,BLR,2013,18.869658
Belarus,BLR,2014,18.869658
Belarus,BLR,2015,16.407124
Belarus,BLR,2016,20.603254
Belarus,BLR,2017,20.103119
Belarus,BLR,2018,21.172329
Belarus,BLR,2019,21.413244
Belarus,BLR,2020,21.67937
Belarus,BLR,2021,21.368406
Belarus,BLR,2022,19.974144
Belarus,BLR,2023,18.621193
Belarus,BLR,2024,17.408884
Belgium,BEL,1980,0
Belgium,BEL,1981,0
Belgium,BEL,1982,0
Belgium,BEL,1983,0
Belgium,BEL,1984,0
Belgium,BEL,1985,0
Belgium,BEL,1986,0
Belgium,BEL,1987,0
Belgium,BEL,1988,0
Belgium,BEL,1989,0
Belgium,BEL,1990,0
Belgium,BEL,1991,0
Belgium,BEL,1992,0
Belgium,BEL,1993,0
Belgium,BEL,1994,0
Belgium,BEL,1995,0
Belgium,BEL,1996,0
Belgium,BEL,1997,0
Belgium,BEL,1998,0
Belgium,BEL,1999,0
Belgium,BEL,2000,0
Belgium,BEL,2001,0
Belgium,BEL,2002,0
Belgium,BEL,2003,0
Belgium,BEL,2004,0
Belgium,BEL,2005,0
Belgium,BEL,2006,0
Belgium,BEL,2007,0
Belgium,BEL,2008,0
Belgium,BEL,2009,0
Belgium,BEL,2010,0
Belgium,BEL,2011,0
Belgium,BEL,2012,0
Belgium,BEL,2013,0
Belgium,BEL,2014,0
Belgium,BEL,2015,0
Belgium,BEL,2016,0
Belgium,BEL,2017,0
Belgium,BEL,2018,0
Belgium,BEL,2019,0
Belgium,BEL,2020,0
Belgium,BEL,2021,0
Belgium,BEL,2022,0
Belgium,BEL,2023,0
Belgium,BEL,2024,0
Belize,BLZ,1980,0
Belize,BLZ,1981,0
Belize,BLZ,1982,0
Belize,BLZ,1983,0
Belize,BLZ,1984,0
Belize,BLZ,1985,0
Belize,BLZ,1986,0
Belize,BLZ,1987,0
Belize,BLZ,1988,0
Belize,BLZ,1989,0
Belize,BLZ,1990,0
Belize,BLZ,1991,0
Belize,BLZ,1992,0
Belize,BLZ,1993,0
Belize,BLZ,1994,0
Belize,BLZ,1995,0
Belize,BLZ,1996,0
Belize,BLZ,1997,0
Belize,BLZ,1998,0
Belize,BLZ,1999,0
Belize,BLZ,2000,0
Belize,BLZ,2001,0
Belize,BLZ,2002,0
Belize,BLZ,2003,0
Belize,BLZ,2004,0
Belize,BLZ,2005,0
Belize,BLZ,2006,1.3833618
Belize,BLZ,2007,1.8383853
Belize,BLZ,2008,2.1573575
Belize,BLZ,2009,2.444912
Belize,BLZ,2010,2.5414195
Belize,BLZ,2011,2.3615346
Belize,BLZ,2012,1.7292787
Belize,BLZ,2013,1.330369
Belize,BLZ,2014,1.0786175
Belize,BLZ,2015,1.047027
Belize,BLZ,2016,1.0446764
Belize,BLZ,2017,0.6065012
Belize,BLZ,2018,0.5061769
Belize,BLZ,2019,0.59466624
Belize,BLZ,2020,1.0446764
Belize,BLZ,2021,0
Belize,BLZ,2022,0
Belize,BLZ,2023,0.48237798
Belize,BLZ,2024,0.48369953
Benin,BEN,1980,0
Benin,BEN,1981,0
Benin,BEN,1982,0
Benin,BEN,1983,0
Benin,BEN,1984,3.2928627
Benin,BEN,1985,4.597919
Benin,BEN,1986,4.597919
Benin,BEN,1987,3.9413874
Benin,BEN,1988,2.635295
Benin,BEN,1989,1.9710711
Benin,BEN,1990,2.6280947
Benin,BEN,1991,2.6280947
Benin,BEN,1992,2.635295
Benin,BEN,1993,2.6280947
Benin,BEN,1994,1.9710711
Benin,BEN,1995,1.3140473
Benin,BEN,1996,0.6588237
Benin,BEN,1997,0.65702367
Benin,BEN,1998,0.65702367
Benin,BEN,1999,0
Benin,BEN,2000,0
Benin,BEN,2001,0
Benin,BEN,2002,0
Benin,BEN,2003,0
Benin,BEN,2004,0
Benin,BEN,2005,0
Benin,BEN,2006,0
Benin,BEN,2007,0
Benin,BEN,2008,0
Benin,BEN,2009,0
Benin,BEN,2010,0
Benin,BEN,2011,0
Benin,BEN,2012,0
Benin,BEN,2013,0
Benin,BEN,2014,0
Benin,BEN,2015,0
Benin,BEN,2016,0
Benin,BEN,2017,0
Benin,BEN,2018,0
Benin,BEN,2019,0
Benin,BEN,2020,0
Benin,BEN,2021,0
Benin,BEN,2022,0
Benin,BEN,2023,0
Benin,BEN,2024,0
Bermuda,BMU,1980,0
Bermuda,BMU,1981,0
Bermuda,BMU,1982,0
Bermuda,BMU,1983,0
Bermuda,BMU,1984,0
Bermuda,BMU,1985,0
Bermuda,BMU,1986,0
Bermuda,BMU,1987,0
Bermuda,BMU,1988,0
Bermuda,BMU,1989,0
Bermuda,BMU,1990,0
Bermuda,BMU,1991,0
Bermuda,BMU,1992,0
Bermuda,BMU,1993,0
Bermuda,BMU,1994,0
Bermuda,BMU,1995,0
Bermuda,BMU,1996,0
Bermuda,BMU,1997,0
Bermuda,BMU,1998,0
Bermuda,BMU,1999,0
Bermuda,BMU,2000,0
Bermuda,BMU,2001,0
Bermuda,BMU,2002,0
Bermuda,BMU,2003,0
Bermuda,BMU,2004,0
Bermuda,BMU,2005,0
Bermuda,BMU,2006,0
Bermuda,BMU,2007,0
Bermuda,BMU,2008,0
Bermuda,BMU,2009,0
Bermuda,BMU,2010,0
Bermuda,BMU,2011,0
Bermuda,BMU,2012,0
Bermuda,BMU,2013,0
Bermuda,BMU,2014,0
Bermuda,BMU,2015,0
Bermuda,BMU,2016,0
Bermuda,BMU,2017,0
Bermuda,BMU,2018,0
Bermuda,BMU,2019,0
Bermuda,BMU,2020,0
Bermuda,BMU,2021,0
Bermuda,BMU,2022,0
Bermuda,BMU,2023,0
Bermuda,BMU,2024,0
Bhutan,BTN,1980,0
Bhutan,BTN,1981,0
Bhutan,BTN,1982,0
Bhutan,BTN,1983,0
Bhutan,BTN,1984,0
Bhutan,BTN,1985,0
Bhutan,BTN,1986,0
Bhutan,BTN,1987,0
Bhutan,BTN,1988,0
Bhutan,BTN,1989,0
Bhutan,BTN,1990,0
Bhutan,BTN,1991,0
Bhutan,BTN,1992,0
Bhutan,BTN,1993,0
Bhutan,BTN,1994,0
Bhutan,BTN,1995,0
Bhutan,BTN,1996,0
Bhutan,BTN,1997,0
Bhutan,BTN,1998,0
Bhutan,BTN,1999,0
Bhutan,BTN,2000,0
Bhutan,BTN,2001,0
Bhutan,BTN,2002,0
Bhutan,BTN,2003,0
Bhutan,BTN,2004,0
Bhutan,BTN,2005,0
Bhutan,BTN,2006,0
Bhutan,BTN,2007,0
Bhutan,BTN,2008,0
Bhutan,BTN,2009,0
Bhutan,BTN,2010,0
Bhutan,BTN,2011,0
Bhutan,BTN,2012,0
Bhutan,BTN,2013,0
Bhutan,BTN,2014,0
Bhutan,BTN,2015,0
Bhutan,BTN,2016,0
Bhutan,BTN,2017,0
Bhutan,BTN,2018,0
Bhutan,BTN,2019,0
Bhutan,BTN,2020,0
Bhutan,BTN,2021,0
Bhutan,BTN,2022,0
Bhutan,BTN,2023,0
Bhutan,BTN,2024,0
Bolivia,BOL,1900,0
Bolivia,BOL,1901,0
Bolivia,BOL,1902,0
Bolivia,BOL,1903,0
Bolivia,BOL,1904,0
Bolivia,BOL,1905,0
Bolivia,BOL,1906,0
Bolivia,BOL,1907,0
Bolivia,BOL,1908,0
Bolivia,BOL,1909,0
Bolivia,BOL,1910,0
Bolivia,BOL,1911,0
Bolivia,BOL,1912,0
Bolivia,BOL,1913,0
Bolivia,BOL,1914,0
Bolivia,BOL,1915,0
Bolivia,BOL,1916,0
Bolivia,BOL,1917,0
Bolivia,BOL,1918,0
Bolivia,BOL,1919,0
Bolivia,BOL,1920,0
Bolivia,BOL,1921,0
Bolivia,BOL,1922,0
Bolivia,BOL,1923,0
Bolivia,BOL,1924,0
Bolivia,BOL,1925,0
Bolivia,BOL,1926,0
Bolivia,BOL,1927,0
Bolivia,BOL,1928,0.011630001
Bolivia,BOL,1929,0.03489
Bolivia,BOL,1930,0.046520002
Bolivia,BOL,1931,0.023260001
Bolivia,BOL,1932,0.058149997
Bolivia,BOL,1933,0.16282001
Bolivia,BOL,1934,0.23259999
Bolivia,BOL,1935,0.24423
Bolivia,BOL,1936,0.15119
Bolivia,BOL,1937,0.18608001
Bolivia,BOL,1938,0.20933999
Bolivia,BOL,1939,0.32564002
Bolivia,BOL,1940,0.44193998
Bolivia,BOL,1941,0.36053
Bolivia,BOL,1942,0.46519998
Bolivia,BOL,1943,0.51172
Bolivia,BOL,1944,0.47683
Bolivia,BOL,1945,0.5815
Bolivia,BOL,1946,0.54661
Bolivia,BOL,1947,0.56987
Bolivia,BOL,1948,0.6978
Bolivia,BOL,1949,1.02344
Bolivia,BOL,1950,0.96528995
Bolivia,BOL,1951,0.79084
Bolivia,BOL,1952,0.77921003
Bolivia,BOL,1953,0.90714
Bolivia,BOL,1954,2.57023
Bolivia,BOL,1955,4.08213
Bolivia,BOL,1956,4.84971
Bolivia,BOL,1957,5.41958
Bolivia,BOL,1958,5.2102404
Bolivia,BOL,1959,4.8031898
Bolivia,BOL,1960,5.41958
Bolivia,BOL,1961,4.5357
Bolivia,BOL,1962,4.2333198
Bolivia,BOL,1963,5.15209
Bolivia,BOL,1964,4.97764
Bolivia,BOL,1965,5.09394
Bolivia,BOL,1966,9.2225895
Bolivia,BOL,1967,22.02722
Bolivia,BOL,1968,22.72502
Bolivia,BOL,1969,21.81788
Bolivia,BOL,1970,13.04886
Bolivia,BOL,1971,19.8873
Bolivia,BOL,1972,23.62053
Bolivia,BOL,1973,25.53948
Bolivia,BOL,1974,24.56256
Bolivia,BOL,1975,21.794619
Bolivia,BOL,1976,21.9807
Bolivia,BOL,1977,18.74756
Bolivia,BOL,1978,17.51478
Bolivia,BOL,1979,15.04922
Bolivia,BOL,1980,0
Bolivia,BOL,1981,0
Bolivia,BOL,1982,0
Bolivia,BOL,1983,0
Bolivia,BOL,1984,14.327167
Bolivia,BOL,1985,13.691366
Bolivia,BOL,1986,12.5002775
Bolivia,BOL,1987,13.097288
Bolivia,BOL,1988,13.131436
Bolivia,BOL,1989,13.649319
Bolivia,BOL,1990,14.737979
Bolivia,BOL,1991,15.326042
Bolivia,BOL,1992,14.770166
Bolivia,BOL,1993,14.6791725
Bolivia,BOL,1994,18.90343
Bolivia,BOL,1995,21.575706
Bolivia,BOL,1996,24.026278
Bolivia,BOL,1997,23.209957
Bolivia,BOL,1998,26.632906
Bolivia,BOL,1999,21.936745
Bolivia,BOL,2000,21.400833
Bolivia,BOL,2001,24.178862
Bolivia,BOL,2002,24.727257
Bolivia,BOL,2003,22.762186
Bolivia,BOL,2004,26.328232
Bolivia,BOL,2005,27.490683
Bolivia,BOL,2006,32.615643
Bolivia,BOL,2007,33.285778
Bolivia,BOL,2008,31.624306
Bolivia,BOL,2009,28.170237
Bolivia,BOL,2010,29.049011
Bolivia,BOL,2011,30.0403
Bolivia,BOL,2012,34.289883
Bolivia,BOL,2013,38.22882
Bolivia,BOL,2014,41.6012
Bolivia,BOL,2015,40.894543
Bolivia,BOL,2016,40.60826
Bolivia,BOL,2017,39.235138
Bolivia,BOL,2018,29.460732
Bolivia,BOL,2019,26.756603
Bolivia,BOL,2020,24.82304
Bolivia,BOL,2021,32.07493
Bolivia,BOL,2022,30.116377
Bolivia,BOL,2023,27.623703
Bolivia,BOL,2024,26.06141
Bosnia and Herzegovina,BIH,1992,0
Bosnia and Herzegovina,BIH,1993,0
Bosnia and Herzegovina,BIH,1994,0
Bosnia and Herzegovina,BIH,1995,0
Bosnia and Herzegovina,BIH,1996,0
Bosnia and Herzegovina,BIH,1997,0
Bosnia and Herzegovina,BIH,1998,0
Bosnia and Herzegovina,BIH,1999,0
Bosnia and Herzegovina,BIH,2000,0
Bosnia and Herzegovina,BIH,2001,0
Bosnia and Herzegovina,BIH,2002,0
Bosnia and Herzegovina,BIH,2003,0
Bosnia and Herzegovina,BIH,2004,0
Bosnia and Herzegovina,BIH,2005,0
Bosnia and Herzegovina,BIH,2006,0
Bosnia and Herzegovina,BIH,2007,0
Bosnia and Herzegovina,BIH,2008,0
Bosnia and Herzegovina,BIH,2009,0
Bosnia and Herzegovina,BIH,2010,0
Bosnia and Herzegovina,BIH,2011,0
Bosnia and Herzegovina,BIH,2012,0
Bosnia and Herzegovina,BIH,2013,0
Bosnia and Herzegovina,BIH,2014,0
Bosnia and Herzegovina,BIH,2015,0
Bosnia and Herzegovina,BIH,2016,0
Bosnia and Herzegovina,BIH,2017,0
Bosnia and Herzegovina,BIH,2018,0
Bosnia and Herzegovina,BIH,2019,0
Bosnia and Herzegovina,BIH,2020,0
Bosnia and Herzegovina,BIH,2021,0
Bosnia and Herzegovina,BIH,2022,0
Bosnia and Herzegovina,BIH,2023,0
Bosnia and Herzegovina,BIH,2024,0
Botswana,BWA,1980,0
Botswana,BWA,1981,0
Botswana,BWA,1982,0
Botswana,BWA,1983,0
Botswana,BWA,1984,0
Botswana,BWA,1985,0
Botswana,BWA,1986,0
Botswana,BWA,1987,0
Botswana,BWA,1988,0
Botswana,BWA,1989,0
Botswana,BWA,1990,0
Botswana,BWA,1991,0
Botswana,BWA,1992,0
Botswana,BWA,1993,0
Botswana,BWA,1994,0
Botswana,BWA,1995,0
Botswana,BWA,1996,0
Botswana,BWA,1997,0
Botswana,BWA,1998,0
Botswana,BWA,1999,0
Botswana,BWA,2000,0
Botswana,BWA,2001,0
Botswana,BWA,2002,0
Botswana,BWA,2003,0
Botswana,BWA,2004,0
Botswana,BWA,2005,0
Botswana,BWA,2006,0
Botswana,BWA,2007,0
Botswana,BWA,2008,0
Botswana,BWA,2009,0
Botswana,BWA,2010,0
Botswana,BWA,2011,0
Botswana,BWA,2012,0
Botswana,BWA,2013,0
Botswana,BWA,2014,0
Botswana,BWA,2015,0
Botswana,BWA,2016,0
Botswana,BWA,2017,0
Botswana,BWA,2018,0
Botswana,BWA,2019,0
Botswana,BWA,2020,0
Botswana,BWA,2021,0
Botswana,BWA,2022,0
Botswana,BWA,2023,0
Botswana,BWA,2024,0
Brazil,BRA,1900,0
Brazil,BRA,1901,0
Brazil,BRA,1902,0
Brazil,BRA,1903,0
Brazil,BRA,1904,0
Brazil,BRA,1905,0
Brazil,BRA,1906,0
Brazil,BRA,1907,0
Brazil,BRA,1908,0
Brazil,BRA,1909,0
Brazil,BRA,1910,0
Brazil,BRA,1911,0
Brazil,BRA,1912,0
Brazil,BRA,1913,0
Brazil,BRA,1914,0
Brazil,BRA,1915,0
Brazil,BRA,1916,0
Brazil,BRA,1917,0
Brazil,BRA,1918,0
Brazil,BRA,1919,0
Brazil,BRA,1920,0
Brazil,BRA,1921,0
Brazil,BRA,1922,0
Brazil,BRA,1923,0
Brazil,BRA,1924,0
Brazil,BRA,1925,0
Brazil,BRA,1926,0
Brazil,BRA,1927,0
Brazil,BRA,1928,0
Brazil,BRA,1929,0
Brazil,BRA,1930,0
Brazil,BRA,1931,0
Brazil,BRA,1932,0
Brazil,BRA,1933,0
Brazil,BRA,1934,0
Brazil,BRA,1935,0
Brazil,BRA,1936,0
Brazil,BRA,1937,0
Brazil,BRA,1938,0
Brazil,BRA,1939,0
Brazil,BRA,1940,0
Brazil,BRA,1941,0
Brazil,BRA,1942,0.046520002
Brazil,BRA,1943,0.06978
Brazil,BRA,1944,0.093040004
Brazil,BRA,1945,0.116299994
Brazil,BRA,1946,0.104669996
Brazil,BRA,1947,0.15119
Brazil,BRA,1948,0.22096999
Brazil,BRA,1949,0.16282001
Brazil,BRA,1950,0.51172
Brazil,BRA,1951,1.0467
Brazil,BRA,1952,1.13974
Brazil,BRA,1953,1.38397
Brazil,BRA,1954,1.5002699
Brazil,BRA,1955,3.07032
Brazil,BRA,1956,6.1755304
Brazil,BRA,1957,15.36323
Brazil,BRA,1958,28.76099
Brazil,BRA,1959,35.85529
Brazil,BRA,1960,45.0081
Brazil,BRA,1961,52.90487
Brazil,BRA,1962,50.78821
Brazil,BRA,1963,54.300472
Brazil,BRA,1964,50.625393
Brazil,BRA,1965,58.675575
Brazil,BRA,1966,71.632545
Brazil,BRA,1967,90.1425
Brazil,BRA,1968,99.05112
Brazil,BRA,1969,108.03545
Brazil,BRA,1970,102.25953
Brazil,BRA,1971,107.041916
Brazil,BRA,1972,104.99714
Brazil,BRA,1973,106.482506
Brazil,BRA,1974,111.1111
Brazil,BRA,1975,108.2866
Brazil,BRA,1976,105.45652
Brazil,BRA,1977,101.61979
Brazil,BRA,1978,101.04517
Brazil,BRA,1979,104.676834
Brazil,BRA,1980,114.915504
Brazil,BRA,1981,134.21123
Brazil,BRA,1982,163.54337
Brazil,BRA,1983,207.35083
Brazil,BRA,1984,290.23807
Brazil,BRA,1985,342.74146
Brazil,BRA,1986,360.37137
Brazil,BRA,1987,358.51154
Brazil,BRA,1988,350.34323
Brazil,BRA,1989,374.16556
Brazil,BRA,1990,396.90588
Brazil,BRA,1991,392.28055
Brazil,BRA,1992,398.22037
Brazil,BRA,1993,406.4251
Brazil,BRA,1994,421.4718
Brazil,BRA,1995,436.17145
Brazil,BRA,1996,494.66245
Brazil,BRA,1997,530.28345
Brazil,BRA,1998,612.65924
Brazil,BRA,1999,691.94525
Brazil,BRA,2000,780.2455
Brazil,BRA,2001,816.74133
Brazil,BRA,2002,914.1956
Brazil,BRA,2003,948.01917
Brazil,BRA,2004,940.91486
Brazil,BRA,2005,1034.8539
Brazil,BRA,2006,1093.6329
Brazil,BRA,2007,1109.1145
Brazil,BRA,2008,1152.7557
Brazil,BRA,2009,1232.6158
Brazil,BRA,2010,1298.3738
Brazil,BRA,2011,1326.1354
Brazil,BRA,2012,1306.8228
Brazil,BRA,2013,1281.0779
Brazil,BRA,2014,1424.1478
Brazil,BRA,2015,1537.4033
Brazil,BRA,2016,1589.9031
Brazil,BRA,2017,1658.9243
Brazil,BRA,2018,1635.2148
Brazil,BRA,2019,1758.4464
Brazil,BRA,2020,1853.1815
Brazil,BRA,2021,1824.885
Brazil,BRA,2022,1898.2006
Brazil,BRA,2023,2134.9583
Brazil,BRA,2024,2112.8518
Brazil,BRA,2025,2367.314
British Virgin Islands,VGB,1980,0
British Virgin Islands,VGB,1981,0
British Virgin Islands,VGB,1982,0
British Virgin Islands,VGB,1983,0
British Virgin Islands,VGB,1984,0
British Virgin Islands,VGB,1985,0
British Virgin Islands,VGB,1986,0
British Virgin Islands,VGB,1987,0
British Virgin Islands,VGB,1988,0
British Virgin Islands,VGB,1989,0
British Virgin Islands,VGB,1990,0
British Virgin Islands,VGB,1991,0
British Virgin Islands,VGB,1992,0
British Virgin Islands,VGB,1993,0
British Virgin Islands,VGB,1994,0
British Virgin Islands,VGB,1995,0
British Virgin Islands,VGB,1996,0
British Virgin Islands,VGB,1997,0
British Virgin Islands,VGB,1998,0
British Virgin Islands,VGB,1999,0
British Virgin Islands,VGB,2000,0
British Virgin Islands,VGB,2001,0
British Virgin Islands,VGB,2002,0
British Virgin Islands,VGB,2003,0
British Virgin Islands,VGB,2004,0
British Virgin Islands,VGB,2005,0
British Virgin Islands,VGB,2006,0
British Virgin Islands,VGB,2007,0
British Virgin Islands,VGB,2008,0
British Virgin Islands,VGB,2009,0
British Virgin Islands,VGB,2010,0
British Virgin Islands,VGB,2011,0
British Virgin Islands,VGB,2012,0
British Virgin Islands,VGB,2013,0
British Virgin Islands,VGB,2014,0
British Virgin Islands,VGB,2015,0
British Virgin Islands,VGB,2016,0
British Virgin Islands,VGB,2017,0
British Virgin Islands,VGB,2018,0
British Virgin Islands,VGB,2019,0
British Virgin Islands,VGB,2020,0
British Virgin Islands,VGB,2021,0
British Virgin Islands,VGB,2022,0
British Virgin Islands,VGB,2023,0
British Virgin Islands,VGB,2024,0
Brunei,BRN,1900,0
Brunei,BRN,1901,0
Brunei,BRN,1902,0
Brunei,BRN,1903,0
Brunei,BRN,1904,0
Brunei,BRN,1905,0
Brunei,BRN,1906,0
Brunei,BRN,1907,0
Brunei,BRN,1908,0
Brunei,BRN,1909,0
Brunei,BRN,1910,0
Brunei,BRN,1911,0
Brunei,BRN,1912,0
Brunei,BRN,1913,0
Brunei,BRN,1914,0
Brunei,BRN,1915,0
Brunei,BRN,1916,0
Brunei,BRN,1917,0
Brunei,BRN,1918,0
Brunei,BRN,1919,0
Brunei,BRN,1920,0
Brunei,BRN,1921,0
Brunei,BRN,1922,0
Brunei,BRN,1923,0
Brunei,BRN,1924,0
Brunei,BRN,1925,0
Brunei,BRN,1926,0
Brunei,BRN,1927,0
Brunei,BRN,1928,0
Brunei,BRN,1929,0
Brunei,BRN,1930,0
Brunei,BRN,1931,0.046520002
Brunei,BRN,1932,2.08177
Brunei,BRN,1933,3.31455
Brunei,BRN,1934,4.39614
Brunei,BRN,1935,5.22187
Brunei,BRN,1936,5.33817
Brunei,BRN,1937,6.66399
Brunei,BRN,1938,8.22241
Brunei,BRN,1939,9.08303
Brunei,BRN,1940,10.10647
Brunei,BRN,1941,7.22223
Brunei,BRN,1942,4.72178
Brunei,BRN,1943,7.0943003
Brunei,BRN,1944,9.455191
Brunei,BRN,1945,3.489
Brunei,BRN,1946,3.3727
Brunei,BRN,1947,20.09664
Brunei,BRN,1948,31.249811
Brunei,BRN,1949,39.03028
Brunei,BRN,1950,47.869083
Brunei,BRN,1951,57.812733
Brunei,BRN,1952,59.01062
Brunei,BRN,1953,56.76603
Brunei,BRN,1954,55.68444
Brunei,BRN,1955,61.09239
Brunei,BRN,1956,65.55831
Brunei,BRN,1957,64.244125
Brunei,BRN,1958,60.58067
Brunei,BRN,1959,62.6857
Brunei,BRN,1960,53.300293
Brunei,BRN,1961,47.96212
Brunei,BRN,1962,44.077698
Brunei,BRN,1963,39.98394
Brunei,BRN,1964,41.21672
Brunei,BRN,1965,46.112648
Brunei,BRN,1966,55.365944
Brunei,BRN,1967,59.99259
Brunei,BRN,1968,70.595436
Brunei,BRN,1969,71.55922
Brunei,BRN,1970,78.49919
Brunei,BRN,1971,74.450874
Brunei,BRN,1972,105.390366
Brunei,BRN,1973,132.97913
Brunei,BRN,1974,113.27886
Brunei,BRN,1975,106.60954
Brunei,BRN,1976,123.52781
Brunei,BRN,1977,129.12744
Brunei,BRN,1978,136.49191
Brunei,BRN,1979,148.17535
Brunei,BRN,1980,136.24884
Brunei,BRN,1981,98.43889
Brunei,BRN,1982,100.906044
Brunei,BRN,1983,101.63282
Brunei,BRN,1984,97.92559
Brunei,BRN,1985,95.0956
Brunei,BRN,1986,93.74967
Brunei,BRN,1987,87.97889
Brunei,BRN,1988,85.20507
Brunei,BRN,1989,84.88347
Brunei,BRN,1990,86.03725
Brunei,BRN,1991,93.08701
Brunei,BRN,1992,103.771866
Brunei,BRN,1993,99.33859
Brunei,BRN,1994,101.653
Brunei,BRN,1995,99.32618
Brunei,BRN,1996,93.999794
Brunei,BRN,1997,92.58174
Brunei,BRN,1998,89.11289
Brunei,BRN,1999,103.66081
Brunei,BRN,2000,110.308174
Brunei,BRN,2001,115.73349
Brunei,BRN,2002,119.65385
Brunei,BRN,2003,122.04537
Brunei,BRN,2004,120.05514
Brunei,BRN,2005,117.379524
Brunei,BRN,2006,125.68926
Brunei,BRN,2007,110.43321
Brunei,BRN,2008,99.55133
Brunei,BRN,2009,95.62808
Brunei,BRN,2010,97.98434
Brunei,BRN,2011,94.01258
Brunei,BRN,2012,90.57037
Brunei,BRN,2013,76.48024
Brunei,BRN,2014,71.56504
Brunei,BRN,2015,71.83905
Brunei,BRN,2016,68.595314
Brunei,BRN,2017,63.8205
Brunei,BRN,2018,62.948265
Brunei,BRN,2019,68.62962
Brunei,BRN,2020,62.556503
Brunei,BRN,2021,60.54044
Brunei,BRN,2022,52.02172
Brunei,BRN,2023,50.559364
Brunei,BRN,2024,56.392567
Brunei,BRN,2025,60.913963
Bulgaria,BGR,1900,0
Bulgaria,BGR,1901,0
Bulgaria,BGR,1902,0
Bulgaria,BGR,1903,0
Bulgaria,BGR,1904,0
Bulgaria,BGR,1905,0
Bulgaria,BGR,1906,0
Bulgaria,BGR,1907,0
Bulgaria,BGR,1908,0
Bulgaria,BGR,1909,0
Bulgaria,BGR,1910,0
Bulgaria,BGR,1911,0
Bulgaria,BGR,1912,0
Bulgaria,BGR,1913,0
Bulgaria,BGR,1914,0
Bulgaria,BGR,1915,0
Bulgaria,BGR,1916,0
Bulgaria,BGR,1917,0
Bulgaria,BGR,1918,0
Bulgaria,BGR,1919,0
Bulgaria,BGR,1920,0
Bulgaria,BGR,1921,0
Bulgaria,BGR,1922,0
Bulgaria,BGR,1923,0
Bulgaria,BGR,1924,0
Bulgaria,BGR,1925,0
Bulgaria,BGR,1926,0
Bulgaria,BGR,1927,0
Bulgaria,BGR,1928,0
Bulgaria,BGR,1929,0
Bulgaria,BGR,1930,0
Bulgaria,BGR,1931,0
Bulgaria,BGR,1932,0
Bulgaria,BGR,1933,0
Bulgaria,BGR,1934,0
Bulgaria,BGR,1935,0
Bulgaria,BGR,1936,0
Bulgaria,BGR,1937,0
Bulgaria,BGR,1938,0
Bulgaria,BGR,1939,0
Bulgaria,BGR,1940,0
Bulgaria,BGR,1941,0
Bulgaria,BGR,1942,0
Bulgaria,BGR,1943,0
Bulgaria,BGR,1944,0
Bulgaria,BGR,1945,0
Bulgaria,BGR,1946,0
Bulgaria,BGR,1947,0
Bulgaria,BGR,1948,0
Bulgaria,BGR,1949,0
Bulgaria,BGR,1950,0
Bulgaria,BGR,1951,0
Bulgaria,BGR,1952,0
Bulgaria,BGR,1953,0
Bulgaria,BGR,1954,0.058149997
Bulgaria,BGR,1955,1.7445
Bulgaria,BGR,1956,2.8726099
Bulgaria,BGR,1957,3.31455
Bulgaria,BGR,1958,2.58186
Bulgaria,BGR,1959,2.23296
Bulgaria,BGR,1960,2.326
Bulgaria,BGR,1961,2.4074101
Bulgaria,BGR,1962,2.31437
Bulgaria,BGR,1963,2.0119898
Bulgaria,BGR,1964,1.8607999
Bulgaria,BGR,1965,2.66327
Bulgaria,BGR,1966,4.69852
Bulgaria,BGR,1967,5.80337
Bulgaria,BGR,1968,5.52425
Bulgaria,BGR,1969,3.7797499
Bulgaria,BGR,1970,3.88442
Bulgaria,BGR,1971,3.5471501
Bulgaria,BGR,1972,2.88424
Bulgaria,BGR,1973,2.2096999
Bulgaria,BGR,1974,1.6747199
Bulgaria,BGR,1975,1.41886
Bulgaria,BGR,1976,1.36071
Bulgaria,BGR,1977,1.5002699
Bulgaria,BGR,1978,2.86098
Bulgaria,BGR,1979,3.0238
Bulgaria,BGR,1980,0
Bulgaria,BGR,1981,0
Bulgaria,BGR,1982,0
Bulgaria,BGR,1983,0
Bulgaria,BGR,1984,2.523342
Bulgaria,BGR,1985,3.7747555
Bulgaria,BGR,1986,3.7747555
Bulgaria,BGR,1987,3.7747555
Bulgaria,BGR,1988,2.522365
Bulgaria,BGR,1989,3.1443417
Bulgaria,BGR,1990,0.6288683
Bulgaria,BGR,1991,0.6288683
Bulgaria,BGR,1992,0.6305913
Bulgaria,BGR,1993,0.6288683
Bulgaria,BGR,1994,0.6288683
Bulgaria,BGR,1995,0.5030947
Bulgaria,BGR,1996,0.50447303
Bulgaria,BGR,1997,0.5030947
Bulgaria,BGR,1998,0.5030947
Bulgaria,BGR,1999,0.31443414
Bulgaria,BGR,2000,0.31529564
Bulgaria,BGR,2001,0.31443414
Bulgaria,BGR,2002,0.6288683
Bulgaria,BGR,2003,0.6288683
Bulgaria,BGR,2004,0.6305913
Bulgaria,BGR,2005,0.6288683
Bulgaria,BGR,2006,0.6288683
Bulgaria,BGR,2007,0.6288683
Bulgaria,BGR,2008,0.6305913
Bulgaria,BGR,2009,0.6288683
Bulgaria,BGR,2010,0.6288683
Bulgaria,BGR,2011,0.6288683
Bulgaria,BGR,2012,0.6305913
Bulgaria,BGR,2013,0.6288683
Bulgaria,BGR,2014,0.6288683
Bulgaria,BGR,2015,0.6288683
Bulgaria,BGR,2016,0.6305913
Bulgaria,BGR,2017,0.6288683
Bulgaria,BGR,2018,0.6288683
Bulgaria,BGR,2019,0.6288683
Bulgaria,BGR,2020,0.6305913
Bulgaria,BGR,2021,0.6288683
Bulgaria,BGR,2022,0.6288683
Bulgaria,BGR,2023,0.6288683
Bulgaria,BGR,2024,0.6305913
Burkina Faso,BFA,1980,0
Burkina Faso,BFA,1981,0
Burkina Faso,BFA,1982,0
Burkina Faso,BFA,1983,0
Burkina Faso,BFA,1984,0
Burkina Faso,BFA,1985,0
Burkina Faso,BFA,1986,0
Burkina Faso,BFA,1987,0
Burkina Faso,BFA,1988,0
Burkina Faso,BFA,1989,0
Burkina Faso,BFA,1990,0
Burkina Faso,BFA,1991,0
Burkina Faso,BFA,1992,0
Burkina Faso,BFA,1993,0
Burkina Faso,BFA,1994,0
Burkina Faso,BFA,1995,0
Burkina Faso,BFA,1996,0
Burkina Faso,BFA,1997,0
Burkina Faso,BFA,1998,0
Burkina Faso,BFA,1999,0
Burkina Faso,BFA,2000,0
Burkina Faso,BFA,2001,0
Burkina Faso,BFA,2002,0
Burkina Faso,BFA,2003,0
Burkina Faso,BFA,2004,0
Burkina Faso,BFA,2005,0
Burkina Faso,BFA,2006,0
Burkina Faso,BFA,2007,0
Burkina Faso,BFA,2008,0
Burkina Faso,BFA,2009,0
Burkina Faso,BFA,2010,0
Burkina Faso,BFA,2011,0
Burkina Faso,BFA,2012,0
Burkina Faso,BFA,2013,0
Burkina Faso,BFA,2014,0
Burkina Faso,BFA,2015,0
Burkina Faso,BFA,2016,0
Burkina Faso,BFA,2017,0
Burkina Faso,BFA,2018,0
Burkina Faso,BFA,2019,0
Burkina Faso,BFA,2020,0
Burkina Faso,BFA,2021,0
Burkina Faso,BFA,2022,0
Burkina Faso,BFA,2023,0
Burkina Faso,BFA,2024,0
Burundi,BDI,1980,0
Burundi,BDI,1981,0
Burundi,BDI,1982,0
Burundi,BDI,1983,0
Burundi,BDI,1984,0
Burundi,BDI,1985,0
Burundi,BDI,1986,0
Burundi,BDI,1987,0
Burundi,BDI,1988,0
Burundi,BDI,1989,0
Burundi,BDI,1990,0
Burundi,BDI,1991,0
Burundi,BDI,1992,0
Burundi,BDI,1993,0
Burundi,BDI,1994,0
Burundi,BDI,1995,0
Burundi,BDI,1996,0
Burundi,BDI,1997,0
Burundi,BDI,1998,0
Burundi,BDI,1999,0
Burundi,BDI,2000,0
Burundi,BDI,2001,0
Burundi,BDI,2002,0
Burundi,BDI,2003,0
Burundi,BDI,2004,0
Burundi,BDI,2005,0
Burundi,BDI,2006,0
Burundi,BDI,2007,0
Burundi,BDI,2008,0
Burundi,BDI,2009,0
Burundi,BDI,2010,0
Burundi,BDI,2011,0
Burundi,BDI,2012,0
Burundi,BDI,2013,0
Burundi,BDI,2014,0
Burundi,BDI,2015,0
Burundi,BDI,2016,0
Burundi,BDI,2017,0
Burundi,BDI,2018,0
Burundi,BDI,2019,0
Burundi,BDI,2020,0
Burundi,BDI,2021,0
Burundi,BDI,2022,0
Burundi,BDI,2023,0
Burundi,BDI,2024,0
CIS (EI),,1965,2824.7874
CIS (EI),,1966,3083.113
CIS (EI),,1967,3350.603
CIS (EI),,1968,3595.996
CIS (EI),,1969,3818.129
CIS (EI),,1970,4105.8438
CIS (EI),,1971,4384.51
CIS (EI),,1972,4656.652
CIS (EI),,1973,4989.27
CIS (EI),,1974,5337.007
CIS (EI),,1975,5708.0156
CIS (EI),,1976,6043.8438
CIS (EI),,1977,6347.6426
CIS (EI),,1978,6646.906
CIS (EI),,1979,6810.528
CIS (EI),,1980,7014.9834
CIS (EI),,1981,7080.5767
CIS (EI),,1982,7123.9683
CIS (EI),,1983,7168.0693
CIS (EI),,1984,7125.8174
CIS (EI),,1985,6860.374
CIS (EI),,1986,7085.0195
CIS (EI),,1987,7200.493
CIS (EI),,1988,7188.9565
CIS (EI),,1989,6997.376
CIS (EI),,1990,6571.473
CIS (EI),,1991,5940.3447
CIS (EI),,1992,5192.873
CIS (EI),,1993,4636.559
CIS (EI),,1994,4178.438
CIS (EI),,1995,4119.953
CIS (EI),,1996,4057.514
CIS (EI),,1997,4156.7925
CIS (EI),,1998,4165.942
CIS (EI),,1999,4254.832
CIS (EI),,2000,4568.1377
CIS (EI),,2001,4927.0576
CIS (EI),,2002,5392.6177
CIS (EI),,2003,5935.0913
CIS (EI),,2004,6466.0645
CIS (EI),,2005,6694.026
CIS (EI),,2006,6987.7476
CIS (EI),,2007,7261.7075
CIS (EI),,2008,7290.379
CIS (EI),,2009,7506.33
CIS (EI),,2010,7674.3574
CIS (EI),,2011,7702.0547
CIS (EI),,2012,7751.184
CIS (EI),,2013,7849.198
CIS (EI),,2014,7883.554
CIS (EI),,2015,7948.1616
CIS (EI),,2016,8085.156
CIS (EI),,2017,8154.1406
CIS (EI),,2018,8307.626
CIS (EI),,2019,8355.942
CIS (EI),,2020,7664.9
CIS (EI),,2021,7829.5044
CIS (EI),,2022,7899.3433
CIS (EI),,2023,7851.505
CIS (EI),,2024,7637.062
CIS (EI),,2025,7717.3945
Cambodia,KHM,1980,0
Cambodia,KHM,1981,0
Cambodia,KHM,1982,0
Cambodia,KHM,1983,0
Cambodia,KHM,1984,0
Cambodia,KHM,1985,0
Cambodia,KHM,1986,0
Cambodia,KHM,1987,0
Cambodia,KHM,1988,0
Cambodia,KHM,1989,0
Cambodia,KHM,1990,0
Cambodia,KHM,1991,0
Cambodia,KHM,1992,0
Cambodia,KHM,1993,0
Cambodia,KHM,1994,0
Cambodia,KHM,1995,0
Cambodia,KHM,1996,0
Cambodia,KHM,1997,0
Cambodia,KHM,1998,0
Cambodia,KHM,1999,0
Cambodia,KHM,2000,0
Cambodia,KHM,2001,0
Cambodia,KHM,2002,0
Cambodia,KHM,2003,0
Cambodia,KHM,2004,0
Cambodia,KHM,2005,0
Cambodia,KHM,2006,0
Cambodia,KHM,2007,0
Cambodia,KHM,2008,0
Cambodia,KHM,2009,0
Cambodia,KHM,2010,0
Cambodia,KHM,2011,0
Cambodia,KHM,2012,0
Cambodia,KHM,2013,0
Cambodia,KHM,2014,0
Cambodia,KHM,2015,0
Cambodia,KHM,2016,0
Cambodia,KHM,2017,0
Cambodia,KHM,2018,0
Cambodia,KHM,2019,0
Cambodia,KHM,2020,0
Cambodia,KHM,2021,0
Cambodia,KHM,2022,0
Cambodia,KHM,2023,0
Cambodia,KHM,2024,0
Cameroon,CMR,1900,0
Cameroon,CMR,1901,0
Cameroon,CMR,1902,0
Cameroon,CMR,1903,0
Cameroon,CMR,1904,0
Cameroon,CMR,1905,0
Cameroon,CMR,1906,0
Cameroon,CMR,1907,0
Cameroon,CMR,1908,0
Cameroon,CMR,1909,0
Cameroon,CMR,1910,0
Cameroon,CMR,1911,0
Cameroon,CMR,1912,0
Cameroon,CMR,1913,0
Cameroon,CMR,1914,0
Cameroon,CMR,1915,0
Cameroon,CMR,1916,0
Cameroon,CMR,1917,0
Cameroon,CMR,1918,0
Cameroon,CMR,1919,0
Cameroon,CMR,1920,0
Cameroon,CMR,1921,0
Cameroon,CMR,1922,0
Cameroon,CMR,1923,0
Cameroon,CMR,1924,0
Cameroon,CMR,1925,0
Cameroon,CMR,1926,0
Cameroon,CMR,1927,0
Cameroon,CMR,1928,0
Cameroon,CMR,1929,0
Cameroon,CMR,1930,0
Cameroon,CMR,1931,0
Cameroon,CMR,1932,0
Cameroon,CMR,1933,0
Cameroon,CMR,1934,0
Cameroon,CMR,1935,0
Cameroon,CMR,1936,0
Cameroon,CMR,1937,0
Cameroon,CMR,1938,0
Cameroon,CMR,1939,0
Cameroon,CMR,1940,0
Cameroon,CMR,1941,0
Cameroon,CMR,1942,0
Cameroon,CMR,1943,0
Cameroon,CMR,1944,0
Cameroon,CMR,1945,0
Cameroon,CMR,1946,0
Cameroon,CMR,1947,0
Cameroon,CMR,1948,0
Cameroon,CMR,1949,0
Cameroon,CMR,1950,0
Cameroon,CMR,1951,0
Cameroon,CMR,1952,0
Cameroon,CMR,1953,0
Cameroon,CMR,1954,0
Cameroon,CMR,1955,0
Cameroon,CMR,1956,0
Cameroon,CMR,1957,0
Cameroon,CMR,1958,0
Cameroon,CMR,1959,0
Cameroon,CMR,1960,0
Cameroon,CMR,1961,0
Cameroon,CMR,1962,0
Cameroon,CMR,1963,0
Cameroon,CMR,1964,0
Cameroon,CMR,1965,0
Cameroon,CMR,1966,0
Cameroon,CMR,1967,0
Cameroon,CMR,1968,0
Cameroon,CMR,1969,0
Cameroon,CMR,1970,0
Cameroon,CMR,1971,0
Cameroon,CMR,1972,0
Cameroon,CMR,1973,0
Cameroon,CMR,1974,0
Cameroon,CMR,1975,0
Cameroon,CMR,1976,0
Cameroon,CMR,1977,0.44193998
Cameroon,CMR,1978,5.87315
Cameroon,CMR,1979,23.306519
Cameroon,CMR,1980,0
Cameroon,CMR,1981,0
Cameroon,CMR,1982,0
Cameroon,CMR,1983,0
Cameroon,CMR,1984,98.25275
Cameroon,CMR,1985,115.16401
Cameroon,CMR,1986,111.345894
Cameroon,CMR,1987,104.98412
Cameroon,CMR,1988,109.099
Cameroon,CMR,1989,108.80092
Cameroon,CMR,1990,104.34708
Cameroon,CMR,1991,96.07566
Cameroon,CMR,1992,87.4068
Cameroon,CMR,1993,82.71414
Cameroon,CMR,1994,73.806465
Cameroon,CMR,1995,64.245094
Cameroon,CMR,1996,68.266624
Cameroon,CMR,1997,74.4253
Cameroon,CMR,1998,77.27541
Cameroon,CMR,1999,72.52522
Cameroon,CMR,2000,72.59
Cameroon,CMR,2001,65.438965
Cameroon,CMR,2002,68.8492
Cameroon,CMR,2003,65.01422
Cameroon,CMR,2004,62.03826
Cameroon,CMR,2005,56.91495
Cameroon,CMR,2006,58.206703
Cameroon,CMR,2007,55.041077
Cameroon,CMR,2008,51.885914
Cameroon,CMR,2009,48.931213
Cameroon,CMR,2010,41.35707
Cameroon,CMR,2011,39.23213
Cameroon,CMR,2012,40.194366
Cameroon,CMR,2013,39.9294
Cameroon,CMR,2014,47.7197
Cameroon,CMR,2015,62.35374
Cameroon,CMR,2016,58.69654
Cameroon,CMR,2017,48.330162
Cameroon,CMR,2018,43.809734
Cameroon,CMR,2019,44.038353
Cameroon,CMR,2020,45.7239
Cameroon,CMR,2021,43.438934
Cameroon,CMR,2022,41.9365
Cameroon,CMR,2023,40.464275
Cameroon,CMR,2024,39.23562
Canada,CAN,1900,1.41886
Canada,CAN,1901,1.17463
Canada,CAN,1902,0.82573
Canada,CAN,1903,0.75595
Canada,CAN,1904,0.86062
Canada,CAN,1905,0.98855
Canada,CAN,1906,0.88387996
Canada,CAN,1907,1.2211499
Canada,CAN,1908,0.8141
Canada,CAN,1909,0.65128005
Canada,CAN,1910,0.48846
Canada,CAN,1911,0.45357
Canada,CAN,1912,0.37216002
Canada,CAN,1913,0.3489
Canada,CAN,1914,0.33727
Canada,CAN,1915,0.33727
Canada,CAN,1916,0.30238
Canada,CAN,1917,0.33727
Canada,CAN,1918,0.47683
Canada,CAN,1919,0.37216002
Canada,CAN,1920,0.30238
Canada,CAN,1921,0.31401
Canada,CAN,1922,0.30238
Canada,CAN,1923,0.29075
Canada,CAN,1924,0.26749
Canada,CAN,1925,0.55824
Canada,CAN,1926,0.54661
Canada,CAN,1927,0.70943
Canada,CAN,1928,0.93039995
Canada,CAN,1929,1.6747199
Canada,CAN,1930,2.27948
Canada,CAN,1931,2.30274
Canada,CAN,1932,1.5584201
Canada,CAN,1933,1.70961
Canada,CAN,1934,2.1050298
Canada,CAN,1935,2.16318
Canada,CAN,1936,2.24459
Canada,CAN,1937,3.59367
Canada,CAN,1938,10.15299
Canada,CAN,1939,11.827709
Canada,CAN,1940,13.11864
Canada,CAN,1941,15.4679
Canada,CAN,1942,15.8168
Canada,CAN,1943,15.060849
Canada,CAN,1944,15.165521
Canada,CAN,1945,12.68833
Canada,CAN,1946,11.23458
Canada,CAN,1947,11.42066
Canada,CAN,1948,18.57311
Canada,CAN,1949,32.73845
Canada,CAN,1950,45.42678
Canada,CAN,1951,74.478516
Canada,CAN,1952,95.78468
Canada,CAN,1953,126.54603
Canada,CAN,1954,150.2945
Canada,CAN,1955,202.4783
Canada,CAN,1956,269.01355
Canada,CAN,1957,284.45816
Canada,CAN,1958,258.8722
Canada,CAN,1959,289.0404
Canada,CAN,1960,296.66968
Canada,CAN,1961,345.66687
Canada,CAN,1962,382.21997
Canada,CAN,1963,403.03763
Canada,CAN,1964,429.5773
Canada,CAN,1965,510.25665
Canada,CAN,1966,560.70734
Canada,CAN,1967,612.91425
Canada,CAN,1968,664.29785
Canada,CAN,1969,723.5958
Canada,CAN,1970,814.8895
Canada,CAN,1971,874.15466
Canada,CAN,1972,1008.47394
Canada,CAN,1973,1166.6589
Canada,CAN,1974,1097.7156
Canada,CAN,1975,948.7265
Canada,CAN,1976,875.7928
Canada,CAN,1977,878.9293
Canada,CAN,1978,874.4582
Canada,CAN,1979,1003.3732
Canada,CAN,1980,968.42413
Canada,CAN,1981,876.45544
Canada,CAN,1982,867.18097
Canada,CAN,1983,913.65857
Canada,CAN,1984,974.7762
Canada,CAN,1985,996.51917
Canada,CAN,1986,997.1099
Canada,CAN,1987,1050.1238
Canada,CAN,1988,1105.9545
Canada,CAN,1989,1077.1763
Canada,CAN,1990,1078.7738
Canada,CAN,1991,1084.0847
Canada,CAN,1992,1129.9681
Canada,CAN,1993,1189.5297
Canada,CAN,1994,1240.8297
Canada,CAN,1995,1301.4706
Canada,CAN,1996,1342.7245
Canada,CAN,1997,1403.7892
Canada,CAN,1998,1454.7723
Canada,CAN,1999,1407.1923
Canada,CAN,2000,1454.7485
Canada,CAN,2001,1467.3573
Canada,CAN,2002,1546.8191
Canada,CAN,2003,1635.5128
Canada,CAN,2004,1688.1901
Canada,CAN,2005,1659.3553
Canada,CAN,2006,1756.1113
Canada,CAN,2007,1810.4688
Canada,CAN,2008,1782.181
Canada,CAN,2009,1781.1637
Canada,CAN,2010,1868.1313
Canada,CAN,2011,1978.6213
Canada,CAN,2012,2127.2776
Canada,CAN,2013,2272.614
Canada,CAN,2014,2439.7065
Canada,CAN,2015,2512.9456
Canada,CAN,2016,2545.1667
Canada,CAN,2017,2751.9355
Canada,CAN,2018,2997.575
Canada,CAN,2019,3063.6577
Canada,CAN,2020,2930.347
Canada,CAN,2021,3100.7734
Canada,CAN,2022,3185.7852
Canada,CAN,2023,3229.7332
Canada,CAN,2024,3374.6255
Canada,CAN,2025,3514.414
Cape Verde,CPV,1980,0
Cape Verde,CPV,1981,0
Cape Verde,CPV,1982,0
Cape Verde,CPV,1983,0
Cape Verde,CPV,1984,0
Cape Verde,CPV,1985,0
Cape Verde,CPV,1986,0
Cape Verde,CPV,1987,0
Cape Verde,CPV,1988,0
Cape Verde,CPV,1989,0
Cape Verde,CPV,1990,0
Cape Verde,CPV,1991,0
Cape Verde,CPV,1992,0
Cape Verde,CPV,1993,0
Cape Verde,CPV,1994,0
Cape Verde,CPV,1995,0
Cape Verde,CPV,1996,0
Cape Verde,CPV,1997,0
Cape Verde,CPV,1998,0
Cape Verde,CPV,1999,0
Cape Verde,CPV,2000,0
Cape Verde,CPV,2001,0
Cape Verde,CPV,2002,0
Cape Verde,CPV,2003,0
Cape Verde,CPV,2004,0
Cape Verde,CPV,2005,0
Cape Verde,CPV,2006,0
Cape Verde,CPV,2007,0
Cape Verde,CPV,2008,0
Cape Verde,CPV,2009,0
Cape Verde,CPV,2010,0
Cape Verde,CPV,2011,0
Cape Verde,CPV,2012,0
Cape Verde,CPV,2013,0
Cape Verde,CPV,2014,0
Cape Verde,CPV,2015,0
Cape Verde,CPV,2016,0
Cape Verde,CPV,2017,0
Cape Verde,CPV,2018,0
Cape Verde,CPV,2019,0
Cape Verde,CPV,2020,0
Cape Verde,CPV,2021,0
Cape Verde,CPV,2022,0
Cape Verde,CPV,2023,0
Cape Verde,CPV,2024,0
Cayman Islands,CYM,1980,0
Cayman Islands,CYM,1981,0
Cayman Islands,CYM,1982,0
Cayman Islands,CYM,1983,0
Cayman Islands,CYM,1984,0
Cayman Islands,CYM,1985,0
Cayman Islands,CYM,1986,0
Cayman Islands,CYM,1987,0
Cayman Islands,CYM,1988,0
Cayman Islands,CYM,1989,0
Cayman Islands,CYM,1990,0
Cayman Islands,CYM,1991,0
Cayman Islands,CYM,1992,0
Cayman Islands,CYM,1993,0
Cayman Islands,CYM,1994,0
Cayman Islands,CYM,1995,0
Cayman Islands,CYM,1996,0
Cayman Islands,CYM,1997,0
Cayman Islands,CYM,1998,0
Cayman Islands,CYM,1999,0
Cayman Islands,CYM,2000,0
Cayman Islands,CYM,2001,0
Cayman Islands,CYM,2002,0
Cayman Islands,CYM,2003,0
Cayman Islands,CYM,2004,0
Cayman Islands,CYM,2005,0
Cayman Islands,CYM,2006,0
Cayman Islands,CYM,2007,0
Cayman Islands,CYM,2008,0
Cayman Islands,CYM,2009,0
Cayman Islands,CYM,2010,0
Cayman Islands,CYM,2011,0
Cayman Islands,CYM,2012,0
Cayman Islands,CYM,2013,0
Cayman Islands,CYM,2014,0
Cayman Islands,CYM,2015,0
Cayman Islands,CYM,2016,0
Cayman Islands,CYM,2017,0
Cayman Islands,CYM,2018,0
Cayman Islands,CYM,2019,0
Cayman Islands,CYM,2020,0
Cayman Islands,CYM,2021,0
Cayman Islands,CYM,2022,0
Cayman Islands,CYM,2023,0
Cayman Islands,CYM,2024,0
Central African Republic,CAF,1980,0
Central African Republic,CAF,1981,0
Central African Republic,CAF,1982,0
Central African Republic,CAF,1983,0
Central African Republic,CAF,1984,0
Central African Republic,CAF,1985,0
Central African Republic,CAF,1986,0
Central African Republic,CAF,1987,0
Central African Republic,CAF,1988,0
Central African Republic,CAF,1989,0
Central African Republic,CAF,1990,0
Central African Republic,CAF,1991,0
Central African Republic,CAF,1992,0
Central African Republic,CAF,1993,0
Central African Republic,CAF,1994,0
Central African Republic,CAF,1995,0
Central African Republic,CAF,1996,0
Central African Republic,CAF,1997,0
Central African Republic,CAF,1998,0
Central African Republic,CAF,1999,0
Central African Republic,CAF,2000,0
Central African Republic,CAF,2001,0
Central African Republic,CAF,2002,0
Central African Republic,CAF,2003,0
Central African Republic,CAF,2004,0
Central African Republic,CAF,2005,0
Central African Republic,CAF,2006,0
Central African Republic,CAF,2007,0
Central African Republic,CAF,2008,0
Central African Republic,CAF,2009,0
Central African Republic,CAF,2010,0
Central African Republic,CAF,2011,0
Central African Republic,CAF,2012,0
Central African Republic,CAF,2013,0
Central African Republic,CAF,2014,0
Central African Republic,CAF,2015,0
Central African Republic,CAF,2016,0
Central African Republic,CAF,2017,0
Central African Republic,CAF,2018,0
Central African Republic,CAF,2019,0
Central African Republic,CAF,2020,0
Central African Republic,CAF,2021,0
Central African Republic,CAF,2022,0
Central African Republic,CAF,2023,0
Central African Republic,CAF,2024,0
Chad,TCD,1980,0
Chad,TCD,1981,0
Chad,TCD,1982,0
Chad,TCD,1983,0
Chad,TCD,1984,0
Chad,TCD,1985,0
Chad,TCD,1986,0
Chad,TCD,1987,0
Chad,TCD,1988,0
Chad,TCD,1989,0
Chad,TCD,1990,0
Chad,TCD,1991,0
Chad,TCD,1992,0
Chad,TCD,1993,0
Chad,TCD,1994,0
Chad,TCD,1995,0
Chad,TCD,1996,0
Chad,TCD,1997,0
Chad,TCD,1998,0
Chad,TCD,1999,0
Chad,TCD,2000,0
Chad,TCD,2001,0
Chad,TCD,2002,0
Chad,TCD,2003,14.391079
Chad,TCD,2004,102.74561
Chad,TCD,2005,105.92504
Chad,TCD,2006,93.542015
Chad,TCD,2007,87.68518
Chad,TCD,2008,77.81223
Chad,TCD,2009,71.9554
Chad,TCD,2010,74.46547
Chad,TCD,2011,69.44532
Chad,TCD,2012,61.74777
Chad,TCD,2013,55.358665
Chad,TCD,2014,54.240368
Chad,TCD,2015,67.56121
Chad,TCD,2016,71.3618
Chad,TCD,2017,60.108273
Chad,TCD,2018,70.548904
Chad,TCD,2019,77.494965
Chad,TCD,2020,77.326004
Chad,TCD,2021,71.14674
Chad,TCD,2022,75.57923
Chad,TCD,2023,81.76247
Chad,TCD,2024,78.396484
Chad,TCD,2025,67.79699
Chile,CHL,1900,0
Chile,CHL,1901,0
Chile,CHL,1902,0
Chile,CHL,1903,0
Chile,CHL,1904,0
Chile,CHL,1905,0
Chile,CHL,1906,0
Chile,CHL,1907,0
Chile,CHL,1908,0
Chile,CHL,1909,0
Chile,CHL,1910,0
Chile,CHL,1911,0
Chile,CHL,1912,0
Chile,CHL,1913,0
Chile,CHL,1914,0
Chile,CHL,1915,0
Chile,CHL,1916,0
Chile,CHL,1917,0
Chile,CHL,1918,0
Chile,CHL,1919,0
Chile,CHL,1920,0
Chile,CHL,1921,0
Chile,CHL,1922,0
Chile,CHL,1923,0
Chile,CHL,1924,0
Chile,CHL,1925,0
Chile,CHL,1926,0
Chile,CHL,1927,0
Chile,CHL,1928,0
Chile,CHL,1929,0
Chile,CHL,1930,0
Chile,CHL,1931,0
Chile,CHL,1932,0
Chile,CHL,1933,0
Chile,CHL,1934,0
Chile,CHL,1935,0
Chile,CHL,1936,0
Chile,CHL,1937,0
Chile,CHL,1938,0
Chile,CHL,1939,0
Chile,CHL,1940,0
Chile,CHL,1941,0
Chile,CHL,1942,0
Chile,CHL,1943,0
Chile,CHL,1944,0
Chile,CHL,1945,0
Chile,CHL,1946,0
Chile,CHL,1947,0
Chile,CHL,1948,0
Chile,CHL,1949,0.081410006
Chile,CHL,1950,0.95366
Chile,CHL,1951,1.15137
Chile,CHL,1952,1.38397
Chile,CHL,1953,1.90732
Chile,CHL,1954,2.62838
Chile,CHL,1955,3.90768
Chile,CHL,1956,5.37306
Chile,CHL,1957,6.57095
Chile,CHL,1958,8.44338
Chile,CHL,1959,9.74594
Chile,CHL,1960,10.967091
Chile,CHL,1961,14.049039
Chile,CHL,1962,17.724121
Chile,CHL,1963,20.02686
Chile,CHL,1964,20.747921
Chile,CHL,1965,19.259281
Chile,CHL,1966,18.840601
Chile,CHL,1967,18.840601
Chile,CHL,1968,20.75955
Chile,CHL,1969,19.89893
Chile,CHL,1970,17.07284
Chile,CHL,1971,16.30526
Chile,CHL,1972,16.479712
Chile,CHL,1973,14.83988
Chile,CHL,1974,12.9093
Chile,CHL,1975,11.56022
Chile,CHL,1976,10.90894
Chile,CHL,1977,10.79264
Chile,CHL,1978,9.0714
Chile,CHL,1979,11.7463
Chile,CHL,1980,0
Chile,CHL,1981,0
Chile,CHL,1982,0
Chile,CHL,1983,0
Chile,CHL,1984,25.927094
Chile,CHL,1985,23.95394
Chile,CHL,1986,22.477108
Chile,CHL,1987,21.639442
Chile,CHL,1988,16.903173
Chile,CHL,1989,15.38826
Chile,CHL,1990,13.990844
Chile,CHL,1991,12.633261
Chile,CHL,1992,11.023959
Chile,CHL,1993,10.73241
Chile,CHL,1994,10.566725
Chile,CHL,1995,7.972832
Chile,CHL,1996,7.0448604
Chile,CHL,1997,5.495104
Chile,CHL,1998,5.265617
Chile,CHL,1999,5.2163916
Chile,CHL,2000,4.9608293
Chile,CHL,2001,5.5056777
Chile,CHL,2002,4.9313736
Chile,CHL,2003,4.413224
Chile,CHL,2004,4.3878293
Chile,CHL,2005,3.9776301
Chile,CHL,2006,6.0275598
Chile,CHL,2007,5.2612815
Chile,CHL,2008,3.697737
Chile,CHL,2009,4.0535583
Chile,CHL,2010,6.4924765
Chile,CHL,2011,6.5393004
Chile,CHL,2012,6.3627663
Chile,CHL,2013,5.8851714
Chile,CHL,2014,5.028718
Chile,CHL,2015,4.3148265
Chile,CHL,2016,3.1878076
Chile,CHL,2017,3.3368058
Chile,CHL,2018,4.5605044
Chile,CHL,2019,5.7798657
Chile,CHL,2020,4.346513
Chile,CHL,2021,4.1133847
Chile,CHL,2022,4.5653157
Chile,CHL,2023,5.069155
Chile,CHL,2024,6.106533
China,CHN,1900,0
China,CHN,1901,0
China,CHN,1902,0
China,CHN,1903,0
China,CHN,1904,0
China,CHN,1905,0
China,CHN,1906,0
China,CHN,1907,0
China,CHN,1908,0
China,CHN,1909,0
China,CHN,1910,0
China,CHN,1911,0
China,CHN,1912,0
China,CHN,1913,0
China,CHN,1914,0
China,CHN,1915,0
China,CHN,1916,0
China,CHN,1917,0
China,CHN,1918,0
China,CHN,1919,0
China,CHN,1920,0
China,CHN,1921,0
China,CHN,1922,0
China,CHN,1923,0
China,CHN,1924,0
China,CHN,1925,0
China,CHN,1926,0.023260001
China,CHN,1927,0.03489
China,CHN,1928,0.03489
China,CHN,1929,0.046520002
China,CHN,1930,0.5815
China,CHN,1931,0.70943
China,CHN,1932,0.8141
China,CHN,1933,1.01181
China,CHN,1934,1.06996
China,CHN,1935,1.63983
China,CHN,1936,1.9305799
China,CHN,1937,2.25622
China,CHN,1938,3.16336
China,CHN,1939,4.46592
China,CHN,1940,6.80355
China,CHN,1941,7.71069
China,CHN,1942,9.50171
China,CHN,1943,3.6169298
China,CHN,1944,2.33763
China,CHN,1945,2.03525
China,CHN,1946,0.8141
China,CHN,1947,0.60476
China,CHN,1948,0.84898996
China,CHN,1949,1.37234
China,CHN,1950,2.34926
China,CHN,1951,3.55878
China,CHN,1952,5.0706797
China,CHN,1953,7.2338595
China,CHN,1954,9.176069
China,CHN,1955,11.23458
China,CHN,1956,13.52569
China,CHN,1957,16.979801
China,CHN,1958,26.330318
China,CHN,1959,43.031002
China,CHN,1960,63.965
China,CHN,1961,72.105995
China,CHN,1962,79.084
China,CHN,1963,87.225
China,CHN,1964,98.855
China,CHN,1965,131.53531
China,CHN,1966,169.2165
China,CHN,1967,161.42441
China,CHN,1968,185.9637
China,CHN,1969,252.8362
China,CHN,1970,356.4595
China,CHN,1971,458.3383
China,CHN,1972,531.1421
China,CHN,1973,623.4843
China,CHN,1974,754.2055
China,CHN,1975,896.20776
China,CHN,1976,1013.67084
China,CHN,1977,1089.0332
China,CHN,1978,1210.1016
China,CHN,1979,1234.5245
China,CHN,1980,1232.1985
China,CHN,1981,1177.1886
China,CHN,1982,1187.6556
China,CHN,1983,1233.5941
China,CHN,1984,1332.9143
China,CHN,1985,1452.587
China,CHN,1986,1519.9247
China,CHN,1987,1560.0482
China,CHN,1988,1593.8915
China,CHN,1989,1600.7532
China,CHN,1990,1608.5453
China,CHN,1991,1639.7137
China,CHN,1992,1651.9252
China,CHN,1993,1675.0688
China,CHN,1994,1698.9104
China,CHN,1995,1733.1027
China,CHN,1996,1843.5876
China,CHN,1997,1862.312
China,CHN,1998,1862.8933
China,CHN,1999,1863.3586
China,CHN,2000,1891.2705
China,CHN,2001,1916.9729
China,CHN,2002,1940.6515
China,CHN,2003,1972.2737
China,CHN,2004,2024.213
China,CHN,2005,2109.1343
China,CHN,2006,2148.8252
China,CHN,2007,2166.8809
China,CHN,2008,2214.8125
China,CHN,2009,2203.7688
China,CHN,2010,2361.053
China,CHN,2011,2359.4421
China,CHN,2012,2412.969
China,CHN,2013,2441.8264
China,CHN,2014,2458.9192
China,CHN,2015,2495.3328
China,CHN,2016,2322.3364
China,CHN,2017,2227.2148
China,CHN,2018,2201.8381
China,CHN,2019,2228.6338
China,CHN,2020,2265.1633
China,CHN,2021,2312.986
China,CHN,2022,2380.9167
China,CHN,2023,2430.9724
China,CHN,2024,2475.9224
China,CHN,2025,2513.0918
Colombia,COL,1900,0
Colombia,COL,1901,0
Colombia,COL,1902,0
Colombia,COL,1903,0
Colombia,COL,1904,0
Colombia,COL,1905,0
Colombia,COL,1906,0
Colombia,COL,1907,0
Colombia,COL,1908,0
Colombia,COL,1909,0
Colombia,COL,1910,0
Colombia,COL,1911,0
Colombia,COL,1912,0
Colombia,COL,1913,0
Colombia,COL,1914,0
Colombia,COL,1915,0
Colombia,COL,1916,0
Colombia,COL,1917,0
Colombia,COL,1918,0
Colombia,COL,1919,0
Colombia,COL,1920,0
Colombia,COL,1921,0.116299994
Colombia,COL,1922,0.53498
Colombia,COL,1923,0.70943
Colombia,COL,1924,0.74432003
Colombia,COL,1925,1.6747199
Colombia,COL,1926,10.6996
Colombia,COL,1927,24.934721
Colombia,COL,1928,33.040833
Colombia,COL,1929,33.85493
Colombia,COL,1930,32.35466
Colombia,COL,1931,28.88892
Colombia,COL,1932,26.01631
Colombia,COL,1933,20.840961
Colombia,COL,1934,27.47006
Colombia,COL,1935,27.935259
Colombia,COL,1936,29.95888
Colombia,COL,1937,32.64541
Colombia,COL,1938,34.70392
Colombia,COL,1939,38.378998
Colombia,COL,1940,41.11205
Colombia,COL,1941,39.63504
Colombia,COL,1942,17.03795
Colombia,COL,1943,21.55039
Colombia,COL,1944,36.43679
Colombia,COL,1945,36.71591
Colombia,COL,1946,36.07626
Colombia,COL,1947,40.18165
Colombia,COL,1948,38.27433
Colombia,COL,1949,47.810932
Colombia,COL,1950,54.78893
Colombia,COL,1951,61.76693
Colombia,COL,1952,62.25539
Colombia,COL,1953,63.43002
Colombia,COL,1954,64.3139
Colombia,COL,1955,63.88359
Colombia,COL,1956,70.989525
Colombia,COL,1957,73.583015
Colombia,COL,1958,73.75746
Colombia,COL,1959,84.445435
Colombia,COL,1960,88.20192
Colombia,COL,1961,84.17794
Colombia,COL,1962,82.09617
Colombia,COL,1963,95.691635
Colombia,COL,1964,99.98311
Colombia,COL,1965,123.91237
Colombia,COL,1966,121.46218
Colombia,COL,1967,117.17435
Colombia,COL,1968,107.66777
Colombia,COL,1969,130.65038
Colombia,COL,1970,136.76793
Colombia,COL,1971,135.78943
Colombia,COL,1972,123.015465
Colombia,COL,1973,115.69473
Colombia,COL,1974,105.52804
Colombia,COL,1975,98.84858
Colombia,COL,1976,92.362915
Colombia,COL,1977,86.84424
Colombia,COL,1978,82.55641
Colombia,COL,1979,77.65604
Colombia,COL,1980,79.09724
Colombia,COL,1981,84.39405
Colombia,COL,1982,88.92848
Colombia,COL,1983,95.41989
Colombia,COL,1984,104.8947
Colombia,COL,1985,110.73357
Colombia,COL,1986,186.68938
Colombia,COL,1987,236.79889
Colombia,COL,1988,232.53386
Colombia,COL,1989,248.43729
Colombia,COL,1990,271.8334
Colombia,COL,1991,262.5844
Colombia,COL,1992,270.61578
Colombia,COL,1993,279.4891
Colombia,COL,1994,280.52615
Colombia,COL,1995,360.71124
Colombia,COL,1996,387.98355
Colombia,COL,1997,405.1625
Colombia,COL,1998,469.95505
Colombia,COL,1999,508.2989
Colombia,COL,2000,421.97263
Colombia,COL,2001,369.97833
Colombia,COL,2002,354.0521
Colombia,COL,2003,331.38788
Colombia,COL,2004,324.48898
Colombia,COL,2005,322.2988
Colombia,COL,2006,323.06256
Colombia,COL,2007,325.31992
Colombia,COL,2008,360.95447
Colombia,COL,2009,410.77594
Colombia,COL,2010,481.3789
Colombia,COL,2011,560.6426
Colombia,COL,2012,579.90173
Colombia,COL,2013,618.5938
Colombia,COL,2014,606.6536
Colombia,COL,2015,615.9615
Colombia,COL,2016,544.14105
Colombia,COL,2017,523.1395
Colombia,COL,2018,530.1477
Colombia,COL,2019,542.61224
Colombia,COL,2020,479.76053
Colombia,COL,2021,451.0527
Colombia,COL,2022,462.05707
Colombia,COL,2023,477.31705
Colombia,COL,2024,474.6074
Colombia,COL,2025,458.50525
Comoros,COM,1980,0
Comoros,COM,1981,0
Comoros,COM,1982,0
Comoros,COM,1983,0
Comoros,COM,1984,0
Comoros,COM,1985,0
Comoros,COM,1986,0
Comoros,COM,1987,0
Comoros,COM,1988,0
Comoros,COM,1989,0
Comoros,COM,1990,0
Comoros,COM,1991,0
Comoros,COM,1992,0
Comoros,COM,1993,0
Comoros,COM,1994,0
Comoros,COM,1995,0
Comoros,COM,1996,0
Comoros,COM,1997,0
Comoros,COM,1998,0
Comoros,COM,1999,0
Comoros,COM,2000,0
Comoros,COM,2001,0
Comoros,COM,2002,0
Comoros,COM,2003,0
Comoros,COM,2004,0
Comoros,COM,2005,0
Comoros,COM,2006,0
Comoros,COM,2007,0
Comoros,COM,2008,0
Comoros,COM,2009,0
Comoros,COM,2010,0
Comoros,COM,2011,0
Comoros,COM,2012,0
Comoros,COM,2013,0
Comoros,COM,2014,0
Comoros,COM,2015,0
Comoros,COM,2016,0
Comoros,COM,2017,0
Comoros,COM,2018,0
Comoros,COM,2019,0
Comoros,COM,2020,0
Comoros,COM,2021,0
Comoros,COM,2022,0
Comoros,COM,2023,0
Comoros,COM,2024,0
Congo,COG,1900,0
Congo,COG,1901,0
Congo,COG,1902,0
Congo,COG,1903,0
Congo,COG,1904,0
Congo,COG,1905,0
Congo,COG,1906,0
Congo,COG,1907,0
Congo,COG,1908,0
Congo,COG,1909,0
Congo,COG,1910,0
Congo,COG,1911,0
Congo,COG,1912,0
Congo,COG,1913,0
Congo,COG,1914,0
Congo,COG,1915,0
Congo,COG,1916,0
Congo,COG,1917,0
Congo,COG,1918,0
Congo,COG,1919,0
Congo,COG,1920,0
Congo,COG,1921,0
Congo,COG,1922,0
Congo,COG,1923,0
Congo,COG,1924,0
Congo,COG,1925,0
Congo,COG,1926,0
Congo,COG,1927,0
Congo,COG,1928,0
Congo,COG,1929,0
Congo,COG,1930,0
Congo,COG,1931,0
Congo,COG,1932,0
Congo,COG,1933,0
Congo,COG,1934,0
Congo,COG,1935,0
Congo,COG,1936,0
Congo,COG,1937,0
Congo,COG,1938,0
Congo,COG,1939,0
Congo,COG,1940,0
Congo,COG,1941,0
Congo,COG,1942,0
Congo,COG,1943,0
Congo,COG,1944,0
Congo,COG,1945,0
Congo,COG,1946,0
Congo,COG,1947,0
Congo,COG,1948,0
Congo,COG,1949,0
Congo,COG,1950,0
Congo,COG,1951,0
Congo,COG,1952,0
Congo,COG,1953,0
Congo,COG,1954,0
Congo,COG,1955,0
Congo,COG,1956,0
Congo,COG,1957,0
Congo,COG,1958,0
Congo,COG,1959,0
Congo,COG,1960,0.60476
Congo,COG,1961,1.19789
Congo,COG,1962,1.43049
Congo,COG,1963,1.2676699
Congo,COG,1964,0.96528995
Congo,COG,1965,0.82573
Congo,COG,1966,0.72106
Congo,COG,1967,0.5815
Congo,COG,1968,0.50009
Congo,COG,1969,0.27912
Congo,COG,1970,0.22096999
Congo,COG,1971,0.16282001
Congo,COG,1972,3.90768
Congo,COG,1973,24.31833
Congo,COG,1974,28.55165
Congo,COG,1975,20.80607
Congo,COG,1976,24.422998
Congo,COG,1977,19.061571
Congo,COG,1978,28.2609
Congo,COG,1979,32.122063
Congo,COG,1980,36.84384
Congo,COG,1981,47.69463
Congo,COG,1982,52.95139
Congo,COG,1983,62.394947
Congo,COG,1984,70.07075
Congo,COG,1985,69.04731
Congo,COG,1986,69.21013
Congo,COG,1987,73.466705
Congo,COG,1988,81.851944
Congo,COG,1989,92.59806
Congo,COG,1990,93.37727
Congo,COG,1991,93.66802
Congo,COG,1992,100.45994
Congo,COG,1993,110.92694
Congo,COG,1994,111.20606
Congo,COG,1995,107.775215
Congo,COG,1996,120.475174
Congo,COG,1997,134.74518
Congo,COG,1998,158.15637
Congo,COG,1999,159.6449
Congo,COG,2000,157.21277
Congo,COG,2001,145.88965
Congo,COG,2002,140.1276
Congo,COG,2003,128.00389
Congo,COG,2004,133.39854
Congo,COG,2005,146.158
Congo,COG,2006,165.13911
Congo,COG,2007,133.55975
Congo,COG,2008,141.85997
Congo,COG,2009,163.89842
Congo,COG,2010,186.5655
Congo,COG,2011,178.15218
Congo,COG,2012,165.62729
Congo,COG,2013,143.32234
Congo,COG,2014,149.92778
Congo,COG,2015,138.78883
Congo,COG,2016,138.25708
Congo,COG,2017,160.49629
Congo,COG,2018,196.91171
Congo,COG,2019,200.34785
Congo,COG,2020,183.19785
Congo,COG,2021,162.84421
Congo,COG,2022,159.82117
Congo,COG,2023,165.6352
Congo,COG,2024,159.47325
Congo,COG,2025,165.45473
Cook Islands,COK,1980,0
Cook Islands,COK,1981,0
Cook Islands,COK,1982,0
Cook Islands,COK,1983,0
Cook Islands,COK,1984,0
Cook Islands,COK,1985,0
Cook Islands,COK,1986,0
Cook Islands,COK,1987,0
Cook Islands,COK,1988,0
Cook Islands,COK,1989,0
Cook Islands,COK,1990,0
Cook Islands,COK,1991,0
Cook Islands,COK,1992,0
Cook Islands,COK,1993,0
Cook Islands,COK,1994,0
Cook Islands,COK,1995,0
Cook Islands,COK,1996,0
Cook Islands,COK,1997,0
Cook Islands,COK,1998,0
Cook Islands,COK,1999,0
Cook Islands,COK,2000,0
Cook Islands,COK,2001,0
Cook Islands,COK,2002,0
Cook Islands,COK,2003,0
Cook Islands,COK,2004,0
Cook Islands,COK,2005,0
Cook Islands,COK,2006,0
Cook Islands,COK,2007,0
Cook Islands,COK,2008,0
Cook Islands,COK,2009,0
Cook Islands,COK,2010,0
Cook Islands,COK,2011,0
Cook Islands,COK,2012,0
Cook Islands,COK,2013,0
Cook Islands,COK,2014,0
Cook Islands,COK,2015,0
Cook Islands,COK,2016,0
Cook Islands,COK,2017,0
Cook Islands,COK,2018,0
Cook Islands,COK,2019,0
Cook Islands,COK,2020,0
Cook Islands,COK,2021,0
Cook Islands,COK,2022,0
Cook Islands,COK,2023,0
Cook Islands,COK,2024,0
Costa Rica,CRI,1980,0
Costa Rica,CRI,1981,0
Costa Rica,CRI,1982,0
Costa Rica,CRI,1983,0
Costa Rica,CRI,1984,0
Costa Rica,CRI,1985,0
Costa Rica,CRI,1986,0
Costa Rica,CRI,1987,0
Costa Rica,CRI,1988,0
Costa Rica,CRI,1989,0
Costa Rica,CRI,1990,0
Costa Rica,CRI,1991,0
Costa Rica,CRI,1992,0
Costa Rica,CRI,1993,0
Costa Rica,CRI,1994,0
Costa Rica,CRI,1995,0
Costa Rica,CRI,1996,0
Costa Rica,CRI,1997,0
Costa Rica,CRI,1998,0
Costa Rica,CRI,1999,0
Costa Rica,CRI,2000,0
Costa Rica,CRI,2001,0
Costa Rica,CRI,2002,0
Costa Rica,CRI,2003,0
Costa Rica,CRI,2004,0
Costa Rica,CRI,2005,0
Costa Rica,CRI,2006,0
Costa Rica,CRI,2007,0
Costa Rica,CRI,2008,0
Costa Rica,CRI,2009,0
Costa Rica,CRI,2010,0
Costa Rica,CRI,2011,0
Costa Rica,CRI,2012,0
Costa Rica,CRI,2013,0
Costa Rica,CRI,2014,0
Costa Rica,CRI,2015,0
Costa Rica,CRI,2016,0
Costa Rica,CRI,2017,0
Costa Rica,CRI,2018,0
Costa Rica,CRI,2019,0
Costa Rica,CRI,2020,0
Costa Rica,CRI,2021,0
Costa Rica,CRI,2022,0
Costa Rica,CRI,2023,0
Costa Rica,CRI,2024,0
Cote d'Ivoire,CIV,1900,0
Cote d'Ivoire,CIV,1901,0
Cote d'Ivoire,CIV,1902,0
Cote d'Ivoire,CIV,1903,0
Cote d'Ivoire,CIV,1904,0
Cote d'Ivoire,CIV,1905,0
Cote d'Ivoire,CIV,1906,0
Cote d'Ivoire,CIV,1907,0
Cote d'Ivoire,CIV,1908,0
Cote d'Ivoire,CIV,1909,0
Cote d'Ivoire,CIV,1910,0
Cote d'Ivoire,CIV,1911,0
Cote d'Ivoire,CIV,1912,0
Cote d'Ivoire,CIV,1913,0
Cote d'Ivoire,CIV,1914,0
Cote d'Ivoire,CIV,1915,0
Cote d'Ivoire,CIV,1916,0
Cote d'Ivoire,CIV,1917,0
Cote d'Ivoire,CIV,1918,0
Cote d'Ivoire,CIV,1919,0
Cote d'Ivoire,CIV,1920,0
Cote d'Ivoire,CIV,1921,0
Cote d'Ivoire,CIV,1922,0
Cote d'Ivoire,CIV,1923,0
Cote d'Ivoire,CIV,1924,0
Cote d'Ivoire,CIV,1925,0
Cote d'Ivoire,CIV,1926,0
Cote d'Ivoire,CIV,1927,0
Cote d'Ivoire,CIV,1928,0
Cote d'Ivoire,CIV,1929,0
Cote d'Ivoire,CIV,1930,0
Cote d'Ivoire,CIV,1931,0
Cote d'Ivoire,CIV,1932,0
Cote d'Ivoire,CIV,1933,0
Cote d'Ivoire,CIV,1934,0
Cote d'Ivoire,CIV,1935,0
Cote d'Ivoire,CIV,1936,0
Cote d'Ivoire,CIV,1937,0
Cote d'Ivoire,CIV,1938,0
Cote d'Ivoire,CIV,1939,0
Cote d'Ivoire,CIV,1940,0
Cote d'Ivoire,CIV,1941,0
Cote d'Ivoire,CIV,1942,0
Cote d'Ivoire,CIV,1943,0
Cote d'Ivoire,CIV,1944,0
Cote d'Ivoire,CIV,1945,0
Cote d'Ivoire,CIV,1946,0
Cote d'Ivoire,CIV,1947,0
Cote d'Ivoire,CIV,1948,0
Cote d'Ivoire,CIV,1949,0
Cote d'Ivoire,CIV,1950,0
Cote d'Ivoire,CIV,1951,0
Cote d'Ivoire,CIV,1952,0
Cote d'Ivoire,CIV,1953,0
Cote d'Ivoire,CIV,1954,0
Cote d'Ivoire,CIV,1955,0
Cote d'Ivoire,CIV,1956,0
Cote d'Ivoire,CIV,1957,0
Cote d'Ivoire,CIV,1958,0
Cote d'Ivoire,CIV,1959,0
Cote d'Ivoire,CIV,1960,0
Cote d'Ivoire,CIV,1961,0
Cote d'Ivoire,CIV,1962,0
Cote d'Ivoire,CIV,1963,0
Cote d'Ivoire,CIV,1964,0
Cote d'Ivoire,CIV,1965,0
Cote d'Ivoire,CIV,1966,0
Cote d'Ivoire,CIV,1967,0
Cote d'Ivoire,CIV,1968,0
Cote d'Ivoire,CIV,1969,0
Cote d'Ivoire,CIV,1970,0
Cote d'Ivoire,CIV,1971,0
Cote d'Ivoire,CIV,1972,0
Cote d'Ivoire,CIV,1973,0
Cote d'Ivoire,CIV,1974,0
Cote d'Ivoire,CIV,1975,0
Cote d'Ivoire,CIV,1976,0
Cote d'Ivoire,CIV,1977,0
Cote d'Ivoire,CIV,1978,0
Cote d'Ivoire,CIV,1979,0
Cote d'Ivoire,CIV,1980,0
Cote d'Ivoire,CIV,1981,0
Cote d'Ivoire,CIV,1982,0
Cote d'Ivoire,CIV,1983,0
Cote d'Ivoire,CIV,1984,12.656328
Cote d'Ivoire,CIV,1985,12.622991
Cote d'Ivoire,CIV,1986,11.991442
Cote d'Ivoire,CIV,1987,10.097275
Cote d'Ivoire,CIV,1988,6.327893
Cote d'Ivoire,CIV,1989,1.2621207
Cote d'Ivoire,CIV,1990,1.2621207
Cote d'Ivoire,CIV,1991,0.63106036
Cote d'Ivoire,CIV,1992,3.7967355
Cote d'Ivoire,CIV,1993,3.7863622
Cote d'Ivoire,CIV,1994,4.4174223
Cote d'Ivoire,CIV,1995,4.4174223
Cote d'Ivoire,CIV,1996,10.124628
Cote d'Ivoire,CIV,1997,8.834845
Cote d'Ivoire,CIV,1998,6.3106036
Cote d'Ivoire,CIV,1999,6.3106036
Cote d'Ivoire,CIV,2000,4.429525
Cote d'Ivoire,CIV,2001,3.7863622
Cote d'Ivoire,CIV,2002,10.010519
Cote d'Ivoire,CIV,2003,13.252267
Cote d'Ivoire,CIV,2004,15.819732
Cote d'Ivoire,CIV,2005,25.242414
Cote d'Ivoire,CIV,2006,39.12574
Cote d'Ivoire,CIV,2007,30.290897
Cote d'Ivoire,CIV,2008,37.438995
Cote d'Ivoire,CIV,2009,36.48618
Cote d'Ivoire,CIV,2010,27.661192
Cote d'Ivoire,CIV,2011,24.983074
Cote d'Ivoire,CIV,2012,23.992395
Cote d'Ivoire,CIV,2013,23.349234
Cote d'Ivoire,CIV,2014,22.718172
Cote d'Ivoire,CIV,2015,18.670742
Cote d'Ivoire,CIV,2016,25.643526
Cote d'Ivoire,CIV,2017,23.99517
Cote d'Ivoire,CIV,2018,23.333054
Cote d'Ivoire,CIV,2019,24.80969
Cote d'Ivoire,CIV,2020,23.26389
Cote d'Ivoire,CIV,2021,20.813427
Cote d'Ivoire,CIV,2022,19.120014
Cote d'Ivoire,CIV,2023,18.55525
Cote d'Ivoire,CIV,2024,22.9115
Croatia,HRV,1992,21.284058
Croatia,HRV,1993,23.80799
Croatia,HRV,1994,23.037477
Croatia,HRV,1995,22.565998
Croatia,HRV,1996,21.468954
Croatia,HRV,1997,22.051607
Croatia,HRV,1998,20.10024
Croatia,HRV,1999,18.835495
Croatia,HRV,2000,16.720713
Croatia,HRV,2001,16.066832
Croatia,HRV,2002,14.893027
Croatia,HRV,2003,13.753352
Croatia,HRV,2004,13.1482115
Croatia,HRV,2005,11.929443
Croatia,HRV,2006,11.618854
Croatia,HRV,2007,11.673463
Croatia,HRV,2008,10.868562
Croatia,HRV,2009,12.031167
Croatia,HRV,2010,11.4099865
Croatia,HRV,2011,10.339062
Croatia,HRV,2012,9.256983
Croatia,HRV,2013,9.333798
Croatia,HRV,2014,9.023209
Croatia,HRV,2015,8.666172
Croatia,HRV,2016,8.949694
Croatia,HRV,2017,9.111465
Croatia,HRV,2018,9.098785
Croatia,HRV,2019,8.845475
Croatia,HRV,2020,7.865663
Croatia,HRV,2021,7.479817
Croatia,HRV,2022,7.2617993
Croatia,HRV,2023,6.8369274
Croatia,HRV,2024,6.366127
Cuba,CUB,1900,0
Cuba,CUB,1901,0
Cuba,CUB,1902,0
Cuba,CUB,1903,0
Cuba,CUB,1904,0
Cuba,CUB,1905,0
Cuba,CUB,1906,0
Cuba,CUB,1907,0
Cuba,CUB,1908,0
Cuba,CUB,1909,0
Cuba,CUB,1910,0
Cuba,CUB,1911,0
Cuba,CUB,1912,0
Cuba,CUB,1913,0
Cuba,CUB,1914,0
Cuba,CUB,1915,0
Cuba,CUB,1916,0
Cuba,CUB,1917,0
Cuba,CUB,1918,0
Cuba,CUB,1919,0
Cuba,CUB,1920,0
Cuba,CUB,1921,0
Cuba,CUB,1922,0
Cuba,CUB,1923,0
Cuba,CUB,1924,0
Cuba,CUB,1925,0
Cuba,CUB,1926,0
Cuba,CUB,1927,0
Cuba,CUB,1928,0
Cuba,CUB,1929,0
Cuba,CUB,1930,0
Cuba,CUB,1931,0
Cuba,CUB,1932,0
Cuba,CUB,1933,0
Cuba,CUB,1934,0
Cuba,CUB,1935,0
Cuba,CUB,1936,0
Cuba,CUB,1937,0
Cuba,CUB,1938,0
Cuba,CUB,1939,0
Cuba,CUB,1940,0
Cuba,CUB,1941,0
Cuba,CUB,1942,0
Cuba,CUB,1943,0
Cuba,CUB,1944,0
Cuba,CUB,1945,0
Cuba,CUB,1946,0.13956
Cuba,CUB,1947,0.19771
Cuba,CUB,1948,0.15119
Cuba,CUB,1949,0.104669996
Cuba,CUB,1950,0.17445
Cuba,CUB,1951,0.15119
Cuba,CUB,1952,0.17445
Cuba,CUB,1953,0.24423
Cuba,CUB,1954,0.16282001
Cuba,CUB,1955,0.59313
Cuba,CUB,1956,0.82573
Cuba,CUB,1957,0.66291
Cuba,CUB,1958,0.53498
Cuba,CUB,1959,0.30238
Cuba,CUB,1960,0.16282001
Cuba,CUB,1961,0.116299994
Cuba,CUB,1962,0.13956
Cuba,CUB,1963,0.36053
Cuba,CUB,1964,0.43031
Cuba,CUB,1965,0.66291
Cuba,CUB,1966,0.80246997
Cuba,CUB,1967,1.34908
Cuba,CUB,1968,2.30274
Cuba,CUB,1969,2.39578
Cuba,CUB,1970,1.84917
Cuba,CUB,1971,1.3956
Cuba,CUB,1972,1.3025601
Cuba,CUB,1973,1.6049399
Cuba,CUB,1974,1.95384
Cuba,CUB,1975,2.62838
Cuba,CUB,1976,2.73305
Cuba,CUB,1977,2.9772801
Cuba,CUB,1978,2.7912
Cuba,CUB,1979,2.7912
Cuba,CUB,1980,0
Cuba,CUB,1981,0
Cuba,CUB,1982,0
Cuba,CUB,1983,0
Cuba,CUB,1984,9.601008
Cuba,CUB,1985,10.258348
Cuba,CUB,1986,11.62792
Cuba,CUB,1987,10.943925
Cuba,CUB,1988,8.915222
Cuba,CUB,1989,8.890863
Cuba,CUB,1990,8.206951
Cuba,CUB,1991,6.155213
Cuba,CUB,1992,10.97258
Cuba,CUB,1993,13.678251
Cuba,CUB,1994,15.729989
Cuba,CUB,1995,17.781727
Cuba,CUB,1996,17.830444
Cuba,CUB,1997,17.781727
Cuba,CUB,1998,20.517378
Cuba,CUB,1999,25.988678
Cuba,CUB,2000,35.06494
Cuba,CUB,2001,37.475674
Cuba,CUB,2002,45.165585
Cuba,CUB,2003,44.45432
Cuba,CUB,2004,39.089817
Cuba,CUB,2005,34.87954
Cuba,CUB,2006,34.87954
Cuba,CUB,2007,34.87954
Cuba,CUB,2008,35.82959
Cuba,CUB,2009,32.98852
Cuba,CUB,2010,36.247368
Cuba,CUB,2011,36.247368
Cuba,CUB,2012,35.66089
Cuba,CUB,2013,34.87954
Cuba,CUB,2014,34.87954
Cuba,CUB,2015,33.511715
Cuba,CUB,2016,31.54617
Cuba,CUB,2017,30.092152
Cuba,CUB,2018,29.408241
Cuba,CUB,2019,25.988678
Cuba,CUB,2020,24.973116
Cuba,CUB,2021,23.193068
Cuba,CUB,2022,21.93954
Cuba,CUB,2023,20.811178
Cuba,CUB,2024,19.36388
Cyprus,CYP,1980,0
Cyprus,CYP,1981,0
Cyprus,CYP,1982,0
Cyprus,CYP,1983,0
Cyprus,CYP,1984,0
Cyprus,CYP,1985,0
Cyprus,CYP,1986,0
Cyprus,CYP,1987,0
Cyprus,CYP,1988,0
Cyprus,CYP,1989,0
Cyprus,CYP,1990,0
Cyprus,CYP,1991,0
Cyprus,CYP,1992,0
Cyprus,CYP,1993,0
Cyprus,CYP,1994,0
Cyprus,CYP,1995,0
Cyprus,CYP,1996,0
Cyprus,CYP,1997,0
Cyprus,CYP,1998,0
Cyprus,CYP,1999,0
Cyprus,CYP,2000,0
Cyprus,CYP,2001,0
Cyprus,CYP,2002,0
Cyprus,CYP,2003,0
Cyprus,CYP,2004,0
Cyprus,CYP,2005,0
Cyprus,CYP,2006,0
Cyprus,CYP,2007,0
Cyprus,CYP,2008,0
Cyprus,CYP,2009,0
Cyprus,CYP,2010,0
Cyprus,CYP,2011,0
Cyprus,CYP,2012,0
Cyprus,CYP,2013,0
Cyprus,CYP,2014,0
Cyprus,CYP,2015,0
Cyprus,CYP,2016,0
Cyprus,CYP,2017,0
Cyprus,CYP,2018,0
Cyprus,CYP,2019,0
Cyprus,CYP,2020,0
Cyprus,CYP,2021,0
Cyprus,CYP,2022,0
Cyprus,CYP,2023,0
Cyprus,CYP,2024,0
Czechia,CZE,1993,0
Czechia,CZE,1994,1.7093145
Czechia,CZE,1995,1.962496
Czechia,CZE,1996,2.0298016
Czechia,CZE,1997,2.1772919
Czechia,CZE,1998,2.3902092
Czechia,CZE,1999,2.4411318
Czechia,CZE,2000,2.3372045
Czechia,CZE,2001,2.4428957
Czechia,CZE,2002,3.5369408
Czechia,CZE,2003,4.2305307
Czechia,CZE,2004,4.0865827
Czechia,CZE,2005,4.1795135
Czechia,CZE,2006,3.5387466
Czechia,CZE,2007,3.2821717
Czechia,CZE,2008,3.2748103
Czechia,CZE,2009,2.8251839
Czechia,CZE,2010,2.3864794
Czechia,CZE,2011,2.0497146
Czechia,CZE,2012,1.9987446
Czechia,CZE,2013,1.9932837
Czechia,CZE,2014,1.9932837
Czechia,CZE,2015,1.8840625
Czechia,CZE,2016,1.5545793
Czechia,CZE,2017,1.4417084
Czechia,CZE,2018,1.465362
Czechia,CZE,2019,1.0799392
Czechia,CZE,2020,1.227677
Czechia,CZE,2021,1.1208134
Czechia,CZE,2022,1.0141081
Czechia,CZE,2023,0.9207496
Czechia,CZE,2024,0.92076594
Czechoslovakia,OWID_CZS,1900,0
Czechoslovakia,OWID_CZS,1901,0
Czechoslovakia,OWID_CZS,1902,0
Czechoslovakia,OWID_CZS,1903,0
Czechoslovakia,OWID_CZS,1904,0
Czechoslovakia,OWID_CZS,1905,0
Czechoslovakia,OWID_CZS,1906,0
Czechoslovakia,OWID_CZS,1907,0
Czechoslovakia,OWID_CZS,1908,0
Czechoslovakia,OWID_CZS,1909,0
Czechoslovakia,OWID_CZS,1910,0
Czechoslovakia,OWID_CZS,1911,0
Czechoslovakia,OWID_CZS,1912,0
Czechoslovakia,OWID_CZS,1913,0
Czechoslovakia,OWID_CZS,1914,0.023260001
Czechoslovakia,OWID_CZS,1915,0.046520002
Czechoslovakia,OWID_CZS,1916,0.058149997
Czechoslovakia,OWID_CZS,1917,0.104669996
Czechoslovakia,OWID_CZS,1918,0.093040004
Czechoslovakia,OWID_CZS,1919,0.081410006
Czechoslovakia,OWID_CZS,1920,0.116299994
Czechoslovakia,OWID_CZS,1921,0.16282001
Czechoslovakia,OWID_CZS,1922,0.20933999
Czechoslovakia,OWID_CZS,1923,0.12793
Czechoslovakia,OWID_CZS,1924,0.12793
Czechoslovakia,OWID_CZS,1925,0.27912
Czechoslovakia,OWID_CZS,1926,0.25586
Czechoslovakia,OWID_CZS,1927,0.19771
Czechoslovakia,OWID_CZS,1928,0.16282001
Czechoslovakia,OWID_CZS,1929,0.16282001
Czechoslovakia,OWID_CZS,1930,0.26749
Czechoslovakia,OWID_CZS,1931,0.23259999
Czechoslovakia,OWID_CZS,1932,0.22096999
Czechoslovakia,OWID_CZS,1933,0.20933999
Czechoslovakia,OWID_CZS,1934,0.30238
Czechoslovakia,OWID_CZS,1935,0.23259999
Czechoslovakia,OWID_CZS,1936,0.22096999
Czechoslovakia,OWID_CZS,1937,0.20933999
Czechoslovakia,OWID_CZS,1938,0.22096999
Czechoslovakia,OWID_CZS,1939,0.24423
Czechoslovakia,OWID_CZS,1940,0.3489
Czechoslovakia,OWID_CZS,1941,0.40705
Czechoslovakia,OWID_CZS,1942,0.41867998
Czechoslovakia,OWID_CZS,1943,0.41867998
Czechoslovakia,OWID_CZS,1944,0.37216002
Czechoslovakia,OWID_CZS,1945,0.15119
Czechoslovakia,OWID_CZS,1946,0.33727
Czechoslovakia,OWID_CZS,1947,0.46519998
Czechoslovakia,OWID_CZS,1948,0.56987
Czechoslovakia,OWID_CZS,1949,0.6978
Czechoslovakia,OWID_CZS,1950,0.73269004
Czechoslovakia,OWID_CZS,1951,1.38397
Czechoslovakia,OWID_CZS,1952,1.31419
Czechoslovakia,OWID_CZS,1953,1.41886
Czechoslovakia,OWID_CZS,1954,1.45375
Czechoslovakia,OWID_CZS,1955,1.24441
Czechoslovakia,OWID_CZS,1956,1.25604
Czechoslovakia,OWID_CZS,1957,1.25604
Czechoslovakia,OWID_CZS,1958,1.23278
Czechoslovakia,OWID_CZS,1959,1.43049
Czechoslovakia,OWID_CZS,1960,1.5933099
Czechoslovakia,OWID_CZS,1961,1.79102
Czechoslovakia,OWID_CZS,1962,2.05851
Czechoslovakia,OWID_CZS,1963,2.0934
Czechoslovakia,OWID_CZS,1964,2.26785
Czechoslovakia,OWID_CZS,1965,2.23296
Czechoslovakia,OWID_CZS,1966,2.2096999
Czechoslovakia,OWID_CZS,1967,2.326
Czechoslovakia,OWID_CZS,1968,2.38415
Czechoslovakia,OWID_CZS,1969,2.4422998
Czechoslovakia,OWID_CZS,1970,2.36089
Czechoslovakia,OWID_CZS,1971,2.25622
Czechoslovakia,OWID_CZS,1972,2.22133
Czechoslovakia,OWID_CZS,1973,1.9887301
Czechoslovakia,OWID_CZS,1974,1.7328701
Czechoslovakia,OWID_CZS,1975,1.65146
Czechoslovakia,OWID_CZS,1976,1.52353
Czechoslovakia,OWID_CZS,1977,1.43049
Czechoslovakia,OWID_CZS,1978,1.36071
Czechoslovakia,OWID_CZS,1979,1.2676699
Czechoslovakia,OWID_CZS,1980,0
Czechoslovakia,OWID_CZS,1981,0
Czechoslovakia,OWID_CZS,1982,0
Czechoslovakia,OWID_CZS,1983,0
Czechoslovakia,OWID_CZS,1984,0
Czechoslovakia,OWID_CZS,1985,0
Czechoslovakia,OWID_CZS,1986,0
Czechoslovakia,OWID_CZS,1987,0
Czechoslovakia,OWID_CZS,1988,0
Czechoslovakia,OWID_CZS,1989,0
Czechoslovakia,OWID_CZS,1990,0
Czechoslovakia,OWID_CZS,1991,0
Czechoslovakia,OWID_CZS,1992,0
Democratic Republic of Congo,COD,1900,0
Democratic Republic of Congo,COD,1901,0
Democratic Republic of Congo,COD,1902,0
Democratic Republic of Congo,COD,1903,0
Democratic Republic of Congo,COD,1904,0
Democratic Republic of Congo,COD,1905,0
Democratic Republic of Congo,COD,1906,0
Democratic Republic of Congo,COD,1907,0
Democratic Republic of Congo,COD,1908,0
Democratic Republic of Congo,COD,1909,0
Democratic Republic of Congo,COD,1910,0
Democratic Republic of Congo,COD,1911,0
Democratic Republic of Congo,COD,1912,0
Democratic Republic of Congo,COD,1913,0
Democratic Republic of Congo,COD,1914,0
Democratic Republic of Congo,COD,1915,0
Democratic Republic of Congo,COD,1916,0
Democratic Republic of Congo,COD,1917,0
Democratic Republic of Congo,COD,1918,0
Democratic Republic of Congo,COD,1919,0
Democratic Republic of Congo,COD,1920,0
Democratic Republic of Congo,COD,1921,0
Democratic Republic of Congo,COD,1922,0
Democratic Republic of Congo,COD,1923,0
Democratic Republic of Congo,COD,1924,0
Democratic Republic of Congo,COD,1925,0
Democratic Republic of Congo,COD,1926,0
Democratic Republic of Congo,COD,1927,0
Democratic Republic of Congo,COD,1928,0
Democratic Republic of Congo,COD,1929,0
Democratic Republic of Congo,COD,1930,0
Democratic Republic of Congo,COD,1931,0
Democratic Republic of Congo,COD,1932,0
Democratic Republic of Congo,COD,1933,0
Democratic Republic of Congo,COD,1934,0
Democratic Republic of Congo,COD,1935,0
Democratic Republic of Congo,COD,1936,0
Democratic Republic of Congo,COD,1937,0
Democratic Republic of Congo,COD,1938,0
Democratic Republic of Congo,COD,1939,0
Democratic Republic of Congo,COD,1940,0
Democratic Republic of Congo,COD,1941,0
Democratic Republic of Congo,COD,1942,0
Democratic Republic of Congo,COD,1943,0
Democratic Republic of Congo,COD,1944,0
Democratic Republic of Congo,COD,1945,0
Democratic Republic of Congo,COD,1946,0
Democratic Republic of Congo,COD,1947,0
Democratic Republic of Congo,COD,1948,0
Democratic Republic of Congo,COD,1949,0
Democratic Republic of Congo,COD,1950,0
Democratic Republic of Congo,COD,1951,0
Democratic Republic of Congo,COD,1952,0
Democratic Republic of Congo,COD,1953,0
Democratic Republic of Congo,COD,1954,0
Democratic Republic of Congo,COD,1955,0
Democratic Republic of Congo,COD,1956,0
Democratic Republic of Congo,COD,1957,0
Democratic Republic of Congo,COD,1958,0
Democratic Republic of Congo,COD,1959,0
Democratic Republic of Congo,COD,1960,0
Democratic Republic of Congo,COD,1961,0
Democratic Republic of Congo,COD,1962,0
Democratic Republic of Congo,COD,1963,0
Democratic Republic of Congo,COD,1964,0
Democratic Republic of Congo,COD,1965,0
Democratic Republic of Congo,COD,1966,0
Democratic Republic of Congo,COD,1967,0
Democratic Republic of Congo,COD,1968,0
Democratic Republic of Congo,COD,1969,0
Democratic Republic of Congo,COD,1970,0
Democratic Republic of Congo,COD,1971,0
Democratic Republic of Congo,COD,1972,0
Democratic Republic of Congo,COD,1973,0
Democratic Republic of Congo,COD,1974,0
Democratic Republic of Congo,COD,1975,0.29075
Democratic Republic of Congo,COD,1976,14.54913
Democratic Republic of Congo,COD,1977,13.095381
Democratic Republic of Congo,COD,1978,13.2582
Democratic Republic of Congo,COD,1979,12.002159
Democratic Republic of Congo,COD,1980,0
Democratic Republic of Congo,COD,1981,0
Democratic Republic of Congo,COD,1982,0
Democratic Republic of Congo,COD,1983,0
Democratic Republic of Congo,COD,1984,17.500645
Democratic Republic of Congo,COD,1985,18.865784
Democratic Republic of Congo,COD,1986,18.867367
Democratic Republic of Congo,COD,1987,19.491108
Democratic Republic of Congo,COD,1988,18.287146
Democratic Republic of Congo,COD,1989,17.608313
Democratic Republic of Congo,COD,1990,18.23718
Democratic Republic of Congo,COD,1991,16.979445
Democratic Republic of Congo,COD,1992,15.134191
Democratic Republic of Congo,COD,1993,14.463971
Democratic Republic of Congo,COD,1994,15.721708
Democratic Republic of Congo,COD,1995,17.608313
Democratic Republic of Congo,COD,1996,18.287146
Democratic Republic of Congo,COD,1997,17.608313
Democratic Republic of Congo,COD,1998,16.350576
Democratic Republic of Congo,COD,1999,16.350576
Democratic Republic of Congo,COD,2000,14.503598
Democratic Republic of Congo,COD,2001,15.721708
Democratic Republic of Congo,COD,2002,14.463971
Democratic Republic of Congo,COD,2003,15.721708
Democratic Republic of Congo,COD,2004,17.025965
Democratic Republic of Congo,COD,2005,15.721708
Democratic Republic of Congo,COD,2006,15.09284
Democratic Republic of Congo,COD,2007,15.09284
Democratic Republic of Congo,COD,2008,12.58512
Democratic Republic of Congo,COD,2009,13.835104
Democratic Republic of Congo,COD,2010,13.206235
Democratic Republic of Congo,COD,2011,12.679019
Democratic Republic of Congo,COD,2012,12.611825
Democratic Republic of Congo,COD,2013,12.577367
Democratic Republic of Congo,COD,2014,12.577367
Democratic Republic of Congo,COD,2015,12.577367
Democratic Republic of Congo,COD,2016,12.611825
Democratic Republic of Congo,COD,2017,11.948498
Democratic Republic of Congo,COD,2018,15.721708
Democratic Republic of Congo,COD,2019,15.09284
Democratic Republic of Congo,COD,2020,14.503598
Democratic Republic of Congo,COD,2021,13.835104
Democratic Republic of Congo,COD,2022,13.206235
Democratic Republic of Congo,COD,2023,11.948498
Democratic Republic of Congo,COD,2024,10.720052
Denmark,DNK,1900,0
Denmark,DNK,1901,0
Denmark,DNK,1902,0
Denmark,DNK,1903,0
Denmark,DNK,1904,0
Denmark,DNK,1905,0
Denmark,DNK,1906,0
Denmark,DNK,1907,0
Denmark,DNK,1908,0
Denmark,DNK,1909,0
Denmark,DNK,1910,0
Denmark,DNK,1911,0
Denmark,DNK,1912,0
Denmark,DNK,1913,0
Denmark,DNK,1914,0
Denmark,DNK,1915,0
Denmark,DNK,1916,0
Denmark,DNK,1917,0
Denmark,DNK,1918,0
Denmark,DNK,1919,0
Denmark,DNK,1920,0
Denmark,DNK,1921,0
Denmark,DNK,1922,0
Denmark,DNK,1923,0
Denmark,DNK,1924,0
Denmark,DNK,1925,0
Denmark,DNK,1926,0
Denmark,DNK,1927,0
Denmark,DNK,1928,0
Denmark,DNK,1929,0
Denmark,DNK,1930,0
Denmark,DNK,1931,0
Denmark,DNK,1932,0
Denmark,DNK,1933,0
Denmark,DNK,1934,0
Denmark,DNK,1935,0
Denmark,DNK,1936,0
Denmark,DNK,1937,0
Denmark,DNK,1938,0
Denmark,DNK,1939,0
Denmark,DNK,1940,0
Denmark,DNK,1941,0
Denmark,DNK,1942,0
Denmark,DNK,1943,0
Denmark,DNK,1944,0
Denmark,DNK,1945,0
Denmark,DNK,1946,0
Denmark,DNK,1947,0
Denmark,DNK,1948,0
Denmark,DNK,1949,0
Denmark,DNK,1950,0
Denmark,DNK,1951,0
Denmark,DNK,1952,0
Denmark,DNK,1953,0
Denmark,DNK,1954,0
Denmark,DNK,1955,0
Denmark,DNK,1956,0
Denmark,DNK,1957,0
Denmark,DNK,1958,0
Denmark,DNK,1959,0
Denmark,DNK,1960,0
Denmark,DNK,1961,0
Denmark,DNK,1962,0
Denmark,DNK,1963,0
Denmark,DNK,1964,0
Denmark,DNK,1965,0
Denmark,DNK,1966,0
Denmark,DNK,1967,0
Denmark,DNK,1968,0
Denmark,DNK,1969,0
Denmark,DNK,1970,0
Denmark,DNK,1971,0
Denmark,DNK,1972,1.1366035
Denmark,DNK,1973,1.7002469
Denmark,DNK,1974,1.1334981
Denmark,DNK,1975,1.7002469
Denmark,DNK,1976,2.273207
Denmark,DNK,1977,5.66749
Denmark,DNK,1978,4.5339923
Denmark,DNK,1979,4.5339923
Denmark,DNK,1980,3.4098105
Denmark,DNK,1981,8.501235
Denmark,DNK,1982,19.269466
Denmark,DNK,1983,24.370207
Denmark,DNK,1984,26.710182
Denmark,DNK,1985,34.00494
Denmark,DNK,1986,41.939426
Denmark,DNK,1987,52.707653
Denmark,DNK,1988,54.55697
Denmark,DNK,1989,63.475887
Denmark,DNK,1990,68.57663
Denmark,DNK,1991,80.478355
Denmark,DNK,1992,89.22337
Denmark,DNK,1993,95.21384
Denmark,DNK,1994,104.84857
Denmark,DNK,1995,105.415306
Denmark,DNK,1996,118.20676
Denmark,DNK,1997,130.35226
Denmark,DNK,1998,134.88626
Denmark,DNK,1999,169.45795
Denmark,DNK,2000,206.29353
Denmark,DNK,2001,197.22864
Denmark,DNK,2002,210.26387
Denmark,DNK,2003,208.56363
Denmark,DNK,2004,221.63766
Denmark,DNK,2005,215.35074
Denmark,DNK,2006,195.8336
Denmark,DNK,2007,176.41371
Denmark,DNK,2008,163.23248
Denmark,DNK,2009,150.0611
Denmark,DNK,2010,141.38098
Denmark,DNK,2011,127.23942
Denmark,DNK,2012,116.06729
Denmark,DNK,2013,100.9822
Denmark,DNK,2014,94.556656
Denmark,DNK,2015,89.43252
Denmark,DNK,2016,80.53047
Denmark,DNK,2017,78.35093
Denmark,DNK,2018,65.673004
Denmark,DNK,2019,58.35043
Denmark,DNK,2020,40.940006
Denmark,DNK,2021,37.643425
Denmark,DNK,2022,37.03992
Denmark,DNK,2023,33.983025
Denmark,DNK,2024,34.374386
Denmark,DNK,2025,41.053238
Djibouti,DJI,1980,0
Djibouti,DJI,1981,0
Djibouti,DJI,1982,0
Djibouti,DJI,1983,0
Djibouti,DJI,1984,0
Djibouti,DJI,1985,0
Djibouti,DJI,1986,0
Djibouti,DJI,1987,0
Djibouti,DJI,1988,0
Djibouti,DJI,1989,0
Djibouti,DJI,1990,0
Djibouti,DJI,1991,0
Djibouti,DJI,1992,0
Djibouti,DJI,1993,0
Djibouti,DJI,1994,0
Djibouti,DJI,1995,0
Djibouti,DJI,1996,0
Djibouti,DJI,1997,0
Djibouti,DJI,1998,0
Djibouti,DJI,1999,0
Djibouti,DJI,2000,0
Djibouti,DJI,2001,0
Djibouti,DJI,2002,0
Djibouti,DJI,2003,0
Djibouti,DJI,2004,0
Djibouti,DJI,2005,0
Djibouti,DJI,2006,0
Djibouti,DJI,2007,0
Djibouti,DJI,2008,0
Djibouti,DJI,2009,0
Djibouti,DJI,2010,0
Djibouti,DJI,2011,0
Djibouti,DJI,2012,0
Djibouti,DJI,2013,0
Djibouti,DJI,2014,0
Djibouti,DJI,2015,0
Djibouti,DJI,2016,0
Djibouti,DJI,2017,0
Djibouti,DJI,2018,0
Djibouti,DJI,2019,0
Djibouti,DJI,2020,0
Djibouti,DJI,2021,0
Djibouti,DJI,2022,0
Djibouti,DJI,2023,0
Djibouti,DJI,2024,0
Dominica,DMA,1980,0
Dominica,DMA,1981,0
Dominica,DMA,1982,0
Dominica,DMA,1983,0
Dominica,DMA,1984,0
Dominica,DMA,1985,0
Dominica,DMA,1986,0
Dominica,DMA,1987,0
Dominica,DMA,1988,0
Dominica,DMA,1989,0
Dominica,DMA,1990,0
Dominica,DMA,1991,0
Dominica,DMA,1992,0
Dominica,DMA,1993,0
Dominica,DMA,1994,0
Dominica,DMA,1995,0
Dominica,DMA,1996,0
Dominica,DMA,1997,0
Dominica,DMA,1998,0
Dominica,DMA,1999,0
Dominica,DMA,2000,0
Dominica,DMA,2001,0
Dominica,DMA,2002,0
Dominica,DMA,2003,0
Dominica,DMA,2004,0
Dominica,DMA,2005,0
Dominica,DMA,2006,0
Dominica,DMA,2007,0
Dominica,DMA,2008,0
Dominica,DMA,2009,0
Dominica,DMA,2010,0
Dominica,DMA,2011,0
Dominica,DMA,2012,0
Dominica,DMA,2013,0
Dominica,DMA,2014,0
Dominica,DMA,2015,0
Dominica,DMA,2016,0
Dominica,DMA,2017,0
Dominica,DMA,2018,0
Dominica,DMA,2019,0
Dominica,DMA,2020,0
Dominica,DMA,2021,0
Dominica,DMA,2022,0
Dominica,DMA,2023,0
Dominica,DMA,2024,0
Dominican Republic,DOM,1980,0
Dominican Republic,DOM,1981,0
Dominican Republic,DOM,1982,0
Dominican Republic,DOM,1983,0
Dominican Republic,DOM,1984,0
Dominican Republic,DOM,1985,0
Dominican Republic,DOM,1986,0
Dominican Republic,DOM,1987,0
Dominican Republic,DOM,1988,0
Dominican Republic,DOM,1989,0
Dominican Republic,DOM,1990,0
Dominican Republic,DOM,1991,0
Dominican Republic,DOM,1992,0
Dominican Republic,DOM,1993,0
Dominican Republic,DOM,1994,0
Dominican Republic,DOM,1995,0
Dominican Republic,DOM,1996,0
Dominican Republic,DOM,1997,0
Dominican Republic,DOM,1998,0
Dominican Republic,DOM,1999,0
Dominican Republic,DOM,2000,0
Dominican Republic,DOM,2001,0
Dominican Republic,DOM,2002,0
Dominican Republic,DOM,2003,0
Dominican Republic,DOM,2004,0
Dominican Republic,DOM,2005,0
Dominican Republic,DOM,2006,0
Dominican Republic,DOM,2007,0
Dominican Republic,DOM,2008,0
Dominican Republic,DOM,2009,0
Dominican Republic,DOM,2010,0
Dominican Republic,DOM,2011,0
Dominican Republic,DOM,2012,0
Dominican Republic,DOM,2013,0
Dominican Republic,DOM,2014,0
Dominican Republic,DOM,2015,0
Dominican Republic,DOM,2016,0
Dominican Republic,DOM,2017,0
Dominican Republic,DOM,2018,0
Dominican Republic,DOM,2019,0
Dominican Republic,DOM,2020,0
Dominican Republic,DOM,2021,0
Dominican Republic,DOM,2022,0
Dominican Republic,DOM,2023,0
Dominican Republic,DOM,2024,0
East Germany,OWID_GDR,1980,0
East Germany,OWID_GDR,1981,0
East Germany,OWID_GDR,1982,0
East Germany,OWID_GDR,1983,0
East Germany,OWID_GDR,1984,0
East Germany,OWID_GDR,1985,0
East Germany,OWID_GDR,1986,0
East Germany,OWID_GDR,1987,0
East Germany,OWID_GDR,1988,0
East Germany,OWID_GDR,1989,0
East Germany,OWID_GDR,1990,0
East Timor,TLS,2003,0
East Timor,TLS,2004,27.394085
East Timor,TLS,2005,50.743805
East Timor,TLS,2006,61.0066
East Timor,TLS,2007,53.024426
East Timor,TLS,2008,58.31515
East Timor,TLS,2009,55.875202
East Timor,TLS,2010,50.173653
East Timor,TLS,2011,57.01551
East Timor,TLS,2012,61.745457
East Timor,TLS,2013,39.91086
East Timor,TLS,2014,25.65698
East Timor,TLS,2015,25.65698
East Timor,TLS,2016,17.151516
East Timor,TLS,2017,11.973257
East Timor,TLS,2018,8.552327
East Timor,TLS,2019,13.113567
East Timor,TLS,2020,8.004041
East Timor,TLS,2021,6.8418612
East Timor,TLS,2022,5.701551
East Timor,TLS,2023,2.8507755
East Timor,TLS,2024,1.1434344
Ecuador,ECU,1900,0
Ecuador,ECU,1901,0
Ecuador,ECU,1902,0
Ecuador,ECU,1903,0
Ecuador,ECU,1904,0
Ecuador,ECU,1905,0
Ecuador,ECU,1906,0
Ecuador,ECU,1907,0
Ecuador,ECU,1908,0
Ecuador,ECU,1909,0
Ecuador,ECU,1910,0
Ecuador,ECU,1911,0
Ecuador,ECU,1912,0
Ecuador,ECU,1913,0
Ecuador,ECU,1914,0
Ecuador,ECU,1915,0
Ecuador,ECU,1916,0
Ecuador,ECU,1917,0.093040004
Ecuador,ECU,1918,0.093040004
Ecuador,ECU,1919,0.093040004
Ecuador,ECU,1920,0.093040004
Ecuador,ECU,1921,0.093040004
Ecuador,ECU,1922,0.093040004
Ecuador,ECU,1923,0.13956
Ecuador,ECU,1924,0.16282001
Ecuador,ECU,1925,0.26749
Ecuador,ECU,1926,0.3489
Ecuador,ECU,1927,0.88387996
Ecuador,ECU,1928,1.79102
Ecuador,ECU,1929,2.27948
Ecuador,ECU,1930,2.57023
Ecuador,ECU,1931,2.9075
Ecuador,ECU,1932,2.6400099
Ecuador,ECU,1933,2.6749
Ecuador,ECU,1934,2.69816
Ecuador,ECU,1935,2.84935
Ecuador,ECU,1936,3.16336
Ecuador,ECU,1937,3.31455
Ecuador,ECU,1938,3.45411
Ecuador,ECU,1939,3.5471501
Ecuador,ECU,1940,3.6053
Ecuador,ECU,1941,2.38415
Ecuador,ECU,1942,3.50063
Ecuador,ECU,1943,3.5471501
Ecuador,ECU,1944,4.44266
Ecuador,ECU,1945,4.01235
Ecuador,ECU,1946,3.57041
Ecuador,ECU,1947,3.6169298
Ecuador,ECU,1948,3.93094
Ecuador,ECU,1949,3.93094
Ecuador,ECU,1950,4.03561
Ecuador,ECU,1951,4.15191
Ecuador,ECU,1952,4.36125
Ecuador,ECU,1953,4.54733
Ecuador,ECU,1954,4.82645
Ecuador,ECU,1955,5.41958
Ecuador,ECU,1956,5.24513
Ecuador,ECU,1957,4.89623
Ecuador,ECU,1958,4.7683
Ecuador,ECU,1959,4.2333198
Ecuador,ECU,1960,4.1868
Ecuador,ECU,1961,4.48918
Ecuador,ECU,1962,3.9542
Ecuador,ECU,1963,3.7797499
Ecuador,ECU,1964,4.29147
Ecuador,ECU,1965,4.9867253
Ecuador,ECU,1966,4.3633847
Ecuador,ECU,1967,3.7400439
Ecuador,ECU,1968,3.1252425
Ecuador,ECU,1969,2.4933627
Ecuador,ECU,1970,2.4933627
Ecuador,ECU,1971,2.4933627
Ecuador,ECU,1972,48.75378
Ecuador,ECU,1973,130.2782
Ecuador,ECU,1974,110.3313
Ecuador,ECU,1975,100.35785
Ecuador,ECU,1976,117.50911
Ecuador,ECU,1977,114.43729
Ecuador,ECU,1978,126.6467
Ecuador,ECU,1979,134.1268
Ecuador,ECU,1980,128.24379
Ecuador,ECU,1981,132.25677
Ecuador,ECU,1982,132.25677
Ecuador,ECU,1983,149.08698
Ecuador,ECU,1984,162.16396
Ecuador,ECU,1985,177.047
Ecuador,ECU,1986,184.52708
Ecuador,ECU,1987,109.19317
Ecuador,ECU,1988,191.90817
Ecuador,ECU,1989,177.24585
Ecuador,ECU,1990,180.52965
Ecuador,ECU,1991,189.62236
Ecuador,ECU,1992,203.0098
Ecuador,ECU,1993,217.78125
Ecuador,ECU,1994,239.59818
Ecuador,ECU,1995,244.21895
Ecuador,ECU,1996,243.37984
Ecuador,ECU,1997,245.20822
Ecuador,ECU,1998,237.72815
Ecuador,ECU,1999,236.48146
Ecuador,ECU,2000,251.12022
Ecuador,ECU,2001,254.79749
Ecuador,ECU,2002,245.08144
Ecuador,ECU,2003,261.2883
Ecuador,ECU,2004,329.50937
Ecuador,ECU,2005,332.34912
Ecuador,ECU,2006,334.64276
Ecuador,ECU,2007,319.31387
Ecuador,ECU,2008,316.20746
Ecuador,ECU,2009,303.71646
Ecuador,ECU,2010,303.7297
Ecuador,ECU,2011,311.79193
Ecuador,ECU,2012,315.15106
Ecuador,ECU,2013,328.46353
Ecuador,ECU,2014,346.92267
Ecuador,ECU,2015,338.5331
Ecuador,ECU,2016,342.77148
Ecuador,ECU,2017,331.18875
Ecuador,ECU,2018,322.4165
Ecuador,ECU,2019,330.99576
Ecuador,ECU,2020,299.63
Ecuador,ECU,2021,294.76608
Ecuador,ECU,2022,299.80652
Ecuador,ECU,2023,296.25784
Ecuador,ECU,2024,297.0753
Ecuador,ECU,2025,274.67017
Egypt,EGY,1900,0
Egypt,EGY,1901,0
Egypt,EGY,1902,0
Egypt,EGY,1903,0
Egypt,EGY,1904,0
Egypt,EGY,1905,0
Egypt,EGY,1906,0
Egypt,EGY,1907,0
Egypt,EGY,1908,0
Egypt,EGY,1909,0
Egypt,EGY,1910,0
Egypt,EGY,1911,0.03489
Egypt,EGY,1912,0.32564002
Egypt,EGY,1913,0.15119
Egypt,EGY,1914,1.163
Egypt,EGY,1915,0.3489
Egypt,EGY,1916,0.67454
Egypt,EGY,1917,1.5933099
Egypt,EGY,1918,3.27966
Egypt,EGY,1919,2.6051202
Egypt,EGY,1920,1.72124
Egypt,EGY,1921,2.12829
Egypt,EGY,1922,2.0119898
Egypt,EGY,1923,1.77939
Egypt,EGY,1924,1.8956901
Egypt,EGY,1925,2.0934
Egypt,EGY,1926,2.0119898
Egypt,EGY,1927,2.15155
Egypt,EGY,1928,3.1168401
Egypt,EGY,1929,3.16336
Egypt,EGY,1930,3.31455
Egypt,EGY,1931,3.3610702
Egypt,EGY,1932,3.15173
Egypt,EGY,1933,2.76794
Egypt,EGY,1934,2.57023
Egypt,EGY,1935,2.1166599
Egypt,EGY,1936,2.12829
Egypt,EGY,1937,1.9887301
Egypt,EGY,1938,2.62838
Egypt,EGY,1939,7.74558
Egypt,EGY,1940,10.80427
Egypt,EGY,1941,14.20023
Egypt,EGY,1942,13.74666
Egypt,EGY,1943,14.94455
Egypt,EGY,1944,15.735391
Egypt,EGY,1945,15.7005005
Egypt,EGY,1946,14.909659
Egypt,EGY,1947,15.51442
Egypt,EGY,1948,21.87603
Egypt,EGY,1949,26.62107
Egypt,EGY,1950,30.319412
Egypt,EGY,1951,27.12116
Egypt,EGY,1952,27.35376
Egypt,EGY,1953,27.34213
Egypt,EGY,1954,22.9111
Egypt,EGY,1955,21.17823
Egypt,EGY,1956,20.108269
Egypt,EGY,1957,27.877111
Egypt,EGY,1958,37.02992
Egypt,EGY,1959,36.69265
Egypt,EGY,1960,38.59997
Egypt,EGY,1961,44.41497
Egypt,EGY,1962,55.06805
Egypt,EGY,1963,65.68623
Egypt,EGY,1964,73.90865
Egypt,EGY,1965,75.33914
Egypt,EGY,1966,72.76891
Egypt,EGY,1967,64.90703
Egypt,EGY,1968,99.7505
Egypt,EGY,1969,142.99084
Egypt,EGY,1970,190.77852
Egypt,EGY,1971,173.89175
Egypt,EGY,1972,124.67361
Egypt,EGY,1973,98.61077
Egypt,EGY,1974,86.67839
Egypt,EGY,1975,136.46642
Egypt,EGY,1976,193.1743
Egypt,EGY,1977,243.067
Egypt,EGY,1978,292.95972
Egypt,EGY,1979,304.00818
Egypt,EGY,1980,346.3414
Egypt,EGY,1981,373.92776
Egypt,EGY,1982,387.4418
Egypt,EGY,1983,423.6809
Egypt,EGY,1984,486.55267
Egypt,EGY,1985,524.1292
Egypt,EGY,1986,478.40002
Egypt,EGY,1987,537.87585
Egypt,EGY,1988,514.4414
Egypt,EGY,1989,517.77924
Egypt,EGY,1990,529.1534
Egypt,EGY,1991,528.2113
Egypt,EGY,1992,534.80554
Egypt,EGY,1993,552.739
Egypt,EGY,1994,540.76013
Egypt,EGY,1995,541.8185
Egypt,EGY,1996,524.2804
Egypt,EGY,1997,509.30096
Egypt,EGY,1998,499.64807
Egypt,EGY,1999,481.02844
Egypt,EGY,2000,452.60547
Egypt,EGY,2001,437.2891
Egypt,EGY,2002,433.1078
Egypt,EGY,2003,431.15292
Egypt,EGY,2004,405.19684
Egypt,EGY,2005,385.7355
Egypt,EGY,2006,385.67053
Egypt,EGY,2007,393.21033
Egypt,EGY,2008,403.0303
Egypt,EGY,2009,410.0738
Egypt,EGY,2010,407.3989
Egypt,EGY,2011,402.38626
Egypt,EGY,2012,403.86438
Egypt,EGY,2013,399.61905
Egypt,EGY,2014,408.6805
Egypt,EGY,2015,412.06253
Egypt,EGY,2016,393.50104
Egypt,EGY,2017,374.23016
Egypt,EGY,2018,381.97574
Egypt,EGY,2019,369.97357
Egypt,EGY,2020,361.30188
Egypt,EGY,2021,344.26385
Egypt,EGY,2022,347.0419
Egypt,EGY,2023,345.3406
Egypt,EGY,2024,330.27887
Egypt,EGY,2025,307.9011
El Salvador,SLV,1980,0
El Salvador,SLV,1981,0
El Salvador,SLV,1982,0
El Salvador,SLV,1983,0
El Salvador,SLV,1984,0
El Salvador,SLV,1985,0
El Salvador,SLV,1986,0
El Salvador,SLV,1987,0
El Salvador,SLV,1988,0
El Salvador,SLV,1989,0
El Salvador,SLV,1990,0
El Salvador,SLV,1991,0
El Salvador,SLV,1992,0
El Salvador,SLV,1993,0
El Salvador,SLV,1994,0
El Salvador,SLV,1995,0
El Salvador,SLV,1996,0
El Salvador,SLV,1997,0
El Salvador,SLV,1998,0
El Salvador,SLV,1999,0
El Salvador,SLV,2000,0
El Salvador,SLV,2001,0
El Salvador,SLV,2002,0
El Salvador,SLV,2003,0
El Salvador,SLV,2004,0
El Salvador,SLV,2005,0
El Salvador,SLV,2006,0
El Salvador,SLV,2007,0
El Salvador,SLV,2008,0
El Salvador,SLV,2009,0
El Salvador,SLV,2010,0
El Salvador,SLV,2011,0
El Salvador,SLV,2012,0
El Salvador,SLV,2013,0
El Salvador,SLV,2014,0
El Salvador,SLV,2015,0
El Salvador,SLV,2016,0
El Salvador,SLV,2017,0
El Salvador,SLV,2018,0
El Salvador,SLV,2019,0
El Salvador,SLV,2020,0
El Salvador,SLV,2021,0
El Salvador,SLV,2022,0
El Salvador,SLV,2023,0
El Salvador,SLV,2024,0
Equatorial Guinea,GNQ,1980,0
Equatorial Guinea,GNQ,1981,0
Equatorial Guinea,GNQ,1982,0
Equatorial Guinea,GNQ,1983,0
Equatorial Guinea,GNQ,1984,0
Equatorial Guinea,GNQ,1985,0
Equatorial Guinea,GNQ,1986,0
Equatorial Guinea,GNQ,1987,0
Equatorial Guinea,GNQ,1988,0
Equatorial Guinea,GNQ,1989,0
Equatorial Guinea,GNQ,1990,0
Equatorial Guinea,GNQ,1991,0
Equatorial Guinea,GNQ,1992,1.1551099
Equatorial Guinea,GNQ,1993,2.8798847
Equatorial Guinea,GNQ,1994,2.8798847
Equatorial Guinea,GNQ,1995,4.031839
Equatorial Guinea,GNQ,1996,9.818435
Equatorial Guinea,GNQ,1997,34.558617
Equatorial Guinea,GNQ,1998,47.806084
Equatorial Guinea,GNQ,1999,57.597694
Equatorial Guinea,GNQ,2000,66.25601
Equatorial Guinea,GNQ,2001,108.799065
Equatorial Guinea,GNQ,2002,129.11417
Equatorial Guinea,GNQ,2003,147.95903
Equatorial Guinea,GNQ,2004,192.61258
Equatorial Guinea,GNQ,2005,203.15892
Equatorial Guinea,GNQ,2006,200.56953
Equatorial Guinea,GNQ,2007,206.19716
Equatorial Guinea,GNQ,2008,204.46303
Equatorial Guinea,GNQ,2009,181.91013
Equatorial Guinea,GNQ,2010,168.11337
Equatorial Guinea,GNQ,2011,164.84421
Equatorial Guinea,GNQ,2012,176.3504
Equatorial Guinea,GNQ,2013,153.92014
Equatorial Guinea,GNQ,2014,154.43758
Equatorial Guinea,GNQ,2015,140.7708
Equatorial Guinea,GNQ,2016,120.30298
Equatorial Guinea,GNQ,2017,104.27127
Equatorial Guinea,GNQ,2018,94.47002
Equatorial Guinea,GNQ,2019,86.00617
Equatorial Guinea,GNQ,2020,85.849174
Equatorial Guinea,GNQ,2021,70.74319
Equatorial Guinea,GNQ,2022,64.681
Equatorial Guinea,GNQ,2023,46.873856
Equatorial Guinea,GNQ,2024,50.351643
Equatorial Guinea,GNQ,2025,40.73291
Eritrea,ERI,1994,0
Eritrea,ERI,1995,0
Eritrea,ERI,1996,0
Eritrea,ERI,1997,0
Eritrea,ERI,1998,0
Eritrea,ERI,1999,0
Eritrea,ERI,2000,0
Eritrea,ERI,2001,0
Eritrea,ERI,2002,0
Eritrea,ERI,2003,0
Eritrea,ERI,2004,0
Eritrea,ERI,2005,0
Eritrea,ERI,2006,0
Eritrea,ERI,2007,0
Eritrea,ERI,2008,0
Eritrea,ERI,2009,0
Eritrea,ERI,2010,0
Eritrea,ERI,2011,0
Eritrea,ERI,2012,0
Eritrea,ERI,2013,0
Eritrea,ERI,2014,0
Eritrea,ERI,2015,0
Eritrea,ERI,2016,0
Eritrea,ERI,2017,0
Eritrea,ERI,2018,0
Eritrea,ERI,2019,0
Eritrea,ERI,2020,0
Eritrea,ERI,2021,0
Eritrea,ERI,2022,0
Eritrea,ERI,2023,0
Eritrea,ERI,2024,0
Estonia,EST,1992,0
Estonia,EST,1993,0
Estonia,EST,1994,0
Estonia,EST,1995,0
Estonia,EST,1996,0
Estonia,EST,1997,0
Estonia,EST,1998,0
Estonia,EST,1999,0
Estonia,EST,2000,0
Estonia,EST,2001,0
Estonia,EST,2002,0
Estonia,EST,2003,0
Estonia,EST,2004,0
Estonia,EST,2005,0
Estonia,EST,2006,0
Estonia,EST,2007,0
Estonia,EST,2008,0
Estonia,EST,2009,0
Estonia,EST,2010,0
Estonia,EST,2011,0
Estonia,EST,2012,0
Estonia,EST,2013,0
Estonia,EST,2014,0
Estonia,EST,2015,0
Estonia,EST,2016,0
Estonia,EST,2017,0
Estonia,EST,2018,0
Estonia,EST,2019,0
Estonia,EST,2020,0
Estonia,EST,2021,0
Estonia,EST,2022,0
Estonia,EST,2023,0
Estonia,EST,2024,0
Eswatini,SWZ,1980,0
Eswatini,SWZ,1981,0
Eswatini,SWZ,1982,0
Eswatini,SWZ,1983,0
Eswatini,SWZ,1984,0
Eswatini,SWZ,1985,0
Eswatini,SWZ,1986,0
Eswatini,SWZ,1987,0
Eswatini,SWZ,1988,0
Eswatini,SWZ,1989,0
Eswatini,SWZ,1990,0
Eswatini,SWZ,1991,0
Eswatini,SWZ,1992,0
Eswatini,SWZ,1993,0
Eswatini,SWZ,1994,0
Eswatini,SWZ,1995,0
Eswatini,SWZ,1996,0
Eswatini,SWZ,1997,0
Eswatini,SWZ,1998,0
Eswatini,SWZ,1999,0
Eswatini,SWZ,2000,0
Eswatini,SWZ,2001,0
Eswatini,SWZ,2002,0
Eswatini,SWZ,2003,0
Eswatini,SWZ,2004,0
Eswatini,SWZ,2005,0
Eswatini,SWZ,2006,0
Eswatini,SWZ,2007,0
Eswatini,SWZ,2008,0
Eswatini,SWZ,2009,0
Eswatini,SWZ,2010,0
Eswatini,SWZ,2011,0
Eswatini,SWZ,2012,0
Eswatini,SWZ,2013,0
Eswatini,SWZ,2014,0
Eswatini,SWZ,2015,0
Eswatini,SWZ,2016,0
Eswatini,SWZ,2017,0
Eswatini,SWZ,2018,0
Eswatini,SWZ,2019,0
Eswatini,SWZ,2020,0
Eswatini,SWZ,2021,0
Eswatini,SWZ,2022,0
Eswatini,SWZ,2023,0
Eswatini,SWZ,2024,0
Ethiopia,ETH,1980,0
Ethiopia,ETH,1981,0
Ethiopia,ETH,1982,0
Ethiopia,ETH,1983,0
Ethiopia,ETH,1984,0
Ethiopia,ETH,1985,0
Ethiopia,ETH,1986,0
Ethiopia,ETH,1987,0
Ethiopia,ETH,1988,0
Ethiopia,ETH,1989,0
Ethiopia,ETH,1990,0
Ethiopia,ETH,1991,0
Ethiopia,ETH,1992,0
Ethiopia,ETH,1993,0
Ethiopia,ETH,1994,0
Ethiopia,ETH,1995,0
Ethiopia,ETH,1996,0
Ethiopia,ETH,1997,0
Ethiopia,ETH,1998,0
Ethiopia,ETH,1999,0
Ethiopia,ETH,2000,0
Ethiopia,ETH,2001,0
Ethiopia,ETH,2002,0
Ethiopia,ETH,2003,0
Ethiopia,ETH,2004,0
Ethiopia,ETH,2005,0
Ethiopia,ETH,2006,0
Ethiopia,ETH,2007,0
Ethiopia,ETH,2008,0
Ethiopia,ETH,2009,0
Ethiopia,ETH,2010,0
Ethiopia,ETH,2011,0
Ethiopia,ETH,2012,0
Ethiopia,ETH,2013,0
Ethiopia,ETH,2014,0
Ethiopia,ETH,2015,0
Ethiopia,ETH,2016,0
Ethiopia,ETH,2017,0
Ethiopia,ETH,2018,0
Ethiopia,ETH,2019,0
Ethiopia,ETH,2020,0
Ethiopia,ETH,2021,0
Ethiopia,ETH,2022,0
Ethiopia,ETH,2023,0
Ethiopia,ETH,2024,0
Europe,OWID_EUR,1965,3278.4272
Europe,OWID_EUR,1966,3543.9634
Europe,OWID_EUR,1967,3826.456
Europe,OWID_EUR,1968,4078.862
Europe,OWID_EUR,1969,4307.1006
Europe,OWID_EUR,1970,4594.176
Europe,OWID_EUR,1971,4868.583
Europe,OWID_EUR,1972,5158.4565
Europe,OWID_EUR,1973,5493.962
Europe,OWID_EUR,1974,5844.463
Europe,OWID_EUR,1975,6316.646
Europe,OWID_EUR,1976,6821.996
Europe,OWID_EUR,1977,7426.7783
Europe,OWID_EUR,1978,7943.773
Europe,OWID_EUR,1979,8407.215
Europe,OWID_EUR,1980,8682.468
Europe,OWID_EUR,1981,8818.684
Europe,OWID_EUR,1982,9060.577
Europe,OWID_EUR,1983,9362.833
Europe,OWID_EUR,1984,9505.85
Europe,OWID_EUR,1985,8834.258
Europe,OWID_EUR,1986,9098.409
Europe,OWID_EUR,1987,9241.504
Europe,OWID_EUR,1988,9208.885
Europe,OWID_EUR,1989,8950.263
Europe,OWID_EUR,1990,8594.972
Europe,OWID_EUR,1991,8097.052
Europe,OWID_EUR,1992,7538.5605
Europe,OWID_EUR,1993,7162.7734
Europe,OWID_EUR,1994,7218.22
Europe,OWID_EUR,1995,7279.5796
Europe,OWID_EUR,1996,7373.7725
Europe,OWID_EUR,1997,7426.6045
Europe,OWID_EUR,1998,7357.523
Europe,OWID_EUR,1999,7423.003
Europe,OWID_EUR,2000,7711.516
Europe,OWID_EUR,2001,7884.361
Europe,OWID_EUR,2002,8233.651
Europe,OWID_EUR,2003,8560.289
Europe,OWID_EUR,2004,8841.092
Europe,OWID_EUR,2005,8700.143
Europe,OWID_EUR,2006,8592.835
Europe,OWID_EUR,2007,8578.723
Europe,OWID_EUR,2008,8410.583
Europe,OWID_EUR,2009,8344.866
Europe,OWID_EUR,2010,8283.918
Europe,OWID_EUR,2011,8162.6465
Europe,OWID_EUR,2012,8076.3345
Europe,OWID_EUR,2013,8038.8154
Europe,OWID_EUR,2014,8109.582
Europe,OWID_EUR,2015,8269.808
Europe,OWID_EUR,2016,8446.6455
Europe,OWID_EUR,2017,8415.067
Europe,OWID_EUR,2018,8504.108
Europe,OWID_EUR,2019,8509.728
Europe,OWID_EUR,2020,8049.9917
Europe,OWID_EUR,2021,8134.122
Europe,OWID_EUR,2022,8132.546
Europe,OWID_EUR,2023,8065.982
Europe,OWID_EUR,2024,7860.3906
Europe,OWID_EUR,2025,7869.603
Europe (EI),,1965,453.6398
Europe (EI),,1966,460.85037
Europe (EI),,1967,475.8531
Europe (EI),,1968,482.86597
Europe (EI),,1969,488.9717
Europe (EI),,1970,488.33206
Europe (EI),,1971,484.07294
Europe (EI),,1972,501.80472
Europe (EI),,1973,504.6919
Europe (EI),,1974,507.45587
Europe (EI),,1975,608.6304
Europe (EI),,1976,778.1524
Europe (EI),,1977,1079.136
Europe (EI),,1978,1296.8673
Europe (EI),,1979,1596.687
Europe (EI),,1980,1667.4841
Europe (EI),,1981,1738.1072
Europe (EI),,1982,1936.6089
Europe (EI),,1983,2194.7637
Europe (EI),,1984,2380.0322
Europe (EI),,1985,2527.2388
Europe (EI),,1986,2571.8628
Europe (EI),,1987,2618.4402
Europe (EI),,1988,2593.9854
Europe (EI),,1989,2527.874
Europe (EI),,1990,2595.16
Europe (EI),,1991,2724.6433
Europe (EI),,1992,2900.4001
Europe (EI),,1993,3035.5774
Europe (EI),,1994,3524.7878
Europe (EI),,1995,3665.5686
Europe (EI),,1996,3851.3596
Europe (EI),,1997,3851.3096
Europe (EI),,1998,3818.0486
Europe (EI),,1999,3878.5508
Europe (EI),,2000,3912.569
Europe (EI),,2001,3794.3271
Europe (EI),,2002,3771.2744
Europe (EI),,2003,3609.2375
Europe (EI),,2004,3453.0178
Europe (EI),,2005,3177.992
Europe (EI),,2006,2937.6978
Europe (EI),,2007,2794.7637
Europe (EI),,2008,2662.4067
Europe (EI),,2009,2514.0164
Europe (EI),,2010,2325.6875
Europe (EI),,2011,2121.284
Europe (EI),,2012,1950.3986
Europe (EI),,2013,1849.0554
Europe (EI),,2014,1859.3805
Europe (EI),,2015,1936.6633
Europe (EI),,2016,1951.5336
Europe (EI),,2017,1919.1692
Europe (EI),,2018,1899.6069
Europe (EI),,2019,1841.2152
Europe (EI),,2020,1951.545
Europe (EI),,2021,1868.0687
Europe (EI),,2022,1753.2942
Europe (EI),,2023,1766.9597
Europe (EI),,2024,1736.1848
Europe (EI),,2025,1784.1544
European Union (27),OWID_EU27,1965,401.09543
European Union (27),OWID_EU27,1966,399.86267
European Union (27),OWID_EU27,1967,403.54938
European Union (27),OWID_EU27,1968,403.3284
European Union (27),OWID_EU27,1969,399.26953
European Union (27),OWID_EU27,1970,394.55936
European Union (27),OWID_EU27,1971,383.52252
European Union (27),OWID_EU27,1972,377.20428
European Union (27),OWID_EU27,1973,377.83768
European Union (27),OWID_EU27,1974,383.36508
European Union (27),OWID_EU27,1975,382.51297
European Union (27),OWID_EU27,1976,379.67834
European Union (27),OWID_EU27,1977,371.60544
European Union (27),OWID_EU27,1978,361.8192
European Union (27),OWID_EU27,1979,348.44473
European Union (27),OWID_EU27,1980,340.66818
European Union (27),OWID_EU27,1981,322.4996
European Union (27),OWID_EU27,1982,351.5967
European Union (27),OWID_EU27,1983,404.15485
European Union (27),OWID_EU27,1984,407.49384
European Union (27),OWID_EU27,1985,420.37332
European Union (27),OWID_EU27,1986,431.0583
European Union (27),OWID_EU27,1987,440.7775
European Union (27),OWID_EU27,1988,448.33716
European Union (27),OWID_EU27,1989,438.1596
European Union (27),OWID_EU27,1990,443.03937
European Union (27),OWID_EU27,1991,433.89078
European Union (27),OWID_EU27,1992,430.20334
European Union (27),OWID_EU27,1993,426.84793
European Union (27),OWID_EU27,1994,447.71143
European Union (27),OWID_EU27,1995,437.9798
European Union (27),OWID_EU27,1996,436.21866
European Union (27),OWID_EU27,1997,441.53378
European Union (27),OWID_EU27,1998,436.37958
European Union (27),OWID_EU27,1999,451.81094
European Union (27),OWID_EU27,2000,482.20316
European Union (27),OWID_EU27,2001,468.00687
European Union (27),OWID_EU27,2002,506.75732
European Union (27),OWID_EU27,2003,503.35837
European Union (27),OWID_EU27,2004,504.8935
European Union (27),OWID_EU27,2005,490.14108
European Union (27),OWID_EU27,2006,454.20694
European Union (27),OWID_EU27,2007,432.4388
European Union (27),OWID_EU27,2008,403.26834
European Union (27),OWID_EU27,2009,368.75366
European Union (27),OWID_EU27,2010,354.39597
European Union (27),OWID_EU27,2011,338.83838
European Union (27),OWID_EU27,2012,325.55063
European Union (27),OWID_EU27,2013,317.5614
European Union (27),OWID_EU27,2014,314.49423
European Union (27),OWID_EU27,2015,303.26132
European Union (27),OWID_EU27,2016,266.88626
European Union (27),OWID_EU27,2017,263.1347
European Union (27),OWID_EU27,2018,254.14293
European Union (27),OWID_EU27,2019,234.74828
European Union (27),OWID_EU27,2020,223.11713
European Union (27),OWID_EU27,2021,210.38832
European Union (27),OWID_EU27,2022,194.80177
European Union (27),OWID_EU27,2023,185.3406
European Union (27),OWID_EU27,2024,186.72887
European Union (27),OWID_EU27,2025,183.74077
Falkland Islands,FLK,1980,0
Falkland Islands,FLK,1981,0
Falkland Islands,FLK,1982,0
Falkland Islands,FLK,1983,0
Falkland Islands,FLK,1984,0
Falkland Islands,FLK,1985,0
Falkland Islands,FLK,1986,0
Falkland Islands,FLK,1987,0
Falkland Islands,FLK,1988,0
Falkland Islands,FLK,1989,0
Falkland Islands,FLK,1990,0
Falkland Islands,FLK,1991,0
Falkland Islands,FLK,1992,0
Falkland Islands,FLK,1993,0
Falkland Islands,FLK,1994,0
Falkland Islands,FLK,1995,0
Falkland Islands,FLK,1996,0
Falkland Islands,FLK,1997,0
Falkland Islands,FLK,1998,0
Falkland Islands,FLK,1999,0
Falkland Islands,FLK,2000,0
Falkland Islands,FLK,2001,0
Falkland Islands,FLK,2002,0
Falkland Islands,FLK,2003,0
Falkland Islands,FLK,2004,0
Falkland Islands,FLK,2005,0
Falkland Islands,FLK,2006,0
Falkland Islands,FLK,2007,0
Falkland Islands,FLK,2008,0
Falkland Islands,FLK,2009,0
Falkland Islands,FLK,2010,0
Falkland Islands,FLK,2011,0
Falkland Islands,FLK,2012,0
Falkland Islands,FLK,2013,0
Falkland Islands,FLK,2014,0
Falkland Islands,FLK,2015,0
Falkland Islands,FLK,2016,0
Falkland Islands,FLK,2017,0
Falkland Islands,FLK,2018,0
Falkland Islands,FLK,2019,0
Falkland Islands,FLK,2020,0
Falkland Islands,FLK,2021,0
Falkland Islands,FLK,2022,0
Falkland Islands,FLK,2023,0
Falkland Islands,FLK,2024,0
Faroe Islands,FRO,1980,0
Faroe Islands,FRO,1981,0
Faroe Islands,FRO,1982,0
Faroe Islands,FRO,1983,0
Faroe Islands,FRO,1984,0
Faroe Islands,FRO,1985,0
Faroe Islands,FRO,1986,0
Faroe Islands,FRO,1987,0
Faroe Islands,FRO,1988,0
Faroe Islands,FRO,1989,0
Faroe Islands,FRO,1990,0
Faroe Islands,FRO,1991,0
Faroe Islands,FRO,1992,0
Faroe Islands,FRO,1993,0
Faroe Islands,FRO,1994,0
Faroe Islands,FRO,1995,0
Faroe Islands,FRO,1996,0
Faroe Islands,FRO,1997,0
Faroe Islands,FRO,1998,0
Faroe Islands,FRO,1999,0
Faroe Islands,FRO,2000,0
Faroe Islands,FRO,2001,0
Faroe Islands,FRO,2002,0
Faroe Islands,FRO,2003,0
Faroe Islands,FRO,2004,0
Faroe Islands,FRO,2005,0
Faroe Islands,FRO,2006,0
Faroe Islands,FRO,2007,0
Faroe Islands,FRO,2008,0
Faroe Islands,FRO,2009,0
Faroe Islands,FRO,2010,0
Faroe Islands,FRO,2011,0
Faroe Islands,FRO,2012,0
Faroe Islands,FRO,2013,0
Faroe Islands,FRO,2014,0
Faroe Islands,FRO,2015,0
Faroe Islands,FRO,2016,0
Faroe Islands,FRO,2017,0
Faroe Islands,FRO,2018,0
Faroe Islands,FRO,2019,0
Faroe Islands,FRO,2020,0
Faroe Islands,FRO,2021,0
Faroe Islands,FRO,2022,0
Faroe Islands,FRO,2023,0
Faroe Islands,FRO,2024,0
Fiji,FJI,1980,0
Fiji,FJI,1981,0
Fiji,FJI,1982,0
Fiji,FJI,1983,0
Fiji,FJI,1984,0
Fiji,FJI,1985,0
Fiji,FJI,1986,0
Fiji,FJI,1987,0
Fiji,FJI,1988,0
Fiji,FJI,1989,0
Fiji,FJI,1990,0
Fiji,FJI,1991,0
Fiji,FJI,1992,0
Fiji,FJI,1993,0
Fiji,FJI,1994,0
Fiji,FJI,1995,0
Fiji,FJI,1996,0
Fiji,FJI,1997,0
Fiji,FJI,1998,0
Fiji,FJI,1999,0
Fiji,FJI,2000,0
Fiji,FJI,2001,0
Fiji,FJI,2002,0
Fiji,FJI,2003,0
Fiji,FJI,2004,0
Fiji,FJI,2005,0
Fiji,FJI,2006,0
Fiji,FJI,2007,0
Fiji,FJI,2008,0
Fiji,FJI,2009,0
Fiji,FJI,2010,0
Fiji,FJI,2011,0
Fiji,FJI,2012,0
Fiji,FJI,2013,0
Fiji,FJI,2014,0
Fiji,FJI,2015,0
Fiji,FJI,2016,0
Fiji,FJI,2017,0
Fiji,FJI,2018,0
Fiji,FJI,2019,0
Fiji,FJI,2020,0
Fiji,FJI,2021,0
Fiji,FJI,2022,0
Fiji,FJI,2023,0
Fiji,FJI,2024,0
Finland,FIN,1980,0
Finland,FIN,1981,0
Finland,FIN,1982,0
Finland,FIN,1983,0
Finland,FIN,1984,0
Finland,FIN,1985,0
Finland,FIN,1986,0
Finland,FIN,1987,0
Finland,FIN,1988,0
Finland,FIN,1989,0
Finland,FIN,1990,0
Finland,FIN,1991,0
Finland,FIN,1992,0
Finland,FIN,1993,0
Finland,FIN,1994,0
Finland,FIN,1995,0
Finland,FIN,1996,0
Finland,FIN,1997,0
Finland,FIN,1998,0
Finland,FIN,1999,0
Finland,FIN,2000,0
Finland,FIN,2001,0
Finland,FIN,2002,0
Finland,FIN,2003,0
Finland,FIN,2004,0
Finland,FIN,2005,0
Finland,FIN,2006,0
Finland,FIN,2007,0
Finland,FIN,2008,0
Finland,FIN,2009,0
Finland,FIN,2010,0
Finland,FIN,2011,0
Finland,FIN,2012,0
Finland,FIN,2013,0
Finland,FIN,2014,0
Finland,FIN,2015,0
Finland,FIN,2016,0
Finland,FIN,2017,0
Finland,FIN,2018,0
Finland,FIN,2019,0
Finland,FIN,2020,0
Finland,FIN,2021,0
Finland,FIN,2022,0
Finland,FIN,2023,0
Finland,FIN,2024,0
France,FRA,1900,0
France,FRA,1901,0
France,FRA,1902,0
France,FRA,1903,0
France,FRA,1904,0
France,FRA,1905,0
France,FRA,1906,0
France,FRA,1907,0
France,FRA,1908,0
France,FRA,1909,0
France,FRA,1910,0
France,FRA,1911,0
France,FRA,1912,0
France,FRA,1913,0.63965
France,FRA,1914,0
France,FRA,1915,0
France,FRA,1916,0
France,FRA,1917,0
France,FRA,1918,0.60476
France,FRA,1919,0.55824
France,FRA,1920,0.63965
France,FRA,1921,0.65128005
France,FRA,1922,0.8141
France,FRA,1923,0.8141
France,FRA,1924,0.86062
France,FRA,1925,0.75595
France,FRA,1926,0.77921003
France,FRA,1927,0.84898996
France,FRA,1928,0.86062
France,FRA,1929,0.87225
France,FRA,1930,0.88387996
France,FRA,1931,0.86062
France,FRA,1932,0.87225
France,FRA,1933,0.91877
France,FRA,1934,0.90714
France,FRA,1935,0.88387996
France,FRA,1936,0.8141
France,FRA,1937,0.8141
France,FRA,1938,0.83735996
France,FRA,1939,0.8141
France,FRA,1940,0.80246997
France,FRA,1941,0.67454
France,FRA,1942,0.75595
France,FRA,1943,0.79084
France,FRA,1944,0.68617
France,FRA,1945,0.33727
France,FRA,1946,0.60476
France,FRA,1947,0.5815
France,FRA,1948,0.60476
France,FRA,1949,0.67454
France,FRA,1950,1.4886401
France,FRA,1951,3.38433
France,FRA,1952,4.0705
France,FRA,1953,4.26821
France,FRA,1954,5.87315
France,FRA,1955,10.211141
France,FRA,1956,14.70032
France,FRA,1957,16.40993
France,FRA,1958,16.11918
France,FRA,1959,18.81734
France,FRA,1960,22.99251
France,FRA,1961,25.155691
France,FRA,1962,27.563099
France,FRA,1963,29.33086
France,FRA,1964,33.09898
France,FRA,1965,34.866737
France,FRA,1966,34.09916
France,FRA,1967,32.93616
France,FRA,1968,31.26144
France,FRA,1969,29.063372
France,FRA,1970,26.85367
France,FRA,1971,21.643429
France,FRA,1972,17.258919
France,FRA,1973,14.58402
France,FRA,1974,12.560401
France,FRA,1975,11.95564
France,FRA,1976,12.292911
France,FRA,1977,12.002159
France,FRA,1978,12.8511505
France,FRA,1979,13.92111
France,FRA,1980,0
France,FRA,1981,0
France,FRA,1982,0
France,FRA,1983,0
France,FRA,1984,34.27653
France,FRA,1985,40.841297
France,FRA,1986,43.80201
France,FRA,1987,46.322075
France,FRA,1988,46.940956
France,FRA,1989,45.6121
France,FRA,1990,43.14602
France,FRA,1991,41.830635
France,FRA,1992,40.51965
France,FRA,1993,40.52907
France,FRA,1994,40.826668
France,FRA,1995,36.777573
France,FRA,1996,31.815407
France,FRA,1997,27.054436
France,FRA,1998,24.107021
France,FRA,1999,22.697172
France,FRA,2000,21.285303
France,FRA,2001,20.63764
France,FRA,2002,19.61048
France,FRA,2003,17.65635
France,FRA,2004,16.698975
France,FRA,2005,15.121002
France,FRA,2006,14.002406
France,FRA,2007,12.7934
France,FRA,2008,12.746269
France,FRA,2009,11.864324
France,FRA,2010,11.823042
France,FRA,2011,11.663079
France,FRA,2012,10.701142
France,FRA,2013,10.515814
France,FRA,2014,10.097844
France,FRA,2015,10.654062
France,FRA,2016,10.523853
France,FRA,2017,9.542756
France,FRA,2018,9.769869
France,FRA,2019,9.139633
France,FRA,2020,8.144806
France,FRA,2021,8.182468
France,FRA,2022,7.5143433
France,FRA,2023,7.388223
France,FRA,2024,6.9217157
French Guiana,GUF,1980,0
French Guiana,GUF,1981,0
French Guiana,GUF,1982,0
French Guiana,GUF,1983,0
French Guiana,GUF,1984,0
French Guiana,GUF,1985,0
French Guiana,GUF,1986,0
French Guiana,GUF,1987,0
French Guiana,GUF,1988,0
French Guiana,GUF,1989,0
French Guiana,GUF,1990,0
French Guiana,GUF,1991,0
French Guiana,GUF,1992,0
French Guiana,GUF,1993,0
French Guiana,GUF,1994,0
French Guiana,GUF,1995,0
French Guiana,GUF,1996,0
French Guiana,GUF,1997,0
French Guiana,GUF,1998,0
French Guiana,GUF,1999,0
French Guiana,GUF,2000,0
French Guiana,GUF,2001,0
French Guiana,GUF,2002,0
French Guiana,GUF,2003,0
French Guiana,GUF,2004,0
French Guiana,GUF,2005,0
French Guiana,GUF,2006,0
French Guiana,GUF,2007,0
French Guiana,GUF,2008,0
French Guiana,GUF,2009,0
French Guiana,GUF,2010,0
French Guiana,GUF,2011,0
French Guiana,GUF,2012,0
French Guiana,GUF,2013,0
French Guiana,GUF,2014,0
French Guiana,GUF,2015,0
French Guiana,GUF,2016,0
French Guiana,GUF,2017,0
French Guiana,GUF,2018,0
French Guiana,GUF,2019,0
French Guiana,GUF,2020,0
French Guiana,GUF,2021,0
French Guiana,GUF,2022,0
French Guiana,GUF,2023,0
French Guiana,GUF,2024,0
French Polynesia,PYF,1980,0
French Polynesia,PYF,1981,0
French Polynesia,PYF,1982,0
French Polynesia,PYF,1983,0
French Polynesia,PYF,1984,0
French Polynesia,PYF,1985,0
French Polynesia,PYF,1986,0
French Polynesia,PYF,1987,0
French Polynesia,PYF,1988,0
French Polynesia,PYF,1989,0
French Polynesia,PYF,1990,0
French Polynesia,PYF,1991,0
French Polynesia,PYF,1992,0
French Polynesia,PYF,1993,0
French Polynesia,PYF,1994,0
French Polynesia,PYF,1995,0
French Polynesia,PYF,1996,0
French Polynesia,PYF,1997,0
French Polynesia,PYF,1998,0
French Polynesia,PYF,1999,0
French Polynesia,PYF,2000,0
French Polynesia,PYF,2001,0
French Polynesia,PYF,2002,0
French Polynesia,PYF,2003,0
French Polynesia,PYF,2004,0
French Polynesia,PYF,2005,0
French Polynesia,PYF,2006,0
French Polynesia,PYF,2007,0
French Polynesia,PYF,2008,0
French Polynesia,PYF,2009,0
French Polynesia,PYF,2010,0
French Polynesia,PYF,2011,0
French Polynesia,PYF,2012,0
French Polynesia,PYF,2013,0
French Polynesia,PYF,2014,0
French Polynesia,PYF,2015,0
French Polynesia,PYF,2016,0
French Polynesia,PYF,2017,0
French Polynesia,PYF,2018,0
French Polynesia,PYF,2019,0
French Polynesia,PYF,2020,0
French Polynesia,PYF,2021,0
French Polynesia,PYF,2022,0
French Polynesia,PYF,2023,0
French Polynesia,PYF,2024,0
Gabon,GAB,1900,0
Gabon,GAB,1901,0
Gabon,GAB,1902,0
Gabon,GAB,1903,0
Gabon,GAB,1904,0
Gabon,GAB,1905,0
Gabon,GAB,1906,0
Gabon,GAB,1907,0
Gabon,GAB,1908,0
Gabon,GAB,1909,0
Gabon,GAB,1910,0
Gabon,GAB,1911,0
Gabon,GAB,1912,0
Gabon,GAB,1913,0
Gabon,GAB,1914,0
Gabon,GAB,1915,0
Gabon,GAB,1916,0
Gabon,GAB,1917,0
Gabon,GAB,1918,0
Gabon,GAB,1919,0
Gabon,GAB,1920,0
Gabon,GAB,1921,0
Gabon,GAB,1922,0
Gabon,GAB,1923,0
Gabon,GAB,1924,0
Gabon,GAB,1925,0
Gabon,GAB,1926,0
Gabon,GAB,1927,0
Gabon,GAB,1928,0
Gabon,GAB,1929,0
Gabon,GAB,1930,0
Gabon,GAB,1931,0
Gabon,GAB,1932,0
Gabon,GAB,1933,0
Gabon,GAB,1934,0
Gabon,GAB,1935,0
Gabon,GAB,1936,0
Gabon,GAB,1937,0
Gabon,GAB,1938,0
Gabon,GAB,1939,0
Gabon,GAB,1940,0
Gabon,GAB,1941,0
Gabon,GAB,1942,0
Gabon,GAB,1943,0
Gabon,GAB,1944,0
Gabon,GAB,1945,0
Gabon,GAB,1946,0
Gabon,GAB,1947,0
Gabon,GAB,1948,0
Gabon,GAB,1949,0
Gabon,GAB,1950,0
Gabon,GAB,1951,0
Gabon,GAB,1952,0
Gabon,GAB,1953,0
Gabon,GAB,1954,0
Gabon,GAB,1955,0
Gabon,GAB,1956,0
Gabon,GAB,1957,2.0119898
Gabon,GAB,1958,5.87315
Gabon,GAB,1959,8.75739
Gabon,GAB,1960,9.304
Gabon,GAB,1961,9.00162
Gabon,GAB,1962,9.6180105
Gabon,GAB,1963,10.32744
Gabon,GAB,1964,12.30454
Gabon,GAB,1965,14.71195
Gabon,GAB,1966,16.82861
Gabon,GAB,1967,40.06535
Gabon,GAB,1968,53.974827
Gabon,GAB,1969,58.46401
Gabon,GAB,1970,63.06949
Gabon,GAB,1971,67.39585
Gabon,GAB,1972,73.30389
Gabon,GAB,1973,88.35311
Gabon,GAB,1974,118.649254
Gabon,GAB,1975,131.59344
Gabon,GAB,1976,131.69812
Gabon,GAB,1977,131.03522
Gabon,GAB,1978,123.27801
Gabon,GAB,1979,113.950745
Gabon,GAB,1980,103.44885
Gabon,GAB,1981,88.99276
Gabon,GAB,1982,90.62096
Gabon,GAB,1983,91.51647
Gabon,GAB,1984,101.52989
Gabon,GAB,1985,100.32038
Gabon,GAB,1986,96.47085
Gabon,GAB,1987,89.88827
Gabon,GAB,1988,103.41396
Gabon,GAB,1989,118.94001
Gabon,GAB,1990,156.92358
Gabon,GAB,1991,171.05405
Gabon,GAB,1992,168.07675
Gabon,GAB,1993,177.04349
Gabon,GAB,1994,195.81432
Gabon,GAB,1995,206.50229
Gabon,GAB,1996,212.2475
Gabon,GAB,1997,211.59622
Gabon,GAB,1998,195.94223
Gabon,GAB,1999,197.41925
Gabon,GAB,2000,160.71355
Gabon,GAB,2001,152.14458
Gabon,GAB,2002,148.66035
Gabon,GAB,2003,159.11304
Gabon,GAB,2004,158.96667
Gabon,GAB,2005,156.9819
Gabon,GAB,2006,140.49571
Gabon,GAB,2007,142.59535
Gabon,GAB,2008,139.50262
Gabon,GAB,2009,139.94995
Gabon,GAB,2010,135.41739
Gabon,GAB,2011,137.21002
Gabon,GAB,2012,128.77348
Gabon,GAB,2013,123.92525
Gabon,GAB,2014,122.47349
Gabon,GAB,2015,124.00364
Gabon,GAB,2016,128.48758
Gabon,GAB,2017,121.986275
Gabon,GAB,2018,112.33555
Gabon,GAB,2019,126.495445
Gabon,GAB,2020,120.77915
Gabon,GAB,2021,105.20508
Gabon,GAB,2022,110.651505
Gabon,GAB,2023,129.61905
Gabon,GAB,2024,130.23563
Gabon,GAB,2025,131.81993
Gambia,GMB,1980,0
Gambia,GMB,1981,0
Gambia,GMB,1982,0
Gambia,GMB,1983,0
Gambia,GMB,1984,0
Gambia,GMB,1985,0
Gambia,GMB,1986,0
Gambia,GMB,1987,0
Gambia,GMB,1988,0
Gambia,GMB,1989,0
Gambia,GMB,1990,0
Gambia,GMB,1991,0
Gambia,GMB,1992,0
Gambia,GMB,1993,0
Gambia,GMB,1994,0
Gambia,GMB,1995,0
Gambia,GMB,1996,0
Gambia,GMB,1997,0
Gambia,GMB,1998,0
Gambia,GMB,1999,0
Gambia,GMB,2000,0
Gambia,GMB,2001,0
Gambia,GMB,2002,0
Gambia,GMB,2003,0
Gambia,GMB,2004,0
Gambia,GMB,2005,0
Gambia,GMB,2006,0
Gambia,GMB,2007,0
Gambia,GMB,2008,0
Gambia,GMB,2009,0
Gambia,GMB,2010,0
Gambia,GMB,2011,0
Gambia,GMB,2012,0
Gambia,GMB,2013,0
Gambia,GMB,2014,0
Gambia,GMB,2015,0
Gambia,GMB,2016,0
Gambia,GMB,2017,0
Gambia,GMB,2018,0
Gambia,GMB,2019,0
Gambia,GMB,2020,0
Gambia,GMB,2021,0
Gambia,GMB,2022,0
Gambia,GMB,2023,0
Gambia,GMB,2024,0
Georgia,GEO,1992,1.8921355
Georgia,GEO,1993,0.6289886
Georgia,GEO,1994,1.2579772
Georgia,GEO,1995,0.87806803
Georgia,GEO,1996,1.6102073
Georgia,GEO,1997,1.761168
Georgia,GEO,1998,1.4969928
Georgia,GEO,1999,0.7547863
Georgia,GEO,2000,1.3799975
Georgia,GEO,2001,1.2428814
Georgia,GEO,2002,0.9296451
Georgia,GEO,2003,1.7573941
Georgia,GEO,2004,1.227996
Georgia,GEO,2005,0.8390708
Georgia,GEO,2006,0.7903043
Georgia,GEO,2007,0.7150566
Georgia,GEO,2008,0.63071185
Georgia,GEO,2009,0.6289886
Georgia,GEO,2010,0.6289886
Georgia,GEO,2011,0.6289886
Georgia,GEO,2012,0.63071185
Georgia,GEO,2013,0.6289886
Georgia,GEO,2014,0.6289886
Georgia,GEO,2015,0.5028462
Georgia,GEO,2016,0.25228474
Georgia,GEO,2017,0.26233476
Georgia,GEO,2018,0.23723209
Georgia,GEO,2019,0.21522783
Georgia,GEO,2020,0.20018208
Georgia,GEO,2021,0.18620473
Georgia,GEO,2022,0.17352158
Georgia,GEO,2023,0.16172934
Georgia,GEO,2024,0.15125538
Germany,DEU,1900,0.5815
Germany,DEU,1901,0.51172
Germany,DEU,1902,0.5815
Germany,DEU,1903,0.73269004
Germany,DEU,1904,1.0467
Germany,DEU,1905,0.91877
Germany,DEU,1906,0.94203
Germany,DEU,1907,1.23278
Germany,DEU,1908,1.63983
Germany,DEU,1909,1.5933099
Germany,DEU,1910,1.6282
Germany,DEU,1911,1.5933099
Germany,DEU,1912,1.5700501
Germany,DEU,1913,1.40723
Germany,DEU,1914,1.2793
Germany,DEU,1915,1.15137
Germany,DEU,1916,1.08159
Germany,DEU,1917,1.0583299
Germany,DEU,1918,0.44193998
Germany,DEU,1919,0.43031
Germany,DEU,1920,0.40705
Germany,DEU,1921,0.44193998
Germany,DEU,1922,0.48846
Germany,DEU,1923,0.59313
Germany,DEU,1924,0.68617
Germany,DEU,1925,0.91877
Germany,DEU,1926,1.1048499
Germany,DEU,1927,1.12811
Germany,DEU,1928,1.06996
Germany,DEU,1929,1.19789
Germany,DEU,1930,2.02362
Germany,DEU,1931,2.66327
Germany,DEU,1932,2.6749
Germany,DEU,1933,2.7795699
Germany,DEU,1934,3.69834
Germany,DEU,1935,4.9660096
Germany,DEU,1936,5.1753497
Germany,DEU,1937,5.24513
Germany,DEU,1938,7.08267
Germany,DEU,1939,8.6062
Germany,DEU,1940,12.28128
Germany,DEU,1941,10.49026
Germany,DEU,1942,8.65272
Germany,DEU,1943,8.26893
Germany,DEU,1944,8.39686
Germany,DEU,1945,6.3150897
Germany,DEU,1946,7.5594997
Germany,DEU,1947,6.7105103
Germany,DEU,1948,7.38505
Germany,DEU,1949,9.79246
Germany,DEU,1950,13.013969
Germany,DEU,1951,15.89821
Germany,DEU,1952,20.41065
Germany,DEU,1953,25.458069
Germany,DEU,1954,31.005579
Germany,DEU,1955,36.59961
Germany,DEU,1956,40.8213
Germany,DEU,1957,46.11295
Germany,DEU,1958,51.61394
Germany,DEU,1959,59.429302
Germany,DEU,1960,64.3139
Germany,DEU,1961,72.18741
Germany,DEU,1962,79.153786
Germany,DEU,1963,86.27134
Germany,DEU,1964,89.934784
Germany,DEU,1965,92.62132
Germany,DEU,1966,92.43524
Germany,DEU,1967,93.12141
Germany,DEU,1968,93.76106
Germany,DEU,1969,92.58643
Germany,DEU,1970,88.67875
Germany,DEU,1971,87.39945
Germany,DEU,1972,83.724365
Germany,DEU,1973,77.94426
Germany,DEU,1974,72.62935
Germany,DEU,1975,67.419106
Germany,DEU,1976,64.86051
Germany,DEU,1977,63.59284
Germany,DEU,1978,59.60375
Germany,DEU,1979,56.21942
Germany,DEU,1991,42.990593
Germany,DEU,1992,40.25006
Germany,DEU,1993,38.33099
Germany,DEU,1994,36.61512
Germany,DEU,1995,36.45013
Germany,DEU,1996,35.196224
Germany,DEU,1997,34.970455
Germany,DEU,1998,36.651592
Germany,DEU,1999,34.402546
Germany,DEU,2000,39.463852
Germany,DEU,2001,41.062843
Germany,DEU,2002,43.855476
Germany,DEU,2003,46.153282
Germany,DEU,2004,43.313644
Germany,DEU,2005,43.390064
Germany,DEU,2006,42.287228
Germany,DEU,2007,42.02846
Germany,DEU,2008,38.138218
Germany,DEU,2009,34.864513
Germany,DEU,2010,31.061111
Germany,DEU,2011,32.328915
Germany,DEU,2012,32.417484
Germany,DEU,2013,32.686676
Germany,DEU,2014,30.482788
Germany,DEU,2015,30.467155
Germany,DEU,2016,29.612694
Germany,DEU,2017,27.547716
Germany,DEU,2018,25.771437
Germany,DEU,2019,23.905302
Germany,DEU,2020,23.79057
Germany,DEU,2021,22.809351
Germany,DEU,2022,21.072191
Germany,DEU,2023,20.385736
Germany,DEU,2024,18.258204
Ghana,GHA,1900,0
Ghana,GHA,1901,0
Ghana,GHA,1902,0
Ghana,GHA,1903,0
Ghana,GHA,1904,0
Ghana,GHA,1905,0
Ghana,GHA,1906,0
Ghana,GHA,1907,0
Ghana,GHA,1908,0
Ghana,GHA,1909,0
Ghana,GHA,1910,0
Ghana,GHA,1911,0
Ghana,GHA,1912,0
Ghana,GHA,1913,0
Ghana,GHA,1914,0
Ghana,GHA,1915,0
Ghana,GHA,1916,0
Ghana,GHA,1917,0
Ghana,GHA,1918,0
Ghana,GHA,1919,0
Ghana,GHA,1920,0
Ghana,GHA,1921,0
Ghana,GHA,1922,0
Ghana,GHA,1923,0
Ghana,GHA,1924,0
Ghana,GHA,1925,0
Ghana,GHA,1926,0
Ghana,GHA,1927,0
Ghana,GHA,1928,0
Ghana,GHA,1929,0
Ghana,GHA,1930,0
Ghana,GHA,1931,0
Ghana,GHA,1932,0
Ghana,GHA,1933,0
Ghana,GHA,1934,0
Ghana,GHA,1935,0
Ghana,GHA,1936,0
Ghana,GHA,1937,0
Ghana,GHA,1938,0
Ghana,GHA,1939,0
Ghana,GHA,1940,0
Ghana,GHA,1941,0
Ghana,GHA,1942,0
Ghana,GHA,1943,0
Ghana,GHA,1944,0
Ghana,GHA,1945,0
Ghana,GHA,1946,0
Ghana,GHA,1947,0
Ghana,GHA,1948,0
Ghana,GHA,1949,0
Ghana,GHA,1950,0
Ghana,GHA,1951,0
Ghana,GHA,1952,0
Ghana,GHA,1953,0
Ghana,GHA,1954,0
Ghana,GHA,1955,0
Ghana,GHA,1956,0
Ghana,GHA,1957,0
Ghana,GHA,1958,0
Ghana,GHA,1959,0
Ghana,GHA,1960,0
Ghana,GHA,1961,0
Ghana,GHA,1962,0
Ghana,GHA,1963,0
Ghana,GHA,1964,0
Ghana,GHA,1965,0
Ghana,GHA,1966,0
Ghana,GHA,1967,0
Ghana,GHA,1968,0
Ghana,GHA,1969,0
Ghana,GHA,1970,0
Ghana,GHA,1971,0
Ghana,GHA,1972,0
Ghana,GHA,1973,0
Ghana,GHA,1974,0
Ghana,GHA,1975,0
Ghana,GHA,1976,0
Ghana,GHA,1977,0
Ghana,GHA,1978,0.23259999
Ghana,GHA,1979,0.23259999
Ghana,GHA,1980,0
Ghana,GHA,1981,0
Ghana,GHA,1982,0
Ghana,GHA,1983,0
Ghana,GHA,1984,0
Ghana,GHA,1985,0
Ghana,GHA,1986,0
Ghana,GHA,1987,0
Ghana,GHA,1988,0
Ghana,GHA,1989,0
Ghana,GHA,1990,0
Ghana,GHA,1991,0
Ghana,GHA,1992,0
Ghana,GHA,1993,0
Ghana,GHA,1994,3.8098772
Ghana,GHA,1995,3.8098772
Ghana,GHA,1996,4.298724
Ghana,GHA,1997,4.4448566
Ghana,GHA,1998,4.4448566
Ghana,GHA,1999,4.4448566
Ghana,GHA,2000,4.457034
Ghana,GHA,2001,4.4448566
Ghana,GHA,2002,4.4448566
Ghana,GHA,2003,4.4448566
Ghana,GHA,2004,4.457034
Ghana,GHA,2005,3.8098772
Ghana,GHA,2006,3.8098772
Ghana,GHA,2007,3.8098772
Ghana,GHA,2008,3.820315
Ghana,GHA,2009,3.8098772
Ghana,GHA,2010,4.5648937
Ghana,GHA,2011,48.58376
Ghana,GHA,2012,49.89025
Ghana,GHA,2013,62.17232
Ghana,GHA,2014,66.68503
Ghana,GHA,2015,64.994064
Ghana,GHA,2016,62.628117
Ghana,GHA,2017,95.72064
Ghana,GHA,2018,109.62234
Ghana,GHA,2019,126.99711
Ghana,GHA,2020,127.0086
Ghana,GHA,2021,114.22615
Ghana,GHA,2022,104.642815
Ghana,GHA,2023,102.81549
Ghana,GHA,2024,119.5449
Gibraltar,GIB,1980,0
Gibraltar,GIB,1981,0
Gibraltar,GIB,1982,0
Gibraltar,GIB,1983,0
Gibraltar,GIB,1984,0
Gibraltar,GIB,1985,0
Gibraltar,GIB,1986,0
Gibraltar,GIB,1987,0
Gibraltar,GIB,1988,0
Gibraltar,GIB,1989,0
Gibraltar,GIB,1990,0
Gibraltar,GIB,1991,0
Gibraltar,GIB,1992,0
Gibraltar,GIB,1993,0
Gibraltar,GIB,1994,0
Gibraltar,GIB,1995,0
Gibraltar,GIB,1996,0
Gibraltar,GIB,1997,0
Gibraltar,GIB,1998,0
Gibraltar,GIB,1999,0
Gibraltar,GIB,2000,0
Gibraltar,GIB,2001,0
Gibraltar,GIB,2002,0
Gibraltar,GIB,2003,0
Gibraltar,GIB,2004,0
Gibraltar,GIB,2005,0
Gibraltar,GIB,2006,0
Gibraltar,GIB,2007,0
Gibraltar,GIB,2008,0
Gibraltar,GIB,2009,0
Gibraltar,GIB,2010,0
Gibraltar,GIB,2011,0
Gibraltar,GIB,2012,0
Gibraltar,GIB,2013,0
Gibraltar,GIB,2014,0
Gibraltar,GIB,2015,0
Gibraltar,GIB,2016,0
Gibraltar,GIB,2017,0
Gibraltar,GIB,2018,0
Gibraltar,GIB,2019,0
Gibraltar,GIB,2020,0
Gibraltar,GIB,2021,0
Gibraltar,GIB,2022,0
Gibraltar,GIB,2023,0
Gibraltar,GIB,2024,0
Greece,GRC,1900,0
Greece,GRC,1901,0
Greece,GRC,1902,0
Greece,GRC,1903,0
Greece,GRC,1904,0
Greece,GRC,1905,0
Greece,GRC,1906,0
Greece,GRC,1907,0
Greece,GRC,1908,0
Greece,GRC,1909,0
Greece,GRC,1910,0
Greece,GRC,1911,0
Greece,GRC,1912,0
Greece,GRC,1913,0
Greece,GRC,1914,0
Greece,GRC,1915,0
Greece,GRC,1916,0
Greece,GRC,1917,0
Greece,GRC,1918,0
Greece,GRC,1919,0
Greece,GRC,1920,0
Greece,GRC,1921,0
Greece,GRC,1922,0
Greece,GRC,1923,0
Greece,GRC,1924,0
Greece,GRC,1925,0
Greece,GRC,1926,0
Greece,GRC,1927,0
Greece,GRC,1928,0
Greece,GRC,1929,0
Greece,GRC,1930,0
Greece,GRC,1931,0
Greece,GRC,1932,0
Greece,GRC,1933,0
Greece,GRC,1934,0
Greece,GRC,1935,0
Greece,GRC,1936,0
Greece,GRC,1937,0
Greece,GRC,1938,0
Greece,GRC,1939,0
Greece,GRC,1940,0
Greece,GRC,1941,0
Greece,GRC,1942,0
Greece,GRC,1943,0
Greece,GRC,1944,0
Greece,GRC,1945,0
Greece,GRC,1946,0
Greece,GRC,1947,0
Greece,GRC,1948,0
Greece,GRC,1949,0
Greece,GRC,1950,0
Greece,GRC,1951,0
Greece,GRC,1952,0
Greece,GRC,1953,0
Greece,GRC,1954,0
Greece,GRC,1955,0
Greece,GRC,1956,0
Greece,GRC,1957,0
Greece,GRC,1958,0
Greece,GRC,1959,0
Greece,GRC,1960,0
Greece,GRC,1961,0
Greece,GRC,1962,0
Greece,GRC,1963,0
Greece,GRC,1964,0
Greece,GRC,1965,0
Greece,GRC,1966,0
Greece,GRC,1967,0
Greece,GRC,1968,0
Greece,GRC,1969,0
Greece,GRC,1970,0
Greece,GRC,1971,0
Greece,GRC,1972,0
Greece,GRC,1973,0
Greece,GRC,1974,0
Greece,GRC,1975,0
Greece,GRC,1976,0
Greece,GRC,1977,0
Greece,GRC,1978,0
Greece,GRC,1979,0
Greece,GRC,1980,0
Greece,GRC,1981,0
Greece,GRC,1982,0
Greece,GRC,1983,0
Greece,GRC,1984,16.762308
Greece,GRC,1985,16.696735
Greece,GRC,1986,16.866726
Greece,GRC,1987,15.367382
Greece,GRC,1988,14.107332
Greece,GRC,1989,11.51463
Greece,GRC,1990,10.371443
Greece,GRC,1991,10.622328
Greece,GRC,1992,8.624901
Greece,GRC,1993,7.1360745
Greece,GRC,1994,6.7549734
Greece,GRC,1995,5.7592793
Greece,GRC,1996,6.1357
Greece,GRC,1997,5.8627167
Greece,GRC,1998,4.2418876
Greece,GRC,1999,0.16152978
Greece,GRC,2000,3.576113
Greece,GRC,2001,2.437266
Greece,GRC,2002,2.3893948
Greece,GRC,2003,1.7456942
Greece,GRC,2004,1.695164
Greece,GRC,2005,1.117826
Greece,GRC,2006,1.0432357
Greece,GRC,2007,0.9239207
Greece,GRC,2008,0.63569784
Greece,GRC,2009,0.7402579
Greece,GRC,2010,1.4798211
Greece,GRC,2011,1.1098658
Greece,GRC,2012,1.0612333
Greece,GRC,2013,0.79028004
Greece,GRC,2014,0.7364368
Greece,GRC,2015,0.6825935
Greece,GRC,2016,2.016517
Greece,GRC,2017,1.7837853
Greece,GRC,2018,2.5880177
Greece,GRC,2019,2.1233714
Greece,GRC,2020,1.1489735
Greece,GRC,2021,0.976972
Greece,GRC,2022,0.9490395
Greece,GRC,2023,0.9490395
Greece,GRC,2024,0.9516396
Greenland,GRL,1980,0
Greenland,GRL,1981,0
Greenland,GRL,1982,0
Greenland,GRL,1983,0
Greenland,GRL,1984,0
Greenland,GRL,1985,0
Greenland,GRL,1986,0
Greenland,GRL,1987,0
Greenland,GRL,1988,0
Greenland,GRL,1989,0
Greenland,GRL,1990,0
Greenland,GRL,1991,0
Greenland,GRL,1992,0
Greenland,GRL,1993,0
Greenland,GRL,1994,0
Greenland,GRL,1995,0
Greenland,GRL,1996,0
Greenland,GRL,1997,0
Greenland,GRL,1998,0
Greenland,GRL,1999,0
Greenland,GRL,2000,0
Greenland,GRL,2001,0
Greenland,GRL,2002,0
Greenland,GRL,2003,0
Greenland,GRL,2004,0
Greenland,GRL,2005,0
Greenland,GRL,2006,0
Greenland,GRL,2007,0
Greenland,GRL,2008,0
Greenland,GRL,2009,0
Greenland,GRL,2010,0
Greenland,GRL,2011,0
Greenland,GRL,2012,0
Greenland,GRL,2013,0
Greenland,GRL,2014,0
Greenland,GRL,2015,0
Greenland,GRL,2016,0
Greenland,GRL,2017,0
Greenland,GRL,2018,0
Greenland,GRL,2019,0
Greenland,GRL,2020,0
Greenland,GRL,2021,0
Greenland,GRL,2022,0
Greenland,GRL,2023,0
Greenland,GRL,2024,0
Grenada,GRD,1980,0
Grenada,GRD,1981,0
Grenada,GRD,1982,0
Grenada,GRD,1983,0
Grenada,GRD,1984,0
Grenada,GRD,1985,0
Grenada,GRD,1986,0
Grenada,GRD,1987,0
Grenada,GRD,1988,0
Grenada,GRD,1989,0
Grenada,GRD,1990,0
Grenada,GRD,1991,0
Grenada,GRD,1992,0
Grenada,GRD,1993,0
Grenada,GRD,1994,0
Grenada,GRD,1995,0
Grenada,GRD,1996,0
Grenada,GRD,1997,0
Grenada,GRD,1998,0
Grenada,GRD,1999,0
Grenada,GRD,2000,0
Grenada,GRD,2001,0
Grenada,GRD,2002,0
Grenada,GRD,2003,0
Grenada,GRD,2004,0
Grenada,GRD,2005,0
Grenada,GRD,2006,0
Grenada,GRD,2007,0
Grenada,GRD,2008,0
Grenada,GRD,2009,0
Grenada,GRD,2010,0
Grenada,GRD,2011,0
Grenada,GRD,2012,0
Grenada,GRD,2013,0
Grenada,GRD,2014,0
Grenada,GRD,2015,0
Grenada,GRD,2016,0
Grenada,GRD,2017,0
Grenada,GRD,2018,0
Grenada,GRD,2019,0
Grenada,GRD,2020,0
Grenada,GRD,2021,0
Grenada,GRD,2022,0
Grenada,GRD,2023,0
Grenada,GRD,2024,0
Guadeloupe,GLP,1980,0
Guadeloupe,GLP,1981,0
Guadeloupe,GLP,1982,0
Guadeloupe,GLP,1983,0
Guadeloupe,GLP,1984,0
Guadeloupe,GLP,1985,0
Guadeloupe,GLP,1986,0
Guadeloupe,GLP,1987,0
Guadeloupe,GLP,1988,0
Guadeloupe,GLP,1989,0
Guadeloupe,GLP,1990,0
Guadeloupe,GLP,1991,0
Guadeloupe,GLP,1992,0
Guadeloupe,GLP,1993,0
Guadeloupe,GLP,1994,0
Guadeloupe,GLP,1995,0
Guadeloupe,GLP,1996,0
Guadeloupe,GLP,1997,0
Guadeloupe,GLP,1998,0
Guadeloupe,GLP,1999,0
Guadeloupe,GLP,2000,0
Guadeloupe,GLP,2001,0
Guadeloupe,GLP,2002,0
Guadeloupe,GLP,2003,0
Guadeloupe,GLP,2004,0
Guadeloupe,GLP,2005,0
Guadeloupe,GLP,2006,0
Guadeloupe,GLP,2007,0
Guadeloupe,GLP,2008,0
Guadeloupe,GLP,2009,0
Guadeloupe,GLP,2010,0
Guadeloupe,GLP,2011,0
Guadeloupe,GLP,2012,0
Guadeloupe,GLP,2013,0
Guadeloupe,GLP,2014,0
Guadeloupe,GLP,2015,0
Guadeloupe,GLP,2016,0
Guadeloupe,GLP,2017,0
Guadeloupe,GLP,2018,0
Guadeloupe,GLP,2019,0
Guadeloupe,GLP,2020,0
Guadeloupe,GLP,2021,0
Guadeloupe,GLP,2022,0
Guadeloupe,GLP,2023,0
Guadeloupe,GLP,2024,0
Guam,GUM,1980,0
Guam,GUM,1981,0
Guam,GUM,1982,0
Guam,GUM,1983,0
Guam,GUM,1984,0
Guam,GUM,1985,0
Guam,GUM,1986,0
Guam,GUM,1987,0
Guam,GUM,1988,0
Guam,GUM,1989,0
Guam,GUM,1990,0
Guam,GUM,1991,0
Guam,GUM,1992,0
Guam,GUM,1993,0
Guam,GUM,1994,0
Guam,GUM,1995,0
Guam,GUM,1996,0
Guam,GUM,1997,0
Guam,GUM,1998,0
Guam,GUM,1999,0
Guam,GUM,2000,0
Guam,GUM,2001,0
Guam,GUM,2002,0
Guam,GUM,2003,0
Guam,GUM,2004,0
Guam,GUM,2005,0
Guam,GUM,2006,0
Guam,GUM,2007,0
Guam,GUM,2008,0
Guam,GUM,2009,0
Guam,GUM,2010,0
Guam,GUM,2011,0
Guam,GUM,2012,0
Guam,GUM,2013,0
Guam,GUM,2014,0
Guam,GUM,2015,0
Guam,GUM,2016,0
Guam,GUM,2017,0
Guam,GUM,2018,0
Guam,GUM,2019,0
Guam,GUM,2020,0
Guam,GUM,2021,0
Guam,GUM,2022,0
Guam,GUM,2023,0
Guam,GUM,2024,0
Guatemala,GTM,1900,0
Guatemala,GTM,1901,0
Guatemala,GTM,1902,0
Guatemala,GTM,1903,0
Guatemala,GTM,1904,0
Guatemala,GTM,1905,0
Guatemala,GTM,1906,0
Guatemala,GTM,1907,0
Guatemala,GTM,1908,0
Guatemala,GTM,1909,0
Guatemala,GTM,1910,0
Guatemala,GTM,1911,0
Guatemala,GTM,1912,0
Guatemala,GTM,1913,0
Guatemala,GTM,1914,0
Guatemala,GTM,1915,0
Guatemala,GTM,1916,0
Guatemala,GTM,1917,0
Guatemala,GTM,1918,0
Guatemala,GTM,1919,0
Guatemala,GTM,1920,0
Guatemala,GTM,1921,0
Guatemala,GTM,1922,0
Guatemala,GTM,1923,0
Guatemala,GTM,1924,0
Guatemala,GTM,1925,0
Guatemala,GTM,1926,0
Guatemala,GTM,1927,0
Guatemala,GTM,1928,0
Guatemala,GTM,1929,0
Guatemala,GTM,1930,0
Guatemala,GTM,1931,0
Guatemala,GTM,1932,0
Guatemala,GTM,1933,0
Guatemala,GTM,1934,0
Guatemala,GTM,1935,0
Guatemala,GTM,1936,0
Guatemala,GTM,1937,0
Guatemala,GTM,1938,0
Guatemala,GTM,1939,0
Guatemala,GTM,1940,0
Guatemala,GTM,1941,0
Guatemala,GTM,1942,0
Guatemala,GTM,1943,0
Guatemala,GTM,1944,0
Guatemala,GTM,1945,0
Guatemala,GTM,1946,0
Guatemala,GTM,1947,0
Guatemala,GTM,1948,0
Guatemala,GTM,1949,0
Guatemala,GTM,1950,0
Guatemala,GTM,1951,0
Guatemala,GTM,1952,0
Guatemala,GTM,1953,0
Guatemala,GTM,1954,0
Guatemala,GTM,1955,0
Guatemala,GTM,1956,0
Guatemala,GTM,1957,0
Guatemala,GTM,1958,0
Guatemala,GTM,1959,0
Guatemala,GTM,1960,0
Guatemala,GTM,1961,0
Guatemala,GTM,1962,0
Guatemala,GTM,1963,0
Guatemala,GTM,1964,0
Guatemala,GTM,1965,0
Guatemala,GTM,1966,0
Guatemala,GTM,1967,0
Guatemala,GTM,1968,0
Guatemala,GTM,1969,0
Guatemala,GTM,1970,0
Guatemala,GTM,1971,0
Guatemala,GTM,1972,0
Guatemala,GTM,1973,0
Guatemala,GTM,1974,0
Guatemala,GTM,1975,0
Guatemala,GTM,1976,0.15119
Guatemala,GTM,1977,0.081410006
Guatemala,GTM,1978,0.3489
Guatemala,GTM,1979,0.90714
Guatemala,GTM,1980,0
Guatemala,GTM,1981,0
Guatemala,GTM,1982,0
Guatemala,GTM,1983,0
Guatemala,GTM,1984,2.5508907
Guatemala,GTM,1985,1.9078927
Guatemala,GTM,1986,3.1798213
Guatemala,GTM,1987,1.9078927
Guatemala,GTM,1988,1.9137541
Guatemala,GTM,1989,1.9085252
Guatemala,GTM,1990,2.5447004
Guatemala,GTM,1991,1.9085252
Guatemala,GTM,1992,3.1895902
Guatemala,GTM,1993,3.8170505
Guatemala,GTM,1994,4.4532256
Guatemala,GTM,1995,5.948237
Guatemala,GTM,1996,9.56877
Guatemala,GTM,1997,12.723502
Guatemala,GTM,1998,15.904377
Guatemala,GTM,1999,14.632028
Guatemala,GTM,2000,13.396279
Guatemala,GTM,2001,13.359677
Guatemala,GTM,2002,15.744026
Guatemala,GTM,2003,15.268202
Guatemala,GTM,2004,12.758361
Guatemala,GTM,2005,11.451151
Guatemala,GTM,2006,10.178802
Guatemala,GTM,2007,9.542626
Guatemala,GTM,2008,9.903729
Guatemala,GTM,2009,8.594726
Guatemala,GTM,2010,7.6043215
Guatemala,GTM,2011,6.9631715
Guatemala,GTM,2012,6.7561064
Guatemala,GTM,2013,6.353223
Guatemala,GTM,2014,6.3946943
Guatemala,GTM,2015,6.2758274
Guatemala,GTM,2016,6.236597
Guatemala,GTM,2017,6.1289783
Guatemala,GTM,2018,5.8835325
Guatemala,GTM,2019,6.109913
Guatemala,GTM,2020,4.9828057
Guatemala,GTM,2021,4.5430555
Guatemala,GTM,2022,4.4624605
Guatemala,GTM,2023,3.6751676
Guatemala,GTM,2024,3.7109437
Guinea,GIN,1980,0
Guinea,GIN,1981,0
Guinea,GIN,1982,0
Guinea,GIN,1983,0
Guinea,GIN,1984,0
Guinea,GIN,1985,0
Guinea,GIN,1986,0
Guinea,GIN,1987,0
Guinea,GIN,1988,0
Guinea,GIN,1989,0
Guinea,GIN,1990,0
Guinea,GIN,1991,0
Guinea,GIN,1992,0
Guinea,GIN,1993,0
Guinea,GIN,1994,0
Guinea,GIN,1995,0
Guinea,GIN,1996,0
Guinea,GIN,1997,0
Guinea,GIN,1998,0
Guinea,GIN,1999,0
Guinea,GIN,2000,0
Guinea,GIN,2001,0
Guinea,GIN,2002,0
Guinea,GIN,2003,0
Guinea,GIN,2004,0
Guinea,GIN,2005,0
Guinea,GIN,2006,0
Guinea,GIN,2007,0
Guinea,GIN,2008,0
Guinea,GIN,2009,0
Guinea,GIN,2010,0
Guinea,GIN,2011,0
Guinea,GIN,2012,0
Guinea,GIN,2013,0
Guinea,GIN,2014,0
Guinea,GIN,2015,0
Guinea,GIN,2016,0
Guinea,GIN,2017,0
Guinea,GIN,2018,0
Guinea,GIN,2019,0
Guinea,GIN,2020,0
Guinea,GIN,2021,0
Guinea,GIN,2022,0
Guinea,GIN,2023,0
Guinea,GIN,2024,0
Guinea-Bissau,GNB,1980,0
Guinea-Bissau,GNB,1981,0
Guinea-Bissau,GNB,1982,0
Guinea-Bissau,GNB,1983,0
Guinea-Bissau,GNB,1984,0
Guinea-Bissau,GNB,1985,0
Guinea-Bissau,GNB,1986,0
Guinea-Bissau,GNB,1987,0
Guinea-Bissau,GNB,1988,0
Guinea-Bissau,GNB,1989,0
Guinea-Bissau,GNB,1990,0
Guinea-Bissau,GNB,1991,0
Guinea-Bissau,GNB,1992,0
Guinea-Bissau,GNB,1993,0
Guinea-Bissau,GNB,1994,0
Guinea-Bissau,GNB,1995,0
Guinea-Bissau,GNB,1996,0
Guinea-Bissau,GNB,1997,0
Guinea-Bissau,GNB,1998,0
Guinea-Bissau,GNB,1999,0
Guinea-Bissau,GNB,2000,0
Guinea-Bissau,GNB,2001,0
Guinea-Bissau,GNB,2002,0
Guinea-Bissau,GNB,2003,0
Guinea-Bissau,GNB,2004,0
Guinea-Bissau,GNB,2005,0
Guinea-Bissau,GNB,2006,0
Guinea-Bissau,GNB,2007,0
Guinea-Bissau,GNB,2008,0
Guinea-Bissau,GNB,2009,0
Guinea-Bissau,GNB,2010,0
Guinea-Bissau,GNB,2011,0
Guinea-Bissau,GNB,2012,0
Guinea-Bissau,GNB,2013,0
Guinea-Bissau,GNB,2014,0
Guinea-Bissau,GNB,2015,0
Guinea-Bissau,GNB,2016,0
Guinea-Bissau,GNB,2017,0
Guinea-Bissau,GNB,2018,0
Guinea-Bissau,GNB,2019,0
Guinea-Bissau,GNB,2020,0
Guinea-Bissau,GNB,2021,0
Guinea-Bissau,GNB,2022,0
Guinea-Bissau,GNB,2023,0
Guinea-Bissau,GNB,2024,0
Guyana,GUY,1980,0
Guyana,GUY,1981,0
Guyana,GUY,1982,0
Guyana,GUY,1983,0
Guyana,GUY,1984,0
Guyana,GUY,1985,0
Guyana,GUY,1986,0
Guyana,GUY,1987,0
Guyana,GUY,1988,0
Guyana,GUY,1989,0
Guyana,GUY,1990,0
Guyana,GUY,1991,0
Guyana,GUY,1992,0
Guyana,GUY,1993,0
Guyana,GUY,1994,0
Guyana,GUY,1995,0
Guyana,GUY,1996,0
Guyana,GUY,1997,0
Guyana,GUY,1998,0
Guyana,GUY,1999,0
Guyana,GUY,2000,0
Guyana,GUY,2001,0
Guyana,GUY,2002,0
Guyana,GUY,2003,0
Guyana,GUY,2004,0
Guyana,GUY,2005,0
Guyana,GUY,2006,0
Guyana,GUY,2007,0
Guyana,GUY,2008,0
Guyana,GUY,2009,0
Guyana,GUY,2010,0
Guyana,GUY,2011,0
Guyana,GUY,2012,0
Guyana,GUY,2013,0
Guyana,GUY,2014,0
Guyana,GUY,2015,0
Guyana,GUY,2016,0
Guyana,GUY,2017,0
Guyana,GUY,2018,0
Guyana,GUY,2019,0.6774911
Guyana,GUY,2020,43.14841
Guyana,GUY,2021,67.70945
Guyana,GUY,2022,160.90018
Guyana,GUY,2023,226.54066
Guyana,GUY,2024,357.68057
Guyana,GUY,2025,414.51352
Haiti,HTI,1980,0
Haiti,HTI,1981,0
Haiti,HTI,1982,0
Haiti,HTI,1983,0
Haiti,HTI,1984,0
Haiti,HTI,1985,0
Haiti,HTI,1986,0
Haiti,HTI,1987,0
Haiti,HTI,1988,0
Haiti,HTI,1989,0
Haiti,HTI,1990,0
Haiti,HTI,1991,0
Haiti,HTI,1992,0
Haiti,HTI,1993,0
Haiti,HTI,1994,0
Haiti,HTI,1995,0
Haiti,HTI,1996,0
Haiti,HTI,1997,0
Haiti,HTI,1998,0
Haiti,HTI,1999,0
Haiti,HTI,2000,0
Haiti,HTI,2001,0
Haiti,HTI,2002,0
Haiti,HTI,2003,0
Haiti,HTI,2004,0
Haiti,HTI,2005,0
Haiti,HTI,2006,0
Haiti,HTI,2007,0
Haiti,HTI,2008,0
Haiti,HTI,2009,0
Haiti,HTI,2010,0
Haiti,HTI,2011,0
Haiti,HTI,2012,0
Haiti,HTI,2013,0
Haiti,HTI,2014,0
Haiti,HTI,2015,0
Haiti,HTI,2016,0
Haiti,HTI,2017,0
Haiti,HTI,2018,0
Haiti,HTI,2019,0
Haiti,HTI,2020,0
Haiti,HTI,2021,0
Haiti,HTI,2022,0
Haiti,HTI,2023,0
Haiti,HTI,2024,0
High-income countries,OWID_HIC,1965,8757.872
High-income countries,OWID_HIC,1966,9524.692
High-income countries,OWID_HIC,1967,10145.8125
High-income countries,OWID_HIC,1968,10852.542
High-income countries,OWID_HIC,1969,11315.223
High-income countries,OWID_HIC,1970,12299.051
High-income countries,OWID_HIC,1971,13207.953
High-income countries,OWID_HIC,1972,14336.204
High-income countries,OWID_HIC,1973,15442.027
High-income countries,OWID_HIC,1974,15399.278
High-income countries,OWID_HIC,1975,14012.979
High-income countries,OWID_HIC,1976,15150.71
High-income countries,OWID_HIC,1977,15790.795
High-income countries,OWID_HIC,1978,15754.093
High-income countries,OWID_HIC,1979,17074.635
High-income countries,OWID_HIC,1980,16808.79
High-income countries,OWID_HIC,1981,16252.221
High-income countries,OWID_HIC,1982,14173.211
High-income countries,OWID_HIC,1983,13398.227
High-income countries,OWID_HIC,1984,13695.906
High-income countries,OWID_HIC,1985,19552.34
High-income countries,OWID_HIC,1986,20721.027
High-income countries,OWID_HIC,1987,20253.926
High-income countries,OWID_HIC,1988,21086.857
High-income countries,OWID_HIC,1989,20670.219
High-income countries,OWID_HIC,1990,20942.316
High-income countries,OWID_HIC,1991,21229.537
High-income countries,OWID_HIC,1992,21487.295
High-income countries,OWID_HIC,1993,21287.385
High-income countries,OWID_HIC,1994,21448.672
High-income countries,OWID_HIC,1995,21549.188
High-income countries,OWID_HIC,1996,21876.393
High-income countries,OWID_HIC,1997,22014.594
High-income countries,OWID_HIC,1998,22107.613
High-income countries,OWID_HIC,1999,21355.525
High-income countries,OWID_HIC,2000,22392.23
High-income countries,OWID_HIC,2001,22309.045
High-income countries,OWID_HIC,2002,22009.291
High-income countries,OWID_HIC,2003,23512.67
High-income countries,OWID_HIC,2004,24289.424
High-income countries,OWID_HIC,2005,24392.596
High-income countries,OWID_HIC,2006,24401.367
High-income countries,OWID_HIC,2007,24132.127
High-income countries,OWID_HIC,2008,24341.457
High-income countries,OWID_HIC,2009,23558.824
High-income countries,OWID_HIC,2010,23987.44
High-income countries,OWID_HIC,2011,25250.387
High-income countries,OWID_HIC,2012,26458.812
High-income countries,OWID_HIC,2013,27058.715
High-income countries,OWID_HIC,2014,28226.672
High-income countries,OWID_HIC,2015,29331.373
High-income countries,OWID_HIC,2016,29610.885
High-income countries,OWID_HIC,2017,29597.043
High-income countries,OWID_HIC,2018,31283.426
High-income countries,OWID_HIC,2019,32094.803
High-income countries,OWID_HIC,2020,30366.46
High-income countries,OWID_HIC,2021,30597.918
High-income countries,OWID_HIC,2022,32483.816
High-income countries,OWID_HIC,2023,32610.576
High-income countries,OWID_HIC,2024,32715.926
High-income countries,OWID_HIC,2025,33664.03
Honduras,HND,1980,0
Honduras,HND,1981,0
Honduras,HND,1982,0
Honduras,HND,1983,0
Honduras,HND,1984,0
Honduras,HND,1985,0
Honduras,HND,1986,0
Honduras,HND,1987,0
Honduras,HND,1988,0
Honduras,HND,1989,0
Honduras,HND,1990,0
Honduras,HND,1991,0
Honduras,HND,1992,0
Honduras,HND,1993,0
Honduras,HND,1994,0
Honduras,HND,1995,0
Honduras,HND,1996,0
Honduras,HND,1997,0
Honduras,HND,1998,0
Honduras,HND,1999,0
Honduras,HND,2000,0
Honduras,HND,2001,0
Honduras,HND,2002,0
Honduras,HND,2003,0
Honduras,HND,2004,0
Honduras,HND,2005,0
Honduras,HND,2006,0
Honduras,HND,2007,0
Honduras,HND,2008,0
Honduras,HND,2009,0
Honduras,HND,2010,0
Honduras,HND,2011,0
Honduras,HND,2012,0
Honduras,HND,2013,0
Honduras,HND,2014,0
Honduras,HND,2015,0
Honduras,HND,2016,0
Honduras,HND,2017,0
Honduras,HND,2018,0
Honduras,HND,2019,0
Honduras,HND,2020,0
Honduras,HND,2021,0
Honduras,HND,2022,0
Honduras,HND,2023,0
Honduras,HND,2024,0
Hong Kong,HKG,1980,0
Hong Kong,HKG,1981,0
Hong Kong,HKG,1982,0
Hong Kong,HKG,1983,0
Hong Kong,HKG,1984,0
Hong Kong,HKG,1985,0
Hong Kong,HKG,1986,0
Hong Kong,HKG,1987,0
Hong Kong,HKG,1988,0
Hong Kong,HKG,1989,0
Hong Kong,HKG,1990,0
Hong Kong,HKG,1991,0
Hong Kong,HKG,1992,0
Hong Kong,HKG,1993,0
Hong Kong,HKG,1994,0
Hong Kong,HKG,1995,0
Hong Kong,HKG,1996,0
Hong Kong,HKG,1997,0
Hong Kong,HKG,1998,0
Hong Kong,HKG,1999,0
Hong Kong,HKG,2000,0
Hong Kong,HKG,2001,0
Hong Kong,HKG,2002,0
Hong Kong,HKG,2003,0
Hong Kong,HKG,2004,0
Hong Kong,HKG,2005,0
Hong Kong,HKG,2006,0
Hong Kong,HKG,2007,0
Hong Kong,HKG,2008,0
Hong Kong,HKG,2009,0
Hong Kong,HKG,2010,0
Hong Kong,HKG,2011,0
Hong Kong,HKG,2012,0
Hong Kong,HKG,2013,0
Hong Kong,HKG,2014,0
Hong Kong,HKG,2015,0
Hong Kong,HKG,2016,0
Hong Kong,HKG,2017,0
Hong Kong,HKG,2018,0
Hong Kong,HKG,2019,0
Hong Kong,HKG,2020,0
Hong Kong,HKG,2021,0
Hong Kong,HKG,2022,0
Hong Kong,HKG,2023,0
Hong Kong,HKG,2024,0
Hungary,HUN,1900,0.023260001
Hungary,HUN,1901,0.03489
Hungary,HUN,1902,0.046520002
Hungary,HUN,1903,0.03489
Hungary,HUN,1904,0.023260001
Hungary,HUN,1905,0.058149997
Hungary,HUN,1906,0.03489
Hungary,HUN,1907,0.023260001
Hungary,HUN,1908,0.023260001
Hungary,HUN,1909,0.03489
Hungary,HUN,1910,0.03489
Hungary,HUN,1911,0.023260001
Hungary,HUN,1912,0.03489
Hungary,HUN,1913,0.023260001
Hungary,HUN,1914,0.046520002
Hungary,HUN,1915,0.081410006
Hungary,HUN,1916,0.06978
Hungary,HUN,1917,0.104669996
Hungary,HUN,1918,0
Hungary,HUN,1919,0
Hungary,HUN,1920,0
Hungary,HUN,1921,0
Hungary,HUN,1922,0
Hungary,HUN,1923,0
Hungary,HUN,1924,0
Hungary,HUN,1925,0
Hungary,HUN,1926,0
Hungary,HUN,1927,0
Hungary,HUN,1928,0
Hungary,HUN,1929,0
Hungary,HUN,1930,0
Hungary,HUN,1931,0
Hungary,HUN,1932,0
Hungary,HUN,1933,0
Hungary,HUN,1934,0
Hungary,HUN,1935,0
Hungary,HUN,1936,0
Hungary,HUN,1937,0.023260001
Hungary,HUN,1938,0.50009
Hungary,HUN,1939,1.6747199
Hungary,HUN,1940,2.95402
Hungary,HUN,1941,4.90786
Hungary,HUN,1942,7.74558
Hungary,HUN,1943,9.75757
Hungary,HUN,1944,9.68779
Hungary,HUN,1945,7.6176496
Hungary,HUN,1946,7.96655
Hungary,HUN,1947,6.6291
Hungary,HUN,1948,5.64055
Hungary,HUN,1949,5.88478
Hungary,HUN,1950,5.9545603
Hungary,HUN,1951,5.80337
Hungary,HUN,1952,6.95474
Hungary,HUN,1953,9.83898
Hungary,HUN,1954,14.15371
Hungary,HUN,1955,18.619629
Hungary,HUN,1956,13.97926
Hungary,HUN,1957,7.8502502
Hungary,HUN,1958,9.6529
Hungary,HUN,1959,12.04868
Hungary,HUN,1960,14.15371
Hungary,HUN,1961,16.94491
Hungary,HUN,1962,19.084831
Hungary,HUN,1963,20.422281
Hungary,HUN,1964,20.94563
Hungary,HUN,1965,20.96889
Hungary,HUN,1966,19.829151
Hungary,HUN,1967,19.60818
Hungary,HUN,1968,21.015411
Hungary,HUN,1969,20.39902
Hungary,HUN,1970,22.527311
Hungary,HUN,1971,22.73665
Hungary,HUN,1972,22.99251
Hungary,HUN,1973,23.132069
Hungary,HUN,1974,23.22511
Hungary,HUN,1975,23.32978
Hungary,HUN,1976,24.911459
Hungary,HUN,1977,25.481329
Hungary,HUN,1978,25.586
Hungary,HUN,1979,23.574009
Hungary,HUN,1980,0
Hungary,HUN,1981,0
Hungary,HUN,1982,0
Hungary,HUN,1983,0
Hungary,HUN,1984,37.83352
Hungary,HUN,1985,38.1995
Hungary,HUN,1986,37.730217
Hungary,HUN,1987,37.33243
Hungary,HUN,1988,37.16319
Hungary,HUN,1989,36.592476
Hungary,HUN,1990,37.260975
Hungary,HUN,1991,36.088818
Hungary,HUN,1992,34.21129
Hungary,HUN,1993,33.2735
Hungary,HUN,1994,24.44404
Hungary,HUN,1995,31.09884
Hungary,HUN,1996,26.763828
Hungary,HUN,1997,23.711012
Hungary,HUN,1998,21.95755
Hungary,HUN,1999,20.721823
Hungary,HUN,2000,20.847101
Hungary,HUN,2001,21.936338
Hungary,HUN,2002,19.012394
Hungary,HUN,2003,21.301188
Hungary,HUN,2004,20.720583
Hungary,HUN,2005,18.675024
Hungary,HUN,2006,17.79362
Hungary,HUN,2007,15.674979
Hungary,HUN,2008,15.888309
Hungary,HUN,2009,15.683096
Hungary,HUN,2010,13.928951
Hungary,HUN,2011,12.431914
Hungary,HUN,2012,12.415464
Hungary,HUN,2013,12.244514
Hungary,HUN,2014,10.969171
Hungary,HUN,2015,11.306166
Hungary,HUN,2016,12.566073
Hungary,HUN,2017,13.064335
Hungary,HUN,2018,13.858277
Hungary,HUN,2019,14.153351
Hungary,HUN,2020,12.87117
Hungary,HUN,2021,14.000821
Hungary,HUN,2022,14.043301
Hungary,HUN,2023,14.581481
Hungary,HUN,2024,16.376963
Iceland,ISL,1980,0
Iceland,ISL,1981,0
Iceland,ISL,1982,0
Iceland,ISL,1983,0
Iceland,ISL,1984,0
Iceland,ISL,1985,0
Iceland,ISL,1986,0
Iceland,ISL,1987,0
Iceland,ISL,1988,0
Iceland,ISL,1989,0
Iceland,ISL,1990,0
Iceland,ISL,1991,0
Iceland,ISL,1992,0
Iceland,ISL,1993,0
Iceland,ISL,1994,0
Iceland,ISL,1995,0
Iceland,ISL,1996,0
Iceland,ISL,1997,0
Iceland,ISL,1998,0
Iceland,ISL,1999,0
Iceland,ISL,2000,0
Iceland,ISL,2001,0
Iceland,ISL,2002,0
Iceland,ISL,2003,0
Iceland,ISL,2004,0
Iceland,ISL,2005,0
Iceland,ISL,2006,0
Iceland,ISL,2007,0
Iceland,ISL,2008,0
Iceland,ISL,2009,0
Iceland,ISL,2010,0
Iceland,ISL,2011,0
Iceland,ISL,2012,0
Iceland,ISL,2013,0
Iceland,ISL,2014,0
Iceland,ISL,2015,0
Iceland,ISL,2016,0
Iceland,ISL,2017,0
Iceland,ISL,2018,0
Iceland,ISL,2019,0
Iceland,ISL,2020,0
Iceland,ISL,2021,0
Iceland,ISL,2022,0
Iceland,ISL,2023,0
Iceland,ISL,2024,0
India,IND,1900,1.6747199
India,IND,1901,2.22133
India,IND,1902,2.51208
India,IND,1903,3.8960502
India,IND,1904,5.24513
India,IND,1905,6.40813
India,IND,1906,6.2336802
India,IND,1907,6.73377
India,IND,1908,7.8269897
India,IND,1909,10.350699
India,IND,1910,9.51334
India,IND,1911,10.001801
India,IND,1912,11.03687
India,IND,1913,12.292911
India,IND,1914,11.47881
India,IND,1915,12.72322
India,IND,1916,13.165159
India,IND,1917,12.52551
India,IND,1918,12.40921
India,IND,1919,13.53732
India,IND,1920,13.6071
India,IND,1921,14.7468405
India,IND,1922,14.397941
India,IND,1923,14.188601
India,IND,1924,14.21186
India,IND,1925,13.967629
India,IND,1926,12.793
India,IND,1927,13.00234
India,IND,1928,2.00036
India,IND,1929,2.4074101
India,IND,1930,2.48882
India,IND,1931,2.7912
India,IND,1932,2.7795699
India,IND,1933,2.6051202
India,IND,1934,3.07032
India,IND,1935,3.2564
India,IND,1936,3.07032
India,IND,1937,3.3610702
India,IND,1938,3.87279
India,IND,1939,3.6169298
India,IND,1940,4.29147
India,IND,1941,4.50081
India,IND,1942,4.33799
India,IND,1943,4.25658
India,IND,1944,4.32636
India,IND,1945,3.67508
India,IND,1946,3.4075902
India,IND,1947,2.89587
India,IND,1948,2.9191298
India,IND,1949,2.94239
India,IND,1950,3.01217
India,IND,1951,3.12847
India,IND,1952,3.05869
India,IND,1953,3.16336
India,IND,1954,3.57041
India,IND,1955,4.03561
India,IND,1956,4.60548
India,IND,1957,5.1172
India,IND,1958,5.1055703
India,IND,1959,5.2335
India,IND,1960,5.2800198
India,IND,1961,5.9661903
India,IND,1962,12.537139
India,IND,1963,19.212759
India,IND,1964,25.72556
India,IND,1965,35.145863
India,IND,1966,54.04461
India,IND,1967,65.90721
India,IND,1968,68.07039
India,IND,1969,78.18849
India,IND,1970,79.18867
India,IND,1971,83.56155
India,IND,1972,85.74799
India,IND,1973,83.71274
India,IND,1974,87.108696
India,IND,1975,96.33129
India,IND,1976,100.70418
India,IND,1977,118.45155
India,IND,1978,131.08173
India,IND,1979,149.31757
India,IND,1980,109.31037
India,IND,1981,174.15926
India,IND,1982,231.21603
India,IND,1983,294.8903
India,IND,1984,327.8962
India,IND,1985,351.24927
India,IND,1986,367.76385
India,IND,1987,356.85492
India,IND,1988,375.48618
India,IND,1989,400.64188
India,IND,1990,397.40875
India,IND,1991,374.25342
India,IND,1992,339.4332
India,IND,1993,324.18625
India,IND,1994,376.55612
India,IND,1995,426.2046
India,IND,1996,404.724
India,IND,1997,413.85355
India,IND,1998,403.50284
India,IND,1999,402.5608
India,IND,2000,397.32733
India,IND,2001,397.4785
India,IND,2002,409.86447
India,IND,2003,411.56244
India,IND,2004,422.57605
India,IND,2005,406.17773
India,IND,2006,419.20334
India,IND,2007,423.80884
India,IND,2008,439.5326
India,IND,2009,441.89346
India,IND,2010,479.662
India,IND,2011,498.74335
India,IND,2012,494.85077
India,IND,2013,490.85788
India,IND,2014,484.2957
India,IND,2015,478.8405
India,IND,2016,472.0089
India,IND,2017,470.28488
India,IND,2018,459.93576
India,IND,2019,435.97647
India,IND,2020,408.77762
India,IND,2021,395.41418
India,IND,2022,384.05682
India,IND,2023,378.58463
India,IND,2024,376.88736
India,IND,2025,370.6685
Indonesia,IDN,1900,3.6169298
Indonesia,IDN,1901,6.4430203
Indonesia,IDN,1902,3.90768
Indonesia,IDN,1903,9.25748
Indonesia,IDN,1904,10.44374
Indonesia,IDN,1905,12.595289
Indonesia,IDN,1906,13.1419
Indonesia,IDN,1907,16.02614
Indonesia,IDN,1908,16.514599
Indonesia,IDN,1909,17.724121
Indonesia,IDN,1910,17.71249
Indonesia,IDN,1911,19.43373
Indonesia,IDN,1912,17.66597
Indonesia,IDN,1913,17.747381
Indonesia,IDN,1914,18.24747
Indonesia,IDN,1915,18.58474
Indonesia,IDN,1916,20.1199
Indonesia,IDN,1917,20.82933
Indonesia,IDN,1918,20.51532
Indonesia,IDN,1919,25.120802
Indonesia,IDN,1920,27.50495
Indonesia,IDN,1921,27.43517
Indonesia,IDN,1922,27.70266
Indonesia,IDN,1923,32.94779
Indonesia,IDN,1924,34.02938
Indonesia,IDN,1925,35.65758
Indonesia,IDN,1926,35.11097
Indonesia,IDN,1927,42.96122
Indonesia,IDN,1928,50.10204
Indonesia,IDN,1929,60.92957
Indonesia,IDN,1930,58.510532
Indonesia,IDN,1931,53.47474
Indonesia,IDN,1932,58.95247
Indonesia,IDN,1933,64.37205
Indonesia,IDN,1934,70.41965
Indonesia,IDN,1935,70.73366
Indonesia,IDN,1936,74.87394
Indonesia,IDN,1937,84.45706
Indonesia,IDN,1938,86.038734
Indonesia,IDN,1939,92.44687
Indonesia,IDN,1940,92.330574
Indonesia,IDN,1941,80.072556
Indonesia,IDN,1942,35.85529
Indonesia,IDN,1943,72.14089
Indonesia,IDN,1944,33.250168
Indonesia,IDN,1945,11.35088
Indonesia,IDN,1946,3.5122597
Indonesia,IDN,1947,12.94419
Indonesia,IDN,1948,50.55561
Indonesia,IDN,1949,72.08274
Indonesia,IDN,1950,82.30551
Indonesia,IDN,1951,97.16865
Indonesia,IDN,1952,102.12303
Indonesia,IDN,1953,121.96381
Indonesia,IDN,1954,131.75627
Indonesia,IDN,1955,141.93253
Indonesia,IDN,1956,152.27159
Indonesia,IDN,1957,183.754
Indonesia,IDN,1958,190.46452
Indonesia,IDN,1959,214.55023
Indonesia,IDN,1960,242.00867
Indonesia,IDN,1961,247.53293
Indonesia,IDN,1962,264.6988
Indonesia,IDN,1963,259.05826
Indonesia,IDN,1964,266.54797
Indonesia,IDN,1965,285.34518
Indonesia,IDN,1966,278.29962
Indonesia,IDN,1967,299.4363
Indonesia,IDN,1968,352.65442
Indonesia,IDN,1969,376.93747
Indonesia,IDN,1970,501.40903
Indonesia,IDN,1971,523.72
Indonesia,IDN,1972,636.4264
Indonesia,IDN,1973,785.5799
Indonesia,IDN,1974,807.3037
Indonesia,IDN,1975,766.7918
Indonesia,IDN,1976,885.34705
Indonesia,IDN,1977,987.813
Indonesia,IDN,1978,954.87695
Indonesia,IDN,1979,925.10754
Indonesia,IDN,1980,919.1779
Indonesia,IDN,1981,929.9591
Indonesia,IDN,1982,774.3697
Indonesia,IDN,1983,822.0525
Indonesia,IDN,1984,870.9995
Indonesia,IDN,1985,771.53186
Indonesia,IDN,1986,818.39996
Indonesia,IDN,1987,812.057
Indonesia,IDN,1988,782.5798
Indonesia,IDN,1989,833.06067
Indonesia,IDN,1990,865.6619
Indonesia,IDN,1991,942.0945
Indonesia,IDN,1992,892.374
Indonesia,IDN,1993,893.77747
Indonesia,IDN,1994,894.8168
Indonesia,IDN,1995,889.1665
Indonesia,IDN,1996,892.3267
Indonesia,IDN,1997,880.5205
Indonesia,IDN,1998,862.9521
Indonesia,IDN,1999,797.86676
Indonesia,IDN,2000,835.15326
Indonesia,IDN,2001,792.87384
Indonesia,IDN,2002,736.5128
Indonesia,IDN,2003,670.43884
Indonesia,IDN,2004,646.04767
Indonesia,IDN,2005,624.7098
Indonesia,IDN,2006,584.1274
Indonesia,IDN,2007,556.3172
Indonesia,IDN,2008,574.8375
Indonesia,IDN,2009,562.9781
Indonesia,IDN,2010,565.4801
Indonesia,IDN,2011,538.5468
Indonesia,IDN,2012,518.4984
Indonesia,IDN,2013,492.70227
Indonesia,IDN,2014,476.3889
Indonesia,IDN,2015,471.94174
Indonesia,IDN,2016,496.00772
Indonesia,IDN,2017,476.2169
Indonesia,IDN,2018,458.87897
Indonesia,IDN,2019,443.38217
Indonesia,IDN,2020,422.56863
Indonesia,IDN,2021,392.26587
Indonesia,IDN,2022,366.00745
Indonesia,IDN,2023,361.62506
Indonesia,IDN,2024,347.63095
Indonesia,IDN,2025,348.19934
Iran,IRN,1900,0
Iran,IRN,1901,0
Iran,IRN,1902,0
Iran,IRN,1903,0
Iran,IRN,1904,0
Iran,IRN,1905,0
Iran,IRN,1906,0.011630001
Iran,IRN,1907,0
Iran,IRN,1908,0
Iran,IRN,1909,0
Iran,IRN,1910,0
Iran,IRN,1911,0.51172
Iran,IRN,1912,0.95366
Iran,IRN,1913,3.23314
Iran,IRN,1914,4.44266
Iran,IRN,1915,5.31491
Iran,IRN,1916,7.60602
Iran,IRN,1917,10.60656
Iran,IRN,1918,13.07212
Iran,IRN,1919,16.37504
Iran,IRN,1920,20.60836
Iran,IRN,1921,27.50495
Iran,IRN,1922,34.97141
Iran,IRN,1923,43.89162
Iran,IRN,1924,51.20689
Iran,IRN,1925,53.835274
Iran,IRN,1926,57.091667
Iran,IRN,1927,63.313717
Iran,IRN,1928,67.02369
Iran,IRN,1929,64.53487
Iran,IRN,1930,70.18705
Iran,IRN,1931,67.95409
Iran,IRN,1932,76.16487
Iran,IRN,1933,83.736
Iran,IRN,1934,89.06254
Iran,IRN,1935,88.48104
Iran,IRN,1936,96.8779
Iran,IRN,1937,120.1379
Iran,IRN,1938,120.475174
Iran,IRN,1939,113.18317
Iran,IRN,1940,101.79739
Iran,IRN,1941,77.93263
Iran,IRN,1942,111.03161
Iran,IRN,1943,114.69507
Iran,IRN,1944,156.85382
Iran,IRN,1945,198.9893
Iran,IRN,1946,226.76173
Iran,IRN,1947,238.63596
Iran,IRN,1948,293.8901
Iran,IRN,1949,316.7663
Iran,IRN,1950,375.18378
Iran,IRN,1951,196.38417
Iran,IRN,1952,15.8168
Iran,IRN,1953,15.60746
Iran,IRN,1954,40.72826
Iran,IRN,1955,191.09253
Iran,IRN,1956,306.27603
Iran,IRN,1957,418.55206
Iran,IRN,1958,480.02826
Iran,IRN,1959,539.3878
Iran,IRN,1960,622.10034
Iran,IRN,1961,689.71716
Iran,IRN,1962,765.35864
Iran,IRN,1963,855.4679
Iran,IRN,1964,984.03754
Iran,IRN,1965,1112.55
Iran,IRN,1966,1243.164
Iran,IRN,1967,1517.8029
Iran,IRN,1968,1660.5338
Iran,IRN,1969,1968.5372
Iran,IRN,1970,2239.7864
Iran,IRN,1971,2659.6023
Iran,IRN,1972,2950.6582
Iran,IRN,1973,3435.2354
Iran,IRN,1974,3526.1836
Iran,IRN,1975,3133.9348
Iran,IRN,1976,3453.717
Iran,IRN,1977,3321.8525
Iran,IRN,1978,3079.8574
Iran,IRN,1979,1866.4425
Iran,IRN,1980,862.45776
Iran,IRN,1981,769.4381
Iran,IRN,1982,1396.675
Iran,IRN,1983,1428.5646
Iran,IRN,1984,1192.2871
Iran,IRN,1985,1283.3833
Iran,IRN,1986,1194.3988
Iran,IRN,1987,1357.5194
Iran,IRN,1988,1365.1671
Iran,IRN,1989,1672.8422
Iran,IRN,1990,1893.2346
Iran,IRN,1991,2027.9333
Iran,IRN,1992,2043.1451
Iran,IRN,1993,2143.3389
Iran,IRN,1994,2151.3699
Iran,IRN,1995,2156.8591
Iran,IRN,1996,2170.6436
Iran,IRN,1997,2174.3757
Iran,IRN,1998,2218.8591
Iran,IRN,1999,2071.5051
Iran,IRN,2000,2229.0667
Iran,IRN,2001,2207.4316
Iran,IRN,2002,2083.1982
Iran,IRN,2003,2350.3044
Iran,IRN,2004,2428.7239
Iran,IRN,2005,2417.5408
Iran,IRN,2006,2449.531
Iran,IRN,2007,2480.1643
Iran,IRN,2008,2505.3982
Iran,IRN,2009,2409.9597
Iran,IRN,2010,2465.9385
Iran,IRN,2011,2471.7043
Iran,IRN,2012,2098.9683
Iran,IRN,2013,1973.2856
Iran,IRN,2014,2024.1608
Iran,IRN,2015,2096.2253
Iran,IRN,2016,2513.76
Iran,IRN,2017,2727.699
Iran,IRN,2018,2598.6675
Iran,IRN,2019,1912.266
Iran,IRN,2020,1741.9359
Iran,IRN,2021,2026.462
Iran,IRN,2022,2131.9023
Iran,IRN,2023,2511.3992
Iran,IRN,2024,2754.3894
Iran,IRN,2025,2816.1655
Iraq,IRQ,1900,0
Iraq,IRQ,1901,0
Iraq,IRQ,1902,0
Iraq,IRQ,1903,0
Iraq,IRQ,1904,0
Iraq,IRQ,1905,0
Iraq,IRQ,1906,0
Iraq,IRQ,1907,0
Iraq,IRQ,1908,0
Iraq,IRQ,1909,0
Iraq,IRQ,1910,0
Iraq,IRQ,1911,0
Iraq,IRQ,1912,0
Iraq,IRQ,1913,0
Iraq,IRQ,1914,0
Iraq,IRQ,1915,0
Iraq,IRQ,1916,0
Iraq,IRQ,1917,0
Iraq,IRQ,1918,0
Iraq,IRQ,1919,0
Iraq,IRQ,1920,0
Iraq,IRQ,1921,0
Iraq,IRQ,1922,0
Iraq,IRQ,1923,0
Iraq,IRQ,1924,0
Iraq,IRQ,1925,0
Iraq,IRQ,1926,0
Iraq,IRQ,1927,0.52335
Iraq,IRQ,1928,1.09322
Iraq,IRQ,1929,1.40723
Iraq,IRQ,1930,1.40723
Iraq,IRQ,1931,1.3956
Iraq,IRQ,1932,1.41886
Iraq,IRQ,1933,1.33745
Iraq,IRQ,1934,10.86242
Iraq,IRQ,1935,41.37954
Iraq,IRQ,1936,45.28722
Iraq,IRQ,1937,47.83419
Iraq,IRQ,1938,48.12494
Iraq,IRQ,1939,46.08969
Iraq,IRQ,1940,29.15641
Iraq,IRQ,1941,18.22421
Iraq,IRQ,1942,30.17985
Iraq,IRQ,1943,41.542362
Iraq,IRQ,1944,48.42732
Iraq,IRQ,1945,53.579407
Iraq,IRQ,1946,54.4284
Iraq,IRQ,1947,54.68426
Iraq,IRQ,1948,39.844383
Iraq,IRQ,1949,47.29921
Iraq,IRQ,1950,76.57192
Iraq,IRQ,1951,99.92496
Iraq,IRQ,1952,215.39923
Iraq,IRQ,1953,327.8032
Iraq,IRQ,1954,356.16876
Iraq,IRQ,1955,386.59283
Iraq,IRQ,1956,366.05426
Iraq,IRQ,1957,255.83673
Iraq,IRQ,1958,416.55173
Iraq,IRQ,1959,487.76218
Iraq,IRQ,1960,552.0412
Iraq,IRQ,1961,569.6258
Iraq,IRQ,1962,571.82385
Iraq,IRQ,1963,659.0604
Iraq,IRQ,1964,716.722
Iraq,IRQ,1965,752.17535
Iraq,IRQ,1966,797.43195
Iraq,IRQ,1967,703.48157
Iraq,IRQ,1968,863.37915
Iraq,IRQ,1969,871.33185
Iraq,IRQ,1970,887.37213
Iraq,IRQ,1971,970.4379
Iraq,IRQ,1972,842.125
Iraq,IRQ,1973,1156.0471
Iraq,IRQ,1974,1131.332
Iraq,IRQ,1975,1299.1066
Iraq,IRQ,1976,1390.0803
Iraq,IRQ,1977,1348.9895
Iraq,IRQ,1978,1472.1066
Iraq,IRQ,1979,1996.2805
Iraq,IRQ,1980,1524.3804
Iraq,IRQ,1981,517.584
Iraq,IRQ,1982,564.10254
Iraq,IRQ,1983,632.14026
Iraq,IRQ,1984,704.0628
Iraq,IRQ,1985,812.2264
Iraq,IRQ,1986,1083.7975
Iraq,IRQ,1987,1363.688
Iraq,IRQ,1988,1589.8123
Iraq,IRQ,1989,1616.1876
Iraq,IRQ,1990,1224.6495
Iraq,IRQ,1991,162.1561
Iraq,IRQ,1992,304.08456
Iraq,IRQ,1993,259.72107
Iraq,IRQ,1994,288.36444
Iraq,IRQ,1995,302.68613
Iraq,IRQ,1996,332.232
Iraq,IRQ,1997,664.58966
Iraq,IRQ,1998,1211.6783
Iraq,IRQ,1999,1491.8107
Iraq,IRQ,2000,1497.8922
Iraq,IRQ,2001,1440.6339
Iraq,IRQ,2002,1208.0497
Iraq,IRQ,2003,767.865
Iraq,IRQ,2004,1162.3728
Iraq,IRQ,2005,1045.9281
Iraq,IRQ,2006,1139.9895
Iraq,IRQ,2007,1222.1901
Iraq,IRQ,2008,1387.679
Iraq,IRQ,2009,1392.5465
Iraq,IRQ,2010,1405.0623
Iraq,IRQ,2011,1579.3668
Iraq,IRQ,2012,1759.7953
Iraq,IRQ,2013,1767.0057
Iraq,IRQ,2014,1846.9589
Iraq,IRQ,2015,2275.0127
Iraq,IRQ,2016,2530.7146
Iraq,IRQ,2017,2586.301
Iraq,IRQ,2018,2640.1548
Iraq,IRQ,2019,2723.9797
Iraq,IRQ,2020,2349.7002
Iraq,IRQ,2021,2335.6458
Iraq,IRQ,2022,2573.8367
Iraq,IRQ,2023,2477.664
Iraq,IRQ,2024,2449.9346
Iraq,IRQ,2025,2496.1304
Ireland,IRL,1980,0
Ireland,IRL,1981,0
Ireland,IRL,1982,0
Ireland,IRL,1983,0
Ireland,IRL,1984,0
Ireland,IRL,1985,0
Ireland,IRL,1986,0
Ireland,IRL,1987,0
Ireland,IRL,1988,0
Ireland,IRL,1989,0
Ireland,IRL,1990,0
Ireland,IRL,1991,0
Ireland,IRL,1992,0
Ireland,IRL,1993,0
Ireland,IRL,1994,0
Ireland,IRL,1995,0
Ireland,IRL,1996,0
Ireland,IRL,1997,0
Ireland,IRL,1998,0
Ireland,IRL,1999,0
Ireland,IRL,2000,0
Ireland,IRL,2001,0
Ireland,IRL,2002,0
Ireland,IRL,2003,0
Ireland,IRL,2004,0
Ireland,IRL,2005,0
Ireland,IRL,2006,0
Ireland,IRL,2007,0
Ireland,IRL,2008,0
Ireland,IRL,2009,0
Ireland,IRL,2010,0
Ireland,IRL,2011,0
Ireland,IRL,2012,0
Ireland,IRL,2013,0
Ireland,IRL,2014,0
Ireland,IRL,2015,0
Ireland,IRL,2016,0
Ireland,IRL,2017,0
Ireland,IRL,2018,0
Ireland,IRL,2019,0
Ireland,IRL,2020,0
Ireland,IRL,2021,0
Ireland,IRL,2022,0
Ireland,IRL,2023,0
Ireland,IRL,2024,0
Israel,ISR,1900,0
Israel,ISR,1901,0
Israel,ISR,1902,0
Israel,ISR,1903,0
Israel,ISR,1904,0
Israel,ISR,1905,0
Israel,ISR,1906,0
Israel,ISR,1907,0
Israel,ISR,1908,0
Israel,ISR,1909,0
Israel,ISR,1910,0
Israel,ISR,1911,0
Israel,ISR,1912,0
Israel,ISR,1913,0
Israel,ISR,1914,0
Israel,ISR,1915,0
Israel,ISR,1916,0
Israel,ISR,1917,0
Israel,ISR,1918,0
Israel,ISR,1919,0
Israel,ISR,1920,0
Israel,ISR,1921,0
Israel,ISR,1922,0
Israel,ISR,1923,0
Israel,ISR,1924,0
Israel,ISR,1925,0
Israel,ISR,1926,0
Israel,ISR,1927,0
Israel,ISR,1928,0
Israel,ISR,1929,0
Israel,ISR,1930,0
Israel,ISR,1931,0
Israel,ISR,1932,0
Israel,ISR,1933,0
Israel,ISR,1934,0
Israel,ISR,1935,0
Israel,ISR,1936,0
Israel,ISR,1937,0
Israel,ISR,1938,0
Israel,ISR,1939,0
Israel,ISR,1940,0
Israel,ISR,1941,0
Israel,ISR,1942,0
Israel,ISR,1943,0
Israel,ISR,1944,0
Israel,ISR,1945,0
Israel,ISR,1946,0
Israel,ISR,1947,0
Israel,ISR,1948,0
Israel,ISR,1949,0
Israel,ISR,1950,0
Israel,ISR,1951,0
Israel,ISR,1952,0
Israel,ISR,1953,0
Israel,ISR,1954,0
Israel,ISR,1955,0.011630001
Israel,ISR,1956,0.24423
Israel,ISR,1957,0.62802
Israel,ISR,1958,1.0350701
Israel,ISR,1959,1.4886401
Israel,ISR,1960,1.5002699
Israel,ISR,1961,1.5700501
Israel,ISR,1962,1.5700501
Israel,ISR,1963,1.7561299
Israel,ISR,1964,2.31437
Israel,ISR,1965,2.37252
Israel,ISR,1966,2.18644
Israel,ISR,1967,1.5584201
Israel,ISR,1968,1.37234
Israel,ISR,1969,1.15137
Israel,ISR,1970,0.89551
Israel,ISR,1971,0.73269004
Israel,ISR,1972,0.55824
Israel,ISR,1973,0.45357
Israel,ISR,1974,0.46519998
Israel,ISR,1975,0.40705
Israel,ISR,1976,0.41867998
Israel,ISR,1977,0.27912
Israel,ISR,1978,0.27912
Israel,ISR,1979,0.24423
Israel,ISR,1980,0
Israel,ISR,1981,0
Israel,ISR,1982,0
Israel,ISR,1983,0
Israel,ISR,1984,0
Israel,ISR,1985,0
Israel,ISR,1986,0.10406031
Israel,ISR,1987,0.054073483
Israel,ISR,1988,0.2602407
Israel,ISR,1989,0
Israel,ISR,1990,0
Israel,ISR,1991,0
Israel,ISR,1992,0
Israel,ISR,1993,0
Israel,ISR,1994,0.31922862
Israel,ISR,1995,0.6332524
Israel,ISR,1996,0.6349873
Israel,ISR,1997,0.6332524
Israel,ISR,1998,0.6332524
Israel,ISR,1999,0.6332524
Israel,ISR,2000,0
Israel,ISR,2001,0
Israel,ISR,2002,0
Israel,ISR,2003,0
Israel,ISR,2004,0.047624048
Israel,ISR,2005,0.06332524
Israel,ISR,2006,0.06332524
Israel,ISR,2007,0.06332524
Israel,ISR,2008,0.063498735
Israel,ISR,2009,0.06332524
Israel,ISR,2010,0.06332524
Israel,ISR,2011,0.24696843
Israel,ISR,2012,0.24764505
Israel,ISR,2013,0.24696843
Israel,ISR,2014,0.24696843
Israel,ISR,2015,0.24696843
Israel,ISR,2016,0.24764505
Israel,ISR,2017,0.6332524
Israel,ISR,2018,0.6332524
Israel,ISR,2019,0.6332524
Israel,ISR,2020,1.904962
Israel,ISR,2021,1.8997571
Israel,ISR,2022,2.5330095
Israel,ISR,2023,8.232281
Israel,ISR,2024,11.429772
Italy,ITA,1900,0.023260001
Italy,ITA,1901,0.023260001
Italy,ITA,1902,0.03489
Italy,ITA,1903,0.023260001
Italy,ITA,1904,0.046520002
Italy,ITA,1905,0.06978
Italy,ITA,1906,0.081410006
Italy,ITA,1907,0.093040004
Italy,ITA,1908,0.081410006
Italy,ITA,1909,0.06978
Italy,ITA,1910,0.081410006
Italy,ITA,1911,0.116299994
Italy,ITA,1912,0.081410006
Italy,ITA,1913,0.081410006
Italy,ITA,1914,0.06978
Italy,ITA,1915,0.06978
Italy,ITA,1916,0.081410006
Italy,ITA,1917,0.06978
Italy,ITA,1918,0.058149997
Italy,ITA,1919,0.058149997
Italy,ITA,1920,0.058149997
Italy,ITA,1921,0.046520002
Italy,ITA,1922,0.046520002
Italy,ITA,1923,0.058149997
Italy,ITA,1924,0.058149997
Italy,ITA,1925,0.093040004
Italy,ITA,1926,0.058149997
Italy,ITA,1927,0.06978
Italy,ITA,1928,0.06978
Italy,ITA,1929,0.06978
Italy,ITA,1930,0.093040004
Italy,ITA,1931,0.18608001
Italy,ITA,1932,0.31401
Italy,ITA,1933,0.31401
Italy,ITA,1934,0.23259999
Italy,ITA,1935,0.18608001
Italy,ITA,1936,0.18608001
Italy,ITA,1937,0.16282001
Italy,ITA,1938,0.15119
Italy,ITA,1939,0.13956
Italy,ITA,1940,0.011630001
Italy,ITA,1941,0.13956
Italy,ITA,1942,0.15119
Italy,ITA,1943,0.12793
Italy,ITA,1944,0.081410006
Italy,ITA,1945,0.081410006
Italy,ITA,1946,0.12793
Italy,ITA,1947,0.116299994
Italy,ITA,1948,0.104669996
Italy,ITA,1949,0.104669996
Italy,ITA,1950,0.093040004
Italy,ITA,1951,0.20933999
Italy,ITA,1952,0.74432003
Italy,ITA,1953,0.98855
Italy,ITA,1954,0.83735996
Italy,ITA,1955,2.37252
Italy,ITA,1956,6.6174703
Italy,ITA,1957,14.677059
Italy,ITA,1958,17.97998
Italy,ITA,1959,19.71285
Italy,ITA,1960,23.23674
Italy,ITA,1961,22.93436
Italy,ITA,1962,21.00378
Italy,ITA,1963,20.747921
Italy,ITA,1964,31.040468
Italy,ITA,1965,26.493141
Italy,ITA,1966,21.515501
Italy,ITA,1967,20.03849
Italy,ITA,1968,18.92201
Italy,ITA,1969,18.50333
Italy,ITA,1970,17.46826
Italy,ITA,1971,15.735391
Italy,ITA,1972,14.072301
Italy,ITA,1973,12.8511505
Italy,ITA,1974,12.8395195
Italy,ITA,1975,14.36305
Italy,ITA,1976,15.03759
Italy,ITA,1977,14.49098
Italy,ITA,1978,17.31707
Italy,ITA,1979,19.96871
Italy,ITA,1980,19.85241
Italy,ITA,1981,17.29381
Italy,ITA,1982,20.50369
Italy,ITA,1983,26.06283
Italy,ITA,1984,26.43499
Italy,ITA,1985,27.725922
Italy,ITA,1986,29.74954
Italy,ITA,1987,45.76405
Italy,ITA,1988,56.25431
Italy,ITA,1989,53.54452
Italy,ITA,1990,54.28884
Italy,ITA,1991,50.381157
Italy,ITA,1992,52.34663
Italy,ITA,1993,53.9632
Italy,ITA,1994,56.92885
Italy,ITA,1995,60.89468
Italy,ITA,1996,63.40676
Italy,ITA,1997,69.29147
Italy,ITA,1998,65.39499
Italy,ITA,1999,58.324276
Italy,ITA,2000,53.33468
Italy,ITA,2001,47.642704
Italy,ITA,2002,64.32849
Italy,ITA,2003,64.78059
Italy,ITA,2004,63.32429
Italy,ITA,2005,71.06747
Italy,ITA,2006,67.237335
Italy,ITA,2007,68.14642
Italy,ITA,2008,60.97303
Italy,ITA,2009,53.18491
Italy,ITA,2010,59.37955
Italy,ITA,2011,61.7427
Italy,ITA,2012,62.760258
Italy,ITA,2013,63.983097
Italy,ITA,2014,67.04618
Italy,ITA,2015,63.61849
Italy,ITA,2016,43.723183
Italy,ITA,2017,48.242237
Italy,ITA,2018,54.613583
Italy,ITA,2019,49.759743
Italy,ITA,2020,63.075954
Italy,ITA,2021,57.15194
Italy,ITA,2022,52.54666
Italy,ITA,2023,50.159775
Italy,ITA,2024,51.81511
Italy,ITA,2025,45.061577
Jamaica,JAM,1980,0
Jamaica,JAM,1981,0
Jamaica,JAM,1982,0
Jamaica,JAM,1983,0
Jamaica,JAM,1984,0
Jamaica,JAM,1985,0
Jamaica,JAM,1986,0
Jamaica,JAM,1987,0
Jamaica,JAM,1988,0
Jamaica,JAM,1989,0
Jamaica,JAM,1990,0
Jamaica,JAM,1991,0
Jamaica,JAM,1992,0
Jamaica,JAM,1993,0
Jamaica,JAM,1994,0
Jamaica,JAM,1995,0
Jamaica,JAM,1996,0
Jamaica,JAM,1997,0
Jamaica,JAM,1998,0
Jamaica,JAM,1999,0
Jamaica,JAM,2000,0
Jamaica,JAM,2001,0
Jamaica,JAM,2002,0
Jamaica,JAM,2003,0
Jamaica,JAM,2004,0
Jamaica,JAM,2005,0
Jamaica,JAM,2006,0
Jamaica,JAM,2007,0
Jamaica,JAM,2008,0
Jamaica,JAM,2009,0
Jamaica,JAM,2010,0
Jamaica,JAM,2011,0
Jamaica,JAM,2012,0
Jamaica,JAM,2013,0
Jamaica,JAM,2014,0
Jamaica,JAM,2015,0
Jamaica,JAM,2016,0
Jamaica,JAM,2017,0
Jamaica,JAM,2018,0
Jamaica,JAM,2019,0
Jamaica,JAM,2020,0
Jamaica,JAM,2021,0
Jamaica,JAM,2022,0
Jamaica,JAM,2023,0
Jamaica,JAM,2024,0
Japan,JPN,1900,1.32582
Japan,JPN,1901,1.68635
Japan,JPN,1902,1.8259101
Japan,JPN,1903,1.4653801
Japan,JPN,1904,2.15155
Japan,JPN,1905,2.04688
Japan,JPN,1906,2.65164
Japan,JPN,1907,3.1168401
Japan,JPN,1908,3.2098799
Japan,JPN,1909,3.1168401
Japan,JPN,1910,2.98891
Japan,JPN,1911,3.2564
Japan,JPN,1912,2.72142
Japan,JPN,1913,3.17499
Japan,JPN,1914,4.3147297
Japan,JPN,1915,4.79156
Japan,JPN,1916,4.84971
Japan,JPN,1917,4.68689
Japan,JPN,1918,4.00072
Japan,JPN,1919,3.66345
Japan,JPN,1920,3.64019
Japan,JPN,1921,3.4657402
Japan,JPN,1922,3.31455
Japan,JPN,1923,2.9191298
Japan,JPN,1924,2.9307601
Japan,JPN,1925,3.09358
Japan,JPN,1926,2.88424
Japan,JPN,1927,2.88424
Japan,JPN,1928,3.0354302
Japan,JPN,1929,3.23314
Japan,JPN,1930,3.27966
Japan,JPN,1931,3.17499
Japan,JPN,1932,2.62838
Japan,JPN,1933,2.34926
Japan,JPN,1934,2.95402
Japan,JPN,1935,3.6518202
Japan,JPN,1936,4.09376
Japan,JPN,1937,4.1053896
Japan,JPN,1938,4.09376
Japan,JPN,1939,3.74486
Japan,JPN,1940,3.4657402
Japan,JPN,1941,3.0005398
Japan,JPN,1942,2.74468
Japan,JPN,1943,2.83772
Japan,JPN,1944,2.66327
Japan,JPN,1945,2.57023
Japan,JPN,1946,2.23296
Japan,JPN,1947,2.1050298
Japan,JPN,1948,1.84917
Japan,JPN,1949,2.25622
Japan,JPN,1950,3.4075902
Japan,JPN,1951,3.90768
Japan,JPN,1952,3.55878
Japan,JPN,1953,3.44248
Japan,JPN,1954,3.489
Japan,JPN,1955,3.6518202
Japan,JPN,1956,3.6053
Japan,JPN,1957,3.73323
Japan,JPN,1958,4.26821
Japan,JPN,1959,4.72178
Japan,JPN,1960,6.11738
Japan,JPN,1961,7.64091
Japan,JPN,1962,8.420119
Japan,JPN,1963,9.39704
Japan,JPN,1964,8.01307
Japan,JPN,1965,7.86188
Japan,JPN,1966,9.09466
Japan,JPN,1967,9.16444
Japan,JPN,1968,8.65272
Japan,JPN,1969,8.71087
Japan,JPN,1970,8.9551
Japan,JPN,1971,8.74576
Japan,JPN,1972,8.32708
Japan,JPN,1973,8.141
Japan,JPN,1974,7.81536
Japan,JPN,1975,7.04778
Japan,JPN,1976,6.7454
Japan,JPN,1977,6.8965898
Japan,JPN,1978,6.29183
Japan,JPN,1979,5.60566
Japan,JPN,1980,0
Japan,JPN,1981,0
Japan,JPN,1982,0
Japan,JPN,1983,0
Japan,JPN,1984,5.533226
Japan,JPN,1985,7.19739
Japan,JPN,1986,7.9863563
Japan,JPN,1987,8.196508
Japan,JPN,1988,7.5398746
Japan,JPN,1989,6.9416637
Japan,JPN,1990,6.8327413
Japan,JPN,1991,9.467634
Japan,JPN,1992,10.862884
Japan,JPN,1993,9.932717
Japan,JPN,1994,9.27847
Japan,JPN,1995,9.37578
Japan,JPN,1996,9.053295
Japan,JPN,1997,9.0575695
Japan,JPN,1998,8.514345
Japan,JPN,1999,7.865484
Japan,JPN,2000,8.024813
Japan,JPN,2001,8.139812
Japan,JPN,2002,7.6725616
Japan,JPN,2003,8.76731
Japan,JPN,2004,8.93626
Japan,JPN,2005,9.793272
Japan,JPN,2006,9.5582695
Japan,JPN,2007,10.217942
Japan,JPN,2008,10.559612
Japan,JPN,2009,9.756627
Japan,JPN,2010,9.312364
Japan,JPN,2011,8.934117
Japan,JPN,2012,8.613052
Japan,JPN,2013,8.498731
Japan,JPN,2014,8.089464
Japan,JPN,2015,7.771341
Japan,JPN,2016,6.1923404
Japan,JPN,2017,5.9903893
Japan,JPN,2018,5.332529
Japan,JPN,2019,5.6009955
Japan,JPN,2020,5.4828706
Japan,JPN,2021,5.2439413
Japan,JPN,2022,4.4963646
Japan,JPN,2023,4.223097
Japan,JPN,2024,4.1233883
Jordan,JOR,1980,0
Jordan,JOR,1981,0
Jordan,JOR,1982,0
Jordan,JOR,1983,0
Jordan,JOR,1984,0
Jordan,JOR,1985,0
Jordan,JOR,1986,0
Jordan,JOR,1987,0
Jordan,JOR,1988,0
Jordan,JOR,1989,0
Jordan,JOR,1990,0
Jordan,JOR,1991,0
Jordan,JOR,1992,0
Jordan,JOR,1993,0
Jordan,JOR,1994,0
Jordan,JOR,1995,0
Jordan,JOR,1996,0
Jordan,JOR,1997,0
Jordan,JOR,1998,0
Jordan,JOR,1999,0
Jordan,JOR,2000,0
Jordan,JOR,2001,0
Jordan,JOR,2002,0
Jordan,JOR,2003,0
Jordan,JOR,2004,0.012777899
Jordan,JOR,2005,0.012742987
Jordan,JOR,2006,0.012742987
Jordan,JOR,2007,0.012742987
Jordan,JOR,2008,0.012777899
Jordan,JOR,2009,0.012742987
Jordan,JOR,2010,0.012742987
Jordan,JOR,2011,0.011468688
Jordan,JOR,2012,0.014055688
Jordan,JOR,2013,0.014017285
Jordan,JOR,2014,0.014017285
Jordan,JOR,2015,0.014017285
Jordan,JOR,2016,0.014055688
Jordan,JOR,2017,0.012742987
Jordan,JOR,2018,0.012742987
Jordan,JOR,2019,0.012742987
Jordan,JOR,2020,0.012777899
Jordan,JOR,2021,0.012742987
Jordan,JOR,2022,0.012742987
Jordan,JOR,2023,0.012742987
Jordan,JOR,2024,0.012777899
Kazakhstan,KAZ,1985,263.5358
Kazakhstan,KAZ,1986,270.8627
Kazakhstan,KAZ,1987,279.81778
Kazakhstan,KAZ,1988,290.2848
Kazakhstan,KAZ,1989,295.402
Kazakhstan,KAZ,1990,300.054
Kazakhstan,KAZ,1991,309.358
Kazakhstan,KAZ,1992,300.054
Kazakhstan,KAZ,1993,267.49
Kazakhstan,KAZ,1994,236.22856
Kazakhstan,KAZ,1995,239.96178
Kazakhstan,KAZ,1996,267.03644
Kazakhstan,KAZ,1997,299.80975
Kazakhstan,KAZ,1998,301.74036
Kazakhstan,KAZ,1999,350.42352
Kazakhstan,KAZ,2000,410.73672
Kazakhstan,KAZ,2001,466.25833
Kazakhstan,KAZ,2002,549.7617
Kazakhstan,KAZ,2003,598.34375
Kazakhstan,KAZ,2004,691.95593
Kazakhstan,KAZ,2005,715.0833
Kazakhstan,KAZ,2006,755.9872
Kazakhstan,KAZ,2007,780.6731
Kazakhstan,KAZ,2008,821.9061
Kazakhstan,KAZ,2009,889.495
Kazakhstan,KAZ,2010,926.73303
Kazakhstan,KAZ,2011,931.1082
Kazakhstan,KAZ,2012,921.381
Kazakhstan,KAZ,2013,951.18286
Kazakhstan,KAZ,2014,940.004
Kazakhstan,KAZ,2015,924.0779
Kazakhstan,KAZ,2016,907.50867
Kazakhstan,KAZ,2017,1002.44324
Kazakhstan,KAZ,2018,1050.881
Kazakhstan,KAZ,2019,1053.1604
Kazakhstan,KAZ,2020,996.1863
Kazakhstan,KAZ,2021,998.7588
Kazakhstan,KAZ,2022,979.6635
Kazakhstan,KAZ,2023,1046.4291
Kazakhstan,KAZ,2024,1020.486
Kazakhstan,KAZ,2025,1155.7378
Kenya,KEN,1980,0
Kenya,KEN,1981,0
Kenya,KEN,1982,0
Kenya,KEN,1983,0
Kenya,KEN,1984,0
Kenya,KEN,1985,0
Kenya,KEN,1986,0
Kenya,KEN,1987,0
Kenya,KEN,1988,0
Kenya,KEN,1989,0
Kenya,KEN,1990,0
Kenya,KEN,1991,0
Kenya,KEN,1992,0
Kenya,KEN,1993,0
Kenya,KEN,1994,0
Kenya,KEN,1995,0
Kenya,KEN,1996,0
Kenya,KEN,1997,0
Kenya,KEN,1998,0
Kenya,KEN,1999,0
Kenya,KEN,2000,0
Kenya,KEN,2001,0
Kenya,KEN,2002,0
Kenya,KEN,2003,0
Kenya,KEN,2004,0
Kenya,KEN,2005,0
Kenya,KEN,2006,0
Kenya,KEN,2007,0
Kenya,KEN,2008,0
Kenya,KEN,2009,0
Kenya,KEN,2010,0
Kenya,KEN,2011,0
Kenya,KEN,2012,0
Kenya,KEN,2013,0
Kenya,KEN,2014,0
Kenya,KEN,2015,0
Kenya,KEN,2016,0
Kenya,KEN,2017,0
Kenya,KEN,2018,0
Kenya,KEN,2019,0
Kenya,KEN,2020,0
Kenya,KEN,2021,0
Kenya,KEN,2022,0
Kenya,KEN,2023,0
Kenya,KEN,2024,0
Kiribati,KIR,1980,0
Kiribati,KIR,1981,0
Kiribati,KIR,1982,0
Kiribati,KIR,1983,0
Kiribati,KIR,1984,0
Kiribati,KIR,1985,0
Kiribati,KIR,1986,0
Kiribati,KIR,1987,0
Kiribati,KIR,1988,0
Kiribati,KIR,1989,0
Kiribati,KIR,1990,0
Kiribati,KIR,1991,0
Kiribati,KIR,1992,0
Kiribati,KIR,1993,0
Kiribati,KIR,1994,0
Kiribati,KIR,1995,0
Kiribati,KIR,1996,0
Kiribati,KIR,1997,0
Kiribati,KIR,1998,0
Kiribati,KIR,1999,0
Kiribati,KIR,2000,0
Kiribati,KIR,2001,0
Kiribati,KIR,2002,0
Kiribati,KIR,2003,0
Kiribati,KIR,2004,0
Kiribati,KIR,2005,0
Kiribati,KIR,2006,0
Kiribati,KIR,2007,0
Kiribati,KIR,2008,0
Kiribati,KIR,2009,0
Kiribati,KIR,2010,0
Kiribati,KIR,2011,0
Kiribati,KIR,2012,0
Kiribati,KIR,2013,0
Kiribati,KIR,2014,0
Kiribati,KIR,2015,0
Kiribati,KIR,2016,0
Kiribati,KIR,2017,0
Kiribati,KIR,2018,0
Kiribati,KIR,2019,0
Kiribati,KIR,2020,0
Kiribati,KIR,2021,0
Kiribati,KIR,2022,0
Kiribati,KIR,2023,0
Kiribati,KIR,2024,0
Kosovo,OWID_KOS,2008,0
Kosovo,OWID_KOS,2009,0
Kosovo,OWID_KOS,2010,0
Kosovo,OWID_KOS,2011,0
Kosovo,OWID_KOS,2012,0
Kosovo,OWID_KOS,2013,0
Kosovo,OWID_KOS,2014,0
Kosovo,OWID_KOS,2015,0
Kosovo,OWID_KOS,2016,0
Kosovo,OWID_KOS,2017,0
Kosovo,OWID_KOS,2018,0
Kosovo,OWID_KOS,2019,0
Kosovo,OWID_KOS,2020,0
Kosovo,OWID_KOS,2021,0
Kosovo,OWID_KOS,2022,0
Kosovo,OWID_KOS,2023,0
Kosovo,OWID_KOS,2024,0
Kuwait,KWT,1900,0
Kuwait,KWT,1901,0
Kuwait,KWT,1902,0
Kuwait,KWT,1903,0
Kuwait,KWT,1904,0
Kuwait,KWT,1905,0
Kuwait,KWT,1906,0
Kuwait,KWT,1907,0
Kuwait,KWT,1908,0
Kuwait,KWT,1909,0
Kuwait,KWT,1910,0
Kuwait,KWT,1911,0
Kuwait,KWT,1912,0
Kuwait,KWT,1913,0
Kuwait,KWT,1914,0
Kuwait,KWT,1915,0
Kuwait,KWT,1916,0
Kuwait,KWT,1917,0
Kuwait,KWT,1918,0
Kuwait,KWT,1919,0
Kuwait,KWT,1920,0
Kuwait,KWT,1921,0
Kuwait,KWT,1922,0
Kuwait,KWT,1923,0
Kuwait,KWT,1924,0
Kuwait,KWT,1925,0
Kuwait,KWT,1926,0
Kuwait,KWT,1927,0
Kuwait,KWT,1928,0
Kuwait,KWT,1929,0
Kuwait,KWT,1930,0
Kuwait,KWT,1931,0
Kuwait,KWT,1932,0
Kuwait,KWT,1933,0
Kuwait,KWT,1934,0
Kuwait,KWT,1935,0
Kuwait,KWT,1936,0
Kuwait,KWT,1937,0
Kuwait,KWT,1938,0
Kuwait,KWT,1939,0
Kuwait,KWT,1940,0
Kuwait,KWT,1941,0
Kuwait,KWT,1942,0
Kuwait,KWT,1943,0
Kuwait,KWT,1944,0
Kuwait,KWT,1945,0
Kuwait,KWT,1946,9.304
Kuwait,KWT,1947,25.586
Kuwait,KWT,1948,74.432
Kuwait,KWT,1949,143.95615
Kuwait,KWT,1950,199.91971
Kuwait,KWT,1951,325.8377
Kuwait,KWT,1952,434.7992
Kuwait,KWT,1953,500.2528
Kuwait,KWT,1954,557.25146
Kuwait,KWT,1955,640.88275
Kuwait,KWT,1956,645.5464
Kuwait,KWT,1957,680.84344
Kuwait,KWT,1958,834.44086
Kuwait,KWT,1959,837.9764
Kuwait,KWT,1960,986.4566
Kuwait,KWT,1961,1010.6819
Kuwait,KWT,1962,1141.3682
Kuwait,KWT,1963,1223.3713
Kuwait,KWT,1964,1346.6726
Kuwait,KWT,1965,1384.1022
Kuwait,KWT,1966,1460.2218
Kuwait,KWT,1967,1469.943
Kuwait,KWT,1968,1548.2809
Kuwait,KWT,1969,1638.7595
Kuwait,KWT,1970,1765.4216
Kuwait,KWT,1971,1890.4507
Kuwait,KWT,1972,1946.2715
Kuwait,KWT,1973,1788.6992
Kuwait,KWT,1974,1510.3931
Kuwait,KWT,1975,1236.8494
Kuwait,KWT,1976,1278.2631
Kuwait,KWT,1977,1172.0682
Kuwait,KWT,1978,1265.1078
Kuwait,KWT,1979,1507.4767
Kuwait,KWT,1980,1009.875
Kuwait,KWT,1981,681.79614
Kuwait,KWT,1982,496.1857
Kuwait,KWT,1983,639.71454
Kuwait,KWT,1984,706.256
Kuwait,KWT,1985,645.34283
Kuwait,KWT,1986,690.7675
Kuwait,KWT,1987,606.09753
Kuwait,KWT,1988,733.22754
Kuwait,KWT,1989,795.61633
Kuwait,KWT,1990,544.2467
Kuwait,KWT,1991,107.19352
Kuwait,KWT,1992,627.50287
Kuwait,KWT,1993,1123.2484
Kuwait,KWT,1994,1202.0442
Kuwait,KWT,1995,1219.8584
Kuwait,KWT,1996,1222.6143
Kuwait,KWT,1997,1222.4785
Kuwait,KWT,1998,1279.338
Kuwait,KWT,1999,1192.7302
Kuwait,KWT,2000,1278.0026
Kuwait,KWT,2001,1238.9849
Kuwait,KWT,2002,1148.5774
Kuwait,KWT,2003,1344.474
Kuwait,KWT,2004,1433.8256
Kuwait,KWT,2005,1516.6808
Kuwait,KWT,2006,1555.5902
Kuwait,KWT,2007,1512.2474
Kuwait,KWT,2008,1584.2684
Kuwait,KWT,2009,1407.5664
Kuwait,KWT,2010,1435.0907
Kuwait,KWT,2011,1638.5555
Kuwait,KWT,2012,1790.6489
Kuwait,KWT,2013,1761.1348
Kuwait,KWT,2014,1747.117
Kuwait,KWT,2015,1724.1123
Kuwait,KWT,2016,1776.3003
Kuwait,KWT,2017,1685.9867
Kuwait,KWT,2018,1707.8542
Kuwait,KWT,2019,1667.5315
Kuwait,KWT,2020,1525.7699
Kuwait,KWT,2021,1511.8312
Kuwait,KWT,2022,1691.8933
Kuwait,KWT,2023,1622.462
Kuwait,KWT,2024,1534.6705
Kuwait,KWT,2025,1566.0848
Kyrgyzstan,KGZ,1992,1.8921355
Kyrgyzstan,KGZ,1993,1.0994376
Kyrgyzstan,KGZ,1994,1.102884
Kyrgyzstan,KGZ,1995,1.2579772
Kyrgyzstan,KGZ,1996,1.25827
Kyrgyzstan,KGZ,1997,1.0655067
Kyrgyzstan,KGZ,1998,1.4466736
Kyrgyzstan,KGZ,1999,0.9434829
Kyrgyzstan,KGZ,2000,0.94606775
Kyrgyzstan,KGZ,2001,0.9434829
Kyrgyzstan,KGZ,2002,0.9497727
Kyrgyzstan,KGZ,2003,0.8617143
Kyrgyzstan,KGZ,2004,0.9124677
Kyrgyzstan,KGZ,2005,1.3652102
Kyrgyzstan,KGZ,2006,0.8408664
Kyrgyzstan,KGZ,2007,0.7730149
Kyrgyzstan,KGZ,2008,0.63071185
Kyrgyzstan,KGZ,2009,0.6289886
Kyrgyzstan,KGZ,2010,0.6289886
Kyrgyzstan,KGZ,2011,0.6289886
Kyrgyzstan,KGZ,2012,0.63071185
Kyrgyzstan,KGZ,2013,0.6289886
Kyrgyzstan,KGZ,2014,0.6289886
Kyrgyzstan,KGZ,2015,0.6289886
Kyrgyzstan,KGZ,2016,0.63071185
Kyrgyzstan,KGZ,2017,2.2014601
Kyrgyzstan,KGZ,2018,2.5159545
Kyrgyzstan,KGZ,2019,2.9562461
Kyrgyzstan,KGZ,2020,3.0274167
Kyrgyzstan,KGZ,2021,3.3336394
Kyrgyzstan,KGZ,2022,3.7273865
Kyrgyzstan,KGZ,2023,3.899729
Kyrgyzstan,KGZ,2024,3.749961
Laos,LAO,1980,0
Laos,LAO,1981,0
Laos,LAO,1982,0
Laos,LAO,1983,0
Laos,LAO,1984,0
Laos,LAO,1985,0
Laos,LAO,1986,0
Laos,LAO,1987,0
Laos,LAO,1988,0
Laos,LAO,1989,0
Laos,LAO,1990,0
Laos,LAO,1991,0
Laos,LAO,1992,0
Laos,LAO,1993,0
Laos,LAO,1994,0
Laos,LAO,1995,0
Laos,LAO,1996,0
Laos,LAO,1997,0
Laos,LAO,1998,0
Laos,LAO,1999,0
Laos,LAO,2000,0
Laos,LAO,2001,0
Laos,LAO,2002,0
Laos,LAO,2003,0
Laos,LAO,2004,0
Laos,LAO,2005,0
Laos,LAO,2006,0
Laos,LAO,2007,0
Laos,LAO,2008,0
Laos,LAO,2009,0
Laos,LAO,2010,0
Laos,LAO,2011,0
Laos,LAO,2012,0
Laos,LAO,2013,0
Laos,LAO,2014,0
Laos,LAO,2015,0
Laos,LAO,2016,0
Laos,LAO,2017,0
Laos,LAO,2018,0
Laos,LAO,2019,0
Laos,LAO,2020,0
Laos,LAO,2021,0
Laos,LAO,2022,0
Laos,LAO,2023,0
Laos,LAO,2024,0
Latvia,LVA,1992,0
Latvia,LVA,1993,0
Latvia,LVA,1994,0
Latvia,LVA,1995,0
Latvia,LVA,1996,0
Latvia,LVA,1997,0
Latvia,LVA,1998,0
Latvia,LVA,1999,0
Latvia,LVA,2000,0
Latvia,LVA,2001,0
Latvia,LVA,2002,0
Latvia,LVA,2003,0
Latvia,LVA,2004,0
Latvia,LVA,2005,0
Latvia,LVA,2006,0
Latvia,LVA,2007,0
Latvia,LVA,2008,0
Latvia,LVA,2009,0
Latvia,LVA,2010,0
Latvia,LVA,2011,0
Latvia,LVA,2012,0
Latvia,LVA,2013,0
Latvia,LVA,2014,0
Latvia,LVA,2015,0
Latvia,LVA,2016,0
Latvia,LVA,2017,0
Latvia,LVA,2018,0
Latvia,LVA,2019,0
Latvia,LVA,2020,0
Latvia,LVA,2021,0
Latvia,LVA,2022,0
Latvia,LVA,2023,0
Latvia,LVA,2024,0
Lebanon,LBN,1980,0
Lebanon,LBN,1981,0
Lebanon,LBN,1982,0
Lebanon,LBN,1983,0
Lebanon,LBN,1984,0
Lebanon,LBN,1985,0
Lebanon,LBN,1986,0
Lebanon,LBN,1987,0
Lebanon,LBN,1988,0
Lebanon,LBN,1989,0
Lebanon,LBN,1990,0
Lebanon,LBN,1991,0
Lebanon,LBN,1992,0
Lebanon,LBN,1993,0
Lebanon,LBN,1994,0
Lebanon,LBN,1995,0
Lebanon,LBN,1996,0
Lebanon,LBN,1997,0
Lebanon,LBN,1998,0
Lebanon,LBN,1999,0
Lebanon,LBN,2000,0
Lebanon,LBN,2001,0
Lebanon,LBN,2002,0
Lebanon,LBN,2003,0
Lebanon,LBN,2004,0
Lebanon,LBN,2005,0
Lebanon,LBN,2006,0
Lebanon,LBN,2007,0
Lebanon,LBN,2008,0
Lebanon,LBN,2009,0
Lebanon,LBN,2010,0
Lebanon,LBN,2011,0
Lebanon,LBN,2012,0
Lebanon,LBN,2013,0
Lebanon,LBN,2014,0
Lebanon,LBN,2015,0
Lebanon,LBN,2016,0
Lebanon,LBN,2017,0
Lebanon,LBN,2018,0
Lebanon,LBN,2019,0
Lebanon,LBN,2020,0
Lebanon,LBN,2021,0
Lebanon,LBN,2022,0
Lebanon,LBN,2023,0
Lebanon,LBN,2024,0
Lesotho,LSO,1980,0
Lesotho,LSO,1981,0
Lesotho,LSO,1982,0
Lesotho,LSO,1983,0
Lesotho,LSO,1984,0
Lesotho,LSO,1985,0
Lesotho,LSO,1986,0
Lesotho,LSO,1987,0
Lesotho,LSO,1988,0
Lesotho,LSO,1989,0
Lesotho,LSO,1990,0
Lesotho,LSO,1991,0
Lesotho,LSO,1992,0
Lesotho,LSO,1993,0
Lesotho,LSO,1994,0
Lesotho,LSO,1995,0
Lesotho,LSO,1996,0
Lesotho,LSO,1997,0
Lesotho,LSO,1998,0
Lesotho,LSO,1999,0
Lesotho,LSO,2000,0
Lesotho,LSO,2001,0
Lesotho,LSO,2002,0
Lesotho,LSO,2003,0
Lesotho,LSO,2004,0
Lesotho,LSO,2005,0
Lesotho,LSO,2006,0
Lesotho,LSO,2007,0
Lesotho,LSO,2008,0
Lesotho,LSO,2009,0
Lesotho,LSO,2010,0
Lesotho,LSO,2011,0
Lesotho,LSO,2012,0
Lesotho,LSO,2013,0
Lesotho,LSO,2014,0
Lesotho,LSO,2015,0
Lesotho,LSO,2016,0
Lesotho,LSO,2017,0
Lesotho,LSO,2018,0
Lesotho,LSO,2019,0
Lesotho,LSO,2020,0
Lesotho,LSO,2021,0
Lesotho,LSO,2022,0
Lesotho,LSO,2023,0
Lesotho,LSO,2024,0
Liberia,LBR,1980,0
Liberia,LBR,1981,0
Liberia,LBR,1982,0
Liberia,LBR,1983,0
Liberia,LBR,1984,0
Liberia,LBR,1985,0
Liberia,LBR,1986,0
Liberia,LBR,1987,0
Liberia,LBR,1988,0
Liberia,LBR,1989,0
Liberia,LBR,1990,0
Liberia,LBR,1991,0
Liberia,LBR,1992,0
Liberia,LBR,1993,0
Liberia,LBR,1994,0
Liberia,LBR,1995,0
Liberia,LBR,1996,0
Liberia,LBR,1997,0
Liberia,LBR,1998,0
Liberia,LBR,1999,0
Liberia,LBR,2000,0
Liberia,LBR,2001,0
Liberia,LBR,2002,0
Liberia,LBR,2003,0
Liberia,LBR,2004,0
Liberia,LBR,2005,0
Liberia,LBR,2006,0
Liberia,LBR,2007,0
Liberia,LBR,2008,0
Liberia,LBR,2009,0
Liberia,LBR,2010,0
Liberia,LBR,2011,0
Liberia,LBR,2012,0
Liberia,LBR,2013,0
Liberia,LBR,2014,0
Liberia,LBR,2015,0
Liberia,LBR,2016,0
Liberia,LBR,2017,0
Liberia,LBR,2018,0
Liberia,LBR,2019,0
Liberia,LBR,2020,0
Liberia,LBR,2021,0
Liberia,LBR,2022,0
Liberia,LBR,2023,0
Liberia,LBR,2024,0
Libya,LBY,1900,0
Libya,LBY,1901,0
Libya,LBY,1902,0
Libya,LBY,1903,0
Libya,LBY,1904,0
Libya,LBY,1905,0
Libya,LBY,1906,0
Libya,LBY,1907,0
Libya,LBY,1908,0
Libya,LBY,1909,0
Libya,LBY,1910,0
Libya,LBY,1911,0
Libya,LBY,1912,0
Libya,LBY,1913,0
Libya,LBY,1914,0
Libya,LBY,1915,0
Libya,LBY,1916,0
Libya,LBY,1917,0
Libya,LBY,1918,0
Libya,LBY,1919,0
Libya,LBY,1920,0
Libya,LBY,1921,0
Libya,LBY,1922,0
Libya,LBY,1923,0
Libya,LBY,1924,0
Libya,LBY,1925,0
Libya,LBY,1926,0
Libya,LBY,1927,0
Libya,LBY,1928,0
Libya,LBY,1929,0
Libya,LBY,1930,0
Libya,LBY,1931,0
Libya,LBY,1932,0
Libya,LBY,1933,0
Libya,LBY,1934,0
Libya,LBY,1935,0
Libya,LBY,1936,0
Libya,LBY,1937,0
Libya,LBY,1938,0
Libya,LBY,1939,0
Libya,LBY,1940,0
Libya,LBY,1941,0
Libya,LBY,1942,0
Libya,LBY,1943,0
Libya,LBY,1944,0
Libya,LBY,1945,0
Libya,LBY,1946,0
Libya,LBY,1947,0
Libya,LBY,1948,0
Libya,LBY,1949,0
Libya,LBY,1950,0
Libya,LBY,1951,0
Libya,LBY,1952,0
Libya,LBY,1953,0
Libya,LBY,1954,0
Libya,LBY,1955,0
Libya,LBY,1956,0
Libya,LBY,1957,0
Libya,LBY,1958,0
Libya,LBY,1959,0
Libya,LBY,1960,0
Libya,LBY,1961,10.18788
Libya,LBY,1962,102.12303
Libya,LBY,1963,259.02335
Libya,LBY,1964,481.58667
Libya,LBY,1965,674.328
Libya,LBY,1966,833.5137
Libya,LBY,1967,957.87744
Libya,LBY,1968,1440.4755
Libya,LBY,1969,1717.8782
Libya,LBY,1970,1855.5074
Libya,LBY,1971,1519.857
Libya,LBY,1972,1242.3125
Libya,LBY,1973,1216.8771
Libya,LBY,1974,855.80133
Libya,LBY,1975,831.915
Libya,LBY,1976,1087.3124
Libya,LBY,1977,1158.6451
Libya,LBY,1978,1112.3861
Libya,LBY,1979,1175.4906
Libya,LBY,1980,1026.7806
Libya,LBY,1981,687.5084
Libya,LBY,1982,644.2256
Libya,LBY,1983,631.85297
Libya,LBY,1984,561.07214
Libya,LBY,1985,562.7875
Libya,LBY,1986,583.7657
Libya,LBY,1987,550.04926
Libya,LBY,1988,578.15985
Libya,LBY,1989,638.3156
Libya,LBY,1990,782.02484
Libya,LBY,1991,789.593
Libya,LBY,1992,810.60046
Libya,LBY,1993,768.99756
Libya,LBY,1994,785.0266
Libya,LBY,1995,789.593
Libya,LBY,1996,797.65686
Libya,LBY,1997,815.15454
Libya,LBY,1998,809.3637
Libya,LBY,1999,778.9636
Libya,LBY,2000,808.26874
Libya,LBY,2001,779.8012
Libya,LBY,2002,750.7623
Libya,LBY,2003,811.5366
Libya,LBY,2004,889.9973
Libya,LBY,2005,953.2687
Libya,LBY,2006,983.5369
Libya,LBY,2007,1005.20807
Libya,LBY,2008,990.91705
Libya,LBY,2009,913.5877
Libya,LBY,2010,949.3162
Libya,LBY,2011,278.3723
Libya,LBY,2012,810.21533
Libya,LBY,2013,554.64984
Libya,LBY,2014,269.78534
Libya,LBY,2015,225.18323
Libya,LBY,2016,212.00618
Libya,LBY,2017,489.69778
Libya,LBY,2018,621.0978
Libya,LBY,2019,652.9731
Libya,LBY,2020,227.90735
Libya,LBY,2021,683.33057
Libya,LBY,2022,603.0263
Libya,LBY,2023,673.7414
Libya,LBY,2024,648.06055
Libya,LBY,2025,768.2899
Lithuania,LTU,1992,0
Lithuania,LTU,1993,0
Lithuania,LTU,1994,0
Lithuania,LTU,1995,0
Lithuania,LTU,1996,0
Lithuania,LTU,1997,0
Lithuania,LTU,1998,0
Lithuania,LTU,1999,0
Lithuania,LTU,2000,0
Lithuania,LTU,2001,0
Lithuania,LTU,2002,0
Lithuania,LTU,2003,0
Lithuania,LTU,2004,3.8523877
Lithuania,LTU,2005,2.7587438
Lithuania,LTU,2006,2.3102748
Lithuania,LTU,2007,1.9416877
Lithuania,LTU,2008,1.8921355
Lithuania,LTU,2009,1.2579772
Lithuania,LTU,2010,1.2579772
Lithuania,LTU,2011,1.2579772
Lithuania,LTU,2012,1.2614237
Lithuania,LTU,2013,1.2579772
Lithuania,LTU,2014,1.2579772
Lithuania,LTU,2015,1.2579772
Lithuania,LTU,2016,1.2614237
Lithuania,LTU,2017,0.440292
Lithuania,LTU,2018,0.6289886
Lithuania,LTU,2019,0.440292
Lithuania,LTU,2020,0.44149828
Lithuania,LTU,2021,0.440292
Lithuania,LTU,2022,0.440292
Lithuania,LTU,2023,0.440292
Lithuania,LTU,2024,0.44149828
Low-income countries,OWID_LIC,1968,12.19484
Low-income countries,OWID_LIC,1969,30.693363
Low-income countries,OWID_LIC,1970,49.22521
Low-income countries,OWID_LIC,1971,61.386726
Low-income countries,OWID_LIC,1972,67.94268
Low-income countries,OWID_LIC,1973,64.282326
Low-income countries,OWID_LIC,1974,74.70649
Low-income countries,OWID_LIC,1975,111.19105
Low-income countries,OWID_LIC,1976,116.722046
Low-income countries,OWID_LIC,1977,105.978966
Low-income countries,OWID_LIC,1978,103.66249
Low-income countries,OWID_LIC,1979,96.71305
Low-income countries,OWID_LIC,1980,91.751656
Low-income countries,OWID_LIC,1981,94.975685
Low-income countries,OWID_LIC,1982,89.76361
Low-income countries,OWID_LIC,1983,93.238335
Low-income countries,OWID_LIC,1984,94.07448
Low-income countries,OWID_LIC,1985,92.25454
Low-income countries,OWID_LIC,1986,121.62012
Low-income countries,OWID_LIC,1987,148.01161
Low-income countries,OWID_LIC,1988,250.3525
Low-income countries,OWID_LIC,1989,295.99164
Low-income countries,OWID_LIC,1990,336.47385
Low-income countries,OWID_LIC,1991,382.55496
Low-income countries,OWID_LIC,1992,399.62476
Low-income countries,OWID_LIC,1993,443.35513
Low-income countries,OWID_LIC,1994,517.24835
Low-income countries,OWID_LIC,1995,539.27136
Low-income countries,OWID_LIC,1996,539.1375
Low-income countries,OWID_LIC,1997,544.6961
Low-income countries,OWID_LIC,1998,549.0555
Low-income countries,OWID_LIC,1999,593.3634
Low-income countries,OWID_LIC,2000,673.17285
Low-income countries,OWID_LIC,2001,716.74915
Low-income countries,OWID_LIC,2002,766.6959
Low-income countries,OWID_LIC,2003,778.3998
Low-income countries,OWID_LIC,2004,775.5501
Low-income countries,OWID_LIC,2005,756.25836
Low-income countries,OWID_LIC,2006,745.00073
Low-income countries,OWID_LIC,2007,776.38873
Low-income countries,OWID_LIC,2008,740.6838
Low-income countries,OWID_LIC,2009,736.1694
Low-income countries,OWID_LIC,2010,720.8732
Low-income countries,OWID_LIC,2011,551.484
Low-income countries,OWID_LIC,2012,328.76547
Low-income countries,OWID_LIC,2013,316.9628
Low-income countries,OWID_LIC,2014,309.28104
Low-income countries,OWID_LIC,2015,253.80713
Low-income countries,OWID_LIC,2016,229.7204
Low-income countries,OWID_LIC,2017,231.45512
Low-income countries,OWID_LIC,2018,255.06082
Low-income countries,OWID_LIC,2019,282.05542
Low-income countries,OWID_LIC,2020,274.89316
Low-income countries,OWID_LIC,2021,259.04272
Low-income countries,OWID_LIC,2022,250.2951
Low-income countries,OWID_LIC,2023,249.16759
Low-income countries,OWID_LIC,2024,192.3403
Low-income countries,OWID_LIC,2025,189.81058
Lower-middle-income countries,OWID_LMC,1965,2417.2542
Lower-middle-income countries,OWID_LMC,1966,2462.3494
Lower-middle-income countries,OWID_LMC,1967,2532.0742
Lower-middle-income countries,OWID_LMC,1968,2525.5193
Lower-middle-income countries,OWID_LMC,1969,2821.746
Lower-middle-income countries,OWID_LMC,1970,3291.722
Lower-middle-income countries,OWID_LMC,1971,3457.3784
Lower-middle-income countries,OWID_LMC,1972,3407.0981
Lower-middle-income countries,OWID_LMC,1973,3633.7441
Lower-middle-income countries,OWID_LMC,1974,3509.986
Lower-middle-income countries,OWID_LMC,1975,2897.501
Lower-middle-income countries,OWID_LMC,1976,3088.2285
Lower-middle-income countries,OWID_LMC,1977,3120.1804
Lower-middle-income countries,OWID_LMC,1978,3032.1812
Lower-middle-income countries,OWID_LMC,1979,3433.5986
Lower-middle-income countries,OWID_LMC,1980,3191.255
Lower-middle-income countries,OWID_LMC,1981,2887.9595
Lower-middle-income countries,OWID_LMC,1982,2736.4666
Lower-middle-income countries,OWID_LMC,1983,2786.5469
Lower-middle-income countries,OWID_LMC,1984,2997.8694
Lower-middle-income countries,OWID_LMC,1985,3090.2363
Lower-middle-income countries,OWID_LMC,1986,3158.7124
Lower-middle-income countries,OWID_LMC,1987,3199.078
Lower-middle-income countries,OWID_LMC,1988,3334.7314
Lower-middle-income countries,OWID_LMC,1989,3603.7664
Lower-middle-income countries,OWID_LMC,1990,3766.9944
Lower-middle-income countries,OWID_LMC,1991,4021.9385
Lower-middle-income countries,OWID_LMC,1992,4082.3347
Lower-middle-income countries,OWID_LMC,1993,4108.335
Lower-middle-income countries,OWID_LMC,1994,4241.363
Lower-middle-income countries,OWID_LMC,1995,4490.247
Lower-middle-income countries,OWID_LMC,1996,4642.9883
Lower-middle-income countries,OWID_LMC,1997,4740.043
Lower-middle-income countries,OWID_LMC,1998,4840.3994
Lower-middle-income countries,OWID_LMC,1999,4536.8545
Lower-middle-income countries,OWID_LMC,2000,4669.2417
Lower-middle-income countries,OWID_LMC,2001,4649.233
Lower-middle-income countries,OWID_LMC,2002,4507.326
Lower-middle-income countries,OWID_LMC,2003,4608.882
Lower-middle-income countries,OWID_LMC,2004,5105.729
Lower-middle-income countries,OWID_LMC,2005,5146.2505
Lower-middle-income countries,OWID_LMC,2006,5204.24
Lower-middle-income countries,OWID_LMC,2007,5181.3413
Lower-middle-income countries,OWID_LMC,2008,5321.3745
Lower-middle-income countries,OWID_LMC,2009,5168.65
Lower-middle-income countries,OWID_LMC,2010,5314.574
Lower-middle-income countries,OWID_LMC,2011,5138.475
Lower-middle-income countries,OWID_LMC,2012,5108.5024
Lower-middle-income countries,OWID_LMC,2013,4972.1797
Lower-middle-income countries,OWID_LMC,2014,4959.44
Lower-middle-income countries,OWID_LMC,2015,5062.956
Lower-middle-income countries,OWID_LMC,2016,4662.891
Lower-middle-income countries,OWID_LMC,2017,4429.496
Lower-middle-income countries,OWID_LMC,2018,4055.4775
Lower-middle-income countries,OWID_LMC,2019,3643.143
Lower-middle-income countries,OWID_LMC,2020,3198.9656
Lower-middle-income countries,OWID_LMC,2021,2940.7603
Lower-middle-income countries,OWID_LMC,2022,2880.0154
Lower-middle-income countries,OWID_LMC,2023,2964.3044
Lower-middle-income countries,OWID_LMC,2024,3081.9692
Lower-middle-income countries,OWID_LMC,2025,3139.5881
Luxembourg,LUX,1980,0
Luxembourg,LUX,1981,0
Luxembourg,LUX,1982,0
Luxembourg,LUX,1983,0
Luxembourg,LUX,1984,0
Luxembourg,LUX,1985,0
Luxembourg,LUX,1986,0
Luxembourg,LUX,1987,0
Luxembourg,LUX,1988,0
Luxembourg,LUX,1989,0
Luxembourg,LUX,1990,0
Luxembourg,LUX,1991,0
Luxembourg,LUX,1992,0
Luxembourg,LUX,1993,0
Luxembourg,LUX,1994,0
Luxembourg,LUX,1995,0
Luxembourg,LUX,1996,0
Luxembourg,LUX,1997,0
Luxembourg,LUX,1998,0
Luxembourg,LUX,1999,0
Luxembourg,LUX,2000,0
Luxembourg,LUX,2001,0
Luxembourg,LUX,2002,0
Luxembourg,LUX,2003,0
Luxembourg,LUX,2004,0
Luxembourg,LUX,2005,0
Luxembourg,LUX,2006,0
Luxembourg,LUX,2007,0
Luxembourg,LUX,2008,0
Luxembourg,LUX,2009,0
Luxembourg,LUX,2010,0
Luxembourg,LUX,2011,0
Luxembourg,LUX,2012,0
Luxembourg,LUX,2013,0
Luxembourg,LUX,2014,0
Luxembourg,LUX,2015,0
Luxembourg,LUX,2016,0
Luxembourg,LUX,2017,0
Luxembourg,LUX,2018,0
Luxembourg,LUX,2019,0
Luxembourg,LUX,2020,0
Luxembourg,LUX,2021,0
Luxembourg,LUX,2022,0
Luxembourg,LUX,2023,0
Luxembourg,LUX,2024,0
Macao,MAC,1980,0
Macao,MAC,1981,0
Macao,MAC,1982,0
Macao,MAC,1983,0
Macao,MAC,1984,0
Macao,MAC,1985,0
Macao,MAC,1986,0
Macao,MAC,1987,0
Macao,MAC,1988,0
Macao,MAC,1989,0
Macao,MAC,1990,0
Macao,MAC,1991,0
Macao,MAC,1992,0
Macao,MAC,1993,0
Macao,MAC,1994,0
Macao,MAC,1995,0
Macao,MAC,1996,0
Macao,MAC,1997,0
Macao,MAC,1998,0
Macao,MAC,1999,0
Macao,MAC,2000,0
Macao,MAC,2001,0
Macao,MAC,2002,0
Macao,MAC,2003,0
Macao,MAC,2004,0
Macao,MAC,2005,0
Macao,MAC,2006,0
Macao,MAC,2007,0
Macao,MAC,2008,0
Macao,MAC,2009,0
Macao,MAC,2010,0
Macao,MAC,2011,0
Macao,MAC,2012,0
Macao,MAC,2013,0
Macao,MAC,2014,0
Macao,MAC,2015,0
Macao,MAC,2016,0
Macao,MAC,2017,0
Macao,MAC,2018,0
Macao,MAC,2019,0
Macao,MAC,2020,0
Macao,MAC,2021,0
Macao,MAC,2022,0
Macao,MAC,2023,0
Macao,MAC,2024,0
Madagascar,MDG,1980,0
Madagascar,MDG,1981,0
Madagascar,MDG,1982,0
Madagascar,MDG,1983,0
Madagascar,MDG,1984,0
Madagascar,MDG,1985,0
Madagascar,MDG,1986,0
Madagascar,MDG,1987,0
Madagascar,MDG,1988,0
Madagascar,MDG,1989,0
Madagascar,MDG,1990,0
Madagascar,MDG,1991,0
Madagascar,MDG,1992,0
Madagascar,MDG,1993,0
Madagascar,MDG,1994,0
Madagascar,MDG,1995,0
Madagascar,MDG,1996,0
Madagascar,MDG,1997,0
Madagascar,MDG,1998,0
Madagascar,MDG,1999,0
Madagascar,MDG,2000,0
Madagascar,MDG,2001,0
Madagascar,MDG,2002,0
Madagascar,MDG,2003,0
Madagascar,MDG,2004,0
Madagascar,MDG,2005,0
Madagascar,MDG,2006,0
Madagascar,MDG,2007,0
Madagascar,MDG,2008,0
Madagascar,MDG,2009,0
Madagascar,MDG,2010,0
Madagascar,MDG,2011,0
Madagascar,MDG,2012,0
Madagascar,MDG,2013,0
Madagascar,MDG,2014,0
Madagascar,MDG,2015,0
Madagascar,MDG,2016,0
Madagascar,MDG,2017,0
Madagascar,MDG,2018,0
Madagascar,MDG,2019,0
Madagascar,MDG,2020,0
Madagascar,MDG,2021,0
Madagascar,MDG,2022,0
Madagascar,MDG,2023,0
Madagascar,MDG,2024,0
Malawi,MWI,1980,0
Malawi,MWI,1981,0
Malawi,MWI,1982,0
Malawi,MWI,1983,0
Malawi,MWI,1984,0
Malawi,MWI,1985,0
Malawi,MWI,1986,0
Malawi,MWI,1987,0
Malawi,MWI,1988,0
Malawi,MWI,1989,0
Malawi,MWI,1990,0
Malawi,MWI,1991,0
Malawi,MWI,1992,0
Malawi,MWI,1993,0
Malawi,MWI,1994,0
Malawi,MWI,1995,0
Malawi,MWI,1996,0
Malawi,MWI,1997,0
Malawi,MWI,1998,0
Malawi,MWI,1999,0
Malawi,MWI,2000,0
Malawi,MWI,2001,0
Malawi,MWI,2002,0
Malawi,MWI,2003,0
Malawi,MWI,2004,0
Malawi,MWI,2005,0
Malawi,MWI,2006,0
Malawi,MWI,2007,0
Malawi,MWI,2008,0
Malawi,MWI,2009,0
Malawi,MWI,2010,0
Malawi,MWI,2011,0
Malawi,MWI,2012,0
Malawi,MWI,2013,0
Malawi,MWI,2014,0
Malawi,MWI,2015,0
Malawi,MWI,2016,0
Malawi,MWI,2017,0
Malawi,MWI,2018,0
Malawi,MWI,2019,0
Malawi,MWI,2020,0
Malawi,MWI,2021,0
Malawi,MWI,2022,0
Malawi,MWI,2023,0
Malawi,MWI,2024,0
Malaysia,MYS,1900,0
Malaysia,MYS,1901,0
Malaysia,MYS,1902,0
Malaysia,MYS,1903,0
Malaysia,MYS,1904,0
Malaysia,MYS,1905,0
Malaysia,MYS,1906,0
Malaysia,MYS,1907,0
Malaysia,MYS,1908,0
Malaysia,MYS,1909,0
Malaysia,MYS,1910,0
Malaysia,MYS,1911,0
Malaysia,MYS,1912,0.06978
Malaysia,MYS,1913,0.23259999
Malaysia,MYS,1914,0.53498
Malaysia,MYS,1915,0.65128005
Malaysia,MYS,1916,1.0583299
Malaysia,MYS,1917,0.90714
Malaysia,MYS,1918,0.84898996
Malaysia,MYS,1919,1.00018
Malaysia,MYS,1920,1.70961
Malaysia,MYS,1921,2.36089
Malaysia,MYS,1922,4.7683
Malaysia,MYS,1923,6.5942097
Malaysia,MYS,1924,7.00126
Malaysia,MYS,1925,7.1291895
Malaysia,MYS,1926,8.29219
Malaysia,MYS,1927,8.2805605
Malaysia,MYS,1928,8.73413
Malaysia,MYS,1929,8.838799
Malaysia,MYS,1930,8.12937
Malaysia,MYS,1931,6.15227
Malaysia,MYS,1932,3.9658298
Malaysia,MYS,1933,3.7913802
Malaysia,MYS,1934,3.27966
Malaysia,MYS,1935,3.0005398
Malaysia,MYS,1936,2.62838
Malaysia,MYS,1937,2.47719
Malaysia,MYS,1938,2.36089
Malaysia,MYS,1939,1.95384
Malaysia,MYS,1940,1.7561299
Malaysia,MYS,1941,1.25604
Malaysia,MYS,1942,0
Malaysia,MYS,1943,0
Malaysia,MYS,1944,0
Malaysia,MYS,1945,0
Malaysia,MYS,1946,0
Malaysia,MYS,1947,0.29075
Malaysia,MYS,1948,0.54661
Malaysia,MYS,1949,0.67454
Malaysia,MYS,1950,0.67454
Malaysia,MYS,1951,0.60476
Malaysia,MYS,1952,0.59313
Malaysia,MYS,1953,0.5815
Malaysia,MYS,1954,0.82573
Malaysia,MYS,1955,0.77921003
Malaysia,MYS,1956,0.83735996
Malaysia,MYS,1957,0.77921003
Malaysia,MYS,1958,0.67454
Malaysia,MYS,1959,0.65128005
Malaysia,MYS,1960,0.6978
Malaysia,MYS,1961,0.6978
Malaysia,MYS,1962,0.67454
Malaysia,MYS,1963,0.60476
Malaysia,MYS,1964,0.56987
Malaysia,MYS,1965,0.55562174
Malaysia,MYS,1966,0.55562174
Malaysia,MYS,1967,0.55562174
Malaysia,MYS,1968,2.228576
Malaysia,MYS,1969,5.0005956
Malaysia,MYS,1970,10.001191
Malaysia,MYS,1971,38.3379
Malaysia,MYS,1972,51.81439
Malaysia,MYS,1973,50.561577
Malaysia,MYS,1974,45.00536
Malaysia,MYS,1975,54.45093
Malaysia,MYS,1976,93.04304
Malaysia,MYS,1977,101.67877
Malaysia,MYS,1978,120.0143
Malaysia,MYS,1979,156.68533
Malaysia,MYS,1980,153.77174
Malaysia,MYS,1981,143.90604
Malaysia,MYS,1982,168.90901
Malaysia,MYS,1983,213.91435
Malaysia,MYS,1984,248.48622
Malaysia,MYS,1985,247.25168
Malaysia,MYS,1986,277.81085
Malaysia,MYS,1987,274.47714
Malaysia,MYS,1988,299.17395
Malaysia,MYS,1989,325.3301
Malaysia,MYS,1990,343.66562
Malaysia,MYS,1991,357.8599
Malaysia,MYS,1992,363.60208
Malaysia,MYS,1993,355.60532
Malaysia,MYS,1994,361.85297
Malaysia,MYS,1995,387.5474
Malaysia,MYS,1996,393.02176
Malaysia,MYS,1997,389.57727
Malaysia,MYS,1998,395.68912
Malaysia,MYS,1999,376.96588
Malaysia,MYS,2000,390.2037
Malaysia,MYS,2001,378.97498
Malaysia,MYS,2002,397.95853
Malaysia,MYS,2003,411.863
Malaysia,MYS,2004,422.25116
Malaysia,MYS,2005,397.20566
Malaysia,MYS,2006,374.1982
Malaysia,MYS,2007,387.66705
Malaysia,MYS,2008,390.62015
Malaysia,MYS,2009,369.8451
Malaysia,MYS,2010,384.60764
Malaysia,MYS,2011,344.99838
Malaysia,MYS,2012,349.7088
Malaysia,MYS,2013,333.95056
Malaysia,MYS,2014,346.53543
Malaysia,MYS,2015,382.01318
Malaysia,MYS,2016,395.63116
Malaysia,MYS,2017,389.0049
Malaysia,MYS,2018,386.15088
Malaysia,MYS,2019,363.4238
Malaysia,MYS,2020,332.70624
Malaysia,MYS,2021,305.12485
Malaysia,MYS,2022,299.79486
Malaysia,MYS,2023,290.33218
Malaysia,MYS,2024,285.0268
Malaysia,MYS,2025,283.80963
Maldives,MDV,1980,0
Maldives,MDV,1981,0
Maldives,MDV,1982,0
Maldives,MDV,1983,0
Maldives,MDV,1984,0
Maldives,MDV,1985,0
Maldives,MDV,1986,0
Maldives,MDV,1987,0
Maldives,MDV,1988,0
Maldives,MDV,1989,0
Maldives,MDV,1990,0
Maldives,MDV,1991,0
Maldives,MDV,1992,0
Maldives,MDV,1993,0
Maldives,MDV,1994,0
Maldives,MDV,1995,0
Maldives,MDV,1996,0
Maldives,MDV,1997,0
Maldives,MDV,1998,0
Maldives,MDV,1999,0
Maldives,MDV,2000,0
Maldives,MDV,2001,0
Maldives,MDV,2002,0
Maldives,MDV,2003,0
Maldives,MDV,2004,0
Maldives,MDV,2005,0
Maldives,MDV,2006,0
Maldives,MDV,2007,0
Maldives,MDV,2008,0
Maldives,MDV,2009,0
Maldives,MDV,2010,0
Maldives,MDV,2011,0
Maldives,MDV,2012,0
Maldives,MDV,2013,0
Maldives,MDV,2014,0
Maldives,MDV,2015,0
Maldives,MDV,2016,0
Maldives,MDV,2017,0
Maldives,MDV,2018,0
Maldives,MDV,2019,0
Maldives,MDV,2020,0
Maldives,MDV,2021,0
Maldives,MDV,2022,0
Maldives,MDV,2023,0
Maldives,MDV,2024,0
Mali,MLI,1980,0
Mali,MLI,1981,0
Mali,MLI,1982,0
Mali,MLI,1983,0
Mali,MLI,1984,0
Mali,MLI,1985,0
Mali,MLI,1986,0
Mali,MLI,1987,0
Mali,MLI,1988,0
Mali,MLI,1989,0
Mali,MLI,1990,0
Mali,MLI,1991,0
Mali,MLI,1992,0
Mali,MLI,1993,0
Mali,MLI,1994,0
Mali,MLI,1995,0
Mali,MLI,1996,0
Mali,MLI,1997,0
Mali,MLI,1998,0
Mali,MLI,1999,0
Mali,MLI,2000,0
Mali,MLI,2001,0
Mali,MLI,2002,0
Mali,MLI,2003,0
Mali,MLI,2004,0
Mali,MLI,2005,0
Mali,MLI,2006,0
Mali,MLI,2007,0
Mali,MLI,2008,0
Mali,MLI,2009,0
Mali,MLI,2010,0
Mali,MLI,2011,0
Mali,MLI,2012,0
Mali,MLI,2013,0
Mali,MLI,2014,0
Mali,MLI,2015,0
Mali,MLI,2016,0
Mali,MLI,2017,0
Mali,MLI,2018,0
Mali,MLI,2019,0
Mali,MLI,2020,0
Mali,MLI,2021,0
Mali,MLI,2022,0
Mali,MLI,2023,0
Mali,MLI,2024,0
Malta,MLT,1980,0
Malta,MLT,1981,0
Malta,MLT,1982,0
Malta,MLT,1983,0
Malta,MLT,1984,0
Malta,MLT,1985,0
Malta,MLT,1986,0
Malta,MLT,1987,0
Malta,MLT,1988,0
Malta,MLT,1989,0
Malta,MLT,1990,0
Malta,MLT,1991,0
Malta,MLT,1992,0
Malta,MLT,1993,0
Malta,MLT,1994,0
Malta,MLT,1995,0
Malta,MLT,1996,0
Malta,MLT,1997,0
Malta,MLT,1998,0
Malta,MLT,1999,0
Malta,MLT,2000,0
Malta,MLT,2001,0
Malta,MLT,2002,0
Malta,MLT,2003,0
Malta,MLT,2004,0
Malta,MLT,2005,0
Malta,MLT,2006,0
Malta,MLT,2007,0
Malta,MLT,2008,0
Malta,MLT,2009,0
Malta,MLT,2010,0
Malta,MLT,2011,0
Malta,MLT,2012,0
Malta,MLT,2013,0
Malta,MLT,2014,0
Malta,MLT,2015,0
Malta,MLT,2016,0
Malta,MLT,2017,0
Malta,MLT,2018,0
Malta,MLT,2019,0
Malta,MLT,2020,0
Malta,MLT,2021,0
Malta,MLT,2022,0
Malta,MLT,2023,0
Malta,MLT,2024,0
Martinique,MTQ,1980,0
Martinique,MTQ,1981,0
Martinique,MTQ,1982,0
Martinique,MTQ,1983,0
Martinique,MTQ,1984,0
Martinique,MTQ,1985,0
Martinique,MTQ,1986,0
Martinique,MTQ,1987,0
Martinique,MTQ,1988,0
Martinique,MTQ,1989,0
Martinique,MTQ,1990,0
Martinique,MTQ,1991,0
Martinique,MTQ,1992,0
Martinique,MTQ,1993,0
Martinique,MTQ,1994,0
Martinique,MTQ,1995,0
Martinique,MTQ,1996,0
Martinique,MTQ,1997,0
Martinique,MTQ,1998,0
Martinique,MTQ,1999,0
Martinique,MTQ,2000,0
Martinique,MTQ,2001,0
Martinique,MTQ,2002,0
Martinique,MTQ,2003,0
Martinique,MTQ,2004,0
Martinique,MTQ,2005,0
Martinique,MTQ,2006,0
Martinique,MTQ,2007,0
Martinique,MTQ,2008,0
Martinique,MTQ,2009,0
Martinique,MTQ,2010,0
Martinique,MTQ,2011,0
Martinique,MTQ,2012,0
Martinique,MTQ,2013,0
Martinique,MTQ,2014,0
Martinique,MTQ,2015,0
Martinique,MTQ,2016,0
Martinique,MTQ,2017,0
Martinique,MTQ,2018,0
Martinique,MTQ,2019,0
Martinique,MTQ,2020,0
Martinique,MTQ,2021,0
Martinique,MTQ,2022,0
Martinique,MTQ,2023,0
Martinique,MTQ,2024,0
Mauritania,MRT,1980,0
Mauritania,MRT,1981,0
Mauritania,MRT,1982,0
Mauritania,MRT,1983,0
Mauritania,MRT,1984,0
Mauritania,MRT,1985,0
Mauritania,MRT,1986,0
Mauritania,MRT,1987,0
Mauritania,MRT,1988,0
Mauritania,MRT,1989,0
Mauritania,MRT,1990,0
Mauritania,MRT,1991,0
Mauritania,MRT,1992,0
Mauritania,MRT,1993,0
Mauritania,MRT,1994,0
Mauritania,MRT,1995,0
Mauritania,MRT,1996,0
Mauritania,MRT,1997,0
Mauritania,MRT,1998,0
Mauritania,MRT,1999,0
Mauritania,MRT,2000,0
Mauritania,MRT,2001,0
Mauritania,MRT,2002,0
Mauritania,MRT,2003,0
Mauritania,MRT,2004,0
Mauritania,MRT,2005,0
Mauritania,MRT,2006,19.549604
Mauritania,MRT,2007,10.012458
Mauritania,MRT,2008,8.059729
Mauritania,MRT,2009,7.043048
Mauritania,MRT,2010,5.15597
Mauritania,MRT,2011,4.8461995
Mauritania,MRT,2012,4.1306067
Mauritania,MRT,2013,4.227883
Mauritania,MRT,2014,3.7597713
Mauritania,MRT,2015,3.2860081
Mauritania,MRT,2016,3.037198
Mauritania,MRT,2017,0
Mauritania,MRT,2018,0
Mauritania,MRT,2019,0
Mauritania,MRT,2020,0
Mauritania,MRT,2021,0
Mauritania,MRT,2022,0
Mauritania,MRT,2023,0
Mauritania,MRT,2024,0
Mauritius,MUS,1980,0
Mauritius,MUS,1981,0
Mauritius,MUS,1982,0
Mauritius,MUS,1983,0
Mauritius,MUS,1984,0
Mauritius,MUS,1985,0
Mauritius,MUS,1986,0
Mauritius,MUS,1987,0
Mauritius,MUS,1988,0
Mauritius,MUS,1989,0
Mauritius,MUS,1990,0
Mauritius,MUS,1991,0
Mauritius,MUS,1992,0
Mauritius,MUS,1993,0
Mauritius,MUS,1994,0
Mauritius,MUS,1995,0
Mauritius,MUS,1996,0
Mauritius,MUS,1997,0
Mauritius,MUS,1998,0
Mauritius,MUS,1999,0
Mauritius,MUS,2000,0
Mauritius,MUS,2001,0
Mauritius,MUS,2002,0
Mauritius,MUS,2003,0
Mauritius,MUS,2004,0
Mauritius,MUS,2005,0
Mauritius,MUS,2006,0
Mauritius,MUS,2007,0
Mauritius,MUS,2008,0
Mauritius,MUS,2009,0
Mauritius,MUS,2010,0
Mauritius,MUS,2011,0
Mauritius,MUS,2012,0
Mauritius,MUS,2013,0
Mauritius,MUS,2014,0
Mauritius,MUS,2015,0
Mauritius,MUS,2016,0
Mauritius,MUS,2017,0
Mauritius,MUS,2018,0
Mauritius,MUS,2019,0
Mauritius,MUS,2020,0
Mauritius,MUS,2021,0
Mauritius,MUS,2022,0
Mauritius,MUS,2023,0
Mauritius,MUS,2024,0
Mexico,MEX,1900,0
Mexico,MEX,1901,0.023260001
Mexico,MEX,1902,0.058149997
Mexico,MEX,1903,0.116299994
Mexico,MEX,1904,0.22096999
Mexico,MEX,1905,0.41867998
Mexico,MEX,1906,0.83735996
Mexico,MEX,1907,1.79102
Mexico,MEX,1908,6.5128
Mexico,MEX,1909,4.652
Mexico,MEX,1910,6.0476
Mexico,MEX,1911,21.794619
Mexico,MEX,1912,25.679039
Mexico,MEX,1913,40.20491
Mexico,MEX,1914,32.85475
Mexico,MEX,1915,51.03244
Mexico,MEX,1916,62.98808
Mexico,MEX,1917,95.97076
Mexico,MEX,1918,110.55477
Mexico,MEX,1919,150.77132
Mexico,MEX,1920,283.8883
Mexico,MEX,1921,337.01416
Mexico,MEX,1922,317.63855
Mexico,MEX,1923,264.04752
Mexico,MEX,1924,248.49821
Mexico,MEX,1925,204.99037
Mexico,MEX,1926,160.00554
Mexico,MEX,1927,113.136635
Mexico,MEX,1928,83.54992
Mexico,MEX,1929,74.443634
Mexico,MEX,1930,65.84906
Mexico,MEX,1931,55.04479
Mexico,MEX,1932,54.64937
Mexico,MEX,1933,56.6381
Mexico,MEX,1934,63.59284
Mexico,MEX,1935,67.535416
Mexico,MEX,1936,68.36114
Mexico,MEX,1937,78.04893
Mexico,MEX,1938,64.08131
Mexico,MEX,1939,71.38494
Mexico,MEX,1940,73.28063
Mexico,MEX,1941,71.6408
Mexico,MEX,1942,57.94066
Mexico,MEX,1943,58.510532
Mexico,MEX,1944,63.58121
Mexico,MEX,1945,72.46653
Mexico,MEX,1946,81.94498
Mexico,MEX,1947,93.656395
Mexico,MEX,1948,97.366356
Mexico,MEX,1949,90.92334
Mexico,MEX,1950,118.102646
Mexico,MEX,1951,126.0692
Mexico,MEX,1952,127.697395
Mexico,MEX,1953,118.1608
Mexico,MEX,1954,136.41989
Mexico,MEX,1955,145.78204
Mexico,MEX,1956,147.85219
Mexico,MEX,1957,143.95615
Mexico,MEX,1958,152.52745
Mexico,MEX,1959,157.19107
Mexico,MEX,1960,161.52907
Mexico,MEX,1961,174.13599
Mexico,MEX,1962,182.3584
Mexico,MEX,1963,187.31279
Mexico,MEX,1964,188.48741
Mexico,MEX,1965,209.96678
Mexico,MEX,1966,215.03337
Mexico,MEX,1967,237.99353
Mexico,MEX,1968,254.70474
Mexico,MEX,1969,267.08307
Mexico,MEX,1970,281.20184
Mexico,MEX,1971,280.36813
Mexico,MEX,1972,291.88528
Mexico,MEX,1973,300.7447
Mexico,MEX,1974,377.0003
Mexico,MEX,1975,466.99908
Mexico,MEX,1976,520.7187
Mexico,MEX,1977,632.27313
Mexico,MEX,1978,775.63153
Mexico,MEX,1979,938.07477
Mexico,MEX,1980,1246.5953
Mexico,MEX,1981,1488.5858
Mexico,MEX,1982,1756.2821
Mexico,MEX,1983,1711.0585
Mexico,MEX,1984,1724.8599
Mexico,MEX,1985,1696.2805
Mexico,MEX,1986,1591.9348
Mexico,MEX,1987,1663.4996
Mexico,MEX,1988,1659.4952
Mexico,MEX,1989,1663.8485
Mexico,MEX,1990,1688.312
Mexico,MEX,1991,1777.2651
Mexico,MEX,1992,1779.7585
Mexico,MEX,1993,1782.6091
Mexico,MEX,1994,1793.0317
Mexico,MEX,1995,1746.9808
Mexico,MEX,1996,1888.243
Mexico,MEX,1997,1972.6746
Mexico,MEX,1998,2017.5048
Mexico,MEX,1999,1924.6742
Mexico,MEX,2000,1980.8431
Mexico,MEX,2001,2045.3356
Mexico,MEX,2002,2068.0566
Mexico,MEX,2003,2188.7676
Mexico,MEX,2004,2210.1965
Mexico,MEX,2005,2168.895
Mexico,MEX,2006,2123.0002
Mexico,MEX,2007,2003.0499
Mexico,MEX,2008,1824.7035
Mexico,MEX,2009,1705.7043
Mexico,MEX,2010,1693.3341
Mexico,MEX,2011,1680.7505
Mexico,MEX,2012,1673.0602
Mexico,MEX,2013,1649.6648
Mexico,MEX,2014,1594.4459
Mexico,MEX,2015,1483.0002
Mexico,MEX,2016,1411.3071
Mexico,MEX,2017,1273.1558
Mexico,MEX,2018,1189.6406
Mexico,MEX,2019,1103.9011
Mexico,MEX,2020,1105.4672
Mexico,MEX,2021,1121.608
Mexico,MEX,2022,1135.4508
Mexico,MEX,2023,1192.4994
Mexico,MEX,2024,1120.788
Mexico,MEX,2025,1039.6016
Micronesia (country),FSM,1980,0
Micronesia (country),FSM,1981,0
Micronesia (country),FSM,1982,0
Micronesia (country),FSM,1983,0
Micronesia (country),FSM,1984,0
Micronesia (country),FSM,1985,0
Micronesia (country),FSM,1986,0
Micronesia (country),FSM,1987,0
Micronesia (country),FSM,1988,0
Micronesia (country),FSM,1989,0
Micronesia (country),FSM,1990,0
Micronesia (country),FSM,1991,0
Micronesia (country),FSM,1992,0
Micronesia (country),FSM,1993,0
Micronesia (country),FSM,1994,0
Micronesia (country),FSM,1995,0
Micronesia (country),FSM,1996,0
Micronesia (country),FSM,1997,0
Micronesia (country),FSM,1998,0
Micronesia (country),FSM,1999,0
Micronesia (country),FSM,2000,0
Micronesia (country),FSM,2001,0
Micronesia (country),FSM,2002,0
Micronesia (country),FSM,2003,0
Micronesia (country),FSM,2004,0
Micronesia (country),FSM,2005,0
Micronesia (country),FSM,2006,0
Micronesia (country),FSM,2007,0
Micronesia (country),FSM,2008,0
Micronesia (country),FSM,2009,0
Micronesia (country),FSM,2010,0
Micronesia (country),FSM,2011,0
Micronesia (country),FSM,2012,0
Micronesia (country),FSM,2013,0
Micronesia (country),FSM,2014,0
Micronesia (country),FSM,2015,0
Micronesia (country),FSM,2016,0
Micronesia (country),FSM,2017,0
Micronesia (country),FSM,2018,0
Micronesia (country),FSM,2019,0
Micronesia (country),FSM,2020,0
Micronesia (country),FSM,2021,0
Micronesia (country),FSM,2022,0
Micronesia (country),FSM,2023,0
Micronesia (country),FSM,2024,0
Middle East (EI),,1965,4869.3755
Middle East (EI),,1966,5433.4976
Middle East (EI),,1967,5812.4766
Middle East (EI),,1968,6540.5205
Middle East (EI),,1969,7195.5024
Middle East (EI),,1970,8062.9077
Middle East (EI),,1971,9441.676
Middle East (EI),,1972,10508.558
Middle East (EI),,1973,12312.359
Middle East (EI),,1974,12691.225
Middle East (EI),,1975,11382.577
Middle East (EI),,1976,12946.719
Middle East (EI),,1977,13003.795
Middle East (EI),,1978,12381.332
Middle East (EI),,1979,12666.386
Middle East (EI),,1980,10862.523
Middle East (EI),,1981,9274.545
Middle East (EI),,1982,7671.809
Middle East (EI),,1983,6724.916
Middle East (EI),,1984,6388.68
Middle East (EI),,1985,5979.2583
Middle East (EI),,1986,7332.517
Middle East (EI),,1987,7296.0386
Middle East (EI),,1988,8548.914
Middle East (EI),,1989,9154.465
Middle East (EI),,1990,9738.978
Middle East (EI),,1991,9581.016
Middle East (EI),,1992,10618.614
Middle East (EI),,1993,11024.773
Middle East (EI),,1994,11271.94
Middle East (EI),,1995,11343.451
Middle East (EI),,1996,11567.165
Middle East (EI),,1997,11925.966
Middle East (EI),,1998,12780.776
Middle East (EI),,1999,12311.706
Middle East (EI),,2000,13129.186
Middle East (EI),,2001,12871.77
Middle East (EI),,2002,11847.887
Middle East (EI),,2003,12903.041
Middle East (EI),,2004,13842.066
Middle East (EI),,2005,14217.523
Middle East (EI),,2006,14389.587
Middle East (EI),,2007,14167.839
Middle East (EI),,2008,14789.697
Middle East (EI),,2009,13735.196
Middle East (EI),,2010,14062.693
Middle East (EI),,2011,15343.302
Middle East (EI),,2012,15609.537
Middle East (EI),,2013,15385.12
Middle East (EI),,2014,15524.182
Middle East (EI),,2015,16357.355
Middle East (EI),,2016,17386.521
Middle East (EI),,2017,17128.277
Middle East (EI),,2018,17308.377
Middle East (EI),,2019,16446.459
Middle East (EI),,2020,15152.28
Middle East (EI),,2021,15339.884
Middle East (EI),,2022,16833.258
Middle East (EI),,2023,16479.627
Middle East (EI),,2024,16356.589
Middle East (EI),,2025,16903.13
Moldova,MDA,1992,0
Moldova,MDA,1993,0
Moldova,MDA,1994,0
Moldova,MDA,1995,0
Moldova,MDA,1996,0
Moldova,MDA,1997,0
Moldova,MDA,1998,0
Moldova,MDA,1999,0
Moldova,MDA,2000,0
Moldova,MDA,2001,0
Moldova,MDA,2002,0
Moldova,MDA,2003,0
Moldova,MDA,2004,0
Moldova,MDA,2005,0
Moldova,MDA,2006,0
Moldova,MDA,2007,0
Moldova,MDA,2008,0
Moldova,MDA,2009,0
Moldova,MDA,2010,0
Moldova,MDA,2011,0
Moldova,MDA,2012,0
Moldova,MDA,2013,0
Moldova,MDA,2014,0
Moldova,MDA,2015,0
Moldova,MDA,2016,0
Moldova,MDA,2017,0
Moldova,MDA,2018,0
Moldova,MDA,2019,0
Moldova,MDA,2020,0
Moldova,MDA,2021,0
Moldova,MDA,2022,0
Moldova,MDA,2023,0
Moldova,MDA,2024,0
Mongolia,MNG,1900,0
Mongolia,MNG,1901,0
Mongolia,MNG,1902,0
Mongolia,MNG,1903,0
Mongolia,MNG,1904,0
Mongolia,MNG,1905,0
Mongolia,MNG,1906,0
Mongolia,MNG,1907,0
Mongolia,MNG,1908,0
Mongolia,MNG,1909,0
Mongolia,MNG,1910,0
Mongolia,MNG,1911,0
Mongolia,MNG,1912,0
Mongolia,MNG,1913,0
Mongolia,MNG,1914,0
Mongolia,MNG,1915,0
Mongolia,MNG,1916,0
Mongolia,MNG,1917,0
Mongolia,MNG,1918,0
Mongolia,MNG,1919,0
Mongolia,MNG,1920,0
Mongolia,MNG,1921,0
Mongolia,MNG,1922,0
Mongolia,MNG,1923,0
Mongolia,MNG,1924,0
Mongolia,MNG,1925,0
Mongolia,MNG,1926,0
Mongolia,MNG,1927,0
Mongolia,MNG,1928,0
Mongolia,MNG,1929,0
Mongolia,MNG,1930,0
Mongolia,MNG,1931,0
Mongolia,MNG,1932,0
Mongolia,MNG,1933,0
Mongolia,MNG,1934,0
Mongolia,MNG,1935,0
Mongolia,MNG,1936,0
Mongolia,MNG,1937,0
Mongolia,MNG,1938,0
Mongolia,MNG,1939,0
Mongolia,MNG,1940,0
Mongolia,MNG,1941,0
Mongolia,MNG,1942,0
Mongolia,MNG,1943,0
Mongolia,MNG,1944,0
Mongolia,MNG,1945,0
Mongolia,MNG,1946,0
Mongolia,MNG,1947,0
Mongolia,MNG,1948,0
Mongolia,MNG,1949,0
Mongolia,MNG,1950,0
Mongolia,MNG,1951,0
Mongolia,MNG,1952,0
Mongolia,MNG,1953,0
Mongolia,MNG,1954,0
Mongolia,MNG,1955,0.23259999
Mongolia,MNG,1956,0.23259999
Mongolia,MNG,1957,0.26749
Mongolia,MNG,1958,0.40705
Mongolia,MNG,1959,0.40705
Mongolia,MNG,1960,0.33727
Mongolia,MNG,1961,0.30238
Mongolia,MNG,1962,0.26749
Mongolia,MNG,1963,0.22096999
Mongolia,MNG,1964,0.20933999
Mongolia,MNG,1965,0.16282001
Mongolia,MNG,1966,0.13956
Mongolia,MNG,1967,0.116299994
Mongolia,MNG,1968,0.093040004
Mongolia,MNG,1969,0.058149997
Mongolia,MNG,1970,0
Mongolia,MNG,1971,0
Mongolia,MNG,1972,0
Mongolia,MNG,1973,0
Mongolia,MNG,1974,0
Mongolia,MNG,1975,0.011630001
Mongolia,MNG,1976,0
Mongolia,MNG,1977,0
Mongolia,MNG,1978,0
Mongolia,MNG,1979,0
Mongolia,MNG,1980,0
Mongolia,MNG,1981,0
Mongolia,MNG,1982,0
Mongolia,MNG,1983,0
Mongolia,MNG,1984,0
Mongolia,MNG,1985,0
Mongolia,MNG,1986,0
Mongolia,MNG,1987,0
Mongolia,MNG,1988,0
Mongolia,MNG,1989,0
Mongolia,MNG,1990,0
Mongolia,MNG,1991,0
Mongolia,MNG,1992,0
Mongolia,MNG,1993,0
Mongolia,MNG,1994,0
Mongolia,MNG,1995,0
Mongolia,MNG,1996,0
Mongolia,MNG,1997,0
Mongolia,MNG,1998,0
Mongolia,MNG,1999,0
Mongolia,MNG,2000,0.11603821
Mongolia,MNG,2001,0.12857907
Mongolia,MNG,2002,0.24430025
Mongolia,MNG,2003,0.32144767
Mongolia,MNG,2004,0.3855047
Mongolia,MNG,2005,0.34716347
Mongolia,MNG,2006,0.66861117
Mongolia,MNG,2007,1.4915172
Mongolia,MNG,2008,2.0680587
Mongolia,MNG,2009,3.2935529
Mongolia,MNG,2010,3.8419428
Mongolia,MNG,2011,4.4895287
Mongolia,MNG,2012,6.4043474
Mongolia,MNG,2013,9.033641
Mongolia,MNG,2014,13.0430765
Mongolia,MNG,2015,14.900102
Mongolia,MNG,2016,15.101875
Mongolia,MNG,2017,12.857907
Mongolia,MNG,2018,12.477866
Mongolia,MNG,2019,11.869502
Mongolia,MNG,2020,11.3215685
Mongolia,MNG,2021,10.738505
Mongolia,MNG,2022,10.214175
Mongolia,MNG,2023,9.71529
Mongolia,MNG,2024,9.266626
Montenegro,MNE,2006,0
Montenegro,MNE,2007,0
Montenegro,MNE,2008,0
Montenegro,MNE,2009,0
Montenegro,MNE,2010,0
Montenegro,MNE,2011,0
Montenegro,MNE,2012,0
Montenegro,MNE,2013,0
Montenegro,MNE,2014,0
Montenegro,MNE,2015,0
Montenegro,MNE,2016,0
Montenegro,MNE,2017,0
Montenegro,MNE,2018,0
Montenegro,MNE,2019,0
Montenegro,MNE,2020,0
Montenegro,MNE,2021,0
Montenegro,MNE,2022,0
Montenegro,MNE,2023,0
Montenegro,MNE,2024,0
Montserrat,MSR,1980,0
Montserrat,MSR,1981,0
Montserrat,MSR,1982,0
Montserrat,MSR,1983,0
Montserrat,MSR,1984,0
Montserrat,MSR,1985,0
Montserrat,MSR,1986,0
Montserrat,MSR,1987,0
Montserrat,MSR,1988,0
Montserrat,MSR,1989,0
Montserrat,MSR,1990,0
Montserrat,MSR,1991,0
Montserrat,MSR,1992,0
Montserrat,MSR,1993,0
Montserrat,MSR,1994,0
Montserrat,MSR,1995,0
Montserrat,MSR,1996,0
Montserrat,MSR,1997,0
Montserrat,MSR,1998,0
Montserrat,MSR,1999,0
Montserrat,MSR,2000,0
Montserrat,MSR,2001,0
Montserrat,MSR,2002,0
Montserrat,MSR,2003,0
Montserrat,MSR,2004,0
Montserrat,MSR,2005,0
Montserrat,MSR,2006,0
Montserrat,MSR,2007,0
Montserrat,MSR,2008,0
Montserrat,MSR,2009,0
Montserrat,MSR,2010,0
Montserrat,MSR,2011,0
Montserrat,MSR,2012,0
Montserrat,MSR,2013,0
Montserrat,MSR,2014,0
Montserrat,MSR,2015,0
Montserrat,MSR,2016,0
Montserrat,MSR,2017,0
Montserrat,MSR,2018,0
Montserrat,MSR,2019,0
Montserrat,MSR,2020,0
Montserrat,MSR,2021,0
Montserrat,MSR,2022,0
Montserrat,MSR,2023,0
Montserrat,MSR,2024,0
Morocco,MAR,1900,0
Morocco,MAR,1901,0
Morocco,MAR,1902,0
Morocco,MAR,1903,0
Morocco,MAR,1904,0
Morocco,MAR,1905,0
Morocco,MAR,1906,0
Morocco,MAR,1907,0
Morocco,MAR,1908,0
Morocco,MAR,1909,0
Morocco,MAR,1910,0
Morocco,MAR,1911,0
Morocco,MAR,1912,0
Morocco,MAR,1913,0
Morocco,MAR,1914,0
Morocco,MAR,1915,0
Morocco,MAR,1916,0
Morocco,MAR,1917,0
Morocco,MAR,1918,0
Morocco,MAR,1919,0
Morocco,MAR,1920,0
Morocco,MAR,1921,0
Morocco,MAR,1922,0
Morocco,MAR,1923,0
Morocco,MAR,1924,0
Morocco,MAR,1925,0
Morocco,MAR,1926,0
Morocco,MAR,1927,0
Morocco,MAR,1928,0
Morocco,MAR,1929,0
Morocco,MAR,1930,0
Morocco,MAR,1931,0
Morocco,MAR,1932,0
Morocco,MAR,1933,0.011630001
Morocco,MAR,1934,0.011630001
Morocco,MAR,1935,0
Morocco,MAR,1936,0
Morocco,MAR,1937,0.03489
Morocco,MAR,1938,0.03489
Morocco,MAR,1939,0.058149997
Morocco,MAR,1940,0.058149997
Morocco,MAR,1941,0.06978
Morocco,MAR,1942,0.058149997
Morocco,MAR,1943,0.058149997
Morocco,MAR,1944,0.046520002
Morocco,MAR,1945,0.03489
Morocco,MAR,1946,0.03489
Morocco,MAR,1947,0.03489
Morocco,MAR,1948,0.15119
Morocco,MAR,1949,0.19771
Morocco,MAR,1950,0.45357
Morocco,MAR,1951,0.88387996
Morocco,MAR,1952,1.17463
Morocco,MAR,1953,1.19789
Morocco,MAR,1954,1.37234
Morocco,MAR,1955,1.18626
Morocco,MAR,1956,1.12811
Morocco,MAR,1957,0.87225
Morocco,MAR,1958,0.86062
Morocco,MAR,1959,1.1048499
Morocco,MAR,1960,1.06996
Morocco,MAR,1961,0.93039995
Morocco,MAR,1962,1.47701
Morocco,MAR,1963,1.7445
Morocco,MAR,1964,1.3956
Morocco,MAR,1965,1.19789
Morocco,MAR,1966,1.19789
Morocco,MAR,1967,1.15137
Morocco,MAR,1968,1.0350701
Morocco,MAR,1969,0.68617
Morocco,MAR,1970,0.51172
Morocco,MAR,1971,0.26749
Morocco,MAR,1972,0.32564002
Morocco,MAR,1973,0.48846
Morocco,MAR,1974,0.27912
Morocco,MAR,1975,0.23259999
Morocco,MAR,1976,0.104669996
Morocco,MAR,1977,0.25586
Morocco,MAR,1978,0.27912
Morocco,MAR,1979,0.22096999
Morocco,MAR,1980,0
Morocco,MAR,1981,0
Morocco,MAR,1982,0
Morocco,MAR,1983,0
Morocco,MAR,1984,0
Morocco,MAR,1985,1.8375555
Morocco,MAR,1986,1.8355181
Morocco,MAR,1987,1.2359569
Morocco,MAR,1988,1.8463477
Morocco,MAR,1989,1.2224907
Morocco,MAR,1990,0.6137677
Morocco,MAR,1991,0.6137677
Morocco,MAR,1992,0.61544925
Morocco,MAR,1993,0.6137677
Morocco,MAR,1994,0.6137677
Morocco,MAR,1995,0.6137677
Morocco,MAR,1996,0.61544925
Morocco,MAR,1997,0.6137677
Morocco,MAR,1998,0.6137677
Morocco,MAR,1999,0.15835206
Morocco,MAR,2000,0.17171033
Morocco,MAR,2001,0.13257383
Morocco,MAR,2002,0.0797898
Morocco,MAR,2003,0
Morocco,MAR,2004,0.12308985
Morocco,MAR,2005,0.08592748
Morocco,MAR,2006,0.12275354
Morocco,MAR,2007,0.1350289
Morocco,MAR,2008,0.110780865
Morocco,MAR,2009,0.09820283
Morocco,MAR,2010,0.12275354
Morocco,MAR,2011,0.12275354
Morocco,MAR,2012,0.086162895
Morocco,MAR,2013,0.09820283
Morocco,MAR,2014,0.09820283
Morocco,MAR,2015,0.09820283
Morocco,MAR,2016,0.09847188
Morocco,MAR,2017,0.015344192
Morocco,MAR,2018,0.06137677
Morocco,MAR,2019,0.04296374
Morocco,MAR,2020,0.030772462
Morocco,MAR,2021,0.015344192
Morocco,MAR,2022,0.015344192
Morocco,MAR,2023,0.015344192
Morocco,MAR,2024,0.015386231
Mozambique,MOZ,1980,0
Mozambique,MOZ,1981,0
Mozambique,MOZ,1982,0
Mozambique,MOZ,1983,0
Mozambique,MOZ,1984,0
Mozambique,MOZ,1985,0
Mozambique,MOZ,1986,0
Mozambique,MOZ,1987,0
Mozambique,MOZ,1988,0
Mozambique,MOZ,1989,0
Mozambique,MOZ,1990,0
Mozambique,MOZ,1991,0
Mozambique,MOZ,1992,0
Mozambique,MOZ,1993,0
Mozambique,MOZ,1994,0
Mozambique,MOZ,1995,0
Mozambique,MOZ,1996,0
Mozambique,MOZ,1997,0
Mozambique,MOZ,1998,0
Mozambique,MOZ,1999,0
Mozambique,MOZ,2000,0
Mozambique,MOZ,2001,0
Mozambique,MOZ,2002,0
Mozambique,MOZ,2003,0
Mozambique,MOZ,2004,0
Mozambique,MOZ,2005,0
Mozambique,MOZ,2006,0
Mozambique,MOZ,2007,0
Mozambique,MOZ,2008,0
Mozambique,MOZ,2009,0
Mozambique,MOZ,2010,0
Mozambique,MOZ,2011,0
Mozambique,MOZ,2012,0
Mozambique,MOZ,2013,0
Mozambique,MOZ,2014,0
Mozambique,MOZ,2015,0
Mozambique,MOZ,2016,0
Mozambique,MOZ,2017,0
Mozambique,MOZ,2018,0
Mozambique,MOZ,2019,0
Mozambique,MOZ,2020,0
Mozambique,MOZ,2021,0
Mozambique,MOZ,2022,0
Mozambique,MOZ,2023,0
Mozambique,MOZ,2024,0
Myanmar,MMR,1900,0
Myanmar,MMR,1901,0
Myanmar,MMR,1902,0
Myanmar,MMR,1903,0
Myanmar,MMR,1904,0
Myanmar,MMR,1905,0
Myanmar,MMR,1906,0
Myanmar,MMR,1907,0
Myanmar,MMR,1908,0
Myanmar,MMR,1909,0
Myanmar,MMR,1910,0
Myanmar,MMR,1911,0
Myanmar,MMR,1912,0
Myanmar,MMR,1913,0
Myanmar,MMR,1914,0
Myanmar,MMR,1915,0
Myanmar,MMR,1916,0
Myanmar,MMR,1917,0
Myanmar,MMR,1918,0
Myanmar,MMR,1919,0
Myanmar,MMR,1920,0
Myanmar,MMR,1921,0
Myanmar,MMR,1922,0
Myanmar,MMR,1923,0
Myanmar,MMR,1924,0
Myanmar,MMR,1925,0
Myanmar,MMR,1926,0
Myanmar,MMR,1927,0
Myanmar,MMR,1928,11.967271
Myanmar,MMR,1929,11.56022
Myanmar,MMR,1930,11.69978
Myanmar,MMR,1931,11.12991
Myanmar,MMR,1932,11.29273
Myanmar,MMR,1933,11.36251
Myanmar,MMR,1934,11.61837
Myanmar,MMR,1935,11.46718
Myanmar,MMR,1936,11.792821
Myanmar,MMR,1937,12.19987
Myanmar,MMR,1938,11.71141
Myanmar,MMR,1939,12.246389
Myanmar,MMR,1940,12.02542
Myanmar,MMR,1941,12.071939
Myanmar,MMR,1942,3.88442
Myanmar,MMR,1943,1.5584201
Myanmar,MMR,1944,1.163
Myanmar,MMR,1945,1.12811
Myanmar,MMR,1946,0.023260001
Myanmar,MMR,1947,0.093040004
Myanmar,MMR,1948,0.5815
Myanmar,MMR,1949,0.39542
Myanmar,MMR,1950,0.8141
Myanmar,MMR,1951,1.32582
Myanmar,MMR,1952,1.4653801
Myanmar,MMR,1953,1.65146
Myanmar,MMR,1954,2.0934
Myanmar,MMR,1955,2.45393
Myanmar,MMR,1956,2.68653
Myanmar,MMR,1957,4.59385
Myanmar,MMR,1958,5.37306
Myanmar,MMR,1959,6.15227
Myanmar,MMR,1960,6.3383503
Myanmar,MMR,1961,6.55932
Myanmar,MMR,1962,6.7919197
Myanmar,MMR,1963,7.39668
Myanmar,MMR,1964,6.46628
Myanmar,MMR,1965,6.3383503
Myanmar,MMR,1966,6.60584
Myanmar,MMR,1967,6.8268104
Myanmar,MMR,1968,8.47827
Myanmar,MMR,1969,9.2342205
Myanmar,MMR,1970,9.28074
Myanmar,MMR,1971,10.141359
Myanmar,MMR,1972,11.25784
Myanmar,MMR,1973,11.40903
Myanmar,MMR,1974,10.39722
Myanmar,MMR,1975,11.106649
Myanmar,MMR,1976,13.479171
Myanmar,MMR,1977,15.619091
Myanmar,MMR,1978,16.43319
Myanmar,MMR,1979,17.60782
Myanmar,MMR,1980,0
Myanmar,MMR,1981,0
Myanmar,MMR,1982,0
Myanmar,MMR,1983,0
Myanmar,MMR,1984,20.018679
Myanmar,MMR,1985,18.031296
Myanmar,MMR,1986,18.032663
Myanmar,MMR,1987,12.877888
Myanmar,MMR,1988,9.685999
Myanmar,MMR,1989,9.659534
Myanmar,MMR,1990,9.659534
Myanmar,MMR,1991,9.659534
Myanmar,MMR,1992,9.040266
Myanmar,MMR,1993,8.371596
Myanmar,MMR,1994,8.371596
Myanmar,MMR,1995,5.7957206
Myanmar,MMR,1996,5.1658664
Myanmar,MMR,1997,5.151752
Myanmar,MMR,1998,5.151752
Myanmar,MMR,1999,5.151752
Myanmar,MMR,2000,7.7487993
Myanmar,MMR,2001,8.275795
Myanmar,MMR,2002,10.432297
Myanmar,MMR,2003,12.23541
Myanmar,MMR,2004,12.338889
Myanmar,MMR,2005,14.2542925
Myanmar,MMR,2006,13.61637
Myanmar,MMR,2007,13.61637
Myanmar,MMR,2008,13.007942
Myanmar,MMR,2009,12.328433
Myanmar,MMR,2010,11.6844635
Myanmar,MMR,2011,11.040494
Myanmar,MMR,2012,10.42501
Myanmar,MMR,2013,11.040494
Myanmar,MMR,2014,9.752556
Myanmar,MMR,2015,7.1766806
Myanmar,MMR,2016,7.1963425
Myanmar,MMR,2017,7.6680284
Myanmar,MMR,2018,6.444488
Myanmar,MMR,2019,5.738054
Myanmar,MMR,2020,5.78477
Myanmar,MMR,2021,5.0419235
Myanmar,MMR,2022,3.9606996
Myanmar,MMR,2023,3.8917067
Myanmar,MMR,2024,3.7900255
Namibia,NAM,1990,0
Namibia,NAM,1991,0
Namibia,NAM,1992,0
Namibia,NAM,1993,0
Namibia,NAM,1994,0
Namibia,NAM,1995,0
Namibia,NAM,1996,0
Namibia,NAM,1997,0
Namibia,NAM,1998,0
Namibia,NAM,1999,0
Namibia,NAM,2000,0
Namibia,NAM,2001,0
Namibia,NAM,2002,0
Namibia,NAM,2003,0
Namibia,NAM,2004,0
Namibia,NAM,2005,0
Namibia,NAM,2006,0
Namibia,NAM,2007,0
Namibia,NAM,2008,0
Namibia,NAM,2009,0
Namibia,NAM,2010,0
Namibia,NAM,2011,0
Namibia,NAM,2012,0
Namibia,NAM,2013,0
Namibia,NAM,2014,0
Namibia,NAM,2015,0
Namibia,NAM,2016,0
Namibia,NAM,2017,0
Namibia,NAM,2018,0
Namibia,NAM,2019,0
Namibia,NAM,2020,0
Namibia,NAM,2021,0
Namibia,NAM,2022,0
Namibia,NAM,2023,0
Namibia,NAM,2024,0
Nauru,NRU,1980,0
Nauru,NRU,1981,0
Nauru,NRU,1982,0
Nauru,NRU,1983,0
Nauru,NRU,1984,0
Nauru,NRU,1985,0
Nauru,NRU,1986,0
Nauru,NRU,1987,0
Nauru,NRU,1988,0
Nauru,NRU,1989,0
Nauru,NRU,1990,0
Nauru,NRU,1991,0
Nauru,NRU,1992,0
Nauru,NRU,1993,0
Nauru,NRU,1994,0
Nauru,NRU,1995,0
Nauru,NRU,1996,0
Nauru,NRU,1997,0
Nauru,NRU,1998,0
Nauru,NRU,1999,0
Nauru,NRU,2000,0
Nauru,NRU,2001,0
Nauru,NRU,2002,0
Nauru,NRU,2003,0
Nauru,NRU,2004,0
Nauru,NRU,2005,0
Nauru,NRU,2006,0
Nauru,NRU,2007,0
Nauru,NRU,2008,0
Nauru,NRU,2009,0
Nauru,NRU,2010,0
Nauru,NRU,2011,0
Nauru,NRU,2012,0
Nauru,NRU,2013,0
Nauru,NRU,2014,0
Nauru,NRU,2015,0
Nauru,NRU,2016,0
Nauru,NRU,2017,0
Nauru,NRU,2018,0
Nauru,NRU,2019,0
Nauru,NRU,2020,0
Nauru,NRU,2021,0
Nauru,NRU,2022,0
Nauru,NRU,2023,0
Nauru,NRU,2024,0
Nepal,NPL,1980,0
Nepal,NPL,1981,0
Nepal,NPL,1982,0
Nepal,NPL,1983,0
Nepal,NPL,1984,0
Nepal,NPL,1985,0
Nepal,NPL,1986,0
Nepal,NPL,1987,0
Nepal,NPL,1988,0
Nepal,NPL,1989,0
Nepal,NPL,1990,0
Nepal,NPL,1991,0
Nepal,NPL,1992,0
Nepal,NPL,1993,0
Nepal,NPL,1994,0
Nepal,NPL,1995,0
Nepal,NPL,1996,0
Nepal,NPL,1997,0
Nepal,NPL,1998,0
Nepal,NPL,1999,0
Nepal,NPL,2000,0
Nepal,NPL,2001,0
Nepal,NPL,2002,0
Nepal,NPL,2003,0
Nepal,NPL,2004,0
Nepal,NPL,2005,0
Nepal,NPL,2006,0
Nepal,NPL,2007,0
Nepal,NPL,2008,0
Nepal,NPL,2009,0
Nepal,NPL,2010,0
Nepal,NPL,2011,0
Nepal,NPL,2012,0
Nepal,NPL,2013,0
Nepal,NPL,2014,0
Nepal,NPL,2015,0
Nepal,NPL,2016,0
Nepal,NPL,2017,0
Nepal,NPL,2018,0
Nepal,NPL,2019,0
Nepal,NPL,2020,0
Nepal,NPL,2021,0
Nepal,NPL,2022,0
Nepal,NPL,2023,0
Nepal,NPL,2024,0
Netherlands,NLD,1900,0
Netherlands,NLD,1901,0
Netherlands,NLD,1902,0
Netherlands,NLD,1903,0
Netherlands,NLD,1904,0
Netherlands,NLD,1905,0
Netherlands,NLD,1906,0
Netherlands,NLD,1907,0
Netherlands,NLD,1908,0
Netherlands,NLD,1909,0
Netherlands,NLD,1910,0
Netherlands,NLD,1911,0
Netherlands,NLD,1912,0
Netherlands,NLD,1913,0
Netherlands,NLD,1914,0
Netherlands,NLD,1915,0
Netherlands,NLD,1916,0
Netherlands,NLD,1917,0
Netherlands,NLD,1918,0
Netherlands,NLD,1919,0
Netherlands,NLD,1920,0
Netherlands,NLD,1921,0
Netherlands,NLD,1922,0
Netherlands,NLD,1923,0
Netherlands,NLD,1924,0
Netherlands,NLD,1925,0
Netherlands,NLD,1926,0
Netherlands,NLD,1927,0
Netherlands,NLD,1928,0
Netherlands,NLD,1929,0
Netherlands,NLD,1930,0
Netherlands,NLD,1931,0
Netherlands,NLD,1932,0
Netherlands,NLD,1933,0
Netherlands,NLD,1934,0
Netherlands,NLD,1935,0
Netherlands,NLD,1936,0
Netherlands,NLD,1937,0
Netherlands,NLD,1938,0
Netherlands,NLD,1939,0
Netherlands,NLD,1940,0
Netherlands,NLD,1941,0
Netherlands,NLD,1942,0
Netherlands,NLD,1943,0
Netherlands,NLD,1944,0
Netherlands,NLD,1945,0
Netherlands,NLD,1946,0.73269004
Netherlands,NLD,1947,2.47719
Netherlands,NLD,1948,5.76848
Netherlands,NLD,1949,7.22223
Netherlands,NLD,1950,8.19915
Netherlands,NLD,1951,8.30382
Netherlands,NLD,1952,8.31545
Netherlands,NLD,1953,9.5366
Netherlands,NLD,1954,10.92057
Netherlands,NLD,1955,11.909121
Netherlands,NLD,1956,12.75811
Netherlands,NLD,1957,17.71249
Netherlands,NLD,1958,18.85223
Netherlands,NLD,1959,20.61999
Netherlands,NLD,1960,22.30634
Netherlands,NLD,1961,23.79498
Netherlands,NLD,1962,25.08591
Netherlands,NLD,1963,25.760448
Netherlands,NLD,1964,26.4001
Netherlands,NLD,1965,27.85385
Netherlands,NLD,1966,27.516579
Netherlands,NLD,1967,26.341951
Netherlands,NLD,1968,24.96961
Netherlands,NLD,1969,23.4926
Netherlands,NLD,1970,22.31797
Netherlands,NLD,1971,19.93382
Netherlands,NLD,1972,18.57311
Netherlands,NLD,1973,17.35196
Netherlands,NLD,1974,16.99143
Netherlands,NLD,1975,16.50297
Netherlands,NLD,1976,15.944731
Netherlands,NLD,1977,16.07266
Netherlands,NLD,1978,16.165699
Netherlands,NLD,1979,12.60692
Netherlands,NLD,1980,0
Netherlands,NLD,1981,0
Netherlands,NLD,1982,0
Netherlands,NLD,1983,0
Netherlands,NLD,1984,38.309868
Netherlands,NLD,1985,47.427536
Netherlands,NLD,1986,59.284496
Netherlands,NLD,1987,55.33384
Netherlands,NLD,1988,50.199043
Netherlands,NLD,1989,47.76418
Netherlands,NLD,1990,49.90689
Netherlands,NLD,1991,46.09785
Netherlands,NLD,1992,41.500706
Netherlands,NLD,1993,40.35492
Netherlands,NLD,1994,54.9892
Netherlands,NLD,1995,43.03055
Netherlands,NLD,1996,37.543953
Netherlands,NLD,1997,35.6019
Netherlands,NLD,1998,32.018616
Netherlands,NLD,1999,30.276804
Netherlands,NLD,2000,28.033993
Netherlands,NLD,2001,27.274593
Netherlands,NLD,2002,37.717617
Netherlands,NLD,2003,37.735573
Netherlands,NLD,2004,35.328556
Netherlands,NLD,2005,27.364319
Netherlands,NLD,2006,24.46221
Netherlands,NLD,2007,31.896248
Netherlands,NLD,2008,26.787745
Netherlands,NLD,2009,20.92759
Netherlands,NLD,2010,17.503164
Netherlands,NLD,2011,18.883951
Netherlands,NLD,2012,17.567354
Netherlands,NLD,2013,18.461214
Netherlands,NLD,2014,23.282785
Netherlands,NLD,2015,22.170488
Netherlands,NLD,2016,14.744656
Netherlands,NLD,2017,11.7550335
Netherlands,NLD,2018,11.065448
Netherlands,NLD,2019,13.36041
Netherlands,NLD,2020,22.822006
Netherlands,NLD,2021,22.598597
Netherlands,NLD,2022,20.380585
Netherlands,NLD,2023,18.38421
Netherlands,NLD,2024,16.793087
Netherlands Antilles,ANT,1980,0
Netherlands Antilles,ANT,1981,0
Netherlands Antilles,ANT,1982,0
Netherlands Antilles,ANT,1983,0
Netherlands Antilles,ANT,1984,0
Netherlands Antilles,ANT,1985,0
Netherlands Antilles,ANT,1986,0
Netherlands Antilles,ANT,1987,0
Netherlands Antilles,ANT,1988,0
Netherlands Antilles,ANT,1989,0
Netherlands Antilles,ANT,1990,0
Netherlands Antilles,ANT,1991,0
Netherlands Antilles,ANT,1992,0
Netherlands Antilles,ANT,1993,0
Netherlands Antilles,ANT,1994,0
Netherlands Antilles,ANT,1995,0
Netherlands Antilles,ANT,1996,0
Netherlands Antilles,ANT,1997,0
Netherlands Antilles,ANT,1998,0
Netherlands Antilles,ANT,1999,0
Netherlands Antilles,ANT,2000,0
Netherlands Antilles,ANT,2001,0
Netherlands Antilles,ANT,2002,0
Netherlands Antilles,ANT,2003,0
Netherlands Antilles,ANT,2004,0
Netherlands Antilles,ANT,2005,0
Netherlands Antilles,ANT,2006,0
Netherlands Antilles,ANT,2007,0
Netherlands Antilles,ANT,2008,0
Netherlands Antilles,ANT,2009,0
Netherlands Antilles,ANT,2010,0
Netherlands Antilles,ANT,2011,0
Netherlands Antilles,ANT,2012,0
Netherlands Antilles,ANT,2013,0
Netherlands Antilles,ANT,2014,0
Netherlands Antilles,ANT,2015,0
Netherlands Antilles,ANT,2016,0
Netherlands Antilles,ANT,2017,0
Netherlands Antilles,ANT,2018,0
Netherlands Antilles,ANT,2019,0
Netherlands Antilles,ANT,2020,0
Netherlands Antilles,ANT,2021,0
Netherlands Antilles,ANT,2022,0
Netherlands Antilles,ANT,2023,0
Netherlands Antilles,ANT,2024,0
New Caledonia,NCL,1980,0
New Caledonia,NCL,1981,0
New Caledonia,NCL,1982,0
New Caledonia,NCL,1983,0
New Caledonia,NCL,1984,0
New Caledonia,NCL,1985,0
New Caledonia,NCL,1986,0
New Caledonia,NCL,1987,0
New Caledonia,NCL,1988,0
New Caledonia,NCL,1989,0
New Caledonia,NCL,1990,0
New Caledonia,NCL,1991,0
New Caledonia,NCL,1992,0
New Caledonia,NCL,1993,0
New Caledonia,NCL,1994,0
New Caledonia,NCL,1995,0
New Caledonia,NCL,1996,0
New Caledonia,NCL,1997,0
New Caledonia,NCL,1998,0
New Caledonia,NCL,1999,0
New Caledonia,NCL,2000,0
New Caledonia,NCL,2001,0
New Caledonia,NCL,2002,0
New Caledonia,NCL,2003,0
New Caledonia,NCL,2004,0
New Caledonia,NCL,2005,0
New Caledonia,NCL,2006,0
New Caledonia,NCL,2007,0
New Caledonia,NCL,2008,0
New Caledonia,NCL,2009,0
New Caledonia,NCL,2010,0
New Caledonia,NCL,2011,0
New Caledonia,NCL,2012,0
New Caledonia,NCL,2013,0
New Caledonia,NCL,2014,0
New Caledonia,NCL,2015,0
New Caledonia,NCL,2016,0
New Caledonia,NCL,2017,0
New Caledonia,NCL,2018,0
New Caledonia,NCL,2019,0
New Caledonia,NCL,2020,0
New Caledonia,NCL,2021,0
New Caledonia,NCL,2022,0
New Caledonia,NCL,2023,0
New Caledonia,NCL,2024,0
New Zealand,NZL,1900,0
New Zealand,NZL,1901,0
New Zealand,NZL,1902,0
New Zealand,NZL,1903,0
New Zealand,NZL,1904,0
New Zealand,NZL,1905,0
New Zealand,NZL,1906,0
New Zealand,NZL,1907,0
New Zealand,NZL,1908,0
New Zealand,NZL,1909,0
New Zealand,NZL,1910,0
New Zealand,NZL,1911,0
New Zealand,NZL,1912,0
New Zealand,NZL,1913,0
New Zealand,NZL,1914,0
New Zealand,NZL,1915,0
New Zealand,NZL,1916,0
New Zealand,NZL,1917,0
New Zealand,NZL,1918,0
New Zealand,NZL,1919,0
New Zealand,NZL,1920,0
New Zealand,NZL,1921,0
New Zealand,NZL,1922,0
New Zealand,NZL,1923,0
New Zealand,NZL,1924,0
New Zealand,NZL,1925,0
New Zealand,NZL,1926,0
New Zealand,NZL,1927,0
New Zealand,NZL,1928,0
New Zealand,NZL,1929,0
New Zealand,NZL,1930,0
New Zealand,NZL,1931,0.011630001
New Zealand,NZL,1932,0.011630001
New Zealand,NZL,1933,0.011630001
New Zealand,NZL,1934,0.011630001
New Zealand,NZL,1935,0.011630001
New Zealand,NZL,1936,0.011630001
New Zealand,NZL,1937,0.011630001
New Zealand,NZL,1938,0.011630001
New Zealand,NZL,1939,0
New Zealand,NZL,1940,0
New Zealand,NZL,1941,0
New Zealand,NZL,1942,0
New Zealand,NZL,1943,0
New Zealand,NZL,1944,0
New Zealand,NZL,1945,0
New Zealand,NZL,1946,0
New Zealand,NZL,1947,0
New Zealand,NZL,1948,0
New Zealand,NZL,1949,0.011630001
New Zealand,NZL,1950,0.011630001
New Zealand,NZL,1951,0.011630001
New Zealand,NZL,1952,0.011630001
New Zealand,NZL,1953,0.011630001
New Zealand,NZL,1954,0.011630001
New Zealand,NZL,1955,0.011630001
New Zealand,NZL,1956,0.011630001
New Zealand,NZL,1957,0.011630001
New Zealand,NZL,1958,0.011630001
New Zealand,NZL,1959,0.011630001
New Zealand,NZL,1960,0.011630001
New Zealand,NZL,1961,0.011630001
New Zealand,NZL,1962,0.011630001
New Zealand,NZL,1963,0.011630001
New Zealand,NZL,1964,0.011630001
New Zealand,NZL,1965,0.011630001
New Zealand,NZL,1966,0.011630001
New Zealand,NZL,1967,0
New Zealand,NZL,1968,0
New Zealand,NZL,1969,0
New Zealand,NZL,1970,0.67454
New Zealand,NZL,1971,1.163
New Zealand,NZL,1972,1.61657
New Zealand,NZL,1973,1.87243
New Zealand,NZL,1974,1.8956901
New Zealand,NZL,1975,1.58168
New Zealand,NZL,1976,5.54751
New Zealand,NZL,1977,7.83862
New Zealand,NZL,1978,6.57095
New Zealand,NZL,1979,4.33799
New Zealand,NZL,1980,0
New Zealand,NZL,1981,0
New Zealand,NZL,1982,0
New Zealand,NZL,1983,0
New Zealand,NZL,1984,11.377356
New Zealand,NZL,1985,17.357231
New Zealand,NZL,1986,18.230145
New Zealand,NZL,1987,18.136135
New Zealand,NZL,1988,21.446379
New Zealand,NZL,1989,23.773243
New Zealand,NZL,1990,24.750576
New Zealand,NZL,1991,26.144644
New Zealand,NZL,1992,24.507477
New Zealand,NZL,1993,26.103283
New Zealand,NZL,1994,25.650743
New Zealand,NZL,1995,21.753513
New Zealand,NZL,1996,28.221529
New Zealand,NZL,1997,37.096027
New Zealand,NZL,1998,29.891596
New Zealand,NZL,1999,27.61901
New Zealand,NZL,2000,24.453785
New Zealand,NZL,2001,22.789745
New Zealand,NZL,2002,21.251764
New Zealand,NZL,2003,16.31012
New Zealand,NZL,2004,14.521076
New Zealand,NZL,2005,13.275334
New Zealand,NZL,2006,12.943367
New Zealand,NZL,2007,25.918745
New Zealand,NZL,2008,36.194466
New Zealand,NZL,2009,33.68888
New Zealand,NZL,2010,34.05933
New Zealand,NZL,2011,29.483791
New Zealand,NZL,2012,26.45585
New Zealand,NZL,2013,23.24158
New Zealand,NZL,2014,25.930368
New Zealand,NZL,2015,27.053795
New Zealand,NZL,2016,22.78762
New Zealand,NZL,2017,10.481175
New Zealand,NZL,2018,8.92218
New Zealand,NZL,2019,7.9893637
New Zealand,NZL,2020,6.718314
New Zealand,NZL,2021,6.506361
New Zealand,NZL,2022,5.6031575
New Zealand,NZL,2023,6.4469852
New Zealand,NZL,2024,6.0785995
Nicaragua,NIC,1980,0
Nicaragua,NIC,1981,0
Nicaragua,NIC,1982,0
Nicaragua,NIC,1983,0
Nicaragua,NIC,1984,0
Nicaragua,NIC,1985,0
Nicaragua,NIC,1986,0
Nicaragua,NIC,1987,0
Nicaragua,NIC,1988,0
Nicaragua,NIC,1989,0
Nicaragua,NIC,1990,0
Nicaragua,NIC,1991,0
Nicaragua,NIC,1992,0
Nicaragua,NIC,1993,0
Nicaragua,NIC,1994,0
Nicaragua,NIC,1995,0
Nicaragua,NIC,1996,0
Nicaragua,NIC,1997,0
Nicaragua,NIC,1998,0
Nicaragua,NIC,1999,0
Nicaragua,NIC,2000,0
Nicaragua,NIC,2001,0
Nicaragua,NIC,2002,0
Nicaragua,NIC,2003,0
Nicaragua,NIC,2004,0
Nicaragua,NIC,2005,0
Nicaragua,NIC,2006,0
Nicaragua,NIC,2007,0
Nicaragua,NIC,2008,0
Nicaragua,NIC,2009,0
Nicaragua,NIC,2010,0
Nicaragua,NIC,2011,0
Nicaragua,NIC,2012,0
Nicaragua,NIC,2013,0
Nicaragua,NIC,2014,0
Nicaragua,NIC,2015,0
Nicaragua,NIC,2016,0
Nicaragua,NIC,2017,0
Nicaragua,NIC,2018,0
Nicaragua,NIC,2019,0
Nicaragua,NIC,2020,0
Nicaragua,NIC,2021,0
Nicaragua,NIC,2022,0
Nicaragua,NIC,2023,0
Nicaragua,NIC,2024,0
Niger,NER,1980,0
Niger,NER,1981,0
Niger,NER,1982,0
Niger,NER,1983,0
Niger,NER,1984,0
Niger,NER,1985,0
Niger,NER,1986,0
Niger,NER,1987,0
Niger,NER,1988,0
Niger,NER,1989,0
Niger,NER,1990,0
Niger,NER,1991,0
Niger,NER,1992,0
Niger,NER,1993,0
Niger,NER,1994,0
Niger,NER,1995,0
Niger,NER,1996,0
Niger,NER,1997,0
Niger,NER,1998,0
Niger,NER,1999,0
Niger,NER,2000,0
Niger,NER,2001,0
Niger,NER,2002,0
Niger,NER,2003,0
Niger,NER,2004,0
Niger,NER,2005,0
Niger,NER,2006,0
Niger,NER,2007,0
Niger,NER,2008,0
Niger,NER,2009,0
Niger,NER,2010,0
Niger,NER,2011,4.257883
Niger,NER,2012,12.721512
Niger,NER,2013,12.686753
Niger,NER,2014,12.686753
Niger,NER,2015,8.880727
Niger,NER,2016,8.268983
Niger,NER,2017,10.149403
Niger,NER,2018,9.515065
Niger,NER,2019,9.515065
Niger,NER,2020,8.905058
Niger,NER,2021,8.880727
Niger,NER,2022,8.246389
Niger,NER,2023,8.246389
Niger,NER,2024,19.443754
Nigeria,NGA,1900,0
Nigeria,NGA,1901,0
Nigeria,NGA,1902,0
Nigeria,NGA,1903,0
Nigeria,NGA,1904,0
Nigeria,NGA,1905,0
Nigeria,NGA,1906,0
Nigeria,NGA,1907,0
Nigeria,NGA,1908,0
Nigeria,NGA,1909,0
Nigeria,NGA,1910,0
Nigeria,NGA,1911,0
Nigeria,NGA,1912,0
Nigeria,NGA,1913,0
Nigeria,NGA,1914,0
Nigeria,NGA,1915,0
Nigeria,NGA,1916,0
Nigeria,NGA,1917,0
Nigeria,NGA,1918,0
Nigeria,NGA,1919,0
Nigeria,NGA,1920,0
Nigeria,NGA,1921,0
Nigeria,NGA,1922,0
Nigeria,NGA,1923,0
Nigeria,NGA,1924,0
Nigeria,NGA,1925,0
Nigeria,NGA,1926,0
Nigeria,NGA,1927,0
Nigeria,NGA,1928,0
Nigeria,NGA,1929,0
Nigeria,NGA,1930,0
Nigeria,NGA,1931,0
Nigeria,NGA,1932,0
Nigeria,NGA,1933,0
Nigeria,NGA,1934,0
Nigeria,NGA,1935,0
Nigeria,NGA,1936,0
Nigeria,NGA,1937,0
Nigeria,NGA,1938,0
Nigeria,NGA,1939,0
Nigeria,NGA,1940,0
Nigeria,NGA,1941,0
Nigeria,NGA,1942,0
Nigeria,NGA,1943,0
Nigeria,NGA,1944,0
Nigeria,NGA,1945,0
Nigeria,NGA,1946,0
Nigeria,NGA,1947,0
Nigeria,NGA,1948,0
Nigeria,NGA,1949,0
Nigeria,NGA,1950,0
Nigeria,NGA,1951,0
Nigeria,NGA,1952,0
Nigeria,NGA,1953,0
Nigeria,NGA,1954,0
Nigeria,NGA,1955,0
Nigeria,NGA,1956,0
Nigeria,NGA,1957,0.011630001
Nigeria,NGA,1958,2.9772801
Nigeria,NGA,1959,6.19879
Nigeria,NGA,1960,9.73431
Nigeria,NGA,1961,25.98142
Nigeria,NGA,1962,38.07662
Nigeria,NGA,1963,43.17056
Nigeria,NGA,1964,69.00079
Nigeria,NGA,1965,157.08034
Nigeria,NGA,1966,239.22957
Nigeria,NGA,1967,182.8021
Nigeria,NGA,1968,81.167984
Nigeria,NGA,1969,309.52045
Nigeria,NGA,1970,620.473
Nigeria,NGA,1971,877.1751
Nigeria,NGA,1972,1043.0057
Nigeria,NGA,1973,1176.8422
Nigeria,NGA,1974,1291.8168
Nigeria,NGA,1975,1021.5378
Nigeria,NGA,1976,1187.2389
Nigeria,NGA,1977,1194.486
Nigeria,NGA,1978,1086.7255
Nigeria,NGA,1979,1318.7386
Nigeria,NGA,1980,1182.1918
Nigeria,NGA,1981,824.7004
Nigeria,NGA,1982,737.2808
Nigeria,NGA,1983,707.77814
Nigeria,NGA,1984,797.31885
Nigeria,NGA,1985,858.6715
Nigeria,NGA,1986,840.16785
Nigeria,NGA,1987,772.05383
Nigeria,NGA,1988,794.1685
Nigeria,NGA,1989,1011.5126
Nigeria,NGA,1990,1017.47095
Nigeria,NGA,1991,1117.5122
Nigeria,NGA,1992,1159.6453
Nigeria,NGA,1993,1144.7253
Nigeria,NGA,1994,1096.4194
Nigeria,NGA,1995,1105.5587
Nigeria,NGA,1996,1121.2941
Nigeria,NGA,1997,1122.7622
Nigeria,NGA,1998,1150.4365
Nigeria,NGA,1999,1073.8616
Nigeria,NGA,2000,1239.1555
Nigeria,NGA,2001,1224.6005
Nigeria,NGA,2002,1104.9844
Nigeria,NGA,2003,1304.6278
Nigeria,NGA,2004,1414.9651
Nigeria,NGA,2005,1408.9026
Nigeria,NGA,2006,1343.7992
Nigeria,NGA,2007,1246.2552
Nigeria,NGA,2008,1229.3309
Nigeria,NGA,2009,1242.6493
Nigeria,NGA,2010,1419.1029
Nigeria,NGA,2011,1376.2834
Nigeria,NGA,2012,1353.362
Nigeria,NGA,2013,1271.8241
Nigeria,NGA,2014,1270.0397
Nigeria,NGA,2015,1228.846
Nigeria,NGA,2016,1061.333
Nigeria,NGA,2017,1097.8649
Nigeria,NGA,2018,1118.3983
Nigeria,NGA,2019,1172.9766
Nigeria,NGA,2020,1063.2955
Nigeria,NGA,2021,938.362
Nigeria,NGA,2022,805.57385
Nigeria,NGA,2023,859.48267
Nigeria,NGA,2024,917.5137
Nigeria,NGA,2025,977.11316
Niue,NIU,1980,0
Niue,NIU,1981,0
Niue,NIU,1982,0
Niue,NIU,1983,0
Niue,NIU,1984,0
Niue,NIU,1985,0
Niue,NIU,1986,0
Niue,NIU,1987,0
Niue,NIU,1988,0
Niue,NIU,1989,0
Niue,NIU,1990,0
Niue,NIU,1991,0
Niue,NIU,1992,0
Niue,NIU,1993,0
Niue,NIU,1994,0
Niue,NIU,1995,0
Niue,NIU,1996,0
Niue,NIU,1997,0
Niue,NIU,1998,0
Niue,NIU,1999,0
Niue,NIU,2000,0
Niue,NIU,2001,0
Niue,NIU,2002,0
Niue,NIU,2003,0
Niue,NIU,2004,0
Niue,NIU,2005,0
Niue,NIU,2006,0
Niue,NIU,2007,0
Niue,NIU,2008,0
Niue,NIU,2009,0
Niue,NIU,2010,0
Niue,NIU,2011,0
Niue,NIU,2012,0
Niue,NIU,2013,0
Niue,NIU,2014,0
Niue,NIU,2015,0
Niue,NIU,2016,0
Niue,NIU,2017,0
Niue,NIU,2018,0
Niue,NIU,2019,0
Niue,NIU,2020,0
Niue,NIU,2021,0
Niue,NIU,2022,0
Niue,NIU,2023,0
Niue,NIU,2024,0
North America,OWID_NAM,1965,5772.573
North America,OWID_NAM,1966,6150.7866
North America,OWID_NAM,1967,6586.6865
North America,OWID_NAM,1968,6880.1167
North America,OWID_NAM,1969,7030.5234
North America,OWID_NAM,1970,7383.0645
North America,OWID_NAM,1971,7346.2954
North America,OWID_NAM,1972,7522.433
North America,OWID_NAM,1973,7550.027
North America,OWID_NAM,1974,7299.555
North America,OWID_NAM,1975,7006.3784
North America,OWID_NAM,1976,6848.237
North America,OWID_NAM,1977,7028.67
North America,OWID_NAM,1978,7417.654
North America,OWID_NAM,1979,7615.955
North America,OWID_NAM,1980,7925.7876
North America,OWID_NAM,1981,8045.6855
North America,OWID_NAM,1982,8322.942
North America,OWID_NAM,1983,8342.97
North America,OWID_NAM,1984,8577.887
North America,OWID_NAM,1985,8604.431
North America,OWID_NAM,1986,8306.868
North America,OWID_NAM,1987,8247.672
North America,OWID_NAM,1988,8199.998
North America,OWID_NAM,1989,7825.106
North America,OWID_NAM,1990,7707.4087
North America,OWID_NAM,1991,7874.162
North America,OWID_NAM,1992,7805.196
North America,OWID_NAM,1993,7678.3545
North America,OWID_NAM,1994,7635.066
North America,OWID_NAM,1995,7605.458
North America,OWID_NAM,1996,7769.7554
North America,OWID_NAM,1997,7887.7046
North America,OWID_NAM,1998,7848.5503
North America,OWID_NAM,1999,7536.223
North America,OWID_NAM,2000,7586.664
North America,OWID_NAM,2001,7625.9673
North America,OWID_NAM,2002,7718.757
North America,OWID_NAM,2003,7824.511
North America,OWID_NAM,2004,7803.57
North America,OWID_NAM,2005,7550.838
North America,OWID_NAM,2006,7549.9126
North America,OWID_NAM,2007,7478.319
North America,OWID_NAM,2008,7237.2314
North America,OWID_NAM,2009,7349.912
North America,OWID_NAM,2010,7544.087
North America,OWID_NAM,2011,7792.1216
North America,OWID_NAM,2012,8493.0205
North America,OWID_NAM,2013,9232.756
North America,OWID_NAM,2014,10222.753
North America,OWID_NAM,2015,10676.5205
North America,OWID_NAM,2016,10352.641
North America,OWID_NAM,2017,10785.49
North America,OWID_NAM,2018,12049.913
North America,OWID_NAM,2019,12973.988
North America,OWID_NAM,2020,12409.167
North America,OWID_NAM,2021,12642.826
North America,OWID_NAM,2022,13305.699
North America,OWID_NAM,2023,14141.763
North America,OWID_NAM,2024,14591.999
North America,OWID_NAM,2025,14965.461
North America (EI),,1965,5694.31
North America (EI),,1966,6062.0273
North America (EI),,1967,6482.4053
North America (EI),,1968,6767.501
North America (EI),,1969,6937.6997
North America (EI),,1970,7300.5786
North America (EI),,1971,7270.5986
North America (EI),,1972,7439.6953
North America (EI),,1973,7452.8096
North America (EI),,1974,7189.771
North America (EI),,1975,6879.156
North America (EI),,1976,6722.8174
North America (EI),,1977,6893.61
North America (EI),,1978,7281.4014
North America (EI),,1979,7488.857
North America (EI),,1980,7799.6685
North America (EI),,1981,7933.447
North America (EI),,1982,8214.274
North America (EI),,1983,8241.573
North America (EI),,1984,8469.704
North America (EI),,1985,8492.74
North America (EI),,1986,8198.537
North America (EI),,1987,8147.8604
North America (EI),,1988,8104.3403
North America (EI),,1989,7730.6797
North America (EI),,1990,7612.3447
North America (EI),,1991,7779.6387
North America (EI),,1992,7713.287
North America (EI),,1993,7589.3247
North America (EI),,1994,7540.479
North America (EI),,1995,7509.1816
North America (EI),,1996,7674.302
North America (EI),,1997,7795.2827
North America (EI),,1998,7753.624
North America (EI),,1999,7432.9067
North America (EI),,2000,7477.965
North America (EI),,2001,7519.358
North America (EI),,2002,7591.238
North America (EI),,2003,7691.9136
North America (EI),,2004,7682.2915
North America (EI),,2005,7421.784
North America (EI),,2006,7420.4844
North America (EI),,2007,7360.395
North America (EI),,2008,7121.729
North America (EI),,2009,7238.548
North America (EI),,2010,7435.9434
North America (EI),,2011,7688.2593
North America (EI),,2012,8397.417
North America (EI),,2013,9139.226
North America (EI),,2014,10129.788
North America (EI),,2015,10587.185
North America (EI),,2016,10271.415
North America (EI),,2017,10704.827
North America (EI),,2018,11975.54
North America (EI),,2019,12903.486
North America (EI),,2020,12341.9795
North America (EI),,2021,12573.684
North America (EI),,2022,13238.5205
North America (EI),,2023,14074.99
North America (EI),,2024,14530.957
North America (EI),,2025,14903.601
North Korea,PRK,1980,0
North Korea,PRK,1981,0
North Korea,PRK,1982,0
North Korea,PRK,1983,0
North Korea,PRK,1984,0
North Korea,PRK,1985,0
North Korea,PRK,1986,0
North Korea,PRK,1987,0
North Korea,PRK,1988,0
North Korea,PRK,1989,0
North Korea,PRK,1990,0
North Korea,PRK,1991,0
North Korea,PRK,1992,0
North Korea,PRK,1993,0
North Korea,PRK,1994,0
North Korea,PRK,1995,0
North Korea,PRK,1996,0
North Korea,PRK,1997,0
North Korea,PRK,1998,0
North Korea,PRK,1999,0
North Korea,PRK,2000,0
North Korea,PRK,2001,0
North Korea,PRK,2002,0
North Korea,PRK,2003,0
North Korea,PRK,2004,0
North Korea,PRK,2005,0
North Korea,PRK,2006,0
North Korea,PRK,2007,0
North Korea,PRK,2008,0
North Korea,PRK,2009,0
North Korea,PRK,2010,0
North Korea,PRK,2011,0
North Korea,PRK,2012,0
North Korea,PRK,2013,0
North Korea,PRK,2014,0
North Korea,PRK,2015,0
North Korea,PRK,2016,0
North Korea,PRK,2017,0
North Korea,PRK,2018,0
North Korea,PRK,2019,0
North Korea,PRK,2020,0
North Korea,PRK,2021,0
North Korea,PRK,2022,0
North Korea,PRK,2023,0
North Korea,PRK,2024,0
North Macedonia,MKD,1992,0
North Macedonia,MKD,1993,0
North Macedonia,MKD,1994,0
North Macedonia,MKD,1995,0
North Macedonia,MKD,1996,0
North Macedonia,MKD,1997,0
North Macedonia,MKD,1998,0
North Macedonia,MKD,1999,0
North Macedonia,MKD,2000,0
North Macedonia,MKD,2001,0
North Macedonia,MKD,2002,0
North Macedonia,MKD,2003,0
North Macedonia,MKD,2004,0
North Macedonia,MKD,2005,0
North Macedonia,MKD,2006,0
North Macedonia,MKD,2007,0
North Macedonia,MKD,2008,0
North Macedonia,MKD,2009,0
North Macedonia,MKD,2010,0
North Macedonia,MKD,2011,0
North Macedonia,MKD,2012,0
North Macedonia,MKD,2013,0
North Macedonia,MKD,2014,0
North Macedonia,MKD,2015,0
North Macedonia,MKD,2016,0
North Macedonia,MKD,2017,0
North Macedonia,MKD,2018,0
North Macedonia,MKD,2019,0
North Macedonia,MKD,2020,0
North Macedonia,MKD,2021,0
North Macedonia,MKD,2022,0
North Macedonia,MKD,2023,0
North Macedonia,MKD,2024,0
Northern Mariana Islands,MNP,1980,0
Northern Mariana Islands,MNP,1981,0
Northern Mariana Islands,MNP,1982,0
Northern Mariana Islands,MNP,1983,0
Northern Mariana Islands,MNP,1984,0
Northern Mariana Islands,MNP,1985,0
Northern Mariana Islands,MNP,1986,0
Northern Mariana Islands,MNP,1987,0
Northern Mariana Islands,MNP,1988,0
Northern Mariana Islands,MNP,1989,0
Northern Mariana Islands,MNP,1990,0
Northern Mariana Islands,MNP,1991,0
Northern Mariana Islands,MNP,1992,0
Northern Mariana Islands,MNP,1993,0
Northern Mariana Islands,MNP,1994,0
Northern Mariana Islands,MNP,1995,0
Northern Mariana Islands,MNP,1996,0
Northern Mariana Islands,MNP,1997,0
Northern Mariana Islands,MNP,1998,0
Northern Mariana Islands,MNP,1999,0
Northern Mariana Islands,MNP,2000,0
Northern Mariana Islands,MNP,2001,0
Northern Mariana Islands,MNP,2002,0
Northern Mariana Islands,MNP,2003,0
Northern Mariana Islands,MNP,2004,0
Northern Mariana Islands,MNP,2005,0
Northern Mariana Islands,MNP,2006,0
Northern Mariana Islands,MNP,2007,0
Northern Mariana Islands,MNP,2008,0
Northern Mariana Islands,MNP,2009,0
Northern Mariana Islands,MNP,2010,0
Northern Mariana Islands,MNP,2011,0
Northern Mariana Islands,MNP,2012,0
Northern Mariana Islands,MNP,2013,0
Northern Mariana Islands,MNP,2014,0
Northern Mariana Islands,MNP,2015,0
Northern Mariana Islands,MNP,2016,0
Northern Mariana Islands,MNP,2017,0
Northern Mariana Islands,MNP,2018,0
Northern Mariana Islands,MNP,2019,0
Northern Mariana Islands,MNP,2020,0
Northern Mariana Islands,MNP,2021,0
Northern Mariana Islands,MNP,2022,0
Northern Mariana Islands,MNP,2023,0
Northern Mariana Islands,MNP,2024,0
Norway,NOR,1900,0
Norway,NOR,1901,0
Norway,NOR,1902,0
Norway,NOR,1903,0
Norway,NOR,1904,0
Norway,NOR,1905,0
Norway,NOR,1906,0
Norway,NOR,1907,0
Norway,NOR,1908,0
Norway,NOR,1909,0
Norway,NOR,1910,0
Norway,NOR,1911,0
Norway,NOR,1912,0
Norway,NOR,1913,0
Norway,NOR,1914,0
Norway,NOR,1915,0
Norway,NOR,1916,0
Norway,NOR,1917,0
Norway,NOR,1918,0
Norway,NOR,1919,0
Norway,NOR,1920,0
Norway,NOR,1921,0
Norway,NOR,1922,0
Norway,NOR,1923,0
Norway,NOR,1924,0
Norway,NOR,1925,0
Norway,NOR,1926,0
Norway,NOR,1927,0
Norway,NOR,1928,0
Norway,NOR,1929,0
Norway,NOR,1930,0
Norway,NOR,1931,0
Norway,NOR,1932,0
Norway,NOR,1933,0
Norway,NOR,1934,0
Norway,NOR,1935,0
Norway,NOR,1936,0
Norway,NOR,1937,0
Norway,NOR,1938,0
Norway,NOR,1939,0
Norway,NOR,1940,0
Norway,NOR,1941,0
Norway,NOR,1942,0
Norway,NOR,1943,0
Norway,NOR,1944,0
Norway,NOR,1945,0
Norway,NOR,1946,0
Norway,NOR,1947,0
Norway,NOR,1948,0
Norway,NOR,1949,0
Norway,NOR,1950,0
Norway,NOR,1951,0
Norway,NOR,1952,0
Norway,NOR,1953,0
Norway,NOR,1954,0
Norway,NOR,1955,0
Norway,NOR,1956,0
Norway,NOR,1957,0
Norway,NOR,1958,0
Norway,NOR,1959,0
Norway,NOR,1960,0
Norway,NOR,1961,0
Norway,NOR,1962,0
Norway,NOR,1963,0
Norway,NOR,1964,0
Norway,NOR,1965,0
Norway,NOR,1966,0
Norway,NOR,1967,0
Norway,NOR,1968,0
Norway,NOR,1969,0
Norway,NOR,1970,0
Norway,NOR,1971,3.4050403
Norway,NOR,1972,18.77903
Norway,NOR,1973,18.160213
Norway,NOR,1974,19.862734
Norway,NOR,1975,107.25876
Norway,NOR,1976,158.76816
Norway,NOR,1977,162.87442
Norway,NOR,1978,202.03238
Norway,NOR,1979,226.7794
Norway,NOR,1980,291.3272
Norway,NOR,1981,282.51993
Norway,NOR,1982,293.44254
Norway,NOR,1983,365.15457
Norway,NOR,1984,418.15393
Norway,NOR,1985,456.02182
Norway,NOR,1986,500.486
Norway,NOR,1987,582.84064
Norway,NOR,1988,662.67206
Norway,NOR,1989,871.1927
Norway,NOR,1990,955.32367
Norway,NOR,1991,1091.3854
Norway,NOR,1992,1243.2551
Norway,NOR,1993,1327.3126
Norway,NOR,1994,1495.4198
Norway,NOR,1995,1609.5884
Norway,NOR,1996,1798.7454
Norway,NOR,1997,1816.9309
Norway,NOR,1998,1739.8503
Norway,NOR,1999,1740.7052
Norway,NOR,2000,1871.619
Norway,NOR,2001,1881.3179
Norway,NOR,2002,1830.308
Norway,NOR,2003,1783.6937
Norway,NOR,2004,1747.0848
Norway,NOR,2005,1609.9893
Norway,NOR,2006,1498.5577
Norway,NOR,2007,1377.3574
Norway,NOR,2008,1331.1066
Norway,NOR,2009,1260.3988
Norway,NOR,2010,1146.6019
Norway,NOR,2011,1085.8336
Norway,NOR,2012,1012.33575
Norway,NOR,2013,964.4767
Norway,NOR,2014,988.1589
Norway,NOR,2015,1019.2127
Norway,NOR,2016,1050.2723
Norway,NOR,2017,1033.6267
Norway,NOR,2018,968.9926
Norway,NOR,2019,914.7459
Norway,NOR,2020,1070.5459
Norway,NOR,2021,1092.2252
Norway,NOR,2022,1035.1456
Norway,NOR,2023,1100.6042
Norway,NOR,2024,1089.9911
Norway,NOR,2025,1119.02
OECD (EI),,1965,6120.3867
OECD (EI),,1966,6484.575
OECD (EI),,1967,6911.97
OECD (EI),,1968,7203.288
OECD (EI),,1969,7402.636
OECD (EI),,1970,7839.4854
OECD (EI),,1971,7875.827
OECD (EI),,1972,8050.8496
OECD (EI),,1973,8103.6235
OECD (EI),,1974,7830.504
OECD (EI),,1975,7623.9165
OECD (EI),,1976,7634.6714
OECD (EI),,1977,8116.0444
OECD (EI),,1978,8717.887
OECD (EI),,1979,9226.32
OECD (EI),,1980,9618.14
OECD (EI),,1981,9833.867
OECD (EI),,1982,10317.766
OECD (EI),,1983,10605.718
OECD (EI),,1984,11103.016
OECD (EI),,1985,11260.558
OECD (EI),,1986,11063.058
OECD (EI),,1987,11138.469
OECD (EI),,1988,11058.937
OECD (EI),,1989,10622.963
OECD (EI),,1990,10666.097
OECD (EI),,1991,10952.571
OECD (EI),,1992,11071.725
OECD (EI),,1993,11078.884
OECD (EI),,1994,11546.383
OECD (EI),,1995,11712.843
OECD (EI),,1996,12113.729
OECD (EI),,1997,12279.83
OECD (EI),,1998,12251.915
OECD (EI),,1999,12025.022
OECD (EI),,2000,12129.157
OECD (EI),,2001,11970.191
OECD (EI),,2002,12000.526
OECD (EI),,2003,11858.776
OECD (EI),,2004,11639.492
OECD (EI),,2005,11099.432
OECD (EI),,2006,10834.478
OECD (EI),,2007,10669.144
OECD (EI),,2008,10343.788
OECD (EI),,2009,10362.799
OECD (EI),,2010,10452.663
OECD (EI),,2011,10538.218
OECD (EI),,2012,11091.049
OECD (EI),,2013,11723.121
OECD (EI),,2014,12729.431
OECD (EI),,2015,13256.152
OECD (EI),,2016,12869.343
OECD (EI),,2017,13234.852
OECD (EI),,2018,14496.363
OECD (EI),,2019,15431.177
OECD (EI),,2020,14918.624
OECD (EI),,2021,15031.438
OECD (EI),,2022,15585.605
OECD (EI),,2023,16438.059
OECD (EI),,2024,16857.576
OECD (EI),,2025,17248.9
OPEC (EI),,1965,7991.1694
OPEC (EI),,1966,8787.577
OPEC (EI),,1967,9365.939
OPEC (EI),,1968,10445.966
OPEC (EI),,1969,11547.007
OPEC (EI),,1970,12961.652
OPEC (EI),,1971,14018.472
OPEC (EI),,1972,14918.8
OPEC (EI),,1973,16926.984
OPEC (EI),,1974,16829.607
OPEC (EI),,1975,14814.386
OPEC (EI),,1976,16790.668
OPEC (EI),,1977,16980.66
OPEC (EI),,1978,16157.497
OPEC (EI),,1979,16873.977
OPEC (EI),,1980,14613.83
OPEC (EI),,1981,12223.636
OPEC (EI),,1982,10412.413
OPEC (EI),,1983,9348.381
OPEC (EI),,1984,9058.696
OPEC (EI),,1985,8595.309
OPEC (EI),,1986,9962.396
OPEC (EI),,1987,9839.918
OPEC (EI),,1988,11097.144
OPEC (EI),,1989,11951.684
OPEC (EI),,1990,12828.88
OPEC (EI),,1991,12903.379
OPEC (EI),,1992,13912.154
OPEC (EI),,1993,14292.102
OPEC (EI),,1994,14532.892
OPEC (EI),,1995,14694.57
OPEC (EI),,1996,15041.463
OPEC (EI),,1997,15479.756
OPEC (EI),,1998,16445.008
OPEC (EI),,1999,15608.177
OPEC (EI),,2000,16590.705
OPEC (EI),,2001,16310.303
OPEC (EI),,2002,15118.046
OPEC (EI),,2003,16471.06
OPEC (EI),,2004,18023.373
OPEC (EI),,2005,18420.613
OPEC (EI),,2006,18584.53
OPEC (EI),,2007,18238.648
OPEC (EI),,2008,18718.178
OPEC (EI),,2009,17399.354
OPEC (EI),,2010,17668.113
OPEC (EI),,2011,18120.295
OPEC (EI),,2012,18874.791
OPEC (EI),,2013,18246.338
OPEC (EI),,2014,18215.26
OPEC (EI),,2015,19094.137
OPEC (EI),,2016,19754.035
OPEC (EI),,2017,19610.168
OPEC (EI),,2018,19584.604
OPEC (EI),,2019,18463.705
OPEC (EI),,2020,16343.318
OPEC (EI),,2021,16816.547
OPEC (EI),,2022,18153.596
OPEC (EI),,2023,17987.164
OPEC (EI),,2024,17996.334
OPEC (EI),,2025,18818.756
Oceania,OWID_OCE,1965,4.0263753
Oceania,OWID_OCE,1966,5.1767683
Oceania,OWID_OCE,1967,12.079125
Oceania,OWID_OCE,1968,22.494122
Oceania,OWID_OCE,1969,25.883842
Oceania,OWID_OCE,1970,101.23458
Oceania,OWID_OCE,1971,177.42035
Oceania,OWID_OCE,1972,189.33647
Oceania,OWID_OCE,1973,237.18723
Oceania,OWID_OCE,1974,234.67719
Oceania,OWID_OCE,1975,251.46202
Oceania,OWID_OCE,1976,257.49902
Oceania,OWID_OCE,1977,272.4299
Oceania,OWID_OCE,1978,269.70963
Oceania,OWID_OCE,1979,270.70334
Oceania,OWID_OCE,1980,253.9847
Oceania,OWID_OCE,1981,247.38208
Oceania,OWID_OCE,1982,243.93091
Oceania,OWID_OCE,1983,237.44705
Oceania,OWID_OCE,1984,307.9994
Oceania,OWID_OCE,1985,356.84106
Oceania,OWID_OCE,1986,318.80838
Oceania,OWID_OCE,1987,338.87204
Oceania,OWID_OCE,1988,321.6083
Oceania,OWID_OCE,1989,303.33276
Oceania,OWID_OCE,1990,352.09924
Oceania,OWID_OCE,1991,332.76974
Oceania,OWID_OCE,1992,327.94684
Oceania,OWID_OCE,1993,305.8865
Oceania,OWID_OCE,1994,329.3391
Oceania,OWID_OCE,1995,310.114
Oceania,OWID_OCE,1996,326.40598
Oceania,OWID_OCE,1997,346.43536
Oceania,OWID_OCE,1998,328.0255
Oceania,OWID_OCE,1999,319.49728
Oceania,OWID_OCE,2000,431.37653
Oceania,OWID_OCE,2001,399.1475
Oceania,OWID_OCE,2002,396.66782
Oceania,OWID_OCE,2003,343.3505
Oceania,OWID_OCE,2004,299.8592
Oceania,OWID_OCE,2005,294.55624
Oceania,OWID_OCE,2006,268.95715
Oceania,OWID_OCE,2007,286.4461
Oceania,OWID_OCE,2008,285.7068
Oceania,OWID_OCE,2009,280.429
Oceania,OWID_OCE,2010,286.53317
Oceania,OWID_OCE,2011,249.01212
Oceania,OWID_OCE,2012,246.37003
Oceania,OWID_OCE,2013,204.80865
Oceania,OWID_OCE,2014,216.3719
Oceania,OWID_OCE,2015,195.42085
Oceania,OWID_OCE,2016,178.5461
Oceania,OWID_OCE,2017,161.66643
Oceania,OWID_OCE,2018,170.05481
Oceania,OWID_OCE,2019,223.93333
Oceania,OWID_OCE,2020,222.27069
Oceania,OWID_OCE,2021,214.2501
Oceania,OWID_OCE,2022,198.70668
Oceania,OWID_OCE,2023,181.57283
Oceania,OWID_OCE,2024,175.79169
Oceania,OWID_OCE,2025,160.11562
Oman,OMN,1900,0
Oman,OMN,1901,0
Oman,OMN,1902,0
Oman,OMN,1903,0
Oman,OMN,1904,0
Oman,OMN,1905,0
Oman,OMN,1906,0
Oman,OMN,1907,0
Oman,OMN,1908,0
Oman,OMN,1909,0
Oman,OMN,1910,0
Oman,OMN,1911,0
Oman,OMN,1912,0
Oman,OMN,1913,0
Oman,OMN,1914,0
Oman,OMN,1915,0
Oman,OMN,1916,0
Oman,OMN,1917,0
Oman,OMN,1918,0
Oman,OMN,1919,0
Oman,OMN,1920,0
Oman,OMN,1921,0
Oman,OMN,1922,0
Oman,OMN,1923,0
Oman,OMN,1924,0
Oman,OMN,1925,0
Oman,OMN,1926,0
Oman,OMN,1927,0
Oman,OMN,1928,0
Oman,OMN,1929,0
Oman,OMN,1930,0
Oman,OMN,1931,0
Oman,OMN,1932,0
Oman,OMN,1933,0
Oman,OMN,1934,0
Oman,OMN,1935,0
Oman,OMN,1936,0
Oman,OMN,1937,0
Oman,OMN,1938,0
Oman,OMN,1939,0
Oman,OMN,1940,0
Oman,OMN,1941,0
Oman,OMN,1942,0
Oman,OMN,1943,0
Oman,OMN,1944,0
Oman,OMN,1945,0
Oman,OMN,1946,0
Oman,OMN,1947,0
Oman,OMN,1948,0
Oman,OMN,1949,0
Oman,OMN,1950,0
Oman,OMN,1951,0
Oman,OMN,1952,0
Oman,OMN,1953,0
Oman,OMN,1954,0
Oman,OMN,1955,0
Oman,OMN,1956,0
Oman,OMN,1957,0
Oman,OMN,1958,0
Oman,OMN,1959,0
Oman,OMN,1960,0
Oman,OMN,1961,0
Oman,OMN,1962,0
Oman,OMN,1963,0
Oman,OMN,1964,0
Oman,OMN,1965,0
Oman,OMN,1966,0
Oman,OMN,1967,32.830685
Oman,OMN,1968,139.19073
Oman,OMN,1969,188.34445
Oman,OMN,1970,191.22433
Oman,OMN,1971,169.33722
Oman,OMN,1972,162.8705
Oman,OMN,1973,168.76125
Oman,OMN,1974,167.03331
Oman,OMN,1975,196.40813
Oman,OMN,1976,211.96268
Oman,OMN,1977,195.83217
Oman,OMN,1978,180.85677
Oman,OMN,1979,169.9132
Oman,OMN,1980,164.18195
Oman,OMN,1981,189.65233
Oman,OMN,1982,194.26013
Oman,OMN,1983,224.78691
Oman,OMN,1984,241.3637
Oman,OMN,1985,288.3003
Oman,OMN,1986,324.01086
Oman,OMN,1987,337.41425
Oman,OMN,1988,359.7082
Oman,OMN,1989,372.86066
Oman,OMN,1990,398.20364
Oman,OMN,1991,410.7192
Oman,OMN,1992,430.74744
Oman,OMN,1993,451.09174
Oman,OMN,1994,470.4649
Oman,OMN,1995,497.84766
Oman,OMN,1996,515.9607
Oman,OMN,1997,522.30286
Oman,OMN,1998,519.99896
Oman,OMN,1999,519.83264
Oman,OMN,2000,546.8981
Oman,OMN,2001,545.39197
Oman,OMN,2002,511.8564
Oman,OMN,2003,467.8142
Oman,OMN,2004,446.93564
Oman,OMN,2005,441.93256
Oman,OMN,2006,420.76874
Oman,OMN,2007,405.1641
Oman,OMN,2008,431.13528
Oman,OMN,2009,461.24155
Oman,OMN,2010,490.8049
Oman,OMN,2011,502.56876
Oman,OMN,2012,523.3463
Oman,OMN,2013,535.9359
Oman,OMN,2014,537.5265
Oman,OMN,2015,558.5997
Oman,OMN,2016,573.547
Oman,OMN,2017,553.1735
Oman,OMN,2018,556.1946
Oman,OMN,2019,550.4265
Oman,OMN,2020,536.27155
Oman,OMN,2021,544.56946
Oman,OMN,2022,598.33356
Oman,OMN,2023,588.188
Oman,OMN,2024,557.4839
Oman,OMN,2025,559.6964
Pakistan,PAK,1900,0
Pakistan,PAK,1901,0
Pakistan,PAK,1902,0
Pakistan,PAK,1903,0
Pakistan,PAK,1904,0
Pakistan,PAK,1905,0
Pakistan,PAK,1906,0
Pakistan,PAK,1907,0
Pakistan,PAK,1908,0
Pakistan,PAK,1909,0
Pakistan,PAK,1910,0
Pakistan,PAK,1911,0
Pakistan,PAK,1912,0
Pakistan,PAK,1913,0
Pakistan,PAK,1914,0
Pakistan,PAK,1915,0
Pakistan,PAK,1916,0
Pakistan,PAK,1917,0
Pakistan,PAK,1918,0
Pakistan,PAK,1919,0
Pakistan,PAK,1920,0
Pakistan,PAK,1921,0
Pakistan,PAK,1922,0
Pakistan,PAK,1923,0
Pakistan,PAK,1924,0
Pakistan,PAK,1925,0
Pakistan,PAK,1926,0
Pakistan,PAK,1927,0
Pakistan,PAK,1928,0
Pakistan,PAK,1929,0
Pakistan,PAK,1930,0
Pakistan,PAK,1931,0
Pakistan,PAK,1932,0
Pakistan,PAK,1933,0
Pakistan,PAK,1934,0
Pakistan,PAK,1935,0
Pakistan,PAK,1936,0
Pakistan,PAK,1937,0
Pakistan,PAK,1938,0
Pakistan,PAK,1939,0
Pakistan,PAK,1940,0
Pakistan,PAK,1941,0
Pakistan,PAK,1942,0
Pakistan,PAK,1943,0
Pakistan,PAK,1944,0
Pakistan,PAK,1945,0
Pakistan,PAK,1946,0
Pakistan,PAK,1947,0.5815
Pakistan,PAK,1948,0.75595
Pakistan,PAK,1949,1.4653801
Pakistan,PAK,1950,2.03525
Pakistan,PAK,1951,2.15155
Pakistan,PAK,1952,2.52371
Pakistan,PAK,1953,2.81446
Pakistan,PAK,1954,3.09358
Pakistan,PAK,1955,3.2912898
Pakistan,PAK,1956,3.3727
Pakistan,PAK,1957,3.50063
Pakistan,PAK,1958,3.6169298
Pakistan,PAK,1959,3.70997
Pakistan,PAK,1960,4.19843
Pakistan,PAK,1961,4.50081
Pakistan,PAK,1962,5.31491
Pakistan,PAK,1963,5.54751
Pakistan,PAK,1964,6.36161
Pakistan,PAK,1965,6.22205
Pakistan,PAK,1966,6.01271
Pakistan,PAK,1967,5.8382597
Pakistan,PAK,1968,6.02434
Pakistan,PAK,1969,6.19879
Pakistan,PAK,1970,5.26839
Pakistan,PAK,1971,4.66363
Pakistan,PAK,1972,4.50081
Pakistan,PAK,1973,4.33799
Pakistan,PAK,1974,3.7564902
Pakistan,PAK,1975,3.0354302
Pakistan,PAK,1976,3.15173
Pakistan,PAK,1977,5.54751
Pakistan,PAK,1978,5.47773
Pakistan,PAK,1979,5.76848
Pakistan,PAK,1980,0
Pakistan,PAK,1981,0
Pakistan,PAK,1982,0
Pakistan,PAK,1983,0
Pakistan,PAK,1984,16.109255
Pakistan,PAK,1985,21.628645
Pakistan,PAK,1986,24.718452
Pakistan,PAK,1987,24.718452
Pakistan,PAK,1988,27.266336
Pakistan,PAK,1989,31.245214
Pakistan,PAK,1990,37.137344
Pakistan,PAK,1991,40.16468
Pakistan,PAK,1992,38.72551
Pakistan,PAK,1993,36.456703
Pakistan,PAK,1994,35.22579
Pakistan,PAK,1995,33.3718
Pakistan,PAK,1996,35.941986
Pakistan,PAK,1997,34.60779
Pakistan,PAK,1998,33.989796
Pakistan,PAK,1999,34.60779
Pakistan,PAK,2000,35.682335
Pakistan,PAK,2001,39.256363
Pakistan,PAK,2002,39.698845
Pakistan,PAK,2003,39.56848
Pakistan,PAK,2004,42.624603
Pakistan,PAK,2005,52.874046
Pakistan,PAK,2006,54.76398
Pakistan,PAK,2007,56.122845
Pakistan,PAK,2008,41.31493
Pakistan,PAK,2009,40.43077
Pakistan,PAK,2010,42.033966
Pakistan,PAK,2011,42.658463
Pakistan,PAK,2012,45.873783
Pakistan,PAK,2013,51.92841
Pakistan,PAK,2014,59.96236
Pakistan,PAK,2015,57.622437
Pakistan,PAK,2016,54.860973
Pakistan,PAK,2017,63.434315
Pakistan,PAK,2018,63.98184
Pakistan,PAK,2019,61.016636
Pakistan,PAK,2020,53.850765
Pakistan,PAK,2021,55.110485
Pakistan,PAK,2022,51.411545
Pakistan,PAK,2023,52.831078
Pakistan,PAK,2024,48.558865
Palestine,PSE,1997,0
Palestine,PSE,1998,0
Palestine,PSE,1999,0
Palestine,PSE,2000,0
Palestine,PSE,2001,0
Palestine,PSE,2002,0
Palestine,PSE,2003,0
Palestine,PSE,2004,0
Palestine,PSE,2005,0
Palestine,PSE,2006,0
Palestine,PSE,2007,0
Palestine,PSE,2008,0
Palestine,PSE,2009,0
Palestine,PSE,2010,0
Palestine,PSE,2011,0
Palestine,PSE,2012,0
Palestine,PSE,2013,0
Palestine,PSE,2014,0
Palestine,PSE,2015,0
Palestine,PSE,2016,0
Palestine,PSE,2017,0
Palestine,PSE,2018,0
Palestine,PSE,2019,0
Palestine,PSE,2020,0
Palestine,PSE,2021,0
Palestine,PSE,2022,0
Palestine,PSE,2023,0
Palestine,PSE,2024,0
Panama,PAN,1980,0
Panama,PAN,1981,0
Panama,PAN,1982,0
Panama,PAN,1983,0
Panama,PAN,1984,0
Panama,PAN,1985,0
Panama,PAN,1986,0
Panama,PAN,1987,0
Panama,PAN,1988,0
Panama,PAN,1989,0
Panama,PAN,1990,0
Panama,PAN,1991,0
Panama,PAN,1992,0
Panama,PAN,1993,0
Panama,PAN,1994,0
Panama,PAN,1995,0
Panama,PAN,1996,0
Panama,PAN,1997,0
Panama,PAN,1998,0
Panama,PAN,1999,0
Panama,PAN,2000,0
Panama,PAN,2001,0
Panama,PAN,2002,0
Panama,PAN,2003,0
Panama,PAN,2004,0
Panama,PAN,2005,0
Panama,PAN,2006,0
Panama,PAN,2007,0
Panama,PAN,2008,0
Panama,PAN,2009,0
Panama,PAN,2010,0
Panama,PAN,2011,0
Panama,PAN,2012,0
Panama,PAN,2013,0
Panama,PAN,2014,0
Panama,PAN,2015,0
Panama,PAN,2016,0
Panama,PAN,2017,0
Panama,PAN,2018,0
Panama,PAN,2019,0
Panama,PAN,2020,0
Panama,PAN,2021,0
Panama,PAN,2022,0
Panama,PAN,2023,0
Panama,PAN,2024,0
Papua New Guinea,PNG,1980,0
Papua New Guinea,PNG,1981,0
Papua New Guinea,PNG,1982,0
Papua New Guinea,PNG,1983,0
Papua New Guinea,PNG,1984,0
Papua New Guinea,PNG,1985,0
Papua New Guinea,PNG,1986,0
Papua New Guinea,PNG,1987,0
Papua New Guinea,PNG,1988,0
Papua New Guinea,PNG,1989,0
Papua New Guinea,PNG,1990,0
Papua New Guinea,PNG,1991,0.10023822
Papua New Guinea,PNG,1992,31.755796
Papua New Guinea,PNG,1993,75.71272
Papua New Guinea,PNG,1994,80.0739
Papua New Guinea,PNG,1995,62.20787
Papua New Guinea,PNG,1996,63.965366
Papua New Guinea,PNG,1997,47.98617
Papua New Guinea,PNG,1998,47.34629
Papua New Guinea,PNG,1999,53.021088
Papua New Guinea,PNG,2000,38.491478
Papua New Guinea,PNG,2001,35.987164
Papua New Guinea,PNG,2002,28.965559
Papua New Guinea,PNG,2003,29.27942
Papua New Guinea,PNG,2004,25.353697
Papua New Guinea,PNG,2005,32.20276
Papua New Guinea,PNG,2006,29.087158
Papua New Guinea,PNG,2007,23.06958
Papua New Guinea,PNG,2008,24.872225
Papua New Guinea,PNG,2009,23.720306
Papua New Guinea,PNG,2010,18.470125
Papua New Guinea,PNG,2011,17.490747
Papua New Guinea,PNG,2012,16.437424
Papua New Guinea,PNG,2013,18.254858
Papua New Guinea,PNG,2014,29.601496
Papua New Guinea,PNG,2015,34.48852
Papua New Guinea,PNG,2016,33.675114
Papua New Guinea,PNG,2017,30.24097
Papua New Guinea,PNG,2018,21.360348
Papua New Guinea,PNG,2019,21.204657
Papua New Guinea,PNG,2020,23.670773
Papua New Guinea,PNG,2021,22.176525
Papua New Guinea,PNG,2022,20.61841
Papua New Guinea,PNG,2023,19.23524
Papua New Guinea,PNG,2024,19.41348
Paraguay,PRY,1980,0
Paraguay,PRY,1981,0
Paraguay,PRY,1982,0
Paraguay,PRY,1983,0
Paraguay,PRY,1984,0
Paraguay,PRY,1985,0
Paraguay,PRY,1986,0
Paraguay,PRY,1987,0
Paraguay,PRY,1988,0
Paraguay,PRY,1989,0
Paraguay,PRY,1990,0
Paraguay,PRY,1991,0
Paraguay,PRY,1992,0
Paraguay,PRY,1993,0
Paraguay,PRY,1994,0
Paraguay,PRY,1995,0
Paraguay,PRY,1996,0
Paraguay,PRY,1997,0
Paraguay,PRY,1998,0
Paraguay,PRY,1999,0
Paraguay,PRY,2000,0
Paraguay,PRY,2001,0
Paraguay,PRY,2002,0
Paraguay,PRY,2003,0
Paraguay,PRY,2004,0
Paraguay,PRY,2005,0
Paraguay,PRY,2006,0
Paraguay,PRY,2007,0
Paraguay,PRY,2008,0
Paraguay,PRY,2009,0
Paraguay,PRY,2010,0
Paraguay,PRY,2011,0
Paraguay,PRY,2012,0
Paraguay,PRY,2013,0
Paraguay,PRY,2014,0
Paraguay,PRY,2015,0
Paraguay,PRY,2016,0
Paraguay,PRY,2017,0
Paraguay,PRY,2018,0
Paraguay,PRY,2019,0
Paraguay,PRY,2020,0
Paraguay,PRY,2021,0
Paraguay,PRY,2022,0
Paraguay,PRY,2023,0
Paraguay,PRY,2024,0
Peru,PER,1900,0.44193998
Peru,PER,1901,0.45357
Peru,PER,1902,0.37216002
Peru,PER,1903,0.43031
Peru,PER,1904,0.45357
Peru,PER,1905,0.5815
Peru,PER,1906,0.82573
Peru,PER,1907,1.163
Peru,PER,1908,1.4653801
Peru,PER,1909,2.18644
Peru,PER,1910,1.95384
Peru,PER,1911,2.26785
Peru,PER,1912,2.72142
Peru,PER,1913,3.2098799
Peru,PER,1914,2.98891
Peru,PER,1915,4.22169
Peru,PER,1916,4.2333198
Peru,PER,1917,4.03561
Peru,PER,1918,3.8960502
Peru,PER,1919,4.0588703
Peru,PER,1920,4.33799
Peru,PER,1921,5.68707
Peru,PER,1922,8.15263
Peru,PER,1923,8.74576
Peru,PER,1924,12.16498
Peru,PER,1925,14.188601
Peru,PER,1926,16.22385
Peru,PER,1927,16.11918
Peru,PER,1928,18.51496
Peru,PER,1929,20.66651
Peru,PER,1930,19.259281
Peru,PER,1931,15.584201
Peru,PER,1932,15.270189
Peru,PER,1933,20.49206
Peru,PER,1934,25.14406
Peru,PER,1935,26.20239
Peru,PER,1936,27.028118
Peru,PER,1937,26.748999
Peru,PER,1938,24.38811
Peru,PER,1939,20.86422
Peru,PER,1940,18.71267
Peru,PER,1941,18.41029
Peru,PER,1942,21.050299
Peru,PER,1943,22.65524
Peru,PER,1944,22.25982
Peru,PER,1945,21.24801
Peru,PER,1946,19.061571
Peru,PER,1947,19.75937
Peru,PER,1948,21.77136
Peru,PER,1949,22.88784
Peru,PER,1950,23.853132
Peru,PER,1951,24.87657
Peru,PER,1952,26.15587
Peru,PER,1953,24.853312
Peru,PER,1954,26.65596
Peru,PER,1955,26.78389
Peru,PER,1956,28.55165
Peru,PER,1957,29.85421
Peru,PER,1958,29.09826
Peru,PER,1959,27.446798
Peru,PER,1960,29.912361
Peru,PER,1961,30.08681
Peru,PER,1962,32.81986
Peru,PER,1963,33.343212
Peru,PER,1964,36.99503
Peru,PER,1965,39.47414
Peru,PER,1966,39.47414
Peru,PER,1967,44.33245
Peru,PER,1968,46.28077
Peru,PER,1969,44.93974
Peru,PER,1970,44.923103
Peru,PER,1971,38.37081
Peru,PER,1972,40.13162
Peru,PER,1973,43.66005
Peru,PER,1974,47.611588
Peru,PER,1975,44.170933
Peru,PER,1976,46.95398
Peru,PER,1977,55.780968
Peru,PER,1978,92.051926
Peru,PER,1979,116.81149
Peru,PER,1980,119.1476
Peru,PER,1981,117.6083
Peru,PER,1982,118.88222
Peru,PER,1983,103.91183
Peru,PER,1984,112.52271
Peru,PER,1985,114.873924
Peru,PER,1986,108.23962
Peru,PER,1987,99.80384
Peru,PER,1988,86.47234
Peru,PER,1989,79.61581
Peru,PER,1990,78.70604
Peru,PER,1991,70.13512
Peru,PER,1992,70.800804
Peru,PER,1993,77.11245
Peru,PER,1994,77.73754
Peru,PER,1995,74.36916
Peru,PER,1996,73.482025
Peru,PER,1997,72.595474
Peru,PER,1998,70.12506
Peru,PER,1999,64.13437
Peru,PER,2000,60.022717
Peru,PER,2001,58.586086
Peru,PER,2002,56.960037
Peru,PER,2003,55.029415
Peru,PER,2004,54.542706
Peru,PER,2005,61.89305
Peru,PER,2006,64.431206
Peru,PER,2007,63.79315
Peru,PER,2008,66.30551
Peru,PER,2009,80.166306
Peru,PER,2010,84.63671
Peru,PER,2011,81.03579
Peru,PER,2012,79.84143
Peru,PER,2013,85.06722
Peru,PER,2014,87.706795
Peru,PER,2015,76.006836
Peru,PER,2016,68.0217
Peru,PER,2017,66.214775
Peru,PER,2018,68.12629
Peru,PER,2019,71.00466
Peru,PER,2020,60.470203
Peru,PER,2021,59.597992
Peru,PER,2022,59.541912
Peru,PER,2023,56.526627
Peru,PER,2024,56.896248
Peru,PER,2025,58.04462
Philippines,PHL,1900,0
Philippines,PHL,1901,0
Philippines,PHL,1902,0
Philippines,PHL,1903,0
Philippines,PHL,1904,0
Philippines,PHL,1905,0
Philippines,PHL,1906,0
Philippines,PHL,1907,0
Philippines,PHL,1908,0
Philippines,PHL,1909,0
Philippines,PHL,1910,0
Philippines,PHL,1911,0
Philippines,PHL,1912,0
Philippines,PHL,1913,0
Philippines,PHL,1914,0
Philippines,PHL,1915,0
Philippines,PHL,1916,0
Philippines,PHL,1917,0
Philippines,PHL,1918,0
Philippines,PHL,1919,0
Philippines,PHL,1920,0
Philippines,PHL,1921,0
Philippines,PHL,1922,0
Philippines,PHL,1923,0
Philippines,PHL,1924,0
Philippines,PHL,1925,0
Philippines,PHL,1926,0
Philippines,PHL,1927,0
Philippines,PHL,1928,0
Philippines,PHL,1929,0
Philippines,PHL,1930,0
Philippines,PHL,1931,0
Philippines,PHL,1932,0
Philippines,PHL,1933,0
Philippines,PHL,1934,0
Philippines,PHL,1935,0
Philippines,PHL,1936,0
Philippines,PHL,1937,0
Philippines,PHL,1938,0
Philippines,PHL,1939,0
Philippines,PHL,1940,0
Philippines,PHL,1941,0
Philippines,PHL,1942,0
Philippines,PHL,1943,0
Philippines,PHL,1944,0
Philippines,PHL,1945,0
Philippines,PHL,1946,0
Philippines,PHL,1947,0
Philippines,PHL,1948,0
Philippines,PHL,1949,0
Philippines,PHL,1950,0
Philippines,PHL,1951,0
Philippines,PHL,1952,0
Philippines,PHL,1953,0
Philippines,PHL,1954,0
Philippines,PHL,1955,0
Philippines,PHL,1956,0
Philippines,PHL,1957,0
Philippines,PHL,1958,0
Philippines,PHL,1959,0
Philippines,PHL,1960,0
Philippines,PHL,1961,0
Philippines,PHL,1962,0
Philippines,PHL,1963,0
Philippines,PHL,1964,0
Philippines,PHL,1965,0
Philippines,PHL,1966,0
Philippines,PHL,1967,0
Philippines,PHL,1968,0
Philippines,PHL,1969,0
Philippines,PHL,1970,0
Philippines,PHL,1971,0
Philippines,PHL,1972,0
Philippines,PHL,1973,0
Philippines,PHL,1974,0
Philippines,PHL,1975,0
Philippines,PHL,1976,0
Philippines,PHL,1977,0
Philippines,PHL,1978,0
Philippines,PHL,1979,0
Philippines,PHL,1980,0
Philippines,PHL,1981,0
Philippines,PHL,1982,0
Philippines,PHL,1983,0
Philippines,PHL,1984,6.9606824
Philippines,PHL,1985,5.0486374
Philippines,PHL,1986,4.4184127
Philippines,PHL,1987,3.1553984
Philippines,PHL,1988,3.798201
Philippines,PHL,1989,3.1565197
Philippines,PHL,1990,3.1565197
Philippines,PHL,1991,2.0409276
Philippines,PHL,1992,5.0417833
Philippines,PHL,1993,6.3130393
Philippines,PHL,1994,3.1565197
Philippines,PHL,1995,1.8939117
Philippines,PHL,1996,0.6330335
Philippines,PHL,1997,0.50504315
Philippines,PHL,1998,0.50504315
Philippines,PHL,1999,0.4747388
Philippines,PHL,2000,0.59439427
Philippines,PHL,2001,7.2202144
Philippines,PHL,2002,8.666182
Philippines,PHL,2003,9.469559
Philippines,PHL,2004,8.862469
Philippines,PHL,2005,10.732166
Philippines,PHL,2006,10.1008625
Philippines,PHL,2007,11.363471
Philippines,PHL,2008,15.541919
Philippines,PHL,2009,22.095638
Philippines,PHL,2010,20.833029
Philippines,PHL,2011,21.464333
Philippines,PHL,2012,18.991005
Philippines,PHL,2013,22.095638
Philippines,PHL,2014,23.989548
Philippines,PHL,2015,15.229125
Philippines,PHL,2016,12.66067
Philippines,PHL,2017,1.8427762
Philippines,PHL,2018,1.2506131
Philippines,PHL,2019,0.4210797
Philippines,PHL,2020,0.4140039
Philippines,PHL,2021,0.41792318
Philippines,PHL,2022,0.34279802
Philippines,PHL,2023,0.3369364
Philippines,PHL,2024,0.32805836
Poland,POL,1900,4.03561
Poland,POL,1901,4.7101502
Poland,POL,1902,6.0592303
Poland,POL,1903,7.8269897
Poland,POL,1904,9.58312
Poland,POL,1905,9.2342205
Poland,POL,1906,8.57131
Poland,POL,1907,13.095381
Poland,POL,1908,19.980341
Poland,POL,1909,24.26018
Poland,POL,1910,20.53858
Poland,POL,1911,16.95654
Poland,POL,1912,13.304721
Poland,POL,1913,12.955819
Poland,POL,1914,10.19951
Poland,POL,1915,8.82717
Poland,POL,1916,10.420481
Poland,POL,1917,9.385409
Poland,POL,1918,8.98999
Poland,POL,1919,9.67616
Poland,POL,1920,8.89695
Poland,POL,1921,8.19915
Poland,POL,1922,8.29219
Poland,POL,1923,8.57131
Poland,POL,1924,8.96673
Poland,POL,1925,9.44356
Poland,POL,1926,9.25748
Poland,POL,1927,8.40849
Poland,POL,1928,8.641089
Poland,POL,1929,7.8502502
Poland,POL,1930,7.71069
Poland,POL,1931,7.3385296
Poland,POL,1932,6.4779096
Poland,POL,1933,6.40813
Poland,POL,1934,6.15227
Poland,POL,1935,5.98945
Poland,POL,1936,5.9429297
Poland,POL,1937,5.8266296
Poland,POL,1938,5.8964105
Poland,POL,1939,6.1057496
Poland,POL,1940,6.09412
Poland,POL,1941,2.81446
Poland,POL,1942,4.38451
Poland,POL,1943,5.48936
Poland,POL,1944,4.69852
Poland,POL,1945,1.17463
Poland,POL,1946,1.36071
Poland,POL,1947,1.4886401
Poland,POL,1948,1.6282
Poland,POL,1949,1.7677599
Poland,POL,1950,1.88406
Poland,POL,1951,2.1050298
Poland,POL,1952,2.5004501
Poland,POL,1953,2.19807
Poland,POL,1954,2.13992
Poland,POL,1955,2.0934
Poland,POL,1956,2.13992
Poland,POL,1957,2.1050298
Poland,POL,1958,2.03525
Poland,POL,1959,2.03525
Poland,POL,1960,2.25622
Poland,POL,1961,2.36089
Poland,POL,1962,2.36089
Poland,POL,1963,2.46556
Poland,POL,1964,3.27966
Poland,POL,1965,3.9425697
Poland,POL,1966,4.652
Poland,POL,1967,5.2335
Poland,POL,1968,5.52425
Poland,POL,1969,5.1055703
Poland,POL,1970,4.93112
Poland,POL,1971,4.59385
Poland,POL,1972,4.03561
Poland,POL,1973,4.55896
Poland,POL,1974,6.3965
Poland,POL,1975,6.43139
Poland,POL,1976,5.2916503
Poland,POL,1977,4.2333198
Poland,POL,1978,4.22169
Poland,POL,1979,3.84953
Poland,POL,1980,0
Poland,POL,1981,0
Poland,POL,1982,0
Poland,POL,1983,0
Poland,POL,1984,2.4969654
Poland,POL,1985,2.4911041
Poland,POL,1986,1.8683281
Poland,POL,1987,1.8697934
Poland,POL,1988,1.8727242
Poland,POL,1989,1.8676075
Poland,POL,1990,1.8676075
Poland,POL,1991,1.8676075
Poland,POL,1992,2.4969654
Poland,POL,1993,2.959177
Poland,POL,1994,3.5527027
Poland,POL,1995,3.6668842
Poland,POL,1996,3.9773607
Poland,POL,1997,3.6123126
Poland,POL,1998,3.8767383
Poland,POL,1999,4.8148913
Poland,POL,2000,8.091359
Poland,POL,2001,9.662134
Poland,POL,2002,8.401667
Poland,POL,2003,9.036198
Poland,POL,2004,10.484168
Poland,POL,2005,9.946967
Poland,POL,2006,9.288586
Poland,POL,2007,8.348805
Poland,POL,2008,8.8741045
Poland,POL,2009,7.7280707
Poland,POL,2010,8.05891
Poland,POL,2011,7.8491344
Poland,POL,2012,8.55173
Poland,POL,2013,12.014196
Poland,POL,2014,11.889623
Poland,POL,2015,11.601315
Poland,POL,2016,12.510405
Poland,POL,2017,12.734862
Poland,POL,2018,13.118151
Poland,POL,2019,12.614683
Poland,POL,2020,12.197894
Poland,POL,2021,11.579084
Poland,POL,2022,11.153555
Poland,POL,2023,10.801604
Poland,POL,2024,10.516084
Portugal,PRT,1980,0
Portugal,PRT,1981,0
Portugal,PRT,1982,0
Portugal,PRT,1983,0
Portugal,PRT,1984,0
Portugal,PRT,1985,0
Portugal,PRT,1986,0
Portugal,PRT,1987,0
Portugal,PRT,1988,0
Portugal,PRT,1989,0
Portugal,PRT,1990,0
Portugal,PRT,1991,0
Portugal,PRT,1992,0
Portugal,PRT,1993,0
Portugal,PRT,1994,0
Portugal,PRT,1995,0
Portugal,PRT,1996,0
Portugal,PRT,1997,0
Portugal,PRT,1998,0
Portugal,PRT,1999,0
Portugal,PRT,2000,0
Portugal,PRT,2001,0
Portugal,PRT,2002,0
Portugal,PRT,2003,0
Portugal,PRT,2004,0
Portugal,PRT,2005,0
Portugal,PRT,2006,0
Portugal,PRT,2007,0
Portugal,PRT,2008,0
Portugal,PRT,2009,0
Portugal,PRT,2010,0
Portugal,PRT,2011,0
Portugal,PRT,2012,0
Portugal,PRT,2013,0
Portugal,PRT,2014,0
Portugal,PRT,2015,0
Portugal,PRT,2016,0
Portugal,PRT,2017,0
Portugal,PRT,2018,0
Portugal,PRT,2019,0
Portugal,PRT,2020,0
Portugal,PRT,2021,0
Portugal,PRT,2022,0
Portugal,PRT,2023,0
Portugal,PRT,2024,0
Puerto Rico,PRI,1980,0
Puerto Rico,PRI,1981,0
Puerto Rico,PRI,1982,0
Puerto Rico,PRI,1983,0
Puerto Rico,PRI,1984,0
Puerto Rico,PRI,1985,0
Puerto Rico,PRI,1986,0
Puerto Rico,PRI,1987,0
Puerto Rico,PRI,1988,0
Puerto Rico,PRI,1989,0
Puerto Rico,PRI,1990,0
Puerto Rico,PRI,1991,0
Puerto Rico,PRI,1992,0
Puerto Rico,PRI,1993,0
Puerto Rico,PRI,1994,0
Puerto Rico,PRI,1995,0
Puerto Rico,PRI,1996,0
Puerto Rico,PRI,1997,0
Puerto Rico,PRI,1998,0
Puerto Rico,PRI,1999,0
Puerto Rico,PRI,2000,0
Puerto Rico,PRI,2001,0
Puerto Rico,PRI,2002,0
Puerto Rico,PRI,2003,0
Puerto Rico,PRI,2004,0
Puerto Rico,PRI,2005,0
Puerto Rico,PRI,2006,0
Puerto Rico,PRI,2007,0
Puerto Rico,PRI,2008,0
Puerto Rico,PRI,2009,0
Puerto Rico,PRI,2010,0
Puerto Rico,PRI,2011,0
Puerto Rico,PRI,2012,0
Puerto Rico,PRI,2013,0
Puerto Rico,PRI,2014,0
Puerto Rico,PRI,2015,0
Puerto Rico,PRI,2016,0
Puerto Rico,PRI,2017,0
Puerto Rico,PRI,2018,0
Puerto Rico,PRI,2019,0
Puerto Rico,PRI,2020,0
Puerto Rico,PRI,2021,0
Puerto Rico,PRI,2022,0
Puerto Rico,PRI,2023,0
Puerto Rico,PRI,2024,0
Qatar,QAT,1900,0
Qatar,QAT,1901,0
Qatar,QAT,1902,0
Qatar,QAT,1903,0
Qatar,QAT,1904,0
Qatar,QAT,1905,0
Qatar,QAT,1906,0
Qatar,QAT,1907,0
Qatar,QAT,1908,0
Qatar,QAT,1909,0
Qatar,QAT,1910,0
Qatar,QAT,1911,0
Qatar,QAT,1912,0
Qatar,QAT,1913,0
Qatar,QAT,1914,0
Qatar,QAT,1915,0
Qatar,QAT,1916,0
Qatar,QAT,1917,0
Qatar,QAT,1918,0
Qatar,QAT,1919,0
Qatar,QAT,1920,0
Qatar,QAT,1921,0
Qatar,QAT,1922,0
Qatar,QAT,1923,0
Qatar,QAT,1924,0
Qatar,QAT,1925,0
Qatar,QAT,1926,0
Qatar,QAT,1927,0
Qatar,QAT,1928,0
Qatar,QAT,1929,0
Qatar,QAT,1930,0
Qatar,QAT,1931,0
Qatar,QAT,1932,0
Qatar,QAT,1933,0
Qatar,QAT,1934,0
Qatar,QAT,1935,0
Qatar,QAT,1936,0
Qatar,QAT,1937,0
Qatar,QAT,1938,0
Qatar,QAT,1939,0
Qatar,QAT,1940,0
Qatar,QAT,1941,0
Qatar,QAT,1942,0
Qatar,QAT,1943,0
Qatar,QAT,1944,0
Qatar,QAT,1945,0
Qatar,QAT,1946,0
Qatar,QAT,1947,0
Qatar,QAT,1948,0
Qatar,QAT,1949,1.163
Qatar,QAT,1950,19.02668
Qatar,QAT,1951,27.563099
Qatar,QAT,1952,38.34411
Qatar,QAT,1953,47.24106
Qatar,QAT,1954,55.56814
Qatar,QAT,1955,63.243942
Qatar,QAT,1956,68.337875
Qatar,QAT,1957,77.31624
Qatar,QAT,1958,95.621864
Qatar,QAT,1959,92.95859
Qatar,QAT,1960,95.50556
Qatar,QAT,1961,97.48266
Qatar,QAT,1962,102.437035
Qatar,QAT,1963,105.77486
Qatar,QAT,1964,117.75375
Qatar,QAT,1965,134.96996
Qatar,QAT,1966,168.56763
Qatar,QAT,1967,187.68355
Qatar,QAT,1968,197.49146
Qatar,QAT,1969,206.22018
Qatar,QAT,1970,210.27509
Qatar,QAT,1971,249.08618
Qatar,QAT,1972,279.9732
Qatar,QAT,1973,330.18402
Qatar,QAT,1974,300.06198
Qatar,QAT,1975,253.14107
Qatar,QAT,1976,282.8775
Qatar,QAT,1977,251.98254
Qatar,QAT,1978,280.3668
Qatar,QAT,1979,293.11072
Qatar,QAT,1980,275.31665
Qatar,QAT,1981,240.69855
Qatar,QAT,1982,196.26921
Qatar,QAT,1983,178.5046
Qatar,QAT,1984,199.42004
Qatar,QAT,1985,178.14629
Qatar,QAT,1986,200.86798
Qatar,QAT,1987,177.60414
Qatar,QAT,1988,205.23705
Qatar,QAT,1989,228.99637
Qatar,QAT,1990,245.6507
Qatar,QAT,1991,237.2873
Qatar,QAT,1992,274.47525
Qatar,QAT,1993,253.68782
Qatar,QAT,1994,248.28114
Qatar,QAT,1995,253.89716
Qatar,QAT,1996,315.21988
Qatar,QAT,1997,386.96454
Qatar,QAT,1998,390.20615
Qatar,QAT,1999,398.6554
Qatar,QAT,2000,467.28427
Qatar,QAT,2001,465.19556
Qatar,QAT,2002,434.172
Qatar,QAT,2003,509.2333
Qatar,QAT,2004,580.2947
Qatar,QAT,2005,611.25684
Qatar,QAT,2006,659.2999
Qatar,QAT,2007,668.2696
Qatar,QAT,2008,750.18787
Qatar,QAT,2009,725.67804
Qatar,QAT,2010,824.8058
Qatar,QAT,2011,904.16223
Qatar,QAT,2012,952.5738
Qatar,QAT,2013,949.9872
Qatar,QAT,2014,928.8421
Qatar,QAT,2015,899.8932
Qatar,QAT,2016,902.2269
Qatar,QAT,2017,869.83575
Qatar,QAT,2018,873.32007
Qatar,QAT,2019,840.89795
Qatar,QAT,2020,832.9898
Qatar,QAT,2021,819.2311
Qatar,QAT,2022,837.21246
Qatar,QAT,2023,864.3372
Qatar,QAT,2024,877.6642
Qatar,QAT,2025,886.95013
Reunion,REU,1980,0
Reunion,REU,1981,0
Reunion,REU,1982,0
Reunion,REU,1983,0
Reunion,REU,1984,0
Reunion,REU,1985,0
Reunion,REU,1986,0
Reunion,REU,1987,0
Reunion,REU,1988,0
Reunion,REU,1989,0
Reunion,REU,1990,0
Reunion,REU,1991,0
Reunion,REU,1992,0
Reunion,REU,1993,0
Reunion,REU,1994,0
Reunion,REU,1995,0
Reunion,REU,1996,0
Reunion,REU,1997,0
Reunion,REU,1998,0
Reunion,REU,1999,0
Reunion,REU,2000,0
Reunion,REU,2001,0
Reunion,REU,2002,0
Reunion,REU,2003,0
Reunion,REU,2004,0
Reunion,REU,2005,0
Reunion,REU,2006,0
Reunion,REU,2007,0
Reunion,REU,2008,0
Reunion,REU,2009,0
Reunion,REU,2010,0
Reunion,REU,2011,0
Reunion,REU,2012,0
Reunion,REU,2013,0
Reunion,REU,2014,0
Reunion,REU,2015,0
Reunion,REU,2016,0
Reunion,REU,2017,0
Reunion,REU,2018,0
Reunion,REU,2019,0
Reunion,REU,2020,0
Reunion,REU,2021,0
Reunion,REU,2022,0
Reunion,REU,2023,0
Reunion,REU,2024,0
Romania,ROU,1900,2.88424
Romania,ROU,1901,3.4657402
Romania,ROU,1902,3.76812
Romania,ROU,1903,4.79156
Romania,ROU,1904,6.1755304
Romania,ROU,1905,7.9316597
Romania,ROU,1906,11.29273
Romania,ROU,1907,13.35124
Romania,ROU,1908,13.246571
Romania,ROU,1909,15.770279
Romania,ROU,1910,15.43301
Romania,ROU,1911,18.89875
Romania,ROU,1912,22.085371
Romania,ROU,1913,21.49224
Romania,ROU,1914,21.050299
Romania,ROU,1915,18.468441
Romania,ROU,1916,10.45537
Romania,ROU,1917,8.420119
Romania,ROU,1918,11.26947
Romania,ROU,1919,9.95528
Romania,ROU,1920,12.89767
Romania,ROU,1921,13.583839
Romania,ROU,1922,15.96799
Romania,ROU,1923,17.58456
Romania,ROU,1924,21.6318
Romania,ROU,1925,26.946709
Romania,ROU,1926,37.72772
Romania,ROU,1927,42.670467
Romania,ROU,1928,49.79966
Romania,ROU,1929,56.25431
Romania,ROU,1930,67.360954
Romania,ROU,1931,78.57228
Romania,ROU,1932,85.45724
Romania,ROU,1933,85.79451
Romania,ROU,1934,98.45957
Romania,ROU,1935,97.41289
Romania,ROU,1936,101.21589
Romania,ROU,1937,83.1545
Romania,ROU,1938,76.68822
Romania,ROU,1939,72.5712
Romania,ROU,1940,67.5703
Romania,ROU,1941,63.418392
Romania,ROU,1942,65.88395
Romania,ROU,1943,61.324986
Romania,ROU,1944,40.99575
Romania,ROU,1945,53.9632
Romania,ROU,1946,48.764587
Romania,ROU,1947,44.3103
Romania,ROU,1948,48.252872
Romania,ROU,1949,54.661
Romania,ROU,1950,58.69661
Romania,ROU,1951,72.23393
Romania,ROU,1952,93.063255
Romania,ROU,1953,105.344536
Romania,ROU,1954,113.287834
Romania,ROU,1955,122.754654
Romania,ROU,1956,126.9996
Romania,ROU,1957,130.0234
Romania,ROU,1958,131.83769
Romania,ROU,1959,133.02394
Romania,ROU,1960,133.745
Romania,ROU,1961,134.69865
Romania,ROU,1962,137.97832
Romania,ROU,1963,142.26979
Romania,ROU,1964,144.15385
Romania,ROU,1965,149.10823
Romania,ROU,1966,152.06224
Romania,ROU,1967,156.49329
Romania,ROU,1968,157.41205
Romania,ROU,1969,157.53998
Romania,ROU,1970,159.0635
Romania,ROU,1971,163.9016
Romania,ROU,1972,167.79764
Romania,ROU,1973,170.22832
Romania,ROU,1974,172.54268
Romania,ROU,1975,174.21739
Romania,ROU,1976,175.4967
Romania,ROU,1977,174.9152
Romania,ROU,1978,164.14583
Romania,ROU,1979,147.85219
Romania,ROU,1980,139.57164
Romania,ROU,1981,141.11842
Romania,ROU,1982,142.25816
Romania,ROU,1983,140.5253
Romania,ROU,1984,138.8971
Romania,ROU,1985,130.81424
Romania,ROU,1986,123.91765
Romania,ROU,1987,116.69543
Romania,ROU,1988,114.42757
Romania,ROU,1989,111.91549
Romania,ROU,1990,94.62167
Romania,ROU,1991,81.50304
Romania,ROU,1992,79.39801
Romania,ROU,1993,80.58427
Romania,ROU,1994,81.10762
Romania,ROU,1995,80.84013
Romania,ROU,1996,79.68877
Romania,ROU,1997,78.5025
Romania,ROU,1998,76.21139
Romania,ROU,1999,74.187775
Romania,ROU,2000,73.11781
Romania,ROU,2001,72.547935
Romania,ROU,2002,70.61736
Romania,ROU,2003,68.5007
Romania,ROU,2004,66.34915
Romania,ROU,2005,63.232307
Romania,ROU,2006,58.103477
Romania,ROU,2007,55.18435
Romania,ROU,2008,54.88197
Romania,ROU,2009,52.31174
Romania,ROU,2010,49.85781
Romania,ROU,2011,49.10186
Romania,ROU,2012,46.31066
Romania,ROU,2013,48.04353
Romania,ROU,2014,47.12476
Romania,ROU,2015,46.554886
Romania,ROU,2016,44.217262
Romania,ROU,2017,42.26342
Romania,ROU,2018,41.60051
Romania,ROU,2019,41.484207
Romania,ROU,2020,40.20491
Romania,ROU,2021,38.63486
Romania,ROU,2022,36.413532
Romania,ROU,2023,34.72718
Romania,ROU,2024,33.343212
Romania,ROU,2025,30.94743
Russia,RUS,1985,6307.019
Russia,RUS,1986,6526.547
Russia,RUS,1987,6623.0645
Russia,RUS,1988,6614.9
Russia,RUS,1989,6422.3887
Russia,RUS,1990,5999.812
Russia,RUS,1991,5372.4087
Russia,RUS,1992,4638.16
Russia,RUS,1993,4127.1963
Russia,RUS,1994,3693.4321
Russia,RUS,1995,3614.0107
Russia,RUS,1996,3522.4128
Russia,RUS,1997,3575.2947
Russia,RUS,1998,3539.474
Russia,RUS,1999,3544.452
Russia,RUS,2000,3798.9468
Russia,RUS,2001,4090.0337
Russia,RUS,2002,4462.377
Russia,RUS,2003,4951.0513
Russia,RUS,2004,5388.073
Russia,RUS,2005,5522.1504
Russia,RUS,2006,5655.1367
Russia,RUS,2007,5783.959
Russia,RUS,2008,5748.1763
Russia,RUS,2009,5830.85
Russia,RUS,2010,5958.2305
Russia,RUS,2011,6041.363
Russia,RUS,2012,6125.9355
Russia,RUS,2013,6189.7603
Russia,RUS,2014,6250.2017
Russia,RUS,2015,6333.144
Russia,RUS,2016,6495.1113
Russia,RUS,2017,6495.898
Russia,RUS,2018,6604.5015
Russia,RUS,2019,6668.512
Russia,RUS,2020,6098.4463
Russia,RUS,2021,6266.0537
Russia,RUS,2022,6379.2515
Russia,RUS,2023,6299.022
Russia,RUS,2024,6124.206
Russia,RUS,2025,6085.4487
Rwanda,RWA,1980,0
Rwanda,RWA,1981,0
Rwanda,RWA,1982,0
Rwanda,RWA,1983,0
Rwanda,RWA,1984,0
Rwanda,RWA,1985,0
Rwanda,RWA,1986,0
Rwanda,RWA,1987,0
Rwanda,RWA,1988,0
Rwanda,RWA,1989,0
Rwanda,RWA,1990,0
Rwanda,RWA,1991,0
Rwanda,RWA,1992,0
Rwanda,RWA,1993,0
Rwanda,RWA,1994,0
Rwanda,RWA,1995,0
Rwanda,RWA,1996,0
Rwanda,RWA,1997,0
Rwanda,RWA,1998,0
Rwanda,RWA,1999,0
Rwanda,RWA,2000,0
Rwanda,RWA,2001,0
Rwanda,RWA,2002,0
Rwanda,RWA,2003,0
Rwanda,RWA,2004,0
Rwanda,RWA,2005,0
Rwanda,RWA,2006,0
Rwanda,RWA,2007,0
Rwanda,RWA,2008,0
Rwanda,RWA,2009,0
Rwanda,RWA,2010,0
Rwanda,RWA,2011,0
Rwanda,RWA,2012,0
Rwanda,RWA,2013,0
Rwanda,RWA,2014,0
Rwanda,RWA,2015,0
Rwanda,RWA,2016,0
Rwanda,RWA,2017,0
Rwanda,RWA,2018,0
Rwanda,RWA,2019,0
Rwanda,RWA,2020,0
Rwanda,RWA,2021,0
Rwanda,RWA,2022,0
Rwanda,RWA,2023,0
Rwanda,RWA,2024,0
Saint Helena,SHN,1980,0
Saint Helena,SHN,1981,0
Saint Helena,SHN,1982,0
Saint Helena,SHN,1983,0
Saint Helena,SHN,1984,0
Saint Helena,SHN,1985,0
Saint Helena,SHN,1986,0
Saint Helena,SHN,1987,0
Saint Helena,SHN,1988,0
Saint Helena,SHN,1989,0
Saint Helena,SHN,1990,0
Saint Helena,SHN,1991,0
Saint Helena,SHN,1992,0
Saint Helena,SHN,1993,0
Saint Helena,SHN,1994,0
Saint Helena,SHN,1995,0
Saint Helena,SHN,1996,0
Saint Helena,SHN,1997,0
Saint Helena,SHN,1998,0
Saint Helena,SHN,1999,0
Saint Helena,SHN,2000,0
Saint Helena,SHN,2001,0
Saint Helena,SHN,2002,0
Saint Helena,SHN,2003,0
Saint Helena,SHN,2004,0
Saint Helena,SHN,2005,0
Saint Helena,SHN,2006,0
Saint Helena,SHN,2007,0
Saint Helena,SHN,2008,0
Saint Helena,SHN,2009,0
Saint Helena,SHN,2010,0
Saint Helena,SHN,2011,0
Saint Helena,SHN,2012,0
Saint Helena,SHN,2013,0
Saint Helena,SHN,2014,0
Saint Helena,SHN,2015,0
Saint Helena,SHN,2016,0
Saint Helena,SHN,2017,0
Saint Helena,SHN,2018,0
Saint Helena,SHN,2019,0
Saint Helena,SHN,2020,0
Saint Helena,SHN,2021,0
Saint Helena,SHN,2022,0
Saint Helena,SHN,2023,0
Saint Helena,SHN,2024,0
Saint Kitts and Nevis,KNA,1980,0
Saint Kitts and Nevis,KNA,1981,0
Saint Kitts and Nevis,KNA,1982,0
Saint Kitts and Nevis,KNA,1983,0
Saint Kitts and Nevis,KNA,1984,0
Saint Kitts and Nevis,KNA,1985,0
Saint Kitts and Nevis,KNA,1986,0
Saint Kitts and Nevis,KNA,1987,0
Saint Kitts and Nevis,KNA,1988,0
Saint Kitts and Nevis,KNA,1989,0
Saint Kitts and Nevis,KNA,1990,0
Saint Kitts and Nevis,KNA,1991,0
Saint Kitts and Nevis,KNA,1992,0
Saint Kitts and Nevis,KNA,1993,0
Saint Kitts and Nevis,KNA,1994,0
Saint Kitts and Nevis,KNA,1995,0
Saint Kitts and Nevis,KNA,1996,0
Saint Kitts and Nevis,KNA,1997,0
Saint Kitts and Nevis,KNA,1998,0
Saint Kitts and Nevis,KNA,1999,0
Saint Kitts and Nevis,KNA,2000,0
Saint Kitts and Nevis,KNA,2001,0
Saint Kitts and Nevis,KNA,2002,0
Saint Kitts and Nevis,KNA,2003,0
Saint Kitts and Nevis,KNA,2004,0
Saint Kitts and Nevis,KNA,2005,0
Saint Kitts and Nevis,KNA,2006,0
Saint Kitts and Nevis,KNA,2007,0
Saint Kitts and Nevis,KNA,2008,0
Saint Kitts and Nevis,KNA,2009,0
Saint Kitts and Nevis,KNA,2010,0
Saint Kitts and Nevis,KNA,2011,0
Saint Kitts and Nevis,KNA,2012,0
Saint Kitts and Nevis,KNA,2013,0
Saint Kitts and Nevis,KNA,2014,0
Saint Kitts and Nevis,KNA,2015,0
Saint Kitts and Nevis,KNA,2016,0
Saint Kitts and Nevis,KNA,2017,0
Saint Kitts and Nevis,KNA,2018,0
Saint Kitts and Nevis,KNA,2019,0
Saint Kitts and Nevis,KNA,2020,0
Saint Kitts and Nevis,KNA,2021,0
Saint Kitts and Nevis,KNA,2022,0
Saint Kitts and Nevis,KNA,2023,0
Saint Kitts and Nevis,KNA,2024,0
Saint Lucia,LCA,1980,0
Saint Lucia,LCA,1981,0
Saint Lucia,LCA,1982,0
Saint Lucia,LCA,1983,0
Saint Lucia,LCA,1984,0
Saint Lucia,LCA,1985,0
Saint Lucia,LCA,1986,0
Saint Lucia,LCA,1987,0
Saint Lucia,LCA,1988,0
Saint Lucia,LCA,1989,0
Saint Lucia,LCA,1990,0
Saint Lucia,LCA,1991,0
Saint Lucia,LCA,1992,0
Saint Lucia,LCA,1993,0
Saint Lucia,LCA,1994,0
Saint Lucia,LCA,1995,0
Saint Lucia,LCA,1996,0
Saint Lucia,LCA,1997,0
Saint Lucia,LCA,1998,0
Saint Lucia,LCA,1999,0
Saint Lucia,LCA,2000,0
Saint Lucia,LCA,2001,0
Saint Lucia,LCA,2002,0
Saint Lucia,LCA,2003,0
Saint Lucia,LCA,2004,0
Saint Lucia,LCA,2005,0
Saint Lucia,LCA,2006,0
Saint Lucia,LCA,2007,0
Saint Lucia,LCA,2008,0
Saint Lucia,LCA,2009,0
Saint Lucia,LCA,2010,0
Saint Lucia,LCA,2011,0
Saint Lucia,LCA,2012,0
Saint Lucia,LCA,2013,0
Saint Lucia,LCA,2014,0
Saint Lucia,LCA,2015,0
Saint Lucia,LCA,2016,0
Saint Lucia,LCA,2017,0
Saint Lucia,LCA,2018,0
Saint Lucia,LCA,2019,0
Saint Lucia,LCA,2020,0
Saint Lucia,LCA,2021,0
Saint Lucia,LCA,2022,0
Saint Lucia,LCA,2023,0
Saint Lucia,LCA,2024,0
Saint Pierre and Miquelon,SPM,1980,0
Saint Pierre and Miquelon,SPM,1981,0
Saint Pierre and Miquelon,SPM,1982,0
Saint Pierre and Miquelon,SPM,1983,0
Saint Pierre and Miquelon,SPM,1984,0
Saint Pierre and Miquelon,SPM,1985,0
Saint Pierre and Miquelon,SPM,1986,0
Saint Pierre and Miquelon,SPM,1987,0
Saint Pierre and Miquelon,SPM,1988,0
Saint Pierre and Miquelon,SPM,1989,0
Saint Pierre and Miquelon,SPM,1990,0
Saint Pierre and Miquelon,SPM,1991,0
Saint Pierre and Miquelon,SPM,1992,0
Saint Pierre and Miquelon,SPM,1993,0
Saint Pierre and Miquelon,SPM,1994,0
Saint Pierre and Miquelon,SPM,1995,0
Saint Pierre and Miquelon,SPM,1996,0
Saint Pierre and Miquelon,SPM,1997,0
Saint Pierre and Miquelon,SPM,1998,0
Saint Pierre and Miquelon,SPM,1999,0
Saint Pierre and Miquelon,SPM,2000,0
Saint Pierre and Miquelon,SPM,2001,0
Saint Pierre and Miquelon,SPM,2002,0
Saint Pierre and Miquelon,SPM,2003,0
Saint Pierre and Miquelon,SPM,2004,0
Saint Pierre and Miquelon,SPM,2005,0
Saint Pierre and Miquelon,SPM,2006,0
Saint Pierre and Miquelon,SPM,2007,0
Saint Pierre and Miquelon,SPM,2008,0
Saint Pierre and Miquelon,SPM,2009,0
Saint Pierre and Miquelon,SPM,2010,0
Saint Pierre and Miquelon,SPM,2011,0
Saint Pierre and Miquelon,SPM,2012,0
Saint Pierre and Miquelon,SPM,2013,0
Saint Pierre and Miquelon,SPM,2014,0
Saint Pierre and Miquelon,SPM,2015,0
Saint Pierre and Miquelon,SPM,2016,0
Saint Pierre and Miquelon,SPM,2017,0
Saint Pierre and Miquelon,SPM,2018,0
Saint Pierre and Miquelon,SPM,2019,0
Saint Pierre and Miquelon,SPM,2020,0
Saint Pierre and Miquelon,SPM,2021,0
Saint Pierre and Miquelon,SPM,2022,0
Saint Pierre and Miquelon,SPM,2023,0
Saint Pierre and Miquelon,SPM,2024,0
Saint Vincent and the Grenadines,VCT,1980,0
Saint Vincent and the Grenadines,VCT,1981,0
Saint Vincent and the Grenadines,VCT,1982,0
Saint Vincent and the Grenadines,VCT,1983,0
Saint Vincent and the Grenadines,VCT,1984,0
Saint Vincent and the Grenadines,VCT,1985,0
Saint Vincent and the Grenadines,VCT,1986,0
Saint Vincent and the Grenadines,VCT,1987,0
Saint Vincent and the Grenadines,VCT,1988,0
Saint Vincent and the Grenadines,VCT,1989,0
Saint Vincent and the Grenadines,VCT,1990,0
Saint Vincent and the Grenadines,VCT,1991,0
Saint Vincent and the Grenadines,VCT,1992,0
Saint Vincent and the Grenadines,VCT,1993,0
Saint Vincent and the Grenadines,VCT,1994,0
Saint Vincent and the Grenadines,VCT,1995,0
Saint Vincent and the Grenadines,VCT,1996,0
Saint Vincent and the Grenadines,VCT,1997,0
Saint Vincent and the Grenadines,VCT,1998,0
Saint Vincent and the Grenadines,VCT,1999,0
Saint Vincent and the Grenadines,VCT,2000,0
Saint Vincent and the Grenadines,VCT,2001,0
Saint Vincent and the Grenadines,VCT,2002,0
Saint Vincent and the Grenadines,VCT,2003,0
Saint Vincent and the Grenadines,VCT,2004,0
Saint Vincent and the Grenadines,VCT,2005,0
Saint Vincent and the Grenadines,VCT,2006,0
Saint Vincent and the Grenadines,VCT,2007,0
Saint Vincent and the Grenadines,VCT,2008,0
Saint Vincent and the Grenadines,VCT,2009,0
Saint Vincent and the Grenadines,VCT,2010,0
Saint Vincent and the Grenadines,VCT,2011,0
Saint Vincent and the Grenadines,VCT,2012,0
Saint Vincent and the Grenadines,VCT,2013,0
Saint Vincent and the Grenadines,VCT,2014,0
Saint Vincent and the Grenadines,VCT,2015,0
Saint Vincent and the Grenadines,VCT,2016,0
Saint Vincent and the Grenadines,VCT,2017,0
Saint Vincent and the Grenadines,VCT,2018,0
Saint Vincent and the Grenadines,VCT,2019,0
Saint Vincent and the Grenadines,VCT,2020,0
Saint Vincent and the Grenadines,VCT,2021,0
Saint Vincent and the Grenadines,VCT,2022,0
Saint Vincent and the Grenadines,VCT,2023,0
Saint Vincent and the Grenadines,VCT,2024,0
Samoa,WSM,1980,0
Samoa,WSM,1981,0
Samoa,WSM,1982,0
Samoa,WSM,1983,0
Samoa,WSM,1984,0
Samoa,WSM,1985,0
Samoa,WSM,1986,0
Samoa,WSM,1987,0
Samoa,WSM,1988,0
Samoa,WSM,1989,0
Samoa,WSM,1990,0
Samoa,WSM,1991,0
Samoa,WSM,1992,0
Samoa,WSM,1993,0
Samoa,WSM,1994,0
Samoa,WSM,1995,0
Samoa,WSM,1996,0
Samoa,WSM,1997,0
Samoa,WSM,1998,0
Samoa,WSM,1999,0
Samoa,WSM,2000,0
Samoa,WSM,2001,0
Samoa,WSM,2002,0
Samoa,WSM,2003,0
Samoa,WSM,2004,0
Samoa,WSM,2005,0
Samoa,WSM,2006,0
Samoa,WSM,2007,0
Samoa,WSM,2008,0
Samoa,WSM,2009,0
Samoa,WSM,2010,0
Samoa,WSM,2011,0
Samoa,WSM,2012,0
Samoa,WSM,2013,0
Samoa,WSM,2014,0
Samoa,WSM,2015,0
Samoa,WSM,2016,0
Samoa,WSM,2017,0
Samoa,WSM,2018,0
Samoa,WSM,2019,0
Samoa,WSM,2020,0
Samoa,WSM,2021,0
Samoa,WSM,2022,0
Samoa,WSM,2023,0
Samoa,WSM,2024,0
Sao Tome and Principe,STP,1980,0
Sao Tome and Principe,STP,1981,0
Sao Tome and Principe,STP,1982,0
Sao Tome and Principe,STP,1983,0
Sao Tome and Principe,STP,1984,0
Sao Tome and Principe,STP,1985,0
Sao Tome and Principe,STP,1986,0
Sao Tome and Principe,STP,1987,0
Sao Tome and Principe,STP,1988,0
Sao Tome and Principe,STP,1989,0
Sao Tome and Principe,STP,1990,0
Sao Tome and Principe,STP,1991,0
Sao Tome and Principe,STP,1992,0
Sao Tome and Principe,STP,1993,0
Sao Tome and Principe,STP,1994,0
Sao Tome and Principe,STP,1995,0
Sao Tome and Principe,STP,1996,0
Sao Tome and Principe,STP,1997,0
Sao Tome and Principe,STP,1998,0
Sao Tome and Principe,STP,1999,0
Sao Tome and Principe,STP,2000,0
Sao Tome and Principe,STP,2001,0
Sao Tome and Principe,STP,2002,0
Sao Tome and Principe,STP,2003,0
Sao Tome and Principe,STP,2004,0
Sao Tome and Principe,STP,2005,0
Sao Tome and Principe,STP,2006,0
Sao Tome and Principe,STP,2007,0
Sao Tome and Principe,STP,2008,0
Sao Tome and Principe,STP,2009,0
Sao Tome and Principe,STP,2010,0
Sao Tome and Principe,STP,2011,0
Sao Tome and Principe,STP,2012,0
Sao Tome and Principe,STP,2013,0
Sao Tome and Principe,STP,2014,0
Sao Tome and Principe,STP,2015,0
Sao Tome and Principe,STP,2016,0
Sao Tome and Principe,STP,2017,0
Sao Tome and Principe,STP,2018,0
Sao Tome and Principe,STP,2019,0
Sao Tome and Principe,STP,2020,0
Sao Tome and Principe,STP,2021,0
Sao Tome and Principe,STP,2022,0
Sao Tome and Principe,STP,2023,0
Sao Tome and Principe,STP,2024,0
Saudi Arabia,SAU,1900,0
Saudi Arabia,SAU,1901,0
Saudi Arabia,SAU,1902,0
Saudi Arabia,SAU,1903,0
Saudi Arabia,SAU,1904,0
Saudi Arabia,SAU,1905,0
Saudi Arabia,SAU,1906,0
Saudi Arabia,SAU,1907,0
Saudi Arabia,SAU,1908,0
Saudi Arabia,SAU,1909,0
Saudi Arabia,SAU,1910,0
Saudi Arabia,SAU,1911,0
Saudi Arabia,SAU,1912,0
Saudi Arabia,SAU,1913,0
Saudi Arabia,SAU,1914,0
Saudi Arabia,SAU,1915,0
Saudi Arabia,SAU,1916,0
Saudi Arabia,SAU,1917,0
Saudi Arabia,SAU,1918,0
Saudi Arabia,SAU,1919,0
Saudi Arabia,SAU,1920,0
Saudi Arabia,SAU,1921,0
Saudi Arabia,SAU,1922,0
Saudi Arabia,SAU,1923,0
Saudi Arabia,SAU,1924,0
Saudi Arabia,SAU,1925,0
Saudi Arabia,SAU,1926,0
Saudi Arabia,SAU,1927,0
Saudi Arabia,SAU,1928,0
Saudi Arabia,SAU,1929,0
Saudi Arabia,SAU,1930,0
Saudi Arabia,SAU,1931,0
Saudi Arabia,SAU,1932,0
Saudi Arabia,SAU,1933,0
Saudi Arabia,SAU,1934,0
Saudi Arabia,SAU,1935,0
Saudi Arabia,SAU,1936,0.023260001
Saudi Arabia,SAU,1937,0.093040004
Saudi Arabia,SAU,1938,0.77921003
Saudi Arabia,SAU,1939,6.2685695
Saudi Arabia,SAU,1940,8.141
Saudi Arabia,SAU,1941,6.8616996
Saudi Arabia,SAU,1942,7.2106
Saudi Arabia,SAU,1943,7.5594997
Saudi Arabia,SAU,1944,12.36269
Saudi Arabia,SAU,1945,33.40136
Saudi Arabia,SAU,1946,95.366
Saudi Arabia,SAU,1947,143.049
Saudi Arabia,SAU,1948,221.87714
Saudi Arabia,SAU,1949,270.26956
Saudi Arabia,SAU,1950,309.9279
Saudi Arabia,SAU,1951,431.72888
Saudi Arabia,SAU,1952,468.84018
Saudi Arabia,SAU,1953,478.83038
Saudi Arabia,SAU,1954,545.226
Saudi Arabia,SAU,1955,554.33234
Saudi Arabia,SAU,1956,570.3003
Saudi Arabia,SAU,1957,581.7791
Saudi Arabia,SAU,1958,599.9452
Saudi Arabia,SAU,1959,656.30414
Saudi Arabia,SAU,1960,750.4141
Saudi Arabia,SAU,1961,854.07227
Saudi Arabia,SAU,1962,948.2521
Saudi Arabia,SAU,1963,1031.9182
Saudi Arabia,SAU,1964,1099.8026
Saudi Arabia,SAU,1965,1291.2112
Saudi Arabia,SAU,1966,1523.1675
Saudi Arabia,SAU,1967,1643.169
Saudi Arabia,SAU,1968,1793.6106
Saudi Arabia,SAU,1969,1892.793
Saudi Arabia,SAU,1970,2234.9546
Saudi Arabia,SAU,1971,2800.4424
Saudi Arabia,SAU,1972,3538.2239
Saudi Arabia,SAU,1973,4466.09
Saudi Arabia,SAU,1974,4996.796
Saudi Arabia,SAU,1975,4179.089
Saudi Arabia,SAU,1976,5085.341
Saudi Arabia,SAU,1977,5447.446
Saudi Arabia,SAU,1978,4936.231
Saudi Arabia,SAU,1979,5675.5664
Saudi Arabia,SAU,1980,5929.0127
Saudi Arabia,SAU,1981,5888.819
Saudi Arabia,SAU,1982,3956.3425
Saudi Arabia,SAU,1983,2794.4504
Saudi Arabia,SAU,1984,2547.3987
Saudi Arabia,SAU,1985,2001.202
Saudi Arabia,SAU,1986,2937.7393
Saudi Arabia,SAU,1987,2484.2625
Saudi Arabia,SAU,1988,3178.5789
Saudi Arabia,SAU,1989,3153.7424
Saudi Arabia,SAU,1990,3984.946
Saudi Arabia,SAU,1991,4981.6616
Saudi Arabia,SAU,1992,5141.365
Saudi Arabia,SAU,1993,4992.883
Saudi Arabia,SAU,1994,5026.3213
Saudi Arabia,SAU,1995,5015.5874
Saudi Arabia,SAU,1996,5087.378
Saudi Arabia,SAU,1997,5024.416
Saudi Arabia,SAU,1998,5178.7773
Saudi Arabia,SAU,1999,4751.1567
Saudi Arabia,SAU,2000,5099.946
Saudi Arabia,SAU,2001,4974.1143
Saudi Arabia,SAU,2002,4536.3174
Saudi Arabia,SAU,2003,5355.6123
Saudi Arabia,SAU,2004,5731.1167
Saudi Arabia,SAU,2005,6008.3857
Saudi Arabia,SAU,2006,5918.9785
Saudi Arabia,SAU,2007,5686.37
Saudi Arabia,SAU,2008,5930.9995
Saudi Arabia,SAU,2009,5338.2544
Saudi Arabia,SAU,2010,5388.1865
Saudi Arabia,SAU,2011,6079.007
Saudi Arabia,SAU,2012,6387.4927
Saudi Arabia,SAU,2013,6261.744
Saudi Arabia,SAU,2014,6324.668
Saudi Arabia,SAU,2015,6606.2373
Saudi Arabia,SAU,2016,6823.463
Saudi Arabia,SAU,2017,6504.885
Saudi Arabia,SAU,2018,6708.389
Saudi Arabia,SAU,2019,6472.84
Saudi Arabia,SAU,2020,6042.749
Saudi Arabia,SAU,2021,5989.718
Saudi Arabia,SAU,2022,6665.569
Saudi Arabia,SAU,2023,6151.1606
Saudi Arabia,SAU,2024,5933.1997
Saudi Arabia,SAU,2025,6231.614
Senegal,SEN,1980,0
Senegal,SEN,1981,0
Senegal,SEN,1982,0
Senegal,SEN,1983,0
Senegal,SEN,1984,0
Senegal,SEN,1985,0
Senegal,SEN,1986,0
Senegal,SEN,1987,0
Senegal,SEN,1988,0
Senegal,SEN,1989,0
Senegal,SEN,1990,0
Senegal,SEN,1991,0
Senegal,SEN,1992,0
Senegal,SEN,1993,0
Senegal,SEN,1994,0
Senegal,SEN,1995,0
Senegal,SEN,1996,0
Senegal,SEN,1997,0
Senegal,SEN,1998,0
Senegal,SEN,1999,0
Senegal,SEN,2000,0
Senegal,SEN,2001,0
Senegal,SEN,2002,0
Senegal,SEN,2003,0
Senegal,SEN,2004,0
Senegal,SEN,2005,0
Senegal,SEN,2006,0
Senegal,SEN,2007,0
Senegal,SEN,2008,0
Senegal,SEN,2009,0
Senegal,SEN,2010,0
Senegal,SEN,2011,0
Senegal,SEN,2012,0
Senegal,SEN,2013,0
Senegal,SEN,2014,0
Senegal,SEN,2015,0
Senegal,SEN,2016,0
Senegal,SEN,2017,0
Senegal,SEN,2018,0
Senegal,SEN,2019,0
Senegal,SEN,2020,0
Senegal,SEN,2021,0
Senegal,SEN,2022,0
Senegal,SEN,2023,0
Senegal,SEN,2024,0
Serbia,SRB,2006,9.493175
Serbia,SRB,2007,9.493175
Serbia,SRB,2008,9.519183
Serbia,SRB,2009,10.116061
Serbia,SRB,2010,12.607607
Serbia,SRB,2011,11.258404
Serbia,SRB,2012,10.300172
Serbia,SRB,2013,11.205501
Serbia,SRB,2014,10.953602
Serbia,SRB,2015,13.127732
Serbia,SRB,2016,12.958353
Serbia,SRB,2017,11.211957
Serbia,SRB,2018,10.58907
Serbia,SRB,2019,10.58907
Serbia,SRB,2020,10.182276
Serbia,SRB,2021,9.467367
Serbia,SRB,2022,8.826148
Serbia,SRB,2023,8.228322
Serbia,SRB,2024,7.6926007
Serbia and Montenegro,OWID_SRM,1992,14.365641
Serbia and Montenegro,OWID_SRM,1993,14.32639
Serbia and Montenegro,OWID_SRM,1994,13.429434
Serbia and Montenegro,OWID_SRM,1995,13.279941
Serbia and Montenegro,OWID_SRM,1996,12.83164
Serbia and Montenegro,OWID_SRM,1997,12.196118
Serbia and Montenegro,OWID_SRM,1998,11.373908
Serbia and Montenegro,OWID_SRM,1999,10.58907
Serbia and Montenegro,OWID_SRM,2000,12.491861
Serbia and Montenegro,OWID_SRM,2001,11.211957
Serbia and Montenegro,OWID_SRM,2002,9.966185
Serbia and Montenegro,OWID_SRM,2003,0
Serbia and Montenegro,OWID_SRM,2004,9.052692
Serbia and Montenegro,OWID_SRM,2005,8.505757
Seychelles,SYC,1980,0
Seychelles,SYC,1981,0
Seychelles,SYC,1982,0
Seychelles,SYC,1983,0
Seychelles,SYC,1984,0
Seychelles,SYC,1985,0
Seychelles,SYC,1986,0
Seychelles,SYC,1987,0
Seychelles,SYC,1988,0
Seychelles,SYC,1989,0
Seychelles,SYC,1990,0
Seychelles,SYC,1991,0
Seychelles,SYC,1992,0
Seychelles,SYC,1993,0
Seychelles,SYC,1994,0
Seychelles,SYC,1995,0
Seychelles,SYC,1996,0
Seychelles,SYC,1997,0
Seychelles,SYC,1998,0
Seychelles,SYC,1999,0
Seychelles,SYC,2000,0
Seychelles,SYC,2001,0
Seychelles,SYC,2002,0
Seychelles,SYC,2003,0
Seychelles,SYC,2004,0
Seychelles,SYC,2005,0
Seychelles,SYC,2006,0
Seychelles,SYC,2007,0
Seychelles,SYC,2008,0
Seychelles,SYC,2009,0
Seychelles,SYC,2010,0
Seychelles,SYC,2011,0
Seychelles,SYC,2012,0
Seychelles,SYC,2013,0
Seychelles,SYC,2014,0
Seychelles,SYC,2015,0
Seychelles,SYC,2016,0
Seychelles,SYC,2017,0
Seychelles,SYC,2018,0
Seychelles,SYC,2019,0
Seychelles,SYC,2020,0
Seychelles,SYC,2021,0
Seychelles,SYC,2022,0
Seychelles,SYC,2023,0
Seychelles,SYC,2024,0
Sierra Leone,SLE,1980,0
Sierra Leone,SLE,1981,0
Sierra Leone,SLE,1982,0
Sierra Leone,SLE,1983,0
Sierra Leone,SLE,1984,0
Sierra Leone,SLE,1985,0
Sierra Leone,SLE,1986,0
Sierra Leone,SLE,1987,0
Sierra Leone,SLE,1988,0
Sierra Leone,SLE,1989,0
Sierra Leone,SLE,1990,0
Sierra Leone,SLE,1991,0
Sierra Leone,SLE,1992,0
Sierra Leone,SLE,1993,0
Sierra Leone,SLE,1994,0
Sierra Leone,SLE,1995,0
Sierra Leone,SLE,1996,0
Sierra Leone,SLE,1997,0
Sierra Leone,SLE,1998,0
Sierra Leone,SLE,1999,0
Sierra Leone,SLE,2000,0
Sierra Leone,SLE,2001,0
Sierra Leone,SLE,2002,0
Sierra Leone,SLE,2003,0
Sierra Leone,SLE,2004,0
Sierra Leone,SLE,2005,0
Sierra Leone,SLE,2006,0
Sierra Leone,SLE,2007,0
Sierra Leone,SLE,2008,0
Sierra Leone,SLE,2009,0
Sierra Leone,SLE,2010,0
Sierra Leone,SLE,2011,0
Sierra Leone,SLE,2012,0
Sierra Leone,SLE,2013,0
Sierra Leone,SLE,2014,0
Sierra Leone,SLE,2015,0
Sierra Leone,SLE,2016,0
Sierra Leone,SLE,2017,0
Sierra Leone,SLE,2018,0
Sierra Leone,SLE,2019,0
Sierra Leone,SLE,2020,0
Sierra Leone,SLE,2021,0
Sierra Leone,SLE,2022,0
Sierra Leone,SLE,2023,0
Sierra Leone,SLE,2024,0
Singapore,SGP,1980,0
Singapore,SGP,1981,0
Singapore,SGP,1982,0
Singapore,SGP,1983,0
Singapore,SGP,1984,0
Singapore,SGP,1985,0
Singapore,SGP,1986,0
Singapore,SGP,1987,0
Singapore,SGP,1988,0
Singapore,SGP,1989,0
Singapore,SGP,1990,0
Singapore,SGP,1991,0
Singapore,SGP,1992,0
Singapore,SGP,1993,0
Singapore,SGP,1994,0
Singapore,SGP,1995,0
Singapore,SGP,1996,0
Singapore,SGP,1997,0
Singapore,SGP,1998,0
Singapore,SGP,1999,0
Singapore,SGP,2000,0
Singapore,SGP,2001,0
Singapore,SGP,2002,0
Singapore,SGP,2003,0
Singapore,SGP,2004,0
Singapore,SGP,2005,0
Singapore,SGP,2006,0
Singapore,SGP,2007,0
Singapore,SGP,2008,0
Singapore,SGP,2009,0
Singapore,SGP,2010,0
Singapore,SGP,2011,0
Singapore,SGP,2012,0
Singapore,SGP,2013,0
Singapore,SGP,2014,0
Singapore,SGP,2015,0
Singapore,SGP,2016,0
Singapore,SGP,2017,0
Singapore,SGP,2018,0
Singapore,SGP,2019,0
Singapore,SGP,2020,0
Singapore,SGP,2021,0
Singapore,SGP,2022,0
Singapore,SGP,2023,0
Singapore,SGP,2024,0
Slovakia,SVK,1993,0.6644279
Slovakia,SVK,1994,0.89744365
Slovakia,SVK,1995,0.999345
Slovakia,SVK,1996,0.9612087
Slovakia,SVK,1997,0.8574414
Slovakia,SVK,1998,0.7792665
Slovakia,SVK,1999,0.8829173
Slovakia,SVK,2000,0.7792629
Slovakia,SVK,2001,0.61005765
Slovakia,SVK,2002,0.595524
Slovakia,SVK,2003,0.55726385
Slovakia,SVK,2004,0.50617933
Slovakia,SVK,2005,0.40416145
Slovakia,SVK,2006,0.36593047
Slovakia,SVK,2007,0.3113418
Slovakia,SVK,2008,0.27982426
Slovakia,SVK,2009,0.13288558
Slovakia,SVK,2010,0.13288558
Slovakia,SVK,2011,0.13288558
Slovakia,SVK,2012,0.13324966
Slovakia,SVK,2013,0.13288558
Slovakia,SVK,2014,0.13288558
Slovakia,SVK,2015,0.13288558
Slovakia,SVK,2016,0.13324966
Slovakia,SVK,2017,0.14343996
Slovakia,SVK,2018,0.14050555
Slovakia,SVK,2019,0.13836847
Slovakia,SVK,2020,0.05337449
Slovakia,SVK,2021,0.060743272
Slovakia,SVK,2022,0.028635932
Slovakia,SVK,2023,0.018882494
Slovakia,SVK,2024,0.016372232
Slovenia,SVN,1992,0
Slovenia,SVN,1993,0
Slovenia,SVN,1994,0
Slovenia,SVN,1995,0
Slovenia,SVN,1996,0
Slovenia,SVN,1997,0
Slovenia,SVN,1998,0
Slovenia,SVN,1999,0
Slovenia,SVN,2000,0
Slovenia,SVN,2001,0
Slovenia,SVN,2002,0
Slovenia,SVN,2003,0
Slovenia,SVN,2004,0.0037475585
Slovenia,SVN,2005,0.0031144326
Slovenia,SVN,2006,0.0031144326
Slovenia,SVN,2007,0.0031144326
Slovenia,SVN,2008,0.0031229653
Slovenia,SVN,2009,0.0031144326
Slovenia,SVN,2010,0.0031144326
Slovenia,SVN,2011,0.0031144326
Slovenia,SVN,2012,0.0031229653
Slovenia,SVN,2013,0.0031144326
Slovenia,SVN,2014,0.0031144326
Slovenia,SVN,2015,0.0031144326
Slovenia,SVN,2016,0.0031229653
Slovenia,SVN,2017,0
Slovenia,SVN,2018,0
Slovenia,SVN,2019,0
Slovenia,SVN,2020,0
Slovenia,SVN,2021,0.002576873
Slovenia,SVN,2022,0
Slovenia,SVN,2023,0
Slovenia,SVN,2024,0
Solomon Islands,SLB,1980,0
Solomon Islands,SLB,1981,0
Solomon Islands,SLB,1982,0
Solomon Islands,SLB,1983,0
Solomon Islands,SLB,1984,0
Solomon Islands,SLB,1985,0
Solomon Islands,SLB,1986,0
Solomon Islands,SLB,1987,0
Solomon Islands,SLB,1988,0
Solomon Islands,SLB,1989,0
Solomon Islands,SLB,1990,0
Solomon Islands,SLB,1991,0
Solomon Islands,SLB,1992,0
Solomon Islands,SLB,1993,0
Solomon Islands,SLB,1994,0
Solomon Islands,SLB,1995,0
Solomon Islands,SLB,1996,0
Solomon Islands,SLB,1997,0
Solomon Islands,SLB,1998,0
Solomon Islands,SLB,1999,0
Solomon Islands,SLB,2000,0
Solomon Islands,SLB,2001,0
Solomon Islands,SLB,2002,0
Solomon Islands,SLB,2003,0
Solomon Islands,SLB,2004,0
Solomon Islands,SLB,2005,0
Solomon Islands,SLB,2006,0
Solomon Islands,SLB,2007,0
Solomon Islands,SLB,2008,0
Solomon Islands,SLB,2009,0
Solomon Islands,SLB,2010,0
Solomon Islands,SLB,2011,0
Solomon Islands,SLB,2012,0
Solomon Islands,SLB,2013,0
Solomon Islands,SLB,2014,0
Solomon Islands,SLB,2015,0
Solomon Islands,SLB,2016,0
Solomon Islands,SLB,2017,0
Solomon Islands,SLB,2018,0
Solomon Islands,SLB,2019,0
Solomon Islands,SLB,2020,0
Solomon Islands,SLB,2021,0
Solomon Islands,SLB,2022,0
Solomon Islands,SLB,2023,0
Solomon Islands,SLB,2024,0
Somalia,SOM,1980,0
Somalia,SOM,1981,0
Somalia,SOM,1982,0
Somalia,SOM,1983,0
Somalia,SOM,1984,0
Somalia,SOM,1985,0
Somalia,SOM,1986,0
Somalia,SOM,1987,0
Somalia,SOM,1988,0
Somalia,SOM,1989,0
Somalia,SOM,1990,0
Somalia,SOM,1991,0
Somalia,SOM,1992,0
Somalia,SOM,1993,0
Somalia,SOM,1994,0
Somalia,SOM,1995,0
Somalia,SOM,1996,0
Somalia,SOM,1997,0
Somalia,SOM,1998,0
Somalia,SOM,1999,0
Somalia,SOM,2000,0
Somalia,SOM,2001,0
Somalia,SOM,2002,0
Somalia,SOM,2003,0
Somalia,SOM,2004,0
Somalia,SOM,2005,0
Somalia,SOM,2006,0
Somalia,SOM,2007,0
Somalia,SOM,2008,0
Somalia,SOM,2009,0
Somalia,SOM,2010,0
Somalia,SOM,2011,0
Somalia,SOM,2012,0
Somalia,SOM,2013,0
Somalia,SOM,2014,0
Somalia,SOM,2015,0
Somalia,SOM,2016,0
Somalia,SOM,2017,0
Somalia,SOM,2018,0
Somalia,SOM,2019,0
Somalia,SOM,2020,0
Somalia,SOM,2021,0
Somalia,SOM,2022,0
Somalia,SOM,2023,0
Somalia,SOM,2024,0
South Africa,ZAF,1980,0
South Africa,ZAF,1981,0
South Africa,ZAF,1982,0
South Africa,ZAF,1983,0
South Africa,ZAF,1984,0
South Africa,ZAF,1985,0
South Africa,ZAF,1986,0
South Africa,ZAF,1987,0
South Africa,ZAF,1988,0
South Africa,ZAF,1989,0
South Africa,ZAF,1990,0
South Africa,ZAF,1991,0
South Africa,ZAF,1992,0
South Africa,ZAF,1993,0
South Africa,ZAF,1994,3.9943771
South Africa,ZAF,1995,3.9943771
South Africa,ZAF,1996,4.0053205
South Africa,ZAF,1997,3.9943771
South Africa,ZAF,1998,14.440128
South Africa,ZAF,1999,10.74277
South Africa,ZAF,2000,12.700703
South Africa,ZAF,2001,9.748155
South Africa,ZAF,2002,13.292668
South Africa,ZAF,2003,8.819194
South Africa,ZAF,2004,23.32986
South Africa,ZAF,2005,10.862175
South Africa,ZAF,2006,11.082788
South Africa,ZAF,2007,11.094279
South Africa,ZAF,2008,11.383818
South Africa,ZAF,2009,4.907078
South Africa,ZAF,2010,4.6003656
South Africa,ZAF,2011,4.907078
South Africa,ZAF,2012,4.867469
South Africa,ZAF,2013,4.653419
South Africa,ZAF,2014,4.3019433
South Africa,ZAF,2015,4.3019433
South Africa,ZAF,2016,2.7095962
South Africa,ZAF,2017,2.3285944
South Africa,ZAF,2018,2.065245
South Africa,ZAF,2019,1.8420829
South Africa,ZAF,2020,1.6568421
South Africa,ZAF,2021,1.4894682
South Africa,ZAF,2022,1.3499398
South Africa,ZAF,2023,1.2292271
South Africa,ZAF,2024,1.12764
South America,OWID_SAM,1965,2553.3594
South America,OWID_SAM,1966,2515.096
South America,OWID_SAM,1967,2667.0103
South America,OWID_SAM,1968,2732.7664
South America,OWID_SAM,1969,2758.235
South America,OWID_SAM,1970,2845.4517
South America,OWID_SAM,1971,2783.863
South America,OWID_SAM,1972,2641.843
South America,OWID_SAM,1973,2802.2776
South America,OWID_SAM,1974,2531.0417
South America,OWID_SAM,1975,2102.856
South America,OWID_SAM,1976,2088.4177
South America,OWID_SAM,1977,2059.964
South America,OWID_SAM,1978,2062.4429
South America,OWID_SAM,1979,2226.5356
South America,OWID_SAM,1980,2136.1929
South America,OWID_SAM,1981,2129.2402
South America,OWID_SAM,1982,2036.8329
South America,OWID_SAM,1983,2025.0566
South America,OWID_SAM,1984,2135.776
South America,OWID_SAM,1985,2126.575
South America,OWID_SAM,1986,2290.409
South America,OWID_SAM,1987,2265.7083
South America,OWID_SAM,1988,2391.0156
South America,OWID_SAM,1989,2419.7979
South America,OWID_SAM,1990,2623.5894
South America,OWID_SAM,1991,2771.913
South America,OWID_SAM,1992,2837.545
South America,OWID_SAM,1993,2952.8865
South America,OWID_SAM,1994,3130.1565
South America,OWID_SAM,1995,3387.4304
South America,OWID_SAM,1996,3625.7402
South America,OWID_SAM,1997,3783.9172
South America,OWID_SAM,1998,4004.8755
South America,OWID_SAM,1999,3866.6208
South America,OWID_SAM,2000,3888.4539
South America,OWID_SAM,2001,3940.319
South America,OWID_SAM,2002,3880.9075
South America,OWID_SAM,2003,3843.0835
South America,OWID_SAM,2004,4139.839
South America,OWID_SAM,2005,4217.2666
South America,OWID_SAM,2006,4300.9463
South America,OWID_SAM,2007,4229.784
South America,OWID_SAM,2008,4302.73
South America,OWID_SAM,2009,4272.1304
South America,OWID_SAM,2010,4289.6763
South America,OWID_SAM,2011,4327.5083
South America,OWID_SAM,2012,4303.663
South America,OWID_SAM,2013,4313.2104
South America,OWID_SAM,2014,4470.6104
South America,OWID_SAM,2015,4679.2485
South America,OWID_SAM,2016,4461.712
South America,OWID_SAM,2017,4259.3306
South America,OWID_SAM,2018,3895.964
South America,OWID_SAM,2019,3741.8594
South America,OWID_SAM,2020,3552.9363
South America,OWID_SAM,2021,3553.8796
South America,OWID_SAM,2022,3907.5688
South America,OWID_SAM,2023,4336.8667
South America,OWID_SAM,2024,4598.5747
South America,OWID_SAM,2025,5065.916
South Korea,KOR,1980,0
South Korea,KOR,1981,0
South Korea,KOR,1982,0
South Korea,KOR,1983,0
South Korea,KOR,1984,0
South Korea,KOR,1985,0
South Korea,KOR,1986,0
South Korea,KOR,1987,0
South Korea,KOR,1988,0
South Korea,KOR,1989,0
South Korea,KOR,1990,0
South Korea,KOR,1991,0
South Korea,KOR,1992,0
South Korea,KOR,1993,0
South Korea,KOR,1994,0
South Korea,KOR,1995,0
South Korea,KOR,1996,0
South Korea,KOR,1997,0
South Korea,KOR,1998,0
South Korea,KOR,1999,0
South Korea,KOR,2000,0
South Korea,KOR,2001,0
South Korea,KOR,2002,0
South Korea,KOR,2003,0
South Korea,KOR,2004,0
South Korea,KOR,2005,0
South Korea,KOR,2006,0
South Korea,KOR,2007,0
South Korea,KOR,2008,0
South Korea,KOR,2009,0
South Korea,KOR,2010,0
South Korea,KOR,2011,0
South Korea,KOR,2012,0
South Korea,KOR,2013,0
South Korea,KOR,2014,0
South Korea,KOR,2015,0
South Korea,KOR,2016,0
South Korea,KOR,2017,0
South Korea,KOR,2018,0
South Korea,KOR,2019,0
South Korea,KOR,2020,0
South Korea,KOR,2021,0
South Korea,KOR,2022,0
South Korea,KOR,2023,0
South Korea,KOR,2024,0
South Sudan,SSD,2012,17.831106
South Sudan,SSD,2013,57.131416
South Sudan,SSD,2014,88.99592
South Sudan,SSD,2015,84.63416
South Sudan,SSD,2016,78.520805
South Sudan,SSD,2017,84.326416
South Sudan,SSD,2018,82.66252
South Sudan,SSD,2019,98.25598
South Sudan,SSD,2020,94.508026
South Sudan,SSD,2021,87.407585
South Sudan,SSD,2022,80.80363
South Sudan,SSD,2023,84.58163
South Sudan,SSD,2024,49.68767
South Sudan,SSD,2025,75.98407
South and Central America (EI),,1965,2631.623
South and Central America (EI),,1966,2603.855
South and Central America (EI),,1967,2771.2913
South and Central America (EI),,1968,2845.382
South and Central America (EI),,1969,2851.0593
South and Central America (EI),,1970,2927.9377
South and Central America (EI),,1971,2859.5596
South and Central America (EI),,1972,2724.5808
South and Central America (EI),,1973,2899.4946
South and Central America (EI),,1974,2640.8254
South and Central America (EI),,1975,2230.0789
South and Central America (EI),,1976,2213.989
South and Central America (EI),,1977,2195.1052
South and Central America (EI),,1978,2199.0442
South and Central America (EI),,1979,2354.5408
South and Central America (EI),,1980,2264.7192
South and Central America (EI),,1981,2243.898
South and Central America (EI),,1982,2149.1875
South and Central America (EI),,1983,2130.5247
South and Central America (EI),,1984,2246.714
South and Central America (EI),,1985,2240.405
South and Central America (EI),,1986,2401.5437
South and Central America (EI),,1987,2367.776
South and Central America (EI),,1988,2488.7437
South and Central America (EI),,1989,2516.527
South and Central America (EI),,1990,2721.154
South and Central America (EI),,1991,2868.786
South and Central America (EI),,1992,2933.0122
South and Central America (EI),,1993,3046.0103
South and Central America (EI),,1994,3229.2788
South and Central America (EI),,1995,3489.7197
South and Central America (EI),,1996,3730.5679
South and Central America (EI),,1997,3888.8875
South and Central America (EI),,1998,4116.0493
South and Central America (EI),,1999,3984.87
South and Central America (EI),,2000,4010.4692
South and Central America (EI),,2001,4060.466
South and Central America (EI),,2002,4024.2664
South and Central America (EI),,2003,3991.5676
South and Central America (EI),,2004,4274.1094
South and Central America (EI),,2005,4358.1787
South and Central America (EI),,2006,4442.072
South and Central America (EI),,2007,4359.3125
South and Central America (EI),,2008,4429.4185
South and Central America (EI),,2009,4394.8667
South and Central America (EI),,2010,4408.034
South and Central America (EI),,2011,4440.7593
South and Central America (EI),,2012,4407.8228
South and Central America (EI),,2013,4414.642
South and Central America (EI),,2014,4571.3193
South and Central America (EI),,2015,4775.9165
South and Central America (EI),,2016,4549.47
South and Central America (EI),,2017,4346.7886
South and Central America (EI),,2018,3976.7607
South and Central America (EI),,2019,3818.965
South and Central America (EI),,2020,3625.462
South and Central America (EI),,2021,3627.8994
South and Central America (EI),,2022,3979.5461
South and Central America (EI),,2023,4407.6133
South and Central America (EI),,2024,4663.677
South and Central America (EI),,2025,5129.622
Spain,ESP,1900,0
Spain,ESP,1901,0
Spain,ESP,1902,0
Spain,ESP,1903,0
Spain,ESP,1904,0
Spain,ESP,1905,0
Spain,ESP,1906,0
Spain,ESP,1907,0
Spain,ESP,1908,0
Spain,ESP,1909,0
Spain,ESP,1910,0
Spain,ESP,1911,0
Spain,ESP,1912,0
Spain,ESP,1913,0
Spain,ESP,1914,0
Spain,ESP,1915,0
Spain,ESP,1916,0
Spain,ESP,1917,0
Spain,ESP,1918,0
Spain,ESP,1919,0
Spain,ESP,1920,0
Spain,ESP,1921,0
Spain,ESP,1922,0
Spain,ESP,1923,0
Spain,ESP,1924,0
Spain,ESP,1925,0
Spain,ESP,1926,0
Spain,ESP,1927,0
Spain,ESP,1928,0
Spain,ESP,1929,0
Spain,ESP,1930,0
Spain,ESP,1931,0
Spain,ESP,1932,0
Spain,ESP,1933,0
Spain,ESP,1934,0
Spain,ESP,1935,0
Spain,ESP,1936,0
Spain,ESP,1937,0
Spain,ESP,1938,0
Spain,ESP,1939,0
Spain,ESP,1940,0
Spain,ESP,1941,0
Spain,ESP,1942,0
Spain,ESP,1943,0
Spain,ESP,1944,0
Spain,ESP,1945,0
Spain,ESP,1946,0
Spain,ESP,1947,0
Spain,ESP,1948,0
Spain,ESP,1949,0
Spain,ESP,1950,0.011630001
Spain,ESP,1951,0.011630001
Spain,ESP,1952,0.093040004
Spain,ESP,1953,0.17445
Spain,ESP,1954,0.25586
Spain,ESP,1955,0.40705
Spain,ESP,1956,0.68617
Spain,ESP,1957,0.83735996
Spain,ESP,1958,0.83735996
Spain,ESP,1959,0.72106
Spain,ESP,1960,0.74432003
Spain,ESP,1961,0.75595
Spain,ESP,1962,0.75595
Spain,ESP,1963,0.75595
Spain,ESP,1964,0.75595
Spain,ESP,1965,0.8141
Spain,ESP,1966,0.87225
Spain,ESP,1967,0.97692
Spain,ESP,1968,1.47701
Spain,ESP,1969,2.2096999
Spain,ESP,1970,1.7561299
Spain,ESP,1971,1.43049
Spain,ESP,1972,1.6049399
Spain,ESP,1973,8.88532
Spain,ESP,1974,22.980879
Spain,ESP,1975,23.585642
Spain,ESP,1976,20.60836
Spain,ESP,1977,9.81572
Spain,ESP,1978,11.3974
Spain,ESP,1979,13.46754
Spain,ESP,1980,0
Spain,ESP,1981,0
Spain,ESP,1982,0
Spain,ESP,1983,0
Spain,ESP,1984,29.13872
Spain,ESP,1985,27.205788
Spain,ESP,1986,26.86628
Spain,ESP,1987,23.76627
Spain,ESP,1988,22.329237
Spain,ESP,1989,17.510693
Spain,ESP,1990,15.151454
Spain,ESP,1991,18.667542
Spain,ESP,1992,18.412655
Spain,ESP,1993,14.241258
Spain,ESP,1994,12.177866
Spain,ESP,1995,10.105394
Spain,ESP,1996,6.351875
Spain,ESP,1997,4.6394095
Spain,ESP,1998,6.578849
Spain,ESP,1999,3.7078013
Spain,ESP,2000,2.8930674
Spain,ESP,2001,4.2853985
Spain,ESP,2002,3.96357
Spain,ESP,2003,4.058494
Spain,ESP,2004,3.2132595
Spain,ESP,2005,2.0936408
Spain,ESP,2006,1.7548046
Spain,ESP,2007,1.7903411
Spain,ESP,2008,1.6531814
Spain,ESP,2009,1.4448398
Spain,ESP,2010,1.5905095
Spain,ESP,2011,1.3398222
Spain,ESP,2012,1.8615229
Spain,ESP,2013,4.5360856
Spain,ESP,2014,3.8636339
Spain,ESP,2015,2.876129
Spain,ESP,2016,1.6531814
Spain,ESP,2017,1.485436
Spain,ESP,2018,1.1128079
Spain,ESP,2019,0.5039764
Spain,ESP,2020,0.340242
Spain,ESP,2021,0.07321595
Spain,ESP,2022,0.011558719
Spain,ESP,2023,0.008477636
Spain,ESP,2024,0.007571435
Sri Lanka,LKA,1980,0
Sri Lanka,LKA,1981,0
Sri Lanka,LKA,1982,0
Sri Lanka,LKA,1983,0
Sri Lanka,LKA,1984,0
Sri Lanka,LKA,1985,0
Sri Lanka,LKA,1986,0
Sri Lanka,LKA,1987,0
Sri Lanka,LKA,1988,0
Sri Lanka,LKA,1989,0
Sri Lanka,LKA,1990,0
Sri Lanka,LKA,1991,0
Sri Lanka,LKA,1992,0
Sri Lanka,LKA,1993,0
Sri Lanka,LKA,1994,0
Sri Lanka,LKA,1995,0
Sri Lanka,LKA,1996,0
Sri Lanka,LKA,1997,0
Sri Lanka,LKA,1998,0
Sri Lanka,LKA,1999,0
Sri Lanka,LKA,2000,0
Sri Lanka,LKA,2001,0
Sri Lanka,LKA,2002,0
Sri Lanka,LKA,2003,0
Sri Lanka,LKA,2004,0
Sri Lanka,LKA,2005,0
Sri Lanka,LKA,2006,0
Sri Lanka,LKA,2007,0
Sri Lanka,LKA,2008,0
Sri Lanka,LKA,2009,0
Sri Lanka,LKA,2010,0
Sri Lanka,LKA,2011,0
Sri Lanka,LKA,2012,0
Sri Lanka,LKA,2013,0
Sri Lanka,LKA,2014,0
Sri Lanka,LKA,2015,0
Sri Lanka,LKA,2016,0
Sri Lanka,LKA,2017,0
Sri Lanka,LKA,2018,0
Sri Lanka,LKA,2019,0
Sri Lanka,LKA,2020,0
Sri Lanka,LKA,2021,0
Sri Lanka,LKA,2022,0
Sri Lanka,LKA,2023,0
Sri Lanka,LKA,2024,0
Sudan,SDN,1980,0
Sudan,SDN,1981,0
Sudan,SDN,1982,0
Sudan,SDN,1983,0
Sudan,SDN,1984,0
Sudan,SDN,1985,0
Sudan,SDN,1986,0
Sudan,SDN,1987,0
Sudan,SDN,1988,0
Sudan,SDN,1989,0
Sudan,SDN,1990,0
Sudan,SDN,1991,0
Sudan,SDN,1992,0
Sudan,SDN,1993,1.1457355
Sudan,SDN,1994,1.1457355
Sudan,SDN,1995,1.1457355
Sudan,SDN,1996,2.8721862
Sudan,SDN,1997,5.1558094
Sudan,SDN,1998,6.874413
Sudan,SDN,1999,36.090668
Sudan,SDN,2000,102.90004
Sudan,SDN,2001,119.73401
Sudan,SDN,2002,135.30247
Sudan,SDN,2003,150.166
Sudan,SDN,2004,167.24008
Sudan,SDN,2005,168.24004
Sudan,SDN,2006,204.03307
Sudan,SDN,2007,276.76138
Sudan,SDN,2008,262.48993
Sudan,SDN,2009,272.2339
Sudan,SDN,2010,264.7055
Sudan,SDN,2011,166.70581
Sudan,SDN,2012,59.22879
Sudan,SDN,2013,67.51441
Sudan,SDN,2014,68.51756
Sudan,SDN,2015,62.47819
Sudan,SDN,2016,48.300407
Sudan,SDN,2017,40.10898
Sudan,SDN,2018,42.506702
Sudan,SDN,2019,41.34276
Sudan,SDN,2020,36.40113
Sudan,SDN,2021,36.712467
Sudan,SDN,2022,35.488037
Sudan,SDN,2023,32.91459
Sudan,SDN,2024,21.613846
Sudan,SDN,2025,14.896444
Suriname,SUR,1900,0
Suriname,SUR,1901,0
Suriname,SUR,1902,0
Suriname,SUR,1903,0
Suriname,SUR,1904,0
Suriname,SUR,1905,0
Suriname,SUR,1906,0
Suriname,SUR,1907,0
Suriname,SUR,1908,0
Suriname,SUR,1909,0
Suriname,SUR,1910,0
Suriname,SUR,1911,0
Suriname,SUR,1912,0
Suriname,SUR,1913,0
Suriname,SUR,1914,0
Suriname,SUR,1915,0
Suriname,SUR,1916,0
Suriname,SUR,1917,0
Suriname,SUR,1918,0
Suriname,SUR,1919,0
Suriname,SUR,1920,0
Suriname,SUR,1921,0
Suriname,SUR,1922,0
Suriname,SUR,1923,0
Suriname,SUR,1924,0
Suriname,SUR,1925,0
Suriname,SUR,1926,0
Suriname,SUR,1927,0
Suriname,SUR,1928,0
Suriname,SUR,1929,0
Suriname,SUR,1930,0
Suriname,SUR,1931,0
Suriname,SUR,1932,0
Suriname,SUR,1933,0
Suriname,SUR,1934,0
Suriname,SUR,1935,0
Suriname,SUR,1936,0
Suriname,SUR,1937,0
Suriname,SUR,1938,0
Suriname,SUR,1939,0
Suriname,SUR,1940,0
Suriname,SUR,1941,0
Suriname,SUR,1942,0
Suriname,SUR,1943,0
Suriname,SUR,1944,0
Suriname,SUR,1945,0
Suriname,SUR,1946,0
Suriname,SUR,1947,0
Suriname,SUR,1948,0
Suriname,SUR,1949,0
Suriname,SUR,1950,0
Suriname,SUR,1951,0
Suriname,SUR,1952,0
Suriname,SUR,1953,0
Suriname,SUR,1954,0
Suriname,SUR,1955,0
Suriname,SUR,1956,0
Suriname,SUR,1957,0
Suriname,SUR,1958,0
Suriname,SUR,1959,0
Suriname,SUR,1960,0
Suriname,SUR,1961,0
Suriname,SUR,1962,0
Suriname,SUR,1963,0
Suriname,SUR,1964,0
Suriname,SUR,1965,0
Suriname,SUR,1966,0
Suriname,SUR,1967,0
Suriname,SUR,1968,0
Suriname,SUR,1969,0
Suriname,SUR,1970,0
Suriname,SUR,1971,0
Suriname,SUR,1972,0
Suriname,SUR,1973,0
Suriname,SUR,1974,0
Suriname,SUR,1975,0
Suriname,SUR,1976,0
Suriname,SUR,1977,0
Suriname,SUR,1978,0
Suriname,SUR,1979,0
Suriname,SUR,1980,0
Suriname,SUR,1981,0
Suriname,SUR,1982,0
Suriname,SUR,1983,0
Suriname,SUR,1984,0
Suriname,SUR,1985,0
Suriname,SUR,1986,0
Suriname,SUR,1987,0
Suriname,SUR,1988,0
Suriname,SUR,1989,2.7044747
Suriname,SUR,1990,2.7044747
Suriname,SUR,1991,2.7044747
Suriname,SUR,1992,2.7118843
Suriname,SUR,1993,3.3805933
Suriname,SUR,1994,3.7770028
Suriname,SUR,1995,4.7365355
Suriname,SUR,1996,6.1017394
Suriname,SUR,1997,5.4089494
Suriname,SUR,1998,6.425906
Suriname,SUR,1999,6.7611866
Suriname,SUR,2000,6.779711
Suriname,SUR,2001,6.7611866
Suriname,SUR,2002,6.7611866
Suriname,SUR,2003,7.4373055
Suriname,SUR,2004,7.4576817
Suriname,SUR,2005,8.113424
Suriname,SUR,2006,8.789543
Suriname,SUR,2007,9.465661
Suriname,SUR,2008,10.740489
Suriname,SUR,2009,10.817899
Suriname,SUR,2010,10.817899
Suriname,SUR,2011,10.817899
Suriname,SUR,2012,10.734542
Suriname,SUR,2013,10.14178
Suriname,SUR,2014,10.14178
Suriname,SUR,2015,10.817899
Suriname,SUR,2016,10.847537
Suriname,SUR,2017,10.817899
Suriname,SUR,2018,10.817899
Suriname,SUR,2019,10.817899
Suriname,SUR,2020,10.527374
Suriname,SUR,2021,9.986369
Suriname,SUR,2022,9.49866
Suriname,SUR,2023,9.286214
Suriname,SUR,2024,8.821099
Sweden,SWE,1900,0
Sweden,SWE,1901,0
Sweden,SWE,1902,0
Sweden,SWE,1903,0
Sweden,SWE,1904,0
Sweden,SWE,1905,0
Sweden,SWE,1906,0
Sweden,SWE,1907,0
Sweden,SWE,1908,0
Sweden,SWE,1909,0
Sweden,SWE,1910,0
Sweden,SWE,1911,0
Sweden,SWE,1912,0
Sweden,SWE,1913,0
Sweden,SWE,1914,0
Sweden,SWE,1915,0
Sweden,SWE,1916,0
Sweden,SWE,1917,0
Sweden,SWE,1918,0
Sweden,SWE,1919,0
Sweden,SWE,1920,0
Sweden,SWE,1921,0
Sweden,SWE,1922,0
Sweden,SWE,1923,0
Sweden,SWE,1924,0
Sweden,SWE,1925,0
Sweden,SWE,1926,0
Sweden,SWE,1927,0
Sweden,SWE,1928,0
Sweden,SWE,1929,0
Sweden,SWE,1930,0
Sweden,SWE,1931,0
Sweden,SWE,1932,0
Sweden,SWE,1933,0
Sweden,SWE,1934,0
Sweden,SWE,1935,0
Sweden,SWE,1936,0
Sweden,SWE,1937,0
Sweden,SWE,1938,0
Sweden,SWE,1939,0
Sweden,SWE,1940,0
Sweden,SWE,1941,0
Sweden,SWE,1942,0
Sweden,SWE,1943,0
Sweden,SWE,1944,0
Sweden,SWE,1945,0
Sweden,SWE,1946,0
Sweden,SWE,1947,0
Sweden,SWE,1948,0
Sweden,SWE,1949,0
Sweden,SWE,1950,0.60476
Sweden,SWE,1951,0.46519998
Sweden,SWE,1952,0.46519998
Sweden,SWE,1953,0.76758
Sweden,SWE,1954,0.72106
Sweden,SWE,1955,0.96528995
Sweden,SWE,1956,1.02344
Sweden,SWE,1957,1.1048499
Sweden,SWE,1958,1.09322
Sweden,SWE,1959,1.08159
Sweden,SWE,1960,1.18626
Sweden,SWE,1961,1.24441
Sweden,SWE,1962,1.17463
Sweden,SWE,1963,0.91877
Sweden,SWE,1964,0.94203
Sweden,SWE,1965,0.66291
Sweden,SWE,1966,0.31401
Sweden,SWE,1967,0
Sweden,SWE,1968,0
Sweden,SWE,1969,0
Sweden,SWE,1970,0
Sweden,SWE,1971,0
Sweden,SWE,1972,0
Sweden,SWE,1973,0
Sweden,SWE,1974,0
Sweden,SWE,1975,0
Sweden,SWE,1976,0.03489
Sweden,SWE,1977,0.011630001
Sweden,SWE,1978,0.011630001
Sweden,SWE,1979,0.011630001
Sweden,SWE,1980,0
Sweden,SWE,1981,0
Sweden,SWE,1982,0
Sweden,SWE,1983,0
Sweden,SWE,1984,0
Sweden,SWE,1985,0
Sweden,SWE,1986,0.10264178
Sweden,SWE,1987,0
Sweden,SWE,1988,0
Sweden,SWE,1989,0
Sweden,SWE,1990,0
Sweden,SWE,1991,0
Sweden,SWE,1992,0
Sweden,SWE,1993,0
Sweden,SWE,1994,0
Sweden,SWE,1995,0
Sweden,SWE,1996,0
Sweden,SWE,1997,0
Sweden,SWE,1998,0
Sweden,SWE,1999,0
Sweden,SWE,2000,0
Sweden,SWE,2001,0
Sweden,SWE,2002,0
Sweden,SWE,2003,0
Sweden,SWE,2004,0
Sweden,SWE,2005,0
Sweden,SWE,2006,0
Sweden,SWE,2007,0
Sweden,SWE,2008,0
Sweden,SWE,2009,0
Sweden,SWE,2010,0
Sweden,SWE,2011,0
Sweden,SWE,2012,0
Sweden,SWE,2013,0
Sweden,SWE,2014,0
Sweden,SWE,2015,0
Sweden,SWE,2016,0
Sweden,SWE,2017,0
Sweden,SWE,2018,0
Sweden,SWE,2019,0
Sweden,SWE,2020,0
Sweden,SWE,2021,0
Sweden,SWE,2022,0
Sweden,SWE,2023,0
Sweden,SWE,2024,0
Switzerland,CHE,1980,0
Switzerland,CHE,1981,0
Switzerland,CHE,1982,0
Switzerland,CHE,1983,0
Switzerland,CHE,1984,0
Switzerland,CHE,1985,0
Switzerland,CHE,1986,0
Switzerland,CHE,1987,0
Switzerland,CHE,1988,0
Switzerland,CHE,1989,0
Switzerland,CHE,1990,0
Switzerland,CHE,1991,0
Switzerland,CHE,1992,0
Switzerland,CHE,1993,0
Switzerland,CHE,1994,0
Switzerland,CHE,1995,0
Switzerland,CHE,1996,0
Switzerland,CHE,1997,0
Switzerland,CHE,1998,0
Switzerland,CHE,1999,0
Switzerland,CHE,2000,0
Switzerland,CHE,2001,0
Switzerland,CHE,2002,0
Switzerland,CHE,2003,0
Switzerland,CHE,2004,0
Switzerland,CHE,2005,0
Switzerland,CHE,2006,0
Switzerland,CHE,2007,0
Switzerland,CHE,2008,0
Switzerland,CHE,2009,0
Switzerland,CHE,2010,0
Switzerland,CHE,2011,0
Switzerland,CHE,2012,0
Switzerland,CHE,2013,0
Switzerland,CHE,2014,0
Switzerland,CHE,2015,0
Switzerland,CHE,2016,0
Switzerland,CHE,2017,0
Switzerland,CHE,2018,0
Switzerland,CHE,2019,0
Switzerland,CHE,2020,0
Switzerland,CHE,2021,0
Switzerland,CHE,2022,0
Switzerland,CHE,2023,0
Switzerland,CHE,2024,0
Syria,SYR,1900,0
Syria,SYR,1901,0
Syria,SYR,1902,0
Syria,SYR,1903,0
Syria,SYR,1904,0
Syria,SYR,1905,0
Syria,SYR,1906,0
Syria,SYR,1907,0
Syria,SYR,1908,0
Syria,SYR,1909,0
Syria,SYR,1910,0
Syria,SYR,1911,0
Syria,SYR,1912,0
Syria,SYR,1913,0
Syria,SYR,1914,0
Syria,SYR,1915,0
Syria,SYR,1916,0
Syria,SYR,1917,0
Syria,SYR,1918,0
Syria,SYR,1919,0
Syria,SYR,1920,0
Syria,SYR,1921,0
Syria,SYR,1922,0
Syria,SYR,1923,0
Syria,SYR,1924,0
Syria,SYR,1925,0
Syria,SYR,1926,0
Syria,SYR,1927,0
Syria,SYR,1928,0
Syria,SYR,1929,0
Syria,SYR,1930,0
Syria,SYR,1931,0
Syria,SYR,1932,0
Syria,SYR,1933,0
Syria,SYR,1934,0
Syria,SYR,1935,0
Syria,SYR,1936,0
Syria,SYR,1937,0
Syria,SYR,1938,0
Syria,SYR,1939,0
Syria,SYR,1940,0
Syria,SYR,1941,0
Syria,SYR,1942,0
Syria,SYR,1943,0
Syria,SYR,1944,0
Syria,SYR,1945,0
Syria,SYR,1946,0
Syria,SYR,1947,0
Syria,SYR,1948,0
Syria,SYR,1949,0
Syria,SYR,1950,0
Syria,SYR,1951,0
Syria,SYR,1952,0
Syria,SYR,1953,0
Syria,SYR,1954,0
Syria,SYR,1955,0
Syria,SYR,1956,0
Syria,SYR,1957,0
Syria,SYR,1958,0
Syria,SYR,1959,0
Syria,SYR,1960,0
Syria,SYR,1961,0
Syria,SYR,1962,0
Syria,SYR,1963,0
Syria,SYR,1964,0
Syria,SYR,1965,0
Syria,SYR,1966,0
Syria,SYR,1967,0
Syria,SYR,1968,12.19484
Syria,SYR,1969,30.693363
Syria,SYR,1970,49.22521
Syria,SYR,1971,61.386726
Syria,SYR,1972,67.94268
Syria,SYR,1973,64.282326
Syria,SYR,1974,74.70649
Syria,SYR,1975,111.19105
Syria,SYR,1976,116.722046
Syria,SYR,1977,105.978966
Syria,SYR,1978,103.66249
Syria,SYR,1979,96.71305
Syria,SYR,1980,91.751656
Syria,SYR,1981,94.975685
Syria,SYR,1982,89.76361
Syria,SYR,1983,93.238335
Syria,SYR,1984,94.07448
Syria,SYR,1985,92.25454
Syria,SYR,1986,116.05662
Syria,SYR,1987,133.54651
Syria,SYR,1988,155.51389
Syria,SYR,1989,196.96133
Syria,SYR,1990,235.21815
Syria,SYR,1991,272.954
Syria,SYR,1992,298.13672
Syria,SYR,1993,327.12854
Syria,SYR,1994,325.47263
Syria,SYR,1995,344.38824
Syria,SYR,1996,339.5189
Syria,SYR,1997,333.39658
Syria,SYR,1998,332.8291
Syria,SYR,1999,334.38037
Syria,SYR,2000,326.75964
Syria,SYR,2001,347.75262
Syria,SYR,2002,380.76596
Syria,SYR,2003,366.92746
Syria,SYR,2004,273.18494
Syria,SYR,2005,251.98462
Syria,SYR,2006,236.34837
Syria,SYR,2007,226.50334
Syria,SYR,2008,228.28531
Syria,SYR,2009,224.76598
Syria,SYR,2010,215.50005
Syria,SYR,2011,197.11723
Syria,SYR,2012,93.95683
Syria,SYR,2013,31.24378
Syria,SYR,2014,16.979202
Syria,SYR,2015,13.930833
Syria,SYR,2016,12.807587
Syria,SYR,2017,12.546561
Syria,SYR,2018,12.223529
Syria,SYR,2019,17.568169
Syria,SYR,2020,22.843412
Syria,SYR,2021,23.058573
Syria,SYR,2022,22.69265
Syria,SYR,2023,22.12631
Syria,SYR,2024,19.277864
Syria,SYR,2025,18.794529
Taiwan,TWN,1900,0
Taiwan,TWN,1901,0
Taiwan,TWN,1902,0
Taiwan,TWN,1903,0
Taiwan,TWN,1904,0
Taiwan,TWN,1905,0
Taiwan,TWN,1906,0
Taiwan,TWN,1907,0
Taiwan,TWN,1908,0
Taiwan,TWN,1909,0
Taiwan,TWN,1910,0
Taiwan,TWN,1911,0
Taiwan,TWN,1912,0
Taiwan,TWN,1913,0
Taiwan,TWN,1914,0
Taiwan,TWN,1915,0
Taiwan,TWN,1916,0
Taiwan,TWN,1917,0
Taiwan,TWN,1918,0
Taiwan,TWN,1919,0
Taiwan,TWN,1920,0
Taiwan,TWN,1921,0
Taiwan,TWN,1922,0
Taiwan,TWN,1923,0
Taiwan,TWN,1924,0
Taiwan,TWN,1925,0
Taiwan,TWN,1926,0
Taiwan,TWN,1927,0
Taiwan,TWN,1928,0
Taiwan,TWN,1929,0
Taiwan,TWN,1930,0
Taiwan,TWN,1931,0
Taiwan,TWN,1932,0
Taiwan,TWN,1933,0
Taiwan,TWN,1934,0
Taiwan,TWN,1935,0
Taiwan,TWN,1936,0
Taiwan,TWN,1937,0.046520002
Taiwan,TWN,1938,0.046520002
Taiwan,TWN,1939,0.058149997
Taiwan,TWN,1940,0.058149997
Taiwan,TWN,1941,0.058149997
Taiwan,TWN,1942,0.046520002
Taiwan,TWN,1943,0.03489
Taiwan,TWN,1944,0.03489
Taiwan,TWN,1945,0.023260001
Taiwan,TWN,1946,0.023260001
Taiwan,TWN,1947,0.03489
Taiwan,TWN,1948,0.03489
Taiwan,TWN,1949,0.03489
Taiwan,TWN,1950,0.03489
Taiwan,TWN,1951,0.03489
Taiwan,TWN,1952,0.03489
Taiwan,TWN,1953,0.03489
Taiwan,TWN,1954,0.058149997
Taiwan,TWN,1955,0.03489
Taiwan,TWN,1956,0.03489
Taiwan,TWN,1957,0.023260001
Taiwan,TWN,1958,0.023260001
Taiwan,TWN,1959,0.023260001
Taiwan,TWN,1960,0.023260001
Taiwan,TWN,1961,0.03489
Taiwan,TWN,1962,0.023260001
Taiwan,TWN,1963,0.03489
Taiwan,TWN,1964,0.104669996
Taiwan,TWN,1965,0.22096999
Taiwan,TWN,1966,0.37216002
Taiwan,TWN,1967,0.40705
Taiwan,TWN,1968,0
Taiwan,TWN,1969,0.29075
Taiwan,TWN,1970,1.01181
Taiwan,TWN,1971,1.25604
Taiwan,TWN,1972,1.44212
Taiwan,TWN,1973,1.6747199
Taiwan,TWN,1974,2.0934
Taiwan,TWN,1975,2.13992
Taiwan,TWN,1976,2.46556
Taiwan,TWN,1977,2.5353398
Taiwan,TWN,1978,2.46556
Taiwan,TWN,1979,0
Taiwan,TWN,1980,0
Taiwan,TWN,1981,0
Taiwan,TWN,1982,0
Taiwan,TWN,1983,0
Taiwan,TWN,1984,1.3559421
Taiwan,TWN,1985,1.3510576
Taiwan,TWN,1986,1.3510576
Taiwan,TWN,1987,1.3520346
Taiwan,TWN,1988,1.3559421
Taiwan,TWN,1989,1.3522373
Taiwan,TWN,1990,1.3522373
Taiwan,TWN,1991,1.3522373
Taiwan,TWN,1992,1.3559421
Taiwan,TWN,1993,1.3522373
Taiwan,TWN,1994,0.6761187
Taiwan,TWN,1995,0.6761187
Taiwan,TWN,1996,0.67797107
Taiwan,TWN,1997,0.6761187
Taiwan,TWN,1998,0.6761187
Taiwan,TWN,1999,0.6761187
Taiwan,TWN,2000,0.67797107
Taiwan,TWN,2001,0.6761187
Taiwan,TWN,2002,0.59654605
Taiwan,TWN,2003,0.53315943
Taiwan,TWN,2004,0.5315362
Taiwan,TWN,2005,0.38968065
Taiwan,TWN,2006,0.28407463
Taiwan,TWN,2007,0.21916725
Taiwan,TWN,2008,0.20010653
Taiwan,TWN,2009,0.19888367
Taiwan,TWN,2010,0.17792399
Taiwan,TWN,2011,0.14411806
Taiwan,TWN,2012,0.14519086
Taiwan,TWN,2013,0.14479418
Taiwan,TWN,2014,0.14479418
Taiwan,TWN,2015,0.14479418
Taiwan,TWN,2016,0.14519086
Taiwan,TWN,2017,0.3902925
Taiwan,TWN,2018,0.3902925
Taiwan,TWN,2019,0.3902925
Taiwan,TWN,2020,0.3913618
Taiwan,TWN,2021,0.3902925
Taiwan,TWN,2022,0.3902925
Taiwan,TWN,2023,0.3902925
Taiwan,TWN,2024,0.3913618
Tajikistan,TJK,1992,0.63071185
Tajikistan,TJK,1993,0.6289886
Tajikistan,TJK,1994,0.6289886
Tajikistan,TJK,1995,0.5013039
Tajikistan,TJK,1996,0.37716568
Tajikistan,TJK,1997,0.32707408
Tajikistan,TJK,1998,0.3144943
Tajikistan,TJK,1999,0.25159544
Tajikistan,TJK,2000,0.25228474
Tajikistan,TJK,2001,0.20505027
Tajikistan,TJK,2002,0.19435747
Tajikistan,TJK,2003,0.22140399
Tajikistan,TJK,2004,0.22201057
Tajikistan,TJK,2005,0.20851748
Tajikistan,TJK,2006,0.18865693
Tajikistan,TJK,2007,0.17067993
Tajikistan,TJK,2008,0.14837064
Tajikistan,TJK,2009,0.13711606
Tajikistan,TJK,2010,0.13523254
Tajikistan,TJK,2011,0.13523254
Tajikistan,TJK,2012,0.13481207
Tajikistan,TJK,2013,0.12957165
Tajikistan,TJK,2014,0.12957165
Tajikistan,TJK,2015,0.11423467
Tajikistan,TJK,2016,0.113528125
Tajikistan,TJK,2017,0.19876039
Tajikistan,TJK,2018,0.19876039
Tajikistan,TJK,2019,0.19876039
Tajikistan,TJK,2020,0.19930494
Tajikistan,TJK,2021,0.19876039
Tajikistan,TJK,2022,0.19876039
Tajikistan,TJK,2023,0.19876039
Tajikistan,TJK,2024,0.19930494
Tanzania,TZA,1980,0
Tanzania,TZA,1981,0
Tanzania,TZA,1982,0
Tanzania,TZA,1983,0
Tanzania,TZA,1984,0
Tanzania,TZA,1985,0
Tanzania,TZA,1986,0
Tanzania,TZA,1987,0
Tanzania,TZA,1988,0
Tanzania,TZA,1989,0
Tanzania,TZA,1990,0
Tanzania,TZA,1991,0
Tanzania,TZA,1992,0
Tanzania,TZA,1993,0
Tanzania,TZA,1994,0
Tanzania,TZA,1995,0
Tanzania,TZA,1996,0
Tanzania,TZA,1997,0
Tanzania,TZA,1998,0
Tanzania,TZA,1999,0
Tanzania,TZA,2000,0
Tanzania,TZA,2001,0
Tanzania,TZA,2002,0
Tanzania,TZA,2003,0
Tanzania,TZA,2004,0
Tanzania,TZA,2005,0
Tanzania,TZA,2006,0
Tanzania,TZA,2007,0
Tanzania,TZA,2008,0
Tanzania,TZA,2009,0
Tanzania,TZA,2010,0
Tanzania,TZA,2011,0
Tanzania,TZA,2012,0
Tanzania,TZA,2013,0
Tanzania,TZA,2014,0
Tanzania,TZA,2015,0
Tanzania,TZA,2016,0
Tanzania,TZA,2017,0
Tanzania,TZA,2018,0
Tanzania,TZA,2019,0
Tanzania,TZA,2020,0
Tanzania,TZA,2021,0
Tanzania,TZA,2022,0
Tanzania,TZA,2023,0
Tanzania,TZA,2024,0
Thailand,THA,1900,0
Thailand,THA,1901,0
Thailand,THA,1902,0
Thailand,THA,1903,0
Thailand,THA,1904,0
Thailand,THA,1905,0
Thailand,THA,1906,0
Thailand,THA,1907,0
Thailand,THA,1908,0
Thailand,THA,1909,0
Thailand,THA,1910,0
Thailand,THA,1911,0
Thailand,THA,1912,0
Thailand,THA,1913,0
Thailand,THA,1914,0
Thailand,THA,1915,0
Thailand,THA,1916,0
Thailand,THA,1917,0
Thailand,THA,1918,0
Thailand,THA,1919,0
Thailand,THA,1920,0
Thailand,THA,1921,0
Thailand,THA,1922,0
Thailand,THA,1923,0
Thailand,THA,1924,0
Thailand,THA,1925,0
Thailand,THA,1926,0
Thailand,THA,1927,0
Thailand,THA,1928,0
Thailand,THA,1929,0
Thailand,THA,1930,0
Thailand,THA,1931,0
Thailand,THA,1932,0
Thailand,THA,1933,0
Thailand,THA,1934,0
Thailand,THA,1935,0
Thailand,THA,1936,0
Thailand,THA,1937,0
Thailand,THA,1938,0
Thailand,THA,1939,0
Thailand,THA,1940,0
Thailand,THA,1941,0
Thailand,THA,1942,0
Thailand,THA,1943,0
Thailand,THA,1944,0
Thailand,THA,1945,0
Thailand,THA,1946,0
Thailand,THA,1947,0
Thailand,THA,1948,0
Thailand,THA,1949,0
Thailand,THA,1950,0
Thailand,THA,1951,0
Thailand,THA,1952,0
Thailand,THA,1953,0
Thailand,THA,1954,0
Thailand,THA,1955,0
Thailand,THA,1956,0
Thailand,THA,1957,0
Thailand,THA,1958,0
Thailand,THA,1959,0
Thailand,THA,1960,0.06978
Thailand,THA,1961,0.16282001
Thailand,THA,1962,0.081410006
Thailand,THA,1963,0.06978
Thailand,THA,1964,0.023260001
Thailand,THA,1965,0.023260001
Thailand,THA,1966,0.023260001
Thailand,THA,1967,0.023260001
Thailand,THA,1968,0.046520002
Thailand,THA,1969,0.023260001
Thailand,THA,1970,0.116299994
Thailand,THA,1971,0.15119
Thailand,THA,1972,0.06978
Thailand,THA,1973,0.06978
Thailand,THA,1974,0.06978
Thailand,THA,1975,0.06978
Thailand,THA,1976,0.093040004
Thailand,THA,1977,0.16282001
Thailand,THA,1978,0.17445
Thailand,THA,1979,0.17445
Thailand,THA,1980,0
Thailand,THA,1981,0.7787622
Thailand,THA,1982,2.806905
Thailand,THA,1983,6.8033895
Thailand,THA,1984,12.351028
Thailand,THA,1985,23.377903
Thailand,THA,1986,22.965563
Thailand,THA,1987,21.104242
Thailand,THA,1988,24.180489
Thailand,THA,1989,23.819426
Thailand,THA,1990,28.371239
Thailand,THA,1991,32.836124
Thailand,THA,1992,38.406845
Thailand,THA,1993,39.468914
Thailand,THA,1994,39.733795
Thailand,THA,1995,38.619038
Thailand,THA,1996,43.918797
Thailand,THA,1997,49.89238
Thailand,THA,1998,51.891117
Thailand,THA,1999,56.512978
Thailand,THA,2000,82.92943
Thailand,THA,2001,90.50176
Thailand,THA,2002,99.43188
Thailand,THA,2003,116.088844
Thailand,THA,2004,113.605606
Thailand,THA,2005,138.73035
Thailand,THA,2006,151.06125
Thailand,THA,2007,159.3455
Thailand,THA,2008,168.27225
Thailand,THA,2009,174.30222
Thailand,THA,2010,177.12204
Thailand,THA,2011,183.92621
Thailand,THA,2012,200.86676
Thailand,THA,2013,198.8096
Thailand,THA,2014,196.39471
Thailand,THA,2015,204.66713
Thailand,THA,2016,210.82658
Thailand,THA,2017,204.25745
Thailand,THA,2018,197.32396
Thailand,THA,2019,196.86757
Thailand,THA,2020,176.03465
Thailand,THA,2021,162.22333
Thailand,THA,2022,133.536
Thailand,THA,2023,130.3143
Thailand,THA,2024,144.10544
Thailand,THA,2025,155.5866
Togo,TGO,1980,0
Togo,TGO,1981,0
Togo,TGO,1982,0
Togo,TGO,1983,0
Togo,TGO,1984,0
Togo,TGO,1985,0
Togo,TGO,1986,0
Togo,TGO,1987,0
Togo,TGO,1988,0
Togo,TGO,1989,0
Togo,TGO,1990,0
Togo,TGO,1991,0
Togo,TGO,1992,0
Togo,TGO,1993,0
Togo,TGO,1994,0
Togo,TGO,1995,0
Togo,TGO,1996,0
Togo,TGO,1997,0
Togo,TGO,1998,0
Togo,TGO,1999,0
Togo,TGO,2000,0
Togo,TGO,2001,0
Togo,TGO,2002,0
Togo,TGO,2003,0
Togo,TGO,2004,0
Togo,TGO,2005,0
Togo,TGO,2006,0
Togo,TGO,2007,0
Togo,TGO,2008,0
Togo,TGO,2009,0
Togo,TGO,2010,0
Togo,TGO,2011,0
Togo,TGO,2012,0
Togo,TGO,2013,0
Togo,TGO,2014,0
Togo,TGO,2015,0
Togo,TGO,2016,0
Togo,TGO,2017,0
Togo,TGO,2018,0
Togo,TGO,2019,0
Togo,TGO,2020,0
Togo,TGO,2021,0
Togo,TGO,2022,0
Togo,TGO,2023,0
Togo,TGO,2024,0
Tonga,TON,1980,0
Tonga,TON,1981,0
Tonga,TON,1982,0
Tonga,TON,1983,0
Tonga,TON,1984,0
Tonga,TON,1985,0
Tonga,TON,1986,0
Tonga,TON,1987,0
Tonga,TON,1988,0
Tonga,TON,1989,0
Tonga,TON,1990,0
Tonga,TON,1991,0
Tonga,TON,1992,0
Tonga,TON,1993,0
Tonga,TON,1994,0
Tonga,TON,1995,0
Tonga,TON,1996,0
Tonga,TON,1997,0
Tonga,TON,1998,0
Tonga,TON,1999,0
Tonga,TON,2000,0
Tonga,TON,2001,0
Tonga,TON,2002,0
Tonga,TON,2003,0
Tonga,TON,2004,0
Tonga,TON,2005,0
Tonga,TON,2006,0
Tonga,TON,2007,0
Tonga,TON,2008,0
Tonga,TON,2009,0
Tonga,TON,2010,0
Tonga,TON,2011,0
Tonga,TON,2012,0
Tonga,TON,2013,0
Tonga,TON,2014,0
Tonga,TON,2015,0
Tonga,TON,2016,0
Tonga,TON,2017,0
Tonga,TON,2018,0
Tonga,TON,2019,0
Tonga,TON,2020,0
Tonga,TON,2021,0
Tonga,TON,2022,0
Tonga,TON,2023,0
Tonga,TON,2024,0
Trinidad and Tobago,TTO,1900,0
Trinidad and Tobago,TTO,1901,0
Trinidad and Tobago,TTO,1902,0
Trinidad and Tobago,TTO,1903,0
Trinidad and Tobago,TTO,1904,0
Trinidad and Tobago,TTO,1905,0
Trinidad and Tobago,TTO,1906,0
Trinidad and Tobago,TTO,1907,0
Trinidad and Tobago,TTO,1908,0
Trinidad and Tobago,TTO,1909,0.093040004
Trinidad and Tobago,TTO,1910,0.24423
Trinidad and Tobago,TTO,1911,0.47683
Trinidad and Tobago,TTO,1912,0.74432003
Trinidad and Tobago,TTO,1913,0.84898996
Trinidad and Tobago,TTO,1914,1.09322
Trinidad and Tobago,TTO,1915,1.2676699
Trinidad and Tobago,TTO,1916,1.5700501
Trinidad and Tobago,TTO,1917,2.70979
Trinidad and Tobago,TTO,1918,3.52389
Trinidad and Tobago,TTO,1919,3.1168401
Trinidad and Tobago,TTO,1920,3.52389
Trinidad and Tobago,TTO,1921,3.9774601
Trinidad and Tobago,TTO,1922,4.1402802
Trinidad and Tobago,TTO,1923,5.15209
Trinidad and Tobago,TTO,1924,6.85007
Trinidad and Tobago,TTO,1925,7.4083104
Trinidad and Tobago,TTO,1926,8.047959
Trinidad and Tobago,TTO,1927,8.71087
Trinidad and Tobago,TTO,1928,13.246571
Trinidad and Tobago,TTO,1929,14.15371
Trinidad and Tobago,TTO,1930,15.29345
Trinidad and Tobago,TTO,1931,15.944731
Trinidad and Tobago,TTO,1932,16.57275
Trinidad and Tobago,TTO,1933,15.64235
Trinidad and Tobago,TTO,1934,17.82879
Trinidad and Tobago,TTO,1935,19.09646
Trinidad and Tobago,TTO,1936,21.66669
Trinidad and Tobago,TTO,1937,26.08609
Trinidad and Tobago,TTO,1938,29.842579
Trinidad and Tobago,TTO,1939,33.31995
Trinidad and Tobago,TTO,1940,37.51838
Trinidad and Tobago,TTO,1941,34.61088
Trinidad and Tobago,TTO,1942,37.26252
Trinidad and Tobago,TTO,1943,36.09952
Trinidad and Tobago,TTO,1944,36.52983
Trinidad and Tobago,TTO,1945,35.59943
Trinidad and Tobago,TTO,1946,34.14568
Trinidad and Tobago,TTO,1947,34.75044
Trinidad and Tobago,TTO,1948,34.05264
Trinidad and Tobago,TTO,1949,35.01793
Trinidad and Tobago,TTO,1950,33.947968
Trinidad and Tobago,TTO,1951,34.80859
Trinidad and Tobago,TTO,1952,35.494762
Trinidad and Tobago,TTO,1953,36.65776
Trinidad and Tobago,TTO,1954,38.89072
Trinidad and Tobago,TTO,1955,40.97249
Trinidad and Tobago,TTO,1956,47.60159
Trinidad and Tobago,TTO,1957,56.056602
Trinidad and Tobago,TTO,1958,61.476177
Trinidad and Tobago,TTO,1959,67.40748
Trinidad and Tobago,TTO,1960,69.71022
Trinidad and Tobago,TTO,1961,75.31588
Trinidad and Tobago,TTO,1962,80.433075
Trinidad and Tobago,TTO,1963,80.10744
Trinidad and Tobago,TTO,1964,81.828674
Trinidad and Tobago,TTO,1965,77.58907
Trinidad and Tobago,TTO,1966,87.95666
Trinidad and Tobago,TTO,1967,102.93206
Trinidad and Tobago,TTO,1968,110.312996
Trinidad and Tobago,TTO,1969,90.42838
Trinidad and Tobago,TTO,1970,80.63677
Trinidad and Tobago,TTO,1971,74.301025
Trinidad and Tobago,TTO,1972,81.43525
Trinidad and Tobago,TTO,1973,95.61217
Trinidad and Tobago,TTO,1974,107.70769
Trinidad and Tobago,TTO,1975,124.41102
Trinidad and Tobago,TTO,1976,122.44165
Trinidad and Tobago,TTO,1977,131.89873
Trinidad and Tobago,TTO,1978,132.4747
Trinidad and Tobago,TTO,1979,123.25906
Trinidad and Tobago,TTO,1980,122.44165
Trinidad and Tobago,TTO,1981,108.859634
Trinidad and Tobago,TTO,1982,101.947914
Trinidad and Tobago,TTO,1983,92.15631
Trinidad and Tobago,TTO,1984,98.18435
Trinidad and Tobago,TTO,1985,100.43309
Trinidad and Tobago,TTO,1986,96.50558
Trinidad and Tobago,TTO,1987,88.54622
Trinidad and Tobago,TTO,1988,86.58319
Trinidad and Tobago,TTO,1989,85.4033
Trinidad and Tobago,TTO,1990,85.770645
Trinidad and Tobago,TTO,1991,84.251305
Trinidad and Tobago,TTO,1992,80.81669
Trinidad and Tobago,TTO,1993,75.04474
Trinidad and Tobago,TTO,1994,78.65932
Trinidad and Tobago,TTO,1995,78.337265
Trinidad and Tobago,TTO,1996,77.6378
Trinidad and Tobago,TTO,1997,74.86783
Trinidad and Tobago,TTO,1998,74.39617
Trinidad and Tobago,TTO,1999,77.276024
Trinidad and Tobago,TTO,2000,76.43616
Trinidad and Tobago,TTO,2001,73.56447
Trinidad and Tobago,TTO,2002,84.65373
Trinidad and Tobago,TTO,2003,89.189865
Trinidad and Tobago,TTO,2004,82.83301
Trinidad and Tobago,TTO,2005,94.30742
Trinidad and Tobago,TTO,2006,95.15004
Trinidad and Tobago,TTO,2007,83.64878
Trinidad and Tobago,TTO,2008,80.0862
Trinidad and Tobago,TTO,2009,79.109535
Trinidad and Tobago,TTO,2010,72.47567
Trinidad and Tobago,TTO,2011,68.34508
Trinidad and Tobago,TTO,2012,60.269722
Trinidad and Tobago,TTO,2013,59.410603
Trinidad and Tobago,TTO,2014,58.77991
Trinidad and Tobago,TTO,2015,56.10478
Trinidad and Tobago,TTO,2016,50.37355
Trinidad and Tobago,TTO,2017,50.93855
Trinidad and Tobago,TTO,2018,45.36544
Trinidad and Tobago,TTO,2019,42.569534
Trinidad and Tobago,TTO,2020,39.91337
Trinidad and Tobago,TTO,2021,40.58855
Trinidad and Tobago,TTO,2022,39.335358
Trinidad and Tobago,TTO,2023,39.670555
Trinidad and Tobago,TTO,2024,35.24253
Trinidad and Tobago,TTO,2025,37.32225
Tunisia,TUN,1900,0
Tunisia,TUN,1901,0
Tunisia,TUN,1902,0
Tunisia,TUN,1903,0
Tunisia,TUN,1904,0
Tunisia,TUN,1905,0
Tunisia,TUN,1906,0
Tunisia,TUN,1907,0
Tunisia,TUN,1908,0
Tunisia,TUN,1909,0
Tunisia,TUN,1910,0
Tunisia,TUN,1911,0
Tunisia,TUN,1912,0
Tunisia,TUN,1913,0
Tunisia,TUN,1914,0
Tunisia,TUN,1915,0
Tunisia,TUN,1916,0
Tunisia,TUN,1917,0
Tunisia,TUN,1918,0
Tunisia,TUN,1919,0
Tunisia,TUN,1920,0
Tunisia,TUN,1921,0
Tunisia,TUN,1922,0
Tunisia,TUN,1923,0
Tunisia,TUN,1924,0
Tunisia,TUN,1925,0
Tunisia,TUN,1926,0
Tunisia,TUN,1927,0
Tunisia,TUN,1928,0
Tunisia,TUN,1929,0
Tunisia,TUN,1930,0
Tunisia,TUN,1931,0
Tunisia,TUN,1932,0
Tunisia,TUN,1933,0
Tunisia,TUN,1934,0
Tunisia,TUN,1935,0
Tunisia,TUN,1936,0
Tunisia,TUN,1937,0
Tunisia,TUN,1938,0
Tunisia,TUN,1939,0
Tunisia,TUN,1940,0
Tunisia,TUN,1941,0
Tunisia,TUN,1942,0
Tunisia,TUN,1943,0
Tunisia,TUN,1944,0
Tunisia,TUN,1945,0
Tunisia,TUN,1946,0
Tunisia,TUN,1947,0
Tunisia,TUN,1948,0
Tunisia,TUN,1949,0
Tunisia,TUN,1950,0
Tunisia,TUN,1951,0
Tunisia,TUN,1952,0
Tunisia,TUN,1953,0
Tunisia,TUN,1954,0
Tunisia,TUN,1955,0
Tunisia,TUN,1956,0
Tunisia,TUN,1957,0
Tunisia,TUN,1958,0
Tunisia,TUN,1959,0
Tunisia,TUN,1960,0
Tunisia,TUN,1961,0
Tunisia,TUN,1962,0
Tunisia,TUN,1963,0
Tunisia,TUN,1964,0
Tunisia,TUN,1965,0
Tunisia,TUN,1966,8.96673
Tunisia,TUN,1967,26.06283
Tunisia,TUN,1968,37.11133
Tunisia,TUN,1969,43.11241
Tunisia,TUN,1970,48.27613
Tunisia,TUN,1971,47.787674
Tunisia,TUN,1972,46.25251
Tunisia,TUN,1973,45.10114
Tunisia,TUN,1974,48.13657
Tunisia,TUN,1975,53.602673
Tunisia,TUN,1976,43.1473
Tunisia,TUN,1977,50.05552
Tunisia,TUN,1978,57.49872
Tunisia,TUN,1979,64.383675
Tunisia,TUN,1980,65.44201
Tunisia,TUN,1981,62.88341
Tunisia,TUN,1982,59.84798
Tunisia,TUN,1983,64.33716
Tunisia,TUN,1984,63.7324
Tunisia,TUN,1985,62.89504
Tunisia,TUN,1986,61.0575
Tunisia,TUN,1987,58.23141
Tunisia,TUN,1988,57.405678
Tunisia,TUN,1989,57.6848
Tunisia,TUN,1990,55.13085
Tunisia,TUN,1991,63.31721
Tunisia,TUN,1992,63.431183
Tunisia,TUN,1993,57.40801
Tunisia,TUN,1994,53.022335
Tunisia,TUN,1995,51.68023
Tunisia,TUN,1996,51.254574
Tunisia,TUN,1997,48.34591
Tunisia,TUN,1998,47.45505
Tunisia,TUN,1999,48.829716
Tunisia,TUN,2000,42.589058
Tunisia,TUN,2001,38.94887
Tunisia,TUN,2002,40.54218
Tunisia,TUN,2003,36.8671
Tunisia,TUN,2004,38.87909
Tunisia,TUN,2005,39.565258
Tunisia,TUN,2006,37.93706
Tunisia,TUN,2007,52.86998
Tunisia,TUN,2008,48.311016
Tunisia,TUN,2009,45.51982
Tunisia,TUN,2010,44.58942
Tunisia,TUN,2011,39.69319
Tunisia,TUN,2012,39.646667
Tunisia,TUN,2013,36.37864
Tunisia,TUN,2014,33.76189
Tunisia,TUN,2015,30.552011
Tunisia,TUN,2016,28.2609
Tunisia,TUN,2017,23.88802
Tunisia,TUN,2018,23.10881
Tunisia,TUN,2019,21.21312
Tunisia,TUN,2020,19.60818
Tunisia,TUN,2021,24.1904
Tunisia,TUN,2022,20.43391
Tunisia,TUN,2023,19.829151
Tunisia,TUN,2024,17.2124
Tunisia,TUN,2025,15.351601
Turkey,TUR,1900,0
Turkey,TUR,1901,0
Turkey,TUR,1902,0
Turkey,TUR,1903,0
Turkey,TUR,1904,0
Turkey,TUR,1905,0
Turkey,TUR,1906,0
Turkey,TUR,1907,0
Turkey,TUR,1908,0
Turkey,TUR,1909,0
Turkey,TUR,1910,0
Turkey,TUR,1911,0
Turkey,TUR,1912,0
Turkey,TUR,1913,0
Turkey,TUR,1914,0
Turkey,TUR,1915,0
Turkey,TUR,1916,0
Turkey,TUR,1917,0
Turkey,TUR,1918,0
Turkey,TUR,1919,0
Turkey,TUR,1920,0
Turkey,TUR,1921,0
Turkey,TUR,1922,0
Turkey,TUR,1923,0
Turkey,TUR,1924,0
Turkey,TUR,1925,0
Turkey,TUR,1926,0
Turkey,TUR,1927,0
Turkey,TUR,1928,0
Turkey,TUR,1929,0
Turkey,TUR,1930,0
Turkey,TUR,1931,0
Turkey,TUR,1932,0
Turkey,TUR,1933,0
Turkey,TUR,1934,0
Turkey,TUR,1935,0
Turkey,TUR,1936,0
Turkey,TUR,1937,0
Turkey,TUR,1938,0
Turkey,TUR,1939,0
Turkey,TUR,1940,0
Turkey,TUR,1941,0
Turkey,TUR,1942,0
Turkey,TUR,1943,0
Turkey,TUR,1944,0
Turkey,TUR,1945,0
Turkey,TUR,1946,0
Turkey,TUR,1947,0.011630001
Turkey,TUR,1948,0.03489
Turkey,TUR,1949,0.13956
Turkey,TUR,1950,0.19771
Turkey,TUR,1951,0.22096999
Turkey,TUR,1952,0.25586
Turkey,TUR,1953,0.31401
Turkey,TUR,1954,0.67454
Turkey,TUR,1955,2.08177
Turkey,TUR,1956,3.55878
Turkey,TUR,1957,3.4657402
Turkey,TUR,1958,3.8262699
Turkey,TUR,1959,4.5357
Turkey,TUR,1960,4.36125
Turkey,TUR,1961,5.14046
Turkey,TUR,1962,6.9198503
Turkey,TUR,1963,8.67598
Turkey,TUR,1964,10.71123
Turkey,TUR,1965,17.82879
Turkey,TUR,1966,23.736828
Turkey,TUR,1967,32.00576
Turkey,TUR,1968,36.09952
Turkey,TUR,1969,42.13549
Turkey,TUR,1970,41.193462
Turkey,TUR,1971,40.14676
Turkey,TUR,1972,39.40244
Turkey,TUR,1973,40.832928
Turkey,TUR,1974,38.48367
Turkey,TUR,1975,35.99485
Turkey,TUR,1976,30.17985
Turkey,TUR,1977,30.284521
Turkey,TUR,1978,31.76153
Turkey,TUR,1979,32.83149
Turkey,TUR,1980,0
Turkey,TUR,1981,0
Turkey,TUR,1982,0
Turkey,TUR,1983,0
Turkey,TUR,1984,0
Turkey,TUR,1985,0
Turkey,TUR,1986,0
Turkey,TUR,1987,0
Turkey,TUR,1988,0
Turkey,TUR,1989,0
Turkey,TUR,1990,0
Turkey,TUR,1991,0
Turkey,TUR,1992,0
Turkey,TUR,1993,0
Turkey,TUR,1994,0
Turkey,TUR,1995,0
Turkey,TUR,1996,0
Turkey,TUR,1997,0
Turkey,TUR,1998,0
Turkey,TUR,1999,0
Turkey,TUR,2000,0
Turkey,TUR,2001,0
Turkey,TUR,2002,0
Turkey,TUR,2003,28.94853
Turkey,TUR,2004,27.71734
Turkey,TUR,2005,27.806631
Turkey,TUR,2006,26.593014
Turkey,TUR,2007,26.27251
Turkey,TUR,2008,26.656004
Turkey,TUR,2009,29.537022
Turkey,TUR,2010,30.899597
Turkey,TUR,2011,29.237535
Turkey,TUR,2012,28.689356
Turkey,TUR,2013,29.56154
Turkey,TUR,2014,30.474009
Turkey,TUR,2015,31.009933
Turkey,TUR,2016,31.727999
Turkey,TUR,2017,31.432106
Turkey,TUR,2018,35.10116
Turkey,TUR,2019,36.764267
Turkey,TUR,2020,39.435078
Turkey,TUR,2021,42.37442
Turkey,TUR,2022,44.116047
Turkey,TUR,2023,50.41716
Turkey,TUR,2024,65.37813
Turkmenistan,TKM,1985,78.8514
Turkmenistan,TKM,1986,76.2928
Turkmenistan,TKM,1987,75.24609
Turkmenistan,TKM,1988,66.5236
Turkmenistan,TKM,1989,66.8725
Turkmenistan,TKM,1990,66.291
Turkmenistan,TKM,1991,62.802002
Turkmenistan,TKM,1992,60.475998
Turkmenistan,TKM,1993,50.962658
Turkmenistan,TKM,1994,48.75296
Turkmenistan,TKM,1995,47.334103
Turkmenistan,TKM,1996,50.64865
Turkmenistan,TKM,1997,62.42984
Turkmenistan,TKM,1998,74.07147
Turkmenistan,TKM,1999,82.14269
Turkmenistan,TKM,2000,84.666405
Turkmenistan,TKM,2001,90.07435
Turkmenistan,TKM,2002,95.4823
Turkmenistan,TKM,2003,101.2973
Turkmenistan,TKM,2004,107.2286
Turkmenistan,TKM,2005,113.1599
Turkmenistan,TKM,2006,116.1837
Turkmenistan,TKM,2007,119.4401
Turkmenistan,TKM,2008,123.33614
Turkmenistan,TKM,2009,126.4181
Turkmenistan,TKM,2010,129.4419
Turkmenistan,TKM,2011,133.8613
Turkmenistan,TKM,2012,139.4437
Turkmenistan,TKM,2013,145.02611
Turkmenistan,TKM,2014,149.44551
Turkmenistan,TKM,2015,153.8649
Turkmenistan,TKM,2016,153.2834
Turkmenistan,TKM,2017,151.82965
Turkmenistan,TKM,2018,145.47968
Turkmenistan,TKM,2019,142.0372
Turkmenistan,TKM,2020,120.96258
Turkmenistan,TKM,2021,113.91679
Turkmenistan,TKM,2022,111.326546
Turkmenistan,TKM,2023,105.59692
Turkmenistan,TKM,2024,104.78281
Turkmenistan,TKM,2025,105.949295
Turks and Caicos Islands,TCA,1980,0
Turks and Caicos Islands,TCA,1981,0
Turks and Caicos Islands,TCA,1982,0
Turks and Caicos Islands,TCA,1983,0
Turks and Caicos Islands,TCA,1984,0
Turks and Caicos Islands,TCA,1985,0
Turks and Caicos Islands,TCA,1986,0
Turks and Caicos Islands,TCA,1987,0
Turks and Caicos Islands,TCA,1988,0
Turks and Caicos Islands,TCA,1989,0
Turks and Caicos Islands,TCA,1990,0
Turks and Caicos Islands,TCA,1991,0
Turks and Caicos Islands,TCA,1992,0
Turks and Caicos Islands,TCA,1993,0
Turks and Caicos Islands,TCA,1994,0
Turks and Caicos Islands,TCA,1995,0
Turks and Caicos Islands,TCA,1996,0
Turks and Caicos Islands,TCA,1997,0
Turks and Caicos Islands,TCA,1998,0
Turks and Caicos Islands,TCA,1999,0
Turks and Caicos Islands,TCA,2000,0
Turks and Caicos Islands,TCA,2001,0
Turks and Caicos Islands,TCA,2002,0
Turks and Caicos Islands,TCA,2003,0
Turks and Caicos Islands,TCA,2004,0
Turks and Caicos Islands,TCA,2005,0
Turks and Caicos Islands,TCA,2006,0
Turks and Caicos Islands,TCA,2007,0
Turks and Caicos Islands,TCA,2008,0
Turks and Caicos Islands,TCA,2009,0
Turks and Caicos Islands,TCA,2010,0
Turks and Caicos Islands,TCA,2011,0
Turks and Caicos Islands,TCA,2012,0
Turks and Caicos Islands,TCA,2013,0
Turks and Caicos Islands,TCA,2014,0
Turks and Caicos Islands,TCA,2015,0
Turks and Caicos Islands,TCA,2016,0
Turks and Caicos Islands,TCA,2017,0
Turks and Caicos Islands,TCA,2018,0
Turks and Caicos Islands,TCA,2019,0
Turks and Caicos Islands,TCA,2020,0
Turks and Caicos Islands,TCA,2021,0
Turks and Caicos Islands,TCA,2022,0
Turks and Caicos Islands,TCA,2023,0
Turks and Caicos Islands,TCA,2024,0
Tuvalu,TUV,1980,0
Tuvalu,TUV,1981,0
Tuvalu,TUV,1982,0
Tuvalu,TUV,1983,0
Tuvalu,TUV,1984,0
Tuvalu,TUV,1985,0
Tuvalu,TUV,1986,0
Tuvalu,TUV,1987,0
Tuvalu,TUV,1988,0
Tuvalu,TUV,1989,0
Tuvalu,TUV,1990,0
Tuvalu,TUV,1991,0
Tuvalu,TUV,1992,0
Tuvalu,TUV,1993,0
Tuvalu,TUV,1994,0
Tuvalu,TUV,1995,0
Tuvalu,TUV,1996,0
Tuvalu,TUV,1997,0
Tuvalu,TUV,1998,0
Tuvalu,TUV,1999,0
Tuvalu,TUV,2000,0
Tuvalu,TUV,2001,0
Tuvalu,TUV,2002,0
Tuvalu,TUV,2003,0
Tuvalu,TUV,2004,0
Tuvalu,TUV,2005,0
Tuvalu,TUV,2006,0
Tuvalu,TUV,2007,0
Tuvalu,TUV,2008,0
Tuvalu,TUV,2009,0
Tuvalu,TUV,2010,0
Tuvalu,TUV,2011,0
Tuvalu,TUV,2012,0
Tuvalu,TUV,2013,0
Tuvalu,TUV,2014,0
Tuvalu,TUV,2015,0
Tuvalu,TUV,2016,0
Tuvalu,TUV,2017,0
Tuvalu,TUV,2018,0
Tuvalu,TUV,2019,0
Tuvalu,TUV,2020,0
Tuvalu,TUV,2021,0
Tuvalu,TUV,2022,0
Tuvalu,TUV,2023,0
Tuvalu,TUV,2024,0
USSR,OWID_USS,1900,120.27746
USSR,OWID_USS,1901,134.48932
USSR,OWID_USS,1902,127.74392
USSR,OWID_USS,1903,119.91693
USSR,OWID_USS,1904,124.72012
USSR,OWID_USS,1905,86.73654
USSR,OWID_USS,1906,93.87736
USSR,OWID_USS,1907,99.48302
USSR,OWID_USS,1908,100.33201
USSR,OWID_USS,1909,106.71687
USSR,OWID_USS,1910,110.96184
USSR,OWID_USS,1911,105.309654
USSR,OWID_USS,1912,106.58895
USSR,OWID_USS,1913,104.79793
USSR,OWID_USS,1914,103.8559
USSR,OWID_USS,1915,107.82173
USSR,OWID_USS,1916,114.799736
USSR,OWID_USS,1917,101.84391
USSR,OWID_USS,1918,42.9147
USSR,OWID_USS,1919,51.602306
USSR,OWID_USS,1920,45.357002
USSR,OWID_USS,1921,44.194
USSR,OWID_USS,1922,54.661
USSR,OWID_USS,1923,61.639004
USSR,OWID_USS,1924,70.943
USSR,OWID_USS,1925,82.573
USSR,OWID_USS,1926,96.529
USSR,OWID_USS,1927,119.789
USSR,OWID_USS,1928,134.908
USSR,OWID_USS,1929,159.331
USSR,OWID_USS,1930,215.155
USSR,OWID_USS,1931,260.512
USSR,OWID_USS,1932,248.88199
USSR,OWID_USS,1933,250.045
USSR,OWID_USS,1934,281.446
USSR,OWID_USS,1935,293.07602
USSR,OWID_USS,1936,318.662
USSR,OWID_USS,1937,331.455
USSR,OWID_USS,1938,351.226
USSR,OWID_USS,1939,352.38898
USSR,OWID_USS,1940,361.693
USSR,OWID_USS,1941,374.49762
USSR,OWID_USS,1942,357.98303
USSR,OWID_USS,1943,318.1968
USSR,OWID_USS,1944,433.03143
USSR,OWID_USS,1945,225.622
USSR,OWID_USS,1946,252.90599
USSR,OWID_USS,1947,302.63586
USSR,OWID_USS,1948,340.16586
USSR,OWID_USS,1949,388.95374
USSR,OWID_USS,1950,440.52112
USSR,OWID_USS,1951,491.40237
USSR,OWID_USS,1952,550.2269
USSR,OWID_USS,1953,613.7965
USSR,OWID_USS,1954,689.438
USSR,OWID_USS,1955,823.3226
USSR,OWID_USS,1956,974.66376
USSR,OWID_USS,1957,1143.764
USSR,OWID_USS,1958,1316.7021
USSR,OWID_USS,1959,1506.748
USSR,OWID_USS,1960,1719.6001
USSR,OWID_USS,1961,1931.3707
USSR,OWID_USS,1962,2166.0178
USSR,OWID_USS,1963,2396.5825
USSR,OWID_USS,1964,2600.503
USSR,OWID_USS,1965,2824.7874
USSR,OWID_USS,1966,3083.113
USSR,OWID_USS,1967,3350.603
USSR,OWID_USS,1968,3595.996
USSR,OWID_USS,1969,3818.129
USSR,OWID_USS,1970,4105.8438
USSR,OWID_USS,1971,4384.51
USSR,OWID_USS,1972,4656.652
USSR,OWID_USS,1973,4989.27
USSR,OWID_USS,1974,5337.007
USSR,OWID_USS,1975,5708.0156
USSR,OWID_USS,1976,6043.8438
USSR,OWID_USS,1977,6347.6426
USSR,OWID_USS,1978,6646.906
USSR,OWID_USS,1979,6810.528
USSR,OWID_USS,1980,7014.9834
USSR,OWID_USS,1981,7080.5767
USSR,OWID_USS,1982,7123.9683
USSR,OWID_USS,1983,7168.0693
USSR,OWID_USS,1984,7125.8174
Uganda,UGA,1980,0
Uganda,UGA,1981,0
Uganda,UGA,1982,0
Uganda,UGA,1983,0
Uganda,UGA,1984,0
Uganda,UGA,1985,0
Uganda,UGA,1986,0
Uganda,UGA,1987,0
Uganda,UGA,1988,0
Uganda,UGA,1989,0
Uganda,UGA,1990,0
Uganda,UGA,1991,0
Uganda,UGA,1992,0
Uganda,UGA,1993,0
Uganda,UGA,1994,0
Uganda,UGA,1995,0
Uganda,UGA,1996,0
Uganda,UGA,1997,0
Uganda,UGA,1998,0
Uganda,UGA,1999,0
Uganda,UGA,2000,0
Uganda,UGA,2001,0
Uganda,UGA,2002,0
Uganda,UGA,2003,0
Uganda,UGA,2004,0
Uganda,UGA,2005,0
Uganda,UGA,2006,0
Uganda,UGA,2007,0
Uganda,UGA,2008,0
Uganda,UGA,2009,0
Uganda,UGA,2010,0
Uganda,UGA,2011,0
Uganda,UGA,2012,0
Uganda,UGA,2013,0
Uganda,UGA,2014,0
Uganda,UGA,2015,0
Uganda,UGA,2016,0
Uganda,UGA,2017,0
Uganda,UGA,2018,0
Uganda,UGA,2019,0
Uganda,UGA,2020,0
Uganda,UGA,2021,0
Uganda,UGA,2022,0
Uganda,UGA,2023,0
Uganda,UGA,2024,0
Ukraine,UKR,1992,54.128597
Ukraine,UKR,1993,49.762848
Ukraine,UKR,1994,52.500233
Ukraine,UKR,1995,51.057198
Ukraine,UKR,1996,51.011513
Ukraine,UKR,1997,51.574936
Ukraine,UKR,1998,48.61505
Ukraine,UKR,1999,47.03689
Ukraine,UKR,2000,46.025032
Ukraine,UKR,2001,46.14281
Ukraine,UKR,2002,46.499153
Ukraine,UKR,2003,48.864746
Ukraine,UKR,2004,53.19028
Ukraine,UKR,2005,54.527508
Ukraine,UKR,2006,56.395016
Ukraine,UKR,2007,55.627705
Ukraine,UKR,2008,52.350674
Ukraine,UKR,2009,49.19049
Ukraine,UKR,2010,43.877758
Ukraine,UKR,2011,41.420723
Ukraine,UKR,2012,41.709576
Ukraine,UKR,2013,38.415546
Ukraine,UKR,2014,34.140453
Ukraine,UKR,2015,30.477299
Ukraine,UKR,2016,28.315613
Ukraine,UKR,2017,27.307371
Ukraine,UKR,2018,28.82907
Ukraine,UKR,2019,30.78727
Ukraine,UKR,2020,30.404503
Ukraine,UKR,2021,30.287477
Ukraine,UKR,2022,6.191736
Ukraine,UKR,2023,0
Ukraine,UKR,2024,0
United Arab Emirates,ARE,1900,0
United Arab Emirates,ARE,1901,0
United Arab Emirates,ARE,1902,0
United Arab Emirates,ARE,1903,0
United Arab Emirates,ARE,1904,0
United Arab Emirates,ARE,1905,0
United Arab Emirates,ARE,1906,0
United Arab Emirates,ARE,1907,0
United Arab Emirates,ARE,1908,0
United Arab Emirates,ARE,1909,0
United Arab Emirates,ARE,1910,0
United Arab Emirates,ARE,1911,0
United Arab Emirates,ARE,1912,0
United Arab Emirates,ARE,1913,0
United Arab Emirates,ARE,1914,0
United Arab Emirates,ARE,1915,0
United Arab Emirates,ARE,1916,0
United Arab Emirates,ARE,1917,0
United Arab Emirates,ARE,1918,0
United Arab Emirates,ARE,1919,0
United Arab Emirates,ARE,1920,0
United Arab Emirates,ARE,1921,0
United Arab Emirates,ARE,1922,0
United Arab Emirates,ARE,1923,0
United Arab Emirates,ARE,1924,0
United Arab Emirates,ARE,1925,0
United Arab Emirates,ARE,1926,0
United Arab Emirates,ARE,1927,0
United Arab Emirates,ARE,1928,0
United Arab Emirates,ARE,1929,0
United Arab Emirates,ARE,1930,0
United Arab Emirates,ARE,1931,0
United Arab Emirates,ARE,1932,0
United Arab Emirates,ARE,1933,0
United Arab Emirates,ARE,1934,0
United Arab Emirates,ARE,1935,0
United Arab Emirates,ARE,1936,0
United Arab Emirates,ARE,1937,0
United Arab Emirates,ARE,1938,0
United Arab Emirates,ARE,1939,0
United Arab Emirates,ARE,1940,0
United Arab Emirates,ARE,1941,0
United Arab Emirates,ARE,1942,0
United Arab Emirates,ARE,1943,0
United Arab Emirates,ARE,1944,0
United Arab Emirates,ARE,1945,0
United Arab Emirates,ARE,1946,0
United Arab Emirates,ARE,1947,0
United Arab Emirates,ARE,1948,0
United Arab Emirates,ARE,1949,0
United Arab Emirates,ARE,1950,0
United Arab Emirates,ARE,1951,0
United Arab Emirates,ARE,1952,0
United Arab Emirates,ARE,1953,0
United Arab Emirates,ARE,1954,0
United Arab Emirates,ARE,1955,0
United Arab Emirates,ARE,1956,0
United Arab Emirates,ARE,1957,0
United Arab Emirates,ARE,1958,0
United Arab Emirates,ARE,1959,0
United Arab Emirates,ARE,1960,0
United Arab Emirates,ARE,1961,0
United Arab Emirates,ARE,1962,9.28074
United Arab Emirates,ARE,1963,28.214382
United Arab Emirates,ARE,1964,105.786476
United Arab Emirates,ARE,1965,158.93922
United Arab Emirates,ARE,1966,202.75732
United Arab Emirates,ARE,1967,215.20438
United Arab Emirates,ARE,1968,280.45877
United Arab Emirates,ARE,1969,353.58624
United Arab Emirates,ARE,1970,439.08228
United Arab Emirates,ARE,1971,596.7261
United Arab Emirates,ARE,1972,679.2343
United Arab Emirates,ARE,1973,863.18304
United Arab Emirates,ARE,1974,945.41235
United Arab Emirates,ARE,1975,937.07684
United Arab Emirates,ARE,1976,1093.5983
United Arab Emirates,ARE,1977,1125.703
United Arab Emirates,ARE,1978,1030.9652
United Arab Emirates,ARE,1979,1031.0718
United Arab Emirates,ARE,1980,974.6628
United Arab Emirates,ARE,1981,861.628
United Arab Emirates,ARE,1982,749.46564
United Arab Emirates,ARE,1983,705.9224
United Arab Emirates,ARE,1984,676.1817
United Arab Emirates,ARE,1985,650.8159
United Arab Emirates,ARE,1986,751.5359
United Arab Emirates,ARE,1987,793.14496
United Arab Emirates,ARE,1988,837.8947
United Arab Emirates,ARE,1989,989.44775
United Arab Emirates,ARE,1990,1083.3516
United Arab Emirates,ARE,1991,1242.6837
United Arab Emirates,ARE,1992,1368.6174
United Arab Emirates,ARE,1993,1330.0209
United Arab Emirates,ARE,1994,1341.0413
United Arab Emirates,ARE,1995,1330.6033
United Arab Emirates,ARE,1996,1359.7686
United Arab Emirates,ARE,1997,1364.287
United Arab Emirates,ARE,1998,1413.2999
United Arab Emirates,ARE,1999,1302.8959
United Arab Emirates,ARE,2000,1413.3167
United Arab Emirates,ARE,2001,1377.1503
United Arab Emirates,ARE,2002,1267.8835
United Arab Emirates,ARE,2003,1467.5858
United Arab Emirates,ARE,2004,1526.739
United Arab Emirates,ARE,2005,1588.1108
United Arab Emirates,ARE,2006,1693.9802
United Arab Emirates,ARE,2007,1670.5735
United Arab Emirates,ARE,2008,1689.2214
United Arab Emirates,ARE,2009,1498.1176
United Arab Emirates,ARE,2010,1561.2549
United Arab Emirates,ARE,2011,1737.4958
United Arab Emirates,ARE,2012,1801.5312
United Arab Emirates,ARE,2013,1879.6893
United Arab Emirates,ARE,2014,1895.0093
United Arab Emirates,ARE,2015,2036.3232
United Arab Emirates,ARE,2016,2112.0898
United Arab Emirates,ARE,2017,2034.374
United Arab Emirates,ARE,2018,2046.3977
United Arab Emirates,ARE,2019,2092.2188
United Arab Emirates,ARE,2020,1941.3671
United Arab Emirates,ARE,2021,1930.4508
United Arab Emirates,ARE,2022,2157.3184
United Arab Emirates,ARE,2023,2096.1228
United Arab Emirates,ARE,2024,2090.4954
United Arab Emirates,ARE,2025,2198.67
United Kingdom,GBR,1900,0
United Kingdom,GBR,1901,0
United Kingdom,GBR,1902,0
United Kingdom,GBR,1903,0
United Kingdom,GBR,1904,0
United Kingdom,GBR,1905,0
United Kingdom,GBR,1906,0
United Kingdom,GBR,1907,0
United Kingdom,GBR,1908,0
United Kingdom,GBR,1909,0
United Kingdom,GBR,1910,0
United Kingdom,GBR,1911,0
United Kingdom,GBR,1912,0
United Kingdom,GBR,1913,0
United Kingdom,GBR,1914,0
United Kingdom,GBR,1915,0
United Kingdom,GBR,1916,0
United Kingdom,GBR,1917,0
United Kingdom,GBR,1918,0
United Kingdom,GBR,1919,0
United Kingdom,GBR,1920,0
United Kingdom,GBR,1921,0
United Kingdom,GBR,1922,0
United Kingdom,GBR,1923,0
United Kingdom,GBR,1924,0
United Kingdom,GBR,1925,0
United Kingdom,GBR,1926,0
United Kingdom,GBR,1927,0
United Kingdom,GBR,1928,0
United Kingdom,GBR,1929,0
United Kingdom,GBR,1930,0
United Kingdom,GBR,1931,0
United Kingdom,GBR,1932,0
United Kingdom,GBR,1933,0
United Kingdom,GBR,1934,0
United Kingdom,GBR,1935,0
United Kingdom,GBR,1936,0
United Kingdom,GBR,1937,0
United Kingdom,GBR,1938,0
United Kingdom,GBR,1939,0.046520002
United Kingdom,GBR,1940,0.19771
United Kingdom,GBR,1941,0.36053
United Kingdom,GBR,1942,0.96528995
United Kingdom,GBR,1943,1.33745
United Kingdom,GBR,1944,1.11648
United Kingdom,GBR,1945,0.84898996
United Kingdom,GBR,1946,0.65128005
United Kingdom,GBR,1947,0.54661
United Kingdom,GBR,1948,0.51172
United Kingdom,GBR,1949,0.53498
United Kingdom,GBR,1950,0.53498
United Kingdom,GBR,1951,0.52335
United Kingdom,GBR,1952,0.65128005
United Kingdom,GBR,1953,0.63965
United Kingdom,GBR,1954,0.68617
United Kingdom,GBR,1955,0.62802
United Kingdom,GBR,1956,0.76758
United Kingdom,GBR,1957,0.95366
United Kingdom,GBR,1958,0.93039995
United Kingdom,GBR,1959,0.96528995
United Kingdom,GBR,1960,1.00018
United Kingdom,GBR,1961,1.23278
United Kingdom,GBR,1962,1.29093
United Kingdom,GBR,1963,1.43049
United Kingdom,GBR,1964,1.47701
United Kingdom,GBR,1965,0.97692
United Kingdom,GBR,1966,0.90714
United Kingdom,GBR,1967,1.0350701
United Kingdom,GBR,1968,0.97692
United Kingdom,GBR,1969,0.98855
United Kingdom,GBR,1970,1.81428
United Kingdom,GBR,1971,2.46556
United Kingdom,GBR,1972,3.87279
United Kingdom,GBR,1973,4.32636
United Kingdom,GBR,1974,4.7683
United Kingdom,GBR,1975,18.23584
United Kingdom,GBR,1976,141.52547
United Kingdom,GBR,1977,445.02194
United Kingdom,GBR,1978,628.0898
United Kingdom,GBR,1979,905.44196
United Kingdom,GBR,1980,935.83124
United Kingdom,GBR,1981,1040.6525
United Kingdom,GBR,1982,1200.437
United Kingdom,GBR,1983,1336.9847
United Kingdom,GBR,1984,1466.136
United Kingdom,GBR,1985,1484.116
United Kingdom,GBR,1986,1477.8009
United Kingdom,GBR,1987,1434.5721
United Kingdom,GBR,1988,1331.1582
United Kingdom,GBR,1989,1066.5873
United Kingdom,GBR,1990,1065.3545
United Kingdom,GBR,1991,1061.3539
United Kingdom,GBR,1992,1096.1392
United Kingdom,GBR,1993,1165.1981
United Kingdom,GBR,1994,1471.6835
United Kingdom,GBR,1995,1510.6672
United Kingdom,GBR,1996,1508.8878
United Kingdom,GBR,1997,1487.2793
United Kingdom,GBR,1998,1542.5217
United Kingdom,GBR,1999,1594.4613
United Kingdom,GBR,2000,1468.2295
United Kingdom,GBR,2001,1356.9696
United Kingdom,GBR,2002,1348.4318
United Kingdom,GBR,2003,1233.6282
United Kingdom,GBR,2004,1109.1997
United Kingdom,GBR,2005,985.30664
United Kingdom,GBR,2006,890.6003
United Kingdom,GBR,2007,890.5683
United Kingdom,GBR,2008,834.9041
United Kingdom,GBR,2009,793.149
United Kingdom,GBR,2010,732.2435
United Kingdom,GBR,2011,604.4393
United Kingdom,GBR,2012,518.2424
United Kingdom,GBR,2013,472.7175
United Kingdom,GBR,2014,464.36172
United Kingdom,GBR,2015,526.6963
United Kingdom,GBR,2016,551.78046
United Kingdom,GBR,2017,542.3107
United Kingdom,GBR,2018,591.6227
United Kingdom,GBR,2019,602.63995
United Kingdom,GBR,2020,569.69855
United Kingdom,GBR,2021,475.24493
United Kingdom,GBR,2022,439.0581
United Kingdom,GBR,2023,388.9751
United Kingdom,GBR,2024,353.4079
United Kingdom,GBR,2025,362.62238
United States,USA,1900,98.64566
United States,USA,1901,107.60076
United States,USA,1902,137.64105
United States,USA,1903,155.78386
United States,USA,1904,181.55592
United States,USA,1905,208.89806
United States,USA,1906,196.15157
United States,USA,1907,257.55798
United States,USA,1908,276.8405
United States,USA,1909,284.0395
United States,USA,1910,324.95383
United States,USA,1911,341.84058
United States,USA,1912,345.70175
United States,USA,1913,385.25537
United States,USA,1914,412.10907
United States,USA,1915,435.8924
United States,USA,1916,466.36298
United States,USA,1917,519.9773
United States,USA,1918,551.9249
United States,USA,1919,605.9114
United States,USA,1920,722.4789
United States,USA,1921,752.67035
United States,USA,1922,888.7065
United States,USA,1923,1167.3147
United States,USA,1924,1140.0192
United States,USA,1925,1216.7539
United States,USA,1926,1238.2926
United States,USA,1927,1436.1422
United States,USA,1928,1437.375
United States,USA,1929,1606.1495
United States,USA,1930,1431.8507
United States,USA,1931,1357.0233
United States,USA,1932,1251.9113
United States,USA,1933,1425.0938
United States,USA,1934,1429.6875
United States,USA,1935,1566.2703
United States,USA,1936,1728.2878
United States,USA,1937,2010.42
United States,USA,1938,1908.5643
United States,USA,1939,1988.1019
United States,USA,1940,2126.813
United States,USA,1941,2203.8386
United States,USA,1942,2179.3457
United States,USA,1943,2365.635
United States,USA,1944,2637.1143
United States,USA,1945,2693.2986
United States,USA,1946,2725.1765
United States,USA,1947,2918.5718
United States,USA,1948,3175.0713
United States,USA,1949,2894.928
United States,USA,1950,3101.8142
United States,USA,1951,3532.659
United States,USA,1952,3598.8684
United States,USA,1953,3704.562
United States,USA,1954,3638.3992
United States,USA,1955,3904.7026
United States,USA,1956,4113.508
United States,USA,1957,4112.903
United States,USA,1958,3849.0066
United States,USA,1959,4046.414
United States,USA,1960,4046.9492
United States,USA,1961,4120.544
United States,USA,1962,4206.094
United States,USA,1963,4326.3716
United States,USA,1964,4379.963
United States,USA,1965,4974.0864
United States,USA,1966,5286.2866
United States,USA,1967,5631.4976
United States,USA,1968,5848.4985
United States,USA,1969,5947.0205
United States,USA,1970,6204.4873
United States,USA,1971,6116.076
United States,USA,1972,6139.336
United States,USA,1973,5985.4062
United States,USA,1974,5715.055
United States,USA,1975,5463.43
United States,USA,1976,5326.305
United States,USA,1977,5382.4077
United States,USA,1978,5631.312
United States,USA,1979,5547.409
United States,USA,1980,5584.649
United States,USA,1981,5568.406
United States,USA,1982,5590.811
United States,USA,1983,5616.8555
United States,USA,1984,5770.069
United States,USA,1985,5799.941
United States,USA,1986,5609.4917
United States,USA,1987,5434.2373
United States,USA,1988,5338.8906
United States,USA,1989,4989.655
United States,USA,1990,4845.259
United States,USA,1991,4918.2886
United States,USA,1992,4803.5605
United States,USA,1993,4617.1855
United States,USA,1994,4506.6177
United States,USA,1995,4460.73
United States,USA,1996,4443.334
United States,USA,1997,4418.8193
United States,USA,1998,4281.3467
United States,USA,1999,4101.04
United States,USA,2000,4042.3733
United States,USA,2001,4006.6648
United States,USA,2002,3976.3623
United States,USA,2003,3867.6333
United States,USA,2004,3783.905
United States,USA,2005,3593.5337
United States,USA,2006,3541.373
United States,USA,2007,3546.8767
United States,USA,2008,3514.8438
United States,USA,2009,3751.6802
United States,USA,2010,3874.478
United States,USA,2011,4028.8867
United States,USA,2012,4597.0796
United States,USA,2013,5216.947
United States,USA,2014,6095.6357
United States,USA,2015,6591.239
United States,USA,2016,6314.9414
United States,USA,2017,6679.736
United States,USA,2018,7788.3237
United States,USA,2019,8735.928
United States,USA,2020,8306.166
United States,USA,2021,8351.302
United States,USA,2022,8917.285
United States,USA,2023,9652.758
United States,USA,2024,10035.543
United States,USA,2025,10349.585
United States Virgin Islands,VIR,1980,0
United States Virgin Islands,VIR,1981,0
United States Virgin Islands,VIR,1982,0
United States Virgin Islands,VIR,1983,0
United States Virgin Islands,VIR,1984,0
United States Virgin Islands,VIR,1985,0
United States Virgin Islands,VIR,1986,0
United States Virgin Islands,VIR,1987,0
United States Virgin Islands,VIR,1988,0
United States Virgin Islands,VIR,1989,0
United States Virgin Islands,VIR,1990,0
United States Virgin Islands,VIR,1991,0
United States Virgin Islands,VIR,1992,0
United States Virgin Islands,VIR,1993,0
United States Virgin Islands,VIR,1994,0
United States Virgin Islands,VIR,1995,0
United States Virgin Islands,VIR,1996,0
United States Virgin Islands,VIR,1997,0
United States Virgin Islands,VIR,1998,0
United States Virgin Islands,VIR,1999,0
United States Virgin Islands,VIR,2000,0
United States Virgin Islands,VIR,2001,0
United States Virgin Islands,VIR,2002,0
United States Virgin Islands,VIR,2003,0
United States Virgin Islands,VIR,2004,0
United States Virgin Islands,VIR,2005,0
United States Virgin Islands,VIR,2006,0
United States Virgin Islands,VIR,2007,0
United States Virgin Islands,VIR,2008,0
United States Virgin Islands,VIR,2009,0
United States Virgin Islands,VIR,2010,0
United States Virgin Islands,VIR,2011,0
United States Virgin Islands,VIR,2012,0
United States Virgin Islands,VIR,2013,0
United States Virgin Islands,VIR,2014,0
United States Virgin Islands,VIR,2015,0
United States Virgin Islands,VIR,2016,0
United States Virgin Islands,VIR,2017,0
United States Virgin Islands,VIR,2018,0
United States Virgin Islands,VIR,2019,0
United States Virgin Islands,VIR,2020,0
United States Virgin Islands,VIR,2021,0
United States Virgin Islands,VIR,2022,0
United States Virgin Islands,VIR,2023,0
United States Virgin Islands,VIR,2024,0
Upper-middle-income countries,OWID_UMC,1965,6697.089
Upper-middle-income countries,OWID_UMC,1966,7435.6597
Upper-middle-income countries,OWID_UMC,1967,8159.715
Upper-middle-income countries,OWID_UMC,1968,9362.805
Upper-middle-income countries,OWID_UMC,1969,10349.687
Upper-middle-income countries,OWID_UMC,1970,11381.586
Upper-middle-income countries,OWID_UMC,1971,11865.089
Upper-middle-income countries,OWID_UMC,1972,12429.933
Upper-middle-income countries,OWID_UMC,1973,13894.745
Upper-middle-income countries,OWID_UMC,1974,14129.294
Upper-middle-income countries,OWID_UMC,1975,14420.639
Upper-middle-income countries,OWID_UMC,1976,15826.555
Upper-middle-income countries,OWID_UMC,1977,16382.671
Upper-middle-income countries,OWID_UMC,1978,16829.547
Upper-middle-income countries,OWID_UMC,1979,16608.256
Upper-middle-income countries,OWID_UMC,1980,15418.493
Upper-middle-income countries,OWID_UMC,1981,14186.43
Upper-middle-income countries,OWID_UMC,1982,15042.004
Upper-middle-income countries,OWID_UMC,1983,15316.655
Upper-middle-income countries,OWID_UMC,1984,15403.9795
Upper-middle-income countries,OWID_UMC,1985,9019.679
Upper-middle-income countries,OWID_UMC,1986,9357.999
Upper-middle-income countries,OWID_UMC,1987,9863.051
Upper-middle-income countries,OWID_UMC,1988,10269.072
Upper-middle-income countries,OWID_UMC,1989,10820.669
Upper-middle-income countries,OWID_UMC,1990,11036.986
Upper-middle-income countries,OWID_UMC,1991,10353.887
Upper-middle-income countries,OWID_UMC,1992,10545.212
Upper-middle-income countries,OWID_UMC,1993,10606.62
Upper-middle-income countries,OWID_UMC,1994,10763.376
Upper-middle-income countries,OWID_UMC,1995,10937.736
Upper-middle-income countries,OWID_UMC,1996,11470.109
Upper-middle-income countries,OWID_UMC,1997,12113.67
Upper-middle-income countries,OWID_UMC,1998,12945.35
Upper-middle-income countries,OWID_UMC,1999,13053.689
Upper-middle-income countries,OWID_UMC,2000,13565.041
Upper-middle-income countries,OWID_UMC,2001,13618.53
Upper-middle-income countries,OWID_UMC,2002,13484.214
Upper-middle-income countries,OWID_UMC,2003,13700.413
Upper-middle-income countries,OWID_UMC,2004,14563.659
Upper-middle-income countries,OWID_UMC,2005,14736.3545
Upper-middle-income countries,OWID_UMC,2006,15019.081
Upper-middle-income countries,OWID_UMC,2007,15182.015
Upper-middle-income countries,OWID_UMC,2008,15362.864
Upper-middle-income countries,OWID_UMC,2009,15172.201
Upper-middle-income countries,OWID_UMC,2010,15544.145
Upper-middle-income countries,OWID_UMC,2011,14990.772
Upper-middle-income countries,OWID_UMC,2012,15314.786
Upper-middle-income countries,OWID_UMC,2013,14906.327
Upper-middle-income countries,OWID_UMC,2014,14866.162
Upper-middle-income countries,OWID_UMC,2015,15359.615
Upper-middle-income countries,OWID_UMC,2016,15733.851
Upper-middle-income countries,OWID_UMC,2017,16037.071
Upper-middle-income countries,OWID_UMC,2018,15928.599
Upper-middle-income countries,OWID_UMC,2019,15447.701
Upper-middle-income countries,OWID_UMC,2020,14220.105
Upper-middle-income countries,OWID_UMC,2021,14885.203
Upper-middle-income countries,OWID_UMC,2022,15348.582
Upper-middle-income countries,OWID_UMC,2023,16147.285
Upper-middle-income countries,OWID_UMC,2024,16333.363
Upper-middle-income countries,OWID_UMC,2025,16998.463
Uruguay,URY,1980,0
Uruguay,URY,1981,0
Uruguay,URY,1982,0
Uruguay,URY,1983,0
Uruguay,URY,1984,0
Uruguay,URY,1985,0
Uruguay,URY,1986,0
Uruguay,URY,1987,0
Uruguay,URY,1988,0
Uruguay,URY,1989,0
Uruguay,URY,1990,0
Uruguay,URY,1991,0
Uruguay,URY,1992,0
Uruguay,URY,1993,0
Uruguay,URY,1994,0
Uruguay,URY,1995,0
Uruguay,URY,1996,0
Uruguay,URY,1997,0
Uruguay,URY,1998,0
Uruguay,URY,1999,0
Uruguay,URY,2000,0
Uruguay,URY,2001,0
Uruguay,URY,2002,0
Uruguay,URY,2003,0
Uruguay,URY,2004,0
Uruguay,URY,2005,0
Uruguay,URY,2006,0
Uruguay,URY,2007,0
Uruguay,URY,2008,0
Uruguay,URY,2009,0
Uruguay,URY,2010,0
Uruguay,URY,2011,0
Uruguay,URY,2012,0
Uruguay,URY,2013,0
Uruguay,URY,2014,0
Uruguay,URY,2015,0
Uruguay,URY,2016,0
Uruguay,URY,2017,0
Uruguay,URY,2018,0
Uruguay,URY,2019,0
Uruguay,URY,2020,0
Uruguay,URY,2021,0
Uruguay,URY,2022,0
Uruguay,URY,2023,0
Uruguay,URY,2024,0
Uzbekistan,UZB,1985,26.8653
Uzbekistan,UZB,1986,29.4239
Uzbekistan,UZB,1987,31.052101
Uzbekistan,UZB,1988,28.377201
Uzbekistan,UZB,1989,31.401001
Uzbekistan,UZB,1990,32.564
Uzbekistan,UZB,1991,32.564
Uzbekistan,UZB,1992,38.378998
Uzbekistan,UZB,1993,46.531628
Uzbekistan,UZB,1994,64.16271
Uzbekistan,UZB,1995,88.23681
Uzbekistan,UZB,1996,88.655495
Uzbekistan,UZB,1997,91.77233
Uzbekistan,UZB,1998,95.086876
Uzbekistan,UZB,1999,94.203
Uzbekistan,UZB,2000,87.64368
Uzbekistan,UZB,2001,83.88138
Uzbekistan,UZB,2002,84.12793
Uzbekistan,UZB,2003,83.37199
Uzbekistan,UZB,2004,76.95571
Uzbekistan,UZB,2005,63.37187
Uzbekistan,UZB,2006,63.36606
Uzbekistan,UZB,2007,59.961952
Uzbekistan,UZB,2008,57.202156
Uzbekistan,UZB,2009,51.325226
Uzbekistan,UZB,2010,46.95539
Uzbekistan,UZB,2011,43.463383
Uzbekistan,UZB,2012,38.810474
Uzbekistan,UZB,2013,36.834316
Uzbekistan,UZB,2014,33.343815
Uzbekistan,UZB,2015,31.727688
Uzbekistan,UZB,2016,30.417183
Uzbekistan,UZB,2017,32.17584
Uzbekistan,UZB,2018,33.62134
Uzbekistan,UZB,2019,32.7431
Uzbekistan,UZB,2020,23.613552
Uzbekistan,UZB,2021,24.39974
Uzbekistan,UZB,2022,24.13225
Uzbekistan,UZB,2023,23.00065
Uzbekistan,UZB,2024,22.115608
Uzbekistan,UZB,2025,20.550209
Vanuatu,VUT,1980,0
Vanuatu,VUT,1981,0
Vanuatu,VUT,1982,0
Vanuatu,VUT,1983,0
Vanuatu,VUT,1984,0
Vanuatu,VUT,1985,0
Vanuatu,VUT,1986,0
Vanuatu,VUT,1987,0
Vanuatu,VUT,1988,0
Vanuatu,VUT,1989,0
Vanuatu,VUT,1990,0
Vanuatu,VUT,1991,0
Vanuatu,VUT,1992,0
Vanuatu,VUT,1993,0
Vanuatu,VUT,1994,0
Vanuatu,VUT,1995,0
Vanuatu,VUT,1996,0
Vanuatu,VUT,1997,0
Vanuatu,VUT,1998,0
Vanuatu,VUT,1999,0
Vanuatu,VUT,2000,0
Vanuatu,VUT,2001,0
Vanuatu,VUT,2002,0
Vanuatu,VUT,2003,0
Vanuatu,VUT,2004,0
Vanuatu,VUT,2005,0
Vanuatu,VUT,2006,0
Vanuatu,VUT,2007,0
Vanuatu,VUT,2008,0
Vanuatu,VUT,2009,0
Vanuatu,VUT,2010,0
Vanuatu,VUT,2011,0
Vanuatu,VUT,2012,0
Vanuatu,VUT,2013,0
Vanuatu,VUT,2014,0
Vanuatu,VUT,2015,0
Vanuatu,VUT,2016,0
Vanuatu,VUT,2017,0
Vanuatu,VUT,2018,0
Vanuatu,VUT,2019,0
Vanuatu,VUT,2020,0
Vanuatu,VUT,2021,0
Vanuatu,VUT,2022,0
Vanuatu,VUT,2023,0
Vanuatu,VUT,2024,0
Venezuela,VEN,1900,0
Venezuela,VEN,1901,0
Venezuela,VEN,1902,0
Venezuela,VEN,1903,0
Venezuela,VEN,1904,0
Venezuela,VEN,1905,0
Venezuela,VEN,1906,0
Venezuela,VEN,1907,0
Venezuela,VEN,1908,0
Venezuela,VEN,1909,0
Venezuela,VEN,1910,0
Venezuela,VEN,1911,0
Venezuela,VEN,1912,0
Venezuela,VEN,1913,0
Venezuela,VEN,1914,0.023260001
Venezuela,VEN,1915,0.058149997
Venezuela,VEN,1916,0.116299994
Venezuela,VEN,1917,0.20933999
Venezuela,VEN,1918,0.55824
Venezuela,VEN,1919,0.53498
Venezuela,VEN,1920,0.80246997
Venezuela,VEN,1921,2.5353398
Venezuela,VEN,1922,3.8960502
Venezuela,VEN,1923,7.43157
Venezuela,VEN,1924,15.51442
Venezuela,VEN,1925,33.54092
Venezuela,VEN,1926,60.569042
Venezuela,VEN,1927,101.58804
Venezuela,VEN,1928,178.15997
Venezuela,VEN,1929,230.72758
Venezuela,VEN,1930,233.4141
Venezuela,VEN,1931,199.98947
Venezuela,VEN,1932,198.71019
Venezuela,VEN,1933,201.07106
Venezuela,VEN,1934,233.82115
Venezuela,VEN,1935,255.80186
Venezuela,VEN,1936,266.88525
Venezuela,VEN,1937,322.4999
Venezuela,VEN,1938,326.46573
Venezuela,VEN,1939,355.09882
Venezuela,VEN,1940,319.1621
Venezuela,VEN,1941,387.814
Venezuela,VEN,1942,250.56834
Venezuela,VEN,1943,302.01947
Venezuela,VEN,1944,430.26346
Venezuela,VEN,1945,538.9458
Venezuela,VEN,1946,647.8026
Venezuela,VEN,1947,724.7351
Venezuela,VEN,1948,816.56555
Venezuela,VEN,1949,798.1436
Venezuela,VEN,1950,905.98865
Venezuela,VEN,1951,1036.2213
Venezuela,VEN,1952,1100.9656
Venezuela,VEN,1953,1071.53
Venezuela,VEN,1954,1151.3816
Venezuela,VEN,1955,1314.6669
Venezuela,VEN,1956,1502.3053
Venezuela,VEN,1957,1695.9099
Venezuela,VEN,1958,1577.3885
Venezuela,VEN,1959,1684.4312
Venezuela,VEN,1960,1737.0336
Venezuela,VEN,1961,1774.9241
Venezuela,VEN,1962,1943.8381
Venezuela,VEN,1963,1973.1226
Venezuela,VEN,1964,2072.0356
Venezuela,VEN,1965,2141.2454
Venezuela,VEN,1966,2079.28
Venezuela,VEN,1967,2185.5684
Venezuela,VEN,1968,2230.1965
Venezuela,VEN,1969,2219.0684
Venezuela,VEN,1970,2293.8787
Venezuela,VEN,1971,2208.2644
Venezuela,VEN,1972,2021.4376
Venezuela,VEN,1973,2110.0837
Venezuela,VEN,1974,1868.362
Venezuela,VEN,1975,1478.1473
Venezuela,VEN,1976,1451.5715
Venezuela,VEN,1977,1412.9277
Venezuela,VEN,1978,1360.4202
Venezuela,VEN,1979,1481.2926
Venezuela,VEN,1980,1364.7378
Venezuela,VEN,1981,1321.3466
Venezuela,VEN,1982,1193.1802
Venezuela,VEN,1983,1131.2377
Venezuela,VEN,1984,1135.138
Venezuela,VEN,1985,1064.192
Venezuela,VEN,1986,1150.7296
Venezuela,VEN,1987,1165.9482
Venezuela,VEN,1988,1223.4188
Venezuela,VEN,1989,1228.8223
Venezuela,VEN,1990,1369.9797
Venezuela,VEN,1991,1527.3145
Venezuela,VEN,1992,1530.3914
Venezuela,VEN,1993,1583.2775
Venezuela,VEN,1994,1680.295
Venezuela,VEN,1995,1806.4308
Venezuela,VEN,1996,1921.0215
Venezuela,VEN,1997,1994.7681
Venezuela,VEN,1998,2067.4336
Venezuela,VEN,1999,1849.905
Venezuela,VEN,2000,1864.1425
Venezuela,VEN,2001,1896.0684
Venezuela,VEN,2002,1775.8738
Venezuela,VEN,2003,1715.151
Venezuela,VEN,2004,1978.9579
Venezuela,VEN,2005,1970.2279
Venezuela,VEN,2006,1990.3898
Venezuela,VEN,2007,1927.5015
Venezuela,VEN,2008,1928.7676
Venezuela,VEN,2009,1812.6816
Venezuela,VEN,2010,1696.0616
Venezuela,VEN,2011,1645.7238
Venezuela,VEN,2012,1620.3497
Venezuela,VEN,2013,1602.3982
Venezuela,VEN,2014,1610.8744
Venezuela,VEN,2015,1716.8069
Venezuela,VEN,2016,1541.6309
Venezuela,VEN,2017,1321.4904
Venezuela,VEN,2018,980.1152
Venezuela,VEN,2019,607.91235
Venezuela,VEN,2020,390.58945
Venezuela,VEN,2021,385.08865
Venezuela,VEN,2022,467.49606
Venezuela,VEN,2023,520.2444
Venezuela,VEN,2024,588.854
Venezuela,VEN,2025,665.9525
Vietnam,VNM,1980,0
Vietnam,VNM,1981,0
Vietnam,VNM,1982,0
Vietnam,VNM,1983,0
Vietnam,VNM,1984,0
Vietnam,VNM,1985,0
Vietnam,VNM,1986,0
Vietnam,VNM,1987,3.2564
Vietnam,VNM,1988,8.0247
Vietnam,VNM,1989,17.328701
Vietnam,VNM,1990,31.401001
Vietnam,VNM,1991,46.054802
Vietnam,VNM,1992,63.848698
Vietnam,VNM,1993,73.269005
Vietnam,VNM,1994,82.573
Vietnam,VNM,1995,88.6206
Vietnam,VNM,1996,102.3789
Vietnam,VNM,1997,117.3467
Vietnam,VNM,1998,145.375
Vietnam,VNM,1999,176.97371
Vietnam,VNM,2000,192.45325
Vietnam,VNM,2001,198.8381
Vietnam,VNM,2002,200.17555
Vietnam,VNM,2003,209.97966
Vietnam,VNM,2004,237.41481
Vietnam,VNM,2005,219.67906
Vietnam,VNM,2006,199.39636
Vietnam,VNM,2007,188.41763
Vietnam,VNM,2008,176.35732
Vietnam,VNM,2009,193.26733
Vietnam,VNM,2010,177.42728
Vietnam,VNM,2011,179.43927
Vietnam,VNM,2012,197.64255
Vietnam,VNM,2013,196.68423
Vietnam,VNM,2014,184.37039
Vietnam,VNM,2015,199.67548
Vietnam,VNM,2016,180.39293
Vietnam,VNM,2017,161.0755
Vietnam,VNM,2018,144.3283
Vietnam,VNM,2019,133.07278
Vietnam,VNM,2020,116.57796
Vietnam,VNM,2021,110.02213
Vietnam,VNM,2022,108.6242
Vietnam,VNM,2023,105.166954
Vietnam,VNM,2024,98.90096
Vietnam,VNM,2025,99.41463
West Germany,OWID_GFR,1980,0
West Germany,OWID_GFR,1981,0
West Germany,OWID_GFR,1982,0
West Germany,OWID_GFR,1983,0
West Germany,OWID_GFR,1984,0
West Germany,OWID_GFR,1985,0
West Germany,OWID_GFR,1986,0
West Germany,OWID_GFR,1987,0
West Germany,OWID_GFR,1988,0
West Germany,OWID_GFR,1989,0
West Germany,OWID_GFR,1990,0
Western Sahara,ESH,1980,0
Western Sahara,ESH,1981,0
Western Sahara,ESH,1982,0
Western Sahara,ESH,1983,0
Western Sahara,ESH,1984,0
Western Sahara,ESH,1985,0
Western Sahara,ESH,1986,0
Western Sahara,ESH,1987,0
Western Sahara,ESH,1988,0
Western Sahara,ESH,1989,0
Western Sahara,ESH,1990,0
Western Sahara,ESH,1991,0
Western Sahara,ESH,1992,0
Western Sahara,ESH,1993,0
Western Sahara,ESH,1994,0
Western Sahara,ESH,1995,0
Western Sahara,ESH,1996,0
Western Sahara,ESH,1997,0
Western Sahara,ESH,1998,0
Western Sahara,ESH,1999,0
Western Sahara,ESH,2000,0
Western Sahara,ESH,2001,0
Western Sahara,ESH,2002,0
Western Sahara,ESH,2003,0
Western Sahara,ESH,2004,0
Western Sahara,ESH,2005,0
Western Sahara,ESH,2006,0
Western Sahara,ESH,2007,0
Western Sahara,ESH,2008,0
Western Sahara,ESH,2009,0
Western Sahara,ESH,2010,0
Western Sahara,ESH,2011,0
Western Sahara,ESH,2012,0
Western Sahara,ESH,2013,0
Western Sahara,ESH,2014,0
Western Sahara,ESH,2015,0
Western Sahara,ESH,2016,0
Western Sahara,ESH,2017,0
Western Sahara,ESH,2018,0
Western Sahara,ESH,2019,0
Western Sahara,ESH,2020,0
Western Sahara,ESH,2021,0
Western Sahara,ESH,2022,0
Western Sahara,ESH,2023,0
Western Sahara,ESH,2024,0
World,OWID_WRL,1900,234.94925
World,OWID_WRL,1901,262.838
World,OWID_WRL,1902,285.38855
World,OWID_WRL,1903,305.04327
World,OWID_WRL,1904,342.5384
World,OWID_WRL,1905,336.89786
World,OWID_WRL,1906,335.54874
World,OWID_WRL,1907,414.90024
World,OWID_WRL,1908,448.53424
World,OWID_WRL,1909,471.31738
World,OWID_WRL,1910,512.63873
World,OWID_WRL,1911,543.0047
World,OWID_WRL,1912,551.7505
World,OWID_WRL,1913,608.3304
World,OWID_WRL,1914,626.5895
World,OWID_WRL,1915,672.5629
World,OWID_WRL,1916,721.4903
World,OWID_WRL,1917,797.5388
World,OWID_WRL,1918,791.8169
World,OWID_WRL,1919,901.77856
World,OWID_WRL,1920,1155.3823
World,OWID_WRL,1921,1250.8414
World,OWID_WRL,1922,1396.228
World,OWID_WRL,1923,1651.332
World,OWID_WRL,1924,1646.6685
World,OWID_WRL,1925,1726.5084
World,OWID_WRL,1926,1771.9933
World,OWID_WRL,1927,2023.1199
World,OWID_WRL,1928,2124.5918
World,OWID_WRL,1929,2381.731
World,OWID_WRL,1930,2271.2344
World,OWID_WRL,1931,2197.5117
World,OWID_WRL,1932,2097.3774
World,OWID_WRL,1933,2290.2725
World,OWID_WRL,1934,2416.8884
World,OWID_WRL,1935,2627.659
World,OWID_WRL,1936,2861.701
World,OWID_WRL,1937,3257.1443
World,OWID_WRL,1938,3179.6301
World,OWID_WRL,1939,3312.7822
World,OWID_WRL,1940,3419.4875
World,OWID_WRL,1941,3522.4246
World,OWID_WRL,1942,3315.6084
World,OWID_WRL,1943,3568.0955
World,OWID_WRL,1944,4098.133
World,OWID_WRL,1945,4093.3413
World,OWID_WRL,1946,4354.1787
World,OWID_WRL,1947,4796.5376
World,OWID_WRL,1948,5428.8726
World,OWID_WRL,1949,5397.739
World,OWID_WRL,1950,6055.5776
World,OWID_WRL,1951,6867.236
World,OWID_WRL,1952,7218.299
World,OWID_WRL,1953,7632.513
World,OWID_WRL,1954,7990.694
World,OWID_WRL,1955,8955.484
World,OWID_WRL,1956,9745.858
World,OWID_WRL,1957,10270.768
World,OWID_WRL,1958,10527.976
World,OWID_WRL,1959,11360.858
World,OWID_WRL,1960,12240.842
World,OWID_WRL,1961,13029.392
World,OWID_WRL,1962,14133.671
World,OWID_WRL,1963,15164.044
World,OWID_WRL,1964,16376.738
World,OWID_WRL,1965,18231.082
World,OWID_WRL,1966,19796.81
World,OWID_WRL,1967,21238.463
World,OWID_WRL,1968,23170.031
World,OWID_WRL,1969,24940.334
World,OWID_WRL,1970,27433.883
World,OWID_WRL,1971,29000.791
World,OWID_WRL,1972,30649.97
World,OWID_WRL,1973,33445.12
World,OWID_WRL,1974,33519.68
World,OWID_WRL,1975,31837.768
World,OWID_WRL,1976,34590.74
World,OWID_WRL,1977,35798.867
World,OWID_WRL,1978,36124.168
World,OWID_WRL,1979,37653.043
World,OWID_WRL,1980,35949.586
World,OWID_WRL,1981,33858.336
World,OWID_WRL,1982,32518.732
World,OWID_WRL,1983,32122.473
World,OWID_WRL,1984,32752.219
World,OWID_WRL,1985,32465.682
World,OWID_WRL,1986,34069.39
World,OWID_WRL,1987,34148.086
World,OWID_WRL,1988,35607.57
World,OWID_WRL,1989,36037.48
World,OWID_WRL,1990,36726.777
World,OWID_WRL,1991,36627.707
World,OWID_WRL,1992,37157.996
World,OWID_WRL,1993,37105.156
World,OWID_WRL,1994,37619.203
World,OWID_WRL,1995,38135.516
World,OWID_WRL,1996,39151.24
World,OWID_WRL,1997,40023.195
World,OWID_WRL,1998,41034.703
World,OWID_WRL,1999,40104.688
World,OWID_WRL,2000,41854.137
World,OWID_WRL,2001,41841.957
World,OWID_WRL,2002,41337.355
World,OWID_WRL,2003,43173.074
World,OWID_WRL,2004,45335.4
World,OWID_WRL,2005,45723.043
World,OWID_WRL,2006,46090.08
World,OWID_WRL,2007,45991.156
World,OWID_WRL,2008,46480.855
World,OWID_WRL,2009,45325.113
World,OWID_WRL,2010,46225.66
World,OWID_WRL,2011,46611.812
World,OWID_WRL,2012,47885.32
World,OWID_WRL,2013,47959.934
World,OWID_WRL,2014,49086.574
World,OWID_WRL,2015,50739.492
World,OWID_WRL,2016,50943.246
World,OWID_WRL,2017,51010.57
World,OWID_WRL,2018,52217.19
World,OWID_WRL,2019,52177.61
World,OWID_WRL,2020,48732.34
World,OWID_WRL,2021,49332.04
World,OWID_WRL,2022,51576.973
World,OWID_WRL,2023,52583.195
World,OWID_WRL,2024,52977.074
World,OWID_WRL,2025,54673.586
Yemen,YEM,1980,0
Yemen,YEM,1981,0
Yemen,YEM,1982,0
Yemen,YEM,1983,0
Yemen,YEM,1984,0
Yemen,YEM,1985,0
Yemen,YEM,1986,5.5634995
Yemen,YEM,1987,14.465097
Yemen,YEM,1988,94.83861
Yemen,YEM,1989,99.03029
Yemen,YEM,1990,101.255684
Yemen,YEM,1991,109.60094
Yemen,YEM,1992,101.488045
Yemen,YEM,1993,115.08085
Yemen,YEM,1994,190.63002
Yemen,YEM,1995,193.73741
Yemen,YEM,1996,196.74644
Yemen,YEM,1997,206.1437
Yemen,YEM,1998,209.352
Yemen,YEM,1999,222.89235
Yemen,YEM,2000,243.5132
Yemen,YEM,2001,249.26254
Yemen,YEM,2002,250.62747
Yemen,YEM,2003,246.91525
Yemen,YEM,2004,232.37946
Yemen,YEM,2005,230.10866
Yemen,YEM,2006,211.07729
Yemen,YEM,2007,185.4388
Yemen,YEM,2008,172.09631
Yemen,YEM,2009,167.21411
Yemen,YEM,2010,166.20221
Yemen,YEM,2011,118.21562
Yemen,YEM,2012,96.00097
Yemen,YEM,2013,105.71454
Yemen,YEM,2014,80.54798
Yemen,YEM,2015,25.202724
Yemen,YEM,2016,18.729792
Yemen,YEM,2017,34.364895
Yemen,YEM,2018,47.119152
Yemen,YEM,2019,47.393547
Yemen,YEM,2020,43.814594
Yemen,YEM,2021,40.717346
Yemen,YEM,2022,35.73156
Yemen,YEM,2023,27.7826
Yemen,YEM,2024,23.364437
Yemen,YEM,2025,12.338541
Yugoslavia,OWID_YGS,1900,0
Yugoslavia,OWID_YGS,1901,0
Yugoslavia,OWID_YGS,1902,0
Yugoslavia,OWID_YGS,1903,0
Yugoslavia,OWID_YGS,1904,0
Yugoslavia,OWID_YGS,1905,0
Yugoslavia,OWID_YGS,1906,0
Yugoslavia,OWID_YGS,1907,0
Yugoslavia,OWID_YGS,1908,0
Yugoslavia,OWID_YGS,1909,0
Yugoslavia,OWID_YGS,1910,0
Yugoslavia,OWID_YGS,1911,0
Yugoslavia,OWID_YGS,1912,0
Yugoslavia,OWID_YGS,1913,0
Yugoslavia,OWID_YGS,1914,0
Yugoslavia,OWID_YGS,1915,0
Yugoslavia,OWID_YGS,1916,0
Yugoslavia,OWID_YGS,1917,0
Yugoslavia,OWID_YGS,1918,0
Yugoslavia,OWID_YGS,1919,0
Yugoslavia,OWID_YGS,1920,0
Yugoslavia,OWID_YGS,1921,0
Yugoslavia,OWID_YGS,1922,0
Yugoslavia,OWID_YGS,1923,0
Yugoslavia,OWID_YGS,1924,0
Yugoslavia,OWID_YGS,1925,0
Yugoslavia,OWID_YGS,1926,0
Yugoslavia,OWID_YGS,1927,0
Yugoslavia,OWID_YGS,1928,0
Yugoslavia,OWID_YGS,1929,0
Yugoslavia,OWID_YGS,1930,0
Yugoslavia,OWID_YGS,1931,0
Yugoslavia,OWID_YGS,1932,0
Yugoslavia,OWID_YGS,1933,0.011630001
Yugoslavia,OWID_YGS,1934,0.011630001
Yugoslavia,OWID_YGS,1935,0
Yugoslavia,OWID_YGS,1936,0
Yugoslavia,OWID_YGS,1937,0.011630001
Yugoslavia,OWID_YGS,1938,0.011630001
Yugoslavia,OWID_YGS,1939,0.011630001
Yugoslavia,OWID_YGS,1940,0.011630001
Yugoslavia,OWID_YGS,1941,0
Yugoslavia,OWID_YGS,1942,0
Yugoslavia,OWID_YGS,1943,0.011630001
Yugoslavia,OWID_YGS,1944,0.3489
Yugoslavia,OWID_YGS,1945,0.24423
Yugoslavia,OWID_YGS,1946,0.24423
Yugoslavia,OWID_YGS,1947,0.38379
Yugoslavia,OWID_YGS,1948,0.43031
Yugoslavia,OWID_YGS,1949,0.73269004
Yugoslavia,OWID_YGS,1950,1.2793
Yugoslavia,OWID_YGS,1951,1.72124
Yugoslavia,OWID_YGS,1952,1.7677599
Yugoslavia,OWID_YGS,1953,2.00036
Yugoslavia,OWID_YGS,1954,2.51208
Yugoslavia,OWID_YGS,1955,2.98891
Yugoslavia,OWID_YGS,1956,3.41922
Yugoslavia,OWID_YGS,1957,4.60548
Yugoslavia,OWID_YGS,1958,5.37306
Yugoslavia,OWID_YGS,1959,6.88496
Yugoslavia,OWID_YGS,1960,10.97872
Yugoslavia,OWID_YGS,1961,15.59583
Yugoslavia,OWID_YGS,1962,17.73575
Yugoslavia,OWID_YGS,1963,18.73593
Yugoslavia,OWID_YGS,1964,20.92237
Yugoslavia,OWID_YGS,1965,23.99269
Yugoslavia,OWID_YGS,1966,25.841858
Yugoslavia,OWID_YGS,1967,27.609621
Yugoslavia,OWID_YGS,1968,29.00522
Yugoslavia,OWID_YGS,1969,31.389368
Yugoslavia,OWID_YGS,1970,33.19202
Yugoslavia,OWID_YGS,1971,34.50621
Yugoslavia,OWID_YGS,1972,37.216
Yugoslavia,OWID_YGS,1973,38.75116
Yugoslavia,OWID_YGS,1974,40.216537
Yugoslavia,OWID_YGS,1975,42.82166
Yugoslavia,OWID_YGS,1976,45.40352
Yugoslavia,OWID_YGS,1977,45.95013
Yugoslavia,OWID_YGS,1978,47.40388
Yugoslavia,OWID_YGS,1979,48.18309
Yugoslavia,OWID_YGS,1980,0
Yugoslavia,OWID_YGS,1981,0
Yugoslavia,OWID_YGS,1982,0
Yugoslavia,OWID_YGS,1983,0
Yugoslavia,OWID_YGS,1984,51.217834
Yugoslavia,OWID_YGS,1985,52.321774
Yugoslavia,OWID_YGS,1986,52.321976
Yugoslavia,OWID_YGS,1987,49.20956
Yugoslavia,OWID_YGS,1988,46.99636
Yugoslavia,OWID_YGS,1989,42.81705
Yugoslavia,OWID_YGS,1990,39.72139
Yugoslavia,OWID_YGS,1991,34.968678
Zambia,ZMB,1980,0
Zambia,ZMB,1981,0
Zambia,ZMB,1982,0
Zambia,ZMB,1983,0
Zambia,ZMB,1984,0
Zambia,ZMB,1985,0
Zambia,ZMB,1986,0
Zambia,ZMB,1987,0
Zambia,ZMB,1988,0
Zambia,ZMB,1989,0
Zambia,ZMB,1990,0
Zambia,ZMB,1991,0
Zambia,ZMB,1992,0
Zambia,ZMB,1993,0
Zambia,ZMB,1994,0
Zambia,ZMB,1995,0
Zambia,ZMB,1996,0
Zambia,ZMB,1997,0
Zambia,ZMB,1998,0
Zambia,ZMB,1999,0
Zambia,ZMB,2000,0
Zambia,ZMB,2001,0
Zambia,ZMB,2002,0
Zambia,ZMB,2003,0
Zambia,ZMB,2004,0
Zambia,ZMB,2005,0
Zambia,ZMB,2006,0
Zambia,ZMB,2007,0
Zambia,ZMB,2008,0
Zambia,ZMB,2009,0
Zambia,ZMB,2010,0
Zambia,ZMB,2011,0
Zambia,ZMB,2012,0
Zambia,ZMB,2013,0
Zambia,ZMB,2014,0
Zambia,ZMB,2015,0
Zambia,ZMB,2016,0
Zambia,ZMB,2017,0
Zambia,ZMB,2018,0
Zambia,ZMB,2019,0
Zambia,ZMB,2020,0
Zambia,ZMB,2021,0
Zambia,ZMB,2022,0
Zambia,ZMB,2023,0
Zambia,ZMB,2024,0
Zimbabwe,ZWE,1980,0
Zimbabwe,ZWE,1981,0
Zimbabwe,ZWE,1982,0
Zimbabwe,ZWE,1983,0
Zimbabwe,ZWE,1984,0
Zimbabwe,ZWE,1985,0
Zimbabwe,ZWE,1986,0
Zimbabwe,ZWE,1987,0
Zimbabwe,ZWE,1988,0
Zimbabwe,ZWE,1989,0
Zimbabwe,ZWE,1990,0
Zimbabwe,ZWE,1991,0
Zimbabwe,ZWE,1992,0
Zimbabwe,ZWE,1993,0
Zimbabwe,ZWE,1994,0
Zimbabwe,ZWE,1995,0
Zimbabwe,ZWE,1996,0
Zimbabwe,ZWE,1997,0
Zimbabwe,ZWE,1998,0
Zimbabwe,ZWE,1999,0
Zimbabwe,ZWE,2000,0
Zimbabwe,ZWE,2001,0
Zimbabwe,ZWE,2002,0
Zimbabwe,ZWE,2003,0
Zimbabwe,ZWE,2004,0
Zimbabwe,ZWE,2005,0
Zimbabwe,ZWE,2006,0
Zimbabwe,ZWE,2007,0
Zimbabwe,ZWE,2008,0
Zimbabwe,ZWE,2009,0
Zimbabwe,ZWE,2010,0
Zimbabwe,ZWE,2011,0
Zimbabwe,ZWE,2012,0
Zimbabwe,ZWE,2013,0
Zimbabwe,ZWE,2014,0
Zimbabwe,ZWE,2015,0
Zimbabwe,ZWE,2016,0
Zimbabwe,ZWE,2017,0
Zimbabwe,ZWE,2018,0
Zimbabwe,ZWE,2019,0
Zimbabwe,ZWE,2020,0
Zimbabwe,ZWE,2021,0
Zimbabwe,ZWE,2022,0
Zimbabwe,ZWE,2023,0
Zimbabwe,ZWE,2024,0