country,date,temp_c,load_gw
Great Britain,2021-01-01,0.86,32.110
Great Britain,2021-01-04,2.59,37.401
Great Britain,2021-01-05,2.17,38.024
Great Britain,2021-01-06,1.44,38.359
Great Britain,2021-01-07,-0.98,38.696
Great Britain,2021-01-08,-0.07,38.388
Great Britain,2021-01-11,5.69,37.165
Great Britain,2021-01-12,4.86,36.892
Great Britain,2021-01-13,3.85,37.313
Great Britain,2021-01-14,3.97,37.477
Great Britain,2021-01-15,0.53,37.879
Great Britain,2021-01-18,4.77,36.441
Great Britain,2021-01-19,9.08,35.724
Great Britain,2021-01-20,9.11,35.545
Great Britain,2021-01-21,4.61,36.961
Great Britain,2021-01-22,2.60,36.440
Great Britain,2021-01-25,0.48,38.066
Great Britain,2021-01-26,1.84,38.354
Great Britain,2021-01-27,6.78,36.377
Great Britain,2021-01-28,8.63,35.408
Great Britain,2021-01-29,7.99,34.661
Great Britain,2021-02-01,2.67,37.248
Great Britain,2021-02-02,6.63,37.182
Great Britain,2021-02-03,6.47,36.557
Great Britain,2021-02-04,5.46,36.709
Great Britain,2021-02-05,6.16,35.680
Great Britain,2021-02-08,-0.76,39.471
Great Britain,2021-02-09,-1.29,39.993
Great Britain,2021-02-10,-2.32,39.552
Great Britain,2021-02-11,-3.54,40.489
Great Britain,2021-02-12,-1.96,40.137
Great Britain,2021-02-15,8.25,36.270
Great Britain,2021-02-16,8.89,35.118
Great Britain,2021-02-17,8.51,35.121
Great Britain,2021-02-18,7.86,34.620
Great Britain,2021-02-19,7.91,34.581
Great Britain,2021-02-22,8.55,33.730
Great Britain,2021-02-23,9.45,33.632
Great Britain,2021-02-24,12.30,32.735
Great Britain,2021-02-25,8.61,33.193
Great Britain,2021-02-26,4.97,33.451
Great Britain,2021-03-01,4.55,34.425
Great Britain,2021-03-02,3.94,34.775
Great Britain,2021-03-03,4.61,35.193
Great Britain,2021-03-04,4.59,35.380
Great Britain,2021-03-05,3.23,35.195
Great Britain,2021-03-08,4.03,34.995
Great Britain,2021-03-09,5.69,34.951
Great Britain,2021-03-10,7.53,35.359
Great Britain,2021-03-11,8.07,34.810
Great Britain,2021-03-12,6.12,33.920
Great Britain,2021-03-15,7.97,34.042
Great Britain,2021-03-16,8.93,33.757
Great Britain,2021-03-17,6.34,33.844
Great Britain,2021-03-18,6.79,33.961
Great Britain,2021-03-19,7.72,32.905
Great Britain,2021-03-22,6.77,33.017
Great Britain,2021-03-23,7.28,33.415
Great Britain,2021-03-24,8.15,33.217
Great Britain,2021-03-25,7.81,32.472
Great Britain,2021-03-26,7.86,32.316
Great Britain,2021-03-29,11.67,31.434
Great Britain,2021-03-30,11.60,31.000
Great Britain,2021-03-31,13.46,29.912
Great Britain,2021-04-01,8.91,30.474
Great Britain,2021-04-02,6.04,29.059
Great Britain,2021-04-05,4.75,29.249
Great Britain,2021-04-06,2.20,33.628
Great Britain,2021-04-07,2.24,34.660
Great Britain,2021-04-08,6.46,33.087
Great Britain,2021-04-09,6.79,32.656
Great Britain,2021-04-12,3.08,33.467
Great Britain,2021-04-13,4.68,33.516
Great Britain,2021-04-14,5.81,32.893
Great Britain,2021-04-15,4.81,33.076
Great Britain,2021-04-16,5.22,32.466
Great Britain,2021-04-19,8.48,31.505
Great Britain,2021-04-20,9.35,31.302
Great Britain,2021-04-21,8.63,31.757
Great Britain,2021-04-22,6.98,31.736
Great Britain,2021-04-23,8.53,30.605
Great Britain,2021-04-26,7.44,31.328
Great Britain,2021-04-27,8.22,31.827
Great Britain,2021-04-28,7.55,32.248
Great Britain,2021-04-29,6.42,32.592
Great Britain,2021-04-30,5.91,31.490
Great Britain,2021-05-03,7.76,29.911
Great Britain,2021-05-04,8.29,32.845
Great Britain,2021-05-05,6.08,32.923
Great Britain,2021-05-06,5.93,32.846
Great Britain,2021-05-07,7.55,31.586
Great Britain,2021-05-10,11.93,30.766
Great Britain,2021-05-11,10.57,30.760
Great Britain,2021-05-12,10.98,30.870
Great Britain,2021-05-13,10.62,30.505
Great Britain,2021-05-14,9.79,30.244
Great Britain,2021-05-17,10.73,30.611
Great Britain,2021-05-18,10.55,30.715
Great Britain,2021-05-19,10.65,30.682
Great Britain,2021-05-20,9.63,31.698
Great Britain,2021-05-21,10.71,31.784
Great Britain,2021-05-24,9.49,31.629
Great Britain,2021-05-25,10.25,31.623
Great Britain,2021-05-26,10.33,31.269
Great Britain,2021-05-27,12.66,30.338
Great Britain,2021-05-28,13.50,29.225
Great Britain,2021-05-31,14.75,26.369
Great Britain,2021-06-01,17.08,28.755
Great Britain,2021-06-02,17.96,29.218
Great Britain,2021-06-03,17.65,29.301
Great Britain,2021-06-04,14.26,28.922
Great Britain,2021-06-07,16.46,29.101
Great Britain,2021-06-08,16.63,29.586
Great Britain,2021-06-09,17.59,29.807
Great Britain,2021-06-10,18.32,29.971
Great Britain,2021-06-11,18.01,29.150
Great Britain,2021-06-14,18.62,29.243
Great Britain,2021-06-15,17.13,29.355
Great Britain,2021-06-16,19.30,30.125
Great Britain,2021-06-17,17.79,29.682
Great Britain,2021-06-18,14.26,29.290
Great Britain,2021-06-21,12.45,29.396
Great Britain,2021-06-22,12.75,29.604
Great Britain,2021-06-23,13.60,29.188
Great Britain,2021-06-24,15.19,29.575
Great Britain,2021-06-25,14.99,28.795
Great Britain,2021-06-28,16.20,28.815
Great Britain,2021-06-29,16.21,29.472
Great Britain,2021-06-30,14.56,29.081
Great Britain,2021-07-01,15.98,29.379
Great Britain,2021-07-02,17.24,28.650
Great Britain,2021-07-05,15.63,28.949
Great Britain,2021-07-06,14.76,29.328
Great Britain,2021-07-07,16.04,29.383
Great Britain,2021-07-08,16.36,29.141
Great Britain,2021-07-09,16.94,28.706
Great Britain,2021-07-12,16.22,28.478
Great Britain,2021-07-13,17.63,29.050
Great Britain,2021-07-14,17.80,29.497
Great Britain,2021-07-15,17.72,29.365
Great Britain,2021-07-16,18.25,28.841
Great Britain,2021-07-19,21.61,29.834
Great Britain,2021-07-20,21.87,30.251
Great Britain,2021-07-21,21.72,30.190
Great Britain,2021-07-22,21.27,29.833
Great Britain,2021-07-23,18.67,28.735
Great Britain,2021-07-26,18.93,28.384
Great Britain,2021-07-27,17.42,28.561
Great Britain,2021-07-28,15.98,28.300
Great Britain,2021-07-29,15.77,28.107
Great Britain,2021-07-30,15.50,27.861
Great Britain,2021-09-01,15.13,29.323
Great Britain,2021-09-02,15.41,29.455
Great Britain,2021-09-03,15.46,28.899
Great Britain,2021-09-06,19.07,29.547
Great Britain,2021-09-07,20.57,29.998
Great Britain,2021-09-08,21.00,30.262
Great Britain,2021-09-09,18.67,29.596
Great Britain,2021-09-10,18.01,29.351
Great Britain,2021-09-13,15.32,29.387
Great Britain,2021-09-14,15.50,29.524
Great Britain,2021-09-15,15.72,29.534
Great Britain,2021-09-16,15.70,29.726
Great Britain,2021-09-17,15.67,29.065
Great Britain,2021-09-20,14.53,29.090
Great Britain,2021-09-21,14.73,29.573
Great Britain,2021-09-22,14.63,29.461
Great Britain,2021-09-23,15.54,29.398
Great Britain,2021-09-24,16.30,29.307
Great Britain,2021-09-27,14.65,29.372
Great Britain,2021-09-28,12.48,30.030
Great Britain,2021-09-29,10.58,30.370
Great Britain,2021-09-30,12.20,31.044
Great Britain,2021-10-01,13.44,29.899
Great Britain,2021-10-04,11.76,31.086
Great Britain,2021-10-05,11.68,31.881
Great Britain,2021-10-06,11.70,31.591
Great Britain,2021-10-07,15.28,31.038
Great Britain,2021-10-08,15.57,30.331
Great Britain,2021-10-11,11.18,30.533
Great Britain,2021-10-12,11.50,31.234
Great Britain,2021-10-13,11.81,31.421
Great Britain,2021-10-14,12.25,31.538
Great Britain,2021-10-15,10.84,30.989
Great Britain,2021-10-18,13.31,31.708
Great Britain,2021-10-19,16.97,31.590
Great Britain,2021-10-20,13.64,31.423
Great Britain,2021-10-21,8.51,32.280
Great Britain,2021-10-22,8.69,32.167
Great Britain,2021-10-25,11.08,31.437
Great Britain,2021-10-26,11.89,32.109
Great Britain,2021-10-27,14.70,31.554
Great Britain,2021-10-28,13.80,31.335
Great Britain,2021-10-29,12.24,31.382
Great Britain,2021-11-01,8.87,33.256
Great Britain,2021-11-02,6.31,33.386
Great Britain,2021-11-03,5.66,34.152
Great Britain,2021-11-04,5.82,34.983
Great Britain,2021-11-05,5.75,34.708
Great Britain,2021-11-08,8.16,34.264
Great Britain,2021-11-09,12.22,33.246
Great Britain,2021-11-10,10.94,33.321
Great Britain,2021-11-11,10.26,33.597
Great Britain,2021-11-12,11.44,32.711
Great Britain,2021-11-15,9.00,33.179
Great Britain,2021-11-16,8.59,34.311
Great Britain,2021-11-17,8.08,34.151
Great Britain,2021-11-18,10.21,33.979
Great Britain,2021-11-19,11.10,33.198
Great Britain,2021-11-22,4.62,35.962
Great Britain,2021-11-23,4.70,36.514
Great Britain,2021-11-24,5.80,36.115
Great Britain,2021-11-25,3.45,36.302
Great Britain,2021-11-26,4.68,36.652
Great Britain,2021-11-29,0.61,38.698
Great Britain,2021-11-30,8.85,36.663
Great Britain,2021-12-01,6.85,36.639
Great Britain,2021-12-02,1.39,37.942
Great Britain,2021-12-03,5.10,36.894
Great Britain,2021-12-06,3.28,37.988
Great Britain,2021-12-07,3.90,39.116
Great Britain,2021-12-08,5.07,38.395
Great Britain,2021-12-09,5.12,37.922
Great Britain,2021-12-10,4.90,37.215
Great Britain,2021-12-13,9.72,35.138
Great Britain,2021-12-14,9.08,35.513
Great Britain,2021-12-15,9.84,34.785
Great Britain,2021-12-16,8.62,34.766
Great Britain,2021-12-17,6.35,34.730
Great Britain,2021-12-20,5.01,35.820
Great Britain,2021-12-21,2.91,36.250
Great Britain,2021-12-22,0.92,37.056
Great Britain,2021-12-23,6.40,34.799
Great Britain,2021-12-24,7.62,32.267
Great Britain,2021-12-27,7.44,30.691
Great Britain,2021-12-28,8.59,30.657
Great Britain,2021-12-29,9.25,31.411
Great Britain,2021-12-30,13.07,30.454
Great Britain,2021-12-31,12.78,29.105
Great Britain,2022-01-03,8.08,30.414
Great Britain,2022-01-04,3.72,35.523
Great Britain,2022-01-05,2.04,37.285
Great Britain,2022-01-06,1.59,38.377
Great Britain,2022-01-07,3.01,37.519
Great Britain,2022-01-10,5.39,37.220
Great Britain,2022-01-11,7.57,36.413
Great Britain,2022-01-12,4.20,36.997
Great Britain,2022-01-13,2.62,37.518
Great Britain,2022-01-14,1.64,36.822
Great Britain,2022-01-17,2.94,37.154
Great Britain,2022-01-18,2.55,38.001
Great Britain,2022-01-19,5.18,37.102
Great Britain,2022-01-20,1.47,37.978
Great Britain,2022-01-21,1.33,38.145
Great Britain,2022-01-24,3.07,37.076
Great Britain,2022-01-25,2.22,37.833
Great Britain,2022-01-26,4.57,37.626
Great Britain,2022-01-27,7.18,36.378
Great Britain,2022-01-28,5.02,36.446
Great Britain,2022-01-31,5.65,37.049
Great Britain,2022-02-01,9.13,36.075
Great Britain,2022-02-02,9.14,35.101
Great Britain,2022-02-03,8.19,34.988
Great Britain,2022-02-04,5.63,35.699
Great Britain,2022-02-07,5.89,36.428
Great Britain,2022-02-08,10.12,35.552
Great Britain,2022-02-09,8.52,34.976
Great Britain,2022-02-10,5.26,36.212
Great Britain,2022-02-11,3.10,36.386
Great Britain,2022-02-14,6.52,35.555
Great Britain,2022-02-15,5.97,36.323
Great Britain,2022-02-16,11.35,35.381
Great Britain,2022-02-17,7.33,35.103
Great Britain,2022-02-18,6.65,35.515
Great Britain,2022-02-21,6.55,36.291
Great Britain,2022-02-22,8.01,35.345
Great Britain,2022-02-23,6.57,35.869
Great Britain,2022-02-24,5.11,36.450
Great Britain,2022-02-25,5.37,35.178
Great Britain,2022-02-28,8.01,34.729
Great Britain,2022-03-01,6.72,35.164
Great Britain,2022-03-02,5.95,36.265
Great Britain,2022-03-03,7.61,35.202
Great Britain,2022-03-04,6.42,34.425
Great Britain,2022-03-07,3.47,35.756
Great Britain,2022-03-08,4.99,35.989
Great Britain,2022-03-09,8.75,34.656
Great Britain,2022-03-10,10.43,33.760
Great Britain,2022-03-11,9.63,33.577
Great Britain,2022-03-14,6.74,33.801
Great Britain,2022-03-15,7.67,33.769
Great Britain,2022-03-16,8.46,33.925
Great Britain,2022-03-17,6.66,34.031
Great Britain,2022-03-18,7.93,32.810
Great Britain,2022-03-21,6.50,33.114
Great Britain,2022-03-22,10.49,32.062
Great Britain,2022-03-23,10.52,31.548
Great Britain,2022-03-24,10.30,31.239
Great Britain,2022-03-25,9.33,30.460
Great Britain,2022-03-28,8.84,31.248
Great Britain,2022-03-29,8.58,31.978
Great Britain,2022-03-30,6.16,33.583
Great Britain,2022-03-31,3.13,34.868
Great Britain,2022-04-01,3.27,34.162
Great Britain,2022-04-04,9.13,33.144
Great Britain,2022-04-05,10.51,32.610
Great Britain,2022-04-06,9.72,32.445
Great Britain,2022-04-07,7.67,33.267
Great Britain,2022-04-08,5.15,32.431
Great Britain,2022-04-11,9.78,31.360
Great Britain,2022-04-12,11.66,31.448
Great Britain,2022-04-13,11.93,30.612
Great Britain,2022-04-14,11.45,29.909
Great Britain,2022-04-15,13.24,26.880
Great Britain,2022-04-18,10.48,26.128
Great Britain,2022-04-19,9.89,29.202
Great Britain,2022-04-20,10.71,29.603
Great Britain,2022-04-21,10.93,29.568
Great Britain,2022-04-22,10.82,29.319
Great Britain,2022-04-25,8.92,29.856
Great Britain,2022-04-26,9.34,30.224
Great Britain,2022-04-27,8.08,30.933
Great Britain,2022-04-28,8.45,30.992
Great Britain,2022-04-29,8.55,30.229
Great Britain,2022-05-02,11.56,26.664
Great Britain,2022-05-03,11.41,29.691
Great Britain,2022-05-04,11.95,30.169
Great Britain,2022-05-05,12.74,29.806
Great Britain,2022-05-06,13.63,28.996
Great Britain,2022-05-09,13.82,28.919
Great Britain,2022-05-10,14.77,29.127
Great Britain,2022-05-11,12.32,29.387
Great Britain,2022-05-12,11.81,29.183
Great Britain,2022-05-13,13.73,28.477
Great Britain,2022-05-16,15.42,29.056
Great Britain,2022-05-17,17.11,29.190
Great Britain,2022-05-18,15.77,29.311
Great Britain,2022-05-19,15.28,28.832
Great Britain,2022-05-20,13.00,28.497
Great Britain,2022-05-23,13.27,27.865
Great Britain,2022-05-24,12.05,28.673
Great Britain,2022-05-25,12.83,29.249
Great Britain,2022-05-26,14.39,29.086
Great Britain,2022-05-27,13.65,28.056
Great Britain,2022-05-30,10.39,27.463
Great Britain,2022-05-31,10.80,28.131
Great Britain,2022-06-01,11.88,27.661
Great Britain,2022-06-02,13.47,25.050
Great Britain,2022-06-03,14.99,24.902
Great Britain,2022-06-06,13.12,28.432
Great Britain,2022-06-07,15.00,28.586
Great Britain,2022-06-08,15.77,28.531
Great Britain,2022-06-09,14.69,28.691
Great Britain,2022-06-10,16.73,28.338
Great Britain,2022-06-13,14.22,27.607
Great Britain,2022-06-14,15.45,28.049
Great Britain,2022-06-15,17.15,28.331
Great Britain,2022-06-16,18.72,28.866
Great Britain,2022-06-17,21.70,28.890
Great Britain,2022-06-20,15.00,27.724
Great Britain,2022-06-21,16.48,27.398
Great Britain,2022-06-22,17.87,28.364
Great Britain,2022-06-23,18.29,27.667
Great Britain,2022-06-24,17.72,27.095
Great Britain,2022-06-27,14.61,27.220
Great Britain,2022-06-28,15.26,27.889
Great Britain,2022-06-29,16.07,27.992
Great Britain,2022-06-30,14.99,27.195
Great Britain,2022-07-01,14.76,26.813
Great Britain,2022-07-04,15.29,27.794
Great Britain,2022-07-05,15.63,27.575
Great Britain,2022-07-06,17.42,28.219
Great Britain,2022-07-07,18.29,28.279
Great Britain,2022-07-08,18.91,27.917
Great Britain,2022-07-11,22.17,28.303
Great Britain,2022-07-12,22.66,29.014
Great Britain,2022-07-13,20.28,29.083
Great Britain,2022-07-14,17.54,28.331
Great Britain,2022-07-15,17.58,27.767
Great Britain,2022-07-18,26.23,29.162
Great Britain,2022-07-19,27.87,30.578
Great Britain,2022-07-20,20.57,29.835
Great Britain,2022-07-21,18.60,28.473
Great Britain,2022-07-22,17.50,27.236
Great Britain,2022-07-25,18.38,27.871
Great Britain,2022-07-26,16.33,27.259
Great Britain,2022-07-27,16.32,27.018
Great Britain,2022-07-28,17.18,27.052
Great Britain,2022-07-29,18.58,26.668
Great Britain,2022-09-01,17.64,27.642
Great Britain,2022-09-02,17.86,27.403
Great Britain,2022-09-05,18.97,28.111
Great Britain,2022-09-06,17.21,28.386
Great Britain,2022-09-07,16.78,28.280
Great Britain,2022-09-08,15.50,28.114
Great Britain,2022-09-09,15.64,27.465
Great Britain,2022-09-12,18.34,27.714
Great Britain,2022-09-13,15.61,28.075
Great Britain,2022-09-14,15.25,27.903
Great Britain,2022-09-15,14.07,28.247
Great Britain,2022-09-16,11.65,27.766
Great Britain,2022-09-19,12.81,24.378
Great Britain,2022-09-20,13.60,27.403
Great Britain,2022-09-21,14.55,28.013
Great Britain,2022-09-22,14.40,27.803
Great Britain,2022-09-23,13.97,27.050
Great Britain,2022-09-26,12.00,28.817
Great Britain,2022-09-27,10.16,29.470
Great Britain,2022-09-28,9.77,29.172
Great Britain,2022-09-29,10.84,28.799
Great Britain,2022-09-30,11.07,29.308
Great Britain,2022-10-03,12.13,28.441
Great Britain,2022-10-04,15.10,28.938
Great Britain,2022-10-05,14.69,28.697
Great Britain,2022-10-06,12.84,29.045
Great Britain,2022-10-07,13.50,28.545
Great Britain,2022-10-10,11.29,29.290
Great Britain,2022-10-11,9.39,29.973
Great Britain,2022-10-12,11.27,30.056
Great Britain,2022-10-13,11.89,29.626
Great Britain,2022-10-14,11.62,28.962
Great Britain,2022-10-17,14.24,29.134
Great Britain,2022-10-18,10.68,29.390
Great Britain,2022-10-19,12.42,29.747
Great Britain,2022-10-20,13.04,29.857
Great Britain,2022-10-21,13.74,28.981
Great Britain,2022-10-24,12.87,28.830
Great Britain,2022-10-25,12.96,29.161
Great Britain,2022-10-26,15.21,29.164
Great Britain,2022-10-27,15.27,29.355
Great Britain,2022-10-28,14.85,28.337
Great Britain,2022-10-31,13.34,29.289
Great Britain,2022-11-01,11.71,30.321
Great Britain,2022-11-02,10.98,30.878
Great Britain,2022-11-03,9.54,30.641
Great Britain,2022-11-04,7.79,30.482
Great Britain,2022-11-07,12.02,30.952
Great Britain,2022-11-08,12.01,30.944
Great Britain,2022-11-09,10.58,31.140
Great Britain,2022-11-10,12.97,31.244
Great Britain,2022-11-11,13.93,30.463
Great Britain,2022-11-14,10.71,30.735
Great Britain,2022-11-15,10.34,31.364
Great Britain,2022-11-16,8.41,31.448
Great Britain,2022-11-17,8.89,32.035
Great Britain,2022-11-18,8.21,31.450
Great Britain,2022-11-21,5.19,33.466
Great Britain,2022-11-22,5.69,32.806
Great Britain,2022-11-23,7.33,33.062
Great Britain,2022-11-24,8.29,32.903
Great Britain,2022-11-25,8.07,32.263
Great Britain,2022-11-28,6.72,32.294
Great Britain,2022-11-29,5.47,32.632
Great Britain,2022-11-30,5.53,33.108
Great Britain,2022-12-01,4.79,33.546
Great Britain,2022-12-02,4.71,34.112
Great Britain,2022-12-05,5.85,34.688
Great Britain,2022-12-06,3.66,35.173
Great Britain,2022-12-07,0.61,36.277
Great Britain,2022-12-08,-1.68,37.341
Great Britain,2022-12-09,-1.95,36.766
Great Britain,2022-12-12,-0.96,37.844
Great Britain,2022-12-13,-1.79,38.389
Great Britain,2022-12-14,-2.17,38.879
Great Britain,2022-12-15,-3.12,39.506
Great Britain,2022-12-16,-2.41,38.506
Great Britain,2022-12-19,11.41,34.379
Great Britain,2022-12-20,8.62,33.353
Great Britain,2022-12-21,6.60,33.537
Great Britain,2022-12-22,6.74,32.924
Great Britain,2022-12-23,7.36,31.294
Great Britain,2022-12-26,5.24,26.552
Great Britain,2022-12-27,5.49,28.681
Great Britain,2022-12-28,9.20,29.261
Great Britain,2022-12-29,7.13,29.724
Great Britain,2022-12-30,8.53,29.672
Great Britain,2023-01-02,4.60,28.862
Great Britain,2023-01-03,7.11,32.666
Great Britain,2023-01-04,11.19,31.974
Great Britain,2023-01-05,9.98,32.149
Great Britain,2023-01-06,8.71,31.882
Great Britain,2023-01-09,5.45,33.822
Great Britain,2023-01-10,7.98,34.674
Great Britain,2023-01-11,7.73,34.172
Great Britain,2023-01-12,9.53,33.863
Great Britain,2023-01-13,6.92,33.379
Great Britain,2023-01-16,1.22,35.934
Great Britain,2023-01-17,-2.06,37.844
Great Britain,2023-01-18,-0.03,38.096
Great Britain,2023-01-19,-0.05,37.664
Great Britain,2023-01-20,1.45,36.568
Great Britain,2023-01-23,0.68,37.032
Great Britain,2023-01-24,2.41,36.929
Great Britain,2023-01-25,2.82,36.960
Great Britain,2023-01-26,3.99,36.083
Great Britain,2023-01-27,3.50,35.514
Great Britain,2023-01-30,6.11,34.348
Great Britain,2023-01-31,6.55,34.556
Great Britain,2023-02-01,6.61,34.242
Great Britain,2023-02-02,8.17,33.745
Great Britain,2023-02-03,9.44,32.396
Great Britain,2023-02-06,2.04,34.710
Great Britain,2023-02-07,2.06,34.934
Great Britain,2023-02-08,1.58,35.562
Great Britain,2023-02-09,3.31,34.805
Great Britain,2023-02-10,3.76,34.460
Great Britain,2023-02-13,5.39,32.892
Great Britain,2023-02-14,5.00,33.929
Great Britain,2023-02-15,6.26,33.410
Great Britain,2023-02-16,9.02,32.601
Great Britain,2023-02-17,11.11,31.599
Great Britain,2023-02-20,9.58,31.941
Great Britain,2023-02-21,8.48,32.259
Great Britain,2023-02-22,6.06,32.675
Great Britain,2023-02-23,5.20,33.368
Great Britain,2023-02-24,5.18,33.230
Great Britain,2023-02-27,4.13,34.153
Great Britain,2023-02-28,4.96,34.298
Great Britain,2023-03-01,5.41,34.339
Great Britain,2023-03-02,4.39,34.212
Great Britain,2023-03-03,4.00,33.862
Great Britain,2023-03-06,3.90,34.737
Great Britain,2023-03-07,2.07,34.773
Great Britain,2023-03-08,0.58,36.347
Great Britain,2023-03-09,3.57,36.233
Great Britain,2023-03-10,2.91,35.156
Great Britain,2023-03-13,10.76,32.468
Great Britain,2023-03-14,4.99,33.741
Great Britain,2023-03-15,3.34,34.685
Great Britain,2023-03-16,9.80,32.662
Great Britain,2023-03-17,10.53,31.021
Great Britain,2023-03-20,9.69,31.531
Great Britain,2023-03-21,10.61,31.309
Great Britain,2023-03-22,10.74,31.124
Great Britain,2023-03-23,9.92,30.801
Great Britain,2023-03-24,9.21,30.362
Great Britain,2023-03-27,4.73,31.808
Great Britain,2023-03-28,6.79,32.654
Great Britain,2023-03-29,11.04,31.816
Great Britain,2023-03-30,11.41,30.293
Great Britain,2023-03-31,10.21,30.381
Great Britain,2023-04-03,5.23,31.256
Great Britain,2023-04-04,5.82,31.225
Great Britain,2023-04-05,7.18,31.320
Great Britain,2023-04-06,9.07,30.087
Great Britain,2023-04-07,7.65,27.118
Great Britain,2023-04-10,10.15,26.402
Great Britain,2023-04-11,8.16,30.070
Great Britain,2023-04-12,6.59,31.478
Great Britain,2023-04-13,7.69,30.489
Great Britain,2023-04-14,6.48,30.615
Great Britain,2023-04-17,10.78,29.714
Great Britain,2023-04-18,8.96,30.372
Great Britain,2023-04-19,9.67,30.122
Great Britain,2023-04-20,8.59,29.847
Great Britain,2023-04-21,7.90,30.033
Great Britain,2023-04-24,7.13,31.299
Great Britain,2023-04-25,5.71,31.125
Great Britain,2023-04-26,7.32,30.878
Great Britain,2023-04-27,8.76,31.321
Great Britain,2023-04-28,11.75,29.551
Great Britain,2023-05-01,11.64,26.172
Great Britain,2023-05-02,10.47,28.746
Great Britain,2023-05-03,9.60,28.946
Great Britain,2023-05-04,11.49,29.150
Great Britain,2023-05-05,13.04,28.428
Great Britain,2023-05-08,12.70,25.556
Great Britain,2023-05-09,13.58,28.246
Great Britain,2023-05-10,11.88,28.531
Great Britain,2023-05-11,11.90,28.154
Great Britain,2023-05-12,11.14,27.800
Great Britain,2023-05-15,11.21,27.691
Great Britain,2023-05-16,10.72,28.674
Great Britain,2023-05-17,11.81,28.282
Great Britain,2023-05-18,13.02,27.724
Great Britain,2023-05-19,12.27,27.422
Great Britain,2023-05-22,13.78,26.857
Great Britain,2023-05-23,12.81,27.299
Great Britain,2023-05-24,13.72,27.320
Great Britain,2023-05-25,13.74,27.159
Great Britain,2023-05-26,13.19,26.474
Great Britain,2023-05-29,12.20,23.785
Great Britain,2023-05-30,12.50,26.520
Great Britain,2023-05-31,13.28,26.769
Great Britain,2023-06-01,12.89,26.842
Great Britain,2023-06-02,12.95,26.120
Great Britain,2023-06-05,13.11,26.402
Great Britain,2023-06-06,12.76,26.850
Great Britain,2023-06-07,13.56,27.187
Great Britain,2023-06-08,13.74,27.018
Great Britain,2023-06-09,16.06,26.650
Great Britain,2023-06-12,20.98,27.632
Great Britain,2023-06-13,20.05,27.871
Great Britain,2023-06-14,18.49,27.911
Great Britain,2023-06-15,18.99,27.800
Great Britain,2023-06-16,19.46,27.036
Great Britain,2023-06-19,18.34,27.418
Great Britain,2023-06-20,17.85,27.943
Great Britain,2023-06-21,18.47,27.715
Great Britain,2023-06-22,19.21,27.963
Great Britain,2023-06-23,19.22,27.402
Great Britain,2023-06-26,17.20,26.935
Great Britain,2023-06-27,17.35,27.411
Great Britain,2023-06-28,19.22,27.620
Great Britain,2023-06-29,17.06,27.296
Great Britain,2023-06-30,15.50,26.437
Great Britain,2023-07-03,14.45,26.502
Great Britain,2023-07-04,14.41,26.892
Great Britain,2023-07-05,14.67,26.920
Great Britain,2023-07-06,15.76,26.963
Great Britain,2023-07-07,19.70,27.360
Great Britain,2023-07-10,17.33,26.868
Great Britain,2023-07-11,17.65,27.168
Great Britain,2023-07-12,16.26,26.968
Great Britain,2023-07-13,16.46,26.997
Great Britain,2023-07-14,15.87,27.045
Great Britain,2023-07-17,15.69,26.791
Great Britain,2023-07-18,15.52,26.839
Great Britain,2023-07-19,16.72,27.092
Great Britain,2023-07-20,15.76,26.771
Great Britain,2023-07-21,15.22,26.213
Great Britain,2023-07-24,14.90,26.205
Great Britain,2023-07-25,14.56,26.177
Great Britain,2023-07-26,15.18,26.651
Great Britain,2023-07-27,18.27,27.086
Great Britain,2023-07-28,17.97,25.986
Great Britain,2023-07-31,17.02,26.228
Great Britain,2023-09-01,16.65,26.340
Great Britain,2023-09-04,19.34,27.817
Great Britain,2023-09-05,19.53,28.925
Great Britain,2023-09-06,20.61,29.005
Great Britain,2023-09-07,21.84,28.864
Great Britain,2023-09-08,21.92,28.117
Great Britain,2023-09-11,19.54,28.148
Great Britain,2023-09-12,16.87,28.089
Great Britain,2023-09-13,14.68,27.651
Great Britain,2023-09-14,16.15,27.595
Great Britain,2023-09-15,16.62,27.430
Great Britain,2023-09-18,15.66,28.032
Great Britain,2023-09-19,15.64,28.663
Great Britain,2023-09-20,16.86,29.118
Great Britain,2023-09-21,12.86,28.377
Great Britain,2023-09-22,11.80,27.705
Great Britain,2023-09-25,16.80,28.071
Great Britain,2023-09-26,15.97,28.755
Great Britain,2023-09-27,15.82,28.928
Great Britain,2023-09-28,15.73,28.503
Great Britain,2023-09-29,15.49,27.444
Great Britain,2023-10-02,15.70,27.995
Great Britain,2023-10-03,13.64,28.422
Great Britain,2023-10-04,13.40,28.404
Great Britain,2023-10-05,14.24,28.558
Great Britain,2023-10-06,16.46,27.846
Great Britain,2023-10-09,16.27,27.472
Great Britain,2023-10-10,16.28,28.207
Great Britain,2023-10-11,15.55,28.346
Great Britain,2023-10-12,12.47,28.774
Great Britain,2023-10-13,14.65,28.885
Great Britain,2023-10-16,7.10,30.528
Great Britain,2023-10-17,10.28,30.583
Great Britain,2023-10-18,12.20,31.021
Great Britain,2023-10-19,14.77,30.331
Great Britain,2023-10-20,12.96,30.234
Great Britain,2023-10-23,9.85,29.706
Great Britain,2023-10-24,9.83,30.185
Great Britain,2023-10-25,9.03,30.734
Great Britain,2023-10-26,10.20,30.825
Great Britain,2023-10-27,9.53,29.943
Great Britain,2023-10-30,10.06,30.621
Great Britain,2023-10-31,9.15,31.311
Great Britain,2023-11-01,10.93,31.805
Great Britain,2023-11-02,9.41,32.383
Great Britain,2023-11-03,9.03,31.433
Great Britain,2023-11-06,8.23,31.733
Great Britain,2023-11-07,7.75,32.221
Great Britain,2023-11-08,8.60,32.809
Great Britain,2023-11-09,7.30,32.994
Great Britain,2023-11-10,5.72,32.794
Great Britain,2023-11-13,10.91,32.794
Great Britain,2023-11-14,9.85,32.328
Great Britain,2023-11-15,8.48,32.687
Great Britain,2023-11-16,5.56,33.332
Great Britain,2023-11-17,6.12,32.680
Great Britain,2023-11-20,9.55,32.117
Great Britain,2023-11-21,8.39,32.792
Great Britain,2023-11-22,7.75,33.087
Great Britain,2023-11-23,10.57,32.757
Great Britain,2023-11-24,5.93,32.951
Great Britain,2023-11-27,6.33,34.633
Great Britain,2023-11-28,3.21,34.965
Great Britain,2023-11-29,0.42,36.132
Great Britain,2023-11-30,-0.15,37.233
Great Britain,2023-12-01,-0.93,37.301
Great Britain,2023-12-04,5.09,37.118
Great Britain,2023-12-05,4.41,36.727
Great Britain,2023-12-06,1.44,37.430
Great Britain,2023-12-07,5.73,37.569
Great Britain,2023-12-08,7.33,35.049
Great Britain,2023-12-11,7.47,34.313
Great Britain,2023-12-12,8.12,34.526
Great Britain,2023-12-13,6.04,35.359
Great Britain,2023-12-14,4.60,35.513
Great Britain,2023-12-15,5.71,34.170
Great Britain,2023-12-18,10.45,33.106
Great Britain,2023-12-19,9.15,33.698
Great Britain,2023-12-20,8.03,33.785
Great Britain,2023-12-21,10.35,33.347
Great Britain,2023-12-22,9.23,31.132
Great Britain,2023-12-25,10.65,25.709
Great Britain,2023-12-26,6.37,26.014
Great Britain,2023-12-27,8.89,29.827
Great Britain,2023-12-28,9.30,30.095
Great Britain,2023-12-29,7.25,30.014
Great Britain,2024-01-01,6.73,28.083
Great Britain,2024-01-02,9.58,31.758
Great Britain,2024-01-03,7.52,33.009
Great Britain,2024-01-04,6.05,33.651
Great Britain,2024-01-05,4.84,33.650
Great Britain,2024-01-08,1.79,37.021
Great Britain,2024-01-09,1.46,37.702
Great Britain,2024-01-10,2.46,37.159
Great Britain,2024-01-11,3.14,36.537
Great Britain,2024-01-12,4.22,35.830
Great Britain,2024-01-15,-0.96,38.351
Great Britain,2024-01-16,-0.83,38.581
Great Britain,2024-01-17,-0.54,38.791
Great Britain,2024-01-18,-2.41,39.582
Great Britain,2024-01-19,-0.05,38.665
Great Britain,2024-01-22,8.44,36.112
Great Britain,2024-01-23,8.45,36.096
Great Britain,2024-01-24,8.83,35.112
Great Britain,2024-01-25,8.62,34.326
Great Britain,2024-01-26,7.55,33.896
Great Britain,2024-01-29,9.80,33.242
Great Britain,2024-01-30,7.12,34.079
Great Britain,2024-01-31,6.30,35.476
Great Britain,2024-02-01,5.76,34.888
Great Britain,2024-02-02,9.29,33.725
Great Britain,2024-02-05,9.37,33.353
Great Britain,2024-02-06,10.07,33.347
Great Britain,2024-02-07,4.57,34.475
Great Britain,2024-02-08,4.67,35.619
Great Britain,2024-02-09,8.33,34.602
Great Britain,2024-02-12,4.65,33.504
Great Britain,2024-02-13,7.01,34.217
Great Britain,2024-02-14,10.96,32.856
Great Britain,2024-02-15,12.59,31.677
Great Britain,2024-02-16,10.04,30.928
Great Britain,2024-02-19,8.76,31.747
Great Britain,2024-02-20,8.62,32.396
Great Britain,2024-02-21,9.36,33.318
Great Britain,2024-02-22,7.18,33.564
Great Britain,2024-02-23,4.17,33.773
Great Britain,2024-02-26,5.22,35.059
Great Britain,2024-02-27,4.18,35.049
Great Britain,2024-02-28,7.46,34.557
Great Britain,2024-02-29,8.42,33.699
Great Britain,2024-03-01,4.04,34.414
Great Britain,2024-03-04,4.68,34.533
Great Britain,2024-03-05,6.75,34.156
Great Britain,2024-03-06,5.20,34.027
Great Britain,2024-03-07,6.09,34.236
Great Britain,2024-03-08,5.85,33.673
Great Britain,2024-03-11,7.21,33.687
Great Britain,2024-03-12,9.29,33.769
Great Britain,2024-03-13,11.21,32.596
Great Britain,2024-03-14,11.00,32.209
Great Britain,2024-03-15,10.65,31.222
Great Britain,2024-03-18,10.20,31.128
Great Britain,2024-03-19,11.02,30.926
Great Britain,2024-03-20,10.77,30.644
Great Britain,2024-03-21,9.59,30.965
Great Britain,2024-03-22,8.99,31.192
Great Britain,2024-03-25,6.93,32.229
Great Britain,2024-03-26,8.46,31.986
Great Britain,2024-03-27,6.65,32.550
Great Britain,2024-03-28,7.23,32.564
Great Britain,2024-03-29,8.51,28.690
Great Britain,2024-04-01,8.66,27.417
Great Britain,2024-04-02,9.08,30.334
Great Britain,2024-04-03,10.38,31.006
Great Britain,2024-04-04,10.37,30.936
Great Britain,2024-04-05,12.68,29.808
Great Britain,2024-04-08,11.58,29.604
Great Britain,2024-04-09,8.72,31.337
Great Britain,2024-04-10,8.86,31.770
Great Britain,2024-04-11,14.20,30.189
Great Britain,2024-04-12,13.54,29.061
Great Britain,2024-04-15,7.82,31.259
Great Britain,2024-04-16,8.33,31.294
Great Britain,2024-04-17,6.77,31.256
Great Britain,2024-04-18,7.31,30.938
Great Britain,2024-04-19,9.61,30.408
Great Britain,2024-04-22,6.61,30.870
Great Britain,2024-04-23,7.70,30.996
Great Britain,2024-04-24,6.59,30.849
Great Britain,2024-04-25,6.40,31.194
Great Britain,2024-04-26,6.30,30.430
Great Britain,2024-04-29,9.97,30.128
Great Britain,2024-04-30,12.35,29.781
Great Britain,2024-05-01,13.35,29.005
Great Britain,2024-05-02,13.40,29.179
Great Britain,2024-05-03,10.85,28.893
Great Britain,2024-05-06,12.05,25.631
Great Britain,2024-05-07,13.29,27.719
Great Britain,2024-05-08,13.35,27.878
Great Britain,2024-05-09,14.86,27.629
Great Britain,2024-05-10,15.75,26.983
Great Britain,2024-05-13,15.14,27.228
Great Britain,2024-05-14,14.67,27.648
Great Britain,2024-05-15,14.89,27.543
Great Britain,2024-05-16,13.68,27.722
Great Britain,2024-05-17,15.07,27.072
Great Britain,2024-05-20,13.88,27.069
Great Britain,2024-05-21,13.04,27.442
Great Britain,2024-05-22,13.37,28.278
Great Britain,2024-05-23,13.06,28.203
Great Britain,2024-05-24,12.46,27.259
Great Britain,2024-05-27,12.38,24.162
Great Britain,2024-05-28,13.43,27.249
Great Britain,2024-05-29,14.53,27.245
Great Britain,2024-05-30,13.51,27.588
Great Britain,2024-05-31,13.04,26.746
Great Britain,2024-06-03,15.24,27.263
Great Britain,2024-06-04,14.20,27.768
Great Britain,2024-06-05,11.02,27.844
Great Britain,2024-06-06,12.05,27.626
Great Britain,2024-06-07,12.79,27.237
Great Britain,2024-06-10,11.43,27.805
Great Britain,2024-06-11,10.71,28.253
Great Britain,2024-06-12,11.39,28.080
Great Britain,2024-06-13,11.42,28.621
Great Britain,2024-06-14,14.09,27.401
Great Britain,2024-06-17,14.80,27.318
Great Britain,2024-06-18,14.83,27.542
Great Britain,2024-06-19,14.33,27.370
Great Britain,2024-06-20,15.22,27.346
Great Britain,2024-06-21,16.48,26.925
Great Britain,2024-06-24,19.48,27.884
Great Britain,2024-06-25,20.28,28.331
Great Britain,2024-06-26,20.70,28.448
Great Britain,2024-06-27,18.22,27.971
Great Britain,2024-06-28,15.58,26.628
Great Britain,2024-07-01,14.93,27.159
Great Britain,2024-07-02,14.50,27.440
Great Britain,2024-07-03,14.41,27.752
Great Britain,2024-07-04,14.50,27.896
Great Britain,2024-07-05,15.05,27.141
Great Britain,2024-07-08,14.25,27.025
Great Britain,2024-07-09,16.34,28.034
Great Britain,2024-07-10,16.92,27.772
Great Britain,2024-07-11,15.61,27.315
Great Britain,2024-07-12,14.03,26.949
Great Britain,2024-07-15,15.89,27.189
Great Britain,2024-07-16,16.56,27.480
Great Britain,2024-07-17,17.10,27.494
Great Britain,2024-07-18,18.68,27.864
Great Britain,2024-07-19,21.32,28.082
Great Britain,2024-07-22,17.54,27.053
Great Britain,2024-07-23,18.28,27.198
Great Britain,2024-07-24,17.64,27.480
Great Britain,2024-07-25,17.63,27.495
Great Britain,2024-07-26,16.68,26.486
Great Britain,2024-07-29,19.47,27.043
Great Britain,2024-07-30,20.38,27.455
Great Britain,2024-07-31,20.26,27.818
Great Britain,2024-09-02,18.39,27.684
Great Britain,2024-09-03,16.52,27.883
Great Britain,2024-09-04,14.83,27.560
Great Britain,2024-09-05,16.09,28.193
Great Britain,2024-09-06,18.40,28.011
Great Britain,2024-09-09,14.43,27.607
Great Britain,2024-09-10,13.41,28.490
Great Britain,2024-09-11,10.44,28.863
Great Britain,2024-09-12,9.36,28.978
Great Britain,2024-09-13,9.84,28.279
Great Britain,2024-09-16,13.79,27.610
Great Britain,2024-09-17,13.74,27.866
Great Britain,2024-09-18,15.50,27.947
Great Britain,2024-09-19,16.21,27.738
Great Britain,2024-09-20,15.95,27.566
Great Britain,2024-09-23,14.68,28.535
Great Britain,2024-09-24,13.43,28.829
Great Britain,2024-09-25,12.12,29.100
Great Britain,2024-09-26,12.59,29.569
Great Britain,2024-09-27,9.97,29.672
Great Britain,2024-09-30,12.67,30.578
Great Britain,2024-10-01,11.93,30.578
Great Britain,2024-10-02,12.81,30.086
Great Britain,2024-10-03,10.80,29.862
Great Britain,2024-10-04,10.37,30.023
Great Britain,2024-10-07,13.32,29.644
Great Britain,2024-10-08,13.20,30.098
Great Britain,2024-10-09,12.66,30.233
Great Britain,2024-10-10,8.39,30.837
Great Britain,2024-10-11,6.71,30.556
Great Britain,2024-10-14,9.24,31.469
Great Britain,2024-10-15,12.08,31.587
Great Britain,2024-10-16,16.03,31.137
Great Britain,2024-10-17,14.20,29.639
Great Britain,2024-10-18,11.45,29.822
Great Britain,2024-10-21,12.04,30.852
Great Britain,2024-10-22,10.86,30.780
Great Britain,2024-10-23,10.89,31.024
Great Britain,2024-10-24,12.22,31.303
Great Britain,2024-10-25,13.41,29.853
Great Britain,2024-10-28,13.24,30.119
Great Britain,2024-10-29,13.22,30.442
Great Britain,2024-10-30,10.85,30.243
Great Britain,2024-10-31,10.01,30.450
Great Britain,2024-11-01,10.43,29.829
Great Britain,2024-11-04,10.39,31.293
Great Britain,2024-11-05,10.22,31.522
Great Britain,2024-11-06,10.91,31.932
Great Britain,2024-11-07,10.79,32.074
Great Britain,2024-11-08,8.87,31.610
Great Britain,2024-11-11,8.20,32.347
Great Britain,2024-11-12,7.42,33.331
Great Britain,2024-11-13,7.90,33.116
Great Britain,2024-11-14,9.29,32.807
Great Britain,2024-11-15,7.81,32.922
Great Britain,2024-11-18,4.97,34.367
Great Britain,2024-11-19,2.72,36.404
Great Britain,2024-11-20,0.93,38.137
Great Britain,2024-11-21,0.27,38.908
Great Britain,2024-11-22,2.19,37.435
Great Britain,2024-11-25,9.05,34.388
Great Britain,2024-11-26,5.82,34.781
Great Britain,2024-11-27,4.57,36.088
Great Britain,2024-11-28,1.77,37.150
Great Britain,2024-11-29,6.20,35.924
Great Britain,2024-12-02,8.25,34.229
Great Britain,2024-12-03,4.70,35.559
Great Britain,2024-12-04,5.87,36.018
Great Britain,2024-12-05,10.86,35.084
Great Britain,2024-12-06,7.36,35.007
Great Britain,2024-12-09,6.64,35.931
Great Britain,2024-12-10,5.61,36.389
Great Britain,2024-12-11,5.05,35.988
Great Britain,2024-12-12,5.49,35.433
Great Britain,2024-12-13,5.04,34.850
Great Britain,2024-12-16,9.97,34.685
Great Britain,2024-12-17,8.37,35.022
Great Britain,2024-12-18,11.71,34.368
Great Britain,2024-12-19,5.81,35.616
Great Britain,2024-12-20,5.47,34.995
Great Britain,2024-12-23,5.13,33.530
Great Britain,2024-12-24,10.02,30.558
Great Britain,2024-12-25,9.40,27.160
Great Britain,2024-12-26,7.46,26.181
Great Britain,2024-12-27,5.94,29.391
Great Britain,2024-12-30,7.68,31.090
Great Britain,2024-12-31,9.29,30.784
Great Britain,2025-01-01,7.71,29.123
Great Britain,2025-01-02,1.02,34.281
Great Britain,2025-01-03,0.60,35.988
Great Britain,2025-01-06,5.02,37.225
Great Britain,2025-01-07,1.62,38.921
Great Britain,2025-01-08,-0.30,39.122
Great Britain,2025-01-09,-0.53,40.158
Great Britain,2025-01-10,-1.76,39.683
Great Britain,2025-01-13,3.67,38.743
Great Britain,2025-01-14,6.07,36.775
Great Britain,2025-01-15,7.81,35.559
Great Britain,2025-01-16,5.72,36.271
Great Britain,2025-01-17,5.29,35.730
Great Britain,2025-01-20,3.32,36.439
Great Britain,2025-01-21,3.30,36.505
Great Britain,2025-01-22,3.17,36.465
Great Britain,2025-01-23,4.14,37.336
Great Britain,2025-01-24,7.86,36.110
Great Britain,2025-01-27,6.51,36.319
Great Britain,2025-01-28,7.33,35.608
Great Britain,2025-01-29,5.34,36.239
Great Britain,2025-01-30,3.79,36.340
Great Britain,2025-01-31,4.84,35.178
Great Britain,2025-02-03,5.33,36.133
Great Britain,2025-02-04,7.99,36.010
Great Britain,2025-02-05,5.24,35.828
Great Britain,2025-02-06,3.09,36.759
Great Britain,2025-02-07,3.12,37.109
Great Britain,2025-02-10,3.63,37.834
Great Britain,2025-02-11,3.68,37.763
Great Britain,2025-02-12,4.22,37.216
Great Britain,2025-02-13,3.07,37.138
Great Britain,2025-02-14,2.31,37.000
Great Britain,2025-02-17,1.63,37.268
Great Britain,2025-02-18,2.06,37.681
Great Britain,2025-02-19,3.94,37.571
Great Britain,2025-02-20,10.92,35.433
Great Britain,2025-02-21,12.14,33.657
Great Britain,2025-02-24,9.86,33.561
Great Britain,2025-02-25,7.21,33.458
Great Britain,2025-02-26,5.04,34.712
Great Britain,2025-02-27,5.06,34.565
Great Britain,2025-02-28,4.24,34.176
Great Britain,2025-03-03,5.23,34.020
Great Britain,2025-03-04,5.87,34.199
Great Britain,2025-03-05,6.67,34.281
Great Britain,2025-03-06,9.33,33.072
Great Britain,2025-03-07,11.52,31.370
Great Britain,2025-03-10,8.21,32.119
Great Britain,2025-03-11,5.72,33.253
Great Britain,2025-03-12,4.13,34.218
Great Britain,2025-03-13,3.58,34.447
Great Britain,2025-03-14,3.93,33.896
Great Britain,2025-03-17,5.61,34.149
Great Britain,2025-03-18,5.17,34.132
Great Britain,2025-03-19,6.99,32.879
Great Britain,2025-03-20,10.95,31.482
Great Britain,2025-03-21,12.12,31.388
Great Britain,2025-03-24,8.60,31.432
Great Britain,2025-03-25,9.80,31.619
Great Britain,2025-03-26,10.22,31.374
Great Britain,2025-03-27,10.32,31.592
Great Britain,2025-03-28,9.35,30.963
Great Britain,2025-03-31,10.26,29.907
Great Britain,2025-04-01,9.23,30.859
Great Britain,2025-04-02,10.06,30.715
Great Britain,2025-04-03,11.67,30.369
Great Britain,2025-04-04,12.77,29.737
Great Britain,2025-04-07,8.73,29.641
Great Britain,2025-04-08,9.54,29.743
Great Britain,2025-04-09,8.67,30.170
Great Britain,2025-04-10,10.35,29.625
Great Britain,2025-04-11,13.70,28.600
Great Britain,2025-04-14,10.40,29.539
Great Britain,2025-04-15,11.57,29.382
Great Britain,2025-04-16,9.79,30.525
Great Britain,2025-04-17,10.67,29.028
Great Britain,2025-04-18,11.57,27.239
Great Britain,2025-04-21,10.99,26.207
Great Britain,2025-04-22,11.21,28.631
Great Britain,2025-04-23,10.57,29.344
Great Britain,2025-04-24,10.44,28.989
Great Britain,2025-04-25,10.34,28.544
Great Britain,2025-04-28,16.12,27.885
Great Britain,2025-04-29,16.89,28.048
Great Britain,2025-04-30,17.84,27.999
Great Britain,2025-05-01,19.47,28.375
Great Britain,2025-05-02,17.00,27.180
Great Britain,2025-05-05,9.17,26.169
Great Britain,2025-05-06,10.15,28.714
Great Britain,2025-05-07,11.52,28.251
Great Britain,2025-05-08,11.42,28.335
Great Britain,2025-05-09,12.70,27.885
Great Britain,2025-05-12,17.77,27.764
Great Britain,2025-05-13,17.06,27.891
Great Britain,2025-05-14,14.93,27.767
Great Britain,2025-05-15,12.39,27.694
Great Britain,2025-05-16,13.56,27.366
Great Britain,2025-05-19,13.88,27.438
Great Britain,2025-05-20,15.43,27.398
Great Britain,2025-05-21,14.84,27.667
Great Britain,2025-05-22,11.86,27.573
Great Britain,2025-05-23,12.86,27.219
Great Britain,2025-05-26,13.20,25.272
Great Britain,2025-05-27,14.01,27.663
Great Britain,2025-05-28,15.26,27.451
Great Britain,2025-05-29,16.88,28.355
Great Britain,2025-05-30,17.84,27.092
Great Britain,2025-06-02,15.23,27.777
Great Britain,2025-06-03,13.71,28.304
Great Britain,2025-06-04,13.41,27.878
Great Britain,2025-06-05,13.30,28.170
Great Britain,2025-06-06,13.62,27.182
Great Britain,2025-06-09,14.31,27.518
Great Britain,2025-06-10,16.31,28.014
Great Britain,2025-06-11,17.05,27.883
Great Britain,2025-06-12,18.60,29.042
Great Britain,2025-06-13,21.05,28.402
Great Britain,2025-06-16,19.51,27.619
Great Britain,2025-06-17,19.58,28.385
Great Britain,2025-06-18,20.69,28.421
Great Britain,2025-06-19,22.91,28.989
Great Britain,2025-06-20,23.11,28.942
Great Britain,2025-06-23,16.89,28.157
Great Britain,2025-06-24,18.29,28.874
Great Britain,2025-06-25,20.01,28.540
Great Britain,2025-06-26,18.73,28.526
Great Britain,2025-06-27,19.02,28.222
Great Britain,2025-06-30,24.23,29.452
Great Britain,2025-07-01,23.96,29.598
Great Britain,2025-07-02,18.29,28.446
Great Britain,2025-07-03,17.19,27.873
Great Britain,2025-07-04,18.78,28.011
Great Britain,2025-07-07,15.58,27.749
Great Britain,2025-07-08,16.26,27.791
Great Britain,2025-07-09,19.16,28.104
Great Britain,2025-07-10,22.34,28.833
Great Britain,2025-07-11,24.42,28.939
Great Britain,2025-07-14,20.45,28.372
Great Britain,2025-07-15,16.94,27.691
Great Britain,2025-07-16,18.75,27.603
Great Britain,2025-07-17,20.46,28.315
Great Britain,2025-07-18,21.92,28.239
Great Britain,2025-07-21,17.48,27.438
Great Britain,2025-07-22,17.90,27.343
Great Britain,2025-07-23,17.68,27.151
Great Britain,2025-07-24,18.02,27.116
Great Britain,2025-07-25,19.27,26.895
Great Britain,2025-07-28,18.46,26.516
Great Britain,2025-07-29,17.38,26.683
Great Britain,2025-07-30,19.06,26.889
Great Britain,2025-07-31,18.08,27.118
Great Britain,2025-09-01,15.86,28.017
Great Britain,2025-09-02,15.19,27.920
Great Britain,2025-09-03,16.48,28.262
Great Britain,2025-09-04,15.02,28.052
Great Britain,2025-09-05,15.14,27.364
Great Britain,2025-09-08,15.30,27.276
Great Britain,2025-09-09,14.89,27.947
Great Britain,2025-09-10,15.15,28.944
Great Britain,2025-09-11,13.38,28.681
Great Britain,2025-09-12,13.11,27.927
Great Britain,2025-09-15,14.59,29.401
Great Britain,2025-09-16,14.00,29.350
Great Britain,2025-09-17,15.43,29.352
Great Britain,2025-09-18,17.54,29.860
Great Britain,2025-09-19,18.17,28.415
Great Britain,2025-09-22,10.24,29.308
Great Britain,2025-09-23,10.79,29.233
Great Britain,2025-09-24,12.13,29.509
Great Britain,2025-09-25,12.45,29.270
Great Britain,2025-09-26,12.16,29.406
Great Britain,2025-09-29,11.88,28.867
Great Britain,2025-09-30,13.19,29.235
Great Britain,2025-10-01,13.43,29.676
Great Britain,2025-10-02,14.30,29.718
Great Britain,2025-10-03,15.57,29.850
Great Britain,2025-10-06,13.88,29.492
Great Britain,2025-10-07,13.89,29.430
Great Britain,2025-10-08,13.05,29.644
Great Britain,2025-10-09,12.39,29.640
Great Britain,2025-10-10,13.34,29.392
Great Britain,2025-10-13,12.82,29.465
Great Britain,2025-10-14,11.70,30.218
Great Britain,2025-10-15,10.64,30.417
Great Britain,2025-10-16,11.30,30.615
Great Britain,2025-10-17,11.69,29.763
Great Britain,2025-10-20,12.52,30.373
Great Britain,2025-10-21,12.07,30.425
Great Britain,2025-10-22,10.69,30.411
Great Britain,2025-10-23,9.02,31.839
Great Britain,2025-10-24,8.21,32.205
Great Britain,2025-10-27,10.30,32.074
Great Britain,2025-10-28,11.46,32.058
Great Britain,2025-10-29,9.89,31.960
Great Britain,2025-10-30,8.62,32.813
Great Britain,2025-10-31,13.54,31.697
Great Britain,2025-11-03,12.76,32.748
Great Britain,2025-11-04,14.10,32.139
Great Britain,2025-11-05,14.96,31.452
Great Britain,2025-11-06,14.25,30.625
Great Britain,2025-11-07,12.85,30.310
Great Britain,2025-11-10,11.14,31.905
Great Britain,2025-11-11,11.29,32.820
Great Britain,2025-11-12,13.44,32.513
Great Britain,2025-11-13,12.80,32.410
Great Britain,2025-11-14,10.60,33.355
Great Britain,2025-11-17,4.46,34.927
Great Britain,2025-11-18,3.24,36.132
Great Britain,2025-11-19,2.68,37.859
Great Britain,2025-11-20,0.78,38.711
Great Britain,2025-11-21,1.58,37.689
Great Britain,2025-11-24,5.27,36.370
Great Britain,2025-11-25,4.06,37.080
Great Britain,2025-11-26,3.35,38.379
Great Britain,2025-11-27,11.53,35.517
Great Britain,2025-11-28,9.55,34.889
Great Britain,2025-12-01,9.76,35.765
Great Britain,2025-12-02,7.84,35.513
Great Britain,2025-12-03,5.55,36.134
Great Britain,2025-12-04,6.29,36.503
Great Britain,2025-12-05,4.68,37.074
Great Britain,2025-12-08,10.84,34.632
Great Britain,2025-12-09,12.61,35.144
Great Britain,2025-12-10,10.19,35.443
Great Britain,2025-12-11,9.06,35.389
Great Britain,2025-12-12,9.17,33.616
Great Britain,2025-12-15,9.82,34.519
Great Britain,2025-12-16,7.61,34.477
Great Britain,2025-12-17,6.25,36.355
Great Britain,2025-12-18,9.96,35.293
Great Britain,2025-12-19,7.87,34.801
Great Britain,2025-12-22,8.78,33.028
Great Britain,2025-12-23,6.77,33.275
Great Britain,2025-12-24,4.80,32.051
Great Britain,2025-12-25,3.65,29.574
Great Britain,2025-12-26,3.76,28.856
Great Britain,2025-12-29,4.54,32.017
Great Britain,2025-12-30,3.81,32.683
Great Britain,2025-12-31,0.98,33.691
Great Britain,2026-01-01,3.16,31.791
Great Britain,2026-01-02,1.37,35.007
Great Britain,2026-01-05,-1.84,40.186
Great Britain,2026-01-06,-0.53,40.463
Great Britain,2026-01-07,2.86,39.461
Great Britain,2026-01-08,2.50,38.299
Great Britain,2026-01-09,2.75,38.719
Great Britain,2026-01-12,9.32,36.420
Great Britain,2026-01-13,7.93,36.065
Great Britain,2026-01-14,3.55,37.717
Great Britain,2026-01-15,6.76,36.610
Great Britain,2026-01-16,5.44,36.055
Great Britain,2026-01-19,7.53,35.371
Great Britain,2026-01-20,8.18,35.968
Great Britain,2026-01-21,7.36,36.766
Great Britain,2026-01-22,8.07,36.284
Great Britain,2026-01-23,6.70,36.277
Great Britain,2026-01-26,4.28,36.815
Great Britain,2026-01-27,6.02,38.239
Great Britain,2026-01-28,4.73,36.694
Great Britain,2026-01-29,3.78,36.995
Great Britain,2026-01-30,5.91,36.913
Great Britain,2026-02-02,6.13,35.900
Great Britain,2026-02-03,3.92,37.881
Great Britain,2026-02-04,5.24,36.811
Great Britain,2026-02-05,5.82,37.222
Great Britain,2026-02-06,6.68,36.030
Great Britain,2026-02-09,7.66,34.500
Great Britain,2026-02-10,7.98,35.390
Great Britain,2026-02-11,8.78,35.095
Great Britain,2026-02-12,6.55,35.406
Great Britain,2026-02-13,4.36,35.805
Great Britain,2026-02-16,5.69,35.948
Great Britain,2026-02-17,3.13,36.743
Great Britain,2026-02-18,3.24,37.622
Great Britain,2026-02-19,4.40,37.088
Great Britain,2026-02-20,7.07,35.551
Great Britain,2026-02-23,9.71,33.678
Great Britain,2026-02-24,11.52,32.666
Great Britain,2026-02-25,11.34,32.516
Great Britain,2026-02-26,10.71,33.483
Great Britain,2026-02-27,10.06,32.435
Great Britain,2026-03-02,10.62,33.084
Great Britain,2026-03-03,8.48,32.858
Great Britain,2026-03-04,8.32,33.059
Great Britain,2026-03-05,10.65,32.628
Great Britain,2026-03-06,7.61,32.718
Great Britain,2026-03-09,9.19,32.875
Great Britain,2026-03-10,9.18,33.349
Great Britain,2026-03-11,9.33,33.334
Great Britain,2026-03-12,9.25,34.786
Great Britain,2026-03-13,6.49,34.245
Great Britain,2026-03-16,7.54,34.549
Great Britain,2026-03-17,11.17,33.230
Great Britain,2026-03-18,11.41,31.825
Great Britain,2026-03-19,9.91,31.167
Great Britain,2026-03-20,8.14,30.985
Great Britain,2026-03-23,8.36,31.833
Great Britain,2026-03-24,10.21,33.074
Great Britain,2026-03-25,6.01,34.666
Great Britain,2026-03-26,5.32,33.692
Great Britain,2026-03-27,8.36,32.891
Great Britain,2026-03-30,8.41,33.240
Great Britain,2026-03-31,11.07,31.450
Great Britain,2026-04-01,10.55,31.184
Great Britain,2026-04-02,7.77,31.087
Great Britain,2026-04-03,10.52,29.109
Great Britain,2026-04-06,8.69,27.865
Great Britain,2026-04-07,12.33,29.572
Great Britain,2026-04-08,16.00,28.833
Great Britain,2026-04-09,12.88,29.138
Great Britain,2026-04-10,8.27,29.745
Great Britain,2026-04-13,8.35,30.856
Great Britain,2026-04-14,10.12,30.811
Great Britain,2026-04-15,13.26,30.797
Great Britain,2026-04-16,12.54,30.100
Great Britain,2026-04-17,12.68,29.712
Great Britain,2026-04-20,9.14,29.783
Great Britain,2026-04-21,9.29,30.312
Great Britain,2026-04-22,10.27,30.201
Great Britain,2026-04-23,10.90,29.507
Great Britain,2026-04-24,11.18,28.704
Great Britain,2026-04-27,13.92,28.718
Great Britain,2026-04-28,11.26,29.456
Great Britain,2026-04-29,12.15,29.569
Great Britain,2026-04-30,14.79,29.455
Great Britain,2026-05-01,16.33,28.277
Great Britain,2026-05-04,12.51,26.084
Great Britain,2026-05-05,11.77,28.413
Great Britain,2026-05-06,9.75,29.553
Great Britain,2026-05-07,10.60,29.586
Great Britain,2026-05-08,12.81,28.688
Great Britain,2026-05-11,8.69,28.935
Great Britain,2026-05-12,9.90,29.455
Great Britain,2026-05-13,9.40,29.808
Great Britain,2026-05-14,8.53,29.869
Great Britain,2026-05-15,9.33,29.565
Great Britain,2026-05-18,10.71,28.762
Great Britain,2026-05-19,13.27,29.463
Great Britain,2026-05-20,14.27,28.947
Great Britain,2026-05-21,16.30,28.676
Great Britain,2026-05-22,20.40,28.271
Great Britain,2026-05-25,25.41,26.660
Great Britain,2026-05-26,26.12,29.651
Great Britain,2026-05-27,20.48,28.628
Great Britain,2026-05-28,21.46,28.919
Great Britain,2026-05-29,20.07,27.849
Great Britain,2026-06-01,16.86,27.895
Great Britain,2026-06-02,15.96,28.032
Great Britain,2026-06-03,14.55,28.245
Great Britain,2026-06-04,14.18,28.545
Great Britain,2026-06-05,13.82,27.235
Great Britain,2026-06-08,13.70,27.503
Great Britain,2026-06-09,12.41,27.831
Great Britain,2026-06-10,12.02,28.043
Great Britain,2026-06-11,12.49,28.904
Great Britain,2026-06-12,16.32,28.100
Great Britain,2026-06-15,15.76,27.506
Great Britain,2026-06-16,18.34,28.045
Great Britain,2026-06-17,19.08,28.472
Great Britain,2026-06-18,19.89,28.542
Great Britain,2026-06-19,21.66,28.716
Great Britain,2026-06-22,21.88,29.117
Great Britain,2026-06-23,24.83,30.397
Great Britain,2026-06-24,26.47,31.480
Great Britain,2026-06-25,25.37,31.813
Great Britain,2026-06-26,27.83,31.387
Great Britain,2026-06-29,18.27,27.496
Great Britain,2026-06-30,19.32,27.868
Great Britain,2026-07-01,19.18,28.014
Great Britain,2026-07-02,19.05,28.514
Great Britain,2026-07-03,18.73,27.184
Great Britain,2026-07-06,22.59,28.692
Great Britain,2026-07-07,22.79,29.123
Great Britain,2026-07-08,25.11,30.341
Great Britain,2026-07-09,26.26,30.433
Great Britain,2026-07-10,25.41,29.976
Great Britain,2026-07-13,19.67,28.122
Great Britain,2026-07-14,20.50,28.384
Great Britain,2026-07-15,21.12,28.850
Great Britain,2026-07-16,21.32,28.776
Great Britain,2026-07-17,20.78,28.119
Great Britain,2026-07-20,18.96,27.104
Great Britain,2026-07-21,19.05,27.488
Great Britain,2026-07-22,20.11,28.015
Great Britain,2026-07-23,20.38,28.167
Great Britain,2026-07-24,20.77,27.770
Great Britain,2026-07-27,19.42,27.351
Great Britain,2026-07-28,22.54,28.797
Great Britain,2026-07-29,23.69,29.589
Great Britain,2026-07-30,20.69,28.844
Great Britain,2026-07-31,18.58,27.068
France,2021-01-01,1.46,63.386
France,2021-01-04,1.93,75.616
France,2021-01-05,1.87,78.016
France,2021-01-06,2.26,78.302
France,2021-01-07,1.32,79.126
France,2021-01-08,0.84,79.129
France,2021-01-11,1.44,80.244
France,2021-01-12,5.57,77.654
France,2021-01-13,6.82,71.780
France,2021-01-14,8.20,69.546
France,2021-01-15,2.83,72.402
France,2021-01-18,3.85,73.252
France,2021-01-19,5.35,73.653
France,2021-01-20,9.22,69.612
France,2021-01-21,9.21,67.283
France,2021-01-22,6.29,67.361
France,2021-01-25,3.14,72.979
France,2021-01-26,1.77,76.425
France,2021-01-27,5.48,72.982
France,2021-01-28,10.91,65.860
France,2021-01-29,10.41,62.162
France,2021-02-01,8.81,63.582
France,2021-02-02,10.77,62.145
France,2021-02-03,10.93,61.304
France,2021-02-04,8.26,63.244
France,2021-02-05,8.79,61.101
France,2021-02-08,1.18,71.181
France,2021-02-09,0.30,74.875
France,2021-02-10,-0.36,75.629
France,2021-02-11,-1.07,78.155
France,2021-02-12,-0.44,78.632
France,2021-02-15,4.67,72.815
France,2021-02-16,8.07,68.071
France,2021-02-17,9.32,63.851
France,2021-02-18,8.87,64.185
France,2021-02-19,8.81,62.224
France,2021-02-22,11.71,57.886
France,2021-02-23,12.81,55.944
France,2021-02-24,12.57,54.612
France,2021-02-25,11.53,55.564
France,2021-02-26,9.00,56.667
France,2021-03-01,6.75,59.508
France,2021-03-02,8.03,59.602
France,2021-03-03,10.02,58.859
France,2021-03-04,8.79,58.738
France,2021-03-05,5.88,60.771
France,2021-03-08,4.17,63.466
France,2021-03-09,5.58,64.453
France,2021-03-10,5.92,63.988
France,2021-03-11,10.53,59.961
France,2021-03-12,8.03,59.666
France,2021-03-15,8.28,61.659
France,2021-03-16,7.08,62.541
France,2021-03-17,7.53,62.388
France,2021-03-18,5.66,64.541
France,2021-03-19,5.35,64.387
France,2021-03-22,5.97,63.320
France,2021-03-23,6.98,61.561
France,2021-03-24,8.43,58.739
France,2021-03-25,8.89,56.908
France,2021-03-26,9.46,56.115
France,2021-03-29,11.54,52.599
France,2021-03-30,13.07,50.554
France,2021-03-31,14.89,49.281
France,2021-04-01,15.02,47.971
France,2021-04-02,10.36,47.477
France,2021-04-05,6.66,48.646
France,2021-04-06,3.61,58.662
France,2021-04-07,4.01,61.577
France,2021-04-08,6.72,59.835
France,2021-04-09,9.44,56.084
France,2021-04-12,5.57,57.931
France,2021-04-13,5.99,58.528
France,2021-04-14,6.44,58.381
France,2021-04-15,6.37,58.587
France,2021-04-16,6.35,58.764
France,2021-04-19,9.64,54.068
France,2021-04-20,11.31,52.959
France,2021-04-21,11.45,51.729
France,2021-04-22,11.17,50.424
France,2021-04-23,11.98,48.661
France,2021-04-26,12.16,48.028
France,2021-04-27,12.43,49.041
France,2021-04-28,12.25,49.465
France,2021-04-29,10.50,50.550
France,2021-04-30,9.78,51.022
France,2021-05-03,10.45,51.002
France,2021-05-04,11.77,51.388
France,2021-05-05,10.14,51.282
France,2021-05-06,9.56,53.045
France,2021-05-07,10.91,50.624
France,2021-05-10,15.41,45.824
France,2021-05-11,12.50,47.870
France,2021-05-12,11.91,48.260
France,2021-05-13,11.97,43.434
France,2021-05-14,11.23,45.471
France,2021-05-17,12.57,47.837
France,2021-05-18,12.17,49.567
France,2021-05-19,11.66,49.611
France,2021-05-20,12.42,49.090
France,2021-05-21,13.82,47.902
France,2021-05-24,12.78,43.242
France,2021-05-25,11.88,48.953
France,2021-05-26,12.53,49.516
France,2021-05-27,13.67,48.329
France,2021-05-28,15.03,45.952
France,2021-05-31,17.84,44.014
France,2021-06-01,19.10,44.699
France,2021-06-02,19.76,45.127
France,2021-06-03,20.28,45.452
France,2021-06-04,17.89,44.801
France,2021-06-07,18.25,44.308
France,2021-06-08,18.87,45.359
France,2021-06-09,20.12,45.908
France,2021-06-10,20.93,46.061
France,2021-06-11,20.66,45.753
France,2021-06-14,22.27,45.891
France,2021-06-15,23.21,47.568
France,2021-06-16,25.08,48.107
France,2021-06-17,24.27,47.147
France,2021-06-18,22.81,45.959
France,2021-06-21,19.80,45.013
France,2021-06-22,17.01,45.822
France,2021-06-23,15.97,45.891
France,2021-06-24,16.28,45.482
France,2021-06-25,16.62,44.740
France,2021-06-28,18.85,44.898
France,2021-06-29,16.68,45.697
France,2021-06-30,16.25,45.473
France,2021-07-01,17.61,45.683
France,2021-07-02,19.82,45.806
France,2021-07-05,19.07,44.900
France,2021-07-06,19.00,45.450
France,2021-07-07,18.17,45.624
France,2021-07-08,17.90,45.778
France,2021-07-09,18.26,45.393
France,2021-07-12,18.61,44.852
France,2021-07-13,17.02,44.898
France,2021-07-14,17.14,39.698
France,2021-07-15,19.45,44.319
France,2021-07-16,18.17,44.530
France,2021-07-19,22.63,45.604
France,2021-07-20,22.30,47.010
France,2021-07-21,22.38,47.516
France,2021-07-22,22.66,47.667
France,2021-07-23,23.29,46.877
France,2021-07-26,19.43,44.652
France,2021-07-27,19.07,45.885
France,2021-07-28,19.50,45.334
France,2021-07-29,19.57,45.032
France,2021-07-30,19.44,43.833
France,2021-09-01,18.25,45.781
France,2021-09-02,18.94,45.844
France,2021-09-03,20.07,45.901
France,2021-09-06,21.89,46.107
France,2021-09-07,22.39,47.059
France,2021-09-08,23.22,46.965
France,2021-09-09,22.07,46.698
France,2021-09-10,19.75,45.884
France,2021-09-13,19.42,45.357
France,2021-09-14,20.65,46.695
France,2021-09-15,19.64,46.753
France,2021-09-16,17.85,46.480
France,2021-09-17,17.58,45.634
France,2021-09-20,16.27,44.921
France,2021-09-21,14.82,45.872
France,2021-09-22,14.66,46.187
France,2021-09-23,15.62,46.436
France,2021-09-24,16.75,45.881
France,2021-09-27,16.59,45.038
France,2021-09-28,14.75,46.447
France,2021-09-29,14.55,46.410
France,2021-09-30,12.75,47.362
France,2021-10-01,13.91,47.269
France,2021-10-04,13.10,46.938
France,2021-10-05,13.42,47.935
France,2021-10-06,12.95,48.902
France,2021-10-07,12.11,49.622
France,2021-10-08,12.44,48.549
France,2021-10-11,12.60,49.503
France,2021-10-12,11.21,51.497
France,2021-10-13,10.57,51.740
France,2021-10-14,10.12,52.815
France,2021-10-15,11.19,51.996
France,2021-10-18,11.79,51.287
France,2021-10-19,16.92,49.581
France,2021-10-20,17.44,49.139
France,2021-10-21,12.30,50.075
France,2021-10-22,9.16,52.048
France,2021-10-25,11.15,52.662
France,2021-10-26,11.48,52.959
France,2021-10-27,11.33,53.357
France,2021-10-28,11.75,52.660
France,2021-10-29,13.32,51.420
France,2021-11-01,10.84,46.181
France,2021-11-02,9.59,54.808
France,2021-11-03,8.64,57.499
France,2021-11-04,7.40,59.846
France,2021-11-05,7.72,60.141
France,2021-11-08,8.10,60.063
France,2021-11-09,5.76,62.330
France,2021-11-10,5.60,63.423
France,2021-11-11,6.04,56.895
France,2021-11-12,7.03,59.128
France,2021-11-15,7.49,60.426
France,2021-11-16,7.73,62.363
France,2021-11-17,8.40,61.950
France,2021-11-18,6.20,62.166
France,2021-11-19,8.18,62.114
France,2021-11-22,5.48,64.886
France,2021-11-23,4.68,66.935
France,2021-11-24,5.19,67.534
France,2021-11-25,4.74,68.259
France,2021-11-26,4.58,68.083
France,2021-11-29,1.86,72.514
France,2021-11-30,5.16,72.996
France,2021-12-01,7.85,68.515
France,2021-12-02,3.98,70.295
France,2021-12-03,2.99,71.800
France,2021-12-06,4.69,69.521
France,2021-12-07,5.60,70.347
France,2021-12-08,5.15,70.862
France,2021-12-09,3.98,71.891
France,2021-12-10,5.88,71.024
France,2021-12-13,7.25,67.192
France,2021-12-14,5.48,69.475
France,2021-12-15,6.95,69.195
France,2021-12-16,7.16,68.551
France,2021-12-17,6.01,68.255
France,2021-12-20,4.43,71.322
France,2021-12-21,0.98,73.890
France,2021-12-22,-0.63,75.855
France,2021-12-23,4.20,69.818
France,2021-12-24,7.80,60.686
France,2021-12-27,9.02,57.444
France,2021-12-28,10.94,56.527
France,2021-12-29,12.40,54.653
France,2021-12-30,12.94,52.294
France,2021-12-31,10.38,53.047
France,2022-01-03,10.20,58.607
France,2022-01-04,9.21,61.454
France,2022-01-05,3.83,67.727
France,2022-01-06,2.34,71.893
France,2022-01-07,4.47,71.278
France,2022-01-11,0.89,72.512
France,2022-01-12,1.19,74.682
France,2022-01-13,2.08,75.451
France,2022-01-14,1.26,76.949
France,2022-01-17,4.36,74.189
France,2022-01-18,3.58,74.498
France,2022-01-19,3.86,74.082
France,2022-01-20,3.62,73.458
France,2022-01-21,2.80,74.597
France,2022-01-24,2.03,74.257
France,2022-01-25,0.90,77.215
France,2022-01-26,1.37,77.848
France,2022-01-27,3.47,76.620
France,2022-01-28,4.32,73.552
France,2022-01-31,6.11,68.564
France,2022-02-01,5.65,70.527
France,2022-02-02,9.20,66.510
France,2022-02-03,6.68,66.754
France,2022-02-04,7.12,65.320
France,2022-02-07,6.82,64.187
France,2022-02-08,7.67,65.948
France,2022-02-09,5.75,65.968
France,2022-02-10,7.04,65.125
France,2022-02-11,4.42,66.115
France,2022-02-14,8.97,63.688
France,2022-02-15,6.95,65.866
France,2022-02-16,10.77,63.685
France,2022-02-17,11.58,59.262
France,2022-02-18,10.38,58.533
France,2022-02-21,8.35,61.834
France,2022-02-22,8.55,62.160
France,2022-02-23,8.05,61.719
France,2022-02-24,8.40,61.974
France,2022-02-25,5.62,63.768
France,2022-02-28,4.36,62.998
France,2022-03-01,5.71,63.292
France,2022-03-02,6.81,62.931
France,2022-03-03,7.86,61.562
France,2022-03-04,7.93,60.940
France,2022-03-07,3.17,65.578
France,2022-03-08,5.00,66.117
France,2022-03-09,7.75,62.547
France,2022-03-10,9.23,59.470
France,2022-03-11,9.93,58.782
France,2022-03-14,8.68,59.410
France,2022-03-15,10.32,58.191
France,2022-03-16,11.69,57.136
France,2022-03-17,9.52,58.079
France,2022-03-18,8.84,57.558
France,2022-03-21,10.18,54.203
France,2022-03-22,10.40,54.308
France,2022-03-23,9.50,54.486
France,2022-03-24,10.39,53.766
France,2022-03-25,11.05,51.513
France,2022-03-28,12.10,49.389
France,2022-03-29,11.91,50.163
France,2022-03-30,10.36,52.382
France,2022-03-31,6.77,55.324
France,2022-04-01,3.23,62.832
France,2022-04-04,4.83,62.487
France,2022-04-05,9.41,59.854
France,2022-04-06,9.89,57.630
France,2022-04-07,11.40,56.127
France,2022-04-08,8.05,56.494
France,2022-04-11,10.96,52.463
France,2022-04-12,14.17,50.682
France,2022-04-13,13.28,50.377
France,2022-04-14,13.94,48.455
France,2022-04-15,14.26,45.847
France,2022-04-18,12.45,40.300
France,2022-04-19,12.35,46.748
France,2022-04-20,12.58,48.183
France,2022-04-21,12.87,47.835
France,2022-04-22,13.82,46.181
France,2022-04-25,12.09,47.202
France,2022-04-26,11.13,48.155
France,2022-04-27,12.05,47.218
France,2022-04-28,14.25,46.706
France,2022-04-29,14.00,46.000
France,2022-05-02,13.32,45.595
France,2022-05-03,14.14,46.916
France,2022-05-04,13.39,47.645
France,2022-05-05,13.76,47.832
France,2022-05-06,14.94,47.078
France,2022-05-09,17.05,45.313
France,2022-05-10,19.35,45.777
France,2022-05-11,18.50,45.454
France,2022-05-12,16.60,45.769
France,2022-05-13,15.64,45.179
France,2022-05-16,20.14,44.589
France,2022-05-17,21.83,46.230
France,2022-05-18,21.79,46.460
France,2022-05-19,21.86,46.339
France,2022-05-20,18.67,45.102
France,2022-05-23,17.68,44.506
France,2022-05-24,14.70,44.410
France,2022-05-25,15.13,44.433
France,2022-05-26,16.72,40.025
France,2022-05-27,16.90,41.345
France,2022-05-30,13.86,44.627
France,2022-05-31,15.73,46.011
France,2022-06-01,15.90,45.999
France,2022-06-02,17.94,45.791
France,2022-06-03,19.30,45.481
France,2022-06-06,17.53,39.345
France,2022-06-07,18.13,44.671
France,2022-06-08,17.22,45.383
France,2022-06-09,16.64,45.180
France,2022-06-10,18.53,45.241
France,2022-06-13,18.34,44.816
France,2022-06-14,19.68,46.430
France,2022-06-15,22.36,47.546
France,2022-06-16,22.90,48.049
France,2022-06-17,24.96,48.293
France,2022-06-20,19.80,46.085
France,2022-06-21,20.45,47.070
France,2022-06-22,20.60,47.095
France,2022-06-23,21.48,46.676
France,2022-06-24,20.11,44.841
France,2022-06-27,18.13,44.463
France,2022-06-28,19.05,45.423
France,2022-06-29,19.61,45.974
France,2022-06-30,16.59,45.883
France,2022-07-01,16.77,44.565
France,2022-07-04,19.38,45.379
France,2022-07-05,19.70,46.487
France,2022-07-06,19.93,46.326
France,2022-07-07,19.80,46.917
France,2022-07-08,19.58,46.618
France,2022-07-11,22.82,46.561
France,2022-07-12,24.38,48.419
France,2022-07-13,26.19,48.668
France,2022-07-14,24.65,42.889
France,2022-07-15,22.35,44.609
France,2022-07-18,27.55,48.504
France,2022-07-19,29.69,49.674
France,2022-07-20,22.71,48.439
France,2022-07-21,22.09,48.146
France,2022-07-22,21.65,47.660
France,2022-07-25,23.20,45.860
France,2022-07-26,20.46,45.966
France,2022-07-27,20.45,45.751
France,2022-07-28,21.27,45.926
France,2022-07-29,22.36,44.899
France,2022-09-01,22.30,45.547
France,2022-09-02,20.60,44.663
France,2022-09-05,22.73,44.937
France,2022-09-06,21.42,45.751
France,2022-09-07,19.30,45.280
France,2022-09-08,18.51,44.213
France,2022-09-09,17.83,43.359
France,2022-09-12,19.86,44.119
France,2022-09-13,21.54,45.704
France,2022-09-14,21.26,45.377
France,2022-09-15,19.09,44.904
France,2022-09-16,16.03,43.820
France,2022-09-19,13.60,43.664
France,2022-09-20,13.40,44.978
France,2022-09-21,13.69,44.819
France,2022-09-22,13.91,45.224
France,2022-09-23,15.27,44.962
France,2022-09-26,13.10,44.580
France,2022-09-27,12.46,45.730
France,2022-09-28,12.85,46.528
France,2022-09-29,11.69,46.350
France,2022-09-30,11.91,46.345
France,2022-10-03,13.10,45.071
France,2022-10-04,13.47,45.919
France,2022-10-05,16.28,45.325
France,2022-10-06,14.51,45.287
France,2022-10-07,13.25,45.156
France,2022-10-10,14.58,44.594
France,2022-10-11,13.39,45.480
France,2022-10-12,12.85,46.236
France,2022-10-13,14.35,46.292
France,2022-10-14,15.54,45.481
France,2022-10-17,17.83,43.780
France,2022-10-18,17.29,44.276
France,2022-10-19,17.32,44.066
France,2022-10-20,17.85,44.149
France,2022-10-21,17.36,43.584
France,2022-10-24,17.08,43.163
France,2022-10-25,15.64,44.103
France,2022-10-26,17.64,43.840
France,2022-10-27,17.57,43.585
France,2022-10-28,18.56,42.861
France,2022-10-31,15.71,40.121
France,2022-11-01,15.02,38.407
France,2022-11-02,13.00,44.378
France,2022-11-03,12.62,46.755
France,2022-11-04,10.14,47.959
France,2022-11-07,12.79,48.460
France,2022-11-08,13.91,49.077
France,2022-11-09,13.13,49.102
France,2022-11-10,10.34,50.005
France,2022-11-11,9.88,44.992
France,2022-11-14,10.46,50.439
France,2022-11-15,11.76,51.346
France,2022-11-16,11.38,51.521
France,2022-11-17,12.15,51.501
France,2022-11-18,9.22,52.005
France,2022-11-21,7.65,56.613
France,2022-11-22,7.76,57.805
France,2022-11-23,8.08,57.343
France,2022-11-24,9.67,56.263
France,2022-11-25,9.15,55.259
France,2022-11-28,8.84,56.417
France,2022-11-29,6.31,60.046
France,2022-11-30,6.35,61.176
France,2022-12-01,5.56,62.010
France,2022-12-02,4.83,63.145
France,2022-12-05,3.11,65.691
France,2022-12-06,3.72,66.839
France,2022-12-07,2.70,66.888
France,2022-12-08,2.86,68.290
France,2022-12-09,2.76,67.591
France,2022-12-12,-1.27,74.741
France,2022-12-13,0.10,74.429
France,2022-12-14,1.34,70.508
France,2022-12-15,0.93,70.246
France,2022-12-16,0.17,70.240
France,2022-12-19,8.67,63.070
France,2022-12-20,11.61,58.660
France,2022-12-21,10.53,56.396
France,2022-12-22,11.88,54.914
France,2022-12-23,12.70,50.328
France,2022-12-26,10.07,47.941
France,2022-12-27,6.54,52.331
France,2022-12-28,9.57,52.466
France,2022-12-29,10.29,51.303
France,2022-12-30,9.89,51.203
France,2023-01-02,11.02,49.401
France,2023-01-03,8.10,55.451
France,2023-01-04,10.48,56.123
France,2023-01-05,11.56,54.782
France,2023-01-06,10.51,54.784
France,2023-01-09,7.33,58.220
France,2023-01-10,6.96,60.449
France,2023-01-11,9.89,57.989
France,2023-01-12,10.07,57.469
France,2023-01-13,9.20,56.903
France,2023-01-16,5.49,63.083
France,2023-01-17,2.67,66.820
France,2023-01-18,1.54,69.584
France,2023-01-19,0.89,70.545
France,2023-01-20,1.38,71.121
France,2023-01-23,1.60,74.178
France,2023-01-24,1.73,73.436
France,2023-01-25,1.55,74.556
France,2023-01-26,2.18,73.913
France,2023-01-27,3.33,71.659
France,2023-01-30,4.38,69.980
France,2023-01-31,4.08,66.681
France,2023-02-01,6.89,64.958
France,2023-02-02,6.82,64.412
France,2023-02-03,7.58,62.850
France,2023-02-06,3.80,63.570
France,2023-02-07,2.32,65.977
France,2023-02-08,0.68,68.856
France,2023-02-09,0.95,70.712
France,2023-02-10,4.09,68.025
France,2023-02-13,4.35,63.792
France,2023-02-14,4.32,63.331
France,2023-02-15,5.20,61.435
France,2023-02-16,6.95,58.862
France,2023-02-17,10.54,55.831
France,2023-02-20,6.38,56.415
France,2023-02-21,6.72,57.647
France,2023-02-22,8.35,57.448
France,2023-02-23,7.85,58.507
France,2023-02-24,7.12,57.278
France,2023-02-27,2.26,66.309
France,2023-02-28,1.85,68.626
France,2023-03-01,1.85,67.558
France,2023-03-02,3.14,66.972
France,2023-03-03,3.77,64.581
France,2023-03-06,4.83,63.392
France,2023-03-07,5.57,61.450
France,2023-03-08,9.19,58.006
France,2023-03-09,11.29,53.956
France,2023-03-10,8.82,56.476
France,2023-03-13,13.33,49.168
France,2023-03-14,9.03,52.942
France,2023-03-15,6.76,54.696
France,2023-03-16,9.73,52.443
France,2023-03-17,11.36,50.342
France,2023-03-20,8.33,51.333
France,2023-03-21,10.84,50.434
France,2023-03-22,11.04,49.434
France,2023-03-23,13.05,47.243
France,2023-03-24,12.45,47.423
France,2023-03-27,7.29,52.032
France,2023-03-28,7.09,54.179
France,2023-03-29,13.25,49.566
France,2023-03-30,13.74,46.368
France,2023-03-31,12.13,47.457
France,2023-04-03,8.03,52.529
France,2023-04-04,6.03,54.224
France,2023-04-05,6.95,54.948
France,2023-04-06,9.52,52.030
France,2023-04-07,9.25,50.614
France,2023-04-10,11.68,42.130
France,2023-04-11,10.96,47.670
France,2023-04-12,10.71,49.454
France,2023-04-13,8.27,50.858
France,2023-04-14,7.38,51.881
France,2023-04-17,9.02,49.330
France,2023-04-18,10.80,48.670
France,2023-04-19,12.47,47.087
France,2023-04-20,9.98,47.680
France,2023-04-21,9.02,47.879
France,2023-04-24,10.95,47.257
France,2023-04-25,9.74,48.718
France,2023-04-26,9.48,48.712
France,2023-04-27,13.26,46.462
France,2023-04-28,16.25,44.018
France,2023-05-01,13.07,37.975
France,2023-05-02,13.02,44.181
France,2023-05-03,13.55,44.146
France,2023-05-04,16.49,43.263
France,2023-05-05,15.46,42.853
France,2023-05-08,14.90,37.557
France,2023-05-09,14.50,42.663
France,2023-05-10,12.93,46.043
France,2023-05-11,12.49,46.912
France,2023-05-12,12.03,44.947
France,2023-05-15,12.29,43.386
France,2023-05-16,11.47,44.223
France,2023-05-17,12.00,44.190
France,2023-05-18,12.07,39.115
France,2023-05-19,13.54,39.841
France,2023-05-22,16.47,41.729
France,2023-05-23,15.62,42.642
France,2023-05-24,14.20,42.526
France,2023-05-25,15.45,42.476
France,2023-05-26,16.39,42.298
France,2023-05-29,18.27,35.245
France,2023-05-30,17.40,39.341
France,2023-05-31,18.92,41.163
France,2023-06-01,19.59,42.858
France,2023-06-02,16.29,42.095
France,2023-06-05,19.59,40.433
France,2023-06-06,19.32,42.178
France,2023-06-07,20.79,42.881
France,2023-06-08,21.11,43.515
France,2023-06-09,22.50,42.830
France,2023-06-12,21.13,41.909
France,2023-06-13,21.88,42.961
France,2023-06-14,21.61,43.504
France,2023-06-15,21.71,43.843
France,2023-06-16,22.25,43.798
France,2023-06-19,21.09,42.500
France,2023-06-20,22.36,43.602
France,2023-06-21,22.20,44.224
France,2023-06-22,20.56,43.418
France,2023-06-23,20.76,43.293
France,2023-06-26,21.06,43.198
France,2023-06-27,20.25,43.840
France,2023-06-28,21.15,44.314
France,2023-06-29,21.72,44.690
France,2023-06-30,19.74,42.697
France,2023-07-03,19.78,42.687
France,2023-07-04,18.95,44.078
France,2023-07-05,18.23,43.865
France,2023-07-06,19.82,44.859
France,2023-07-07,23.14,44.237
France,2023-07-10,23.89,45.631
France,2023-07-11,25.00,47.122
France,2023-07-12,21.67,45.724
France,2023-07-13,20.89,44.686
France,2023-07-14,22.96,39.553
France,2023-07-17,20.70,44.066
France,2023-07-18,22.58,46.266
France,2023-07-19,21.92,45.681
France,2023-07-20,21.04,45.822
France,2023-07-21,20.33,44.067
France,2023-07-24,20.53,42.529
France,2023-07-25,18.15,42.650
France,2023-07-26,18.22,42.458
France,2023-07-27,20.14,42.380
France,2023-07-28,21.00,42.087
France,2023-07-31,19.85,39.711
France,2023-09-01,19.58,42.830
France,2023-09-04,23.11,43.406
France,2023-09-05,24.53,45.592
France,2023-09-06,23.95,45.910
France,2023-09-07,23.03,45.886
France,2023-09-08,24.86,45.775
France,2023-09-11,22.70,44.437
France,2023-09-12,19.60,44.825
France,2023-09-13,19.16,44.563
France,2023-09-14,19.07,44.466
France,2023-09-15,19.79,43.555
France,2023-09-18,19.66,42.651
France,2023-09-19,17.83,43.536
France,2023-09-20,19.77,43.772
France,2023-09-21,17.79,43.763
France,2023-09-22,14.27,42.308
France,2023-09-25,16.17,42.819
France,2023-09-26,17.74,43.578
France,2023-09-27,18.66,43.861
France,2023-09-28,18.90,43.938
France,2023-09-29,19.01,43.194
France,2023-10-02,19.46,42.543
France,2023-10-03,18.67,43.545
France,2023-10-04,14.86,43.730
France,2023-10-05,14.41,44.158
France,2023-10-06,14.74,43.878
France,2023-10-09,17.25,42.859
France,2023-10-10,18.31,43.877
France,2023-10-11,18.11,43.676
France,2023-10-12,18.88,43.378
France,2023-10-13,20.29,42.305
France,2023-10-16,9.85,44.262
France,2023-10-17,12.23,46.266
France,2023-10-18,16.23,46.528
France,2023-10-19,17.37,45.375
France,2023-10-20,15.60,44.926
France,2023-10-23,11.78,46.147
France,2023-10-24,13.20,46.556
France,2023-10-25,13.33,47.055
France,2023-10-26,13.67,47.314
France,2023-10-27,12.70,46.721
France,2023-10-30,12.75,46.685
France,2023-10-31,11.70,46.803
France,2023-11-01,12.50,42.872
France,2023-11-02,12.20,47.776
France,2023-11-03,8.58,50.412
France,2023-11-06,10.18,50.973
France,2023-11-07,9.17,52.920
France,2023-11-08,9.19,54.049
France,2023-11-09,10.46,54.291
France,2023-11-10,9.16,54.426
France,2023-11-13,14.03,50.678
France,2023-11-14,12.64,50.974
France,2023-11-15,10.95,51.406
France,2023-11-16,9.09,53.953
France,2023-11-17,8.58,53.520
France,2023-11-20,10.79,51.632
France,2023-11-21,9.69,53.884
France,2023-11-22,7.42,55.796
France,2023-11-23,9.04,57.914
France,2023-11-24,8.85,56.276
France,2023-11-27,6.01,62.450
France,2023-11-28,5.58,61.755
France,2023-11-29,3.68,63.845
France,2023-11-30,4.63,62.834
France,2023-12-01,3.88,62.451
France,2023-12-04,5.99,66.247
France,2023-12-05,6.81,63.915
France,2023-12-06,4.74,65.569
France,2023-12-07,4.27,67.201
France,2023-12-08,7.25,61.674
France,2023-12-11,10.68,55.361
France,2023-12-12,10.62,55.465
France,2023-12-13,8.62,57.462
France,2023-12-14,7.55,60.195
France,2023-12-15,7.13,59.734
France,2023-12-18,2.52,66.058
France,2023-12-19,6.12,65.439
France,2023-12-20,7.14,61.909
France,2023-12-21,9.94,59.108
France,2023-12-22,10.19,55.340
France,2023-12-25,9.95,46.859
France,2023-12-26,9.17,52.256
France,2023-12-27,8.43,53.633
France,2023-12-28,9.91,53.152
France,2023-12-29,9.79,52.301
France,2024-01-01,7.51,49.982
France,2024-01-02,10.24,55.216
France,2024-01-03,9.93,55.889
France,2024-01-04,8.97,56.470
France,2024-01-05,7.42,57.891
France,2024-01-08,-0.76,70.712
France,2024-01-09,-1.19,75.915
France,2024-01-10,-0.89,76.664
France,2024-01-11,-0.15,74.932
France,2024-01-12,1.42,74.335
France,2024-01-15,2.21,70.677
France,2024-01-16,0.20,72.651
France,2024-01-17,3.17,68.155
France,2024-01-18,2.28,66.883
France,2024-01-19,-1.07,73.298
France,2024-01-22,9.13,64.866
France,2024-01-23,8.53,61.752
France,2024-01-24,11.51,57.456
France,2024-01-25,10.25,56.574
France,2024-01-26,9.50,56.145
France,2024-01-29,8.33,58.251
France,2024-01-30,9.17,57.974
France,2024-01-31,6.92,59.447
France,2024-02-01,8.87,58.854
France,2024-02-02,6.86,58.640
France,2024-02-05,7.60,59.393
France,2024-02-06,8.98,59.840
France,2024-02-07,9.96,58.108
France,2024-02-08,11.59,55.967
France,2024-02-09,11.57,54.606
France,2024-02-12,6.25,58.168
France,2024-02-13,6.45,59.532
France,2024-02-14,10.85,55.546
France,2024-02-15,12.04,53.052
France,2024-02-16,11.75,51.850
France,2024-02-19,10.50,53.580
France,2024-02-20,8.65,55.351
France,2024-02-21,8.75,56.509
France,2024-02-22,11.25,56.316
France,2024-02-23,6.50,59.002
France,2024-02-26,7.54,58.823
France,2024-02-27,6.80,60.863
France,2024-02-28,6.60,60.803
France,2024-02-29,8.86,58.448
France,2024-03-01,7.75,57.852
France,2024-03-04,5.70,60.003
France,2024-03-05,7.12,59.365
France,2024-03-06,6.37,59.962
France,2024-03-07,6.50,58.462
France,2024-03-08,8.28,57.447
France,2024-03-11,7.62,56.792
France,2024-03-12,9.01,56.764
France,2024-03-13,11.17,53.753
France,2024-03-14,10.84,51.790
France,2024-03-15,12.62,48.918
France,2024-03-18,12.89,47.963
France,2024-03-19,11.92,48.800
France,2024-03-20,12.19,48.272
France,2024-03-21,12.39,47.437
France,2024-03-22,11.68,46.509
France,2024-03-25,7.79,52.269
France,2024-03-26,9.70,53.844
France,2024-03-27,8.17,55.030
France,2024-03-28,9.84,54.398
France,2024-03-29,11.65,51.780
France,2024-04-01,9.85,46.000
France,2024-04-02,10.67,51.356
France,2024-04-03,12.69,50.499
France,2024-04-04,14.09,48.659
France,2024-04-05,15.10,46.332
France,2024-04-08,15.39,45.215
France,2024-04-09,10.45,47.631
France,2024-04-10,9.96,49.550
France,2024-04-11,13.49,48.238
France,2024-04-12,15.34,45.345
France,2024-04-15,11.53,42.952
France,2024-04-16,9.81,46.779
France,2024-04-17,7.90,49.217
France,2024-04-18,7.58,50.916
France,2024-04-19,9.35,50.610
France,2024-04-22,6.65,53.019
France,2024-04-23,6.59,54.023
France,2024-04-24,7.59,54.617
France,2024-04-25,7.77,53.297
France,2024-04-26,9.80,50.805
France,2024-04-29,12.63,47.591
France,2024-04-30,14.08,46.155
France,2024-05-01,14.98,40.317
France,2024-05-02,11.69,46.138
France,2024-05-03,11.81,46.348
France,2024-05-06,13.68,44.321
France,2024-05-07,13.13,45.006
France,2024-05-08,12.81,40.373
France,2024-05-09,13.92,38.712
France,2024-05-10,16.29,38.717
France,2024-05-13,17.26,41.342
France,2024-05-14,15.10,43.031
France,2024-05-15,14.85,43.546
France,2024-05-16,14.36,43.618
France,2024-05-17,14.31,43.354
France,2024-05-20,15.47,37.890
France,2024-05-21,15.11,43.187
France,2024-05-22,15.06,43.404
France,2024-05-23,15.10,43.998
France,2024-05-24,14.52,43.598
France,2024-05-27,14.50,42.361
France,2024-05-28,14.26,42.999
France,2024-05-29,15.96,43.353
France,2024-05-30,14.78,43.591
France,2024-05-31,13.94,43.580
France,2024-06-03,15.01,43.265
France,2024-06-04,17.24,43.029
France,2024-06-05,16.61,42.963
France,2024-06-06,15.73,43.203
France,2024-06-07,15.95,42.644
France,2024-06-10,14.34,41.716
France,2024-06-11,13.27,42.922
France,2024-06-12,13.05,43.207
France,2024-06-13,15.11,42.868
France,2024-06-14,17.18,42.180
France,2024-06-17,18.15,42.599
France,2024-06-18,18.97,43.136
France,2024-06-19,18.93,43.265
France,2024-06-20,18.98,44.006
France,2024-06-21,18.20,42.898
France,2024-06-24,19.90,42.606
France,2024-06-25,21.97,43.783
France,2024-06-26,23.25,44.969
France,2024-06-27,22.90,44.983
France,2024-06-28,19.39,43.787
France,2024-07-01,18.43,42.346
France,2024-07-02,17.00,43.321
France,2024-07-03,16.55,43.111
France,2024-07-04,18.39,43.258
France,2024-07-05,19.02,42.932
France,2024-07-08,18.50,42.850
France,2024-07-09,21.08,44.587
France,2024-07-10,21.39,44.612
France,2024-07-11,20.52,45.484
France,2024-07-12,17.83,43.590
France,2024-07-15,20.62,43.484
France,2024-07-16,19.93,43.438
France,2024-07-17,20.19,44.717
France,2024-07-18,22.51,45.732
France,2024-07-19,24.63,45.816
France,2024-07-22,20.31,42.668
France,2024-07-23,20.85,43.979
France,2024-07-24,20.52,44.856
France,2024-07-25,22.51,44.951
France,2024-07-26,21.31,44.453
France,2024-07-29,22.90,44.238
France,2024-07-30,26.28,46.535
France,2024-07-31,25.79,46.751
France,2024-09-02,21.33,43.737
France,2024-09-03,20.32,44.175
France,2024-09-04,18.87,43.868
France,2024-09-05,16.80,43.517
France,2024-09-06,17.47,43.348
France,2024-09-09,16.93,42.225
France,2024-09-10,15.50,42.591
France,2024-09-11,14.85,43.270
France,2024-09-12,11.91,43.756
France,2024-09-13,11.74,43.725
France,2024-09-16,14.73,43.336
France,2024-09-17,15.93,43.854
France,2024-09-18,17.51,43.803
France,2024-09-19,18.57,43.555
France,2024-09-20,16.81,43.088
France,2024-09-23,15.99,42.478
France,2024-09-24,15.27,43.500
France,2024-09-25,15.19,44.172
France,2024-09-26,16.84,44.334
France,2024-09-27,13.95,43.891
France,2024-09-30,15.28,44.793
France,2024-10-01,14.91,45.546
France,2024-10-02,13.89,46.132
France,2024-10-03,12.21,46.472
France,2024-10-04,10.51,47.466
France,2024-10-07,16.44,45.801
France,2024-10-08,16.02,45.635
France,2024-10-09,15.28,46.610
France,2024-10-10,13.65,46.507
France,2024-10-11,10.39,47.059
France,2024-10-14,14.87,46.090
France,2024-10-15,16.15,45.943
France,2024-10-16,19.23,45.469
France,2024-10-17,17.08,45.793
France,2024-10-18,14.56,45.986
France,2024-10-21,16.51,44.912
France,2024-10-22,13.46,46.251
France,2024-10-23,11.73,47.117
France,2024-10-24,12.52,46.897
France,2024-10-25,15.38,45.734
France,2024-10-28,13.83,46.204
France,2024-10-29,12.17,47.906
France,2024-10-30,13.13,48.148
France,2024-10-31,12.85,48.373
France,2024-11-01,11.80,44.287
France,2024-11-04,10.32,50.870
France,2024-11-05,10.58,51.503
France,2024-11-06,11.36,51.639
France,2024-11-07,11.74,51.630
France,2024-11-08,10.36,51.705
France,2024-11-11,9.30,46.319
France,2024-11-12,8.74,54.376
France,2024-11-13,7.87,56.619
France,2024-11-14,7.98,57.491
France,2024-11-15,8.40,57.276
France,2024-11-18,8.65,56.328
France,2024-11-19,10.25,56.888
France,2024-11-20,5.69,58.957
France,2024-11-21,2.74,64.442
France,2024-11-22,2.17,64.992
France,2024-11-25,13.39,53.138
France,2024-11-26,9.24,54.755
France,2024-11-27,9.93,55.597
France,2024-11-28,7.15,57.012
France,2024-11-29,4.81,58.497
France,2024-12-02,9.82,56.262
France,2024-12-03,6.34,59.459
France,2024-12-04,4.78,62.561
France,2024-12-05,6.92,62.717
France,2024-12-06,9.34,57.961
France,2024-12-09,5.86,63.452
France,2024-12-10,5.32,65.688
France,2024-12-11,4.83,66.595
France,2024-12-12,4.24,68.168
France,2024-12-13,3.01,69.017
France,2024-12-16,8.21,64.070
France,2024-12-17,7.08,63.991
France,2024-12-18,9.93,60.697
France,2024-12-19,9.00,59.340
France,2024-12-20,4.96,62.579
France,2024-12-23,5.91,60.485
France,2024-12-24,6.46,57.606
France,2024-12-25,8.38,51.170
France,2024-12-26,6.32,56.556
France,2024-12-27,2.52,61.809
France,2024-12-30,3.28,65.106
France,2024-12-31,3.47,65.299
France,2025-01-01,5.98,59.152
France,2025-01-02,5.18,61.928
France,2025-01-03,1.81,65.024
France,2025-01-06,10.16,59.485
France,2025-01-07,5.71,63.814
France,2025-01-08,6.70,63.986
France,2025-01-09,7.00,62.806
France,2025-01-10,3.93,66.143
France,2025-01-13,0.54,73.298
France,2025-01-14,-0.93,77.210
France,2025-01-15,1.85,75.826
France,2025-01-16,3.37,72.341
France,2025-01-17,1.32,74.100
France,2025-01-20,1.14,74.006
France,2025-01-21,1.77,73.243
France,2025-01-22,5.91,67.895
France,2025-01-23,7.02,64.983
France,2025-01-24,8.86,64.427
France,2025-01-27,10.34,60.270
France,2025-01-28,8.08,62.440
France,2025-01-29,7.60,62.871
France,2025-01-30,6.83,63.049
France,2025-01-31,3.55,65.757
France,2025-02-03,2.19,69.209
France,2025-02-04,2.12,70.213
France,2025-02-05,4.46,68.542
France,2025-02-06,3.84,68.658
France,2025-02-07,4.67,68.851
France,2025-02-10,5.42,64.872
France,2025-02-11,5.65,65.280
France,2025-02-12,5.15,64.027
France,2025-02-13,5.67,63.448
France,2025-02-14,2.86,64.025
France,2025-02-17,2.97,64.550
France,2025-02-18,3.66,64.625
France,2025-02-19,6.00,62.583
France,2025-02-20,9.70,58.409
France,2025-02-21,11.69,55.394
France,2025-02-24,10.39,55.244
France,2025-02-25,8.76,56.942
France,2025-02-26,7.31,59.456
France,2025-02-27,6.54,60.241
France,2025-02-28,5.61,60.560
France,2025-03-03,5.47,60.356
France,2025-03-04,6.51,59.305
France,2025-03-05,7.91,57.681
France,2025-03-06,9.64,54.890
France,2025-03-07,10.86,52.560
France,2025-03-10,10.76,52.066
France,2025-03-11,7.91,54.559
France,2025-03-12,6.24,58.020
France,2025-03-13,5.25,60.355
France,2025-03-14,3.96,62.196
France,2025-03-17,6.04,60.924
France,2025-03-18,7.13,59.061
France,2025-03-19,10.26,55.630
France,2025-03-20,11.68,53.300
France,2025-03-21,13.63,51.351
France,2025-03-24,10.70,51.650
France,2025-03-25,10.43,52.836
France,2025-03-26,10.50,52.712
France,2025-03-27,9.38,52.199
France,2025-03-28,8.71,52.350
France,2025-03-31,9.92,49.749
France,2025-04-01,9.55,49.881
France,2025-04-02,11.21,51.016
France,2025-04-03,13.85,49.388
France,2025-04-04,15.52,46.717
France,2025-04-07,11.08,45.465
France,2025-04-08,11.94,46.541
France,2025-04-09,12.46,46.048
France,2025-04-10,11.46,46.420
France,2025-04-11,13.56,45.794
France,2025-04-14,14.00,45.221
France,2025-04-15,14.21,46.234
France,2025-04-16,11.14,48.347
France,2025-04-17,11.31,49.946
France,2025-04-18,12.31,47.860
France,2025-04-21,12.37,41.488
France,2025-04-22,12.64,45.756
France,2025-04-23,11.46,47.828
France,2025-04-24,12.47,47.930
France,2025-04-25,12.20,46.800
France,2025-04-28,16.44,43.221
France,2025-04-29,18.38,42.624
France,2025-04-30,20.30,42.347
France,2025-05-01,21.50,35.606
France,2025-05-02,21.52,38.929
France,2025-05-05,10.88,41.766
France,2025-05-06,11.25,43.539
France,2025-05-07,11.84,44.451
France,2025-05-08,13.20,40.113
France,2025-05-09,14.56,41.185
France,2025-05-12,15.79,42.351
France,2025-05-13,15.73,43.349
France,2025-05-14,17.24,43.148
France,2025-05-15,14.62,42.771
France,2025-05-16,14.70,42.385
France,2025-05-19,16.51,41.971
France,2025-05-20,18.26,42.565
France,2025-05-21,15.06,43.217
France,2025-05-22,13.69,43.491
France,2025-05-23,13.72,43.152
France,2025-05-26,15.98,41.714
France,2025-05-27,16.90,43.055
France,2025-05-28,17.76,43.324
France,2025-05-29,19.07,38.669
France,2025-05-30,22.45,40.581
France,2025-06-02,18.13,42.007
France,2025-06-03,19.35,43.020
France,2025-06-04,17.15,43.337
France,2025-06-05,16.70,43.414
France,2025-06-06,17.79,42.578
France,2025-06-09,16.96,38.437
France,2025-06-10,18.92,43.349
France,2025-06-11,21.19,44.689
France,2025-06-12,24.25,44.938
France,2025-06-13,25.71,45.562
France,2025-06-16,20.06,43.514
France,2025-06-17,22.48,44.860
France,2025-06-18,23.25,45.892
France,2025-06-19,24.88,46.768
France,2025-06-20,25.78,46.498
France,2025-06-23,22.45,45.706
France,2025-06-24,23.19,46.566
France,2025-06-25,26.05,47.860
France,2025-06-26,23.15,46.378
France,2025-06-27,23.91,46.691
France,2025-06-30,28.02,49.468
France,2025-07-01,31.18,51.016
France,2025-07-02,26.66,50.056
France,2025-07-03,22.57,48.092
France,2025-07-04,22.78,47.488
France,2025-07-07,17.55,43.734
France,2025-07-08,17.30,43.989
France,2025-07-09,18.68,44.679
France,2025-07-10,21.12,45.143
France,2025-07-11,23.37,45.113
France,2025-07-14,23.19,39.693
France,2025-07-15,21.57,44.663
France,2025-07-16,21.34,45.422
France,2025-07-17,22.48,46.667
France,2025-07-18,25.04,46.448
France,2025-07-21,19.15,42.613
France,2025-07-22,19.47,43.010
France,2025-07-23,18.79,43.910
France,2025-07-24,18.31,43.615
France,2025-07-25,19.95,43.133
France,2025-07-28,18.71,41.615
France,2025-07-29,18.75,42.183
France,2025-07-30,19.85,43.032
France,2025-07-31,20.31,42.896
France,2025-09-01,17.51,42.242
France,2025-09-02,16.27,42.675
France,2025-09-03,19.74,43.572
France,2025-09-04,18.12,43.779
France,2025-09-05,17.02,43.378
France,2025-09-08,20.05,43.276
France,2025-09-09,18.03,43.467
France,2025-09-10,17.08,43.039
France,2025-09-11,16.87,43.580
France,2025-09-12,16.32,42.882
France,2025-09-15,18.60,42.965
France,2025-09-16,16.06,43.689
France,2025-09-17,16.85,44.147
France,2025-09-18,18.70,44.160
France,2025-09-19,20.64,43.952
France,2025-09-22,13.53,42.920
France,2025-09-23,12.20,44.965
France,2025-09-24,11.29,46.592
France,2025-09-25,11.42,47.456
France,2025-09-26,11.71,47.673
France,2025-09-29,14.20,45.434
France,2025-09-30,13.94,45.902
France,2025-10-01,13.65,46.169
France,2025-10-02,13.46,45.737
France,2025-10-03,13.51,46.046
France,2025-10-06,12.79,46.560
France,2025-10-07,13.49,46.480
France,2025-10-08,13.34,46.495
France,2025-10-09,14.66,46.765
France,2025-10-10,13.52,46.426
France,2025-10-13,13.50,45.725
France,2025-10-14,14.01,46.662
France,2025-10-15,13.38,47.245
France,2025-10-16,12.83,47.534
France,2025-10-17,12.68,47.251
France,2025-10-20,15.19,46.359
France,2025-10-21,14.39,47.161
France,2025-10-22,14.66,47.213
France,2025-10-23,13.26,47.607
France,2025-10-24,9.97,49.232
France,2025-10-27,11.60,50.393
France,2025-10-28,12.71,50.000
France,2025-10-29,12.39,50.275
France,2025-10-30,11.60,49.609
France,2025-10-31,12.41,48.358
France,2025-11-03,11.22,49.527
France,2025-11-04,12.24,49.916
France,2025-11-05,13.61,49.637
France,2025-11-06,13.17,49.885
France,2025-11-07,12.06,50.248
France,2025-11-10,9.59,49.797
France,2025-11-11,10.95,46.946
France,2025-11-12,12.41,50.553
France,2025-11-13,14.85,49.524
France,2025-11-14,15.93,48.510
France,2025-11-17,7.64,52.861
France,2025-11-18,4.17,59.685
France,2025-11-19,5.14,61.689
France,2025-11-20,3.18,65.141
France,2025-11-21,1.88,68.959
France,2025-11-24,7.71,62.065
France,2025-11-25,6.22,63.129
France,2025-11-26,4.93,66.109
France,2025-11-27,5.07,66.916
France,2025-11-28,7.69,63.891
France,2025-12-01,5.02,64.201
France,2025-12-02,8.16,63.309
France,2025-12-03,7.89,62.931
France,2025-12-04,6.34,63.484
France,2025-12-05,4.29,64.868
France,2025-12-08,13.22,54.822
France,2025-12-09,11.84,55.515
France,2025-12-10,12.07,54.872
France,2025-12-11,8.28,58.222
France,2025-12-12,9.84,56.850
France,2025-12-15,8.41,59.560
France,2025-12-16,10.27,58.250
France,2025-12-17,8.42,59.311
France,2025-12-18,10.58,58.140
France,2025-12-19,10.93,55.946
France,2025-12-22,9.01,57.101
France,2025-12-23,5.62,60.144
France,2025-12-24,3.82,61.533
France,2025-12-25,1.20,60.262
France,2025-12-26,1.17,64.502
France,2025-12-29,0.68,68.012
France,2025-12-30,2.32,68.407
France,2025-12-31,0.51,69.407
France,2026-01-01,0.91,67.920
France,2026-01-02,1.81,69.752
France,2026-01-05,-1.63,80.374
France,2026-01-06,-2.44,82.344
France,2026-01-07,0.04,80.936
France,2026-01-08,5.12,72.940
France,2026-01-09,6.40,69.560
France,2026-01-12,7.97,67.905
France,2026-01-13,10.08,63.412
France,2026-01-14,9.99,61.432
France,2026-01-15,10.15,60.937
France,2026-01-16,9.40,60.976
France,2026-01-19,6.42,62.878
France,2026-01-20,7.35,64.366
France,2026-01-21,8.93,63.782
France,2026-01-22,8.36,63.026
France,2026-01-23,6.90,64.630
France,2026-01-26,5.18,66.077
France,2026-01-27,6.61,66.548
France,2026-01-28,5.26,66.473
France,2026-01-29,3.53,67.804
France,2026-01-30,7.12,64.458
France,2026-02-02,7.06,62.358
France,2026-02-03,8.36,61.432
France,2026-02-04,7.35,62.635
France,2026-02-05,8.73,62.062
France,2026-02-06,9.58,59.253
France,2026-02-09,6.83,61.273
France,2026-02-10,10.04,60.579
France,2026-02-11,11.23,58.240
France,2026-02-12,10.31,58.540
France,2026-02-13,8.16,60.336
France,2026-02-16,8.11,63.004
France,2026-02-17,6.62,63.108
France,2026-02-18,6.05,63.916
France,2026-02-19,8.22,63.116
France,2026-02-20,8.41,61.165
France,2026-02-23,11.51,54.737
France,2026-02-24,12.28,52.972
France,2026-02-25,11.90,52.439
France,2026-02-26,12.50,51.631
France,2026-02-27,11.45,51.945
France,2026-03-02,10.41,53.319
France,2026-03-03,10.85,53.011
France,2026-03-04,11.30,52.023
France,2026-03-05,11.60,51.797
France,2026-03-06,12.52,51.980
France,2026-03-09,11.56,50.929
France,2026-03-10,11.53,51.784
France,2026-03-11,10.52,53.584
France,2026-03-12,8.93,54.175
France,2026-03-13,9.15,55.582
France,2026-03-16,9.16,56.215
France,2026-03-17,10.50,52.987
France,2026-03-18,10.67,51.770
France,2026-03-19,10.43,51.290
France,2026-03-20,10.02,50.542
France,2026-03-23,9.79,51.846
France,2026-03-24,10.98,51.139
France,2026-03-25,8.54,54.929
France,2026-03-26,5.63,58.205
France,2026-03-27,6.08,58.183
France,2026-03-30,9.23,55.938
France,2026-03-31,8.33,56.502
France,2026-04-01,9.49,56.372
France,2026-04-02,9.59,55.517
France,2026-04-03,9.04,54.752
France,2026-04-06,11.67,42.508
France,2026-04-07,14.63,45.425
France,2026-04-08,16.03,45.191
France,2026-04-09,16.69,44.908
France,2026-04-10,13.71,44.485
France,2026-04-13,9.69,50.077
France,2026-04-14,10.98,49.623
France,2026-04-15,13.26,47.657
France,2026-04-16,14.63,45.938
France,2026-04-17,15.60,44.698
France,2026-04-20,12.67,43.751
France,2026-04-21,12.32,45.310
France,2026-04-22,13.86,45.882
France,2026-04-23,15.34,45.076
France,2026-04-24,15.76,44.100
France,2026-04-27,16.25,43.017
France,2026-04-28,15.89,43.669
France,2026-04-29,17.89,43.952
France,2026-04-30,18.10,43.516
France,2026-05-01,18.42,36.643
France,2026-05-04,14.58,43.720
France,2026-05-05,13.55,44.707
France,2026-05-06,11.91,45.499
France,2026-05-07,12.87,45.035
France,2026-05-08,14.19,39.241
France,2026-05-11,12.20,43.643
France,2026-05-12,11.39,44.195
France,2026-05-13,12.01,45.017
France,2026-05-14,10.05,42.193
France,2026-05-15,9.30,44.111
France,2026-05-18,12.57,45.279
France,2026-05-19,14.25,45.656
France,2026-05-20,16.64,44.663
France,2026-05-21,17.95,44.073
France,2026-05-22,20.68,43.328
France,2026-05-25,25.44,39.017
France,2026-05-26,25.57,45.093
France,2026-05-27,25.62,45.684
France,2026-05-28,25.81,46.170
France,2026-05-29,26.26,45.881
France,2026-06-01,20.62,42.966
France,2026-06-02,18.62,44.215
France,2026-06-03,17.30,43.163
France,2026-06-04,16.64,44.031
France,2026-06-05,15.38,42.559
France,2026-06-08,18.01,42.892
France,2026-06-09,16.03,43.072
France,2026-06-10,15.31,43.162
France,2026-06-11,15.45,43.691
France,2026-06-12,20.05,43.673
France,2026-06-15,21.66,43.755
France,2026-06-16,23.32,44.986
France,2026-06-17,25.15,46.197
France,2026-06-18,26.24,47.792
France,2026-06-19,27.39,47.163
France,2026-06-22,30.18,49.532
France,2026-06-23,30.40,51.387
France,2026-06-24,32.20,51.996
France,2026-06-25,32.74,52.296
France,2026-06-26,31.03,51.424
France,2026-06-29,22.87,46.707
France,2026-06-30,22.72,47.507
France,2026-07-01,21.76,46.724
France,2026-07-02,21.53,46.319
France,2026-07-03,22.67,46.712
France,2026-07-06,26.47,47.819
France,2026-07-07,27.64,48.942
France,2026-07-08,27.40,49.680
France,2026-07-09,27.91,50.180
France,2026-07-10,28.33,49.873
France,2026-07-13,28.62,46.623
France,2026-07-14,28.22,45.053
France,2026-07-15,28.13,49.755
France,2026-07-16,26.43,49.526
France,2026-07-17,22.93,47.829
France,2026-07-20,20.86,44.826
France,2026-07-21,21.70,45.672
France,2026-07-22,21.58,44.772
France,2026-07-23,22.04,44.924
France,2026-07-24,23.16,45.001
France,2026-07-27,22.16,43.373
France,2026-07-28,24.93,45.366
France,2026-07-29,29.40,47.041
France,2026-07-30,24.97,46.595
France,2026-07-31,23.48,45.386
Germany,2021-01-01,1.25,45.789
Germany,2021-01-04,0.86,61.515
Germany,2021-01-05,1.14,63.256
Germany,2021-01-06,1.09,60.547
Germany,2021-01-07,0.38,63.475
Germany,2021-01-08,0.21,62.651
Germany,2021-01-11,-0.30,67.926
Germany,2021-01-12,1.90,68.523
Germany,2021-01-13,1.24,68.732
Germany,2021-01-14,0.77,67.252
Germany,2021-01-15,-1.22,65.774
Germany,2021-01-18,0.61,66.163
Germany,2021-01-19,2.96,68.008
Germany,2021-01-20,5.65,67.668
Germany,2021-01-21,7.49,67.585
Germany,2021-01-22,6.16,65.492
Germany,2021-01-25,0.10,64.559
Germany,2021-01-26,0.22,67.191
Germany,2021-01-27,0.75,67.319
Germany,2021-01-28,2.54,66.684
Germany,2021-01-29,1.76,65.073
Germany,2021-02-01,-1.47,65.083
Germany,2021-02-02,2.18,65.675
Germany,2021-02-03,4.91,66.571
Germany,2021-02-04,3.46,64.547
Germany,2021-02-05,2.55,63.890
Germany,2021-02-08,-4.74,66.611
Germany,2021-02-09,-6.45,68.285
Germany,2021-02-10,-6.56,68.832
Germany,2021-02-11,-6.65,68.487
Germany,2021-02-12,-7.91,67.530
Germany,2021-02-15,-3.65,68.339
Germany,2021-02-16,2.58,65.950
Germany,2021-02-17,5.22,66.015
Germany,2021-02-18,5.52,64.997
Germany,2021-02-19,5.68,63.291
Germany,2021-02-22,6.31,60.746
Germany,2021-02-23,9.37,62.152
Germany,2021-02-24,11.29,62.472
Germany,2021-02-25,10.52,61.780
Germany,2021-02-26,7.60,61.804
Germany,2021-03-01,4.09,61.365
Germany,2021-03-02,4.11,61.975
Germany,2021-03-03,5.41,62.646
Germany,2021-03-04,4.68,63.056
Germany,2021-03-05,1.83,62.627
Germany,2021-03-08,1.44,62.006
Germany,2021-03-09,0.95,64.288
Germany,2021-03-10,2.69,64.219
Germany,2021-03-11,7.11,67.067
Germany,2021-03-12,6.47,65.094
Germany,2021-03-15,4.08,63.590
Germany,2021-03-16,3.78,64.428
Germany,2021-03-17,2.37,63.550
Germany,2021-03-18,1.64,63.438
Germany,2021-03-19,0.92,63.711
Germany,2021-03-22,3.85,62.631
Germany,2021-03-23,5.22,63.296
Germany,2021-03-24,6.44,62.361
Germany,2021-03-25,7.75,61.211
Germany,2021-03-26,9.28,59.957
Germany,2021-03-29,11.42,59.904
Germany,2021-03-30,12.04,59.690
Germany,2021-03-31,12.76,58.204
Germany,2021-04-01,11.29,57.501
Germany,2021-04-02,6.63,48.695
Germany,2021-04-05,4.23,50.303
Germany,2021-04-06,1.67,62.735
Germany,2021-04-07,2.02,65.575
Germany,2021-04-08,3.50,63.571
Germany,2021-04-09,6.66,62.083
Germany,2021-04-12,4.37,61.394
Germany,2021-04-13,3.71,63.348
Germany,2021-04-14,3.53,62.581
Germany,2021-04-15,3.35,62.799
Germany,2021-04-16,5.01,62.077
Germany,2021-04-19,8.88,59.939
Germany,2021-04-20,9.08,60.461
Germany,2021-04-21,8.82,60.509
Germany,2021-04-22,7.19,61.143
Germany,2021-04-23,7.40,58.886
Germany,2021-04-26,5.74,57.479
Germany,2021-04-27,6.95,58.667
Germany,2021-04-28,10.24,58.741
Germany,2021-04-29,10.63,59.954
Germany,2021-04-30,9.00,58.657
Germany,2021-05-03,7.47,59.040
Germany,2021-05-04,9.87,63.057
Germany,2021-05-05,8.17,63.083
Germany,2021-05-06,7.27,62.119
Germany,2021-05-07,6.54,59.422
Germany,2021-05-10,19.15,57.785
Germany,2021-05-11,15.90,58.291
Germany,2021-05-12,12.64,58.015
Germany,2021-05-13,11.60,47.035
Germany,2021-05-14,10.87,50.779
Germany,2021-05-17,11.74,56.740
Germany,2021-05-18,11.22,58.452
Germany,2021-05-19,10.78,58.105
Germany,2021-05-20,11.34,58.191
Germany,2021-05-21,13.03,58.819
Germany,2021-05-24,13.75,45.646
Germany,2021-05-25,11.43,57.509
Germany,2021-05-26,11.11,59.945
Germany,2021-05-27,11.08,59.360
Germany,2021-05-28,11.74,56.511
Germany,2021-05-31,13.92,54.775
Germany,2021-06-01,16.04,56.319
Germany,2021-06-02,17.13,57.037
Germany,2021-06-03,19.69,51.474
Germany,2021-06-04,20.05,53.240
Germany,2021-06-07,18.48,56.058
Germany,2021-06-08,19.30,57.511
Germany,2021-06-09,19.53,57.801
Germany,2021-06-10,20.42,57.796
Germany,2021-06-11,20.58,57.284
Germany,2021-06-14,18.55,56.129
Germany,2021-06-15,19.55,58.294
Germany,2021-06-16,21.31,58.826
Germany,2021-06-17,25.76,60.995
Germany,2021-06-18,26.58,60.166
Germany,2021-06-21,21.90,58.983
Germany,2021-06-22,17.96,59.305
Germany,2021-06-23,17.50,57.549
Germany,2021-06-24,17.26,57.227
Germany,2021-06-25,17.97,56.331
Germany,2021-06-28,22.76,58.604
Germany,2021-06-29,21.54,59.262
Germany,2021-06-30,17.28,58.830
Germany,2021-07-01,15.62,60.066
Germany,2021-07-02,17.89,57.139
Germany,2021-07-05,18.61,56.893
Germany,2021-07-06,20.70,59.649
Germany,2021-07-07,19.00,58.674
Germany,2021-07-08,18.77,58.021
Germany,2021-07-09,17.74,57.556
Germany,2021-07-12,20.26,57.754
Germany,2021-07-13,21.06,59.316
Germany,2021-07-14,20.04,59.153
Germany,2021-07-15,19.67,57.804
Germany,2021-07-16,20.79,57.201
Germany,2021-07-19,17.98,56.416
Germany,2021-07-20,17.41,57.723
Germany,2021-07-21,18.28,56.909
Germany,2021-07-22,18.89,56.981
Germany,2021-07-23,19.11,56.091
Germany,2021-07-26,21.74,56.280
Germany,2021-07-27,21.11,57.303
Germany,2021-07-28,19.88,56.976
Germany,2021-07-29,19.43,57.704
Germany,2021-07-30,19.81,55.641
Germany,2021-09-01,15.79,57.512
Germany,2021-09-02,15.57,56.579
Germany,2021-09-03,15.93,56.088
Germany,2021-09-06,16.68,55.096
Germany,2021-09-07,17.18,56.674
Germany,2021-09-08,17.91,57.283
Germany,2021-09-09,19.20,57.746
Germany,2021-09-10,19.49,56.877
Germany,2021-09-13,16.57,55.754
Germany,2021-09-14,17.19,57.412
Germany,2021-09-15,18.19,59.169
Germany,2021-09-16,16.96,59.125
Germany,2021-09-17,14.88,57.044
Germany,2021-09-20,12.19,55.927
Germany,2021-09-21,12.55,57.703
Germany,2021-09-22,13.32,58.081
Germany,2021-09-23,14.47,60.229
Germany,2021-09-24,15.31,59.210
Germany,2021-09-27,17.49,58.058
Germany,2021-09-28,14.96,58.194
Germany,2021-09-29,13.36,60.007
Germany,2021-09-30,11.48,60.335
Germany,2021-10-01,12.45,59.449
Germany,2021-10-04,13.77,58.133
Germany,2021-10-05,12.36,60.241
Germany,2021-10-06,11.70,60.093
Germany,2021-10-07,10.87,58.948
Germany,2021-10-08,11.21,57.733
Germany,2021-10-11,8.81,60.286
Germany,2021-10-12,8.71,62.592
Germany,2021-10-13,7.41,61.847
Germany,2021-10-14,9.96,63.014
Germany,2021-10-15,10.40,62.431
Germany,2021-10-18,10.33,59.799
Germany,2021-10-19,11.91,62.854
Germany,2021-10-20,15.17,64.120
Germany,2021-10-21,12.14,64.728
Germany,2021-10-22,7.61,63.575
Germany,2021-10-25,6.97,61.460
Germany,2021-10-26,9.70,63.248
Germany,2021-10-27,11.30,63.904
Germany,2021-10-28,9.72,62.769
Germany,2021-10-29,8.85,61.751
Germany,2021-11-01,10.31,54.186
Germany,2021-11-02,7.62,60.271
Germany,2021-11-03,6.34,61.566
Germany,2021-11-04,6.63,64.721
Germany,2021-11-05,7.05,64.071
Germany,2021-11-08,7.43,62.427
Germany,2021-11-09,6.59,64.517
Germany,2021-11-10,4.55,65.128
Germany,2021-11-11,4.85,62.457
Germany,2021-11-12,5.74,61.720
Germany,2021-11-15,5.72,60.836
Germany,2021-11-16,4.98,61.890
Germany,2021-11-17,5.65,63.329
Germany,2021-11-18,7.04,64.358
Germany,2021-11-19,9.30,62.756
Germany,2021-11-22,3.32,64.209
Germany,2021-11-23,3.96,65.079
Germany,2021-11-24,4.47,64.432
Germany,2021-11-25,2.75,66.684
Germany,2021-11-26,2.23,65.707
Germany,2021-11-29,0.56,65.946
Germany,2021-11-30,3.33,70.079
Germany,2021-12-01,6.01,69.213
Germany,2021-12-02,2.21,69.281
Germany,2021-12-03,0.55,69.460
Germany,2021-12-06,0.21,66.140
Germany,2021-12-07,0.66,68.400
Germany,2021-12-08,0.79,69.036
Germany,2021-12-09,0.04,66.820
Germany,2021-12-10,0.27,65.508
Germany,2021-12-13,6.03,64.109
Germany,2021-12-14,6.20,65.452
Germany,2021-12-15,7.00,65.898
Germany,2021-12-16,6.53,64.982
Germany,2021-12-17,5.36,62.988
Germany,2021-12-20,0.75,61.949
Germany,2021-12-21,-1.96,61.972
Germany,2021-12-22,-2.47,62.511
Germany,2021-12-23,-0.73,60.530
Germany,2021-12-24,3.40,52.196
Germany,2021-12-27,-0.04,56.033
Germany,2021-12-28,2.70,56.019
Germany,2021-12-29,4.40,52.648
Germany,2021-12-30,9.53,53.960
Germany,2021-12-31,11.49,50.418
Germany,2022-01-03,8.57,60.050
Germany,2022-01-04,6.89,61.648
Germany,2022-01-05,3.12,64.989
Germany,2022-01-06,0.65,61.229
Germany,2022-01-07,0.72,64.188
Germany,2022-01-10,1.66,64.046
Germany,2022-01-11,-0.42,65.807
Germany,2022-01-12,0.37,66.256
Germany,2022-01-13,2.31,68.270
Germany,2022-01-14,3.00,66.829
Germany,2022-01-17,4.11,67.588
Germany,2022-01-18,3.28,65.741
Germany,2022-01-19,2.89,68.624
Germany,2022-01-20,1.70,69.641
Germany,2022-01-21,0.11,68.551
Germany,2022-01-24,3.33,64.456
Germany,2022-01-25,2.35,66.529
Germany,2022-01-26,2.21,68.393
Germany,2022-01-27,3.62,69.156
Germany,2022-01-28,3.78,67.280
Germany,2022-01-31,2.25,67.511
Germany,2022-02-01,2.77,69.393
Germany,2022-02-02,4.78,67.145
Germany,2022-02-03,4.98,66.368
Germany,2022-02-04,6.03,65.745
Germany,2022-02-07,3.40,66.236
Germany,2022-02-08,5.81,67.688
Germany,2022-02-09,7.59,66.157
Germany,2022-02-10,6.09,65.347
Germany,2022-02-11,3.24,65.948
Germany,2022-02-14,6.87,65.394
Germany,2022-02-15,5.96,66.637
Germany,2022-02-16,7.41,67.017
Germany,2022-02-17,8.20,66.263
Germany,2022-02-18,7.19,64.105
Germany,2022-02-21,5.61,65.689
Germany,2022-02-22,5.29,66.401
Germany,2022-02-23,6.23,64.816
Germany,2022-02-24,6.25,66.558
Germany,2022-02-25,3.37,65.914
Germany,2022-02-28,1.13,62.100
Germany,2022-03-01,1.21,64.224
Germany,2022-03-02,1.42,63.442
Germany,2022-03-03,0.24,63.313
Germany,2022-03-04,1.00,63.036
Germany,2022-03-07,0.89,62.312
Germany,2022-03-08,1.72,63.048
Germany,2022-03-09,2.89,62.307
Germany,2022-03-10,3.47,62.646
Germany,2022-03-11,2.88,63.249
Germany,2022-03-14,6.64,61.285
Germany,2022-03-15,6.86,62.020
Germany,2022-03-16,6.79,62.064
Germany,2022-03-17,7.18,63.253
Germany,2022-03-18,6.76,60.806
Germany,2022-03-21,6.77,60.117
Germany,2022-03-22,7.01,60.105
Germany,2022-03-23,7.76,59.694
Germany,2022-03-24,7.26,59.379
Germany,2022-03-25,8.38,58.634
Germany,2022-03-28,8.94,58.907
Germany,2022-03-29,8.33,60.185
Germany,2022-03-30,6.25,60.496
Germany,2022-03-31,4.28,62.959
Germany,2022-04-01,2.96,65.496
Germany,2022-04-04,3.13,63.805
Germany,2022-04-05,6.67,64.047
Germany,2022-04-06,9.67,63.327
Germany,2022-04-07,9.77,64.291
Germany,2022-04-08,6.69,62.240
Germany,2022-04-11,6.14,58.623
Germany,2022-04-12,9.38,59.150
Germany,2022-04-13,12.83,57.947
Germany,2022-04-14,12.50,56.523
Germany,2022-04-15,9.77,46.869
Germany,2022-04-18,8.45,43.439
Germany,2022-04-19,8.63,55.296
Germany,2022-04-20,8.73,57.699
Germany,2022-04-21,9.46,58.569
Germany,2022-04-22,10.17,58.200
Germany,2022-04-25,9.45,57.429
Germany,2022-04-26,9.26,58.745
Germany,2022-04-27,10.24,57.766
Germany,2022-04-28,10.34,57.431
Germany,2022-04-29,10.89,56.351
Germany,2022-05-02,11.99,55.437
Germany,2022-05-03,11.90,57.506
Germany,2022-05-04,12.18,57.185
Germany,2022-05-05,12.76,57.647
Germany,2022-05-06,13.42,56.562
Germany,2022-05-09,14.57,56.258
Germany,2022-05-10,17.94,59.379
Germany,2022-05-11,19.64,58.779
Germany,2022-05-12,17.09,58.444
Germany,2022-05-13,14.76,57.920
Germany,2022-05-16,17.69,57.218
Germany,2022-05-17,17.32,58.344
Germany,2022-05-18,19.31,58.761
Germany,2022-05-19,21.53,58.658
Germany,2022-05-20,19.91,57.673
Germany,2022-05-23,17.36,56.623
Germany,2022-05-24,16.28,57.805
Germany,2022-05-25,14.81,55.500
Germany,2022-05-26,16.33,47.027
Germany,2022-05-27,14.74,51.683
Germany,2022-05-30,11.32,55.104
Germany,2022-05-31,13.04,56.104
Germany,2022-06-01,13.98,55.225
Germany,2022-06-02,14.03,55.802
Germany,2022-06-03,17.10,54.795
Germany,2022-06-06,19.15,43.873
Germany,2022-06-07,16.81,54.393
Germany,2022-06-08,17.67,55.445
Germany,2022-06-09,16.69,56.013
Germany,2022-06-10,17.57,54.588
Germany,2022-06-13,16.37,55.003
Germany,2022-06-14,15.54,55.311
Germany,2022-06-15,18.41,54.443
Germany,2022-06-16,18.98,48.541
Germany,2022-06-17,19.67,51.430
Germany,2022-06-20,16.86,54.672
Germany,2022-06-21,17.55,55.915
Germany,2022-06-22,19.67,55.500
Germany,2022-06-23,22.19,55.545
Germany,2022-06-24,22.60,56.018
Germany,2022-06-27,22.58,54.948
Germany,2022-06-28,19.52,55.005
Germany,2022-06-29,20.76,55.588
Germany,2022-06-30,22.06,56.458
Germany,2022-07-01,18.35,55.024
Germany,2022-07-04,20.18,54.426
Germany,2022-07-05,19.33,55.855
Germany,2022-07-06,17.45,55.571
Germany,2022-07-07,16.56,57.548
Germany,2022-07-08,16.59,55.120
Germany,2022-07-11,17.09,53.130
Germany,2022-07-12,19.32,53.954
Germany,2022-07-13,22.17,56.209
Germany,2022-07-14,20.30,55.914
Germany,2022-07-15,17.55,54.439
Germany,2022-07-18,22.24,52.556
Germany,2022-07-19,26.03,54.810
Germany,2022-07-20,28.29,57.236
Germany,2022-07-21,22.64,55.803
Germany,2022-07-22,21.00,53.291
Germany,2022-07-25,25.17,55.396
Germany,2022-07-26,19.80,54.458
Germany,2022-07-27,17.49,53.356
Germany,2022-07-28,17.94,53.622
Germany,2022-07-29,20.56,53.083
Germany,2022-09-01,16.89,52.954
Germany,2022-09-02,16.87,53.354
Germany,2022-09-05,19.52,54.683
Germany,2022-09-06,19.13,55.652
Germany,2022-09-07,19.31,55.176
Germany,2022-09-08,16.99,55.905
Germany,2022-09-09,16.16,53.574
Germany,2022-09-12,15.51,51.771
Germany,2022-09-13,16.75,55.047
Germany,2022-09-14,16.26,54.707
Germany,2022-09-15,15.02,55.672
Germany,2022-09-16,12.58,55.866
Germany,2022-09-19,10.75,54.443
Germany,2022-09-20,10.42,53.970
Germany,2022-09-21,10.32,53.374
Germany,2022-09-22,10.66,53.431
Germany,2022-09-23,11.15,52.941
Germany,2022-09-26,11.50,55.801
Germany,2022-09-27,10.38,55.547
Germany,2022-09-28,8.70,54.793
Germany,2022-09-29,8.57,54.734
Germany,2022-09-30,9.93,53.763
Germany,2022-10-03,12.05,44.807
Germany,2022-10-04,11.90,53.805
Germany,2022-10-05,14.10,56.913
Germany,2022-10-06,14.43,56.571
Germany,2022-10-07,11.27,55.022
Germany,2022-10-10,11.57,55.844
Germany,2022-10-11,11.01,55.669
Germany,2022-10-12,10.11,54.798
Germany,2022-10-13,10.52,55.181
Germany,2022-10-14,12.45,54.286
Germany,2022-10-17,15.97,54.238
Germany,2022-10-18,14.53,56.377
Germany,2022-10-19,11.34,55.501
Germany,2022-10-20,9.65,57.009
Germany,2022-10-21,12.85,55.067
Germany,2022-10-24,15.19,55.784
Germany,2022-10-25,13.13,56.109
Germany,2022-10-26,12.46,55.421
Germany,2022-10-27,13.99,55.579
Germany,2022-10-28,16.35,54.722
Germany,2022-10-31,13.18,47.510
Germany,2022-11-01,13.23,48.983
Germany,2022-11-02,10.80,56.794
Germany,2022-11-03,9.29,58.462
Germany,2022-11-04,9.30,56.046
Germany,2022-11-07,10.75,57.860
Germany,2022-11-08,11.30,58.179
Germany,2022-11-09,12.13,58.180
Germany,2022-11-10,10.65,58.496
Germany,2022-11-11,8.78,57.504
Germany,2022-11-14,6.54,57.029
Germany,2022-11-15,8.17,57.396
Germany,2022-11-16,7.22,59.066
Germany,2022-11-17,5.67,59.646
Germany,2022-11-18,2.70,58.269
Germany,2022-11-21,1.00,57.782
Germany,2022-11-22,1.96,60.319
Germany,2022-11-23,4.04,59.286
Germany,2022-11-24,4.08,58.903
Germany,2022-11-25,4.65,57.615
Germany,2022-11-28,4.26,59.892
Germany,2022-11-29,4.58,59.498
Germany,2022-11-30,3.71,59.427
Germany,2022-12-01,1.97,59.864
Germany,2022-12-02,1.20,60.480
Germany,2022-12-05,2.08,60.098
Germany,2022-12-06,2.29,60.195
Germany,2022-12-07,1.99,60.914
Germany,2022-12-08,1.02,60.719
Germany,2022-12-09,-0.61,60.113
Germany,2022-12-12,-2.60,61.247
Germany,2022-12-13,-3.94,63.142
Germany,2022-12-14,-4.70,63.568
Germany,2022-12-15,-4.87,63.075
Germany,2022-12-16,-4.15,61.525
Germany,2022-12-19,0.35,61.612
Germany,2022-12-20,5.19,59.771
Germany,2022-12-21,5.83,56.446
Germany,2022-12-22,6.49,55.750
Germany,2022-12-23,6.46,51.090
Germany,2022-12-26,8.38,43.665
Germany,2022-12-27,3.89,49.750
Germany,2022-12-28,5.71,50.417
Germany,2022-12-29,8.75,49.223
Germany,2022-12-30,6.96,48.517
Germany,2023-01-02,10.61,51.795
Germany,2023-01-03,5.73,53.922
Germany,2023-01-04,7.48,58.335
Germany,2023-01-05,8.56,55.630
Germany,2023-01-06,7.77,53.174
Germany,2023-01-09,5.71,57.784
Germany,2023-01-10,4.62,59.914
Germany,2023-01-11,6.90,60.990
Germany,2023-01-12,7.89,62.300
Germany,2023-01-13,8.15,60.581
Germany,2023-01-16,3.83,60.436
Germany,2023-01-17,2.28,61.724
Germany,2023-01-18,-0.70,61.114
Germany,2023-01-19,-0.24,62.673
Germany,2023-01-20,-1.25,60.111
Germany,2023-01-23,0.78,59.835
Germany,2023-01-24,0.67,59.743
Germany,2023-01-25,0.25,60.562
Germany,2023-01-26,-0.32,62.273
Germany,2023-01-27,1.26,61.057
Germany,2023-01-30,3.15,62.344
Germany,2023-01-31,3.50,61.949
Germany,2023-02-01,4.13,62.113
Germany,2023-02-02,4.36,62.201
Germany,2023-02-03,6.04,61.444
Germany,2023-02-06,-0.86,59.095
Germany,2023-02-07,-2.58,60.214
Germany,2023-02-08,-2.34,61.069
Germany,2023-02-09,-1.50,62.571
Germany,2023-02-10,1.95,61.264
Germany,2023-02-13,5.10,57.811
Germany,2023-02-14,3.01,58.121
Germany,2023-02-15,2.01,58.723
Germany,2023-02-16,4.44,59.444
Germany,2023-02-17,9.16,59.385
Germany,2023-02-20,7.08,56.994
Germany,2023-02-21,8.18,57.805
Germany,2023-02-22,7.17,57.223
Germany,2023-02-23,6.99,57.692
Germany,2023-02-24,4.31,58.265
Germany,2023-02-27,-0.09,57.418
Germany,2023-02-28,0.35,58.270
Germany,2023-03-01,0.47,58.257
Germany,2023-03-02,1.52,58.326
Germany,2023-03-03,1.12,57.699
Germany,2023-03-06,1.62,57.874
Germany,2023-03-07,2.37,60.399
Germany,2023-03-08,1.80,58.418
Germany,2023-03-09,3.70,57.038
Germany,2023-03-10,4.54,57.682
Germany,2023-03-13,10.61,58.574
Germany,2023-03-14,8.42,59.245
Germany,2023-03-15,2.74,59.181
Germany,2023-03-16,3.41,58.206
Germany,2023-03-17,7.87,57.037
Germany,2023-03-20,8.49,54.704
Germany,2023-03-21,8.95,55.967
Germany,2023-03-22,11.04,56.609
Germany,2023-03-23,11.91,57.120
Germany,2023-03-24,11.77,56.056
Germany,2023-03-27,3.55,56.016
Germany,2023-03-28,3.06,57.565
Germany,2023-03-29,6.80,56.943
Germany,2023-03-30,11.22,57.089
Germany,2023-03-31,10.14,55.693
Germany,2023-04-03,2.45,54.956
Germany,2023-04-04,1.74,55.357
Germany,2023-04-05,2.60,54.958
Germany,2023-04-06,4.33,54.220
Germany,2023-04-07,5.16,45.337
Germany,2023-04-10,9.18,41.303
Germany,2023-04-11,9.10,52.473
Germany,2023-04-12,7.77,54.913
Germany,2023-04-13,8.15,54.286
Germany,2023-04-14,7.06,53.083
Germany,2023-04-17,8.11,53.689
Germany,2023-04-18,8.22,55.031
Germany,2023-04-19,7.72,55.272
Germany,2023-04-20,7.95,55.749
Germany,2023-04-21,11.81,53.004
Germany,2023-04-24,10.97,53.453
Germany,2023-04-25,7.45,55.337
Germany,2023-04-26,6.17,54.721
Germany,2023-04-27,7.41,53.918
Germany,2023-04-28,9.99,53.090
Germany,2023-05-01,10.79,41.177
Germany,2023-05-02,10.20,52.804
Germany,2023-05-03,9.37,53.221
Germany,2023-05-04,11.38,53.412
Germany,2023-05-05,13.74,54.462
Germany,2023-05-08,12.43,53.342
Germany,2023-05-09,13.84,54.721
Germany,2023-05-10,14.03,55.102
Germany,2023-05-11,13.71,54.623
Germany,2023-05-12,15.04,53.334
Germany,2023-05-15,13.94,51.819
Germany,2023-05-16,11.48,54.320
Germany,2023-05-17,10.03,53.862
Germany,2023-05-18,10.33,41.548
Germany,2023-05-19,12.66,45.843
Germany,2023-05-22,19.70,51.989
Germany,2023-05-23,15.38,53.558
Germany,2023-05-24,11.93,52.538
Germany,2023-05-25,13.73,52.282
Germany,2023-05-26,13.70,51.160
Germany,2023-05-29,15.60,38.536
Germany,2023-05-30,15.01,49.204
Germany,2023-05-31,16.80,51.642
Germany,2023-06-01,16.10,52.651
Germany,2023-06-02,14.91,50.952
Germany,2023-06-05,18.22,49.918
Germany,2023-06-06,18.72,51.588
Germany,2023-06-07,19.45,51.263
Germany,2023-06-08,20.46,44.698
Germany,2023-06-09,20.76,47.592
Germany,2023-06-12,21.17,52.529
Germany,2023-06-13,18.94,53.220
Germany,2023-06-14,18.53,52.647
Germany,2023-06-15,18.80,52.382
Germany,2023-06-16,17.44,51.714
Germany,2023-06-19,22.13,52.082
Germany,2023-06-20,22.19,54.064
Germany,2023-06-21,23.00,54.658
Germany,2023-06-22,22.74,53.787
Germany,2023-06-23,18.88,51.975
Germany,2023-06-26,21.87,52.468
Germany,2023-06-27,17.88,53.347
Germany,2023-06-28,18.00,52.885
Germany,2023-06-29,19.83,53.088
Germany,2023-06-30,18.95,51.791
Germany,2023-07-03,17.74,52.642
Germany,2023-07-04,18.03,53.739
Germany,2023-07-05,17.68,53.759
Germany,2023-07-06,17.72,52.212
Germany,2023-07-07,20.12,50.853
Germany,2023-07-10,23.30,52.432
Germany,2023-07-11,23.83,53.225
Germany,2023-07-12,22.82,53.549
Germany,2023-07-13,19.71,52.516
Germany,2023-07-14,20.30,51.037
Germany,2023-07-17,20.38,51.129
Germany,2023-07-18,19.51,52.076
Germany,2023-07-19,19.61,51.514
Germany,2023-07-20,18.11,51.529
Germany,2023-07-21,17.31,49.889
Germany,2023-07-24,20.05,50.898
Germany,2023-07-25,17.10,51.052
Germany,2023-07-26,15.25,50.664
Germany,2023-07-27,16.04,51.143
Germany,2023-07-28,18.82,50.216
Germany,2023-07-31,17.60,50.476
Germany,2023-09-01,16.00,51.979
Germany,2023-09-04,17.76,50.281
Germany,2023-09-05,20.02,52.269
Germany,2023-09-06,20.16,52.543
Germany,2023-09-07,20.73,52.978
Germany,2023-09-08,21.01,52.018
Germany,2023-09-11,22.15,52.458
Germany,2023-09-12,21.22,54.531
Germany,2023-09-13,18.52,54.727
Germany,2023-09-14,15.76,52.921
Germany,2023-09-15,16.53,51.594
Germany,2023-09-18,20.43,53.415
Germany,2023-09-19,17.78,52.828
Germany,2023-09-20,18.80,52.744
Germany,2023-09-21,19.86,54.346
Germany,2023-09-22,16.26,52.454
Germany,2023-09-25,14.46,51.515
Germany,2023-09-26,15.91,52.788
Germany,2023-09-27,17.52,53.181
Germany,2023-09-28,18.74,53.789
Germany,2023-09-29,18.14,52.886
Germany,2023-10-02,17.86,47.166
Germany,2023-10-03,17.62,44.130
Germany,2023-10-04,14.07,53.121
Germany,2023-10-05,13.35,54.968
Germany,2023-10-06,13.86,53.893
Germany,2023-10-09,13.28,53.394
Germany,2023-10-10,15.18,54.991
Germany,2023-10-11,17.79,55.259
Germany,2023-10-12,15.98,56.372
Germany,2023-10-13,17.84,54.557
Germany,2023-10-16,6.65,55.379
Germany,2023-10-17,6.52,56.548
Germany,2023-10-18,6.89,57.501
Germany,2023-10-19,9.51,58.474
Germany,2023-10-20,9.26,57.152
Germany,2023-10-23,10.65,55.637
Germany,2023-10-24,11.40,57.862
Germany,2023-10-25,10.65,57.336
Germany,2023-10-26,10.37,58.131
Germany,2023-10-27,9.74,56.730
Germany,2023-10-30,12.60,54.484
Germany,2023-10-31,10.72,54.257
Germany,2023-11-01,10.29,49.803
Germany,2023-11-02,10.77,57.562
Germany,2023-11-03,8.93,56.570
Germany,2023-11-06,10.00,58.456
Germany,2023-11-07,8.59,59.680
Germany,2023-11-08,7.99,60.417
Germany,2023-11-09,8.37,60.489
Germany,2023-11-10,7.61,58.826
Germany,2023-11-13,7.10,58.811
Germany,2023-11-14,10.70,60.078
Germany,2023-11-15,8.19,60.029
Germany,2023-11-16,6.51,60.730
Germany,2023-11-17,4.30,59.561
Germany,2023-11-20,9.51,57.854
Germany,2023-11-21,5.59,60.411
Germany,2023-11-22,0.97,61.089
Germany,2023-11-23,7.00,61.834
Germany,2023-11-24,4.56,60.912
Germany,2023-11-27,1.22,61.435
Germany,2023-11-28,-0.33,64.090
Germany,2023-11-29,-0.50,64.338
Germany,2023-11-30,-2.16,63.537
Germany,2023-12-01,-3.11,62.751
Germany,2023-12-04,-3.17,64.280
Germany,2023-12-05,-0.09,65.226
Germany,2023-12-06,0.84,64.352
Germany,2023-12-07,-0.67,63.036
Germany,2023-12-08,0.32,62.129
Germany,2023-12-11,7.46,59.367
Germany,2023-12-12,5.99,60.161
Germany,2023-12-13,5.16,61.157
Germany,2023-12-14,3.48,59.802
Germany,2023-12-15,3.66,58.814
Germany,2023-12-18,5.07,60.293
Germany,2023-12-19,6.00,60.817
Germany,2023-12-20,5.40,58.981
Germany,2023-12-21,6.97,57.737
Germany,2023-12-22,4.27,55.772
Germany,2023-12-25,9.43,44.133
Germany,2023-12-26,8.05,44.883
Germany,2023-12-27,4.62,48.211
Germany,2023-12-28,8.17,50.207
Germany,2023-12-29,8.80,49.437
Germany,2024-01-01,5.70,42.545
Germany,2024-01-02,5.64,52.964
Germany,2024-01-03,8.83,56.419
Germany,2024-01-04,4.72,57.579
Germany,2024-01-05,2.28,56.948
Germany,2024-01-08,-4.62,62.530
Germany,2024-01-09,-6.72,63.990
Germany,2024-01-10,-6.12,64.078
Germany,2024-01-11,-3.72,64.731
Germany,2024-01-12,-1.58,64.078
Germany,2024-01-15,0.29,65.431
Germany,2024-01-16,-1.86,64.812
Germany,2024-01-17,-1.86,66.449
Germany,2024-01-18,-1.34,65.209
Germany,2024-01-19,-1.65,66.248
Germany,2024-01-22,5.69,64.087
Germany,2024-01-23,5.11,64.167
Germany,2024-01-24,8.80,62.699
Germany,2024-01-25,6.41,61.250
Germany,2024-01-26,6.48,60.602
Germany,2024-01-29,3.54,58.225
Germany,2024-01-30,4.91,60.248
Germany,2024-01-31,5.24,63.124
Germany,2024-02-01,5.79,62.815
Germany,2024-02-02,5.72,61.838
Germany,2024-02-05,8.77,60.239
Germany,2024-02-06,8.77,62.221
Germany,2024-02-07,5.46,62.340
Germany,2024-02-08,3.57,61.116
Germany,2024-02-09,5.76,60.425
Germany,2024-02-12,6.28,57.304
Germany,2024-02-13,4.74,59.891
Germany,2024-02-14,7.05,59.409
Germany,2024-02-15,10.56,58.304
Germany,2024-02-16,10.87,58.469
Germany,2024-02-19,7.89,58.952
Germany,2024-02-20,7.19,60.022
Germany,2024-02-21,7.97,60.771
Germany,2024-02-22,9.29,60.688
Germany,2024-02-23,6.73,60.216
Germany,2024-02-26,4.72,58.308
Germany,2024-02-27,4.81,59.544
Germany,2024-02-28,3.87,59.847
Germany,2024-02-29,4.86,60.558
Germany,2024-03-01,6.46,58.306
Germany,2024-03-04,8.36,58.809
Germany,2024-03-05,5.85,61.023
Germany,2024-03-06,4.08,59.662
Germany,2024-03-07,4.20,59.320
Germany,2024-03-08,3.38,57.470
Germany,2024-03-11,8.47,58.558
Germany,2024-03-12,7.33,58.855
Germany,2024-03-13,7.86,59.333
Germany,2024-03-14,10.80,58.262
Germany,2024-03-15,11.31,57.613
Germany,2024-03-18,5.33,57.054
Germany,2024-03-19,6.16,57.826
Germany,2024-03-20,9.30,56.483
Germany,2024-03-21,9.74,57.036
Germany,2024-03-22,9.76,57.033
Germany,2024-03-25,5.94,55.120
Germany,2024-03-26,6.89,57.367
Germany,2024-03-27,10.00,57.008
Germany,2024-03-28,8.16,56.342
Germany,2024-03-29,9.47,46.751
Germany,2024-04-01,10.77,43.395
Germany,2024-04-02,9.82,55.278
Germany,2024-04-03,9.11,56.226
Germany,2024-04-04,11.12,56.498
Germany,2024-04-05,13.77,55.059
Germany,2024-04-08,17.20,52.714
Germany,2024-04-09,15.07,55.831
Germany,2024-04-10,10.36,56.221
Germany,2024-04-11,10.81,56.663
Germany,2024-04-12,14.01,55.008
Germany,2024-04-15,10.61,53.704
Germany,2024-04-16,6.74,57.019
Germany,2024-04-17,5.84,56.128
Germany,2024-04-18,5.74,56.338
Germany,2024-04-19,5.99,56.933
Germany,2024-04-22,3.23,55.414
Germany,2024-04-23,4.09,56.789
Germany,2024-04-24,5.41,57.276
Germany,2024-04-25,5.12,56.642
Germany,2024-04-26,7.66,54.895
Germany,2024-04-29,14.36,52.074
Germany,2024-04-30,17.48,52.748
Germany,2024-05-01,18.69,40.735
Germany,2024-05-02,18.25,52.012
Germany,2024-05-03,15.42,53.648
Germany,2024-05-06,13.23,53.733
Germany,2024-05-07,12.36,54.870
Germany,2024-05-08,12.01,53.281
Germany,2024-05-09,12.72,42.365
Germany,2024-05-10,14.81,45.740
Germany,2024-05-13,16.66,52.501
Germany,2024-05-14,18.11,53.902
Germany,2024-05-15,18.56,53.627
Germany,2024-05-16,18.81,54.587
Germany,2024-05-17,17.35,53.275
Germany,2024-05-20,15.91,40.183
Germany,2024-05-21,17.68,52.565
Germany,2024-05-22,17.43,54.466
Germany,2024-05-23,16.54,51.496
Germany,2024-05-24,16.38,50.540
Germany,2024-05-27,17.43,50.411
Germany,2024-05-28,14.90,50.366
Germany,2024-05-29,15.50,53.313
Germany,2024-05-30,15.90,45.727
Germany,2024-05-31,15.63,48.653
Germany,2024-06-03,14.53,52.564
Germany,2024-06-04,15.90,52.215
Germany,2024-06-05,15.98,53.771
Germany,2024-06-06,15.17,52.275
Germany,2024-06-07,15.55,50.987
Germany,2024-06-10,13.90,51.615
Germany,2024-06-11,12.56,53.697
Germany,2024-06-12,12.63,54.049
Germany,2024-06-13,13.02,52.725
Germany,2024-06-14,15.03,52.451
Germany,2024-06-17,17.96,52.029
Germany,2024-06-18,18.77,53.350
Germany,2024-06-19,17.52,53.881
Germany,2024-06-20,17.51,53.281
Germany,2024-06-21,19.98,52.549
Germany,2024-06-24,18.91,50.817
Germany,2024-06-25,20.60,52.414
Germany,2024-06-26,22.36,53.380
Germany,2024-06-27,23.31,54.557
Germany,2024-06-28,21.79,52.888
Germany,2024-07-01,16.74,52.302
Germany,2024-07-02,15.02,54.386
Germany,2024-07-03,14.39,54.238
Germany,2024-07-04,15.59,54.828
Germany,2024-07-05,16.48,52.485
Germany,2024-07-08,18.41,50.549
Germany,2024-07-09,22.90,53.095
Germany,2024-07-10,23.23,55.132
Germany,2024-07-11,21.11,53.160
Germany,2024-07-12,20.17,52.472
Germany,2024-07-15,21.43,50.693
Germany,2024-07-16,21.17,52.847
Germany,2024-07-17,19.29,53.107
Germany,2024-07-18,20.15,52.690
Germany,2024-07-19,22.24,51.187
Germany,2024-07-22,20.79,52.059
Germany,2024-07-23,19.98,52.087
Germany,2024-07-24,18.65,51.658
Germany,2024-07-25,18.36,50.924
Germany,2024-07-26,19.97,51.088
Germany,2024-07-29,18.48,47.430
Germany,2024-07-30,20.45,49.030
Germany,2024-07-31,22.22,50.644
Germany,2024-09-02,20.55,53.175
Germany,2024-09-03,22.72,55.266
Germany,2024-09-04,23.30,56.544
Germany,2024-09-05,24.06,55.666
Germany,2024-09-06,22.38,54.720
Germany,2024-09-09,17.75,54.034
Germany,2024-09-10,15.94,55.509
Germany,2024-09-11,14.10,55.055
Germany,2024-09-12,10.79,53.517
Germany,2024-09-13,10.69,53.222
Germany,2024-09-16,14.03,53.814
Germany,2024-09-17,16.35,54.315
Germany,2024-09-18,17.40,53.061
Germany,2024-09-19,17.54,53.210
Germany,2024-09-20,16.88,50.369
Germany,2024-09-23,16.44,50.262
Germany,2024-09-24,14.89,52.535
Germany,2024-09-25,14.77,53.902
Germany,2024-09-26,15.79,55.057
Germany,2024-09-27,14.92,55.727
Germany,2024-09-30,10.81,55.273
Germany,2024-10-01,11.53,55.819
Germany,2024-10-02,10.44,54.956
Germany,2024-10-03,10.20,45.653
Germany,2024-10-04,10.19,48.206
Germany,2024-10-07,12.30,53.651
Germany,2024-10-08,15.08,54.520
Germany,2024-10-09,15.00,54.643
Germany,2024-10-10,14.04,56.195
Germany,2024-10-11,9.31,54.847
Germany,2024-10-14,9.41,54.650
Germany,2024-10-15,9.17,54.807
Germany,2024-10-16,10.70,56.346
Germany,2024-10-17,13.02,55.997
Germany,2024-10-18,12.91,53.531
Germany,2024-10-21,14.96,54.254
Germany,2024-10-22,12.98,55.488
Germany,2024-10-23,10.24,55.355
Germany,2024-10-24,9.54,55.015
Germany,2024-10-25,11.63,53.448
Germany,2024-10-28,11.70,54.170
Germany,2024-10-29,12.34,54.567
Germany,2024-10-30,12.08,55.983
Germany,2024-10-31,11.07,52.839
Germany,2024-11-01,10.62,50.794
Germany,2024-11-04,7.63,55.664
Germany,2024-11-05,6.99,57.724
Germany,2024-11-06,5.67,58.949
Germany,2024-11-07,5.78,59.214
Germany,2024-11-08,5.29,58.619
Germany,2024-11-11,5.37,59.615
Germany,2024-11-12,5.25,59.997
Germany,2024-11-13,5.11,61.477
Germany,2024-11-14,6.70,61.791
Germany,2024-11-15,6.77,59.756
Germany,2024-11-18,4.78,62.799
Germany,2024-11-19,4.90,62.231
Germany,2024-11-20,2.01,62.511
Germany,2024-11-21,0.94,63.886
Germany,2024-11-22,0.73,62.831
Germany,2024-11-25,11.86,60.816
Germany,2024-11-26,8.41,62.185
Germany,2024-11-27,6.21,61.905
Germany,2024-11-28,6.04,62.624
Germany,2024-11-29,3.58,59.497
Germany,2024-12-02,3.70,62.153
Germany,2024-12-03,5.20,62.192
Germany,2024-12-04,3.31,63.068
Germany,2024-12-05,2.66,64.158
Germany,2024-12-06,5.20,62.041
Germany,2024-12-09,3.70,64.206
Germany,2024-12-10,3.38,63.246
Germany,2024-12-11,2.27,62.350
Germany,2024-12-12,1.59,60.911
Germany,2024-12-13,0.48,60.570
Germany,2024-12-16,9.06,60.078
Germany,2024-12-17,7.86,59.850
Germany,2024-12-18,8.09,58.402
Germany,2024-12-19,9.45,57.615
Germany,2024-12-20,4.14,57.534
Germany,2024-12-23,2.96,53.176
Germany,2024-12-24,2.91,47.123
Germany,2024-12-25,3.32,45.330
Germany,2024-12-26,4.48,44.701
Germany,2024-12-27,2.50,48.131
Germany,2024-12-30,1.80,53.262
Germany,2024-12-31,1.48,50.178
Germany,2025-01-01,4.97,49.187
Germany,2025-01-02,3.93,54.417
Germany,2025-01-03,0.49,56.949
Germany,2025-01-06,7.50,56.108
Germany,2025-01-07,4.59,61.635
Germany,2025-01-08,2.02,64.115
Germany,2025-01-09,1.98,62.391
Germany,2025-01-10,0.42,63.992
Germany,2025-01-13,-2.86,64.308
Germany,2025-01-14,-1.30,67.395
Germany,2025-01-15,2.25,63.576
Germany,2025-01-16,2.12,64.379
Germany,2025-01-17,-0.33,64.340
Germany,2025-01-20,-0.11,63.277
Germany,2025-01-21,-0.96,63.819
Germany,2025-01-22,0.23,62.871
Germany,2025-01-23,2.58,63.590
Germany,2025-01-24,4.94,61.955
Germany,2025-01-27,7.43,61.846
Germany,2025-01-28,6.35,61.824
Germany,2025-01-29,5.63,62.150
Germany,2025-01-30,4.90,61.940
Germany,2025-01-31,3.41,60.744
Germany,2025-02-03,-0.28,61.569
Germany,2025-02-04,-0.48,64.039
Germany,2025-02-05,0.89,64.825
Germany,2025-02-06,2.44,63.033
Germany,2025-02-07,1.96,63.679
Germany,2025-02-10,1.07,64.153
Germany,2025-02-11,1.12,65.843
Germany,2025-02-12,0.57,65.019
Germany,2025-02-13,0.09,65.188
Germany,2025-02-14,-0.29,63.524
Germany,2025-02-17,-4.04,62.231
Germany,2025-02-18,-4.18,63.653
Germany,2025-02-19,-3.32,63.884
Germany,2025-02-20,0.08,64.318
Germany,2025-02-21,5.70,59.870
Germany,2025-02-24,7.50,60.042
Germany,2025-02-25,8.35,58.520
Germany,2025-02-26,5.86,59.759
Germany,2025-02-27,4.88,59.928
Germany,2025-02-28,3.17,59.260
Germany,2025-03-03,4.29,58.572
Germany,2025-03-04,4.35,60.329
Germany,2025-03-05,6.04,60.307
Germany,2025-03-06,7.56,58.252
Germany,2025-03-07,8.40,55.389
Germany,2025-03-10,7.43,56.001
Germany,2025-03-11,5.73,57.959
Germany,2025-03-12,5.12,59.090
Germany,2025-03-13,3.99,59.644
Germany,2025-03-14,3.74,59.029
Germany,2025-03-17,2.95,58.399
Germany,2025-03-18,2.04,58.429
Germany,2025-03-19,4.27,57.208
Germany,2025-03-20,7.53,56.111
Germany,2025-03-21,9.75,56.144
Germany,2025-03-24,9.61,54.944
Germany,2025-03-25,8.48,57.855
Germany,2025-03-26,7.88,58.299
Germany,2025-03-27,7.02,56.703
Germany,2025-03-28,8.26,54.487
Germany,2025-03-31,7.34,55.911
Germany,2025-04-01,7.38,55.954
Germany,2025-04-02,8.96,54.878
Germany,2025-04-03,10.96,54.102
Germany,2025-04-04,12.38,52.795
Germany,2025-04-07,6.40,53.903
Germany,2025-04-08,8.14,54.211
Germany,2025-04-09,8.70,55.291
Germany,2025-04-10,8.75,55.999
Germany,2025-04-11,10.06,54.912
Germany,2025-04-14,14.60,52.842
Germany,2025-04-15,16.04,55.518
Germany,2025-04-16,16.62,54.343
Germany,2025-04-17,14.71,55.348
Germany,2025-04-18,10.64,44.963
Germany,2025-04-21,12.73,40.927
Germany,2025-04-22,13.00,51.199
Germany,2025-04-23,12.74,53.533
Germany,2025-04-24,11.94,55.433
Germany,2025-04-25,10.92,53.951
Germany,2025-04-28,14.06,51.319
Germany,2025-04-29,15.58,52.646
Germany,2025-04-30,16.91,51.305
Germany,2025-05-01,18.74,40.958
Germany,2025-05-02,19.88,46.625
Germany,2025-05-05,9.21,52.347
Germany,2025-05-06,9.76,53.115
Germany,2025-05-07,11.30,53.208
Germany,2025-05-08,11.61,52.655
Germany,2025-05-09,12.67,51.572
Germany,2025-05-12,13.89,50.654
Germany,2025-05-13,14.94,51.941
Germany,2025-05-14,16.23,52.609
Germany,2025-05-15,13.32,52.620
Germany,2025-05-16,12.70,51.964
Germany,2025-05-19,14.55,50.709
Germany,2025-05-20,16.73,52.690
Germany,2025-05-21,16.14,53.995
Germany,2025-05-22,11.89,54.419
Germany,2025-05-23,9.87,52.666
Germany,2025-05-26,14.70,51.717
Germany,2025-05-27,15.02,53.146
Germany,2025-05-28,15.55,53.287
Germany,2025-05-29,14.06,43.037
Germany,2025-05-30,18.49,46.802
Germany,2025-06-02,17.39,52.473
Germany,2025-06-03,18.06,52.592
Germany,2025-06-04,19.21,54.553
Germany,2025-06-05,17.54,53.016
Germany,2025-06-06,17.59,53.039
Germany,2025-06-09,13.85,40.716
Germany,2025-06-10,15.29,50.679
Germany,2025-06-11,15.82,51.931
Germany,2025-06-12,17.66,51.306
Germany,2025-06-13,20.62,51.216
Germany,2025-06-16,18.40,52.334
Germany,2025-06-17,19.86,52.305
Germany,2025-06-18,21.41,52.278
Germany,2025-06-19,19.83,46.534
Germany,2025-06-20,18.87,47.008
Germany,2025-06-23,21.74,53.808
Germany,2025-06-24,18.86,53.814
Germany,2025-06-25,21.77,54.048
Germany,2025-06-26,21.55,54.556
Germany,2025-06-27,19.29,54.137
Germany,2025-06-30,22.22,52.294
Germany,2025-07-01,25.46,54.458
Germany,2025-07-02,28.77,55.616
Germany,2025-07-03,22.11,55.729
Germany,2025-07-04,19.61,52.668
Germany,2025-07-07,18.18,53.001
Germany,2025-07-08,15.90,53.026
Germany,2025-07-09,16.56,52.349
Germany,2025-07-10,17.67,51.600
Germany,2025-07-11,17.83,52.169
Germany,2025-07-14,19.89,50.938
Germany,2025-07-15,18.88,51.256
Germany,2025-07-16,17.36,52.399
Germany,2025-07-17,17.31,51.844
Germany,2025-07-18,19.81,49.581
Germany,2025-07-21,19.84,51.955
Germany,2025-07-22,18.13,51.934
Germany,2025-07-23,18.41,52.268
Germany,2025-07-24,19.06,51.857
Germany,2025-07-25,19.28,50.798
Germany,2025-07-28,17.41,50.358
Germany,2025-07-29,16.37,52.028
Germany,2025-07-30,16.52,51.405
Germany,2025-07-31,16.52,51.151
Germany,2025-09-01,19.00,51.340
Germany,2025-09-02,17.18,52.026
Germany,2025-09-03,18.70,53.278
Germany,2025-09-04,20.29,53.171
Germany,2025-09-05,17.00,51.485
Germany,2025-09-08,17.32,51.644
Germany,2025-09-09,17.18,53.417
Germany,2025-09-10,16.49,53.459
Germany,2025-09-11,16.25,52.791
Germany,2025-09-12,15.03,52.077
Germany,2025-09-15,16.98,52.893
Germany,2025-09-16,15.20,54.382
Germany,2025-09-17,14.10,54.213
Germany,2025-09-18,17.26,54.265
Germany,2025-09-19,18.82,52.617
Germany,2025-09-22,12.87,53.231
Germany,2025-09-23,11.57,53.237
Germany,2025-09-24,11.17,54.634
Germany,2025-09-25,10.97,56.990
Germany,2025-09-26,12.11,56.226
Germany,2025-09-29,12.01,53.211
Germany,2025-09-30,10.88,54.269
Germany,2025-10-01,9.27,53.638
Germany,2025-10-02,8.75,53.284
Germany,2025-10-03,8.76,45.681
Germany,2025-10-06,11.51,56.979
Germany,2025-10-07,12.41,55.848
Germany,2025-10-08,13.49,55.610
Germany,2025-10-09,12.71,56.878
Germany,2025-10-10,12.86,57.692
Germany,2025-10-13,11.60,54.695
Germany,2025-10-14,10.69,55.719
Germany,2025-10-15,10.97,56.579
Germany,2025-10-16,10.85,57.603
Germany,2025-10-17,10.36,56.924
Germany,2025-10-20,9.29,58.136
Germany,2025-10-21,12.17,58.704
Germany,2025-10-22,12.23,57.298
Germany,2025-10-23,12.23,58.487
Germany,2025-10-24,9.67,58.585
Germany,2025-10-27,7.33,59.647
Germany,2025-10-28,9.00,60.251
Germany,2025-10-29,10.57,59.041
Germany,2025-10-30,10.45,58.261
Germany,2025-10-31,8.11,53.956
Germany,2025-11-03,9.14,57.589
Germany,2025-11-04,10.62,58.719
Germany,2025-11-05,9.25,58.588
Germany,2025-11-06,7.40,58.838
Germany,2025-11-07,6.14,58.753
Germany,2025-11-10,7.61,57.536
Germany,2025-11-11,7.72,59.156
Germany,2025-11-12,8.10,59.830
Germany,2025-11-13,10.97,60.606
Germany,2025-11-14,10.12,57.957
Germany,2025-11-17,4.19,61.273
Germany,2025-11-18,2.68,63.564
Germany,2025-11-19,2.55,62.901
Germany,2025-11-20,1.81,63.318
Germany,2025-11-21,-0.81,62.347
Germany,2025-11-24,1.27,63.541
Germany,2025-11-25,2.19,62.312
Germany,2025-11-26,1.99,63.201
Germany,2025-11-27,2.06,65.560
Germany,2025-11-28,4.63,63.687
Germany,2025-12-01,3.71,63.303
Germany,2025-12-02,2.39,65.325
Germany,2025-12-03,3.03,63.963
Germany,2025-12-04,2.39,64.399
Germany,2025-12-05,2.68,62.712
Germany,2025-12-08,10.56,61.743
Germany,2025-12-09,10.39,61.184
Germany,2025-12-10,9.72,62.773
Germany,2025-12-11,7.97,63.538
Germany,2025-12-12,4.82,59.851
Germany,2025-12-15,4.00,61.760
Germany,2025-12-16,3.07,61.344
Germany,2025-12-17,2.78,60.659
Germany,2025-12-18,5.87,60.308
Germany,2025-12-19,7.16,58.299
Germany,2025-12-22,2.82,55.397
Germany,2025-12-23,1.96,55.752
Germany,2025-12-24,-0.82,50.893
Germany,2025-12-25,-4.08,48.102
Germany,2025-12-26,-3.11,48.148
Germany,2025-12-29,0.60,54.963
Germany,2025-12-30,-0.46,54.595
Germany,2025-12-31,-0.27,52.303
Germany,2026-01-01,1.71,48.758
Germany,2026-01-02,1.16,55.352
Germany,2026-01-05,-3.42,60.540
Germany,2026-01-06,-4.28,61.742
Germany,2026-01-07,-4.49,67.588
Germany,2026-01-08,-3.45,67.544
Germany,2026-01-09,-2.12,66.440
Germany,2026-01-12,-3.24,66.643
Germany,2026-01-13,2.98,64.355
Germany,2026-01-14,4.19,64.691
Germany,2026-01-15,3.95,63.454
Germany,2026-01-16,4.61,62.781
Germany,2026-01-19,-0.04,65.386
Germany,2026-01-20,-1.43,65.668
Germany,2026-01-21,-2.11,66.684
Germany,2026-01-22,-3.05,68.876
Germany,2026-01-23,-3.64,67.357
Germany,2026-01-26,-0.01,66.852
Germany,2026-01-27,0.13,66.351
Germany,2026-01-28,0.49,67.330
Germany,2026-01-29,-0.33,69.153
Germany,2026-01-30,-1.22,66.970
Germany,2026-02-02,-4.41,66.527
Germany,2026-02-03,-3.80,69.184
Germany,2026-02-04,-2.82,67.844
Germany,2026-02-05,-1.44,67.708
Germany,2026-02-06,1.09,65.385
Germany,2026-02-09,1.27,62.536
Germany,2026-02-10,2.20,63.110
Germany,2026-02-11,4.98,63.308
Germany,2026-02-12,5.19,64.059
Germany,2026-02-13,2.72,62.595
Germany,2026-02-16,-0.91,64.348
Germany,2026-02-17,-0.15,63.276
Germany,2026-02-18,-0.65,63.863
Germany,2026-02-19,-2.36,65.598
Germany,2026-02-20,-1.38,65.219
Germany,2026-02-23,7.81,60.980
Germany,2026-02-24,6.71,59.961
Germany,2026-02-25,7.02,59.037
Germany,2026-02-26,8.82,59.821
Germany,2026-02-27,11.20,57.117
Germany,2026-03-02,7.75,56.089
Germany,2026-03-03,7.61,56.463
Germany,2026-03-04,6.32,57.440
Germany,2026-03-05,6.32,56.393
Germany,2026-03-06,7.59,55.895
Germany,2026-03-09,8.92,55.294
Germany,2026-03-10,9.24,55.529
Germany,2026-03-11,10.27,58.487
Germany,2026-03-12,8.54,58.743
Germany,2026-03-13,8.88,57.998
Germany,2026-03-16,5.31,59.039
Germany,2026-03-17,5.30,58.344
Germany,2026-03-18,6.74,56.325
Germany,2026-03-19,7.86,55.293
Germany,2026-03-20,7.28,54.944
Germany,2026-03-23,8.20,54.515
Germany,2026-03-24,9.58,56.880
Germany,2026-03-25,8.82,61.086
Germany,2026-03-26,3.81,60.707
Germany,2026-03-27,3.39,57.855
Germany,2026-03-30,5.20,58.765
Germany,2026-03-31,5.00,58.588
Germany,2026-04-01,5.53,57.050
Germany,2026-04-02,6.12,56.483
Germany,2026-04-03,7.22,47.005
Germany,2026-04-06,9.10,43.722
Germany,2026-04-07,8.39,53.248
Germany,2026-04-08,8.46,53.356
Germany,2026-04-09,8.30,54.434
Germany,2026-04-10,7.37,55.434
Germany,2026-04-13,9.20,56.813
Germany,2026-04-14,10.14,56.395
Germany,2026-04-15,10.85,53.932
Germany,2026-04-16,13.46,53.583
Germany,2026-04-17,13.69,52.280
Germany,2026-04-20,7.69,55.706
Germany,2026-04-21,7.84,55.207
Germany,2026-04-22,9.20,53.909
Germany,2026-04-23,10.13,54.252
Germany,2026-04-24,10.54,53.396
Germany,2026-04-27,10.88,50.794
Germany,2026-04-28,11.86,52.355
Germany,2026-04-29,11.26,52.516
Germany,2026-04-30,12.20,51.841
Germany,2026-05-01,15.63,41.057
Germany,2026-05-04,17.93,52.540
Germany,2026-05-05,14.69,53.065
Germany,2026-05-06,11.61,55.054
Germany,2026-05-07,10.28,54.147
Germany,2026-05-08,11.14,51.969
Germany,2026-05-11,11.33,53.743
Germany,2026-05-12,7.67,54.351
Germany,2026-05-13,9.23,52.784
Germany,2026-05-14,9.04,43.816
Germany,2026-05-15,9.47,46.155
Germany,2026-05-18,12.95,51.083
Germany,2026-05-19,13.71,51.590
Germany,2026-05-20,15.53,53.743
Germany,2026-05-21,16.12,52.848
Germany,2026-05-22,18.08,50.359
Germany,2026-05-25,21.01,40.284
Germany,2026-05-26,23.24,50.738
Germany,2026-05-27,20.31,52.777
Germany,2026-05-28,17.61,50.620
Germany,2026-05-29,20.29,50.558
Germany,2026-06-01,18.19,51.111
Germany,2026-06-02,19.76,53.876
Germany,2026-06-03,16.83,52.805
Germany,2026-06-04,17.34,47.466
Germany,2026-06-05,15.82,48.242
Germany,2026-06-08,18.70,52.007
Germany,2026-06-09,16.75,53.831
Germany,2026-06-10,14.21,53.800
Germany,2026-06-11,13.70,52.807
Germany,2026-06-12,14.59,54.128
Germany,2026-06-15,14.62,51.199
Germany,2026-06-16,16.24,52.860
Germany,2026-06-17,18.74,53.470
Germany,2026-06-18,23.66,53.827
Germany,2026-06-19,25.60,53.725
Germany,2026-06-22,23.42,54.222
Germany,2026-06-23,23.24,55.434
Germany,2026-06-24,25.90,56.110
Germany,2026-06-25,28.35,57.546
Germany,2026-06-26,28.45,56.594
Germany,2026-06-29,23.80,56.437
Germany,2026-06-30,22.54,55.420
Germany,2026-07-01,20.58,55.222
Germany,2026-07-02,20.42,54.241
Germany,2026-07-03,18.63,50.774
Germany,2026-07-06,18.46,53.300
Germany,2026-07-07,20.78,53.814
Germany,2026-07-08,18.63,53.784
Germany,2026-07-09,19.11,53.946
Germany,2026-07-10,21.34,52.127
Germany,2026-07-13,23.87,53.972
Germany,2026-07-14,22.50,55.069
Germany,2026-07-15,22.07,55.375
Germany,2026-07-16,23.18,55.858
Germany,2026-07-17,22.99,54.758
Germany,2026-07-20,16.28,51.167
Germany,2026-07-21,17.39,51.480
Germany,2026-07-22,16.73,53.171
Germany,2026-07-23,16.94,52.516
Germany,2026-07-24,17.33,51.811
Germany,2026-07-27,18.72,51.027
Germany,2026-07-28,19.44,52.732
Germany,2026-07-29,24.50,53.806
Germany,2026-07-30,27.83,55.100
Germany,2026-07-31,24.25,52.792
Italy,2021-01-01,6.03,23.285
Italy,2021-01-04,6.33,30.408
Italy,2021-01-05,6.60,31.768
Italy,2021-01-06,6.57,26.940
Italy,2021-01-07,5.01,34.846
Italy,2021-01-08,5.05,35.668
Italy,2021-01-11,3.80,36.217
Italy,2021-01-12,3.63,38.238
Italy,2021-01-13,5.17,38.270
Italy,2021-01-14,7.13,37.911
Italy,2021-01-15,5.99,37.773
Italy,2021-01-18,3.01,37.250
Italy,2021-01-19,3.85,38.627
Italy,2021-01-20,6.66,38.806
Italy,2021-01-21,8.82,38.591
Italy,2021-01-22,9.66,37.815
Italy,2021-01-25,6.83,36.133
Italy,2021-01-26,5.11,37.739
Italy,2021-01-27,3.55,38.350
Italy,2021-01-28,5.20,37.968
Italy,2021-01-29,8.97,37.614
Italy,2021-02-01,8.57,35.517
Italy,2021-02-02,8.31,36.950
Italy,2021-02-03,9.23,37.013
Italy,2021-02-04,11.01,36.271
Italy,2021-02-05,11.01,36.058
Italy,2021-02-08,9.92,34.104
Italy,2021-02-09,10.59,35.799
Italy,2021-02-10,11.11,36.424
Italy,2021-02-11,9.42,35.818
Italy,2021-02-12,7.67,37.043
Italy,2021-02-15,2.11,36.562
Italy,2021-02-16,3.90,37.507
Italy,2021-02-17,7.43,37.339
Italy,2021-02-18,7.57,36.993
Italy,2021-02-19,8.96,35.825
Italy,2021-02-22,10.08,33.528
Italy,2021-02-23,10.31,35.039
Italy,2021-02-24,10.94,34.569
Italy,2021-02-25,10.86,34.385
Italy,2021-02-26,10.65,33.875
Italy,2021-03-01,9.13,32.778
Italy,2021-03-02,9.23,34.285
Italy,2021-03-03,9.06,34.961
Italy,2021-03-04,9.09,34.828
Italy,2021-03-05,9.87,34.243
Italy,2021-03-08,9.32,33.068
Italy,2021-03-09,9.64,35.110
Italy,2021-03-10,9.17,35.296
Italy,2021-03-11,8.38,35.235
Italy,2021-03-12,11.45,34.356
Italy,2021-03-15,8.94,32.626
Italy,2021-03-16,8.72,34.629
Italy,2021-03-17,7.90,35.057
Italy,2021-03-18,6.99,35.304
Italy,2021-03-19,6.41,34.860
Italy,2021-03-22,7.69,33.649
Italy,2021-03-23,7.74,35.017
Italy,2021-03-24,8.86,34.640
Italy,2021-03-25,9.88,34.044
Italy,2021-03-26,10.91,33.162
Italy,2021-03-29,13.02,31.629
Italy,2021-03-30,14.37,32.816
Italy,2021-03-31,15.00,32.641
Italy,2021-04-01,15.05,32.509
Italy,2021-04-02,15.23,30.958
Italy,2021-04-05,11.38,20.896
Italy,2021-04-06,11.39,31.175
Italy,2021-04-07,8.22,33.645
Italy,2021-04-08,7.68,33.868
Italy,2021-04-09,9.26,33.410
Italy,2021-04-12,11.78,33.030
Italy,2021-04-13,11.09,34.103
Italy,2021-04-14,9.66,33.733
Italy,2021-04-15,9.58,33.740
Italy,2021-04-16,9.65,33.136
Italy,2021-04-19,10.10,32.146
Italy,2021-04-20,11.03,33.205
Italy,2021-04-21,11.72,33.357
Italy,2021-04-22,12.95,33.331
Italy,2021-04-23,13.93,32.306
Italy,2021-04-26,14.60,30.957
Italy,2021-04-27,14.43,33.051
Italy,2021-04-28,15.04,33.122
Italy,2021-04-29,15.41,32.945
Italy,2021-04-30,16.82,31.567
Italy,2021-05-03,14.21,29.925
Italy,2021-05-04,13.75,31.819
Italy,2021-05-05,14.82,32.733
Italy,2021-05-06,15.68,32.401
Italy,2021-05-07,16.79,31.892
Italy,2021-05-10,18.04,31.075
Italy,2021-05-11,17.02,33.114
Italy,2021-05-12,16.21,32.780
Italy,2021-05-13,15.90,32.233
Italy,2021-05-14,14.40,32.164
Italy,2021-05-17,17.87,30.507
Italy,2021-05-18,15.99,32.085
Italy,2021-05-19,16.76,32.424
Italy,2021-05-20,16.24,31.891
Italy,2021-05-21,16.22,31.839
Italy,2021-05-24,18.87,31.575
Italy,2021-05-25,17.77,32.217
Italy,2021-05-26,17.07,32.141
Italy,2021-05-27,18.00,32.295
Italy,2021-05-28,19.11,31.799
Italy,2021-05-31,18.79,30.168
Italy,2021-06-01,18.95,30.935
Italy,2021-06-02,19.42,24.670
Italy,2021-06-03,21.46,31.522
Italy,2021-06-04,22.49,32.835
Italy,2021-06-07,20.72,32.168
Italy,2021-06-08,20.48,34.177
Italy,2021-06-09,21.37,34.558
Italy,2021-06-10,21.95,34.713
Italy,2021-06-11,22.09,34.574
Italy,2021-06-14,24.58,34.660
Italy,2021-06-15,23.50,36.461
Italy,2021-06-16,23.23,37.042
Italy,2021-06-17,23.89,37.647
Italy,2021-06-18,24.40,37.940
Italy,2021-06-21,26.09,37.780
Italy,2021-06-22,25.86,40.525
Italy,2021-06-23,25.42,40.850
Italy,2021-06-24,25.23,40.978
Italy,2021-06-25,25.02,39.840
Italy,2021-06-28,27.14,39.288
Italy,2021-06-29,25.98,41.496
Italy,2021-06-30,25.19,40.872
Italy,2021-07-01,25.16,39.540
Italy,2021-07-02,25.39,39.143
Italy,2021-07-05,25.07,36.953
Italy,2021-07-06,26.03,39.945
Italy,2021-07-07,26.36,41.271
Italy,2021-07-08,25.25,41.033
Italy,2021-07-09,25.07,39.276
Italy,2021-07-12,25.53,38.458
Italy,2021-07-13,25.10,39.966
Italy,2021-07-14,22.41,38.190
Italy,2021-07-15,22.24,37.602
Italy,2021-07-16,22.08,36.961
Italy,2021-07-19,25.42,36.627
Italy,2021-07-20,25.65,39.210
Italy,2021-07-21,26.33,40.350
Italy,2021-07-22,26.75,40.636
Italy,2021-07-23,26.53,40.478
Italy,2021-07-26,26.66,38.928
Italy,2021-07-27,26.07,40.714
Italy,2021-07-28,26.69,40.867
Italy,2021-07-29,27.25,41.391
Italy,2021-07-30,27.01,41.346
Italy,2021-09-01,22.88,36.389
Italy,2021-09-02,23.37,36.640
Italy,2021-09-03,23.50,36.291
Italy,2021-09-06,23.32,34.742
Italy,2021-09-07,23.23,36.710
Italy,2021-09-08,23.35,36.533
Italy,2021-09-09,22.38,36.577
Italy,2021-09-10,22.83,36.374
Italy,2021-09-13,23.31,34.931
Italy,2021-09-14,23.13,37.072
Italy,2021-09-15,22.93,37.578
Italy,2021-09-16,23.27,37.177
Italy,2021-09-17,23.09,36.397
Italy,2021-09-20,20.39,33.941
Italy,2021-09-21,20.45,35.449
Italy,2021-09-22,20.27,35.371
Italy,2021-09-23,19.61,35.049
Italy,2021-09-24,20.02,34.807
Italy,2021-09-27,21.64,33.642
Italy,2021-09-28,21.33,35.734
Italy,2021-09-29,21.54,35.829
Italy,2021-09-30,20.40,35.285
Italy,2021-10-01,20.13,34.810
Italy,2021-10-04,20.66,33.438
Italy,2021-10-05,19.13,34.865
Italy,2021-10-06,17.52,35.009
Italy,2021-10-07,15.54,34.356
Italy,2021-10-08,15.86,34.151
Italy,2021-10-11,12.88,32.461
Italy,2021-10-12,13.85,34.321
Italy,2021-10-13,14.21,34.510
Italy,2021-10-14,12.79,34.583
Italy,2021-10-15,12.43,34.443
Italy,2021-10-18,14.30,32.877
Italy,2021-10-19,14.29,34.957
Italy,2021-10-20,14.20,35.123
Italy,2021-10-21,16.11,35.650
Italy,2021-10-22,16.94,34.751
Italy,2021-10-25,14.50,33.214
Italy,2021-10-26,13.70,35.088
Italy,2021-10-27,14.29,34.916
Italy,2021-10-28,13.12,34.902
Italy,2021-10-29,12.59,34.680
Italy,2021-11-01,14.72,25.861
Italy,2021-11-02,14.25,33.235
Italy,2021-11-03,14.46,35.988
Italy,2021-11-04,13.73,35.010
Italy,2021-11-05,11.28,35.279
Italy,2021-11-08,13.07,34.465
Italy,2021-11-09,13.34,35.775
Italy,2021-11-10,14.91,35.835
Italy,2021-11-11,14.46,35.730
Italy,2021-11-12,13.60,35.490
Italy,2021-11-15,13.53,34.499
Italy,2021-11-16,12.40,35.968
Italy,2021-11-17,11.99,36.248
Italy,2021-11-18,11.92,36.013
Italy,2021-11-19,11.39,35.702
Italy,2021-11-22,11.51,35.067
Italy,2021-11-23,11.72,36.420
Italy,2021-11-24,10.42,36.965
Italy,2021-11-25,10.69,37.840
Italy,2021-11-26,9.56,36.970
Italy,2021-11-29,5.95,36.992
Italy,2021-11-30,5.14,38.294
Italy,2021-12-01,7.80,38.500
Italy,2021-12-02,9.49,38.571
Italy,2021-12-03,7.84,38.225
Italy,2021-12-06,5.20,36.991
Italy,2021-12-07,4.64,38.088
Italy,2021-12-08,6.33,31.830
Italy,2021-12-09,6.52,39.228
Italy,2021-12-10,4.66,39.863
Italy,2021-12-13,5.09,37.815
Italy,2021-12-14,6.14,39.283
Italy,2021-12-15,6.06,39.048
Italy,2021-12-16,5.68,37.563
Italy,2021-12-17,5.82,38.113
Italy,2021-12-20,5.39,37.239
Italy,2021-12-21,5.62,38.575
Italy,2021-12-22,6.38,37.083
Italy,2021-12-23,5.69,35.532
Italy,2021-12-24,7.84,29.091
Italy,2021-12-27,8.52,29.669
Italy,2021-12-28,9.45,30.257
Italy,2021-12-29,10.28,29.441
Italy,2021-12-30,8.12,28.685
Italy,2021-12-31,7.80,26.600
Italy,2022-01-03,8.21,30.114
Italy,2022-01-04,9.89,31.636
Italy,2022-01-05,10.87,31.089
Italy,2022-01-06,7.80,26.576
Italy,2022-01-07,5.86,30.605
Italy,2022-01-10,4.20,36.727
Italy,2022-01-11,5.62,38.364
Italy,2022-01-12,4.64,38.693
Italy,2022-01-13,3.83,38.312
Italy,2022-01-14,3.91,37.994
Italy,2022-01-17,6.59,36.287
Italy,2022-01-18,6.21,37.985
Italy,2022-01-19,5.30,38.378
Italy,2022-01-20,7.20,38.695
Italy,2022-01-21,6.46,38.700
Italy,2022-01-24,3.90,37.743
Italy,2022-01-25,3.15,39.283
Italy,2022-01-26,3.68,39.339
Italy,2022-01-27,4.29,39.032
Italy,2022-01-28,6.76,38.233
Italy,2022-01-31,7.37,36.680
Italy,2022-02-01,7.67,37.976
Italy,2022-02-02,7.98,37.652
Italy,2022-02-03,7.94,37.394
Italy,2022-02-04,9.27,37.369
Italy,2022-02-07,9.67,35.728
Italy,2022-02-08,6.76,37.224
Italy,2022-02-09,7.58,37.467
Italy,2022-02-10,8.25,37.418
Italy,2022-02-11,8.49,36.918
Italy,2022-02-14,7.79,36.318
Italy,2022-02-15,8.15,37.956
Italy,2022-02-16,6.74,37.487
Italy,2022-02-17,7.96,36.968
Italy,2022-02-18,9.52,36.673
Italy,2022-02-21,10.70,34.504
Italy,2022-02-22,10.07,36.101
Italy,2022-02-23,9.15,35.989
Italy,2022-02-24,8.98,35.756
Italy,2022-02-25,9.09,35.469
Italy,2022-02-28,6.70,34.792
Italy,2022-03-01,5.90,37.466
Italy,2022-03-02,5.34,37.397
Italy,2022-03-03,7.13,36.990
Italy,2022-03-04,7.26,36.722
Italy,2022-03-07,5.34,36.067
Italy,2022-03-08,4.87,37.665
Italy,2022-03-09,5.56,36.852
Italy,2022-03-10,7.20,35.825
Italy,2022-03-11,7.59,35.876
Italy,2022-03-14,8.87,34.147
Italy,2022-03-15,9.96,35.861
Italy,2022-03-16,10.89,35.265
Italy,2022-03-17,12.09,35.341
Italy,2022-03-18,12.08,34.756
Italy,2022-03-21,8.51,33.554
Italy,2022-03-22,8.50,34.603
Italy,2022-03-23,10.02,34.667
Italy,2022-03-24,11.25,34.156
Italy,2022-03-25,11.89,33.654
Italy,2022-03-28,13.60,32.455
Italy,2022-03-29,12.65,34.007
Italy,2022-03-30,12.29,35.298
Italy,2022-03-31,13.44,34.644
Italy,2022-04-01,11.33,34.535
Italy,2022-04-04,9.32,33.534
Italy,2022-04-05,10.23,34.456
Italy,2022-04-06,10.77,34.226
Italy,2022-04-07,12.55,34.108
Italy,2022-04-08,14.66,33.460
Italy,2022-04-11,10.62,32.329
Italy,2022-04-12,11.90,33.816
Italy,2022-04-13,13.85,33.601
Italy,2022-04-14,15.24,33.205
Italy,2022-04-15,16.77,31.458
Italy,2022-04-18,13.22,22.241
Italy,2022-04-19,13.24,30.786
Italy,2022-04-20,14.24,33.214
Italy,2022-04-21,15.41,34.080
Italy,2022-04-22,14.01,33.677
Italy,2022-04-25,14.16,23.843
Italy,2022-04-26,14.58,31.486
Italy,2022-04-27,15.45,32.576
Italy,2022-04-28,16.57,32.642
Italy,2022-04-29,16.65,32.407
Italy,2022-05-02,15.69,30.516
Italy,2022-05-03,15.78,32.760
Italy,2022-05-04,15.80,32.858
Italy,2022-05-05,15.85,33.395
Italy,2022-05-06,16.47,33.322
Italy,2022-05-09,16.97,30.991
Italy,2022-05-10,18.35,32.327
Italy,2022-05-11,19.01,32.777
Italy,2022-05-12,19.28,32.591
Italy,2022-05-13,19.66,32.687
Italy,2022-05-16,20.69,32.097
Italy,2022-05-17,21.44,33.943
Italy,2022-05-18,22.41,34.371
Italy,2022-05-19,21.72,33.599
Italy,2022-05-20,21.32,33.496
Italy,2022-05-23,22.03,33.818
Italy,2022-05-24,22.51,35.031
Italy,2022-05-25,22.89,35.178
Italy,2022-05-26,23.65,35.495
Italy,2022-05-27,25.38,35.681
Italy,2022-05-30,21.21,32.249
Italy,2022-05-31,22.26,34.104
Italy,2022-06-01,22.61,34.083
Italy,2022-06-02,24.32,27.168
Italy,2022-06-03,24.61,31.260
Italy,2022-06-06,25.41,35.499
Italy,2022-06-07,24.25,37.109
Italy,2022-06-08,23.34,36.551
Italy,2022-06-09,22.27,35.621
Italy,2022-06-10,22.94,34.771
Italy,2022-06-13,25.26,35.422
Italy,2022-06-14,25.05,37.543
Italy,2022-06-15,25.56,38.468
Italy,2022-06-16,26.26,38.932
Italy,2022-06-17,26.67,39.051
Italy,2022-06-20,25.88,37.626
Italy,2022-06-21,25.95,40.177
Italy,2022-06-22,25.53,40.056
Italy,2022-06-23,25.38,39.850
Italy,2022-06-24,25.24,38.903
Italy,2022-06-27,29.20,40.055
Italy,2022-06-28,27.72,41.749
Italy,2022-06-29,26.16,40.956
Italy,2022-06-30,26.50,41.218
Italy,2022-07-01,26.53,40.547
Italy,2022-07-04,29.06,40.492
Italy,2022-07-05,28.34,41.465
Italy,2022-07-06,28.20,41.570
Italy,2022-07-07,27.34,40.906
Italy,2022-07-08,26.09,37.993
Italy,2022-07-11,26.08,36.388
Italy,2022-07-12,26.04,38.349
Italy,2022-07-13,26.64,38.642
Italy,2022-07-14,26.99,39.528
Italy,2022-07-15,28.00,39.700
Italy,2022-07-18,29.45,40.252
Italy,2022-07-19,29.41,41.561
Italy,2022-07-20,29.24,41.969
Italy,2022-07-21,29.33,42.467
Italy,2022-07-22,29.69,42.961
Italy,2022-07-25,29.76,42.556
Italy,2022-07-26,28.52,43.178
Italy,2022-07-27,27.75,41.952
Italy,2022-07-28,27.36,41.193
Italy,2022-07-29,26.22,40.077
Italy,2022-09-01,23.14,35.744
Italy,2022-09-02,22.55,34.855
Italy,2022-09-05,23.95,34.662
Italy,2022-09-06,24.62,36.690
Italy,2022-09-07,24.48,37.411
Italy,2022-09-08,23.56,36.649
Italy,2022-09-09,24.07,36.036
Italy,2022-09-12,22.41,33.821
Italy,2022-09-13,22.77,35.588
Italy,2022-09-14,23.31,36.451
Italy,2022-09-15,23.93,36.055
Italy,2022-09-16,24.26,36.217
Italy,2022-09-19,19.31,31.547
Italy,2022-09-20,19.72,33.060
Italy,2022-09-21,18.41,33.245
Italy,2022-09-22,17.46,32.566
Italy,2022-09-23,17.16,32.198
Italy,2022-09-26,17.90,31.042
Italy,2022-09-27,18.91,32.709
Italy,2022-09-28,18.23,32.610
Italy,2022-09-29,17.69,32.851
Italy,2022-09-30,18.07,32.555
Italy,2022-10-03,19.22,30.822
Italy,2022-10-04,18.87,32.523
Italy,2022-10-05,18.45,33.076
Italy,2022-10-06,18.74,32.383
Italy,2022-10-07,18.70,32.517
Italy,2022-10-10,17.77,31.203
Italy,2022-10-11,17.19,32.238
Italy,2022-10-12,17.95,32.224
Italy,2022-10-13,17.42,32.562
Italy,2022-10-14,16.90,32.278
Italy,2022-10-17,18.15,30.833
Italy,2022-10-18,17.91,32.279
Italy,2022-10-19,18.05,32.576
Italy,2022-10-20,18.01,32.712
Italy,2022-10-21,17.61,32.879
Italy,2022-10-24,18.30,30.956
Italy,2022-10-25,18.59,32.441
Italy,2022-10-26,18.26,32.445
Italy,2022-10-27,18.37,32.071
Italy,2022-10-28,17.92,31.776
Italy,2022-10-31,16.17,25.541
Italy,2022-11-01,16.06,23.052
Italy,2022-11-02,15.13,30.608
Italy,2022-11-03,15.40,32.327
Italy,2022-11-04,16.13,32.036
Italy,2022-11-07,12.03,30.946
Italy,2022-11-08,12.55,32.665
Italy,2022-11-09,13.33,33.831
Italy,2022-11-10,14.66,33.172
Italy,2022-11-11,13.99,32.862
Italy,2022-11-14,12.08,32.146
Italy,2022-11-15,11.62,33.705
Italy,2022-11-16,13.95,33.721
Italy,2022-11-17,13.31,33.402
Italy,2022-11-18,14.55,32.799
Italy,2022-11-21,9.41,32.438
Italy,2022-11-22,11.46,34.972
Italy,2022-11-23,9.55,34.601
Italy,2022-11-24,10.32,34.497
Italy,2022-11-25,10.16,34.423
Italy,2022-11-28,8.32,34.183
Italy,2022-11-29,8.40,35.978
Italy,2022-11-30,7.62,36.478
Italy,2022-12-01,7.12,35.750
Italy,2022-12-02,8.63,35.764
Italy,2022-12-05,11.54,33.912
Italy,2022-12-06,10.16,35.106
Italy,2022-12-07,8.71,34.711
Italy,2022-12-08,9.40,27.477
Italy,2022-12-09,11.44,31.097
Italy,2022-12-12,5.90,35.397
Italy,2022-12-13,7.04,37.255
Italy,2022-12-14,8.43,36.916
Italy,2022-12-15,8.62,36.631
Italy,2022-12-16,10.92,34.883
Italy,2022-12-19,6.62,34.363
Italy,2022-12-20,6.24,35.018
Italy,2022-12-21,7.15,34.645
Italy,2022-12-22,9.09,33.116
Italy,2022-12-23,9.71,29.866
Italy,2022-12-26,10.98,21.698
Italy,2022-12-27,10.58,26.067
Italy,2022-12-28,10.27,26.905
Italy,2022-12-29,9.97,26.512
Italy,2022-12-30,10.98,25.878
Italy,2023-01-02,10.27,26.679
Italy,2023-01-03,10.72,28.223
Italy,2023-01-04,9.78,28.044
Italy,2023-01-05,9.20,28.548
Italy,2023-01-06,9.58,24.684
Italy,2023-01-09,11.27,32.997
Italy,2023-01-10,8.50,34.433
Italy,2023-01-11,6.37,34.937
Italy,2023-01-12,6.69,35.498
Italy,2023-01-13,6.94,35.486
Italy,2023-01-16,8.99,35.071
Italy,2023-01-17,9.28,36.702
Italy,2023-01-18,8.09,36.629
Italy,2023-01-19,5.77,36.813
Italy,2023-01-20,3.79,36.476
Italy,2023-01-23,4.04,36.431
Italy,2023-01-24,6.01,37.014
Italy,2023-01-25,6.42,37.385
Italy,2023-01-26,6.17,37.141
Italy,2023-01-27,5.18,37.057
Italy,2023-01-30,4.15,35.748
Italy,2023-01-31,5.80,37.006
Italy,2023-02-01,6.74,37.076
Italy,2023-02-02,7.39,36.486
Italy,2023-02-03,7.63,36.037
Italy,2023-02-06,4.14,36.082
Italy,2023-02-07,3.27,37.580
Italy,2023-02-08,2.59,38.440
Italy,2023-02-09,3.03,38.835
Italy,2023-02-10,3.56,38.018
Italy,2023-02-13,6.68,35.012
Italy,2023-02-14,6.65,35.947
Italy,2023-02-15,7.67,35.968
Italy,2023-02-16,7.71,35.639
Italy,2023-02-17,7.95,35.239
Italy,2023-02-20,9.40,33.312
Italy,2023-02-21,9.76,34.430
Italy,2023-02-22,10.52,34.830
Italy,2023-02-23,10.35,34.487
Italy,2023-02-24,10.79,34.203
Italy,2023-02-27,7.48,34.582
Italy,2023-02-28,7.81,35.564
Italy,2023-03-01,7.81,36.302
Italy,2023-03-02,8.63,36.033
Italy,2023-03-03,8.69,35.282
Italy,2023-03-06,9.92,33.555
Italy,2023-03-07,9.97,35.448
Italy,2023-03-08,11.45,34.518
Italy,2023-03-09,13.69,34.198
Italy,2023-03-10,13.33,33.344
Italy,2023-03-13,12.26,31.692
Italy,2023-03-14,12.92,33.281
Italy,2023-03-15,11.38,33.176
Italy,2023-03-16,9.40,33.485
Italy,2023-03-17,8.99,33.365
Italy,2023-03-20,11.36,31.917
Italy,2023-03-21,12.11,33.273
Italy,2023-03-22,12.89,32.484
Italy,2023-03-23,13.25,32.552
Italy,2023-03-24,12.96,32.490
Italy,2023-03-27,12.33,30.737
Italy,2023-03-28,10.28,32.120
Italy,2023-03-29,10.80,32.550
Italy,2023-03-30,12.59,33.111
Italy,2023-03-31,13.34,32.967
Italy,2023-04-03,12.44,31.483
Italy,2023-04-04,10.28,33.112
Italy,2023-04-05,9.02,33.729
Italy,2023-04-06,8.96,33.177
Italy,2023-04-07,9.59,31.494
Italy,2023-04-10,11.70,21.327
Italy,2023-04-11,12.13,30.293
Italy,2023-04-12,13.31,33.019
Italy,2023-04-13,13.03,33.560
Italy,2023-04-14,11.68,32.679
Italy,2023-04-17,13.25,31.557
Italy,2023-04-18,13.44,32.899
Italy,2023-04-19,13.89,32.971
Italy,2023-04-20,13.09,33.178
Italy,2023-04-21,13.84,31.925
Italy,2023-04-24,15.93,25.439
Italy,2023-04-25,15.09,22.730
Italy,2023-04-26,14.64,29.426
Italy,2023-04-27,14.84,30.881
Italy,2023-04-28,15.53,30.719
Italy,2023-05-01,15.43,21.603
Italy,2023-05-02,15.79,30.134
Italy,2023-05-03,15.99,31.758
Italy,2023-05-04,16.71,31.560
Italy,2023-05-05,17.41,31.255
Italy,2023-05-08,16.96,30.065
Italy,2023-05-09,17.54,31.628
Italy,2023-05-10,15.84,32.183
Italy,2023-05-11,15.80,31.631
Italy,2023-05-12,15.12,31.101
Italy,2023-05-15,15.33,29.282
Italy,2023-05-16,15.02,31.285
Italy,2023-05-17,15.24,31.320
Italy,2023-05-18,15.87,30.640
Italy,2023-05-19,16.75,30.946
Italy,2023-05-22,18.49,29.424
Italy,2023-05-23,19.29,30.879
Italy,2023-05-24,18.86,31.766
Italy,2023-05-25,18.71,31.155
Italy,2023-05-26,20.34,30.746
Italy,2023-05-29,20.09,29.771
Italy,2023-05-30,19.87,31.295
Italy,2023-05-31,19.19,31.722
Italy,2023-06-01,20.06,30.233
Italy,2023-06-02,20.17,24.027
Italy,2023-06-05,19.29,30.115
Italy,2023-06-06,19.74,31.336
Italy,2023-06-07,20.17,31.945
Italy,2023-06-08,20.62,31.658
Italy,2023-06-09,21.01,32.046
Italy,2023-06-12,21.74,31.287
Italy,2023-06-13,20.30,32.937
Italy,2023-06-14,20.21,33.014
Italy,2023-06-15,20.91,32.857
Italy,2023-06-16,21.71,32.808
Italy,2023-06-19,23.25,32.409
Italy,2023-06-20,23.82,34.654
Italy,2023-06-21,24.48,35.616
Italy,2023-06-22,25.51,36.910
Italy,2023-06-23,25.46,37.055
Italy,2023-06-26,25.56,35.477
Italy,2023-06-27,25.68,37.930
Italy,2023-06-28,25.05,36.775
Italy,2023-06-29,24.35,36.483
Italy,2023-06-30,22.78,35.812
Italy,2023-07-03,23.91,34.689
Italy,2023-07-04,23.31,35.776
Italy,2023-07-05,23.86,36.104
Italy,2023-07-06,23.90,36.372
Italy,2023-07-07,25.26,34.797
Italy,2023-07-10,28.83,38.506
Italy,2023-07-11,29.09,41.205
Italy,2023-07-12,27.36,40.987
Italy,2023-07-13,27.29,39.290
Italy,2023-07-14,26.29,39.543
Italy,2023-07-17,29.18,41.249
Italy,2023-07-18,29.82,43.930
Italy,2023-07-19,29.16,44.428
Italy,2023-07-20,28.74,43.514
Italy,2023-07-21,27.85,42.331
Italy,2023-07-24,28.52,40.505
Italy,2023-07-25,28.89,40.165
Italy,2023-07-26,25.69,37.195
Italy,2023-07-27,24.34,35.517
Italy,2023-07-28,24.46,35.407
Italy,2023-07-31,26.70,35.853
Italy,2023-09-01,21.52,33.649
Italy,2023-09-04,24.06,33.580
Italy,2023-09-05,23.38,34.580
Italy,2023-09-06,23.14,34.728
Italy,2023-09-07,23.93,34.775
Italy,2023-09-08,24.16,34.632
Italy,2023-09-11,24.33,34.278
Italy,2023-09-12,23.59,35.994
Italy,2023-09-13,22.48,36.193
Italy,2023-09-14,22.64,35.683
Italy,2023-09-15,22.68,35.159
Italy,2023-09-18,23.66,34.252
Italy,2023-09-19,23.65,35.325
Italy,2023-09-20,22.44,35.234
Italy,2023-09-21,22.60,35.103
Italy,2023-09-22,22.94,35.186
Italy,2023-09-25,18.45,31.132
Italy,2023-09-26,19.90,32.734
Italy,2023-09-27,20.94,33.320
Italy,2023-09-28,21.04,33.178
Italy,2023-09-29,20.93,33.049
Italy,2023-10-02,21.04,31.977
Italy,2023-10-03,21.25,33.362
Italy,2023-10-04,20.81,33.698
Italy,2023-10-05,20.97,33.372
Italy,2023-10-06,20.50,33.078
Italy,2023-10-09,21.79,32.004
Italy,2023-10-10,21.28,33.616
Italy,2023-10-11,20.47,33.879
Italy,2023-10-12,20.12,33.735
Italy,2023-10-13,20.16,33.566
Italy,2023-10-16,17.31,31.405
Italy,2023-10-17,16.75,32.718
Italy,2023-10-18,17.19,33.514
Italy,2023-10-19,19.29,33.848
Italy,2023-10-20,21.02,33.531
Italy,2023-10-23,17.62,31.511
Italy,2023-10-24,17.91,33.651
Italy,2023-10-25,17.22,33.441
Italy,2023-10-26,17.34,33.529
Italy,2023-10-27,18.91,32.954
Italy,2023-10-30,18.64,31.458
Italy,2023-10-31,17.78,31.878
Italy,2023-11-01,14.39,24.528
Italy,2023-11-02,15.53,31.449
Italy,2023-11-03,15.23,32.018
Italy,2023-11-06,14.67,31.514
Italy,2023-11-07,14.11,33.204
Italy,2023-11-08,12.03,33.303
Italy,2023-11-09,11.24,33.648
Italy,2023-11-10,12.31,33.622
Italy,2023-11-13,12.18,32.406
Italy,2023-11-14,15.26,34.036
Italy,2023-11-15,16.09,33.532
Italy,2023-11-16,12.89,33.515
Italy,2023-11-17,14.24,32.949
Italy,2023-11-20,12.83,32.202
Italy,2023-11-21,13.85,34.022
Italy,2023-11-22,11.45,34.204
Italy,2023-11-23,11.39,33.952
Italy,2023-11-24,10.73,32.410
Italy,2023-11-27,7.55,34.880
Italy,2023-11-28,10.42,35.783
Italy,2023-11-29,8.36,35.862
Italy,2023-11-30,11.00,35.821
Italy,2023-12-01,12.99,35.280
Italy,2023-12-04,6.31,35.831
Italy,2023-12-05,7.99,37.199
Italy,2023-12-06,6.38,36.885
Italy,2023-12-07,5.17,36.128
Italy,2023-12-08,5.67,28.832
Italy,2023-12-11,9.27,35.545
Italy,2023-12-12,11.47,36.471
Italy,2023-12-13,12.88,36.653
Italy,2023-12-14,10.43,35.953
Italy,2023-12-15,8.67,35.358
Italy,2023-12-18,5.55,34.249
Italy,2023-12-19,6.70,35.172
Italy,2023-12-20,6.70,34.961
Italy,2023-12-21,6.89,33.826
Italy,2023-12-22,11.32,30.374
Italy,2023-12-25,10.68,21.133
Italy,2023-12-26,10.05,21.975
Italy,2023-12-27,8.99,26.606
Italy,2023-12-28,9.09,27.268
Italy,2023-12-29,9.92,26.488
Italy,2024-01-01,9.90,21.654
Italy,2024-01-02,7.91,27.207
Italy,2024-01-03,10.21,28.124
Italy,2024-01-04,10.74,28.294
Italy,2024-01-05,10.51,29.019
Italy,2024-01-08,8.48,33.451
Italy,2024-01-09,7.36,35.695
Italy,2024-01-10,6.57,36.530
Italy,2024-01-11,6.20,36.476
Italy,2024-01-12,4.86,36.480
Italy,2024-01-15,8.77,35.765
Italy,2024-01-16,8.10,36.885
Italy,2024-01-17,10.31,37.555
Italy,2024-01-18,11.18,36.165
Italy,2024-01-19,11.05,35.954
Italy,2024-01-22,3.72,36.070
Italy,2024-01-23,7.00,36.788
Italy,2024-01-24,6.68,36.677
Italy,2024-01-25,8.39,36.082
Italy,2024-01-26,7.57,36.173
Italy,2024-01-29,5.53,35.061
Italy,2024-01-30,5.44,36.794
Italy,2024-01-31,5.56,36.823
Italy,2024-02-01,6.16,37.090
Italy,2024-02-02,6.89,35.847
Italy,2024-02-05,10.15,33.581
Italy,2024-02-06,10.62,35.417
Italy,2024-02-07,10.75,35.783
Italy,2024-02-08,11.02,35.164
Italy,2024-02-09,12.33,35.738
Italy,2024-02-12,8.93,33.667
Italy,2024-02-13,9.06,34.592
Italy,2024-02-14,8.71,34.669
Italy,2024-02-15,8.69,34.340
Italy,2024-02-16,9.69,34.205
Italy,2024-02-19,10.87,32.688
Italy,2024-02-20,10.35,34.125
Italy,2024-02-21,9.51,33.931
Italy,2024-02-22,9.84,35.096
Italy,2024-02-23,11.63,34.754
Italy,2024-02-26,8.99,34.170
Italy,2024-02-27,11.40,35.731
Italy,2024-02-28,12.45,35.030
Italy,2024-02-29,11.29,35.047
Italy,2024-03-01,10.53,35.032
Italy,2024-03-04,10.26,33.638
Italy,2024-03-05,10.47,34.147
Italy,2024-03-06,9.69,34.971
Italy,2024-03-07,9.07,34.275
Italy,2024-03-08,9.18,34.552
Italy,2024-03-11,10.61,32.700
Italy,2024-03-12,10.87,33.828
Italy,2024-03-13,10.87,33.575
Italy,2024-03-14,11.13,33.177
Italy,2024-03-15,11.67,33.122
Italy,2024-03-18,12.80,31.949
Italy,2024-03-19,13.73,32.655
Italy,2024-03-20,12.96,33.097
Italy,2024-03-21,13.23,32.442
Italy,2024-03-22,13.60,31.695
Italy,2024-03-25,11.60,30.683
Italy,2024-03-26,12.06,34.151
Italy,2024-03-27,11.53,34.236
Italy,2024-03-28,12.06,33.396
Italy,2024-03-29,14.77,30.761
Italy,2024-04-01,15.80,21.844
Italy,2024-04-02,13.15,30.008
Italy,2024-04-03,12.92,32.607
Italy,2024-04-04,13.26,31.870
Italy,2024-04-05,14.02,31.374
Italy,2024-04-08,16.85,30.340
Italy,2024-04-09,15.99,31.962
Italy,2024-04-10,13.83,32.698
Italy,2024-04-11,13.92,30.130
Italy,2024-04-12,17.31,30.351
Italy,2024-04-15,18.15,29.919
Italy,2024-04-16,16.58,30.964
Italy,2024-04-17,13.85,31.132
Italy,2024-04-18,11.38,31.829
Italy,2024-04-19,11.68,30.982
Italy,2024-04-22,10.92,31.823
Italy,2024-04-23,10.54,33.560
Italy,2024-04-24,10.44,31.821
Italy,2024-04-25,10.90,24.251
Italy,2024-04-26,12.40,26.455
Italy,2024-04-29,17.42,28.720
Italy,2024-04-30,18.40,28.812
Italy,2024-05-01,16.15,22.280
Italy,2024-05-02,14.42,30.038
Italy,2024-05-03,13.88,30.556
Italy,2024-05-06,15.88,30.217
Italy,2024-05-07,15.90,31.800
Italy,2024-05-08,15.74,31.047
Italy,2024-05-09,17.53,30.664
Italy,2024-05-10,18.17,30.169
Italy,2024-05-13,18.15,30.104
Italy,2024-05-14,18.11,31.474
Italy,2024-05-15,18.16,32.422
Italy,2024-05-16,18.17,32.170
Italy,2024-05-17,17.99,31.204
Italy,2024-05-20,19.43,29.775
Italy,2024-05-21,18.75,32.050
Italy,2024-05-22,17.91,32.017
Italy,2024-05-23,17.29,31.768
Italy,2024-05-24,17.55,31.371
Italy,2024-05-27,19.45,30.285
Italy,2024-05-28,19.84,31.870
Italy,2024-05-29,19.86,31.942
Italy,2024-05-30,19.50,32.199
Italy,2024-05-31,19.51,31.571
Italy,2024-06-03,18.84,29.565
Italy,2024-06-04,19.32,31.432
Italy,2024-06-05,20.45,31.792
Italy,2024-06-06,21.80,31.970
Italy,2024-06-07,22.73,32.272
Italy,2024-06-10,22.44,32.165
Italy,2024-06-11,21.44,33.601
Italy,2024-06-12,20.86,33.532
Italy,2024-06-13,20.02,32.604
Italy,2024-06-14,20.07,32.058
Italy,2024-06-17,22.81,32.013
Italy,2024-06-18,24.59,34.159
Italy,2024-06-19,26.23,36.248
Italy,2024-06-20,27.46,37.345
Italy,2024-06-21,26.47,37.804
Italy,2024-06-24,21.44,33.359
Italy,2024-06-25,21.56,34.765
Italy,2024-06-26,22.08,34.630
Italy,2024-06-27,23.39,34.721
Italy,2024-06-28,25.08,35.328
Italy,2024-07-01,24.55,36.032
Italy,2024-07-02,24.53,35.904
Italy,2024-07-03,21.57,35.204
Italy,2024-07-04,22.27,34.354
Italy,2024-07-05,23.50,34.508
Italy,2024-07-08,25.09,35.658
Italy,2024-07-09,26.93,38.726
Italy,2024-07-10,27.83,40.166
Italy,2024-07-11,28.19,41.031
Italy,2024-07-12,26.60,40.646
Italy,2024-07-15,27.74,39.574
Italy,2024-07-16,27.54,41.823
Italy,2024-07-17,28.04,42.683
Italy,2024-07-18,28.10,42.968
Italy,2024-07-19,27.97,42.960
Italy,2024-07-22,27.40,39.533
Italy,2024-07-23,27.76,41.032
Italy,2024-07-24,27.88,41.374
Italy,2024-07-25,27.21,40.468
Italy,2024-07-26,27.71,39.967
Italy,2024-07-29,29.34,40.258
Italy,2024-07-30,29.32,41.816
Italy,2024-07-31,28.88,41.806
Italy,2024-09-02,25.75,37.546
Italy,2024-09-03,25.17,38.678
Italy,2024-09-04,24.79,38.750
Italy,2024-09-05,22.77,37.479
Italy,2024-09-06,23.47,36.423
Italy,2024-09-09,23.62,34.303
Italy,2024-09-10,23.02,34.960
Italy,2024-09-11,21.26,35.046
Italy,2024-09-12,20.31,34.503
Italy,2024-09-13,17.47,32.264
Italy,2024-09-16,18.48,30.629
Italy,2024-09-17,16.61,32.734
Italy,2024-09-18,17.00,33.087
Italy,2024-09-19,17.88,32.746
Italy,2024-09-20,18.35,32.305
Italy,2024-09-23,19.00,31.467
Italy,2024-09-24,19.14,32.212
Italy,2024-09-25,18.82,32.487
Italy,2024-09-26,20.14,33.063
Italy,2024-09-27,21.69,32.698
Italy,2024-09-30,17.11,29.897
Italy,2024-10-01,17.42,32.329
Italy,2024-10-02,18.51,32.854
Italy,2024-10-03,18.56,33.238
Italy,2024-10-04,16.51,32.079
Italy,2024-10-07,16.68,31.581
Italy,2024-10-08,17.90,33.689
Italy,2024-10-09,18.13,33.195
Italy,2024-10-10,19.82,33.206
Italy,2024-10-11,17.29,31.967
Italy,2024-10-14,16.85,31.016
Italy,2024-10-15,18.10,32.909
Italy,2024-10-16,18.26,33.907
Italy,2024-10-17,19.13,33.657
Italy,2024-10-18,18.59,33.287
Italy,2024-10-21,18.16,31.275
Italy,2024-10-22,18.19,32.744
Italy,2024-10-23,17.43,33.301
Italy,2024-10-24,17.74,32.971
Italy,2024-10-25,17.72,32.428
Italy,2024-10-28,16.87,30.427
Italy,2024-10-29,16.23,31.991
Italy,2024-10-30,15.77,31.993
Italy,2024-10-31,15.72,30.382
Italy,2024-11-01,15.11,23.127
Italy,2024-11-04,13.39,30.065
Italy,2024-11-05,12.85,32.177
Italy,2024-11-06,12.58,32.875
Italy,2024-11-07,12.65,32.825
Italy,2024-11-08,12.64,32.836
Italy,2024-11-11,11.37,31.978
Italy,2024-11-12,11.07,34.088
Italy,2024-11-13,9.84,34.235
Italy,2024-11-14,9.52,34.711
Italy,2024-11-15,8.56,33.943
Italy,2024-11-18,12.11,33.650
Italy,2024-11-19,12.50,35.216
Italy,2024-11-20,13.78,35.570
Italy,2024-11-21,9.58,35.616
Italy,2024-11-22,10.85,35.397
Italy,2024-11-25,7.67,35.123
Italy,2024-11-26,12.16,36.266
Italy,2024-11-27,12.44,36.262
Italy,2024-11-28,11.72,35.726
Italy,2024-11-29,11.11,33.460
Italy,2024-12-02,6.80,34.765
Italy,2024-12-03,7.95,36.688
Italy,2024-12-04,9.14,37.089
Italy,2024-12-05,7.98,36.876
Italy,2024-12-06,6.99,36.703
Italy,2024-12-09,7.92,36.055
Italy,2024-12-10,7.93,37.635
Italy,2024-12-11,8.05,36.871
Italy,2024-12-12,6.91,37.249
Italy,2024-12-13,7.86,35.879
Italy,2024-12-16,6.44,35.261
Italy,2024-12-17,7.44,36.171
Italy,2024-12-18,7.38,35.827
Italy,2024-12-19,8.63,35.274
Italy,2024-12-20,9.44,32.656
Italy,2024-12-23,7.07,29.614
Italy,2024-12-24,6.71,26.419
Italy,2024-12-25,5.98,23.281
Italy,2024-12-26,6.56,23.725
Italy,2024-12-27,5.88,27.359
Italy,2024-12-30,6.04,27.321
Italy,2024-12-31,5.85,26.271
Italy,2025-01-01,5.90,23.769
Italy,2025-01-02,6.53,28.565
Italy,2025-01-03,9.23,29.133
Italy,2025-01-06,10.04,26.126
Italy,2025-01-07,10.47,33.370
Italy,2025-01-08,9.07,35.348
Italy,2025-01-09,10.52,35.933
Italy,2025-01-10,10.67,35.089
Italy,2025-01-13,4.94,36.152
Italy,2025-01-14,4.74,37.638
Italy,2025-01-15,3.42,37.521
Italy,2025-01-16,5.22,37.594
Italy,2025-01-17,6.29,37.247
Italy,2025-01-20,8.51,36.129
Italy,2025-01-21,8.56,36.756
Italy,2025-01-22,7.87,37.239
Italy,2025-01-23,10.57,36.510
Italy,2025-01-24,9.44,35.545
Italy,2025-01-27,10.67,34.817
Italy,2025-01-28,11.88,35.226
Italy,2025-01-29,8.93,35.420
Italy,2025-01-30,8.17,35.376
Italy,2025-01-31,8.45,35.933
Italy,2025-02-03,8.78,33.917
Italy,2025-02-04,7.85,35.322
Italy,2025-02-05,7.03,35.436
Italy,2025-02-06,6.93,35.568
Italy,2025-02-07,7.25,36.254
Italy,2025-02-10,8.83,34.659
Italy,2025-02-11,8.68,35.837
Italy,2025-02-12,9.99,36.102
Italy,2025-02-13,10.13,35.679
Italy,2025-02-14,9.33,35.692
Italy,2025-02-17,7.10,35.010
Italy,2025-02-18,7.38,36.683
Italy,2025-02-19,7.49,36.771
Italy,2025-02-20,8.55,35.999
Italy,2025-02-21,8.52,34.134
Italy,2025-02-24,10.13,33.433
Italy,2025-02-25,11.11,35.331
Italy,2025-02-26,11.39,35.217
Italy,2025-02-27,10.04,34.178
Italy,2025-02-28,9.81,33.556
Italy,2025-03-03,9.61,32.277
Italy,2025-03-04,9.44,33.446
Italy,2025-03-05,9.98,33.599
Italy,2025-03-06,10.46,33.459
Italy,2025-03-07,10.89,33.278
Italy,2025-03-10,13.52,32.303
Italy,2025-03-11,13.24,32.909
Italy,2025-03-12,12.63,34.080
Italy,2025-03-13,12.53,33.062
Italy,2025-03-14,14.29,33.354
Italy,2025-03-17,10.03,31.349
Italy,2025-03-18,9.20,33.481
Italy,2025-03-19,8.29,32.990
Italy,2025-03-20,9.52,33.039
Italy,2025-03-21,10.58,33.095
Italy,2025-03-24,13.41,31.225
Italy,2025-03-25,12.68,32.300
Italy,2025-03-26,12.81,32.371
Italy,2025-03-27,12.17,32.701
Italy,2025-03-28,12.09,30.946
Italy,2025-03-31,13.28,30.231
Italy,2025-04-01,11.19,32.737
Italy,2025-04-02,12.63,32.532
Italy,2025-04-03,13.78,31.577
Italy,2025-04-04,14.22,30.943
Italy,2025-04-07,11.27,30.339
Italy,2025-04-08,10.87,31.805
Italy,2025-04-09,11.90,31.946
Italy,2025-04-10,13.60,31.691
Italy,2025-04-11,14.72,31.080
Italy,2025-04-14,16.31,31.806
Italy,2025-04-15,16.32,32.699
Italy,2025-04-16,16.45,32.831
Italy,2025-04-17,14.46,32.764
Italy,2025-04-18,13.99,30.515
Italy,2025-04-21,15.92,20.521
Italy,2025-04-22,16.77,27.489
Italy,2025-04-23,16.15,29.396
Italy,2025-04-24,16.07,29.399
Italy,2025-04-25,15.52,23.235
Italy,2025-04-28,16.62,28.364
Italy,2025-04-29,17.69,29.214
Italy,2025-04-30,18.53,28.836
Italy,2025-05-01,19.55,21.497
Italy,2025-05-02,20.14,24.813
Italy,2025-05-05,17.77,29.890
Italy,2025-05-06,16.76,31.459
Italy,2025-05-07,15.88,31.604
Italy,2025-05-08,15.53,31.329
Italy,2025-05-09,15.75,31.142
Italy,2025-05-12,17.35,29.288
Italy,2025-05-13,17.07,31.074
Italy,2025-05-14,17.54,30.850
Italy,2025-05-15,18.51,31.026
Italy,2025-05-16,16.90,30.455
Italy,2025-05-19,19.22,29.404
Italy,2025-05-20,18.83,31.873
Italy,2025-05-21,18.38,31.482
Italy,2025-05-22,17.78,31.916
Italy,2025-05-23,17.52,30.702
Italy,2025-05-26,19.58,29.074
Italy,2025-05-27,19.61,31.513
Italy,2025-05-28,20.77,31.195
Italy,2025-05-29,22.56,31.113
Italy,2025-05-30,22.64,30.642
Italy,2025-06-02,23.08,23.911
Italy,2025-06-03,22.69,31.410
Italy,2025-06-04,22.88,33.300
Italy,2025-06-05,22.93,33.703
Italy,2025-06-06,23.57,33.474
Italy,2025-06-09,24.80,32.883
Italy,2025-06-10,25.07,34.427
Italy,2025-06-11,26.38,35.497
Italy,2025-06-12,27.83,36.305
Italy,2025-06-13,28.71,37.169
Italy,2025-06-16,27.86,36.719
Italy,2025-06-17,25.49,36.292
Italy,2025-06-18,25.15,36.280
Italy,2025-06-19,26.67,37.318
Italy,2025-06-20,27.50,36.073
Italy,2025-06-23,26.79,36.571
Italy,2025-06-24,27.11,38.406
Italy,2025-06-25,28.26,40.213
Italy,2025-06-26,27.95,40.957
Italy,2025-06-27,28.81,40.145
Italy,2025-06-30,30.54,40.927
Italy,2025-07-01,30.14,42.086
Italy,2025-07-02,30.16,42.111
Italy,2025-07-03,30.58,42.571
Italy,2025-07-04,30.59,42.898
Italy,2025-07-07,25.29,37.455
Italy,2025-07-08,24.65,36.608
Italy,2025-07-09,23.18,34.737
Italy,2025-07-10,23.53,34.531
Italy,2025-07-11,24.70,34.546
Italy,2025-07-14,25.40,35.015
Italy,2025-07-15,27.30,37.961
Italy,2025-07-16,27.97,38.957
Italy,2025-07-17,27.72,38.828
Italy,2025-07-18,27.53,38.071
Italy,2025-07-21,27.08,38.697
Italy,2025-07-22,27.02,39.964
Italy,2025-07-23,26.22,39.356
Italy,2025-07-24,25.90,39.020
Italy,2025-07-25,27.03,38.326
Italy,2025-07-28,23.22,33.740
Italy,2025-07-29,23.27,33.669
Italy,2025-07-30,23.72,33.576
Italy,2025-07-31,24.74,33.553
Italy,2025-09-01,21.96,32.673
Italy,2025-09-02,21.98,34.321
Italy,2025-09-03,21.75,33.654
Italy,2025-09-04,22.27,34.028
Italy,2025-09-05,22.57,34.218
Italy,2025-09-08,23.12,32.985
Italy,2025-09-09,23.98,35.710
Italy,2025-09-10,22.06,36.039
Italy,2025-09-11,21.88,34.568
Italy,2025-09-12,22.03,34.129
Italy,2025-09-15,22.42,32.947
Italy,2025-09-16,23.27,34.866
Italy,2025-09-17,23.27,34.814
Italy,2025-09-18,23.12,34.486
Italy,2025-09-19,23.87,33.895
Italy,2025-09-22,22.06,33.340
Italy,2025-09-23,20.35,34.360
Italy,2025-09-24,18.60,33.740
Italy,2025-09-25,17.61,32.644
Italy,2025-09-26,16.93,32.939
Italy,2025-09-29,17.84,30.226
Italy,2025-09-30,17.82,32.241
Italy,2025-10-01,17.40,32.309
Italy,2025-10-02,15.61,31.633
Italy,2025-10-03,13.99,30.647
Italy,2025-10-06,15.24,30.645
Italy,2025-10-07,15.72,32.043
Italy,2025-10-08,16.83,32.343
Italy,2025-10-09,17.52,32.367
Italy,2025-10-10,18.27,31.888
Italy,2025-10-13,17.70,30.968
Italy,2025-10-14,17.60,32.504
Italy,2025-10-15,17.33,32.821
Italy,2025-10-16,16.45,32.568
Italy,2025-10-17,16.73,32.006
Italy,2025-10-20,15.33,31.468
Italy,2025-10-21,15.92,33.127
Italy,2025-10-22,16.15,33.148
Italy,2025-10-23,17.42,33.293
Italy,2025-10-24,16.23,31.833
Italy,2025-10-27,14.26,30.687
Italy,2025-10-28,14.42,32.318
Italy,2025-10-29,14.94,32.889
Italy,2025-10-30,16.56,33.067
Italy,2025-10-31,16.99,31.826
Italy,2025-11-03,16.13,30.360
Italy,2025-11-04,13.37,32.103
Italy,2025-11-05,11.84,32.820
Italy,2025-11-06,11.40,32.815
Italy,2025-11-07,11.75,33.056
Italy,2025-11-10,11.61,32.189
Italy,2025-11-11,11.39,33.399
Italy,2025-11-12,11.74,33.549
Italy,2025-11-13,12.04,33.661
Italy,2025-11-14,12.62,33.896
Italy,2025-11-17,15.55,32.824
Italy,2025-11-18,12.78,34.894
Italy,2025-11-19,10.13,35.316
Italy,2025-11-20,10.97,36.028
Italy,2025-11-21,8.80,36.181
Italy,2025-11-24,8.45,36.628
Italy,2025-11-25,10.26,37.612
Italy,2025-11-26,8.94,36.930
Italy,2025-11-27,7.38,37.049
Italy,2025-11-28,6.55,36.751
Italy,2025-12-01,8.45,36.809
Italy,2025-12-02,9.44,38.278
Italy,2025-12-03,8.57,38.216
Italy,2025-12-04,9.37,37.716
Italy,2025-12-05,9.39,37.101
Italy,2025-12-08,8.37,26.953
Italy,2025-12-09,8.00,36.084
Italy,2025-12-10,7.97,37.995
Italy,2025-12-11,7.76,38.360
Italy,2025-12-12,7.52,36.240
Italy,2025-12-15,7.39,36.447
Italy,2025-12-16,9.56,38.421
Italy,2025-12-17,11.86,37.071
Italy,2025-12-18,11.14,36.386
Italy,2025-12-19,10.90,34.809
Italy,2025-12-22,9.95,31.636
Italy,2025-12-23,10.54,32.215
Italy,2025-12-24,8.92,27.276
Italy,2025-12-25,8.93,23.259
Italy,2025-12-26,8.45,23.398
Italy,2025-12-29,5.56,28.999
Italy,2025-12-30,5.90,29.633
Italy,2025-12-31,5.47,27.667
Italy,2026-01-01,4.41,25.203
Italy,2026-01-02,8.09,28.411
Italy,2026-01-05,8.42,30.052
Italy,2026-01-06,6.61,28.438
Italy,2026-01-07,4.06,36.113
Italy,2026-01-08,3.12,38.437
Italy,2026-01-09,8.27,38.143
Italy,2026-01-12,3.85,37.864
Italy,2026-01-13,7.00,38.984
Italy,2026-01-14,8.91,38.651
Italy,2026-01-15,9.27,38.203
Italy,2026-01-16,8.24,37.795
Italy,2026-01-19,9.16,36.871
Italy,2026-01-20,8.13,38.470
Italy,2026-01-21,6.19,38.667
Italy,2026-01-22,6.29,38.681
Italy,2026-01-23,6.82,38.383
Italy,2026-01-26,7.30,36.804
Italy,2026-01-27,6.57,38.129
Italy,2026-01-28,9.51,39.089
Italy,2026-01-29,8.58,38.048
Italy,2026-01-30,7.50,37.657
Italy,2026-02-02,6.73,36.819
Italy,2026-02-03,9.62,38.504
Italy,2026-02-04,9.51,38.802
Italy,2026-02-05,9.51,37.287
Italy,2026-02-06,11.99,36.871
Italy,2026-02-09,10.10,35.662
Italy,2026-02-10,9.48,36.728
Italy,2026-02-11,10.70,37.128
Italy,2026-02-12,10.61,37.404
Italy,2026-02-13,11.01,35.982
Italy,2026-02-16,9.46,35.614
Italy,2026-02-17,10.53,35.926
Italy,2026-02-18,8.96,35.911
Italy,2026-02-19,10.39,37.053
Italy,2026-02-20,10.15,36.000
Italy,2026-02-23,10.32,33.830
Italy,2026-02-24,11.95,34.953
Italy,2026-02-25,11.98,34.952
Italy,2026-02-26,11.42,34.213
Italy,2026-02-27,11.02,34.163
Italy,2026-03-02,11.49,33.283
Italy,2026-03-03,11.92,34.318
Italy,2026-03-04,12.01,34.668
Italy,2026-03-05,12.13,34.939
Italy,2026-03-06,11.95,33.943
Italy,2026-03-09,12.06,32.486
Italy,2026-03-10,11.87,34.033
Italy,2026-03-11,11.79,33.973
Italy,2026-03-12,12.01,34.134
Italy,2026-03-13,11.46,33.049
Italy,2026-03-16,12.86,32.011
Italy,2026-03-17,12.22,33.058
Italy,2026-03-18,10.12,34.439
Italy,2026-03-19,11.25,33.519
Italy,2026-03-20,11.24,32.864
Italy,2026-03-23,10.33,32.031
Italy,2026-03-24,11.09,33.010
Italy,2026-03-25,11.52,32.897
Italy,2026-03-26,10.25,35.001
Italy,2026-03-27,8.92,34.196
Italy,2026-03-30,11.62,31.668
Italy,2026-03-31,10.42,33.669
Italy,2026-04-01,10.52,34.483
Italy,2026-04-02,11.65,33.526
Italy,2026-04-03,14.29,30.678
Italy,2026-04-06,16.68,21.867
Italy,2026-04-07,16.23,28.724
Italy,2026-04-08,16.62,30.267
Italy,2026-04-09,16.56,30.406
Italy,2026-04-10,16.51,30.660
Italy,2026-04-13,16.42,30.804
Italy,2026-04-14,16.10,32.142
Italy,2026-04-15,16.41,31.802
Italy,2026-04-16,17.20,30.567
Italy,2026-04-17,18.50,30.164
Italy,2026-04-20,18.13,28.808
Italy,2026-04-21,17.51,30.787
Italy,2026-04-22,15.65,30.940
Italy,2026-04-23,14.99,29.817
Italy,2026-04-24,15.67,29.406
Italy,2026-04-27,18.30,28.841
Italy,2026-04-28,18.39,30.433
Italy,2026-04-29,18.24,30.801
Italy,2026-04-30,16.92,29.400
Italy,2026-05-01,15.80,22.286
Italy,2026-05-04,17.23,29.096
Italy,2026-05-05,16.26,31.877
Italy,2026-05-06,16.67,31.281
Italy,2026-05-07,17.96,29.906
Italy,2026-05-08,17.59,30.229
Italy,2026-05-11,18.11,29.250
Italy,2026-05-12,18.61,29.781
Italy,2026-05-13,16.78,30.134
Italy,2026-05-14,15.86,30.629
Italy,2026-05-15,15.04,31.473
Italy,2026-05-18,16.38,28.521
Italy,2026-05-19,17.38,29.874
Italy,2026-05-20,19.53,29.941
Italy,2026-05-21,21.61,30.031
Italy,2026-05-22,23.14,29.823
Italy,2026-05-25,26.03,30.114
Italy,2026-05-26,26.66,32.728
Italy,2026-05-27,27.02,33.908
Italy,2026-05-28,26.74,34.506
Italy,2026-05-29,25.24,33.049
Italy,2026-06-01,24.57,27.628
Italy,2026-06-02,22.72,25.947
Italy,2026-06-03,22.81,31.125
Italy,2026-06-04,22.11,31.984
Italy,2026-06-05,21.82,32.019
Italy,2026-06-08,24.79,31.382
Italy,2026-06-09,24.48,33.443
Italy,2026-06-10,23.76,33.670
Italy,2026-06-11,23.82,31.887
Italy,2026-06-12,24.49,31.626
Italy,2026-06-15,25.32,32.101
Italy,2026-06-16,25.51,34.263
Italy,2026-06-17,27.17,35.085
Italy,2026-06-18,28.42,36.263
Italy,2026-06-19,29.10,37.198
Italy,2026-06-22,29.64,38.538
Italy,2026-06-23,29.33,40.521
Italy,2026-06-24,28.47,40.969
Italy,2026-06-25,28.88,41.574
Italy,2026-06-26,29.24,41.169
Italy,2026-06-29,30.25,41.371
Italy,2026-06-30,29.83,41.966
Italy,2026-07-01,28.66,41.546
Italy,2026-07-02,26.30,37.978
Italy,2026-07-03,27.60,38.125
Italy,2026-07-06,28.59,37.590
Italy,2026-07-07,28.44,39.452
Italy,2026-07-08,28.53,40.376
Italy,2026-07-09,28.78,40.547
Italy,2026-07-10,29.10,40.724
Italy,2026-07-13,29.50,40.353
Italy,2026-07-14,30.31,42.799
Italy,2026-07-15,29.38,42.831
Italy,2026-07-16,29.79,42.787
Italy,2026-07-17,29.75,42.982
Italy,2026-07-20,29.69,41.484
Italy,2026-07-21,29.50,42.411
Italy,2026-07-22,29.21,40.616
Italy,2026-07-23,28.01,39.450
Italy,2026-07-24,27.77,37.499
Italy,2026-07-27,27.72,37.546
Italy,2026-07-28,29.02,40.225
Italy,2026-07-29,30.55,41.323
Italy,2026-07-30,31.78,42.467
Italy,2026-07-31,31.51,42.644
Spain,2021-01-01,5.62,23.941
Spain,2021-01-04,3.33,31.711
Spain,2021-01-05,2.12,32.283
Spain,2021-01-06,1.86,27.965
Spain,2021-01-07,2.54,34.186
Spain,2021-01-08,2.22,34.903
Spain,2021-01-11,2.73,34.019
Spain,2021-01-12,1.12,35.235
Spain,2021-01-13,2.13,35.173
Spain,2021-01-14,1.79,34.995
Spain,2021-01-15,3.79,34.559
Spain,2021-01-18,4.39,33.385
Spain,2021-01-19,3.16,34.061
Spain,2021-01-20,5.45,34.060
Spain,2021-01-21,9.75,32.837
Spain,2021-01-22,10.18,31.823
Spain,2021-01-25,11.13,31.050
Spain,2021-01-26,11.10,30.837
Spain,2021-01-27,12.95,29.979
Spain,2021-01-28,12.75,29.694
Spain,2021-01-29,12.67,29.059
Spain,2021-02-01,12.91,29.074
Spain,2021-02-02,12.00,29.725
Spain,2021-02-03,11.87,29.620
Spain,2021-02-04,11.40,29.553
Spain,2021-02-05,11.47,29.532
Spain,2021-02-08,9.72,30.171
Spain,2021-02-09,9.74,31.663
Spain,2021-02-10,10.49,30.725
Spain,2021-02-11,11.07,30.343
Spain,2021-02-12,12.11,29.751
Spain,2021-02-15,9.68,29.616
Spain,2021-02-16,9.65,30.020
Spain,2021-02-17,10.41,30.029
Spain,2021-02-18,9.88,30.161
Spain,2021-02-19,10.06,29.865
Spain,2021-02-22,9.88,29.622
Spain,2021-02-23,9.76,29.962
Spain,2021-02-24,10.40,29.885
Spain,2021-02-25,10.18,29.777
Spain,2021-02-26,10.92,29.597
Spain,2021-03-01,10.27,29.152
Spain,2021-03-02,11.24,29.939
Spain,2021-03-03,11.33,29.786
Spain,2021-03-04,10.69,29.519
Spain,2021-03-05,10.80,29.317
Spain,2021-03-08,9.55,29.542
Spain,2021-03-09,9.54,30.279
Spain,2021-03-10,9.01,29.935
Spain,2021-03-11,11.99,29.496
Spain,2021-03-12,11.84,29.022
Spain,2021-03-15,11.16,28.741
Spain,2021-03-16,11.93,29.233
Spain,2021-03-17,12.51,29.230
Spain,2021-03-18,10.08,29.557
Spain,2021-03-19,8.31,28.068
Spain,2021-03-22,10.08,29.295
Spain,2021-03-23,11.33,29.485
Spain,2021-03-24,12.29,29.165
Spain,2021-03-25,12.78,28.788
Spain,2021-03-26,13.54,28.522
Spain,2021-03-29,14.59,27.531
Spain,2021-03-30,15.86,27.674
Spain,2021-03-31,15.50,27.079
Spain,2021-04-01,15.21,23.966
Spain,2021-04-02,14.45,22.047
Spain,2021-04-05,13.86,23.854
Spain,2021-04-06,14.27,26.967
Spain,2021-04-07,12.59,28.022
Spain,2021-04-08,12.48,28.269
Spain,2021-04-09,11.58,28.269
Spain,2021-04-12,11.69,27.374
Spain,2021-04-13,11.96,28.537
Spain,2021-04-14,13.67,28.382
Spain,2021-04-15,13.20,28.599
Spain,2021-04-16,12.03,28.217
Spain,2021-04-19,13.58,27.725
Spain,2021-04-20,13.76,28.245
Spain,2021-04-21,13.33,28.220
Spain,2021-04-22,13.19,28.369
Spain,2021-04-23,13.98,27.190
Spain,2021-04-26,14.42,27.411
Spain,2021-04-27,14.38,27.957
Spain,2021-04-28,14.45,27.670
Spain,2021-04-29,14.15,27.666
Spain,2021-04-30,13.35,27.174
Spain,2021-05-03,13.30,26.335
Spain,2021-05-04,15.04,27.371
Spain,2021-05-05,16.67,27.413
Spain,2021-05-06,18.19,27.253
Spain,2021-05-07,19.56,26.983
Spain,2021-05-10,14.76,26.533
Spain,2021-05-11,14.15,27.215
Spain,2021-05-12,15.75,27.316
Spain,2021-05-13,16.09,27.607
Spain,2021-05-14,17.08,27.225
Spain,2021-05-17,19.20,26.515
Spain,2021-05-18,19.79,27.632
Spain,2021-05-19,18.82,27.816
Spain,2021-05-20,19.58,27.684
Spain,2021-05-21,21.14,27.443
Spain,2021-05-24,17.37,25.873
Spain,2021-05-25,18.46,27.197
Spain,2021-05-26,18.97,27.549
Spain,2021-05-27,20.31,27.642
Spain,2021-05-28,20.75,27.291
Spain,2021-05-31,23.01,27.172
Spain,2021-06-01,19.95,27.726
Spain,2021-06-02,20.15,27.856
Spain,2021-06-03,21.72,27.770
Spain,2021-06-04,21.53,27.514
Spain,2021-06-07,22.75,27.436
Spain,2021-06-08,24.43,28.699
Spain,2021-06-09,25.36,29.101
Spain,2021-06-10,25.55,29.443
Spain,2021-06-11,24.74,29.111
Spain,2021-06-14,26.22,29.429
Spain,2021-06-15,26.34,30.312
Spain,2021-06-16,25.24,30.025
Spain,2021-06-17,21.20,28.993
Spain,2021-06-18,20.89,28.464
Spain,2021-06-21,20.21,27.509
Spain,2021-06-22,19.64,28.167
Spain,2021-06-23,19.92,27.705
Spain,2021-06-24,21.18,26.457
Spain,2021-06-25,23.41,27.521
Spain,2021-06-28,22.69,27.897
Spain,2021-06-29,23.06,28.904
Spain,2021-06-30,24.25,29.591
Spain,2021-07-01,25.56,29.632
Spain,2021-07-02,26.07,29.789
Spain,2021-07-05,26.49,30.148
Spain,2021-07-06,24.04,30.443
Spain,2021-07-07,22.64,29.447
Spain,2021-07-08,23.18,29.177
Spain,2021-07-09,25.18,29.652
Spain,2021-07-12,25.41,29.997
Spain,2021-07-13,22.14,29.378
Spain,2021-07-14,22.72,29.343
Spain,2021-07-15,24.03,29.607
Spain,2021-07-16,25.99,30.004
Spain,2021-07-19,28.03,30.544
Spain,2021-07-20,28.02,31.223
Spain,2021-07-21,28.48,31.644
Spain,2021-07-22,29.38,32.037
Spain,2021-07-23,28.18,31.648
Spain,2021-07-26,24.58,29.375
Spain,2021-07-27,25.90,30.235
Spain,2021-07-28,26.64,30.642
Spain,2021-07-29,27.28,31.129
Spain,2021-07-30,27.17,30.767
Spain,2021-09-01,22.31,29.255
Spain,2021-09-02,21.35,28.961
Spain,2021-09-03,22.26,28.920
Spain,2021-09-06,25.35,29.669
Spain,2021-09-07,25.42,30.440
Spain,2021-09-08,23.96,29.793
Spain,2021-09-09,23.57,29.905
Spain,2021-09-10,23.53,29.309
Spain,2021-09-13,23.62,28.807
Spain,2021-09-14,21.44,29.425
Spain,2021-09-15,21.18,29.144
Spain,2021-09-16,20.95,28.351
Spain,2021-09-17,21.49,28.053
Spain,2021-09-20,19.08,26.982
Spain,2021-09-21,17.73,27.138
Spain,2021-09-22,18.15,27.430
Spain,2021-09-23,19.68,27.493
Spain,2021-09-24,19.88,27.343
Spain,2021-09-27,20.26,27.032
Spain,2021-09-28,19.67,27.932
Spain,2021-09-29,19.66,27.962
Spain,2021-09-30,19.40,27.719
Spain,2021-10-01,19.63,27.495
Spain,2021-10-04,15.26,25.911
Spain,2021-10-05,17.47,26.864
Spain,2021-10-06,18.42,27.521
Spain,2021-10-07,18.11,27.208
Spain,2021-10-08,18.56,27.006
Spain,2021-10-11,17.79,24.134
Spain,2021-10-12,17.61,22.634
Spain,2021-10-13,17.90,26.395
Spain,2021-10-14,16.84,26.717
Spain,2021-10-15,17.66,27.061
Spain,2021-10-18,18.42,26.776
Spain,2021-10-19,18.93,27.466
Spain,2021-10-20,18.80,27.439
Spain,2021-10-21,17.88,27.265
Spain,2021-10-22,16.20,26.915
Spain,2021-10-25,14.49,26.586
Spain,2021-10-26,15.27,27.440
Spain,2021-10-27,14.66,27.370
Spain,2021-10-28,14.73,27.371
Spain,2021-10-29,15.17,27.512
Spain,2021-11-01,17.20,22.759
Spain,2021-11-02,13.10,26.708
Spain,2021-11-03,11.66,27.789
Spain,2021-11-04,8.91,28.093
Spain,2021-11-05,8.98,28.370
Spain,2021-11-08,11.54,28.440
Spain,2021-11-09,10.96,28.894
Spain,2021-11-10,10.90,29.355
Spain,2021-11-11,10.92,29.399
Spain,2021-11-12,12.03,29.148
Spain,2021-11-15,11.77,28.641
Spain,2021-11-16,9.58,29.661
Spain,2021-11-17,10.14,29.700
Spain,2021-11-18,9.79,29.966
Spain,2021-11-19,10.31,29.889
Spain,2021-11-22,9.27,29.574
Spain,2021-11-23,7.58,30.634
Spain,2021-11-24,6.87,31.210
Spain,2021-11-25,8.05,31.181
Spain,2021-11-26,7.43,31.002
Spain,2021-11-29,9.45,30.974
Spain,2021-11-30,8.07,31.464
Spain,2021-12-01,7.33,31.651
Spain,2021-12-02,7.93,31.694
Spain,2021-12-03,7.85,31.351
Spain,2021-12-06,9.27,26.406
Spain,2021-12-07,9.32,28.061
Spain,2021-12-08,9.72,26.904
Spain,2021-12-09,8.34,30.963
Spain,2021-12-10,11.48,30.773
Spain,2021-12-13,7.93,30.213
Spain,2021-12-14,8.01,31.107
Spain,2021-12-15,8.23,31.191
Spain,2021-12-16,6.99,31.269
Spain,2021-12-17,6.54,31.051
Spain,2021-12-20,6.49,30.695
Spain,2021-12-21,8.90,30.720
Spain,2021-12-22,9.18,30.147
Spain,2021-12-23,10.02,28.847
Spain,2021-12-24,11.05,24.893
Spain,2021-12-27,13.83,25.611
Spain,2021-12-28,12.92,25.900
Spain,2021-12-29,11.16,25.644
Spain,2021-12-30,9.64,25.627
Spain,2021-12-31,9.00,23.898
Spain,2022-01-03,8.43,27.276
Spain,2022-01-04,9.76,28.231
Spain,2022-01-05,8.37,28.090
Spain,2022-01-06,5.75,24.195
Spain,2022-01-07,5.81,27.691
Spain,2022-01-10,11.64,29.778
Spain,2022-01-11,10.64,30.295
Spain,2022-01-12,8.33,30.555
Spain,2022-01-13,5.32,31.110
Spain,2022-01-14,4.50,31.447
Spain,2022-01-17,4.70,31.156
Spain,2022-01-18,4.64,32.140
Spain,2022-01-19,4.63,32.254
Spain,2022-01-20,5.97,32.190
Spain,2022-01-21,5.45,31.956
Spain,2022-01-24,5.82,31.933
Spain,2022-01-25,6.81,31.939
Spain,2022-01-26,5.97,31.828
Spain,2022-01-27,6.56,31.498
Spain,2022-01-28,6.83,31.089
Spain,2022-01-31,7.62,30.094
Spain,2022-02-01,9.93,30.566
Spain,2022-02-02,10.64,30.343
Spain,2022-02-03,9.56,30.164
Spain,2022-02-04,10.29,29.907
Spain,2022-02-07,9.14,29.349
Spain,2022-02-08,9.82,29.879
Spain,2022-02-09,9.07,29.940
Spain,2022-02-10,8.92,30.162
Spain,2022-02-11,10.14,29.739
Spain,2022-02-14,10.74,29.210
Spain,2022-02-15,8.91,29.970
Spain,2022-02-16,10.72,29.910
Spain,2022-02-17,11.49,29.558
Spain,2022-02-18,11.74,29.048
Spain,2022-02-21,11.04,28.764
Spain,2022-02-22,11.69,29.075
Spain,2022-02-23,11.21,29.082
Spain,2022-02-24,11.15,29.173
Spain,2022-02-25,10.29,29.238
Spain,2022-02-28,10.98,27.731
Spain,2022-03-01,10.72,28.722
Spain,2022-03-02,11.83,29.046
Spain,2022-03-03,9.94,29.353
Spain,2022-03-04,10.22,29.195
Spain,2022-03-07,8.71,28.999
Spain,2022-03-08,8.88,29.037
Spain,2022-03-09,9.50,28.701
Spain,2022-03-10,10.40,28.494
Spain,2022-03-11,10.73,28.741
Spain,2022-03-14,10.19,28.715
Spain,2022-03-15,13.28,28.727
Spain,2022-03-16,13.12,28.764
Spain,2022-03-17,12.39,28.359
Spain,2022-03-18,11.85,27.766
Spain,2022-03-21,11.59,27.390
Spain,2022-03-22,10.94,28.035
Spain,2022-03-23,10.31,28.257
Spain,2022-03-24,10.17,28.530
Spain,2022-03-25,11.55,27.992
Spain,2022-03-28,11.72,26.775
Spain,2022-03-29,12.07,27.533
Spain,2022-03-30,11.72,27.833
Spain,2022-03-31,11.03,27.790
Spain,2022-04-01,8.66,27.970
Spain,2022-04-04,6.98,29.281
Spain,2022-04-05,7.24,30.281
Spain,2022-04-06,10.28,29.377
Spain,2022-04-07,13.40,28.296
Spain,2022-04-08,13.65,27.774
Spain,2022-04-11,14.05,26.243
Spain,2022-04-12,12.59,27.040
Spain,2022-04-13,13.13,26.692
Spain,2022-04-14,15.69,22.775
Spain,2022-04-15,16.55,20.863
Spain,2022-04-18,17.39,22.424
Spain,2022-04-19,14.25,25.533
Spain,2022-04-20,11.02,27.169
Spain,2022-04-21,12.10,27.268
Spain,2022-04-22,11.59,27.306
Spain,2022-04-25,13.76,25.815
Spain,2022-04-26,14.88,26.727
Spain,2022-04-27,14.04,27.215
Spain,2022-04-28,14.29,27.106
Spain,2022-04-29,15.96,26.434
Spain,2022-05-02,15.07,23.921
Spain,2022-05-03,14.14,26.503
Spain,2022-05-04,15.13,26.840
Spain,2022-05-05,16.22,26.528
Spain,2022-05-06,16.36,25.950
Spain,2022-05-09,19.16,25.735
Spain,2022-05-10,20.37,26.658
Spain,2022-05-11,21.18,26.619
Spain,2022-05-12,20.65,26.818
Spain,2022-05-13,20.89,26.839
Spain,2022-05-16,20.37,25.907
Spain,2022-05-17,21.61,27.051
Spain,2022-05-18,23.25,27.691
Spain,2022-05-19,24.34,28.120
Spain,2022-05-20,24.72,28.051
Spain,2022-05-23,21.98,26.939
Spain,2022-05-24,18.88,27.187
Spain,2022-05-25,17.29,26.389
Spain,2022-05-26,19.41,26.612
Spain,2022-05-27,22.38,26.887
Spain,2022-05-30,20.72,26.465
Spain,2022-05-31,21.71,27.603
Spain,2022-06-01,22.75,27.706
Spain,2022-06-02,22.24,27.943
Spain,2022-06-03,22.58,27.881
Spain,2022-06-06,23.99,26.226
Spain,2022-06-07,24.78,28.170
Spain,2022-06-08,24.34,28.526
Spain,2022-06-09,24.85,28.728
Spain,2022-06-10,26.09,28.905
Spain,2022-06-13,28.61,29.552
Spain,2022-06-14,29.14,31.541
Spain,2022-06-15,29.44,32.329
Spain,2022-06-16,28.99,32.067
Spain,2022-06-17,29.63,31.915
Spain,2022-06-20,24.02,29.270
Spain,2022-06-21,23.17,29.669
Spain,2022-06-22,21.79,28.802
Spain,2022-06-23,21.97,27.807
Spain,2022-06-24,22.52,25.589
Spain,2022-06-27,22.68,26.769
Spain,2022-06-28,23.59,28.001
Spain,2022-06-29,24.93,28.322
Spain,2022-06-30,24.11,28.150
Spain,2022-07-01,23.93,27.834
Spain,2022-07-04,26.68,28.367
Spain,2022-07-05,26.95,29.739
Spain,2022-07-06,24.80,29.564
Spain,2022-07-07,25.22,29.144
Spain,2022-07-08,26.33,29.481
Spain,2022-07-11,29.25,30.671
Spain,2022-07-12,29.63,31.888
Spain,2022-07-13,30.77,32.543
Spain,2022-07-14,31.39,32.722
Spain,2022-07-15,31.15,32.473
Spain,2022-07-18,30.01,32.115
Spain,2022-07-19,28.59,31.958
Spain,2022-07-20,28.48,31.900
Spain,2022-07-21,29.13,32.364
Spain,2022-07-22,30.07,32.346
Spain,2022-07-25,29.93,30.397
Spain,2022-07-26,28.21,31.817
Spain,2022-07-27,27.42,31.257
Spain,2022-07-28,28.00,31.224
Spain,2022-07-29,28.51,30.890
Spain,2022-09-01,25.04,28.619
Spain,2022-09-02,25.03,28.654
Spain,2022-09-05,23.89,27.719
Spain,2022-09-06,24.47,28.327
Spain,2022-09-07,23.64,28.542
Spain,2022-09-08,24.07,27.962
Spain,2022-09-09,25.03,28.255
Spain,2022-09-12,26.16,29.067
Spain,2022-09-13,23.81,29.231
Spain,2022-09-14,21.55,28.141
Spain,2022-09-15,21.66,27.930
Spain,2022-09-16,21.75,27.762
Spain,2022-09-19,22.02,26.868
Spain,2022-09-20,22.10,27.627
Spain,2022-09-21,21.69,27.402
Spain,2022-09-22,21.85,27.376
Spain,2022-09-23,22.15,27.113
Spain,2022-09-26,17.85,25.062
Spain,2022-09-27,18.17,25.972
Spain,2022-09-28,19.18,26.087
Spain,2022-09-29,17.08,26.058
Spain,2022-09-30,15.93,25.382
Spain,2022-10-03,20.18,25.536
Spain,2022-10-04,21.64,26.369
Spain,2022-10-05,20.93,26.354
Spain,2022-10-06,20.97,26.726
Spain,2022-10-07,19.95,26.292
Spain,2022-10-10,18.45,25.487
Spain,2022-10-11,18.21,25.867
Spain,2022-10-12,18.26,21.992
Spain,2022-10-13,18.74,25.307
Spain,2022-10-14,19.37,25.785
Spain,2022-10-17,20.43,25.487
Spain,2022-10-18,20.99,26.375
Spain,2022-10-19,20.59,26.992
Spain,2022-10-20,19.18,27.106
Spain,2022-10-21,18.33,26.553
Spain,2022-10-24,17.74,25.436
Spain,2022-10-25,18.23,26.211
Spain,2022-10-26,18.57,26.408
Spain,2022-10-27,19.12,26.221
Spain,2022-10-28,18.62,25.747
Spain,2022-10-31,16.10,23.141
Spain,2022-11-01,16.72,21.198
Spain,2022-11-02,16.02,25.010
Spain,2022-11-03,16.00,25.920
Spain,2022-11-04,14.42,25.814
Spain,2022-11-07,13.18,25.184
Spain,2022-11-08,14.35,26.421
Spain,2022-11-09,15.22,26.117
Spain,2022-11-10,13.47,26.205
Spain,2022-11-11,13.26,26.366
Spain,2022-11-14,14.13,25.888
Spain,2022-11-15,15.60,26.779
Spain,2022-11-16,15.12,27.065
Spain,2022-11-17,16.69,27.058
Spain,2022-11-18,12.49,26.809
Spain,2022-11-21,12.69,27.277
Spain,2022-11-22,10.12,28.414
Spain,2022-11-23,14.79,27.937
Spain,2022-11-24,13.60,27.784
Spain,2022-11-25,12.61,27.069
Spain,2022-11-28,10.29,27.402
Spain,2022-11-29,9.00,28.391
Spain,2022-11-30,8.79,28.834
Spain,2022-12-01,8.89,29.053
Spain,2022-12-02,7.31,29.044
Spain,2022-12-05,8.29,28.025
Spain,2022-12-06,10.55,25.650
Spain,2022-12-07,9.65,27.541
Spain,2022-12-08,10.42,25.107
Spain,2022-12-09,11.32,26.555
Spain,2022-12-12,11.18,28.854
Spain,2022-12-13,14.06,29.232
Spain,2022-12-14,13.28,28.677
Spain,2022-12-15,11.53,28.283
Spain,2022-12-16,10.02,28.379
Spain,2022-12-19,8.55,28.244
Spain,2022-12-20,10.19,28.902
Spain,2022-12-21,12.13,28.229
Spain,2022-12-22,12.91,27.521
Spain,2022-12-23,13.14,26.141
Spain,2022-12-26,10.93,21.106
Spain,2022-12-27,9.55,23.985
Spain,2022-12-28,9.16,24.765
Spain,2022-12-29,10.60,25.169
Spain,2022-12-30,12.46,24.586
Spain,2023-01-02,10.22,24.361
Spain,2023-01-03,9.34,26.534
Spain,2023-01-04,7.77,27.047
Spain,2023-01-05,7.22,26.404
Spain,2023-01-06,6.06,22.598
Spain,2023-01-09,11.79,27.692
Spain,2023-01-10,8.13,28.827
Spain,2023-01-11,9.10,29.215
Spain,2023-01-12,7.42,29.268
Spain,2023-01-13,7.60,29.175
Spain,2023-01-16,8.38,29.965
Spain,2023-01-17,10.60,30.169
Spain,2023-01-18,6.23,30.878
Spain,2023-01-19,6.10,31.116
Spain,2023-01-20,9.78,29.976
Spain,2023-01-23,3.66,30.900
Spain,2023-01-24,3.51,32.503
Spain,2023-01-25,4.81,31.993
Spain,2023-01-26,5.41,32.232
Spain,2023-01-27,4.73,31.615
Spain,2023-01-30,3.76,31.173
Spain,2023-01-31,4.73,31.543
Spain,2023-02-01,6.04,31.432
Spain,2023-02-02,6.50,31.157
Spain,2023-02-03,7.01,30.433
Spain,2023-02-06,7.20,30.247
Spain,2023-02-07,6.37,31.936
Spain,2023-02-08,7.33,31.719
Spain,2023-02-09,7.33,31.273
Spain,2023-02-10,6.28,31.162
Spain,2023-02-13,6.71,30.050
Spain,2023-02-14,7.75,30.583
Spain,2023-02-15,8.62,30.132
Spain,2023-02-16,8.45,29.794
Spain,2023-02-17,8.92,29.285
Spain,2023-02-20,11.86,27.694
Spain,2023-02-21,11.30,28.327
Spain,2023-02-22,11.14,28.355
Spain,2023-02-23,8.98,29.136
Spain,2023-02-24,6.97,29.030
Spain,2023-02-27,4.47,29.961
Spain,2023-02-28,5.09,30.253
Spain,2023-03-01,4.19,31.045
Spain,2023-03-02,5.39,31.048
Spain,2023-03-03,6.58,30.286
Spain,2023-03-06,9.72,29.042
Spain,2023-03-07,12.05,28.908
Spain,2023-03-08,14.59,28.458
Spain,2023-03-09,15.41,28.182
Spain,2023-03-10,15.27,27.000
Spain,2023-03-13,15.88,25.924
Spain,2023-03-14,14.03,26.396
Spain,2023-03-15,12.97,26.472
Spain,2023-03-16,14.25,26.486
Spain,2023-03-17,13.91,26.382
Spain,2023-03-20,13.32,25.138
Spain,2023-03-21,14.00,26.194
Spain,2023-03-22,14.48,25.969
Spain,2023-03-23,15.63,25.971
Spain,2023-03-24,15.52,26.123
Spain,2023-03-27,14.47,25.195
Spain,2023-03-28,14.52,25.768
Spain,2023-03-29,16.30,25.564
Spain,2023-03-30,17.25,25.209
Spain,2023-03-31,17.40,25.082
Spain,2023-04-03,13.18,23.970
Spain,2023-04-04,13.66,24.607
Spain,2023-04-05,13.43,24.158
Spain,2023-04-06,14.76,21.236
Spain,2023-04-07,15.57,19.293
Spain,2023-04-10,18.46,21.131
Spain,2023-04-11,17.93,23.885
Spain,2023-04-12,17.35,24.877
Spain,2023-04-13,13.64,24.737
Spain,2023-04-14,15.50,24.932
Spain,2023-04-17,16.29,23.890
Spain,2023-04-18,15.92,24.736
Spain,2023-04-19,16.65,24.746
Spain,2023-04-20,18.21,24.815
Spain,2023-04-21,18.44,24.502
Spain,2023-04-24,18.37,23.977
Spain,2023-04-25,20.11,25.006
Spain,2023-04-26,20.76,25.255
Spain,2023-04-27,21.70,25.639
Spain,2023-04-28,22.33,25.247
Spain,2023-05-01,19.10,19.468
Spain,2023-05-02,20.16,23.667
Spain,2023-05-03,20.96,24.990
Spain,2023-05-04,20.07,25.092
Spain,2023-05-05,19.91,25.059
Spain,2023-05-08,21.26,24.534
Spain,2023-05-09,22.07,25.510
Spain,2023-05-10,19.32,25.181
Spain,2023-05-11,17.41,24.872
Spain,2023-05-12,15.54,24.467
Spain,2023-05-15,17.27,23.606
Spain,2023-05-16,17.36,24.623
Spain,2023-05-17,16.91,24.396
Spain,2023-05-18,16.36,24.536
Spain,2023-05-19,16.22,24.347
Spain,2023-05-22,17.96,24.267
Spain,2023-05-23,17.58,24.867
Spain,2023-05-24,18.21,24.698
Spain,2023-05-25,17.82,24.699
Spain,2023-05-26,17.42,24.120
Spain,2023-05-29,18.07,23.482
Spain,2023-05-30,18.31,24.497
Spain,2023-05-31,19.03,24.639
Spain,2023-06-01,18.60,25.270
Spain,2023-06-02,18.33,25.185
Spain,2023-06-05,20.55,24.554
Spain,2023-06-06,21.88,25.629
Spain,2023-06-07,20.19,26.410
Spain,2023-06-08,19.98,26.166
Spain,2023-06-09,21.06,25.649
Spain,2023-06-12,21.49,25.458
Spain,2023-06-13,20.82,26.165
Spain,2023-06-14,21.97,26.363
Spain,2023-06-15,24.12,26.842
Spain,2023-06-16,25.58,27.184
Spain,2023-06-19,24.09,26.605
Spain,2023-06-20,23.87,27.477
Spain,2023-06-21,23.29,27.829
Spain,2023-06-22,23.54,27.549
Spain,2023-06-23,25.68,27.448
Spain,2023-06-26,28.94,29.506
Spain,2023-06-27,28.14,30.369
Spain,2023-06-28,27.86,30.485
Spain,2023-06-29,27.05,30.233
Spain,2023-06-30,23.70,28.492
Spain,2023-07-03,27.06,28.906
Spain,2023-07-04,26.72,29.343
Spain,2023-07-05,25.84,29.530
Spain,2023-07-06,26.25,29.677
Spain,2023-07-07,26.04,29.275
Spain,2023-07-10,28.94,30.288
Spain,2023-07-11,29.99,32.058
Spain,2023-07-12,27.77,31.783
Spain,2023-07-13,27.98,31.185
Spain,2023-07-14,28.70,31.249
Spain,2023-07-17,28.58,30.366
Spain,2023-07-18,30.78,32.411
Spain,2023-07-19,30.42,32.756
Spain,2023-07-20,28.58,31.968
Spain,2023-07-21,26.81,30.229
Spain,2023-07-24,27.27,29.014
Spain,2023-07-25,25.41,27.791
Spain,2023-07-26,25.32,28.468
Spain,2023-07-27,26.59,29.068
Spain,2023-07-28,26.73,28.648
Spain,2023-07-31,28.69,28.376
Spain,2023-09-01,24.90,27.441
Spain,2023-09-04,22.46,26.364
Spain,2023-09-05,22.77,27.231
Spain,2023-09-06,23.10,27.743
Spain,2023-09-07,23.41,28.013
Spain,2023-09-08,23.11,27.109
Spain,2023-09-11,21.99,25.933
Spain,2023-09-12,21.70,27.376
Spain,2023-09-13,21.99,27.357
Spain,2023-09-14,22.19,27.699
Spain,2023-09-15,20.96,27.350
Spain,2023-09-18,20.11,25.619
Spain,2023-09-19,19.62,26.411
Spain,2023-09-20,19.77,26.118
Spain,2023-09-21,19.04,26.021
Spain,2023-09-22,18.47,25.266
Spain,2023-09-25,20.27,24.857
Spain,2023-09-26,20.90,26.116
Spain,2023-09-27,21.39,26.517
Spain,2023-09-28,21.97,26.712
Spain,2023-09-29,23.02,26.602
Spain,2023-10-02,22.67,26.216
Spain,2023-10-03,22.44,26.900
Spain,2023-10-04,22.75,26.984
Spain,2023-10-05,22.84,26.955
Spain,2023-10-06,22.61,27.091
Spain,2023-10-09,21.70,25.500
Spain,2023-10-10,20.81,26.314
Spain,2023-10-11,20.16,26.076
Spain,2023-10-12,20.41,21.977
Spain,2023-10-13,20.47,23.451
Spain,2023-10-16,19.13,25.306
Spain,2023-10-17,20.04,26.433
Spain,2023-10-18,20.06,26.520
Spain,2023-10-19,18.42,26.932
Spain,2023-10-20,15.81,25.639
Spain,2023-10-23,15.77,25.436
Spain,2023-10-24,14.58,25.689
Spain,2023-10-25,17.05,26.285
Spain,2023-10-26,18.80,26.878
Spain,2023-10-27,15.82,26.310
Spain,2023-10-30,14.89,25.599
Spain,2023-10-31,12.78,26.408
Spain,2023-11-01,13.96,22.948
Spain,2023-11-02,16.14,26.341
Spain,2023-11-03,12.22,26.664
Spain,2023-11-06,11.67,26.263
Spain,2023-11-07,9.74,27.182
Spain,2023-11-08,10.31,27.789
Spain,2023-11-09,12.91,27.432
Spain,2023-11-10,13.37,27.244
Spain,2023-11-13,17.06,26.219
Spain,2023-11-14,16.16,26.643
Spain,2023-11-15,14.32,27.010
Spain,2023-11-16,14.88,27.177
Spain,2023-11-17,14.23,26.655
Spain,2023-11-20,12.12,26.264
Spain,2023-11-21,11.77,26.962
Spain,2023-11-22,11.50,27.484
Spain,2023-11-23,9.46,27.871
Spain,2023-11-24,9.56,27.945
Spain,2023-11-27,9.73,28.185
Spain,2023-11-28,11.75,28.930
Spain,2023-11-29,13.87,28.810
Spain,2023-11-30,15.28,28.477
Spain,2023-12-01,12.16,28.253
Spain,2023-12-04,8.75,29.115
Spain,2023-12-05,7.97,29.557
Spain,2023-12-06,8.17,26.408
Spain,2023-12-07,8.35,27.381
Spain,2023-12-08,11.10,24.761
Spain,2023-12-11,12.80,27.810
Spain,2023-12-12,12.74,28.657
Spain,2023-12-13,12.46,28.900
Spain,2023-12-14,9.22,29.033
Spain,2023-12-15,9.81,29.065
Spain,2023-12-18,5.66,29.789
Spain,2023-12-19,5.89,30.236
Spain,2023-12-20,7.02,30.452
Spain,2023-12-21,8.22,29.533
Spain,2023-12-22,8.97,28.073
Spain,2023-12-25,5.57,21.517
Spain,2023-12-26,4.75,25.627
Spain,2023-12-27,5.01,27.297
Spain,2023-12-28,4.51,27.762
Spain,2023-12-29,5.57,27.344
Spain,2024-01-01,7.52,21.473
Spain,2024-01-02,8.03,27.230
Spain,2024-01-03,12.70,28.211
Spain,2024-01-04,11.09,28.488
Spain,2024-01-05,9.01,27.141
Spain,2024-01-08,4.64,30.622
Spain,2024-01-09,5.94,32.038
Spain,2024-01-10,6.90,32.224
Spain,2024-01-11,5.87,31.675
Spain,2024-01-12,4.96,31.640
Spain,2024-01-15,12.04,30.230
Spain,2024-01-16,13.18,30.258
Spain,2024-01-17,13.05,29.684
Spain,2024-01-18,13.75,29.230
Spain,2024-01-19,9.07,30.412
Spain,2024-01-22,6.71,29.473
Spain,2024-01-23,8.94,29.693
Spain,2024-01-24,10.46,29.218
Spain,2024-01-25,10.79,28.938
Spain,2024-01-26,11.58,28.520
Spain,2024-01-29,10.34,28.051
Spain,2024-01-30,9.75,28.962
Spain,2024-01-31,8.37,29.135
Spain,2024-02-01,9.83,28.588
Spain,2024-02-02,9.82,28.205
Spain,2024-02-05,8.95,28.285
Spain,2024-02-06,9.92,28.867
Spain,2024-02-07,10.47,29.226
Spain,2024-02-08,11.85,29.560
Spain,2024-02-09,11.84,29.512
Spain,2024-02-12,11.79,27.873
Spain,2024-02-13,12.41,27.886
Spain,2024-02-14,12.67,28.071
Spain,2024-02-15,12.33,28.528
Spain,2024-02-16,12.20,27.960
Spain,2024-02-19,12.10,26.716
Spain,2024-02-20,11.46,27.319
Spain,2024-02-21,10.63,28.032
Spain,2024-02-22,12.82,28.189
Spain,2024-02-23,9.44,27.892
Spain,2024-02-26,11.17,28.381
Spain,2024-02-27,8.88,28.874
Spain,2024-02-28,9.38,28.239
Spain,2024-02-29,9.36,28.423
Spain,2024-03-01,9.81,28.195
Spain,2024-03-04,10.02,28.879
Spain,2024-03-05,9.74,28.288
Spain,2024-03-06,8.88,28.597
Spain,2024-03-07,9.76,29.073
Spain,2024-03-08,9.48,28.979
Spain,2024-03-11,10.70,27.876
Spain,2024-03-12,10.14,27.946
Spain,2024-03-13,11.04,28.003
Spain,2024-03-14,11.88,28.029
Spain,2024-03-15,12.94,27.365
Spain,2024-03-18,15.15,25.610
Spain,2024-03-19,16.07,25.447
Spain,2024-03-20,15.32,26.274
Spain,2024-03-21,16.03,26.536
Spain,2024-03-22,17.54,26.427
Spain,2024-03-25,13.10,26.699
Spain,2024-03-26,10.17,27.248
Spain,2024-03-27,10.66,26.889
Spain,2024-03-28,13.79,23.692
Spain,2024-03-29,12.08,22.045
Spain,2024-04-01,10.55,23.197
Spain,2024-04-02,11.14,26.915
Spain,2024-04-03,13.82,26.724
Spain,2024-04-04,14.45,26.152
Spain,2024-04-05,15.51,25.696
Spain,2024-04-08,15.45,25.179
Spain,2024-04-09,12.36,25.284
Spain,2024-04-10,12.81,25.649
Spain,2024-04-11,15.97,25.589
Spain,2024-04-12,16.85,25.584
Spain,2024-04-15,19.22,25.032
Spain,2024-04-16,17.62,25.647
Spain,2024-04-17,15.42,25.353
Spain,2024-04-18,14.83,25.516
Spain,2024-04-19,14.50,25.775
Spain,2024-04-22,13.48,24.868
Spain,2024-04-23,11.58,25.813
Spain,2024-04-24,12.25,26.147
Spain,2024-04-25,13.76,26.918
Spain,2024-04-26,13.63,26.336
Spain,2024-04-29,13.18,26.188
Spain,2024-04-30,14.11,25.859
Spain,2024-05-01,13.23,21.735
Spain,2024-05-02,12.49,24.528
Spain,2024-05-03,14.13,25.268
Spain,2024-05-06,17.00,25.191
Spain,2024-05-07,16.36,25.280
Spain,2024-05-08,17.54,25.732
Spain,2024-05-09,18.93,25.759
Spain,2024-05-10,20.47,25.269
Spain,2024-05-13,20.22,25.180
Spain,2024-05-14,17.37,25.909
Spain,2024-05-15,15.37,25.512
Spain,2024-05-16,15.24,25.783
Spain,2024-05-17,16.38,25.434
Spain,2024-05-20,16.35,24.687
Spain,2024-05-21,16.33,25.432
Spain,2024-05-22,16.95,25.647
Spain,2024-05-23,18.05,25.639
Spain,2024-05-24,19.31,25.471
Spain,2024-05-27,21.79,25.465
Spain,2024-05-28,22.17,26.300
Spain,2024-05-29,24.07,26.904
Spain,2024-05-30,24.24,26.867
Spain,2024-05-31,21.76,26.594
Spain,2024-06-03,21.62,25.937
Spain,2024-06-04,23.02,26.477
Spain,2024-06-05,24.70,27.124
Spain,2024-06-06,26.31,27.692
Spain,2024-06-07,25.62,27.639
Spain,2024-06-10,18.87,25.830
Spain,2024-06-11,18.69,26.188
Spain,2024-06-12,18.44,25.977
Spain,2024-06-13,19.40,25.355
Spain,2024-06-14,22.60,26.266
Spain,2024-06-17,23.21,26.412
Spain,2024-06-18,22.34,27.249
Spain,2024-06-19,20.56,26.850
Spain,2024-06-20,19.62,26.476
Spain,2024-06-21,20.93,25.911
Spain,2024-06-24,24.26,25.236
Spain,2024-06-25,25.62,28.021
Spain,2024-06-26,24.66,28.298
Spain,2024-06-27,25.16,28.235
Spain,2024-06-28,24.19,27.956
Spain,2024-07-01,22.28,26.401
Spain,2024-07-02,22.54,27.287
Spain,2024-07-03,24.29,28.126
Spain,2024-07-04,26.53,29.120
Spain,2024-07-05,27.04,29.336
Spain,2024-07-08,25.09,27.405
Spain,2024-07-09,25.66,28.670
Spain,2024-07-10,26.94,29.731
Spain,2024-07-11,28.57,30.704
Spain,2024-07-12,26.84,30.276
Spain,2024-07-15,26.23,29.061
Spain,2024-07-16,25.96,29.755
Spain,2024-07-17,26.66,30.155
Spain,2024-07-18,28.30,30.989
Spain,2024-07-19,29.66,31.187
Spain,2024-07-22,26.07,28.929
Spain,2024-07-23,28.72,30.589
Spain,2024-07-24,30.32,31.489
Spain,2024-07-25,29.72,30.162
Spain,2024-07-26,28.82,30.187
Spain,2024-07-29,29.60,31.043
Spain,2024-07-30,30.46,31.968
Spain,2024-07-31,30.60,31.617
Spain,2024-09-02,24.88,28.968
Spain,2024-09-03,23.70,29.081
Spain,2024-09-04,21.39,27.983
Spain,2024-09-05,20.74,27.573
Spain,2024-09-06,21.75,27.542
Spain,2024-09-09,21.72,26.337
Spain,2024-09-10,22.24,27.307
Spain,2024-09-11,21.90,26.778
Spain,2024-09-12,21.91,27.584
Spain,2024-09-13,19.10,26.502
Spain,2024-09-16,21.61,26.333
Spain,2024-09-17,20.54,26.947
Spain,2024-09-18,20.49,27.106
Spain,2024-09-19,19.41,27.151
Spain,2024-09-20,18.93,26.736
Spain,2024-09-23,19.16,25.477
Spain,2024-09-24,18.64,25.976
Spain,2024-09-25,19.71,27.068
Spain,2024-09-26,21.69,27.688
Spain,2024-09-27,19.24,26.573
Spain,2024-09-30,20.04,25.495
Spain,2024-10-01,20.70,26.667
Spain,2024-10-02,21.43,27.378
Spain,2024-10-03,19.91,26.991
Spain,2024-10-04,18.42,26.325
Spain,2024-10-07,19.52,26.946
Spain,2024-10-08,17.80,26.759
Spain,2024-10-09,18.87,26.666
Spain,2024-10-10,17.13,26.192
Spain,2024-10-11,15.80,25.958
Spain,2024-10-14,18.62,26.085
Spain,2024-10-15,18.63,26.976
Spain,2024-10-16,18.80,27.002
Spain,2024-10-17,15.92,26.596
Spain,2024-10-18,14.47,26.030
Spain,2024-10-21,16.96,25.274
Spain,2024-10-22,17.10,26.296
Spain,2024-10-23,16.43,26.189
Spain,2024-10-24,16.48,26.180
Spain,2024-10-25,15.72,26.507
Spain,2024-10-28,14.64,26.179
Spain,2024-10-29,15.93,27.490
Spain,2024-10-30,16.12,26.904
Spain,2024-10-31,16.16,26.090
Spain,2024-11-01,15.62,22.427
Spain,2024-11-04,15.38,25.302
Spain,2024-11-05,15.52,26.336
Spain,2024-11-06,15.29,26.395
Spain,2024-11-07,14.71,26.452
Spain,2024-11-08,13.74,26.527
Spain,2024-11-11,13.41,25.927
Spain,2024-11-12,11.27,27.240
Spain,2024-11-13,9.45,28.509
Spain,2024-11-14,12.48,27.890
Spain,2024-11-15,13.62,27.693
Spain,2024-11-18,12.96,26.741
Spain,2024-11-19,12.70,27.366
Spain,2024-11-20,13.89,27.519
Spain,2024-11-21,12.83,28.245
Spain,2024-11-22,13.35,27.890
Spain,2024-11-25,14.87,27.373
Spain,2024-11-26,10.58,28.232
Spain,2024-11-27,9.52,28.455
Spain,2024-11-28,9.22,28.691
Spain,2024-11-29,10.03,28.144
Spain,2024-12-02,11.60,27.637
Spain,2024-12-03,11.25,28.391
Spain,2024-12-04,11.60,28.577
Spain,2024-12-05,9.74,28.559
Spain,2024-12-06,11.76,24.673
Spain,2024-12-09,7.40,28.501
Spain,2024-12-10,6.40,30.746
Spain,2024-12-11,6.61,31.937
Spain,2024-12-12,6.98,31.398
Spain,2024-12-13,7.42,30.886
Spain,2024-12-16,6.06,30.537
Spain,2024-12-17,5.72,31.204
Spain,2024-12-18,7.30,30.617
Spain,2024-12-19,11.50,30.157
Spain,2024-12-20,7.80,29.177
Spain,2024-12-23,8.84,26.881
Spain,2024-12-24,8.46,25.068
Spain,2024-12-25,9.91,21.396
Spain,2024-12-26,9.17,25.111
Spain,2024-12-27,8.17,26.328
Spain,2024-12-30,5.29,26.999
Spain,2024-12-31,5.22,26.020
Spain,2025-01-01,5.26,22.697
Spain,2025-01-02,5.18,27.696
Spain,2025-01-03,6.42,28.657
Spain,2025-01-06,10.73,23.578
Spain,2025-01-07,7.93,29.510
Spain,2025-01-08,10.75,30.681
Spain,2025-01-09,12.66,29.951
Spain,2025-01-10,11.10,29.684
Spain,2025-01-13,5.81,30.222
Spain,2025-01-14,4.25,31.989
Spain,2025-01-15,3.45,32.495
Spain,2025-01-16,5.17,32.805
Spain,2025-01-17,7.10,32.264
Spain,2025-01-20,6.90,32.052
Spain,2025-01-21,9.08,32.130
Spain,2025-01-22,11.05,30.955
Spain,2025-01-23,11.99,30.051
Spain,2025-01-24,11.85,29.769
Spain,2025-01-27,14.52,29.573
Spain,2025-01-28,10.24,30.569
Spain,2025-01-29,8.74,31.777
Spain,2025-01-30,8.64,31.178
Spain,2025-01-31,7.35,30.345
Spain,2025-02-03,7.91,30.351
Spain,2025-02-04,7.46,30.771
Spain,2025-02-05,7.74,30.795
Spain,2025-02-06,7.19,31.086
Spain,2025-02-07,6.92,31.361
Spain,2025-02-10,9.49,29.921
Spain,2025-02-11,10.44,30.188
Spain,2025-02-12,10.40,30.332
Spain,2025-02-13,10.04,29.545
Spain,2025-02-14,10.52,28.780
Spain,2025-02-17,10.48,28.094
Spain,2025-02-18,11.00,29.141
Spain,2025-02-19,11.76,28.723
Spain,2025-02-20,11.65,28.724
Spain,2025-02-21,12.21,29.002
Spain,2025-02-24,10.39,28.230
Spain,2025-02-25,11.41,29.455
Spain,2025-02-26,9.04,28.636
Spain,2025-02-27,9.21,29.333
Spain,2025-02-28,10.13,28.608
Spain,2025-03-03,9.51,29.527
Spain,2025-03-04,11.52,29.235
Spain,2025-03-05,11.46,29.540
Spain,2025-03-06,11.72,29.472
Spain,2025-03-07,11.50,29.591
Spain,2025-03-10,9.34,28.943
Spain,2025-03-11,10.50,29.590
Spain,2025-03-12,10.48,29.118
Spain,2025-03-13,9.35,30.083
Spain,2025-03-14,8.05,29.951
Spain,2025-03-17,7.77,29.927
Spain,2025-03-18,9.72,30.113
Spain,2025-03-19,12.21,28.503
Spain,2025-03-20,13.11,28.746
Spain,2025-03-21,12.26,28.609
Spain,2025-03-24,9.17,28.885
Spain,2025-03-25,10.82,28.721
Spain,2025-03-26,10.91,28.011
Spain,2025-03-27,10.86,27.644
Spain,2025-03-28,11.80,26.679
Spain,2025-03-31,13.89,25.696
Spain,2025-04-01,13.92,26.140
Spain,2025-04-02,13.58,27.455
Spain,2025-04-03,12.17,28.009
Spain,2025-04-04,13.54,27.579
Spain,2025-04-07,15.05,25.567
Spain,2025-04-08,15.71,25.841
Spain,2025-04-09,15.76,25.843
Spain,2025-04-10,15.81,25.969
Spain,2025-04-11,14.05,26.624
Spain,2025-04-14,14.07,25.494
Spain,2025-04-15,11.97,26.212
Spain,2025-04-16,10.35,25.702
Spain,2025-04-17,12.97,22.706
Spain,2025-04-18,14.13,21.109
Spain,2025-04-21,13.62,23.090
Spain,2025-04-22,14.52,25.870
Spain,2025-04-23,14.93,25.207
Spain,2025-04-24,16.84,25.276
Spain,2025-04-25,17.72,25.508
Spain,2025-04-28,16.72,23.115
Spain,2025-04-30,16.16,24.644
Spain,2025-05-01,16.98,20.531
Spain,2025-05-02,16.51,22.386
Spain,2025-05-05,14.94,24.745
Spain,2025-05-06,13.41,25.044
Spain,2025-05-07,13.93,25.327
Spain,2025-05-08,14.25,26.082
Spain,2025-05-09,14.71,25.797
Spain,2025-05-12,14.92,24.543
Spain,2025-05-13,15.72,25.565
Spain,2025-05-14,16.02,26.031
Spain,2025-05-15,16.21,25.396
Spain,2025-05-16,17.69,24.806
Spain,2025-05-19,18.88,24.958
Spain,2025-05-20,19.41,25.082
Spain,2025-05-21,20.41,25.633
Spain,2025-05-22,19.94,25.582
Spain,2025-05-23,18.43,25.233
Spain,2025-05-26,22.60,25.104
Spain,2025-05-27,23.00,25.991
Spain,2025-05-28,24.69,26.773
Spain,2025-05-29,25.88,27.574
Spain,2025-05-30,26.75,28.078
Spain,2025-06-02,24.22,27.490
Spain,2025-06-03,21.75,27.436
Spain,2025-06-04,21.45,27.009
Spain,2025-06-05,22.59,27.153
Spain,2025-06-06,24.21,27.348
Spain,2025-06-09,26.06,27.689
Spain,2025-06-10,27.00,29.363
Spain,2025-06-11,24.62,29.088
Spain,2025-06-12,23.47,28.496
Spain,2025-06-13,25.04,28.845
Spain,2025-06-16,27.08,29.461
Spain,2025-06-17,28.53,30.931
Spain,2025-06-18,28.46,31.219
Spain,2025-06-19,28.82,31.274
Spain,2025-06-20,29.43,31.204
Spain,2025-06-23,28.84,29.883
Spain,2025-06-24,28.64,29.337
Spain,2025-06-25,25.90,30.148
Spain,2025-06-26,26.66,30.691
Spain,2025-06-27,28.82,31.568
Spain,2025-06-30,31.60,32.796
Spain,2025-07-01,31.09,33.579
Spain,2025-07-02,30.42,33.709
Spain,2025-07-03,29.58,33.361
Spain,2025-07-04,29.08,32.722
Spain,2025-07-07,27.25,31.052
Spain,2025-07-08,25.36,30.635
Spain,2025-07-09,27.63,31.546
Spain,2025-07-10,27.95,31.413
Spain,2025-07-11,26.45,30.496
Spain,2025-07-14,27.47,29.510
Spain,2025-07-15,28.47,30.789
Spain,2025-07-16,29.41,31.752
Spain,2025-07-17,30.46,32.801
Spain,2025-07-18,28.51,31.768
Spain,2025-07-21,25.63,29.094
Spain,2025-07-22,26.52,29.822
Spain,2025-07-23,26.69,30.511
Spain,2025-07-24,23.49,28.744
Spain,2025-07-25,23.36,26.533
Spain,2025-07-28,26.22,28.179
Spain,2025-07-29,24.16,28.186
Spain,2025-07-30,25.34,28.543
Spain,2025-07-31,26.67,28.593
Spain,2025-09-01,21.99,26.395
Spain,2025-09-02,22.08,27.053
Spain,2025-09-03,24.07,27.947
Spain,2025-09-04,25.04,28.524
Spain,2025-09-05,24.23,28.228
Spain,2025-09-08,24.34,28.305
Spain,2025-09-09,22.18,28.018
Spain,2025-09-10,22.45,27.635
Spain,2025-09-11,23.24,27.177
Spain,2025-09-12,24.15,27.821
Spain,2025-09-15,25.31,28.613
Spain,2025-09-16,25.57,29.682
Spain,2025-09-17,26.14,30.176
Spain,2025-09-18,26.40,30.212
Spain,2025-09-19,26.37,29.822
Spain,2025-09-22,17.99,25.503
Spain,2025-09-23,17.52,25.947
Spain,2025-09-24,16.95,25.849
Spain,2025-09-25,18.15,26.551
Spain,2025-09-26,19.05,26.478
Spain,2025-09-29,19.39,25.616
Spain,2025-09-30,19.42,26.360
Spain,2025-10-01,20.50,26.360
Spain,2025-10-02,20.98,26.670
Spain,2025-10-03,21.08,26.876
Spain,2025-10-06,18.75,25.980
Spain,2025-10-07,20.18,26.607
Spain,2025-10-08,20.86,26.821
Spain,2025-10-09,19.85,26.127
Spain,2025-10-10,18.76,25.696
Spain,2025-10-13,18.96,25.139
Spain,2025-10-14,18.84,26.754
Spain,2025-10-15,19.12,26.709
Spain,2025-10-16,18.71,27.005
Spain,2025-10-17,18.38,26.634
Spain,2025-10-20,19.60,25.739
Spain,2025-10-21,19.01,26.526
Spain,2025-10-22,20.17,26.681
Spain,2025-10-23,21.01,26.440
Spain,2025-10-24,18.26,26.520
Spain,2025-10-27,13.22,25.706
Spain,2025-10-28,13.89,26.731
Spain,2025-10-29,14.50,27.193
Spain,2025-10-30,15.77,26.774
Spain,2025-10-31,15.33,26.314
Spain,2025-11-03,13.66,25.919
Spain,2025-11-04,13.43,26.817
Spain,2025-11-05,14.93,27.187
Spain,2025-11-06,13.43,26.771
Spain,2025-11-07,12.26,27.429
Spain,2025-11-10,10.84,27.173
Spain,2025-11-11,11.92,27.914
Spain,2025-11-12,13.84,27.547
Spain,2025-11-13,14.93,28.328
Spain,2025-11-14,15.03,28.012
Spain,2025-11-17,12.07,27.513
Spain,2025-11-18,10.74,28.191
Spain,2025-11-19,8.26,29.124
Spain,2025-11-20,7.55,29.757
Spain,2025-11-21,7.14,30.229
Spain,2025-11-24,12.22,29.826
Spain,2025-11-25,10.89,30.156
Spain,2025-11-26,8.28,30.778
Spain,2025-11-27,7.29,31.177
Spain,2025-11-28,7.74,30.987
Spain,2025-12-01,7.69,30.846
Spain,2025-12-02,7.83,31.486
Spain,2025-12-03,7.75,31.313
Spain,2025-12-04,8.59,32.209
Spain,2025-12-05,9.85,30.798
Spain,2025-12-08,10.09,25.454
Spain,2025-12-09,9.33,29.845
Spain,2025-12-10,10.60,31.201
Spain,2025-12-11,9.80,30.845
Spain,2025-12-12,9.74,30.860
Spain,2025-12-15,9.92,30.292
Spain,2025-12-16,9.71,31.365
Spain,2025-12-17,10.73,30.638
Spain,2025-12-18,9.56,30.396
Spain,2025-12-19,9.60,30.520
Spain,2025-12-22,5.40,29.701
Spain,2025-12-23,6.21,30.119
Spain,2025-12-24,6.89,26.396
Spain,2025-12-25,6.18,23.672
Spain,2025-12-26,7.10,26.770
Spain,2025-12-29,8.60,28.026
Spain,2025-12-30,7.23,28.300
Spain,2025-12-31,5.95,26.648
Spain,2026-01-01,4.44,23.719
Spain,2026-01-02,7.19,27.613
Spain,2026-01-05,4.75,28.380
Spain,2026-01-06,2.76,26.014
Spain,2026-01-07,3.10,32.939
Spain,2026-01-08,6.11,33.141
Spain,2026-01-09,9.90,32.037
Spain,2026-01-12,7.27,31.787
Spain,2026-01-13,8.28,32.351
Spain,2026-01-14,9.03,32.236
Spain,2026-01-15,7.17,32.359
Spain,2026-01-16,8.33,32.238
Spain,2026-01-19,7.07,32.213
Spain,2026-01-20,6.97,32.983
Spain,2026-01-21,7.55,33.080
Spain,2026-01-22,8.59,31.967
Spain,2026-01-23,7.83,31.619
Spain,2026-01-26,9.67,32.008
Spain,2026-01-27,10.54,32.394
Spain,2026-01-28,7.42,32.607
Spain,2026-01-29,10.62,31.867
Spain,2026-01-30,10.42,30.709
Spain,2026-02-02,9.56,31.179
Spain,2026-02-03,8.03,31.867
Spain,2026-02-04,8.36,32.299
Spain,2026-02-05,11.23,31.021
Spain,2026-02-06,10.52,30.239
Spain,2026-02-09,10.39,30.283
Spain,2026-02-10,14.17,30.378
Spain,2026-02-11,14.96,29.823
Spain,2026-02-12,13.13,28.150
Spain,2026-02-13,10.77,29.862
Spain,2026-02-16,12.56,28.778
Spain,2026-02-17,13.06,28.572
Spain,2026-02-18,11.37,29.303
Spain,2026-02-19,10.57,28.634
Spain,2026-02-20,9.68,29.203
Spain,2026-02-23,11.86,28.134
Spain,2026-02-24,12.37,28.504
Spain,2026-02-25,12.11,28.527
Spain,2026-02-26,12.35,28.006
Spain,2026-02-27,11.77,28.135
Spain,2026-03-02,10.86,28.341
Spain,2026-03-03,12.68,29.326
Spain,2026-03-04,12.79,29.413
Spain,2026-03-05,12.37,29.965
Spain,2026-03-06,10.68,30.177
Spain,2026-03-09,9.52,29.308
Spain,2026-03-10,9.02,30.349
Spain,2026-03-11,11.06,29.460
Spain,2026-03-12,11.82,28.502
Spain,2026-03-13,12.15,27.955
Spain,2026-03-16,11.17,26.149
Spain,2026-03-17,12.88,24.791
Spain,2026-03-18,12.67,27.724
Spain,2026-03-19,12.96,26.298
Spain,2026-03-20,11.14,27.517
Spain,2026-03-23,12.31,27.141
Spain,2026-03-24,12.70,27.873
Spain,2026-03-25,14.02,27.263
Spain,2026-03-26,12.10,27.144
Spain,2026-03-27,11.86,27.244
Spain,2026-03-30,11.48,26.742
Spain,2026-03-31,14.41,26.523
Spain,2026-04-01,14.22,26.187
Spain,2026-04-02,13.60,23.364
Spain,2026-04-03,13.94,21.243
Spain,2026-04-06,18.06,22.139
Spain,2026-04-07,16.19,25.737
Spain,2026-04-08,14.67,27.040
Spain,2026-04-09,16.68,26.819
Spain,2026-04-10,19.28,26.561
Spain,2026-04-13,11.61,25.713
Spain,2026-04-14,14.08,26.336
Spain,2026-04-15,16.28,26.170
Spain,2026-04-16,18.03,26.344
Spain,2026-04-17,18.83,26.339
Spain,2026-04-20,20.43,25.730
Spain,2026-04-21,19.66,26.404
Spain,2026-04-22,19.30,26.094
Spain,2026-04-23,18.95,25.625
Spain,2026-04-24,17.50,26.097
Spain,2026-04-27,20.16,25.390
Spain,2026-04-28,19.20,26.225
Spain,2026-04-29,17.35,26.774
Spain,2026-04-30,17.10,26.112
Spain,2026-05-01,18.05,21.528
Spain,2026-05-04,16.24,25.434
Spain,2026-05-05,15.61,26.044
Spain,2026-05-06,15.37,26.079
Spain,2026-05-07,15.06,26.450
Spain,2026-05-08,14.97,26.258
Spain,2026-05-11,15.94,25.392
Spain,2026-05-12,15.37,26.317
Spain,2026-05-13,15.99,25.940
Spain,2026-05-14,16.84,25.815
Spain,2026-05-15,14.63,25.762
Spain,2026-05-18,17.79,25.609
Spain,2026-05-19,20.24,25.988
Spain,2026-05-20,22.27,26.452
Spain,2026-05-21,24.02,26.468
Spain,2026-05-22,24.68,26.637
Spain,2026-05-25,24.41,26.381
Spain,2026-05-26,24.63,27.600
Spain,2026-05-27,26.05,28.214
Spain,2026-05-28,26.94,28.721
Spain,2026-05-29,27.56,28.873
Spain,2026-06-01,26.39,28.641
Spain,2026-06-02,25.43,29.231
Spain,2026-06-03,23.79,28.491
Spain,2026-06-04,23.81,28.687
Spain,2026-06-05,21.06,27.669
Spain,2026-06-08,25.29,27.904
Spain,2026-06-09,24.56,28.109
Spain,2026-06-10,22.85,27.983
Spain,2026-06-11,23.39,27.792
Spain,2026-06-12,25.35,28.099
Spain,2026-06-15,24.65,28.992
Spain,2026-06-16,26.22,30.071
Spain,2026-06-17,27.81,30.567
Spain,2026-06-18,27.39,30.672
Spain,2026-06-19,27.73,30.797
Spain,2026-06-22,30.67,31.943
Spain,2026-06-23,30.62,32.726
Spain,2026-06-24,30.12,30.993
Spain,2026-06-25,27.83,31.756
Spain,2026-06-26,27.33,31.499
Spain,2026-06-29,27.51,30.611
Spain,2026-06-30,29.26,32.419
Spain,2026-07-01,28.73,31.975
Spain,2026-07-02,27.11,31.438
Spain,2026-07-03,28.20,31.266
Spain,2026-07-06,31.12,32.916
Spain,2026-07-07,30.76,33.572
Spain,2026-07-08,30.42,34.143
Spain,2026-07-09,30.47,33.850
Spain,2026-07-10,28.89,32.890
Spain,2026-07-13,27.43,31.740
Spain,2026-07-14,28.50,33.057
Spain,2026-07-15,29.75,33.945
Spain,2026-07-16,29.13,33.855
Spain,2026-07-17,28.44,33.237
Spain,2026-07-20,29.29,32.767
Spain,2026-07-21,29.74,33.676
Spain,2026-07-22,30.47,33.862
Spain,2026-07-23,30.11,34.302
Spain,2026-07-24,28.61,32.952
Spain,2026-07-27,27.21,30.107
Spain,2026-07-28,29.19,32.148
Spain,2026-07-29,30.25,33.015
Spain,2026-07-30,30.46,33.178
Spain,2026-07-31,30.05,32.357
Sweden,2021-01-01,0.93,16.840
Sweden,2021-01-04,-0.15,20.099
Sweden,2021-01-05,-0.03,20.392
Sweden,2021-01-06,-1.02,20.165
Sweden,2021-01-07,-0.40,20.766
Sweden,2021-01-08,-0.15,19.875
Sweden,2021-01-11,0.41,20.506
Sweden,2021-01-12,-1.42,20.922
Sweden,2021-01-13,-1.71,21.523
Sweden,2021-01-14,-3.12,22.134
Sweden,2021-01-15,-7.30,22.630
Sweden,2021-01-18,-1.54,21.775
Sweden,2021-01-19,-0.75,21.213
Sweden,2021-01-20,1.90,21.062
Sweden,2021-01-21,3.74,19.856
Sweden,2021-01-22,3.09,19.241
Sweden,2021-01-25,-0.44,21.036
Sweden,2021-01-26,-2.45,21.428
Sweden,2021-01-27,-3.15,21.727
Sweden,2021-01-28,-3.60,21.916
Sweden,2021-01-29,-4.05,22.368
Sweden,2021-02-01,-6.32,22.520
Sweden,2021-02-02,-3.34,22.278
Sweden,2021-02-03,-4.96,22.715
Sweden,2021-02-04,-7.76,23.478
Sweden,2021-02-05,-8.24,22.944
Sweden,2021-02-08,-7.59,23.085
Sweden,2021-02-09,-7.44,23.274
Sweden,2021-02-10,-8.71,23.504
Sweden,2021-02-11,-9.38,21.951
Sweden,2021-02-12,-8.86,22.681
Sweden,2021-02-15,-5.65,21.913
Sweden,2021-02-16,-3.74,21.858
Sweden,2021-02-17,-2.45,21.648
Sweden,2021-02-18,-2.39,21.894
Sweden,2021-02-19,1.34,20.397
Sweden,2021-02-22,3.14,19.310
Sweden,2021-02-23,3.72,18.875
Sweden,2021-02-24,6.06,17.688
Sweden,2021-02-25,7.81,17.045
Sweden,2021-02-26,5.22,17.279
Sweden,2021-03-01,3.17,17.745
Sweden,2021-03-02,3.90,17.935
Sweden,2021-03-03,2.49,18.567
Sweden,2021-03-04,0.38,18.811
Sweden,2021-03-05,-1.57,18.996
Sweden,2021-03-08,-1.13,19.661
Sweden,2021-03-09,-0.74,19.890
Sweden,2021-03-10,-2.10,20.132
Sweden,2021-03-11,0.79,20.413
Sweden,2021-03-12,3.11,18.657
Sweden,2021-03-15,1.81,18.381
Sweden,2021-03-16,1.23,18.568
Sweden,2021-03-17,0.62,18.709
Sweden,2021-03-18,0.20,18.941
Sweden,2021-03-19,-1.29,18.676
Sweden,2021-03-22,3.62,17.567
Sweden,2021-03-23,5.80,16.795
Sweden,2021-03-24,6.23,16.528
Sweden,2021-03-25,6.16,16.601
Sweden,2021-03-26,5.90,16.281
Sweden,2021-03-29,7.84,16.368
Sweden,2021-03-30,9.90,15.628
Sweden,2021-03-31,7.29,15.844
Sweden,2021-04-01,4.83,16.032
Sweden,2021-04-02,4.38,15.353
Sweden,2021-04-05,2.72,16.082
Sweden,2021-04-06,3.14,17.196
Sweden,2021-04-07,3.55,17.154
Sweden,2021-04-08,2.55,17.206
Sweden,2021-04-09,4.86,17.312
Sweden,2021-04-12,4.32,17.556
Sweden,2021-04-13,3.50,17.584
Sweden,2021-04-14,2.95,17.405
Sweden,2021-04-15,3.98,16.744
Sweden,2021-04-16,5.29,15.997
Sweden,2021-04-19,8.72,15.079
Sweden,2021-04-20,8.10,14.958
Sweden,2021-04-21,7.23,15.088
Sweden,2021-04-22,3.83,16.669
Sweden,2021-04-23,4.47,16.022
Sweden,2021-04-26,3.00,16.798
Sweden,2021-04-27,4.15,16.359
Sweden,2021-04-28,4.63,16.348
Sweden,2021-04-29,5.20,16.261
Sweden,2021-04-30,5.55,15.889
Sweden,2021-05-03,5.92,15.700
Sweden,2021-05-04,5.57,15.803
Sweden,2021-05-05,4.55,16.539
Sweden,2021-05-06,3.88,17.058
Sweden,2021-05-07,4.16,16.192
Sweden,2021-05-10,13.30,14.830
Sweden,2021-05-11,13.20,14.196
Sweden,2021-05-12,13.52,13.730
Sweden,2021-05-13,14.91,12.760
Sweden,2021-05-14,12.65,12.997
Sweden,2021-05-17,10.67,14.631
Sweden,2021-05-18,11.64,14.292
Sweden,2021-05-19,11.86,13.811
Sweden,2021-05-20,11.03,14.032
Sweden,2021-05-21,10.73,13.754
Sweden,2021-05-24,10.41,14.412
Sweden,2021-05-25,11.24,14.551
Sweden,2021-05-26,9.50,14.608
Sweden,2021-05-27,8.07,15.327
Sweden,2021-05-28,10.95,13.918
Sweden,2021-05-31,13.83,13.432
Sweden,2021-06-01,13.15,13.483
Sweden,2021-06-02,14.69,13.406
Sweden,2021-06-03,15.89,13.357
Sweden,2021-06-04,15.88,12.828
Sweden,2021-06-07,17.94,13.090
Sweden,2021-06-08,16.28,13.325
Sweden,2021-06-09,16.85,13.384
Sweden,2021-06-10,17.82,13.411
Sweden,2021-06-11,18.17,12.950
Sweden,2021-06-14,16.21,13.574
Sweden,2021-06-15,15.28,13.435
Sweden,2021-06-16,15.52,13.573
Sweden,2021-06-17,19.02,13.442
Sweden,2021-06-18,21.70,12.879
Sweden,2021-06-21,19.53,13.637
Sweden,2021-06-22,18.85,13.295
Sweden,2021-06-23,17.36,13.537
Sweden,2021-06-24,17.21,12.999
Sweden,2021-06-25,16.98,11.040
Sweden,2021-06-28,18.75,12.847
Sweden,2021-06-29,19.16,13.036
Sweden,2021-06-30,17.31,13.148
Sweden,2021-07-01,17.56,13.358
Sweden,2021-07-02,19.65,12.871
Sweden,2021-07-05,20.42,13.053
Sweden,2021-07-06,19.94,12.980
Sweden,2021-07-07,18.68,13.153
Sweden,2021-07-08,19.38,12.842
Sweden,2021-07-09,19.82,12.705
Sweden,2021-07-12,19.80,12.501
Sweden,2021-07-13,21.51,12.610
Sweden,2021-07-14,23.30,12.728
Sweden,2021-07-15,23.51,12.394
Sweden,2021-07-16,22.07,11.929
Sweden,2021-07-19,17.56,11.389
Sweden,2021-07-20,17.78,11.281
Sweden,2021-07-21,17.10,11.419
Sweden,2021-07-22,19.20,11.435
Sweden,2021-07-23,17.84,11.439
Sweden,2021-07-26,21.35,11.765
Sweden,2021-07-27,21.93,11.787
Sweden,2021-07-28,19.28,11.995
Sweden,2021-07-29,17.96,11.675
Sweden,2021-07-30,16.34,11.723
Sweden,2021-09-01,14.36,13.259
Sweden,2021-09-02,14.03,13.256
Sweden,2021-09-03,13.42,13.207
Sweden,2021-09-06,13.79,13.672
Sweden,2021-09-07,15.00,13.555
Sweden,2021-09-08,16.94,13.526
Sweden,2021-09-09,17.15,13.732
Sweden,2021-09-10,16.00,13.447
Sweden,2021-09-13,13.29,13.435
Sweden,2021-09-14,11.99,13.848
Sweden,2021-09-15,12.66,13.787
Sweden,2021-09-16,10.92,14.175
Sweden,2021-09-17,10.96,14.138
Sweden,2021-09-20,9.24,14.707
Sweden,2021-09-21,9.15,14.942
Sweden,2021-09-22,11.68,14.350
Sweden,2021-09-23,12.03,14.382
Sweden,2021-09-24,11.01,14.100
Sweden,2021-09-27,12.99,13.538
Sweden,2021-09-28,12.48,14.190
Sweden,2021-09-29,12.05,14.543
Sweden,2021-09-30,11.30,14.550
Sweden,2021-10-01,12.29,13.849
Sweden,2021-10-04,13.31,14.035
Sweden,2021-10-05,11.74,14.128
Sweden,2021-10-06,12.53,14.494
Sweden,2021-10-07,11.93,14.172
Sweden,2021-10-08,11.62,13.786
Sweden,2021-10-11,9.39,14.679
Sweden,2021-10-12,6.78,15.201
Sweden,2021-10-13,5.56,15.755
Sweden,2021-10-14,8.77,15.701
Sweden,2021-10-15,9.52,14.994
Sweden,2021-10-18,4.05,16.656
Sweden,2021-10-19,5.70,16.267
Sweden,2021-10-20,12.27,15.221
Sweden,2021-10-21,9.27,15.693
Sweden,2021-10-22,6.20,16.256
Sweden,2021-10-25,8.01,15.943
Sweden,2021-10-26,8.44,15.802
Sweden,2021-10-27,9.58,15.750
Sweden,2021-10-28,11.46,15.474
Sweden,2021-10-29,9.41,15.111
Sweden,2021-11-01,9.68,15.007
Sweden,2021-11-02,8.29,15.459
Sweden,2021-11-03,7.39,16.091
Sweden,2021-11-04,6.43,16.103
Sweden,2021-11-05,6.04,15.745
Sweden,2021-11-08,2.18,17.966
Sweden,2021-11-09,3.63,17.917
Sweden,2021-11-10,9.38,16.050
Sweden,2021-11-11,6.50,16.589
Sweden,2021-11-12,4.93,16.780
Sweden,2021-11-15,4.68,17.231
Sweden,2021-11-16,5.32,17.265
Sweden,2021-11-17,5.17,17.357
Sweden,2021-11-18,4.80,17.128
Sweden,2021-11-19,8.31,16.455
Sweden,2021-11-22,-0.28,19.224
Sweden,2021-11-23,1.93,18.359
Sweden,2021-11-24,4.52,17.908
Sweden,2021-11-25,4.42,18.276
Sweden,2021-11-26,-1.97,19.793
Sweden,2021-11-29,-3.47,20.646
Sweden,2021-11-30,-4.31,21.404
Sweden,2021-12-01,-5.50,22.179
Sweden,2021-12-02,-3.39,21.727
Sweden,2021-12-03,-4.62,21.798
Sweden,2021-12-06,-9.04,23.176
Sweden,2021-12-07,-8.02,23.352
Sweden,2021-12-08,-3.32,21.697
Sweden,2021-12-09,-0.34,20.557
Sweden,2021-12-10,0.63,20.205
Sweden,2021-12-13,1.42,19.410
Sweden,2021-12-14,3.09,18.503
Sweden,2021-12-15,5.30,18.062
Sweden,2021-12-16,4.58,18.200
Sweden,2021-12-17,2.28,18.117
Sweden,2021-12-20,-1.40,19.797
Sweden,2021-12-21,-5.02,21.196
Sweden,2021-12-22,-4.65,21.392
Sweden,2021-12-23,-1.70,19.576
Sweden,2021-12-24,-5.93,19.102
Sweden,2021-12-27,-4.96,21.050
Sweden,2021-12-28,-1.04,20.279
Sweden,2021-12-29,-0.35,19.672
Sweden,2021-12-30,2.45,18.036
Sweden,2021-12-31,3.36,16.438
Sweden,2022-01-03,3.87,18.479
Sweden,2022-01-04,1.51,19.694
Sweden,2022-01-05,-0.75,20.072
Sweden,2022-01-06,-4.38,19.947
Sweden,2022-01-07,-3.81,20.595
Sweden,2022-01-10,-1.30,20.593
Sweden,2022-01-11,-1.19,20.627
Sweden,2022-01-12,2.34,19.558
Sweden,2022-01-13,6.20,18.348
Sweden,2022-01-14,4.48,18.318
Sweden,2022-01-17,1.44,19.670
Sweden,2022-01-18,1.06,19.557
Sweden,2022-01-19,3.89,18.731
Sweden,2022-01-20,-0.83,20.411
Sweden,2022-01-21,-1.24,20.227
Sweden,2022-01-24,3.15,18.699
Sweden,2022-01-25,0.78,19.164
Sweden,2022-01-26,2.07,18.721
Sweden,2022-01-27,2.85,18.605
Sweden,2022-01-28,1.25,18.573
Sweden,2022-01-31,-2.17,20.644
Sweden,2022-02-01,-2.56,21.347
Sweden,2022-02-02,-3.49,21.386
Sweden,2022-02-03,-1.51,21.143
Sweden,2022-02-04,2.82,19.355
Sweden,2022-02-07,0.27,19.226
Sweden,2022-02-08,2.59,18.623
Sweden,2022-02-09,3.37,18.702
Sweden,2022-02-10,2.49,19.614
Sweden,2022-02-11,-0.66,18.988
Sweden,2022-02-14,3.42,19.032
Sweden,2022-02-15,4.19,18.570
Sweden,2022-02-16,2.74,19.353
Sweden,2022-02-17,1.44,19.463
Sweden,2022-02-18,1.09,18.825
Sweden,2022-02-21,1.44,20.286
Sweden,2022-02-22,-2.43,20.599
Sweden,2022-02-23,-0.05,19.646
Sweden,2022-02-24,3.77,18.894
Sweden,2022-02-25,1.54,18.586
Sweden,2022-02-28,0.77,18.418
Sweden,2022-03-01,1.74,18.818
Sweden,2022-03-02,1.69,18.449
Sweden,2022-03-03,1.02,18.353
Sweden,2022-03-04,-0.58,18.624
Sweden,2022-03-07,1.97,18.014
Sweden,2022-03-08,1.10,18.792
Sweden,2022-03-09,0.70,18.707
Sweden,2022-03-10,1.65,18.555
Sweden,2022-03-11,1.33,17.808
Sweden,2022-03-14,3.45,17.498
Sweden,2022-03-15,2.19,17.804
Sweden,2022-03-16,2.06,17.794
Sweden,2022-03-17,2.90,18.015
Sweden,2022-03-18,4.66,17.155
Sweden,2022-03-21,4.40,16.677
Sweden,2022-03-22,4.23,16.983
Sweden,2022-03-23,4.00,16.498
Sweden,2022-03-24,5.23,16.547
Sweden,2022-03-25,7.26,15.641
Sweden,2022-03-28,6.82,16.324
Sweden,2022-03-29,-0.04,17.619
Sweden,2022-03-30,-1.35,18.373
Sweden,2022-03-31,-1.01,18.248
Sweden,2022-04-01,-1.22,18.024
Sweden,2022-04-04,2.19,17.625
Sweden,2022-04-05,0.32,18.222
Sweden,2022-04-06,1.25,18.088
Sweden,2022-04-07,2.21,17.947
Sweden,2022-04-08,1.73,18.273
Sweden,2022-04-11,4.27,16.908
Sweden,2022-04-12,4.23,16.709
Sweden,2022-04-13,5.96,16.731
Sweden,2022-04-14,5.95,16.758
Sweden,2022-04-15,5.21,14.888
Sweden,2022-04-18,8.15,13.634
Sweden,2022-04-19,8.30,14.656
Sweden,2022-04-20,8.68,14.463
Sweden,2022-04-21,9.69,14.104
Sweden,2022-04-22,9.22,13.674
Sweden,2022-04-25,6.72,15.016
Sweden,2022-04-26,7.11,15.066
Sweden,2022-04-27,5.18,15.660
Sweden,2022-04-28,6.48,15.225
Sweden,2022-04-29,6.00,14.982
Sweden,2022-05-02,9.59,14.192
Sweden,2022-05-03,8.05,14.554
Sweden,2022-05-04,7.56,14.616
Sweden,2022-05-05,10.75,14.291
Sweden,2022-05-06,11.54,13.736
Sweden,2022-05-09,10.40,13.891
Sweden,2022-05-10,11.74,13.924
Sweden,2022-05-11,11.52,14.123
Sweden,2022-05-12,11.33,13.930
Sweden,2022-05-13,11.12,13.656
Sweden,2022-05-16,9.97,13.801
Sweden,2022-05-17,9.62,13.778
Sweden,2022-05-18,12.36,13.476
Sweden,2022-05-19,15.44,13.343
Sweden,2022-05-20,11.31,13.560
Sweden,2022-05-23,11.76,13.525
Sweden,2022-05-24,12.46,13.239
Sweden,2022-05-25,13.21,13.238
Sweden,2022-05-26,11.63,12.511
Sweden,2022-05-27,10.11,12.931
Sweden,2022-05-30,10.65,13.521
Sweden,2022-05-31,10.55,13.663
Sweden,2022-06-01,12.32,13.471
Sweden,2022-06-02,11.10,13.741
Sweden,2022-06-03,13.01,13.207
Sweden,2022-06-06,14.11,11.766
Sweden,2022-06-07,14.49,13.339
Sweden,2022-06-08,14.37,13.388
Sweden,2022-06-09,16.03,13.376
Sweden,2022-06-10,15.83,12.879
Sweden,2022-06-13,14.41,13.333
Sweden,2022-06-14,14.58,13.072
Sweden,2022-06-15,15.13,13.389
Sweden,2022-06-16,15.82,13.189
Sweden,2022-06-17,16.50,12.612
Sweden,2022-06-20,13.69,13.140
Sweden,2022-06-21,15.49,13.051
Sweden,2022-06-22,16.25,13.451
Sweden,2022-06-23,17.73,12.677
Sweden,2022-06-24,19.99,11.002
Sweden,2022-06-27,22.51,13.107
Sweden,2022-06-28,20.62,13.167
Sweden,2022-06-29,18.49,13.216
Sweden,2022-06-30,20.38,13.332
Sweden,2022-07-01,20.07,12.679
Sweden,2022-07-04,17.05,12.671
Sweden,2022-07-05,15.51,13.033
Sweden,2022-07-06,16.07,13.010
Sweden,2022-07-07,15.01,13.076
Sweden,2022-07-08,15.81,12.540
Sweden,2022-07-11,16.13,12.231
Sweden,2022-07-12,18.16,12.200
Sweden,2022-07-13,18.92,12.123
Sweden,2022-07-14,15.79,12.141
Sweden,2022-07-15,14.01,11.918
Sweden,2022-07-18,17.24,11.837
Sweden,2022-07-19,18.42,11.898
Sweden,2022-07-20,21.76,11.837
Sweden,2022-07-21,23.76,11.444
Sweden,2022-07-22,19.14,11.509
Sweden,2022-07-25,18.65,11.924
Sweden,2022-07-26,17.07,11.627
Sweden,2022-07-27,16.00,11.760
Sweden,2022-07-28,15.12,11.509
Sweden,2022-07-29,16.04,11.709
Sweden,2022-09-01,12.43,13.397
Sweden,2022-09-02,11.76,13.114
Sweden,2022-09-05,12.30,13.415
Sweden,2022-09-06,13.49,13.300
Sweden,2022-09-07,12.48,13.292
Sweden,2022-09-08,12.46,13.218
Sweden,2022-09-09,12.95,13.210
Sweden,2022-09-12,13.19,13.191
Sweden,2022-09-13,13.61,13.193
Sweden,2022-09-14,12.96,13.531
Sweden,2022-09-15,11.66,13.094
Sweden,2022-09-16,11.49,12.856
Sweden,2022-09-19,10.39,13.624
Sweden,2022-09-20,9.98,13.647
Sweden,2022-09-21,9.36,13.992
Sweden,2022-09-22,10.44,13.764
Sweden,2022-09-23,11.96,13.334
Sweden,2022-09-26,10.51,13.529
Sweden,2022-09-27,11.21,13.591
Sweden,2022-09-28,11.37,13.476
Sweden,2022-09-29,9.35,13.792
Sweden,2022-09-30,8.81,13.637
Sweden,2022-10-03,9.62,13.516
Sweden,2022-10-04,10.31,13.351
Sweden,2022-10-05,13.35,13.193
Sweden,2022-10-06,13.09,13.157
Sweden,2022-10-07,12.89,12.264
Sweden,2022-10-10,10.66,12.608
Sweden,2022-10-11,9.74,12.789
Sweden,2022-10-12,7.96,13.017
Sweden,2022-10-13,9.90,12.667
Sweden,2022-10-14,9.84,11.918
Sweden,2022-10-17,10.68,12.689
Sweden,2022-10-18,9.18,12.874
Sweden,2022-10-19,5.55,14.011
Sweden,2022-10-20,5.05,15.167
Sweden,2022-10-21,6.67,14.840
Sweden,2022-10-24,9.14,14.687
Sweden,2022-10-25,11.14,14.255
Sweden,2022-10-26,9.87,14.668
Sweden,2022-10-27,11.19,14.088
Sweden,2022-10-28,12.42,13.768
Sweden,2022-10-31,9.47,13.948
Sweden,2022-11-01,9.54,14.519
Sweden,2022-11-02,10.11,14.371
Sweden,2022-11-03,8.79,14.426
Sweden,2022-11-04,8.69,14.048
Sweden,2022-11-07,9.18,14.634
Sweden,2022-11-08,9.30,15.074
Sweden,2022-11-09,10.05,15.266
Sweden,2022-11-10,9.30,14.458
Sweden,2022-11-11,13.09,13.985
Sweden,2022-11-14,7.40,14.983
Sweden,2022-11-15,6.61,15.664
Sweden,2022-11-16,4.69,16.305
Sweden,2022-11-17,2.83,17.044
Sweden,2022-11-18,2.29,17.214
Sweden,2022-11-21,-0.55,18.717
Sweden,2022-11-22,0.60,18.348
Sweden,2022-11-23,2.22,18.390
Sweden,2022-11-24,2.80,17.880
Sweden,2022-11-25,2.39,16.976
Sweden,2022-11-28,3.52,17.215
Sweden,2022-11-29,3.14,17.187
Sweden,2022-11-30,1.63,17.223
Sweden,2022-12-01,1.46,17.334
Sweden,2022-12-02,1.58,17.332
Sweden,2022-12-05,-1.21,18.645
Sweden,2022-12-06,-2.83,19.072
Sweden,2022-12-07,-4.31,19.915
Sweden,2022-12-08,-5.29,20.250
Sweden,2022-12-09,-3.52,19.491
Sweden,2022-12-12,-4.24,20.594
Sweden,2022-12-13,-7.17,20.731
Sweden,2022-12-14,-6.25,20.180
Sweden,2022-12-15,-10.42,21.182
Sweden,2022-12-16,-10.09,21.780
Sweden,2022-12-19,-0.36,19.190
Sweden,2022-12-20,3.41,17.635
Sweden,2022-12-21,3.90,17.241
Sweden,2022-12-22,3.21,16.858
Sweden,2022-12-23,-1.21,17.393
Sweden,2022-12-26,2.71,16.252
Sweden,2022-12-27,1.46,17.522
Sweden,2022-12-28,-0.20,18.121
Sweden,2022-12-29,4.10,16.600
Sweden,2022-12-30,4.35,16.016
Sweden,2023-01-02,2.79,17.257
Sweden,2023-01-03,-0.87,18.473
Sweden,2023-01-04,-0.77,19.743
Sweden,2023-01-05,-0.68,19.348
Sweden,2023-01-06,-2.07,18.294
Sweden,2023-01-09,3.49,17.796
Sweden,2023-01-10,3.09,17.399
Sweden,2023-01-11,4.57,17.123
Sweden,2023-01-12,4.17,16.862
Sweden,2023-01-13,4.02,16.846
Sweden,2023-01-16,2.59,17.827
Sweden,2023-01-17,2.04,17.886
Sweden,2023-01-18,1.57,18.353
Sweden,2023-01-19,-0.35,18.499
Sweden,2023-01-20,-0.34,18.249
Sweden,2023-01-23,-3.03,19.538
Sweden,2023-01-24,1.47,17.968
Sweden,2023-01-25,3.74,17.856
Sweden,2023-01-26,1.73,17.699
Sweden,2023-01-27,-2.51,18.266
Sweden,2023-01-30,3.95,17.448
Sweden,2023-01-31,0.69,18.380
Sweden,2023-02-01,0.16,18.355
Sweden,2023-02-02,-2.34,19.151
Sweden,2023-02-03,-2.70,19.345
Sweden,2023-02-06,-2.28,19.109
Sweden,2023-02-07,1.54,18.407
Sweden,2023-02-08,2.63,18.021
Sweden,2023-02-09,1.88,18.192
Sweden,2023-02-10,1.82,17.573
Sweden,2023-02-13,3.71,16.706
Sweden,2023-02-14,2.28,17.186
Sweden,2023-02-15,1.79,17.663
Sweden,2023-02-16,2.99,17.920
Sweden,2023-02-17,4.15,17.178
Sweden,2023-02-20,1.85,17.661
Sweden,2023-02-21,0.93,17.567
Sweden,2023-02-22,-0.87,18.746
Sweden,2023-02-23,0.78,18.225
Sweden,2023-02-24,-0.24,17.657
Sweden,2023-02-27,1.24,17.295
Sweden,2023-02-28,2.27,16.767
Sweden,2023-03-01,1.56,16.569
Sweden,2023-03-02,2.36,16.764
Sweden,2023-03-03,2.55,16.853
Sweden,2023-03-06,-2.64,18.707
Sweden,2023-03-07,-3.07,19.400
Sweden,2023-03-08,-3.39,19.032
Sweden,2023-03-09,-4.61,19.694
Sweden,2023-03-10,-4.09,19.139
Sweden,2023-03-13,0.67,18.036
Sweden,2023-03-14,3.63,17.453
Sweden,2023-03-15,-0.01,17.357
Sweden,2023-03-16,-0.99,17.750
Sweden,2023-03-17,2.16,17.139
Sweden,2023-03-20,4.27,16.689
Sweden,2023-03-21,2.38,16.954
Sweden,2023-03-22,5.83,15.909
Sweden,2023-03-23,6.78,15.764
Sweden,2023-03-24,6.39,15.794
Sweden,2023-03-27,-2.15,18.447
Sweden,2023-03-28,-2.17,18.286
Sweden,2023-03-29,-3.41,18.229
Sweden,2023-03-30,-1.38,18.242
Sweden,2023-03-31,0.32,17.344
Sweden,2023-04-03,-1.12,17.115
Sweden,2023-04-04,-0.31,16.779
Sweden,2023-04-05,-0.05,16.801
Sweden,2023-04-06,1.32,16.431
Sweden,2023-04-07,2.56,15.287
Sweden,2023-04-10,4.67,13.421
Sweden,2023-04-11,6.12,14.780
Sweden,2023-04-12,7.40,14.544
Sweden,2023-04-13,6.96,15.125
Sweden,2023-04-14,5.82,15.472
Sweden,2023-04-17,6.29,14.658
Sweden,2023-04-18,7.15,14.363
Sweden,2023-04-19,7.33,13.957
Sweden,2023-04-20,8.71,13.969
Sweden,2023-04-21,9.75,13.362
Sweden,2023-04-24,6.92,14.914
Sweden,2023-04-25,6.05,15.111
Sweden,2023-04-26,5.88,15.344
Sweden,2023-04-27,5.02,14.942
Sweden,2023-04-28,5.26,14.486
Sweden,2023-05-01,6.32,13.064
Sweden,2023-05-02,6.78,13.825
Sweden,2023-05-03,6.54,13.913
Sweden,2023-05-04,4.81,14.189
Sweden,2023-05-05,4.39,13.667
Sweden,2023-05-08,9.27,13.529
Sweden,2023-05-09,11.51,12.820
Sweden,2023-05-10,12.71,12.920
Sweden,2023-05-11,13.39,13.019
Sweden,2023-05-12,14.04,12.684
Sweden,2023-05-15,15.13,12.809
Sweden,2023-05-16,11.95,13.114
Sweden,2023-05-17,8.86,13.371
Sweden,2023-05-18,9.48,12.267
Sweden,2023-05-19,11.33,12.223
Sweden,2023-05-22,16.33,12.222
Sweden,2023-05-23,14.50,12.469
Sweden,2023-05-24,15.11,12.269
Sweden,2023-05-25,14.53,12.487
Sweden,2023-05-26,12.46,12.245
Sweden,2023-05-29,12.19,12.692
Sweden,2023-05-30,13.69,12.492
Sweden,2023-05-31,15.27,12.642
Sweden,2023-06-01,12.41,12.829
Sweden,2023-06-02,10.70,12.771
Sweden,2023-06-05,15.38,12.358
Sweden,2023-06-06,15.80,11.504
Sweden,2023-06-07,15.08,12.625
Sweden,2023-06-08,14.91,12.708
Sweden,2023-06-09,14.44,12.278
Sweden,2023-06-12,16.54,12.539
Sweden,2023-06-13,17.97,12.522
Sweden,2023-06-14,18.85,12.462
Sweden,2023-06-15,19.39,12.376
Sweden,2023-06-16,19.34,11.968
Sweden,2023-06-19,17.84,12.661
Sweden,2023-06-20,19.45,12.470
Sweden,2023-06-21,19.81,12.449
Sweden,2023-06-22,20.12,12.229
Sweden,2023-06-23,19.35,10.447
Sweden,2023-06-26,19.09,12.376
Sweden,2023-06-27,18.23,12.474
Sweden,2023-06-28,19.46,12.188
Sweden,2023-06-29,19.95,12.453
Sweden,2023-06-30,18.95,11.962
Sweden,2023-07-03,13.94,12.402
Sweden,2023-07-04,14.79,12.076
Sweden,2023-07-05,16.18,12.121
Sweden,2023-07-06,15.86,12.131
Sweden,2023-07-07,15.97,11.660
Sweden,2023-07-10,17.90,11.630
Sweden,2023-07-11,17.49,11.777
Sweden,2023-07-12,17.34,11.888
Sweden,2023-07-13,16.96,11.061
Sweden,2023-07-14,17.40,11.082
Sweden,2023-07-17,17.12,11.135
Sweden,2023-07-18,16.24,10.988
Sweden,2023-07-19,15.54,10.731
Sweden,2023-07-20,15.14,10.708
Sweden,2023-07-21,15.57,10.809
Sweden,2023-07-24,16.64,11.019
Sweden,2023-07-25,16.14,10.814
Sweden,2023-07-26,15.59,10.852
Sweden,2023-07-27,15.22,10.945
Sweden,2023-07-28,15.06,10.893
Sweden,2023-07-31,14.98,11.228
Sweden,2023-09-01,14.51,12.848
Sweden,2023-09-04,17.55,12.733
Sweden,2023-09-05,17.54,12.636
Sweden,2023-09-06,15.55,12.871
Sweden,2023-09-07,16.41,12.980
Sweden,2023-09-08,17.98,12.658
Sweden,2023-09-11,17.08,12.820
Sweden,2023-09-12,17.80,13.333
Sweden,2023-09-13,14.76,12.894
Sweden,2023-09-14,12.22,12.917
Sweden,2023-09-15,14.17,12.836
Sweden,2023-09-18,14.20,13.220
Sweden,2023-09-19,15.66,13.130
Sweden,2023-09-20,15.93,12.974
Sweden,2023-09-21,18.24,13.016
Sweden,2023-09-22,16.89,12.923
Sweden,2023-09-25,14.19,13.137
Sweden,2023-09-26,15.07,13.235
Sweden,2023-09-27,15.56,13.316
Sweden,2023-09-28,15.19,13.042
Sweden,2023-09-29,15.26,13.127
Sweden,2023-10-02,13.31,13.473
Sweden,2023-10-03,11.89,13.883
Sweden,2023-10-04,11.91,13.660
Sweden,2023-10-05,9.68,13.898
Sweden,2023-10-06,10.25,14.068
Sweden,2023-10-09,6.84,15.340
Sweden,2023-10-10,7.89,15.095
Sweden,2023-10-11,13.10,14.302
Sweden,2023-10-12,10.85,14.526
Sweden,2023-10-13,9.49,14.770
Sweden,2023-10-16,5.80,15.557
Sweden,2023-10-17,7.78,15.481
Sweden,2023-10-18,6.23,15.395
Sweden,2023-10-19,2.94,16.851
Sweden,2023-10-20,3.59,16.122
Sweden,2023-10-23,7.09,15.859
Sweden,2023-10-24,5.60,16.188
Sweden,2023-10-25,4.92,16.579
Sweden,2023-10-26,4.24,16.888
Sweden,2023-10-27,3.53,16.771
Sweden,2023-10-30,5.29,16.556
Sweden,2023-10-31,5.44,16.853
Sweden,2023-11-01,2.42,17.874
Sweden,2023-11-02,4.63,16.890
Sweden,2023-11-03,8.06,16.048
Sweden,2023-11-06,7.18,15.695
Sweden,2023-11-07,6.26,15.990
Sweden,2023-11-08,5.30,16.306
Sweden,2023-11-09,6.23,16.689
Sweden,2023-11-10,6.45,16.647
Sweden,2023-11-13,2.24,18.339
Sweden,2023-11-14,2.35,18.170
Sweden,2023-11-15,1.40,18.468
Sweden,2023-11-16,0.39,18.326
Sweden,2023-11-17,0.64,18.459
Sweden,2023-11-20,0.72,19.147
Sweden,2023-11-21,-0.14,18.895
Sweden,2023-11-22,0.03,19.495
Sweden,2023-11-23,3.87,17.712
Sweden,2023-11-24,0.32,18.118
Sweden,2023-11-27,-4.44,20.541
Sweden,2023-11-28,-5.30,21.613
Sweden,2023-11-29,-4.31,20.562
Sweden,2023-11-30,-2.57,20.472
Sweden,2023-12-01,-2.09,20.446
Sweden,2023-12-04,-7.18,21.499
Sweden,2023-12-05,-6.51,21.735
Sweden,2023-12-06,-6.36,21.773
Sweden,2023-12-07,-2.33,21.089
Sweden,2023-12-08,0.08,19.862
Sweden,2023-12-11,0.89,19.749
Sweden,2023-12-12,-2.17,19.703
Sweden,2023-12-13,-3.27,20.299
Sweden,2023-12-14,-6.37,20.802
Sweden,2023-12-15,-1.92,19.727
Sweden,2023-12-18,4.55,17.347
Sweden,2023-12-19,4.14,17.712
Sweden,2023-12-20,0.96,18.541
Sweden,2023-12-21,1.15,19.309
Sweden,2023-12-22,0.37,19.472
Sweden,2023-12-25,1.46,16.919
Sweden,2023-12-26,-3.66,17.933
Sweden,2023-12-27,-3.13,18.863
Sweden,2023-12-28,0.05,18.044
Sweden,2023-12-29,2.83,17.388
Sweden,2024-01-01,-1.24,18.175
Sweden,2024-01-02,-3.93,20.710
Sweden,2024-01-03,-5.46,21.939
Sweden,2024-01-04,-7.38,22.658
Sweden,2024-01-05,-9.77,22.900
Sweden,2024-01-08,-7.92,22.054
Sweden,2024-01-09,-2.00,21.083
Sweden,2024-01-10,-0.72,20.385
Sweden,2024-01-11,-0.94,20.094
Sweden,2024-01-12,-0.72,19.830
Sweden,2024-01-15,-5.63,21.926
Sweden,2024-01-16,-11.85,23.547
Sweden,2024-01-17,-2.81,22.067
Sweden,2024-01-18,-5.04,22.073
Sweden,2024-01-19,-9.15,22.064
Sweden,2024-01-22,3.64,19.597
Sweden,2024-01-23,3.23,18.706
Sweden,2024-01-24,2.21,18.827
Sweden,2024-01-25,0.54,19.067
Sweden,2024-01-26,0.23,20.050
Sweden,2024-01-29,3.46,18.636
Sweden,2024-01-30,1.88,18.671
Sweden,2024-01-31,2.67,18.926
Sweden,2024-02-01,2.72,19.331
Sweden,2024-02-02,2.08,18.793
Sweden,2024-02-05,-0.57,19.313
Sweden,2024-02-06,-2.16,20.161
Sweden,2024-02-07,-3.41,20.802
Sweden,2024-02-08,-3.75,21.056
Sweden,2024-02-09,-4.18,20.911
Sweden,2024-02-12,-2.11,21.235
Sweden,2024-02-13,-0.09,19.988
Sweden,2024-02-14,0.44,19.775
Sweden,2024-02-15,2.02,19.063
Sweden,2024-02-16,4.37,18.307
Sweden,2024-02-19,1.45,19.226
Sweden,2024-02-20,1.70,18.861
Sweden,2024-02-21,2.50,18.297
Sweden,2024-02-22,3.39,18.756
Sweden,2024-02-23,4.65,18.786
Sweden,2024-02-26,1.75,18.197
Sweden,2024-02-27,1.25,18.255
Sweden,2024-02-28,1.95,18.285
Sweden,2024-02-29,3.24,17.853
Sweden,2024-03-01,4.00,18.085
Sweden,2024-03-04,2.44,17.828
Sweden,2024-03-05,0.94,18.382
Sweden,2024-03-06,0.95,18.360
Sweden,2024-03-07,0.40,17.812
Sweden,2024-03-08,0.25,17.304
Sweden,2024-03-11,1.25,18.571
Sweden,2024-03-12,1.62,18.187
Sweden,2024-03-13,2.57,18.275
Sweden,2024-03-14,6.29,16.989
Sweden,2024-03-15,7.58,16.040
Sweden,2024-03-18,-1.91,18.095
Sweden,2024-03-19,0.22,17.889
Sweden,2024-03-20,2.25,17.743
Sweden,2024-03-21,3.14,17.213
Sweden,2024-03-22,4.37,16.238
Sweden,2024-03-25,1.48,17.442
Sweden,2024-03-26,1.91,17.530
Sweden,2024-03-27,5.48,16.427
Sweden,2024-03-28,6.40,15.595
Sweden,2024-03-29,6.65,14.188
Sweden,2024-04-01,6.18,14.044
Sweden,2024-04-02,1.12,17.669
Sweden,2024-04-03,-0.93,18.561
Sweden,2024-04-04,-0.11,18.021
Sweden,2024-04-05,2.86,16.557
Sweden,2024-04-08,10.53,14.660
Sweden,2024-04-09,10.32,14.473
Sweden,2024-04-10,8.72,14.425
Sweden,2024-04-11,8.15,15.189
Sweden,2024-04-12,9.44,14.959
Sweden,2024-04-15,5.51,15.263
Sweden,2024-04-16,3.98,15.622
Sweden,2024-04-17,3.76,15.639
Sweden,2024-04-18,2.66,16.111
Sweden,2024-04-19,2.00,16.246
Sweden,2024-04-22,0.41,17.068
Sweden,2024-04-23,2.63,15.974
Sweden,2024-04-24,4.00,15.917
Sweden,2024-04-25,2.64,15.739
Sweden,2024-04-26,3.38,15.494
Sweden,2024-04-29,10.48,14.244
Sweden,2024-04-30,11.18,13.223
Sweden,2024-05-01,11.65,11.809
Sweden,2024-05-02,11.82,12.868
Sweden,2024-05-03,12.52,12.773
Sweden,2024-05-06,8.95,14.292
Sweden,2024-05-07,7.28,14.248
Sweden,2024-05-08,6.23,14.709
Sweden,2024-05-09,8.80,13.939
Sweden,2024-05-10,10.35,13.320
Sweden,2024-05-13,14.43,13.023
Sweden,2024-05-14,15.18,12.798
Sweden,2024-05-15,15.89,12.686
Sweden,2024-05-16,16.38,12.536
Sweden,2024-05-17,15.97,12.212
Sweden,2024-05-20,14.76,12.689
Sweden,2024-05-21,14.63,12.851
Sweden,2024-05-22,15.95,12.507
Sweden,2024-05-23,16.85,12.380
Sweden,2024-05-24,16.03,12.445
Sweden,2024-05-27,18.14,12.275
Sweden,2024-05-28,17.76,12.439
Sweden,2024-05-29,16.69,12.561
Sweden,2024-05-30,16.53,12.508
Sweden,2024-05-31,18.55,12.454
Sweden,2024-06-03,18.22,12.057
Sweden,2024-06-04,17.07,12.620
Sweden,2024-06-05,15.72,12.287
Sweden,2024-06-06,13.29,11.538
Sweden,2024-06-07,12.97,11.923
Sweden,2024-06-10,11.66,12.871
Sweden,2024-06-11,12.75,12.769
Sweden,2024-06-12,12.94,13.259
Sweden,2024-06-13,11.73,13.123
Sweden,2024-06-14,12.69,12.707
Sweden,2024-06-17,15.84,12.818
Sweden,2024-06-18,15.36,12.757
Sweden,2024-06-19,14.54,12.697
Sweden,2024-06-20,15.73,12.134
Sweden,2024-06-21,16.29,10.815
Sweden,2024-06-24,17.37,12.186
Sweden,2024-06-25,18.46,12.172
Sweden,2024-06-26,20.20,12.307
Sweden,2024-06-27,21.90,12.169
Sweden,2024-06-28,20.33,12.106
Sweden,2024-07-01,16.27,12.223
Sweden,2024-07-02,16.15,12.593
Sweden,2024-07-03,15.54,12.564
Sweden,2024-07-04,14.39,12.175
Sweden,2024-07-05,13.51,11.993
Sweden,2024-07-08,15.22,11.918
Sweden,2024-07-09,16.21,11.651
Sweden,2024-07-10,17.43,11.390
Sweden,2024-07-11,17.93,11.502
Sweden,2024-07-12,18.72,11.282
Sweden,2024-07-15,17.12,11.200
Sweden,2024-07-16,17.71,11.241
Sweden,2024-07-17,17.75,11.152
Sweden,2024-07-18,17.65,10.957
Sweden,2024-07-19,18.31,10.902
Sweden,2024-07-22,18.58,11.214
Sweden,2024-07-23,18.43,10.995
Sweden,2024-07-24,18.64,11.012
Sweden,2024-07-25,17.88,10.877
Sweden,2024-07-26,18.34,11.179
Sweden,2024-07-29,17.66,10.956
Sweden,2024-07-30,18.12,11.122
Sweden,2024-07-31,17.70,11.066
Sweden,2024-09-02,13.97,13.218
Sweden,2024-09-03,16.77,13.105
Sweden,2024-09-04,19.83,12.964
Sweden,2024-09-05,20.52,13.007
Sweden,2024-09-06,19.11,12.755
Sweden,2024-09-09,19.26,12.704
Sweden,2024-09-10,15.88,12.662
Sweden,2024-09-11,13.12,13.422
Sweden,2024-09-12,12.20,13.144
Sweden,2024-09-13,12.80,13.284
Sweden,2024-09-16,12.28,13.862
Sweden,2024-09-17,13.46,13.545
Sweden,2024-09-18,13.62,13.079
Sweden,2024-09-19,13.91,13.162
Sweden,2024-09-20,14.95,12.405
Sweden,2024-09-23,13.91,13.446
Sweden,2024-09-24,14.68,13.195
Sweden,2024-09-25,14.16,13.150
Sweden,2024-09-26,12.49,13.337
Sweden,2024-09-27,11.04,13.297
Sweden,2024-09-30,8.26,14.388
Sweden,2024-10-01,9.05,14.344
Sweden,2024-10-02,8.30,15.032
Sweden,2024-10-03,8.20,14.956
Sweden,2024-10-04,7.53,14.702
Sweden,2024-10-07,8.94,14.952
Sweden,2024-10-08,11.04,15.073
Sweden,2024-10-09,11.98,14.955
Sweden,2024-10-10,11.99,14.449
Sweden,2024-10-11,8.21,14.384
Sweden,2024-10-14,7.88,14.645
Sweden,2024-10-15,5.04,15.265
Sweden,2024-10-16,6.46,15.197
Sweden,2024-10-17,9.65,14.393
Sweden,2024-10-18,10.99,14.412
Sweden,2024-10-21,13.16,13.955
Sweden,2024-10-22,10.80,14.368
Sweden,2024-10-23,10.42,14.478
Sweden,2024-10-24,10.82,14.427
Sweden,2024-10-25,9.38,14.639
Sweden,2024-10-28,8.60,14.824
Sweden,2024-10-29,7.62,15.438
Sweden,2024-10-30,9.52,15.828
Sweden,2024-10-31,8.90,15.756
Sweden,2024-11-01,9.85,14.846
Sweden,2024-11-04,5.57,16.175
Sweden,2024-11-05,6.93,16.038
Sweden,2024-11-06,6.09,16.087
Sweden,2024-11-07,6.23,15.967
Sweden,2024-11-08,5.45,15.992
Sweden,2024-11-11,5.47,16.534
Sweden,2024-11-12,3.34,16.825
Sweden,2024-11-13,4.45,16.346
Sweden,2024-11-14,4.97,16.153
Sweden,2024-11-15,6.43,15.905
Sweden,2024-11-18,2.38,17.306
Sweden,2024-11-19,-0.41,18.583
Sweden,2024-11-20,0.17,19.402
Sweden,2024-11-21,-2.52,19.863
Sweden,2024-11-22,-4.91,20.069
Sweden,2024-11-25,9.52,16.685
Sweden,2024-11-26,6.86,16.746
Sweden,2024-11-27,5.07,16.988
Sweden,2024-11-28,2.12,17.909
Sweden,2024-11-29,0.74,18.024
Sweden,2024-12-02,5.42,18.055
Sweden,2024-12-03,0.97,18.451
Sweden,2024-12-04,-3.59,19.444
Sweden,2024-12-05,-1.05,19.867
Sweden,2024-12-06,1.86,18.536
Sweden,2024-12-09,-0.11,18.620
Sweden,2024-12-10,-2.18,19.147
Sweden,2024-12-11,-0.81,18.956
Sweden,2024-12-12,-3.04,20.062
Sweden,2024-12-13,-1.29,18.921
Sweden,2024-12-16,5.39,18.031
Sweden,2024-12-17,3.56,18.256
Sweden,2024-12-18,2.94,17.684
Sweden,2024-12-19,5.11,17.787
Sweden,2024-12-20,2.00,18.035
Sweden,2024-12-23,1.94,17.058
Sweden,2024-12-24,1.14,16.625
Sweden,2024-12-25,5.96,14.697
Sweden,2024-12-26,6.76,14.724
Sweden,2024-12-27,5.34,16.075
Sweden,2024-12-30,3.58,16.928
Sweden,2024-12-31,-0.39,17.390
Sweden,2025-01-01,1.51,16.431
Sweden,2025-01-02,-4.04,19.308
Sweden,2025-01-03,-6.35,20.157
Sweden,2025-01-06,-1.70,19.755
Sweden,2025-01-07,2.75,20.020
Sweden,2025-01-08,1.67,20.154
Sweden,2025-01-09,-2.15,20.267
Sweden,2025-01-10,-1.48,20.178
Sweden,2025-01-13,-1.03,20.785
Sweden,2025-01-14,3.65,18.559
Sweden,2025-01-15,1.08,18.503
Sweden,2025-01-16,3.84,17.923
Sweden,2025-01-17,3.93,17.845
Sweden,2025-01-20,0.05,18.957
Sweden,2025-01-21,1.49,19.586
Sweden,2025-01-22,1.95,18.857
Sweden,2025-01-23,1.69,19.401
Sweden,2025-01-24,2.92,19.080
Sweden,2025-01-27,0.91,19.425
Sweden,2025-01-28,2.94,18.437
Sweden,2025-01-29,3.35,18.751
Sweden,2025-01-30,2.29,18.903
Sweden,2025-01-31,1.34,18.578
Sweden,2025-02-03,-0.61,20.538
Sweden,2025-02-04,0.65,20.498
Sweden,2025-02-05,3.45,18.489
Sweden,2025-02-06,0.82,18.829
Sweden,2025-02-07,-0.22,19.061
Sweden,2025-02-10,-1.65,19.272
Sweden,2025-02-11,-1.75,19.533
Sweden,2025-02-12,-2.03,19.947
Sweden,2025-02-13,-1.98,20.383
Sweden,2025-02-14,-3.84,20.140
Sweden,2025-02-17,-3.76,20.362
Sweden,2025-02-18,-3.69,20.437
Sweden,2025-02-19,-5.04,20.675
Sweden,2025-02-20,-3.09,20.027
Sweden,2025-02-21,1.36,19.243
Sweden,2025-02-24,3.52,17.622
Sweden,2025-02-25,4.24,17.549
Sweden,2025-02-26,2.80,17.483
Sweden,2025-02-27,2.17,17.861
Sweden,2025-02-28,0.69,18.008
Sweden,2025-03-03,5.31,17.138
Sweden,2025-03-04,6.00,17.328
Sweden,2025-03-05,7.21,17.022
Sweden,2025-03-06,8.19,16.673
Sweden,2025-03-07,7.02,16.033
Sweden,2025-03-10,3.99,17.094
Sweden,2025-03-11,1.42,18.087
Sweden,2025-03-12,0.65,18.633
Sweden,2025-03-13,-0.19,18.807
Sweden,2025-03-14,-1.03,18.633
Sweden,2025-03-17,0.73,17.755
Sweden,2025-03-18,4.91,16.395
Sweden,2025-03-19,4.79,16.438
Sweden,2025-03-20,3.62,16.407
Sweden,2025-03-21,3.82,15.761
Sweden,2025-03-24,3.79,16.266
Sweden,2025-03-25,5.48,16.511
Sweden,2025-03-26,5.64,15.919
Sweden,2025-03-27,5.65,16.303
Sweden,2025-03-28,8.66,14.907
Sweden,2025-03-31,5.70,15.569
Sweden,2025-04-01,6.22,15.406
Sweden,2025-04-02,8.66,14.928
Sweden,2025-04-03,9.59,14.473
Sweden,2025-04-04,6.64,14.245
Sweden,2025-04-07,6.28,15.434
Sweden,2025-04-08,5.42,15.633
Sweden,2025-04-09,5.46,15.565
Sweden,2025-04-10,4.21,16.039
Sweden,2025-04-11,7.38,14.973
Sweden,2025-04-14,9.81,14.430
Sweden,2025-04-15,9.78,14.143
Sweden,2025-04-16,12.02,14.081
Sweden,2025-04-17,11.72,13.811
Sweden,2025-04-18,10.28,12.972
Sweden,2025-04-21,7.40,13.860
Sweden,2025-04-22,7.74,14.854
Sweden,2025-04-23,8.32,14.626
Sweden,2025-04-24,7.00,14.524
Sweden,2025-04-25,5.83,14.532
Sweden,2025-04-28,11.51,13.743
Sweden,2025-04-29,11.99,13.591
Sweden,2025-04-30,10.60,13.519
Sweden,2025-05-01,9.88,12.305
Sweden,2025-05-02,11.75,12.826
Sweden,2025-05-05,6.96,14.276
Sweden,2025-05-06,8.17,13.944
Sweden,2025-05-07,7.32,13.913
Sweden,2025-05-08,7.98,13.659
Sweden,2025-05-09,7.43,13.850
Sweden,2025-05-12,10.56,13.200
Sweden,2025-05-13,12.65,12.992
Sweden,2025-05-14,9.68,12.964
Sweden,2025-05-15,10.48,12.968
Sweden,2025-05-16,12.10,12.549
Sweden,2025-05-19,14.31,12.425
Sweden,2025-05-20,14.34,12.141
Sweden,2025-05-21,9.45,13.891
Sweden,2025-05-22,6.67,14.447
Sweden,2025-05-23,7.86,13.943
Sweden,2025-05-26,13.11,13.319
Sweden,2025-05-27,12.22,13.457
Sweden,2025-05-28,12.60,13.202
Sweden,2025-05-29,13.56,11.697
Sweden,2025-05-30,13.58,12.188
Sweden,2025-06-02,14.36,13.170
Sweden,2025-06-03,13.98,12.984
Sweden,2025-06-04,15.14,13.195
Sweden,2025-06-05,14.38,12.943
Sweden,2025-06-06,13.82,11.913
Sweden,2025-06-09,12.95,13.178
Sweden,2025-06-10,12.73,13.329
Sweden,2025-06-11,12.37,13.238
Sweden,2025-06-12,13.36,12.804
Sweden,2025-06-13,14.64,12.131
Sweden,2025-06-16,17.65,12.621
Sweden,2025-06-17,17.40,12.563
Sweden,2025-06-18,16.65,12.631
Sweden,2025-06-19,15.10,12.304
Sweden,2025-06-20,15.70,10.638
Sweden,2025-06-23,14.88,13.062
Sweden,2025-06-24,13.98,13.140
Sweden,2025-06-25,15.54,12.826
Sweden,2025-06-26,16.67,12.822
Sweden,2025-06-27,15.58,12.301
Sweden,2025-06-30,16.64,12.445
Sweden,2025-07-01,18.53,12.269
Sweden,2025-07-02,19.80,12.854
Sweden,2025-07-03,16.75,12.283
Sweden,2025-07-04,15.02,12.162
Sweden,2025-07-07,15.68,12.322
Sweden,2025-07-08,14.51,12.325
Sweden,2025-07-09,16.90,12.023
Sweden,2025-07-10,17.46,11.486
Sweden,2025-07-11,17.19,11.707
Sweden,2025-07-14,18.98,11.015
Sweden,2025-07-15,18.63,11.246
Sweden,2025-07-16,19.57,11.233
Sweden,2025-07-17,21.23,11.399
Sweden,2025-07-18,20.91,11.235
Sweden,2025-07-21,21.54,11.555
Sweden,2025-07-22,21.13,11.419
Sweden,2025-07-23,21.24,11.730
Sweden,2025-07-24,21.52,11.666
Sweden,2025-07-25,21.30,11.508
Sweden,2025-07-28,20.37,11.283
Sweden,2025-07-29,19.32,11.005
Sweden,2025-07-30,18.77,11.333
Sweden,2025-07-31,18.13,11.347
Sweden,2025-09-01,17.05,13.142
Sweden,2025-09-02,17.07,13.366
Sweden,2025-09-03,17.71,13.040
Sweden,2025-09-04,18.65,12.853
Sweden,2025-09-05,17.65,12.968
Sweden,2025-09-08,16.56,13.068
Sweden,2025-09-09,17.74,13.044
Sweden,2025-09-10,17.55,13.132
Sweden,2025-09-11,16.98,12.919
Sweden,2025-09-12,15.65,12.731
Sweden,2025-09-15,14.46,12.936
Sweden,2025-09-16,14.28,12.907
Sweden,2025-09-17,14.11,13.003
Sweden,2025-09-18,14.31,13.143
Sweden,2025-09-19,15.74,12.971
Sweden,2025-09-22,11.84,13.201
Sweden,2025-09-23,9.64,13.790
Sweden,2025-09-24,9.38,14.233
Sweden,2025-09-25,10.11,13.905
Sweden,2025-09-26,10.98,13.578
Sweden,2025-09-29,11.09,13.550
Sweden,2025-09-30,9.62,14.092
Sweden,2025-10-01,8.70,14.161
Sweden,2025-10-02,8.77,13.594
Sweden,2025-10-03,9.07,13.125
Sweden,2025-10-06,10.55,13.781
Sweden,2025-10-07,11.38,13.903
Sweden,2025-10-08,12.62,13.616
Sweden,2025-10-09,10.60,14.106
Sweden,2025-10-10,10.60,13.514
Sweden,2025-10-13,6.75,14.944
Sweden,2025-10-14,7.59,14.555
Sweden,2025-10-15,9.56,14.177
Sweden,2025-10-16,8.95,14.098
Sweden,2025-10-17,4.51,15.328
Sweden,2025-10-20,6.67,14.207
Sweden,2025-10-21,9.67,14.595
Sweden,2025-10-22,10.96,14.832
Sweden,2025-10-23,10.68,14.724
Sweden,2025-10-24,10.52,14.111
Sweden,2025-10-27,6.69,15.235
Sweden,2025-10-28,6.16,15.047
Sweden,2025-10-29,6.46,15.540
Sweden,2025-10-30,7.79,15.395
Sweden,2025-10-31,6.26,15.341
Sweden,2025-11-03,7.99,14.801
Sweden,2025-11-04,10.68,14.404
Sweden,2025-11-05,11.42,14.228
Sweden,2025-11-06,10.89,14.501
Sweden,2025-11-07,8.82,14.767
Sweden,2025-11-10,6.30,15.903
Sweden,2025-11-11,6.26,15.800
Sweden,2025-11-12,8.39,15.404
Sweden,2025-11-13,8.26,15.350
Sweden,2025-11-14,1.75,16.711
Sweden,2025-11-17,-0.87,18.539
Sweden,2025-11-18,-1.77,19.140
Sweden,2025-11-19,-1.97,19.862
Sweden,2025-11-20,-1.74,20.061
Sweden,2025-11-21,-2.78,19.514
Sweden,2025-11-24,-0.77,19.155
Sweden,2025-11-25,-1.06,19.385
Sweden,2025-11-26,-2.07,19.686
Sweden,2025-11-27,1.17,18.698
Sweden,2025-11-28,6.60,16.532
Sweden,2025-12-01,5.41,16.980
Sweden,2025-12-02,4.86,17.128
Sweden,2025-12-03,4.08,17.523
Sweden,2025-12-04,4.27,17.498
Sweden,2025-12-05,4.21,17.145
Sweden,2025-12-08,6.68,16.650
Sweden,2025-12-09,6.41,16.517
Sweden,2025-12-10,7.17,16.638
Sweden,2025-12-11,7.29,17.508
Sweden,2025-12-12,4.74,18.151
Sweden,2025-12-15,7.60,16.452
Sweden,2025-12-16,6.31,17.003
Sweden,2025-12-17,5.62,16.821
Sweden,2025-12-18,4.86,16.654
Sweden,2025-12-19,7.06,15.931
Sweden,2025-12-22,0.23,18.328
Sweden,2025-12-23,-0.41,18.647
Sweden,2025-12-24,-2.17,16.994
Sweden,2025-12-25,-0.11,16.712
Sweden,2025-12-26,1.83,15.929
Sweden,2025-12-29,0.00,18.118
Sweden,2025-12-30,-2.19,19.254
Sweden,2025-12-31,-3.71,18.662
Sweden,2026-01-01,0.38,17.034
Sweden,2026-01-02,-1.35,18.886
Sweden,2026-01-05,-6.79,20.642
Sweden,2026-01-06,-4.08,20.280
Sweden,2026-01-07,-4.38,21.559
Sweden,2026-01-08,-1.41,20.666
Sweden,2026-01-09,-3.85,20.705
Sweden,2026-01-12,-5.99,22.989
Sweden,2026-01-13,-1.30,21.118
Sweden,2026-01-14,1.41,20.614
Sweden,2026-01-15,1.47,19.813
Sweden,2026-01-16,2.92,19.169
Sweden,2026-01-19,-0.37,19.651
Sweden,2026-01-20,-1.74,19.819
Sweden,2026-01-21,-1.08,20.682
Sweden,2026-01-22,-1.39,20.276
Sweden,2026-01-23,-2.73,20.320
Sweden,2026-01-26,-4.45,21.390
Sweden,2026-01-27,-4.08,21.030
Sweden,2026-01-28,-5.55,20.829
Sweden,2026-01-29,-5.32,21.839
Sweden,2026-01-30,-4.92,20.925
Sweden,2026-02-02,-7.20,21.687
Sweden,2026-02-03,-8.57,21.490
Sweden,2026-02-04,-5.94,21.420
Sweden,2026-02-05,-4.86,21.338
Sweden,2026-02-06,-5.89,21.747
Sweden,2026-02-09,-6.87,22.019
Sweden,2026-02-10,-6.39,21.329
Sweden,2026-02-11,-4.00,21.468
Sweden,2026-02-12,-5.78,21.763
Sweden,2026-02-13,-7.29,21.304
Sweden,2026-02-16,-6.88,21.650
Sweden,2026-02-17,-5.23,21.487
Sweden,2026-02-18,-7.59,22.017
Sweden,2026-02-19,-8.78,21.623
Sweden,2026-02-20,-6.22,20.778
Sweden,2026-02-23,0.13,19.607
Sweden,2026-02-24,-0.38,19.601
Sweden,2026-02-25,-2.56,20.527
Sweden,2026-02-26,3.22,18.729
Sweden,2026-02-27,5.18,17.344
Sweden,2026-03-02,2.55,17.864
Sweden,2026-03-03,4.77,17.350
Sweden,2026-03-04,3.79,17.075
Sweden,2026-03-05,3.02,17.035
Sweden,2026-03-06,3.84,16.508
Sweden,2026-03-09,5.13,16.371
Sweden,2026-03-10,4.02,16.589
Sweden,2026-03-11,4.71,17.143
Sweden,2026-03-12,6.12,16.237
Sweden,2026-03-13,6.06,16.542
Sweden,2026-03-16,3.09,17.407
Sweden,2026-03-17,3.59,16.682
Sweden,2026-03-18,5.18,16.531
Sweden,2026-03-19,6.43,15.932
Sweden,2026-03-20,4.20,15.639
Sweden,2026-03-23,4.88,15.866
Sweden,2026-03-24,5.07,15.942
Sweden,2026-03-25,6.13,16.180
Sweden,2026-03-26,4.55,16.929
Sweden,2026-03-27,4.51,15.840
Sweden,2026-03-30,4.44,16.726
Sweden,2026-03-31,5.34,16.004
Sweden,2026-04-01,5.65,15.912
Sweden,2026-04-02,6.73,15.862
Sweden,2026-04-03,3.31,15.007
Sweden,2026-04-06,5.93,15.201
Sweden,2026-04-07,5.29,15.488
Sweden,2026-04-08,5.20,15.433
Sweden,2026-04-09,3.51,15.056
Sweden,2026-04-10,3.53,15.228
Sweden,2026-04-13,7.26,14.917
Sweden,2026-04-14,6.90,14.733
Sweden,2026-04-15,7.45,14.960
Sweden,2026-04-16,7.35,14.699
Sweden,2026-04-17,8.52,13.775
Sweden,2026-04-20,6.37,14.051
Sweden,2026-04-21,7.86,14.056
Sweden,2026-04-22,9.10,14.101
Sweden,2026-04-23,9.41,13.857
Sweden,2026-04-24,9.76,13.402
Sweden,2026-04-27,5.86,14.372
Sweden,2026-04-28,6.00,14.270
Sweden,2026-04-29,7.86,14.186
Sweden,2026-04-30,11.49,13.194
Sweden,2026-05-01,13.53,11.705
Sweden,2026-05-04,10.15,13.742
Sweden,2026-05-05,8.70,13.666
Sweden,2026-05-06,7.58,13.988
Sweden,2026-05-07,8.57,13.586
Sweden,2026-05-08,9.76,12.982
Sweden,2026-05-11,9.60,13.443
Sweden,2026-05-12,7.88,14.345
Sweden,2026-05-13,7.22,14.555
Sweden,2026-05-14,8.29,13.352
Sweden,2026-05-15,9.91,13.221
Sweden,2026-05-18,12.01,13.178
Sweden,2026-05-19,11.30,13.101
Sweden,2026-05-20,13.31,12.973
Sweden,2026-05-21,12.87,13.339
Sweden,2026-05-22,14.73,12.617
Sweden,2026-05-25,15.86,11.553
Sweden,2026-05-26,15.03,12.152
Sweden,2026-05-27,12.72,12.667
Sweden,2026-05-28,13.04,12.935
Sweden,2026-05-29,14.65,12.356
Sweden,2026-06-01,15.01,12.766
Sweden,2026-06-02,16.22,12.900
Sweden,2026-06-03,17.40,12.684
Sweden,2026-06-04,15.88,12.862
Sweden,2026-06-05,15.22,12.545
Sweden,2026-06-08,16.53,12.754
Sweden,2026-06-09,15.53,12.891
Sweden,2026-06-10,13.84,12.780
Sweden,2026-06-11,13.93,12.835
Sweden,2026-06-12,14.30,12.322
Sweden,2026-06-15,13.37,13.316
Sweden,2026-06-16,12.85,12.929
Sweden,2026-06-17,15.21,12.726
Sweden,2026-06-18,16.61,12.555
Sweden,2026-06-19,19.14,10.687
Sweden,2026-06-22,17.01,12.376
Sweden,2026-06-23,17.02,12.682
Sweden,2026-06-24,18.93,12.561
Sweden,2026-06-25,19.67,12.819
Sweden,2026-06-26,20.79,12.461
Sweden,2026-06-29,21.39,12.625
Sweden,2026-06-30,19.02,12.336
Sweden,2026-07-01,18.82,12.626
Sweden,2026-07-02,17.39,12.631
Sweden,2026-07-03,15.96,12.151
Sweden,2026-07-06,14.16,11.959
Sweden,2026-07-07,14.60,12.144
Sweden,2026-07-08,14.94,11.655
Sweden,2026-07-09,17.03,11.413
Sweden,2026-07-10,18.50,11.418
Sweden,2026-07-13,19.16,11.129
Sweden,2026-07-14,19.80,11.184
Sweden,2026-07-15,21.97,10.942
Sweden,2026-07-16,22.77,10.959
Sweden,2026-07-17,22.50,10.863
Sweden,2026-07-20,15.57,10.584
Sweden,2026-07-21,16.88,10.460
Sweden,2026-07-22,15.74,10.802
Sweden,2026-07-23,15.85,10.591
Sweden,2026-07-24,17.37,10.774
Sweden,2026-07-27,15.95,10.868
Sweden,2026-07-28,17.16,10.757
Sweden,2026-07-29,19.29,11.099
Sweden,2026-07-30,22.42,11.075
Sweden,2026-07-31,19.16,11.208
